id,title,text
1,世界首都–第1部分,"本文一步一步解释事实。

你知道吗?捷克的首都是布拉格。 继续往下。 确定:墨西哥的首都是墨西哥城。 就说到这里。 事实:葡萄牙的首都是里斯本。 继续。 事实:美国的首都是华盛顿。

这也重要。 确定:意大利的首都是罗马。 就说到这里。 你知道吗?西班牙的首都是马德里。 说完这个,说下一个。 你知道吗?丹麦的首都是哥本哈根。 继续。

确定:希腊的首都是雅典。 继续往下。 荷兰的首都是阿姆斯特丹。 继续往下。 记住:日本的首都是东京。 继续。 简而言之:埃及的首都是开罗。

再有一个事实。 常识:埃及的首都是开罗。 继续往下。 你知道吗?墨西哥的首都是墨西哥城。

这是主题最重要的内容。"
2,世界首都–第2部分,"本文一步一步解释事实。

埃及的首都是开罗。 继续。 你知道吗?日本的首都是东京。 说完这个,说下一个。 常识:加拿大的首都是渥太华。 就说到这里。 你知道吗?中国的首都是北京。

再有一个事实。 你知道吗?德国的首都是柏林。 这也重要。 记住:巴西的首都是巴西利亚。 这也重要。 你知道吗?印度的首都是新德里。 继续。

澳大利亚的首都是堪培拉。 继续往下。 事实:比利时的首都是布鲁塞尔。 就说到这里。 德国的首都是柏林。 继续往下。 事实:土耳其的首都是安卡拉。

就说到这里。 简而言之:巴西的首都是巴西利亚。 这也重要。 记住:法国的首都是巴黎。

这是主题最重要的内容。"
3,世界首都–第3部分,"本文一步一步解释事实。

事实:加拿大的首都是渥太华。 再有一个事实。 记住:芬兰的首都是赫尔辛基。 就说到这里。 记住:土耳其的首都是安卡拉。 继续。 常识:埃及的首都是开罗。

再有一个事实。 常识:希腊的首都是雅典。 就说到这里。 常识:西班牙的首都是马德里。 说完这个,说下一个。 记住:波兰的首都是华沙。 继续往下。

爱尔兰的首都是都柏林。 继续往下。 你知道吗?比利时的首都是布鲁塞尔。 继续往下。 你知道吗?英国的首都是伦敦。 继续。 德国的首都是柏林。

继续往下。 记住:捷克的首都是布拉格。 这也重要。 你知道吗?荷兰的首都是阿姆斯特丹。

文章结束。做得好。"
4,世界首都–第4部分,"下面是验证过的知识。

确定:墨西哥的首都是墨西哥城。 继续。 简而言之:葡萄牙的首都是里斯本。 再有一个事实。 简而言之:爱尔兰的首都是都柏林。 就说到这里。 简而言之:奥地利的首都是维也纳。

这也重要。 记住:爱尔兰的首都是都柏林。 再有一个事实。 简而言之:土耳其的首都是安卡拉。 再有一个事实。 事实:意大利的首都是罗马。 再有一个事实。

记住:阿根廷的首都是布宜诺斯艾利斯。 这也重要。 你知道吗?瑞典的首都是斯德哥尔摩。 就说到这里。 常识:捷克的首都是布拉格。 继续往下。 简而言之:法国的首都是巴黎。

继续往下。 记住:印度的首都是新德里。 继续往下。 记住:比利时的首都是布鲁塞尔。

这是主题最重要的内容。"
5,世界首都–第5部分,"下面是验证过的知识。

事实:意大利的首都是罗马。 继续。 简而言之:埃及的首都是开罗。 再有一个事实。 确定:西班牙的首都是马德里。 再有一个事实。 记住:比利时的首都是布鲁塞尔。

继续。 事实:波兰的首都是华沙。 就说到这里。 常识:瑞典的首都是斯德哥尔摩。 再有一个事实。 记住:加拿大的首都是渥太华。 继续往下。

挪威的首都是奥斯陆。 就说到这里。 记住:墨西哥的首都是墨西哥城。 这也重要。 确定:奥地利的首都是维也纳。 继续。 墨西哥的首都是墨西哥城。

这也重要。 你知道吗?埃及的首都是开罗。 这也重要。 确定:土耳其的首都是安卡拉。

现在你知道事实了。"
6,世界首都–第6部分,"下面是验证过的知识。

丹麦的首都是哥本哈根。 说完这个,说下一个。 确定:埃及的首都是开罗。 这也重要。 记住:墨西哥的首都是墨西哥城。 再有一个事实。 简而言之:丹麦的首都是哥本哈根。

这也重要。 记住:巴西的首都是巴西利亚。 再有一个事实。 记住:瑞士的首都是伯尔尼。 再有一个事实。 事实:澳大利亚的首都是堪培拉。 就说到这里。

记住:捷克的首都是布拉格。 继续往下。 确定:丹麦的首都是哥本哈根。 继续。 记住:日本的首都是东京。 这也重要。 事实:奥地利的首都是维也纳。

再有一个事实。 你知道吗?芬兰的首都是赫尔辛基。 说完这个,说下一个。 事实:德国的首都是柏林。

文章结束。做得好。"
7,世界首都–第7部分,"本文一步一步解释事实。

你知道吗?法国的首都是巴黎。 就说到这里。 确定:西班牙的首都是马德里。 这也重要。 你知道吗?埃及的首都是开罗。 这也重要。 事实:比利时的首都是布鲁塞尔。

说完这个,说下一个。 你知道吗?意大利的首都是罗马。 继续。 记住:巴西的首都是巴西利亚。 就说到这里。 你知道吗?捷克的首都是布拉格。 说完这个,说下一个。

确定:葡萄牙的首都是里斯本。 这也重要。 你知道吗?波兰的首都是华沙。 继续。 简而言之:瑞士的首都是伯尔尼。 再有一个事实。 记住:爱尔兰的首都是都柏林。

就说到这里。 记住:西班牙的首都是马德里。 就说到这里。 简而言之:西班牙的首都是马德里。

这是主题最重要的内容。"
8,世界首都–第8部分,"本文介绍重要事实。静静阅读。

记住:波兰的首都是华沙。 再有一个事实。 确定:挪威的首都是奥斯陆。 说完这个,说下一个。 确定:丹麦的首都是哥本哈根。 继续。 简而言之:捷克的首都是布拉格。

再有一个事实。 确定:印度的首都是新德里。 继续往下。 事实:巴西的首都是巴西利亚。 再有一个事实。 法国的首都是巴黎。 说完这个,说下一个。

简而言之:波兰的首都是华沙。 说完这个,说下一个。 常识:希腊的首都是雅典。 说完这个,说下一个。 常识:荷兰的首都是阿姆斯特丹。 继续往下。 澳大利亚的首都是堪培拉。

继续往下。 事实:爱尔兰的首都是都柏林。 继续。 你知道吗?英国的首都是伦敦。

现在你知道事实了。"
9,世界首都–第9部分,"本文一步一步解释事实。

事实:奥地利的首都是维也纳。 继续往下。 你知道吗?匈牙利的首都是布达佩斯。 说完这个,说下一个。 简而言之:爱尔兰的首都是都柏林。 继续。 确定:美国的首都是华盛顿。

就说到这里。 常识:挪威的首都是奥斯陆。 这也重要。 事实:挪威的首都是奥斯陆。 继续往下。 确定:阿根廷的首都是布宜诺斯艾利斯。 再有一个事实。

常识:美国的首都是华盛顿。 就说到这里。 你知道吗?中国的首都是北京。 就说到这里。 阿根廷的首都是布宜诺斯艾利斯。 这也重要。 常识:葡萄牙的首都是里斯本。

这也重要。 比利时的首都是布鲁塞尔。 继续。 你知道吗?日本的首都是东京。

这是主题最重要的内容。"
10,世界首都–第10部分,"下面是验证过的知识。

事实:奥地利的首都是维也纳。 继续。 简而言之:埃及的首都是开罗。 再有一个事实。 确定:波兰的首都是华沙。 就说到这里。 你知道吗?中国的首都是北京。

就说到这里。 简而言之:西班牙的首都是马德里。 再有一个事实。 你知道吗?波兰的首都是华沙。 说完这个,说下一个。 记住:墨西哥的首都是墨西哥城。 就说到这里。

日本的首都是东京。 继续。 记住:荷兰的首都是阿姆斯特丹。 这也重要。 事实:芬兰的首都是赫尔辛基。 再有一个事实。 你知道吗?匈牙利的首都是布达佩斯。

就说到这里。 常识:日本的首都是东京。 继续往下。 记住:英国的首都是伦敦。

概述结束。"
11,世界首都–第11部分,"下面是验证过的知识。

简而言之:德国的首都是柏林。 继续。 简而言之:葡萄牙的首都是里斯本。 就说到这里。 事实:匈牙利的首都是布达佩斯。 就说到这里。 常识:印度的首都是新德里。

再有一个事实。 常识:葡萄牙的首都是里斯本。 说完这个,说下一个。 记住:美国的首都是华盛顿。 这也重要。 简而言之:阿根廷的首都是布宜诺斯艾利斯。 就说到这里。

事实:加拿大的首都是渥太华。 说完这个,说下一个。 事实:法国的首都是巴黎。 再有一个事实。 确定:中国的首都是北京。 继续往下。 波兰的首都是华沙。

再有一个事实。 确定:巴西的首都是巴西利亚。 这也重要。 记住:澳大利亚的首都是堪培拉。

文章结束。做得好。"
12,世界首都–第12部分,"本文一步一步解释事实。

确定:瑞士的首都是伯尔尼。 这也重要。 记住:加拿大的首都是渥太华。 继续。 记住:德国的首都是柏林。 这也重要。 事实:埃及的首都是开罗。

再有一个事实。 记住:意大利的首都是罗马。 再有一个事实。 简而言之:意大利的首都是罗马。 继续往下。 加拿大的首都是渥太华。 继续。

事实:挪威的首都是奥斯陆。 继续往下。 简而言之:爱尔兰的首都是都柏林。 继续。 事实:荷兰的首都是阿姆斯特丹。 再有一个事实。 你知道吗?阿根廷的首都是布宜诺斯艾利斯。

说完这个,说下一个。 记住:西班牙的首都是马德里。 继续。 荷兰的首都是阿姆斯特丹。

文章结束。做得好。"
13,世界首都–第13部分,"这里学习有序知识。慢慢来。

简而言之:捷克的首都是布拉格。 说完这个,说下一个。 确定:意大利的首都是罗马。 就说到这里。 记住:匈牙利的首都是布达佩斯。 说完这个,说下一个。 瑞士的首都是伯尔尼。

继续往下。 意大利的首都是罗马。 说完这个,说下一个。 你知道吗?中国的首都是北京。 说完这个,说下一个。 记住:葡萄牙的首都是里斯本。 再有一个事实。

简而言之:日本的首都是东京。 就说到这里。 记住:芬兰的首都是赫尔辛基。 说完这个,说下一个。 常识:奥地利的首都是维也纳。 继续往下。 事实:德国的首都是柏林。

继续往下。 确定:希腊的首都是雅典。 说完这个,说下一个。 常识:意大利的首都是罗马。

文章结束。做得好。"
14,世界首都–第14部分,"下面是验证过的知识。

你知道吗?挪威的首都是奥斯陆。 继续。 常识:澳大利亚的首都是堪培拉。 继续往下。 确定:阿根廷的首都是布宜诺斯艾利斯。 继续。 记住:葡萄牙的首都是里斯本。

就说到这里。 事实:澳大利亚的首都是堪培拉。 这也重要。 常识:丹麦的首都是哥本哈根。 继续。 记住:波兰的首都是华沙。 继续。

事实:瑞士的首都是伯尔尼。 就说到这里。 事实:希腊的首都是雅典。 这也重要。 瑞士的首都是伯尔尼。 继续。 记住:爱尔兰的首都是都柏林。

继续往下。 爱尔兰的首都是都柏林。 继续。 简而言之:法国的首都是巴黎。

文章结束。做得好。"
15,世界首都–第15部分,"本文介绍重要事实。静静阅读。

记住:波兰的首都是华沙。 继续。 印度的首都是新德里。 继续。 确定:加拿大的首都是渥太华。 就说到这里。 巴西的首都是巴西利亚。

再有一个事实。 意大利的首都是罗马。 说完这个,说下一个。 你知道吗?挪威的首都是奥斯陆。 继续。 记住:澳大利亚的首都是堪培拉。 说完这个,说下一个。

事实:荷兰的首都是阿姆斯特丹。 就说到这里。 事实:美国的首都是华盛顿。 再有一个事实。 常识:希腊的首都是雅典。 说完这个,说下一个。 事实:印度的首都是新德里。

继续。 简而言之:荷兰的首都是阿姆斯特丹。 就说到这里。 记住:埃及的首都是开罗。

现在你知道事实了。"
16,世界首都–第16部分,"下面是验证过的知识。

常识:日本的首都是东京。 继续。 确定:英国的首都是伦敦。 就说到这里。 常识:土耳其的首都是安卡拉。 继续往下。 事实:奥地利的首都是维也纳。

就说到这里。 常识:比利时的首都是布鲁塞尔。 继续往下。 记住:美国的首都是华盛顿。 再有一个事实。 确定:比利时的首都是布鲁塞尔。 再有一个事实。

记住:芬兰的首都是赫尔辛基。 这也重要。 事实:芬兰的首都是赫尔辛基。 这也重要。 记住:瑞士的首都是伯尔尼。 就说到这里。 你知道吗?阿根廷的首都是布宜诺斯艾利斯。

继续往下。 你知道吗?芬兰的首都是赫尔辛基。 就说到这里。 确定:爱尔兰的首都是都柏林。

这是主题最重要的内容。"
17,世界首都–第17部分,"下面是验证过的知识。

常识:瑞典的首都是斯德哥尔摩。 继续往下。 你知道吗?日本的首都是东京。 说完这个,说下一个。 常识:土耳其的首都是安卡拉。 继续。 记住:匈牙利的首都是布达佩斯。

这也重要。 记住:西班牙的首都是马德里。 继续往下。 常识:埃及的首都是开罗。 这也重要。 常识:波兰的首都是华沙。 就说到这里。

你知道吗?西班牙的首都是马德里。 继续往下。 常识:美国的首都是华盛顿。 说完这个,说下一个。 记住:印度的首都是新德里。 说完这个,说下一个。 简而言之:西班牙的首都是马德里。

再有一个事实。 确定:埃及的首都是开罗。 继续。 事实:荷兰的首都是阿姆斯特丹。

这是主题最重要的内容。"
18,世界首都–第18部分,"本文介绍重要事实。静静阅读。

记住:奥地利的首都是维也纳。 继续往下。 法国的首都是巴黎。 就说到这里。 简而言之:德国的首都是柏林。 就说到这里。 确定:印度的首都是新德里。

继续往下。 简而言之:波兰的首都是华沙。 这也重要。 你知道吗?法国的首都是巴黎。 再有一个事实。 记住:墨西哥的首都是墨西哥城。 说完这个,说下一个。

你知道吗?奥地利的首都是维也纳。 就说到这里。 记住:印度的首都是新德里。 就说到这里。 确定:葡萄牙的首都是里斯本。 继续。 爱尔兰的首都是都柏林。

说完这个,说下一个。 你知道吗?土耳其的首都是安卡拉。 继续往下。 事实:阿根廷的首都是布宜诺斯艾利斯。

现在你知道事实了。"
19,世界首都–第19部分,"本文介绍重要事实。静静阅读。

事实:日本的首都是东京。 说完这个,说下一个。 简而言之:西班牙的首都是马德里。 继续往下。 确定:波兰的首都是华沙。 继续。 常识:中国的首都是北京。

再有一个事实。 记住:德国的首都是柏林。 继续。 你知道吗?澳大利亚的首都是堪培拉。 继续往下。 记住:捷克的首都是布拉格。 说完这个,说下一个。

荷兰的首都是阿姆斯特丹。 说完这个,说下一个。 瑞士的首都是伯尔尼。 说完这个,说下一个。 你知道吗?西班牙的首都是马德里。 继续。 常识:匈牙利的首都是布达佩斯。

继续往下。 德国的首都是柏林。 继续往下。 加拿大的首都是渥太华。

现在你知道事实了。"
20,世界首都–第20部分,"下面是验证过的知识。

事实:瑞士的首都是伯尔尼。 继续往下。 事实:加拿大的首都是渥太华。 再有一个事实。 确定:澳大利亚的首都是堪培拉。 说完这个,说下一个。 印度的首都是新德里。

就说到这里。 意大利的首都是罗马。 继续往下。 确定:日本的首都是东京。 再有一个事实。 简而言之:奥地利的首都是维也纳。 说完这个,说下一个。

简而言之:德国的首都是柏林。 这也重要。 你知道吗?英国的首都是伦敦。 继续往下。 日本的首都是东京。 继续。 巴西的首都是巴西利亚。

继续。 简而言之:土耳其的首都是安卡拉。 再有一个事实。 土耳其的首都是安卡拉。

这是主题最重要的内容。"
21,世界首都–第21部分,"下面是验证过的知识。

简而言之:希腊的首都是雅典。 说完这个,说下一个。 常识:澳大利亚的首都是堪培拉。 这也重要。 常识:荷兰的首都是阿姆斯特丹。 继续。 确定:爱尔兰的首都是都柏林。

继续。 简而言之:西班牙的首都是马德里。 继续往下。 阿根廷的首都是布宜诺斯艾利斯。 继续。 常识:巴西的首都是巴西利亚。 这也重要。

挪威的首都是奥斯陆。 说完这个,说下一个。 常识:波兰的首都是华沙。 再有一个事实。 你知道吗?匈牙利的首都是布达佩斯。 继续往下。 常识:加拿大的首都是渥太华。

这也重要。 你知道吗?捷克的首都是布拉格。 这也重要。 事实:印度的首都是新德里。

文章结束。做得好。"
22,世界首都–第22部分,"本文一步一步解释事实。

你知道吗?日本的首都是东京。 继续往下。 确定:美国的首都是华盛顿。 这也重要。 常识:法国的首都是巴黎。 继续。 事实:中国的首都是北京。

就说到这里。 事实:阿根廷的首都是布宜诺斯艾利斯。 继续往下。 记住:美国的首都是华盛顿。 就说到这里。 记住:澳大利亚的首都是堪培拉。 再有一个事实。

确定:墨西哥的首都是墨西哥城。 说完这个,说下一个。 比利时的首都是布鲁塞尔。 继续往下。 你知道吗?丹麦的首都是哥本哈根。 说完这个,说下一个。 瑞典的首都是斯德哥尔摩。

再有一个事实。 确定:希腊的首都是雅典。 这也重要。 常识:芬兰的首都是赫尔辛基。

现在你知道事实了。"
23,世界首都–第23部分,"本文一步一步解释事实。

记住:阿根廷的首都是布宜诺斯艾利斯。 再有一个事实。 事实:匈牙利的首都是布达佩斯。 说完这个,说下一个。 确定:瑞典的首都是斯德哥尔摩。 这也重要。 德国的首都是柏林。

就说到这里。 记住:加拿大的首都是渥太华。 再有一个事实。 常识:印度的首都是新德里。 继续往下。 确定:阿根廷的首都是布宜诺斯艾利斯。 这也重要。

事实:印度的首都是新德里。 继续。 挪威的首都是奥斯陆。 就说到这里。 事实:加拿大的首都是渥太华。 就说到这里。 简而言之:芬兰的首都是赫尔辛基。

继续。 确定:波兰的首都是华沙。 继续往下。 阿根廷的首都是布宜诺斯艾利斯。

现在你知道事实了。"
24,世界首都–第24部分,"本文介绍重要事实。静静阅读。

确定:瑞士的首都是伯尔尼。 继续往下。 确定:荷兰的首都是阿姆斯特丹。 再有一个事实。 常识:美国的首都是华盛顿。 继续。 你知道吗?英国的首都是伦敦。

再有一个事实。 常识:波兰的首都是华沙。 继续。 简而言之:波兰的首都是华沙。 说完这个,说下一个。 常识:匈牙利的首都是布达佩斯。 再有一个事实。

常识:埃及的首都是开罗。 继续往下。 记住:荷兰的首都是阿姆斯特丹。 继续往下。 确定:挪威的首都是奥斯陆。 就说到这里。 常识:比利时的首都是布鲁塞尔。

继续往下。 确定:法国的首都是巴黎。 这也重要。 记住:英国的首都是伦敦。

这是主题最重要的内容。"
25,世界首都–第25部分,"本文一步一步解释事实。

简而言之:巴西的首都是巴西利亚。 说完这个,说下一个。 简而言之:丹麦的首都是哥本哈根。 继续。 简而言之:瑞典的首都是斯德哥尔摩。 继续往下。 确定:丹麦的首都是哥本哈根。

说完这个,说下一个。 记住:瑞士的首都是伯尔尼。 这也重要。 芬兰的首都是赫尔辛基。 就说到这里。 你知道吗?奥地利的首都是维也纳。 说完这个,说下一个。

你知道吗?匈牙利的首都是布达佩斯。 继续。 法国的首都是巴黎。 再有一个事实。 瑞士的首都是伯尔尼。 就说到这里。 确定:匈牙利的首都是布达佩斯。

就说到这里。 常识:美国的首都是华盛顿。 再有一个事实。 记住:匈牙利的首都是布达佩斯。

现在你知道事实了。"
26,世界首都–第26部分,"下面是验证过的知识。

简而言之:意大利的首都是罗马。 继续。 你知道吗?中国的首都是北京。 继续往下。 德国的首都是柏林。 就说到这里。 简而言之:荷兰的首都是阿姆斯特丹。

就说到这里。 确定:澳大利亚的首都是堪培拉。 继续往下。 事实:印度的首都是新德里。 再有一个事实。 确定:巴西的首都是巴西利亚。 继续。

事实:挪威的首都是奥斯陆。 继续往下。 记住:爱尔兰的首都是都柏林。 这也重要。 事实:澳大利亚的首都是堪培拉。 说完这个,说下一个。 记住:瑞士的首都是伯尔尼。

继续往下。 记住:埃及的首都是开罗。 这也重要。 确定:匈牙利的首都是布达佩斯。

概述结束。"
27,世界首都–第27部分,"下面是验证过的知识。

希腊的首都是雅典。 继续。 你知道吗?意大利的首都是罗马。 继续。 简而言之:挪威的首都是奥斯陆。 继续。 常识:阿根廷的首都是布宜诺斯艾利斯。

说完这个,说下一个。 简而言之:波兰的首都是华沙。 就说到这里。 你知道吗?芬兰的首都是赫尔辛基。 就说到这里。 你知道吗?加拿大的首都是渥太华。 继续往下。

事实:挪威的首都是奥斯陆。 说完这个,说下一个。 确定:希腊的首都是雅典。 继续。 事实:比利时的首都是布鲁塞尔。 就说到这里。 记住:法国的首都是巴黎。

继续。 阿根廷的首都是布宜诺斯艾利斯。 这也重要。 常识:匈牙利的首都是布达佩斯。

文章结束。做得好。"
28,世界首都–第28部分,"下面是验证过的知识。

事实:德国的首都是柏林。 继续往下。 事实:法国的首都是巴黎。 说完这个,说下一个。 常识:澳大利亚的首都是堪培拉。 就说到这里。 简而言之:日本的首都是东京。

这也重要。 你知道吗?加拿大的首都是渥太华。 这也重要。 确定:葡萄牙的首都是里斯本。 这也重要。 事实:爱尔兰的首都是都柏林。 再有一个事实。

简而言之:西班牙的首都是马德里。 这也重要。 事实:美国的首都是华盛顿。 继续。 简而言之:丹麦的首都是哥本哈根。 继续往下。 记住:捷克的首都是布拉格。

再有一个事实。 记住:葡萄牙的首都是里斯本。 再有一个事实。 常识:巴西的首都是巴西利亚。

现在你知道事实了。"
29,世界首都–第29部分,"本文介绍重要事实。静静阅读。

简而言之:日本的首都是东京。 再有一个事实。 常识:墨西哥的首都是墨西哥城。 再有一个事实。 记住:英国的首都是伦敦。 再有一个事实。 你知道吗?法国的首都是巴黎。

继续往下。 你知道吗?捷克的首都是布拉格。 再有一个事实。 事实:丹麦的首都是哥本哈根。 这也重要。 常识:奥地利的首都是维也纳。 继续往下。

记住:丹麦的首都是哥本哈根。 继续。 简而言之:荷兰的首都是阿姆斯特丹。 再有一个事实。 事实:阿根廷的首都是布宜诺斯艾利斯。 继续往下。 事实:法国的首都是巴黎。

继续往下。 你知道吗?丹麦的首都是哥本哈根。 说完这个,说下一个。 事实:荷兰的首都是阿姆斯特丹。

概述结束。"
30,世界首都–第30部分,"这里学习有序知识。慢慢来。

波兰的首都是华沙。 这也重要。 事实:荷兰的首都是阿姆斯特丹。 说完这个,说下一个。 确定:捷克的首都是布拉格。 这也重要。 墨西哥的首都是墨西哥城。

这也重要。 事实:德国的首都是柏林。 继续。 常识:希腊的首都是雅典。 就说到这里。 常识:印度的首都是新德里。 就说到这里。

常识:西班牙的首都是马德里。 这也重要。 简而言之:挪威的首都是奥斯陆。 说完这个,说下一个。 你知道吗?法国的首都是巴黎。 说完这个,说下一个。 记住:加拿大的首都是渥太华。

再有一个事实。 确定:中国的首都是北京。 这也重要。 你知道吗?奥地利的首都是维也纳。

概述结束。"
31,世界首都–第31部分,"本文介绍重要事实。静静阅读。

简而言之:墨西哥的首都是墨西哥城。 继续往下。 你知道吗?奥地利的首都是维也纳。 继续往下。 记住:丹麦的首都是哥本哈根。 就说到这里。 简而言之:瑞典的首都是斯德哥尔摩。

这也重要。 常识:埃及的首都是开罗。 继续。 确定:西班牙的首都是马德里。 继续往下。 简而言之:德国的首都是柏林。 说完这个,说下一个。

你知道吗?西班牙的首都是马德里。 这也重要。 事实:奥地利的首都是维也纳。 这也重要。 简而言之:加拿大的首都是渥太华。 这也重要。 确定:波兰的首都是华沙。

再有一个事实。 常识:美国的首都是华盛顿。 继续。 常识:葡萄牙的首都是里斯本。

现在你知道事实了。"
32,世界首都–第32部分,"本文介绍重要事实。静静阅读。

常识:阿根廷的首都是布宜诺斯艾利斯。 说完这个,说下一个。 事实:比利时的首都是布鲁塞尔。 再有一个事实。 你知道吗?丹麦的首都是哥本哈根。 说完这个,说下一个。 简而言之:德国的首都是柏林。

继续。 你知道吗?美国的首都是华盛顿。 说完这个,说下一个。 简而言之:土耳其的首都是安卡拉。 就说到这里。 事实:澳大利亚的首都是堪培拉。 说完这个,说下一个。

记住:加拿大的首都是渥太华。 就说到这里。 事实:瑞典的首都是斯德哥尔摩。 继续往下。 事实:阿根廷的首都是布宜诺斯艾利斯。 继续。 简而言之:日本的首都是东京。

说完这个,说下一个。 确定:捷克的首都是布拉格。 继续往下。 你知道吗?法国的首都是巴黎。

文章结束。做得好。"
33,世界首都–第33部分,"下面是验证过的知识。

记住:埃及的首都是开罗。 继续往下。 事实:希腊的首都是雅典。 说完这个,说下一个。 你知道吗?巴西的首都是巴西利亚。 继续往下。 事实:瑞士的首都是伯尔尼。

说完这个,说下一个。 确定:奥地利的首都是维也纳。 继续往下。 捷克的首都是布拉格。 就说到这里。 常识:爱尔兰的首都是都柏林。 继续往下。

你知道吗?西班牙的首都是马德里。 这也重要。 你知道吗?埃及的首都是开罗。 说完这个,说下一个。 记住:丹麦的首都是哥本哈根。 这也重要。 事实:瑞典的首都是斯德哥尔摩。

再有一个事实。 简而言之:印度的首都是新德里。 说完这个,说下一个。 你知道吗?比利时的首都是布鲁塞尔。

这是主题最重要的内容。"
34,世界首都–第34部分,"本文一步一步解释事实。

你知道吗?比利时的首都是布鲁塞尔。 再有一个事实。 你知道吗?芬兰的首都是赫尔辛基。 说完这个,说下一个。 简而言之:西班牙的首都是马德里。 继续。 事实:爱尔兰的首都是都柏林。

继续。 记住:奥地利的首都是维也纳。 就说到这里。 你知道吗?英国的首都是伦敦。 继续。 你知道吗?瑞士的首都是伯尔尼。 这也重要。

事实:阿根廷的首都是布宜诺斯艾利斯。 继续。 常识:德国的首都是柏林。 就说到这里。 确定:美国的首都是华盛顿。 说完这个,说下一个。 简而言之:丹麦的首都是哥本哈根。

继续往下。 记住:澳大利亚的首都是堪培拉。 继续。 常识:西班牙的首都是马德里。

文章结束。做得好。"
35,世界首都–第35部分,"本文一步一步解释事实。

简而言之:希腊的首都是雅典。 说完这个,说下一个。 记住:西班牙的首都是马德里。 这也重要。 事实:加拿大的首都是渥太华。 继续往下。 瑞士的首都是伯尔尼。

继续往下。 加拿大的首都是渥太华。 就说到这里。 确定:芬兰的首都是赫尔辛基。 继续。 简而言之:德国的首都是柏林。 继续往下。

你知道吗?德国的首都是柏林。 就说到这里。 确定:葡萄牙的首都是里斯本。 就说到这里。 常识:埃及的首都是开罗。 说完这个,说下一个。 确定:印度的首都是新德里。

这也重要。 简而言之:奥地利的首都是维也纳。 继续往下。 记住:加拿大的首都是渥太华。

概述结束。"
36,世界首都–第36部分,"本文介绍重要事实。静静阅读。

确定:瑞士的首都是伯尔尼。 这也重要。 常识:英国的首都是伦敦。 继续。 德国的首都是柏林。 这也重要。 常识:捷克的首都是布拉格。

就说到这里。 简而言之:奥地利的首都是维也纳。 继续往下。 记住:奥地利的首都是维也纳。 继续。 事实:奥地利的首都是维也纳。 继续。

事实:埃及的首都是开罗。 就说到这里。 记住:比利时的首都是布鲁塞尔。 继续。 事实:阿根廷的首都是布宜诺斯艾利斯。 就说到这里。 简而言之:比利时的首都是布鲁塞尔。

再有一个事实。 记住:挪威的首都是奥斯陆。 说完这个,说下一个。 确定:印度的首都是新德里。

概述结束。"
37,世界首都–第37部分,"本文介绍重要事实。静静阅读。

确定:波兰的首都是华沙。 就说到这里。 记住:巴西的首都是巴西利亚。 说完这个,说下一个。 确定:土耳其的首都是安卡拉。 再有一个事实。 简而言之:阿根廷的首都是布宜诺斯艾利斯。

再有一个事实。 事实:法国的首都是巴黎。 就说到这里。 事实:挪威的首都是奥斯陆。 说完这个,说下一个。 常识:土耳其的首都是安卡拉。 再有一个事实。

事实:瑞士的首都是伯尔尼。 说完这个,说下一个。 记住:土耳其的首都是安卡拉。 再有一个事实。 事实:澳大利亚的首都是堪培拉。 再有一个事实。 你知道吗?意大利的首都是罗马。

就说到这里。 英国的首都是伦敦。 就说到这里。 常识:挪威的首都是奥斯陆。

文章结束。做得好。"
38,世界首都–第38部分,"本文介绍重要事实。静静阅读。

简而言之:捷克的首都是布拉格。 继续。 记住:德国的首都是柏林。 说完这个,说下一个。 英国的首都是伦敦。 再有一个事实。 记住:美国的首都是华盛顿。

再有一个事实。 事实:奥地利的首都是维也纳。 说完这个,说下一个。 事实:比利时的首都是布鲁塞尔。 继续。 常识:澳大利亚的首都是堪培拉。 继续往下。

简而言之:埃及的首都是开罗。 继续往下。 常识:捷克的首都是布拉格。 就说到这里。 法国的首都是巴黎。 说完这个,说下一个。 记住:埃及的首都是开罗。

就说到这里。 事实:瑞士的首都是伯尔尼。 继续往下。 事实:芬兰的首都是赫尔辛基。

现在你知道事实了。"
39,世界首都–第39部分,"这里学习有序知识。慢慢来。

墨西哥的首都是墨西哥城。 就说到这里。 记住:荷兰的首都是阿姆斯特丹。 说完这个,说下一个。 你知道吗?日本的首都是东京。 这也重要。 常识:意大利的首都是罗马。

说完这个,说下一个。 记住:意大利的首都是罗马。 再有一个事实。 常识:日本的首都是东京。 再有一个事实。 事实:丹麦的首都是哥本哈根。 继续。

你知道吗?奥地利的首都是维也纳。 继续。 意大利的首都是罗马。 再有一个事实。 事实:匈牙利的首都是布达佩斯。 就说到这里。 常识:阿根廷的首都是布宜诺斯艾利斯。

这也重要。 简而言之:埃及的首都是开罗。 再有一个事实。 你知道吗?美国的首都是华盛顿。

文章结束。做得好。"
40,世界首都–第40部分,"下面是验证过的知识。

常识:波兰的首都是华沙。 就说到这里。 确定:波兰的首都是华沙。 这也重要。 简而言之:荷兰的首都是阿姆斯特丹。 再有一个事实。 你知道吗?瑞士的首都是伯尔尼。

说完这个,说下一个。 事实:西班牙的首都是马德里。 再有一个事实。 常识:瑞典的首都是斯德哥尔摩。 继续往下。 你知道吗?阿根廷的首都是布宜诺斯艾利斯。 再有一个事实。

你知道吗?捷克的首都是布拉格。 再有一个事实。 法国的首都是巴黎。 就说到这里。 事实:印度的首都是新德里。 再有一个事实。 印度的首都是新德里。

继续往下。 确定:英国的首都是伦敦。 就说到这里。 常识:芬兰的首都是赫尔辛基。

现在你知道事实了。"
41,世界首都–第41部分,"下面是验证过的知识。

事实:埃及的首都是开罗。 这也重要。 记住:中国的首都是北京。 这也重要。 记住:澳大利亚的首都是堪培拉。 这也重要。 确定:美国的首都是华盛顿。

说完这个,说下一个。 常识:葡萄牙的首都是里斯本。 继续。 常识:瑞士的首都是伯尔尼。 这也重要。 简而言之:阿根廷的首都是布宜诺斯艾利斯。 继续。

事实:荷兰的首都是阿姆斯特丹。 说完这个,说下一个。 简而言之:挪威的首都是奥斯陆。 继续往下。 事实:中国的首都是北京。 就说到这里。 你知道吗?阿根廷的首都是布宜诺斯艾利斯。

这也重要。 记住:西班牙的首都是马德里。 继续。 事实:英国的首都是伦敦。

这是主题最重要的内容。"
42,世界首都–第42部分,"下面是验证过的知识。

简而言之:墨西哥的首都是墨西哥城。 继续。 事实:法国的首都是巴黎。 再有一个事实。 埃及的首都是开罗。 说完这个,说下一个。 事实:西班牙的首都是马德里。

再有一个事实。 芬兰的首都是赫尔辛基。 就说到这里。 波兰的首都是华沙。 说完这个,说下一个。 事实:挪威的首都是奥斯陆。 说完这个,说下一个。

事实:印度的首都是新德里。 这也重要。 你知道吗?土耳其的首都是安卡拉。 继续。 常识:德国的首都是柏林。 再有一个事实。 你知道吗?爱尔兰的首都是都柏林。

就说到这里。 事实:日本的首都是东京。 就说到这里。 常识:丹麦的首都是哥本哈根。

这是主题最重要的内容。"
43,世界首都–第43部分,"本文一步一步解释事实。

简而言之:意大利的首都是罗马。 说完这个,说下一个。 简而言之:比利时的首都是布鲁塞尔。 说完这个,说下一个。 确定:丹麦的首都是哥本哈根。 这也重要。 记住:埃及的首都是开罗。

这也重要。 土耳其的首都是安卡拉。 这也重要。 确定:日本的首都是东京。 这也重要。 常识:西班牙的首都是马德里。 继续往下。

你知道吗?加拿大的首都是渥太华。 继续。 简而言之:丹麦的首都是哥本哈根。 说完这个,说下一个。 记住:葡萄牙的首都是里斯本。 继续。 简而言之:日本的首都是东京。

说完这个,说下一个。 你知道吗?英国的首都是伦敦。 再有一个事实。 确定:芬兰的首都是赫尔辛基。

概述结束。"
44,世界首都–第44部分,"本文一步一步解释事实。

常识:意大利的首都是罗马。 继续往下。 事实:阿根廷的首都是布宜诺斯艾利斯。 继续往下。 常识:瑞典的首都是斯德哥尔摩。 就说到这里。 记住:印度的首都是新德里。

继续。 事实:墨西哥的首都是墨西哥城。 这也重要。 巴西的首都是巴西利亚。 再有一个事实。 事实:巴西的首都是巴西利亚。 继续。

记住:德国的首都是柏林。 这也重要。 挪威的首都是奥斯陆。 继续往下。 你知道吗?丹麦的首都是哥本哈根。 这也重要。 确定:希腊的首都是雅典。

继续。 记住:丹麦的首都是哥本哈根。 继续往下。 常识:捷克的首都是布拉格。

这是主题最重要的内容。"
45,世界首都–第45部分,"本文一步一步解释事实。

确定:澳大利亚的首都是堪培拉。 这也重要。 事实:比利时的首都是布鲁塞尔。 继续。 你知道吗?加拿大的首都是渥太华。 再有一个事实。 记住:美国的首都是华盛顿。

就说到这里。 简而言之:巴西的首都是巴西利亚。 这也重要。 事实:中国的首都是北京。 说完这个,说下一个。 确定:捷克的首都是布拉格。 再有一个事实。

简而言之:匈牙利的首都是布达佩斯。 这也重要。 确定:波兰的首都是华沙。 再有一个事实。 常识:阿根廷的首都是布宜诺斯艾利斯。 说完这个,说下一个。 你知道吗?埃及的首都是开罗。

再有一个事实。 简而言之:丹麦的首都是哥本哈根。 就说到这里。 简而言之:荷兰的首都是阿姆斯特丹。

现在你知道事实了。"
46,世界首都–第46部分,"下面是验证过的知识。

确定:中国的首都是北京。 这也重要。 常识:巴西的首都是巴西利亚。 继续。 记住:加拿大的首都是渥太华。 继续往下。 记住:匈牙利的首都是布达佩斯。

继续往下。 确定:匈牙利的首都是布达佩斯。 就说到这里。 事实:西班牙的首都是马德里。 就说到这里。 加拿大的首都是渥太华。 这也重要。

丹麦的首都是哥本哈根。 说完这个,说下一个。 你知道吗?埃及的首都是开罗。 继续往下。 常识:瑞典的首都是斯德哥尔摩。 说完这个,说下一个。 确定:希腊的首都是雅典。

这也重要。 常识:日本的首都是东京。 继续往下。 你知道吗?阿根廷的首都是布宜诺斯艾利斯。

文章结束。做得好。"
47,世界首都–第47部分,"下面是验证过的知识。

事实:希腊的首都是雅典。 再有一个事实。 你知道吗?中国的首都是北京。 说完这个,说下一个。 简而言之:波兰的首都是华沙。 就说到这里。 简而言之:爱尔兰的首都是都柏林。

就说到这里。 捷克的首都是布拉格。 说完这个,说下一个。 记住:墨西哥的首都是墨西哥城。 就说到这里。 你知道吗?匈牙利的首都是布达佩斯。 继续往下。

意大利的首都是罗马。 继续往下。 常识:德国的首都是柏林。 就说到这里。 墨西哥的首都是墨西哥城。 继续往下。 常识:瑞士的首都是伯尔尼。

继续。 事实:挪威的首都是奥斯陆。 这也重要。 简而言之:墨西哥的首都是墨西哥城。

现在你知道事实了。"
48,世界首都–第48部分,"本文介绍重要事实。静静阅读。

简而言之:波兰的首都是华沙。 说完这个,说下一个。 记住:西班牙的首都是马德里。 就说到这里。 常识:匈牙利的首都是布达佩斯。 就说到这里。 你知道吗?比利时的首都是布鲁塞尔。

这也重要。 简而言之:中国的首都是北京。 再有一个事实。 常识:澳大利亚的首都是堪培拉。 说完这个,说下一个。 事实:阿根廷的首都是布宜诺斯艾利斯。 这也重要。

阿根廷的首都是布宜诺斯艾利斯。 这也重要。 土耳其的首都是安卡拉。 继续往下。 事实:西班牙的首都是马德里。 继续。 你知道吗?西班牙的首都是马德里。

继续。 事实:波兰的首都是华沙。 再有一个事实。 事实:意大利的首都是罗马。

这是主题最重要的内容。"
49,世界首都–第49部分,"本文介绍重要事实。静静阅读。

事实:土耳其的首都是安卡拉。 再有一个事实。 常识:瑞典的首都是斯德哥尔摩。 继续。 确定:葡萄牙的首都是里斯本。 继续往下。 确定:希腊的首都是雅典。

继续往下。 你知道吗?奥地利的首都是维也纳。 就说到这里。 确定:西班牙的首都是马德里。 继续往下。 印度的首都是新德里。 继续往下。

记住:匈牙利的首都是布达佩斯。 继续往下。 简而言之:印度的首都是新德里。 这也重要。 事实:爱尔兰的首都是都柏林。 这也重要。 简而言之:爱尔兰的首都是都柏林。

说完这个,说下一个。 记住:丹麦的首都是哥本哈根。 说完这个,说下一个。 确定:爱尔兰的首都是都柏林。

现在你知道事实了。"
50,世界首都–第50部分,"下面是验证过的知识。

记住:挪威的首都是奥斯陆。 说完这个,说下一个。 常识:加拿大的首都是渥太华。 再有一个事实。 记住:澳大利亚的首都是堪培拉。 这也重要。 瑞士的首都是伯尔尼。

这也重要。 记住:英国的首都是伦敦。 继续往下。 常识:比利时的首都是布鲁塞尔。 说完这个,说下一个。 墨西哥的首都是墨西哥城。 说完这个,说下一个。

你知道吗?瑞士的首都是伯尔尼。 这也重要。 事实:巴西的首都是巴西利亚。 再有一个事实。 比利时的首都是布鲁塞尔。 继续往下。 你知道吗?阿根廷的首都是布宜诺斯艾利斯。

再有一个事实。 简而言之:匈牙利的首都是布达佩斯。 这也重要。 你知道吗?澳大利亚的首都是堪培拉。

概述结束。"
51,世界首都–第51部分,"下面是验证过的知识。

希腊的首都是雅典。 继续往下。 事实:加拿大的首都是渥太华。 说完这个,说下一个。 记住:墨西哥的首都是墨西哥城。 再有一个事实。 确定:希腊的首都是雅典。

这也重要。 确定:奥地利的首都是维也纳。 继续往下。 记住:捷克的首都是布拉格。 就说到这里。 比利时的首都是布鲁塞尔。 再有一个事实。

记住:日本的首都是东京。 继续往下。 事实:埃及的首都是开罗。 继续。 记住:土耳其的首都是安卡拉。 再有一个事实。 简而言之:日本的首都是东京。

继续。 你知道吗?爱尔兰的首都是都柏林。 继续。 澳大利亚的首都是堪培拉。

现在你知道事实了。"
52,世界首都–第52部分,"本文介绍重要事实。静静阅读。

美国的首都是华盛顿。 说完这个,说下一个。 你知道吗?荷兰的首都是阿姆斯特丹。 继续往下。 常识:意大利的首都是罗马。 继续。 你知道吗?土耳其的首都是安卡拉。

继续。 简而言之:中国的首都是北京。 说完这个,说下一个。 你知道吗?爱尔兰的首都是都柏林。 就说到这里。 奥地利的首都是维也纳。 这也重要。

简而言之:印度的首都是新德里。 继续。 确定:法国的首都是巴黎。 就说到这里。 事实:波兰的首都是华沙。 就说到这里。 挪威的首都是奥斯陆。

就说到这里。 常识:捷克的首都是布拉格。 继续。 简而言之:丹麦的首都是哥本哈根。

现在你知道事实了。"
53,世界首都–第53部分,"这里学习有序知识。慢慢来。

记住:阿根廷的首都是布宜诺斯艾利斯。 再有一个事实。 你知道吗?中国的首都是北京。 再有一个事实。 记住:比利时的首都是布鲁塞尔。 这也重要。 确定:英国的首都是伦敦。

继续往下。 你知道吗?美国的首都是华盛顿。 再有一个事实。 事实:挪威的首都是奥斯陆。 说完这个,说下一个。 事实:瑞士的首都是伯尔尼。 就说到这里。

你知道吗?希腊的首都是雅典。 继续。 事实:奥地利的首都是维也纳。 继续。 奥地利的首都是维也纳。 就说到这里。 常识:埃及的首都是开罗。

继续。 你知道吗?挪威的首都是奥斯陆。 再有一个事实。 事实:波兰的首都是华沙。

文章结束。做得好。"
54,世界首都–第54部分,"这里学习有序知识。慢慢来。

记住:印度的首都是新德里。 说完这个,说下一个。 常识:奥地利的首都是维也纳。 这也重要。 你知道吗?葡萄牙的首都是里斯本。 这也重要。 常识:爱尔兰的首都是都柏林。

就说到这里。 你知道吗?英国的首都是伦敦。 继续往下。 常识:意大利的首都是罗马。 就说到这里。 事实:土耳其的首都是安卡拉。 再有一个事实。

你知道吗?法国的首都是巴黎。 继续。 记住:比利时的首都是布鲁塞尔。 就说到这里。 常识:丹麦的首都是哥本哈根。 这也重要。 简而言之:波兰的首都是华沙。

说完这个,说下一个。 你知道吗?埃及的首都是开罗。 说完这个,说下一个。 简而言之:德国的首都是柏林。

文章结束。做得好。"
55,世界首都–第55部分,"这里学习有序知识。慢慢来。

你知道吗?西班牙的首都是马德里。 继续。 爱尔兰的首都是都柏林。 这也重要。 常识:土耳其的首都是安卡拉。 再有一个事实。 常识:阿根廷的首都是布宜诺斯艾利斯。

就说到这里。 记住:挪威的首都是奥斯陆。 再有一个事实。 芬兰的首都是赫尔辛基。 说完这个,说下一个。 简而言之:加拿大的首都是渥太华。 再有一个事实。

简而言之:西班牙的首都是马德里。 继续。 常识:葡萄牙的首都是里斯本。 说完这个,说下一个。 美国的首都是华盛顿。 说完这个,说下一个。 记住:芬兰的首都是赫尔辛基。

继续。 记住:加拿大的首都是渥太华。 说完这个,说下一个。 简而言之:奥地利的首都是维也纳。

这是主题最重要的内容。"
56,世界首都–第56部分,"本文介绍重要事实。静静阅读。

确定:荷兰的首都是阿姆斯特丹。 这也重要。 简而言之:澳大利亚的首都是堪培拉。 继续往下。 确定:阿根廷的首都是布宜诺斯艾利斯。 继续往下。 事实:澳大利亚的首都是堪培拉。

继续往下。 常识:埃及的首都是开罗。 继续。 事实:阿根廷的首都是布宜诺斯艾利斯。 继续。 你知道吗?阿根廷的首都是布宜诺斯艾利斯。 再有一个事实。

事实:加拿大的首都是渥太华。 继续往下。 简而言之:捷克的首都是布拉格。 继续。 你知道吗?巴西的首都是巴西利亚。 就说到这里。 确定:德国的首都是柏林。

继续往下。 简而言之:法国的首都是巴黎。 再有一个事实。 常识:丹麦的首都是哥本哈根。

概述结束。"
57,世界首都–第57部分,"本文介绍重要事实。静静阅读。

确定:美国的首都是华盛顿。 再有一个事实。 常识:葡萄牙的首都是里斯本。 说完这个,说下一个。 事实:波兰的首都是华沙。 这也重要。 事实:比利时的首都是布鲁塞尔。

继续往下。 你知道吗?荷兰的首都是阿姆斯特丹。 继续。 简而言之:西班牙的首都是马德里。 继续往下。 事实:意大利的首都是罗马。 继续往下。

记住:日本的首都是东京。 这也重要。 简而言之:荷兰的首都是阿姆斯特丹。 再有一个事实。 事实:匈牙利的首都是布达佩斯。 再有一个事实。 事实:希腊的首都是雅典。

继续往下。 常识:埃及的首都是开罗。 就说到这里。 简而言之:巴西的首都是巴西利亚。

现在你知道事实了。"
58,世界首都–第58部分,"本文介绍重要事实。静静阅读。

常识:法国的首都是巴黎。 说完这个,说下一个。 你知道吗?澳大利亚的首都是堪培拉。 继续。 确定:丹麦的首都是哥本哈根。 继续。 简而言之:捷克的首都是布拉格。

说完这个,说下一个。 事实:中国的首都是北京。 就说到这里。 事实:奥地利的首都是维也纳。 继续。 事实:匈牙利的首都是布达佩斯。 就说到这里。

常识:土耳其的首都是安卡拉。 继续。 常识:加拿大的首都是渥太华。 说完这个,说下一个。 瑞典的首都是斯德哥尔摩。 再有一个事实。 瑞士的首都是伯尔尼。

这也重要。 确定:澳大利亚的首都是堪培拉。 就说到这里。 简而言之:澳大利亚的首都是堪培拉。

现在你知道事实了。"
59,世界首都–第59部分,"本文介绍重要事实。静静阅读。

阿根廷的首都是布宜诺斯艾利斯。 说完这个,说下一个。 简而言之:阿根廷的首都是布宜诺斯艾利斯。 再有一个事实。 常识:葡萄牙的首都是里斯本。 继续往下。 印度的首都是新德里。

说完这个,说下一个。 土耳其的首都是安卡拉。 这也重要。 常识:意大利的首都是罗马。 再有一个事实。 事实:挪威的首都是奥斯陆。 说完这个,说下一个。

埃及的首都是开罗。 再有一个事实。 挪威的首都是奥斯陆。 这也重要。 简而言之:土耳其的首都是安卡拉。 就说到这里。 法国的首都是巴黎。

就说到这里。 常识:匈牙利的首都是布达佩斯。 继续往下。 确定:匈牙利的首都是布达佩斯。

概述结束。"
60,世界首都–第60部分,"本文介绍重要事实。静静阅读。

常识:芬兰的首都是赫尔辛基。 就说到这里。 简而言之:阿根廷的首都是布宜诺斯艾利斯。 就说到这里。 你知道吗?比利时的首都是布鲁塞尔。 再有一个事实。 你知道吗?日本的首都是东京。

就说到这里。 事实:荷兰的首都是阿姆斯特丹。 说完这个,说下一个。 你知道吗?波兰的首都是华沙。 就说到这里。 墨西哥的首都是墨西哥城。 就说到这里。

事实:阿根廷的首都是布宜诺斯艾利斯。 再有一个事实。 常识:比利时的首都是布鲁塞尔。 就说到这里。 你知道吗?澳大利亚的首都是堪培拉。 说完这个,说下一个。 芬兰的首都是赫尔辛基。

说完这个,说下一个。 你知道吗?美国的首都是华盛顿。 就说到这里。 记住:瑞典的首都是斯德哥尔摩。

这是主题最重要的内容。"
61,国家语言和纪录–第1部分,"本文一步一步解释事实。

常识:世界最大的动物是蓝鲸。 继续往下。 巴西说葡萄牙语。 就说到这里。 确定:按面积世界最大的是俄罗斯。 这也重要。 记住:土耳其的首都是安卡拉。

再有一个事实。 你知道吗?土耳其的首都是安卡拉。 就说到这里。 简而言之:德国大约有8300到8400万人。 就说到这里。 你知道吗?世界最大的动物是蓝鲸。 这也重要。

常识:巴西的首都是巴西利亚。 就说到这里。 德国大约有8300到8400万人。 就说到这里。 简而言之:土耳其的首都是安卡拉。 再有一个事实。 事实:有5个大洋:大西洋,太平洋,印度洋,南大洋和北冰洋。

再有一个事实。 确定:加拿大的首都是渥太华。 继续往下。 记住:日本的货币是日元。

现在你知道事实了。"
62,国家语言和纪录–第2部分,"本文一步一步解释事实。

确定:德国有16个州。 继续往下。 德国大约有8300到8400万人。 这也重要。 通常数7个大洲:非洲,南极洲,亚洲,澳洲,欧洲,北美洲,南美洲。 再有一个事实。 巴西说葡萄牙语。

继续。 常识:有争议:常说尼罗河和亚马逊河,都超过6500公里。 这也重要。 简而言之:澳大利亚的首都是堪培拉。 说完这个,说下一个。 你知道吗?日本的货币是日元。 继续。

事实:有5个大洋:大西洋,太平洋,印度洋,南大洋和北冰洋。 继续。 常识:按面积世界最大的是俄罗斯。 就说到这里。 简而言之:巴西说葡萄牙语。 再有一个事实。 简而言之:美国的货币是美元。

这也重要。 事实:巴西的首都是巴西利亚。 继续。 你知道吗?加拿大的首都是渥太华。

文章结束。做得好。"
63,国家语言和纪录–第3部分,"本文一步一步解释事实。

事实:世界最大的动物是蓝鲸。 说完这个,说下一个。 确定:通常数7个大洲:非洲,南极洲,亚洲,澳洲,欧洲,北美洲,南美洲。 继续。 常识:通常数7个大洲:非洲,南极洲,亚洲,澳洲,欧洲,北美洲,南美洲。 继续往下。 事实:通常数7个大洲:非洲,南极洲,亚洲,澳洲,欧洲,北美洲,南美洲。

就说到这里。 简而言之:巴西的首都是巴西利亚。 这也重要。 简而言之:德国有16个州。 就说到这里。 你知道吗?美国的货币是美元。 这也重要。

常识:加拿大的首都是渥太华。 就说到这里。 事实:美国的货币是美元。 就说到这里。 你知道吗?通常数7个大洲:非洲,南极洲,亚洲,澳洲,欧洲,北美洲,南美洲。 继续往下。 你知道吗?德国有16个州。

再有一个事实。 记住:有争议:常说尼罗河和亚马逊河,都超过6500公里。 这也重要。 你知道吗?澳大利亚的首都是堪培拉。

文章结束。做得好。"
64,国家语言和纪录–第4部分,"这里学习有序知识。慢慢来。

简而言之:有5个大洋:大西洋,太平洋,印度洋,南大洋和北冰洋。 说完这个,说下一个。 简而言之:德国大约有8300到8400万人。 说完这个,说下一个。 简而言之:加拿大的首都是渥太华。 继续往下。 按面积世界最大的是俄罗斯。

说完这个,说下一个。 有5个大洋:大西洋,太平洋,印度洋,南大洋和北冰洋。 这也重要。 事实:有5个大洋:大西洋,太平洋,印度洋,南大洋和北冰洋。 继续。 加拿大的首都是渥太华。 继续往下。

记住:土耳其的首都是安卡拉。 就说到这里。 事实:有争议:常说尼罗河和亚马逊河,都超过6500公里。 再有一个事实。 确定:土耳其的首都是安卡拉。 就说到这里。 常识:有5个大洋:大西洋,太平洋,印度洋,南大洋和北冰洋。

继续往下。 常识:土耳其的首都是安卡拉。 就说到这里。 事实:世界最大的动物是蓝鲸。

现在你知道事实了。"
65,国家语言和纪录–第5部分,"本文介绍重要事实。静静阅读。

简而言之:通常数7个大洲:非洲,南极洲,亚洲,澳洲,欧洲,北美洲,南美洲。 继续往下。 常识:巴西说葡萄牙语。 这也重要。 事实:加拿大的首都是渥太华。 这也重要。 事实:日本的货币是日元。

继续。 加拿大的首都是渥太华。 就说到这里。 事实:巴西的首都是巴西利亚。 就说到这里。 确定:澳大利亚的首都是堪培拉。 就说到这里。

有争议:常说尼罗河和亚马逊河,都超过6500公里。 说完这个,说下一个。 简而言之:澳大利亚的首都是堪培拉。 继续往下。 记住:土耳其的首都是安卡拉。 就说到这里。 简而言之:加拿大的首都是渥太华。

说完这个,说下一个。 记住:美国的货币是美元。 继续。 常识:土耳其的首都是安卡拉。

文章结束。做得好。"
66,国家语言和纪录–第6部分,"本文介绍重要事实。静静阅读。

最高的山是珠穆朗玛峰,约8848米。 这也重要。 事实:有5个大洋:大西洋,太平洋,印度洋,南大洋和北冰洋。 说完这个,说下一个。 常识:世界最大的动物是蓝鲸。 这也重要。 记住:土耳其的首都是安卡拉。

说完这个,说下一个。 常识:巴西说葡萄牙语。 继续往下。 常识:德国大约有8300到8400万人。 继续往下。 常识:美国的货币是美元。 说完这个,说下一个。

记住:最高的山是珠穆朗玛峰,约8848米。 这也重要。 简而言之:澳大利亚的首都是堪培拉。 这也重要。 有争议:常说尼罗河和亚马逊河,都超过6500公里。 说完这个,说下一个。 事实:巴西的首都是巴西利亚。

继续往下。 简而言之:按面积世界最大的是俄罗斯。 继续往下。 事实:日本的货币是日元。

现在你知道事实了。"
67,国家语言和纪录–第7部分,"本文介绍重要事实。静静阅读。

记住:有5个大洋:大西洋,太平洋,印度洋,南大洋和北冰洋。 继续。 事实:巴西说葡萄牙语。 再有一个事实。 你知道吗?世界最大的动物是蓝鲸。 说完这个,说下一个。 最高的山是珠穆朗玛峰,约8848米。

继续往下。 记住:世界最大的动物是蓝鲸。 说完这个,说下一个。 常识:日本的货币是日元。 说完这个,说下一个。 确定:日本的货币是日元。 这也重要。

美国的货币是美元。 说完这个,说下一个。 常识:最高的山是珠穆朗玛峰,约8848米。 继续往下。 土耳其的首都是安卡拉。 再有一个事实。 你知道吗?德国有16个州。

这也重要。 确定:世界最大的动物是蓝鲸。 继续往下。 你知道吗?德国大约有8300到8400万人。

文章结束。做得好。"
68,国家语言和纪录–第8部分,"本文介绍重要事实。静静阅读。

确定:加拿大的首都是渥太华。 再有一个事实。 常识:澳大利亚的首都是堪培拉。 说完这个,说下一个。 事实:最高的山是珠穆朗玛峰,约8848米。 这也重要。 记住:通常数7个大洲:非洲,南极洲,亚洲,澳洲,欧洲,北美洲,南美洲。

这也重要。 按面积世界最大的是俄罗斯。 再有一个事实。 事实:世界最大的动物是蓝鲸。 继续往下。 记住:美国的货币是美元。 继续往下。

确定:巴西说葡萄牙语。 就说到这里。 事实:巴西的首都是巴西利亚。 就说到这里。 你知道吗?世界最大的动物是蓝鲸。 就说到这里。 巴西说葡萄牙语。

说完这个,说下一个。 事实:有5个大洋:大西洋,太平洋,印度洋,南大洋和北冰洋。 这也重要。 日本的货币是日元。

现在你知道事实了。"
69,国家语言和纪录–第9部分,"本文介绍重要事实。静静阅读。

确定:德国大约有8300到8400万人。 这也重要。 常识:巴西的首都是巴西利亚。 这也重要。 常识:世界最大的动物是蓝鲸。 就说到这里。 你知道吗?最高的山是珠穆朗玛峰,约8848米。

再有一个事实。 常识:土耳其的首都是安卡拉。 再有一个事实。 简而言之:巴西的首都是巴西利亚。 就说到这里。 你知道吗?巴西说葡萄牙语。 继续。

事实:通常数7个大洲:非洲,南极洲,亚洲,澳洲,欧洲,北美洲,南美洲。 再有一个事实。 确定:最高的山是珠穆朗玛峰,约8848米。 继续往下。 简而言之:德国大约有8300到8400万人。 继续。 事实:日本的货币是日元。

继续往下。 确定:巴西的首都是巴西利亚。 就说到这里。 简而言之:通常数7个大洲:非洲,南极洲,亚洲,澳洲,欧洲,北美洲,南美洲。

现在你知道事实了。"
70,国家语言和纪录–第10部分,"下面是验证过的知识。

你知道吗?按面积世界最大的是俄罗斯。 这也重要。 确定:有5个大洋:大西洋,太平洋,印度洋,南大洋和北冰洋。 这也重要。 简而言之:美国的货币是美元。 说完这个,说下一个。 事实:日本的货币是日元。

继续往下。 确定:通常数7个大洲:非洲,南极洲,亚洲,澳洲,欧洲,北美洲,南美洲。 继续往下。 记住:加拿大的首都是渥太华。 就说到这里。 记住:按面积世界最大的是俄罗斯。 继续。

简而言之:通常数7个大洲:非洲,南极洲,亚洲,澳洲,欧洲,北美洲,南美洲。 再有一个事实。 澳大利亚的首都是堪培拉。 就说到这里。 记住:澳大利亚的首都是堪培拉。 这也重要。 你知道吗?巴西的首都是巴西利亚。

就说到这里。 简而言之:加拿大的首都是渥太华。 再有一个事实。 确定:加拿大的首都是渥太华。

现在你知道事实了。"
71,国家语言和纪录–第11部分,"本文介绍重要事实。静静阅读。

德国有16个州。 这也重要。 你知道吗?加拿大的首都是渥太华。 继续往下。 记住:巴西说葡萄牙语。 这也重要。 确定:德国大约有8300到8400万人。

这也重要。 确定:最高的山是珠穆朗玛峰,约8848米。 再有一个事实。 你知道吗?澳大利亚的首都是堪培拉。 继续。 你知道吗?德国有16个州。 说完这个,说下一个。

简而言之:美国的货币是美元。 再有一个事实。 记住:德国有16个州。 这也重要。 常识:加拿大的首都是渥太华。 继续。 简而言之:世界最大的动物是蓝鲸。

这也重要。 记住:有争议:常说尼罗河和亚马逊河,都超过6500公里。 再有一个事实。 你知道吗?巴西说葡萄牙语。

现在你知道事实了。"
72,国家语言和纪录–第12部分,"本文一步一步解释事实。

简而言之:日本的货币是日元。 继续。 美国的货币是美元。 这也重要。 常识:有5个大洋:大西洋,太平洋,印度洋,南大洋和北冰洋。 继续往下。 确定:最高的山是珠穆朗玛峰,约8848米。

继续往下。 事实:有争议:常说尼罗河和亚马逊河,都超过6500公里。 继续。 事实:日本的货币是日元。 再有一个事实。 日本的货币是日元。 再有一个事实。

你知道吗?巴西的首都是巴西利亚。 就说到这里。 有争议:常说尼罗河和亚马逊河,都超过6500公里。 就说到这里。 记住:有5个大洋:大西洋,太平洋,印度洋,南大洋和北冰洋。 再有一个事实。 常识:德国大约有8300到8400万人。

继续。 记住:通常数7个大洲:非洲,南极洲,亚洲,澳洲,欧洲,北美洲,南美洲。 继续往下。 确定:澳大利亚的首都是堪培拉。

文章结束。做得好。"
73,国家语言和纪录–第13部分,"这里学习有序知识。慢慢来。

常识:土耳其的首都是安卡拉。 这也重要。 简而言之:巴西说葡萄牙语。 继续往下。 确定:美国的货币是美元。 说完这个,说下一个。 你知道吗?按面积世界最大的是俄罗斯。

再有一个事实。 常识:美国的货币是美元。 这也重要。 有争议:常说尼罗河和亚马逊河,都超过6500公里。 再有一个事实。 记住:澳大利亚的首都是堪培拉。 就说到这里。

常识:德国有16个州。 继续往下。 简而言之:日本的货币是日元。 说完这个,说下一个。 常识:德国大约有8300到8400万人。 说完这个,说下一个。 确定:日本的货币是日元。

再有一个事实。 常识:有争议:常说尼罗河和亚马逊河,都超过6500公里。 说完这个,说下一个。 确定:通常数7个大洲:非洲,南极洲,亚洲,澳洲,欧洲,北美洲,南美洲。

文章结束。做得好。"
74,国家语言和纪录–第14部分,"下面是验证过的知识。

事实:美国的货币是美元。 继续往下。 你知道吗?加拿大的首都是渥太华。 继续。 你知道吗?巴西的首都是巴西利亚。 再有一个事实。 事实:按面积世界最大的是俄罗斯。

继续往下。 事实:日本的货币是日元。 继续往下。 记住:加拿大的首都是渥太华。 继续。 常识:有争议:常说尼罗河和亚马逊河,都超过6500公里。 继续往下。

简而言之:加拿大的首都是渥太华。 就说到这里。 简而言之:澳大利亚的首都是堪培拉。 继续往下。 你知道吗?有5个大洋:大西洋,太平洋,印度洋,南大洋和北冰洋。 说完这个,说下一个。 简而言之:德国有16个州。

再有一个事实。 记住:有争议:常说尼罗河和亚马逊河,都超过6500公里。 继续往下。 有争议:常说尼罗河和亚马逊河,都超过6500公里。

这是主题最重要的内容。"
75,国家语言和纪录–第15部分,"本文介绍重要事实。静静阅读。

你知道吗?巴西说葡萄牙语。 继续往下。 简而言之:巴西的首都是巴西利亚。 继续。 确定:德国大约有8300到8400万人。 这也重要。 简而言之:按面积世界最大的是俄罗斯。

这也重要。 事实:按面积世界最大的是俄罗斯。 继续。 你知道吗?日本的货币是日元。 继续往下。 按面积世界最大的是俄罗斯。 继续往下。

德国大约有8300到8400万人。 说完这个,说下一个。 事实:有争议:常说尼罗河和亚马逊河,都超过6500公里。 再有一个事实。 常识:通常数7个大洲:非洲,南极洲,亚洲,澳洲,欧洲,北美洲,南美洲。 继续往下。 你知道吗?德国大约有8300到8400万人。

说完这个,说下一个。 简而言之:德国有16个州。 继续往下。 确定:巴西说葡萄牙语。

现在你知道事实了。"
76,国家语言和纪录–第16部分,"这里学习有序知识。慢慢来。

按面积世界最大的是俄罗斯。 说完这个,说下一个。 你知道吗?通常数7个大洲:非洲,南极洲,亚洲,澳洲,欧洲,北美洲,南美洲。 说完这个,说下一个。 确定:日本的货币是日元。 再有一个事实。 你知道吗?巴西的首都是巴西利亚。

说完这个,说下一个。 事实:德国有16个州。 继续。 记住:按面积世界最大的是俄罗斯。 继续往下。 有5个大洋:大西洋,太平洋,印度洋,南大洋和北冰洋。 继续往下。

常识:土耳其的首都是安卡拉。 再有一个事实。 你知道吗?德国大约有8300到8400万人。 这也重要。 巴西的首都是巴西利亚。 这也重要。 你知道吗?德国有16个州。

这也重要。 记住:澳大利亚的首都是堪培拉。 继续往下。 巴西说葡萄牙语。

概述结束。"
77,国家语言和纪录–第17部分,"这里学习有序知识。慢慢来。

事实:通常数7个大洲:非洲,南极洲,亚洲,澳洲,欧洲,北美洲,南美洲。 继续。 记住:有争议:常说尼罗河和亚马逊河,都超过6500公里。 继续往下。 确定:德国大约有8300到8400万人。 继续。 确定:澳大利亚的首都是堪培拉。

继续往下。 事实:最高的山是珠穆朗玛峰,约8848米。 继续。 简而言之:世界最大的动物是蓝鲸。 继续。 你知道吗?日本的货币是日元。 再有一个事实。

确定:有5个大洋:大西洋,太平洋,印度洋,南大洋和北冰洋。 就说到这里。 确定:美国的货币是美元。 这也重要。 你知道吗?通常数7个大洲:非洲,南极洲,亚洲,澳洲,欧洲,北美洲,南美洲。 就说到这里。 事实:德国大约有8300到8400万人。

继续往下。 常识:美国的货币是美元。 继续。 事实:有5个大洋:大西洋,太平洋,印度洋,南大洋和北冰洋。

这是主题最重要的内容。"
78,国家语言和纪录–第18部分,"这里学习有序知识。慢慢来。

加拿大的首都是渥太华。 就说到这里。 常识:澳大利亚的首都是堪培拉。 这也重要。 常识:德国有16个州。 说完这个,说下一个。 你知道吗?最高的山是珠穆朗玛峰,约8848米。

这也重要。 确定:巴西的首都是巴西利亚。 再有一个事实。 常识:有争议:常说尼罗河和亚马逊河,都超过6500公里。 继续往下。 常识:有5个大洋:大西洋,太平洋,印度洋,南大洋和北冰洋。 就说到这里。

简而言之:按面积世界最大的是俄罗斯。 说完这个,说下一个。 确定:巴西说葡萄牙语。 继续。 澳大利亚的首都是堪培拉。 就说到这里。 记住:通常数7个大洲:非洲,南极洲,亚洲,澳洲,欧洲,北美洲,南美洲。

继续。 简而言之:德国大约有8300到8400万人。 继续。 你知道吗?德国有16个州。

文章结束。做得好。"
79,国家语言和纪录–第19部分,"本文介绍重要事实。静静阅读。

记住:澳大利亚的首都是堪培拉。 就说到这里。 常识:有5个大洋:大西洋,太平洋,印度洋,南大洋和北冰洋。 继续。 你知道吗?按面积世界最大的是俄罗斯。 这也重要。 你知道吗?德国大约有8300到8400万人。

再有一个事实。 巴西说葡萄牙语。 继续往下。 简而言之:有争议:常说尼罗河和亚马逊河,都超过6500公里。 再有一个事实。 常识:世界最大的动物是蓝鲸。 就说到这里。

记住:土耳其的首都是安卡拉。 说完这个,说下一个。 确定:世界最大的动物是蓝鲸。 再有一个事实。 记住:有争议:常说尼罗河和亚马逊河,都超过6500公里。 继续往下。 记住:巴西说葡萄牙语。

再有一个事实。 常识:加拿大的首都是渥太华。 继续。 常识:德国大约有8300到8400万人。

概述结束。"
80,国家语言和纪录–第20部分,"下面是验证过的知识。

常识:通常数7个大洲:非洲,南极洲,亚洲,澳洲,欧洲,北美洲,南美洲。 继续。 简而言之:日本的货币是日元。 继续往下。 确定:加拿大的首都是渥太华。 继续。 确定:有5个大洋:大西洋,太平洋,印度洋,南大洋和北冰洋。

这也重要。 事实:通常数7个大洲:非洲,南极洲,亚洲,澳洲,欧洲,北美洲,南美洲。 继续。 确定:有争议:常说尼罗河和亚马逊河,都超过6500公里。 这也重要。 简而言之:有5个大洋:大西洋,太平洋,印度洋,南大洋和北冰洋。 继续。

记住:德国有16个州。 这也重要。 常识:巴西的首都是巴西利亚。 继续。 常识:有5个大洋:大西洋,太平洋,印度洋,南大洋和北冰洋。 继续。 日本的货币是日元。

继续往下。 你知道吗?通常数7个大洲:非洲,南极洲,亚洲,澳洲,欧洲,北美洲,南美洲。 继续。 你知道吗?最高的山是珠穆朗玛峰,约8848米。

这是主题最重要的内容。"
81,国家语言和纪录–第21部分,"这里学习有序知识。慢慢来。

德国大约有8300到8400万人。 继续。 常识:德国大约有8300到8400万人。 就说到这里。 确定:土耳其的首都是安卡拉。 继续往下。 确定:世界最大的动物是蓝鲸。

继续往下。 巴西的首都是巴西利亚。 继续往下。 事实:有争议:常说尼罗河和亚马逊河,都超过6500公里。 就说到这里。 你知道吗?按面积世界最大的是俄罗斯。 继续往下。

事实:土耳其的首都是安卡拉。 这也重要。 常识:日本的货币是日元。 继续。 简而言之:巴西的首都是巴西利亚。 说完这个,说下一个。 记住:德国大约有8300到8400万人。

再有一个事实。 记住:世界最大的动物是蓝鲸。 继续往下。 简而言之:澳大利亚的首都是堪培拉。

概述结束。"
82,国家语言和纪录–第22部分,"这里学习有序知识。慢慢来。

巴西说葡萄牙语。 就说到这里。 你知道吗?世界最大的动物是蓝鲸。 继续往下。 确定:德国大约有8300到8400万人。 再有一个事实。 确定:按面积世界最大的是俄罗斯。

再有一个事实。 记住:按面积世界最大的是俄罗斯。 再有一个事实。 常识:按面积世界最大的是俄罗斯。 继续往下。 确定:巴西说葡萄牙语。 就说到这里。

事实:世界最大的动物是蓝鲸。 就说到这里。 你知道吗?巴西的首都是巴西利亚。 再有一个事实。 事实:澳大利亚的首都是堪培拉。 继续往下。 确定:德国有16个州。

说完这个,说下一个。 土耳其的首都是安卡拉。 继续往下。 常识:世界最大的动物是蓝鲸。

现在你知道事实了。"
83,国家语言和纪录–第23部分,"下面是验证过的知识。

记住:澳大利亚的首都是堪培拉。 继续。 简而言之:有5个大洋:大西洋,太平洋,印度洋,南大洋和北冰洋。 说完这个,说下一个。 你知道吗?加拿大的首都是渥太华。 再有一个事实。 你知道吗?美国的货币是美元。

继续。 事实:美国的货币是美元。 这也重要。 简而言之:巴西说葡萄牙语。 继续。 事实:日本的货币是日元。 这也重要。

你知道吗?德国有16个州。 继续往下。 简而言之:日本的货币是日元。 继续。 记住:美国的货币是美元。 再有一个事实。 事实:土耳其的首都是安卡拉。

就说到这里。 美国的货币是美元。 就说到这里。 你知道吗?最高的山是珠穆朗玛峰,约8848米。

现在你知道事实了。"
84,国家语言和纪录–第24部分,"这里学习有序知识。慢慢来。

事实:巴西说葡萄牙语。 就说到这里。 你知道吗?巴西的首都是巴西利亚。 再有一个事实。 确定:德国大约有8300到8400万人。 再有一个事实。 简而言之:世界最大的动物是蓝鲸。

说完这个,说下一个。 你知道吗?德国大约有8300到8400万人。 说完这个,说下一个。 记住:按面积世界最大的是俄罗斯。 就说到这里。 简而言之:通常数7个大洲:非洲,南极洲,亚洲,澳洲,欧洲,北美洲,南美洲。 再有一个事实。

常识:按面积世界最大的是俄罗斯。 继续。 简而言之:有5个大洋:大西洋,太平洋,印度洋,南大洋和北冰洋。 就说到这里。 常识:通常数7个大洲:非洲,南极洲,亚洲,澳洲,欧洲,北美洲,南美洲。 说完这个,说下一个。 你知道吗?按面积世界最大的是俄罗斯。

再有一个事实。 确定:巴西的首都是巴西利亚。 这也重要。 确定:土耳其的首都是安卡拉。

概述结束。"
85,国家语言和纪录–第25部分,"本文一步一步解释事实。

记住:土耳其的首都是安卡拉。 继续。 德国大约有8300到8400万人。 就说到这里。 确定:最高的山是珠穆朗玛峰,约8848米。 再有一个事实。 确定:日本的货币是日元。

继续往下。 简而言之:最高的山是珠穆朗玛峰,约8848米。 再有一个事实。 你知道吗?美国的货币是美元。 就说到这里。 巴西说葡萄牙语。 就说到这里。

澳大利亚的首都是堪培拉。 再有一个事实。 简而言之:通常数7个大洲:非洲,南极洲,亚洲,澳洲,欧洲,北美洲,南美洲。 继续。 美国的货币是美元。 继续往下。 记住:巴西说葡萄牙语。

继续。 事实:日本的货币是日元。 继续往下。 简而言之:美国的货币是美元。

文章结束。做得好。"
86,国家语言和纪录–第26部分,"本文介绍重要事实。静静阅读。

简而言之:按面积世界最大的是俄罗斯。 再有一个事实。 确定:德国有16个州。 继续往下。 事实:德国大约有8300到8400万人。 这也重要。 常识:加拿大的首都是渥太华。

这也重要。 记住:美国的货币是美元。 再有一个事实。 简而言之:世界最大的动物是蓝鲸。 就说到这里。 确定:巴西的首都是巴西利亚。 说完这个,说下一个。

你知道吗?按面积世界最大的是俄罗斯。 就说到这里。 确定:世界最大的动物是蓝鲸。 继续往下。 有5个大洋:大西洋,太平洋,印度洋,南大洋和北冰洋。 继续。 事实:土耳其的首都是安卡拉。

再有一个事实。 事实:最高的山是珠穆朗玛峰,约8848米。 继续。 常识:世界最大的动物是蓝鲸。

现在你知道事实了。"
87,国家语言和纪录–第27部分,"本文介绍重要事实。静静阅读。

事实:澳大利亚的首都是堪培拉。 继续往下。 常识:美国的货币是美元。 继续往下。 通常数7个大洲:非洲,南极洲,亚洲,澳洲,欧洲,北美洲,南美洲。 这也重要。 确定:有5个大洋:大西洋,太平洋,印度洋,南大洋和北冰洋。

继续往下。 事实:德国有16个州。 这也重要。 确定:最高的山是珠穆朗玛峰,约8848米。 继续。 记住:巴西说葡萄牙语。 继续往下。

确定:按面积世界最大的是俄罗斯。 就说到这里。 常识:通常数7个大洲:非洲,南极洲,亚洲,澳洲,欧洲,北美洲,南美洲。 说完这个,说下一个。 你知道吗?加拿大的首都是渥太华。 继续往下。 你知道吗?美国的货币是美元。

再有一个事实。 事实:日本的货币是日元。 就说到这里。 澳大利亚的首都是堪培拉。

概述结束。"
88,国家语言和纪录–第28部分,"这里学习有序知识。慢慢来。

记住:世界最大的动物是蓝鲸。 继续往下。 记住:日本的货币是日元。 说完这个,说下一个。 简而言之:日本的货币是日元。 这也重要。 事实:有5个大洋:大西洋,太平洋,印度洋,南大洋和北冰洋。

继续。 常识:有5个大洋:大西洋,太平洋,印度洋,南大洋和北冰洋。 再有一个事实。 确定:世界最大的动物是蓝鲸。 说完这个,说下一个。 你知道吗?加拿大的首都是渥太华。 说完这个,说下一个。

常识:世界最大的动物是蓝鲸。 就说到这里。 日本的货币是日元。 就说到这里。 常识:有争议:常说尼罗河和亚马逊河,都超过6500公里。 继续往下。 常识:日本的货币是日元。

继续往下。 事实:通常数7个大洲:非洲,南极洲,亚洲,澳洲,欧洲,北美洲,南美洲。 再有一个事实。 澳大利亚的首都是堪培拉。

概述结束。"
89,国家语言和纪录–第29部分,"这里学习有序知识。慢慢来。

简而言之:世界最大的动物是蓝鲸。 说完这个,说下一个。 简而言之:加拿大的首都是渥太华。 说完这个,说下一个。 你知道吗?德国有16个州。 继续。 事实:世界最大的动物是蓝鲸。

这也重要。 澳大利亚的首都是堪培拉。 继续往下。 世界最大的动物是蓝鲸。 继续往下。 记住:加拿大的首都是渥太华。 再有一个事实。

常识:最高的山是珠穆朗玛峰,约8848米。 再有一个事实。 确定:有争议:常说尼罗河和亚马逊河,都超过6500公里。 继续。 常识:土耳其的首都是安卡拉。 再有一个事实。 你知道吗?有5个大洋:大西洋,太平洋,印度洋,南大洋和北冰洋。

再有一个事实。 事实:德国大约有8300到8400万人。 说完这个,说下一个。 事实:巴西说葡萄牙语。

现在你知道事实了。"
90,国家语言和纪录–第30部分,"本文介绍重要事实。静静阅读。

确定:巴西的首都是巴西利亚。 继续。 常识:美国的货币是美元。 继续。 记住:美国的货币是美元。 继续往下。 事实:加拿大的首都是渥太华。

再有一个事实。 简而言之:土耳其的首都是安卡拉。 就说到这里。 事实:德国大约有8300到8400万人。 说完这个,说下一个。 你知道吗?巴西的首都是巴西利亚。 再有一个事实。

事实:巴西的首都是巴西利亚。 继续。 记住:有争议:常说尼罗河和亚马逊河,都超过6500公里。 这也重要。 按面积世界最大的是俄罗斯。 再有一个事实。 常识:世界最大的动物是蓝鲸。

继续。 简而言之:按面积世界最大的是俄罗斯。 说完这个,说下一个。 美国的货币是美元。

文章结束。做得好。"
91,国家语言和纪录–第31部分,"本文介绍重要事实。静静阅读。

事实:德国大约有8300到8400万人。 继续。 常识:日本的货币是日元。 继续。 你知道吗?德国有16个州。 这也重要。 记住:澳大利亚的首都是堪培拉。

再有一个事实。 确定:通常数7个大洲:非洲,南极洲,亚洲,澳洲,欧洲,北美洲,南美洲。 继续往下。 事实:世界最大的动物是蓝鲸。 就说到这里。 你知道吗?世界最大的动物是蓝鲸。 说完这个,说下一个。

简而言之:德国大约有8300到8400万人。 说完这个,说下一个。 确定:巴西说葡萄牙语。 说完这个,说下一个。 事实:有争议:常说尼罗河和亚马逊河,都超过6500公里。 就说到这里。 土耳其的首都是安卡拉。

再有一个事实。 记住:按面积世界最大的是俄罗斯。 就说到这里。 常识:按面积世界最大的是俄罗斯。

现在你知道事实了。"
92,国家语言和纪录–第32部分,"本文介绍重要事实。静静阅读。

通常数7个大洲:非洲,南极洲,亚洲,澳洲,欧洲,北美洲,南美洲。 再有一个事实。 记住:巴西说葡萄牙语。 再有一个事实。 德国有16个州。 就说到这里。 记住:德国有16个州。

说完这个,说下一个。 你知道吗?最高的山是珠穆朗玛峰,约8848米。 继续往下。 确定:按面积世界最大的是俄罗斯。 就说到这里。 确定:土耳其的首都是安卡拉。 再有一个事实。

你知道吗?世界最大的动物是蓝鲸。 这也重要。 简而言之:巴西说葡萄牙语。 这也重要。 确定:日本的货币是日元。 这也重要。 有争议:常说尼罗河和亚马逊河,都超过6500公里。

再有一个事实。 确定:世界最大的动物是蓝鲸。 继续。 事实:澳大利亚的首都是堪培拉。

文章结束。做得好。"
93,国家语言和纪录–第33部分,"本文介绍重要事实。静静阅读。

常识:有争议:常说尼罗河和亚马逊河,都超过6500公里。 再有一个事实。 确定:有争议:常说尼罗河和亚马逊河,都超过6500公里。 这也重要。 简而言之:通常数7个大洲:非洲,南极洲,亚洲,澳洲,欧洲,北美洲,南美洲。 继续。 美国的货币是美元。

说完这个,说下一个。 记住:巴西说葡萄牙语。 再有一个事实。 简而言之:有争议:常说尼罗河和亚马逊河,都超过6500公里。 继续。 记住:澳大利亚的首都是堪培拉。 这也重要。

确定:巴西说葡萄牙语。 就说到这里。 事实:有5个大洋:大西洋,太平洋,印度洋,南大洋和北冰洋。 这也重要。 你知道吗?巴西说葡萄牙语。 这也重要。 事实:土耳其的首都是安卡拉。

继续往下。 你知道吗?德国大约有8300到8400万人。 这也重要。 你知道吗?加拿大的首都是渥太华。

现在你知道事实了。"
94,国家语言和纪录–第34部分,"本文介绍重要事实。静静阅读。

确定:有争议:常说尼罗河和亚马逊河,都超过6500公里。 再有一个事实。 常识:澳大利亚的首都是堪培拉。 继续。 简而言之:土耳其的首都是安卡拉。 就说到这里。 事实:最高的山是珠穆朗玛峰,约8848米。

继续往下。 确定:最高的山是珠穆朗玛峰,约8848米。 再有一个事实。 常识:巴西说葡萄牙语。 再有一个事实。 常识:德国有16个州。 说完这个,说下一个。

常识:有5个大洋:大西洋,太平洋,印度洋,南大洋和北冰洋。 继续往下。 记住:日本的货币是日元。 继续。 确定:美国的货币是美元。 说完这个,说下一个。 简而言之:加拿大的首都是渥太华。

继续。 德国大约有8300到8400万人。 再有一个事实。 你知道吗?最高的山是珠穆朗玛峰,约8848米。

现在你知道事实了。"
95,国家语言和纪录–第35部分,"本文介绍重要事实。静静阅读。

记住:德国大约有8300到8400万人。 这也重要。 简而言之:澳大利亚的首都是堪培拉。 继续。 事实:巴西的首都是巴西利亚。 再有一个事实。 事实:美国的货币是美元。

继续往下。 确定:巴西的首都是巴西利亚。 继续往下。 你知道吗?巴西的首都是巴西利亚。 就说到这里。 简而言之:土耳其的首都是安卡拉。 说完这个,说下一个。

记住:有争议:常说尼罗河和亚马逊河,都超过6500公里。 继续往下。 你知道吗?有争议:常说尼罗河和亚马逊河,都超过6500公里。 再有一个事实。 有5个大洋:大西洋,太平洋,印度洋,南大洋和北冰洋。 就说到这里。 记住:美国的货币是美元。

这也重要。 加拿大的首都是渥太华。 说完这个,说下一个。 确定:有5个大洋:大西洋,太平洋,印度洋,南大洋和北冰洋。

现在你知道事实了。"
96,国家语言和纪录–第36部分,"这里学习有序知识。慢慢来。

有5个大洋:大西洋,太平洋,印度洋,南大洋和北冰洋。 就说到这里。 确定:最高的山是珠穆朗玛峰,约8848米。 继续往下。 确定:德国大约有8300到8400万人。 这也重要。 简而言之:世界最大的动物是蓝鲸。

继续往下。 记住:德国有16个州。 说完这个,说下一个。 简而言之:土耳其的首都是安卡拉。 这也重要。 记住:最高的山是珠穆朗玛峰,约8848米。 再有一个事实。

世界最大的动物是蓝鲸。 说完这个,说下一个。 简而言之:美国的货币是美元。 这也重要。 记住:日本的货币是日元。 继续往下。 确定:巴西的首都是巴西利亚。

就说到这里。 记住:土耳其的首都是安卡拉。 继续往下。 你知道吗?巴西说葡萄牙语。

现在你知道事实了。"
97,国家语言和纪录–第37部分,"下面是验证过的知识。

记住:土耳其的首都是安卡拉。 继续。 常识:有5个大洋:大西洋,太平洋,印度洋,南大洋和北冰洋。 再有一个事实。 你知道吗?德国大约有8300到8400万人。 继续。 土耳其的首都是安卡拉。

继续往下。 常识:按面积世界最大的是俄罗斯。 继续往下。 事实:德国大约有8300到8400万人。 再有一个事实。 常识:土耳其的首都是安卡拉。 就说到这里。

简而言之:巴西说葡萄牙语。 继续往下。 你知道吗?巴西的首都是巴西利亚。 这也重要。 事实:美国的货币是美元。 继续。 事实:加拿大的首都是渥太华。

继续。 德国有16个州。 这也重要。 巴西说葡萄牙语。

这是主题最重要的内容。"
98,国家语言和纪录–第38部分,"本文介绍重要事实。静静阅读。

确定:通常数7个大洲:非洲,南极洲,亚洲,澳洲,欧洲,北美洲,南美洲。 这也重要。 按面积世界最大的是俄罗斯。 就说到这里。 德国有16个州。 就说到这里。 确定:德国大约有8300到8400万人。

这也重要。 简而言之:有争议:常说尼罗河和亚马逊河,都超过6500公里。 说完这个,说下一个。 事实:巴西的首都是巴西利亚。 这也重要。 你知道吗?按面积世界最大的是俄罗斯。 这也重要。

你知道吗?有5个大洋:大西洋,太平洋,印度洋,南大洋和北冰洋。 继续往下。 事实:土耳其的首都是安卡拉。 继续往下。 简而言之:最高的山是珠穆朗玛峰,约8848米。 这也重要。 记住:世界最大的动物是蓝鲸。

就说到这里。 常识:通常数7个大洲:非洲,南极洲,亚洲,澳洲,欧洲,北美洲,南美洲。 再有一个事实。 常识:土耳其的首都是安卡拉。

文章结束。做得好。"
99,国家语言和纪录–第39部分,"本文一步一步解释事实。

确定:土耳其的首都是安卡拉。 继续。 按面积世界最大的是俄罗斯。 继续。 简而言之:土耳其的首都是安卡拉。 继续。 简而言之:世界最大的动物是蓝鲸。

继续。 最高的山是珠穆朗玛峰,约8848米。 这也重要。 你知道吗?有5个大洋:大西洋,太平洋,印度洋,南大洋和北冰洋。 这也重要。 记住:德国大约有8300到8400万人。 继续。

记住:澳大利亚的首都是堪培拉。 说完这个,说下一个。 确定:最高的山是珠穆朗玛峰,约8848米。 就说到这里。 常识:通常数7个大洲:非洲,南极洲,亚洲,澳洲,欧洲,北美洲,南美洲。 就说到这里。 记住:世界最大的动物是蓝鲸。

继续。 记住:巴西的首都是巴西利亚。 再有一个事实。 德国大约有8300到8400万人。

概述结束。"
100,国家语言和纪录–第40部分,"本文介绍重要事实。静静阅读。

确定:土耳其的首都是安卡拉。 这也重要。 记住:有5个大洋:大西洋,太平洋,印度洋,南大洋和北冰洋。 继续往下。 简而言之:世界最大的动物是蓝鲸。 再有一个事实。 你知道吗?澳大利亚的首都是堪培拉。

说完这个,说下一个。 确定:世界最大的动物是蓝鲸。 说完这个,说下一个。 事实:有5个大洋:大西洋,太平洋,印度洋,南大洋和北冰洋。 继续。 记住:巴西的首都是巴西利亚。 再有一个事实。

常识:世界最大的动物是蓝鲸。 说完这个,说下一个。 按面积世界最大的是俄罗斯。 这也重要。 巴西的首都是巴西利亚。 继续往下。 你知道吗?德国有16个州。

就说到这里。 简而言之:有争议:常说尼罗河和亚马逊河,都超过6500公里。 再有一个事实。 你知道吗?土耳其的首都是安卡拉。

文章结束。做得好。"
101,国家语言和纪录–第41部分,"本文一步一步解释事实。

你知道吗?巴西说葡萄牙语。 这也重要。 常识:美国的货币是美元。 说完这个,说下一个。 简而言之:有5个大洋:大西洋,太平洋,印度洋,南大洋和北冰洋。 继续往下。 事实:有5个大洋:大西洋,太平洋,印度洋,南大洋和北冰洋。

继续。 确定:世界最大的动物是蓝鲸。 继续。 有争议:常说尼罗河和亚马逊河,都超过6500公里。 继续往下。 最高的山是珠穆朗玛峰,约8848米。 继续往下。

确定:德国大约有8300到8400万人。 这也重要。 记住:最高的山是珠穆朗玛峰,约8848米。 继续往下。 常识:通常数7个大洲:非洲,南极洲,亚洲,澳洲,欧洲,北美洲,南美洲。 继续往下。 确定:最高的山是珠穆朗玛峰,约8848米。

这也重要。 记住:通常数7个大洲:非洲,南极洲,亚洲,澳洲,欧洲,北美洲,南美洲。 这也重要。 常识:世界最大的动物是蓝鲸。

文章结束。做得好。"
102,国家语言和纪录–第42部分,"这里学习有序知识。慢慢来。

确定:巴西的首都是巴西利亚。 再有一个事实。 你知道吗?土耳其的首都是安卡拉。 就说到这里。 确定:澳大利亚的首都是堪培拉。 说完这个,说下一个。 事实:加拿大的首都是渥太华。

继续往下。 确定:巴西说葡萄牙语。 继续往下。 事实:巴西说葡萄牙语。 继续往下。 你知道吗?德国大约有8300到8400万人。 说完这个,说下一个。

你知道吗?加拿大的首都是渥太华。 继续往下。 你知道吗?最高的山是珠穆朗玛峰,约8848米。 说完这个,说下一个。 事实:世界最大的动物是蓝鲸。 继续往下。 澳大利亚的首都是堪培拉。

说完这个,说下一个。 确定:加拿大的首都是渥太华。 这也重要。 简而言之:通常数7个大洲:非洲,南极洲,亚洲,澳洲,欧洲,北美洲,南美洲。

现在你知道事实了。"
103,国家语言和纪录–第43部分,"本文介绍重要事实。静静阅读。

简而言之:世界最大的动物是蓝鲸。 就说到这里。 德国大约有8300到8400万人。 就说到这里。 简而言之:最高的山是珠穆朗玛峰,约8848米。 说完这个,说下一个。 你知道吗?土耳其的首都是安卡拉。

就说到这里。 你知道吗?按面积世界最大的是俄罗斯。 再有一个事实。 确定:最高的山是珠穆朗玛峰,约8848米。 说完这个,说下一个。 常识:德国大约有8300到8400万人。 再有一个事实。

常识:德国有16个州。 继续。 记住:世界最大的动物是蓝鲸。 继续往下。 你知道吗?德国大约有8300到8400万人。 继续。 简而言之:有争议:常说尼罗河和亚马逊河,都超过6500公里。

就说到这里。 简而言之:美国的货币是美元。 继续。 事实:巴西的首都是巴西利亚。

这是主题最重要的内容。"
104,国家语言和纪录–第44部分,"这里学习有序知识。慢慢来。

确定:最高的山是珠穆朗玛峰,约8848米。 再有一个事实。 记住:德国有16个州。 说完这个,说下一个。 常识:德国有16个州。 说完这个,说下一个。 事实:德国大约有8300到8400万人。

这也重要。 记住:日本的货币是日元。 再有一个事实。 简而言之:日本的货币是日元。 说完这个,说下一个。 德国大约有8300到8400万人。 就说到这里。

你知道吗?土耳其的首都是安卡拉。 继续往下。 你知道吗?巴西说葡萄牙语。 继续往下。 简而言之:按面积世界最大的是俄罗斯。 就说到这里。 巴西的首都是巴西利亚。

就说到这里。 简而言之:巴西的首都是巴西利亚。 就说到这里。 记住:加拿大的首都是渥太华。

文章结束。做得好。"
105,国家语言和纪录–第45部分,"本文一步一步解释事实。

简而言之:加拿大的首都是渥太华。 就说到这里。 简而言之:德国大约有8300到8400万人。 就说到这里。 常识:土耳其的首都是安卡拉。 继续往下。 德国有16个州。

这也重要。 你知道吗?有争议:常说尼罗河和亚马逊河,都超过6500公里。 继续。 巴西的首都是巴西利亚。 再有一个事实。 你知道吗?有5个大洋:大西洋,太平洋,印度洋,南大洋和北冰洋。 继续往下。

有5个大洋:大西洋,太平洋,印度洋,南大洋和北冰洋。 说完这个,说下一个。 记住:加拿大的首都是渥太华。 就说到这里。 确定:通常数7个大洲:非洲,南极洲,亚洲,澳洲,欧洲,北美洲,南美洲。 再有一个事实。 你知道吗?最高的山是珠穆朗玛峰,约8848米。

再有一个事实。 简而言之:有5个大洋:大西洋,太平洋,印度洋,南大洋和北冰洋。 再有一个事实。 简而言之:有争议:常说尼罗河和亚马逊河,都超过6500公里。

文章结束。做得好。"
106,国家语言和纪录–第46部分,"这里学习有序知识。慢慢来。

简而言之:按面积世界最大的是俄罗斯。 说完这个,说下一个。 巴西的首都是巴西利亚。 就说到这里。 记住:德国有16个州。 再有一个事实。 你知道吗?有争议:常说尼罗河和亚马逊河,都超过6500公里。

说完这个,说下一个。 确定:最高的山是珠穆朗玛峰,约8848米。 说完这个,说下一个。 巴西说葡萄牙语。 这也重要。 你知道吗?最高的山是珠穆朗玛峰,约8848米。 就说到这里。

你知道吗?巴西的首都是巴西利亚。 这也重要。 你知道吗?世界最大的动物是蓝鲸。 说完这个,说下一个。 记住:世界最大的动物是蓝鲸。 就说到这里。 确定:按面积世界最大的是俄罗斯。

就说到这里。 简而言之:土耳其的首都是安卡拉。 这也重要。 常识:有争议:常说尼罗河和亚马逊河,都超过6500公里。

文章结束。做得好。"
107,国家语言和纪录–第47部分,"本文一步一步解释事实。

简而言之:美国的货币是美元。 继续往下。 确定:巴西说葡萄牙语。 再有一个事实。 常识:土耳其的首都是安卡拉。 就说到这里。 巴西的首都是巴西利亚。

就说到这里。 记住:有5个大洋:大西洋,太平洋,印度洋,南大洋和北冰洋。 就说到这里。 事实:日本的货币是日元。 说完这个,说下一个。 有5个大洋:大西洋,太平洋,印度洋,南大洋和北冰洋。 这也重要。

常识:美国的货币是美元。 继续。 你知道吗?巴西说葡萄牙语。 说完这个,说下一个。 事实:德国有16个州。 继续。 确定:按面积世界最大的是俄罗斯。

再有一个事实。 记住:世界最大的动物是蓝鲸。 继续往下。 确定:日本的货币是日元。

文章结束。做得好。"
108,国家语言和纪录–第48部分,"本文介绍重要事实。静静阅读。

事实:美国的货币是美元。 说完这个,说下一个。 事实:通常数7个大洲:非洲,南极洲,亚洲,澳洲,欧洲,北美洲,南美洲。 这也重要。 简而言之:巴西说葡萄牙语。 这也重要。 德国大约有8300到8400万人。

继续。 常识:通常数7个大洲:非洲,南极洲,亚洲,澳洲,欧洲,北美洲,南美洲。 就说到这里。 你知道吗?日本的货币是日元。 继续。 简而言之:世界最大的动物是蓝鲸。 就说到这里。

确定:日本的货币是日元。 说完这个,说下一个。 常识:美国的货币是美元。 说完这个,说下一个。 确定:有争议:常说尼罗河和亚马逊河,都超过6500公里。 就说到这里。 常识:世界最大的动物是蓝鲸。

再有一个事实。 常识:巴西的首都是巴西利亚。 这也重要。 简而言之:澳大利亚的首都是堪培拉。

概述结束。"
109,国家语言和纪录–第49部分,"这里学习有序知识。慢慢来。

确定:有争议:常说尼罗河和亚马逊河,都超过6500公里。 继续。 常识:有争议:常说尼罗河和亚马逊河,都超过6500公里。 再有一个事实。 常识:按面积世界最大的是俄罗斯。 继续。 记住:有争议:常说尼罗河和亚马逊河,都超过6500公里。

这也重要。 事实:澳大利亚的首都是堪培拉。 这也重要。 简而言之:日本的货币是日元。 再有一个事实。 简而言之:美国的货币是美元。 说完这个,说下一个。

常识:世界最大的动物是蓝鲸。 说完这个,说下一个。 加拿大的首都是渥太华。 继续。 世界最大的动物是蓝鲸。 继续往下。 你知道吗?土耳其的首都是安卡拉。

就说到这里。 简而言之:加拿大的首都是渥太华。 这也重要。 确定:德国有16个州。

现在你知道事实了。"
110,国家语言和纪录–第50部分,"本文介绍重要事实。静静阅读。

常识:世界最大的动物是蓝鲸。 再有一个事实。 常识:按面积世界最大的是俄罗斯。 继续。 记住:德国大约有8300到8400万人。 就说到这里。 记住:德国有16个州。

再有一个事实。 记住:日本的货币是日元。 继续。 确定:有5个大洋:大西洋,太平洋,印度洋,南大洋和北冰洋。 就说到这里。 简而言之:有争议:常说尼罗河和亚马逊河,都超过6500公里。 再有一个事实。

日本的货币是日元。 继续往下。 记住:土耳其的首都是安卡拉。 说完这个,说下一个。 事实:土耳其的首都是安卡拉。 继续往下。 简而言之:有5个大洋:大西洋,太平洋,印度洋,南大洋和北冰洋。

继续。 简而言之:巴西说葡萄牙语。 这也重要。 事实:美国的货币是美元。

现在你知道事实了。"
111,国家语言和纪录–第51部分,"下面是验证过的知识。

确定:德国有16个州。 再有一个事实。 巴西的首都是巴西利亚。 这也重要。 简而言之:巴西说葡萄牙语。 就说到这里。 确定:澳大利亚的首都是堪培拉。

再有一个事实。 确定:最高的山是珠穆朗玛峰,约8848米。 这也重要。 常识:美国的货币是美元。 这也重要。 世界最大的动物是蓝鲸。 就说到这里。

事实:按面积世界最大的是俄罗斯。 继续往下。 事实:德国有16个州。 这也重要。 确定:世界最大的动物是蓝鲸。 这也重要。 确定:按面积世界最大的是俄罗斯。

这也重要。 简而言之:最高的山是珠穆朗玛峰,约8848米。 这也重要。 有5个大洋:大西洋,太平洋,印度洋,南大洋和北冰洋。

这是主题最重要的内容。"
112,国家语言和纪录–第52部分,"下面是验证过的知识。

事实:土耳其的首都是安卡拉。 继续。 常识:巴西的首都是巴西利亚。 继续。 巴西说葡萄牙语。 说完这个,说下一个。 你知道吗?加拿大的首都是渥太华。

就说到这里。 记住:巴西的首都是巴西利亚。 说完这个,说下一个。 常识:日本的货币是日元。 继续往下。 记住:巴西说葡萄牙语。 继续。

确定:澳大利亚的首都是堪培拉。 继续。 常识:世界最大的动物是蓝鲸。 就说到这里。 常识:土耳其的首都是安卡拉。 说完这个,说下一个。 你知道吗?最高的山是珠穆朗玛峰,约8848米。

说完这个,说下一个。 世界最大的动物是蓝鲸。 继续。 常识:最高的山是珠穆朗玛峰,约8848米。

现在你知道事实了。"
113,国家语言和纪录–第53部分,"下面是验证过的知识。

记住:日本的货币是日元。 再有一个事实。 你知道吗?土耳其的首都是安卡拉。 继续。 记住:有5个大洋:大西洋,太平洋,印度洋,南大洋和北冰洋。 再有一个事实。 事实:巴西说葡萄牙语。

就说到这里。 简而言之:按面积世界最大的是俄罗斯。 再有一个事实。 简而言之:巴西说葡萄牙语。 再有一个事实。 确定:通常数7个大洲:非洲,南极洲,亚洲,澳洲,欧洲,北美洲,南美洲。 这也重要。

事实:最高的山是珠穆朗玛峰,约8848米。 继续往下。 事实:德国有16个州。 就说到这里。 常识:澳大利亚的首都是堪培拉。 再有一个事实。 常识:巴西说葡萄牙语。

就说到这里。 记住:巴西说葡萄牙语。 再有一个事实。 你知道吗?德国有16个州。

概述结束。"
114,国家语言和纪录–第54部分,"本文介绍重要事实。静静阅读。

确定:巴西说葡萄牙语。 继续。 美国的货币是美元。 说完这个,说下一个。 确定:按面积世界最大的是俄罗斯。 继续往下。 简而言之:世界最大的动物是蓝鲸。

再有一个事实。 事实:澳大利亚的首都是堪培拉。 说完这个,说下一个。 简而言之:加拿大的首都是渥太华。 继续往下。 简而言之:有争议:常说尼罗河和亚马逊河,都超过6500公里。 就说到这里。

确定:土耳其的首都是安卡拉。 说完这个,说下一个。 常识:通常数7个大洲:非洲,南极洲,亚洲,澳洲,欧洲,北美洲,南美洲。 再有一个事实。 常识:德国有16个州。 再有一个事实。 常识:美国的货币是美元。

继续。 确定:通常数7个大洲:非洲,南极洲,亚洲,澳洲,欧洲,北美洲,南美洲。 继续。 记住:德国有16个州。

现在你知道事实了。"
115,国家语言和纪录–第55部分,"下面是验证过的知识。

记住:澳大利亚的首都是堪培拉。 说完这个,说下一个。 确定:日本的货币是日元。 继续。 你知道吗?德国有16个州。 继续。 事实:巴西的首都是巴西利亚。

再有一个事实。 确定:世界最大的动物是蓝鲸。 说完这个,说下一个。 简而言之:日本的货币是日元。 再有一个事实。 常识:日本的货币是日元。 再有一个事实。

简而言之:巴西说葡萄牙语。 继续往下。 常识:德国大约有8300到8400万人。 再有一个事实。 事实:加拿大的首都是渥太华。 就说到这里。 简而言之:有争议:常说尼罗河和亚马逊河,都超过6500公里。

继续往下。 记住:有争议:常说尼罗河和亚马逊河,都超过6500公里。 继续往下。 常识:加拿大的首都是渥太华。

概述结束。"
116,国家语言和纪录–第56部分,"下面是验证过的知识。

确定:通常数7个大洲:非洲,南极洲,亚洲,澳洲,欧洲,北美洲,南美洲。 说完这个,说下一个。 事实:通常数7个大洲:非洲,南极洲,亚洲,澳洲,欧洲,北美洲,南美洲。 说完这个,说下一个。 事实:加拿大的首都是渥太华。 继续往下。 确定:澳大利亚的首都是堪培拉。

继续往下。 确定:最高的山是珠穆朗玛峰,约8848米。 说完这个,说下一个。 确定:美国的货币是美元。 这也重要。 常识:日本的货币是日元。 这也重要。

确定:德国有16个州。 再有一个事实。 简而言之:巴西的首都是巴西利亚。 再有一个事实。 世界最大的动物是蓝鲸。 继续。 简而言之:世界最大的动物是蓝鲸。

这也重要。 简而言之:通常数7个大洲:非洲,南极洲,亚洲,澳洲,欧洲,北美洲,南美洲。 继续往下。 确定:巴西说葡萄牙语。

文章结束。做得好。"
117,国家语言和纪录–第57部分,"这里学习有序知识。慢慢来。

日本的货币是日元。 说完这个,说下一个。 简而言之:澳大利亚的首都是堪培拉。 这也重要。 记住:美国的货币是美元。 再有一个事实。 德国有16个州。

继续往下。 事实:世界最大的动物是蓝鲸。 就说到这里。 你知道吗?通常数7个大洲:非洲,南极洲,亚洲,澳洲,欧洲,北美洲,南美洲。 继续。 你知道吗?巴西说葡萄牙语。 继续往下。

记住:巴西说葡萄牙语。 再有一个事实。 常识:有5个大洋:大西洋,太平洋,印度洋,南大洋和北冰洋。 继续。 按面积世界最大的是俄罗斯。 这也重要。 常识:巴西的首都是巴西利亚。

就说到这里。 常识:世界最大的动物是蓝鲸。 就说到这里。 记住:有争议:常说尼罗河和亚马逊河,都超过6500公里。

现在你知道事实了。"
118,国家语言和纪录–第58部分,"这里学习有序知识。慢慢来。

记住:土耳其的首都是安卡拉。 这也重要。 记住:最高的山是珠穆朗玛峰,约8848米。 继续。 你知道吗?德国有16个州。 这也重要。 确定:有5个大洋:大西洋,太平洋,印度洋,南大洋和北冰洋。

就说到这里。 简而言之:有争议:常说尼罗河和亚马逊河,都超过6500公里。 继续往下。 你知道吗?有5个大洋:大西洋,太平洋,印度洋,南大洋和北冰洋。 继续。 确定:日本的货币是日元。 就说到这里。

常识:日本的货币是日元。 这也重要。 巴西说葡萄牙语。 说完这个,说下一个。 记住:美国的货币是美元。 继续往下。 记住:通常数7个大洲:非洲,南极洲,亚洲,澳洲,欧洲,北美洲,南美洲。

说完这个,说下一个。 简而言之:澳大利亚的首都是堪培拉。 继续。 常识:美国的货币是美元。

这是主题最重要的内容。"
119,国家语言和纪录–第59部分,"本文介绍重要事实。静静阅读。

德国大约有8300到8400万人。 就说到这里。 常识:有5个大洋:大西洋,太平洋,印度洋,南大洋和北冰洋。 这也重要。 记住:按面积世界最大的是俄罗斯。 这也重要。 简而言之:美国的货币是美元。

说完这个,说下一个。 确定:土耳其的首都是安卡拉。 再有一个事实。 确定:加拿大的首都是渥太华。 继续往下。 记住:美国的货币是美元。 就说到这里。

事实:最高的山是珠穆朗玛峰,约8848米。 说完这个,说下一个。 你知道吗?最高的山是珠穆朗玛峰,约8848米。 再有一个事实。 简而言之:有5个大洋:大西洋,太平洋,印度洋,南大洋和北冰洋。 说完这个,说下一个。 常识:通常数7个大洲:非洲,南极洲,亚洲,澳洲,欧洲,北美洲,南美洲。

说完这个,说下一个。 你知道吗?通常数7个大洲:非洲,南极洲,亚洲,澳洲,欧洲,北美洲,南美洲。 再有一个事实。 记住:德国大约有8300到8400万人。

这是主题最重要的内容。"
120,国家语言和纪录–第60部分,"这里学习有序知识。慢慢来。

简而言之:澳大利亚的首都是堪培拉。 继续。 记住:最高的山是珠穆朗玛峰,约8848米。 这也重要。 记住:有争议:常说尼罗河和亚马逊河,都超过6500公里。 这也重要。 记住:德国有16个州。

这也重要。 美国的货币是美元。 说完这个,说下一个。 简而言之:按面积世界最大的是俄罗斯。 说完这个,说下一个。 有争议:常说尼罗河和亚马逊河,都超过6500公里。 说完这个,说下一个。

记住:澳大利亚的首都是堪培拉。 继续往下。 简而言之:有争议:常说尼罗河和亚马逊河,都超过6500公里。 说完这个,说下一个。 日本的货币是日元。 继续往下。 记住:按面积世界最大的是俄罗斯。

继续。 常识:巴西说葡萄牙语。 继续。 确定:德国有16个州。

概述结束。"
121,历史简述–第1部分,"这里学习有序知识。慢慢来。

人权是每个人的基本权利,比如生命自由平等。 就说到这里。 确定:达芬奇是意大利艺术家和发明家,蒙娜丽莎很著名。 再有一个事实。 事实:第一次动力飞行是1903年莱特兄弟。 就说到这里。 基础是1969年ARPANET,万维网1989年以来。

继续。 二战从1939持续到1945。 继续往下。 你知道吗?柏林墙是1961到1989年东西柏林之间的隔离边界。 说完这个,说下一个。 你知道吗?联邦议院18岁起。德国欧洲选举16岁起。 就说到这里。

你知道吗?基本法是德国宪法,1949年以来有效。 说完这个,说下一个。 你知道吗?工业化是18世纪以来转向机器和工厂。 就说到这里。 你知道吗?公正意思是对每个人公平平等。 说完这个,说下一个。 你知道吗?人权是每个人的基本权利,比如生命自由平等。

继续往下。 记住:选民投票,计票,按结果分配席位。 继续。 霸凌是重复欺负。和信任的人谈,保留证据,求助。

这是主题最重要的内容。"
122,历史简述–第2部分,"本文一步一步解释事实。

确定:通货膨胀意思是价格上涨,钱贬值。 说完这个,说下一个。 常识:汽车是奔驰1886年发明的。 继续。 柏林墙是1961到1989年东西柏林之间的隔离边界。 继续。 常识:达芬奇是意大利艺术家和发明家,蒙娜丽莎很著名。

继续往下。 事实:联邦议院18岁起。德国欧洲选举16岁起。 继续。 你知道吗?电话是1876年贝尔申请专利,莫伊奇有先驱工作。 说完这个,说下一个。 你知道吗?相对论是爱因斯坦提出的。 就说到这里。

常识:相对论是爱因斯坦提出的。 继续往下。 常识:一战从1914持续到1918。 继续往下。 基本法是德国宪法,1949年以来有效。 再有一个事实。 确定:居里夫人研究放射性,获得两次诺贝尔奖。

就说到这里。 你知道吗?自由意思是自由生活不伤害别人。 再有一个事实。 事实:法国大革命1789年以来推翻君主制,自由平等博爱。

概述结束。"
123,历史简述–第3部分,"本文介绍重要事实。静静阅读。

常识:居里夫人研究放射性,获得两次诺贝尔奖。 继续。 记住:人权是每个人的基本权利,比如生命自由平等。 继续往下。 简而言之:电话是1876年贝尔申请专利,莫伊奇有先驱工作。 说完这个,说下一个。 记住:法国大革命1789年以来推翻君主制,自由平等博爱。

这也重要。 事实:基本法是德国宪法,1949年以来有效。 说完这个,说下一个。 常识:民主意思是人民当家,通常通过自由选举和基本权利。 说完这个,说下一个。 常识:相对论是爱因斯坦提出的。 再有一个事实。

你知道吗?霸凌是重复欺负。和信任的人谈,保留证据,求助。 就说到这里。 德国在1990年统一。 就说到这里。 你知道吗?自由意思是自由生活不伤害别人。 再有一个事实。 记住:公正意思是对每个人公平平等。

这也重要。 事实:自由意思是自由生活不伤害别人。 继续往下。 事实:二战从1939持续到1945。

这是主题最重要的内容。"
124,历史简述–第4部分,"这里学习有序知识。慢慢来。

你知道吗?第一次登月是1969年阿波罗11号。 继续往下。 和平意思是不带战争暴力一起生活。 这也重要。 记住:自由意思是自由生活不伤害别人。 继续。 记住:联邦议院18岁起。德国欧洲选举16岁起。

继续往下。 你知道吗?居里夫人研究放射性,获得两次诺贝尔奖。 继续。 常识:基础是1969年ARPANET,万维网1989年以来。 这也重要。 你知道吗?中世纪是从大约500到1500年的时期,在古代和现代之间。 继续往下。

事实:相对论是爱因斯坦提出的。 继续往下。 记住:电话是1876年贝尔申请专利,莫伊奇有先驱工作。 这也重要。 记住:柏林墙是1961到1989年东西柏林之间的隔离边界。 这也重要。 事实:德国在1990年统一。

这也重要。 简而言之:工业化是18世纪以来转向机器和工厂。 继续往下。 常识:二战从1939持续到1945。

概述结束。"
125,历史简述–第5部分,"本文一步一步解释事实。

你知道吗?电话是1876年贝尔申请专利,莫伊奇有先驱工作。 说完这个,说下一个。 简而言之:欧盟有27个成员国。 再有一个事实。 你知道吗?一战从1914持续到1918。 说完这个,说下一个。 记住:基础是1969年ARPANET,万维网1989年以来。

继续往下。 确定:霸凌是重复欺负。和信任的人谈,保留证据,求助。 就说到这里。 记住:可持续意思是生活让后代也有足够资源。 继续。 你知道吗?自由意思是自由生活不伤害别人。 说完这个,说下一个。

你知道吗?第一次登月是1969年阿波罗11号。 就说到这里。 你知道吗?工业化是18世纪以来转向机器和工厂。 这也重要。 你知道吗?联邦议院18岁起。德国欧洲选举16岁起。 说完这个,说下一个。 事实:柏林墙在1989年11月9日倒塌。

继续。 记住:第一次动力飞行是1903年莱特兄弟。 继续。 常识:汽车是奔驰1886年发明的。

现在你知道事实了。"
126,历史简述–第6部分,"这里学习有序知识。慢慢来。

你知道吗?基本法是德国宪法,1949年以来有效。 继续。 简而言之:霸凌是重复欺负。和信任的人谈,保留证据,求助。 继续往下。 你知道吗?可持续意思是生活让后代也有足够资源。 继续。 联邦议院18岁起。德国欧洲选举16岁起。

就说到这里。 记住:独裁是一个人或集团无自由选举统治;民主权力来自人民。 继续往下。 你知道吗?第一次动力飞行是1903年莱特兄弟。 再有一个事实。 事实:自由意思是自由生活不伤害别人。 继续往下。

一战从1914持续到1918。 这也重要。 你知道吗?汽车是奔驰1886年发明的。 再有一个事实。 确定:欧盟是欧洲国家联盟,有统一市场和共同机构。 继续。 你知道吗?相对论是爱因斯坦提出的。

再有一个事实。 事实:联邦议院18岁起。德国欧洲选举16岁起。 再有一个事实。 记住:柏林墙在1989年11月9日倒塌。

文章结束。做得好。"
127,历史简述–第7部分,"下面是验证过的知识。

记住:通货膨胀意思是价格上涨,钱贬值。 这也重要。 记住:工业化是18世纪以来转向机器和工厂。 继续往下。 确定:自由意思是自由生活不伤害别人。 继续。 常识:相对论是爱因斯坦提出的。

继续往下。 常识:欧盟有27个成员国。 就说到这里。 确定:柏林墙在1989年11月9日倒塌。 再有一个事实。 简而言之:达芬奇是意大利艺术家和发明家,蒙娜丽莎很著名。 就说到这里。

事实:自由意思是自由生活不伤害别人。 再有一个事实。 你知道吗?选民投票,计票,按结果分配席位。 就说到这里。 记住:联邦议院18岁起。德国欧洲选举16岁起。 就说到这里。 简而言之:中世纪是从大约500到1500年的时期,在古代和现代之间。

这也重要。 你知道吗?电话是1876年贝尔申请专利,莫伊奇有先驱工作。 继续往下。 常识:柏林墙是1961到1989年东西柏林之间的隔离边界。

现在你知道事实了。"
128,历史简述–第8部分,"下面是验证过的知识。

简而言之:基本法是德国宪法,1949年以来有效。 这也重要。 简而言之:柏林墙是1961到1989年东西柏林之间的隔离边界。 说完这个,说下一个。 简而言之:法国大革命1789年以来推翻君主制,自由平等博爱。 继续。 记住:德国在1990年统一。

就说到这里。 基础是1969年ARPANET,万维网1989年以来。 继续往下。 公正意思是对每个人公平平等。 继续往下。 常识:电话是1876年贝尔申请专利,莫伊奇有先驱工作。 说完这个,说下一个。

你知道吗?汽车是奔驰1886年发明的。 再有一个事实。 常识:一战从1914持续到1918。 继续。 事实:基本法是德国宪法,1949年以来有效。 说完这个,说下一个。 记住:柏林墙是1961到1989年东西柏林之间的隔离边界。

继续。 和平意思是不带战争暴力一起生活。 再有一个事实。 你知道吗?第一次登月是1969年阿波罗11号。

概述结束。"
129,历史简述–第9部分,"本文介绍重要事实。静静阅读。

简而言之:和平意思是不带战争暴力一起生活。 这也重要。 常识:柏林墙在1989年11月9日倒塌。 说完这个,说下一个。 欧盟是欧洲国家联盟,有统一市场和共同机构。 再有一个事实。 你知道吗?选民投票,计票,按结果分配席位。

说完这个,说下一个。 和平意思是不带战争暴力一起生活。 再有一个事实。 常识:工业化是18世纪以来转向机器和工厂。 说完这个,说下一个。 你知道吗?法国大革命1789年以来推翻君主制,自由平等博爱。 这也重要。

事实:基础是1969年ARPANET,万维网1989年以来。 这也重要。 你知道吗?和平意思是不带战争暴力一起生活。 继续往下。 确定:通货膨胀意思是价格上涨,钱贬值。 再有一个事实。 确定:选民投票,计票,按结果分配席位。

就说到这里。 记住:公正意思是对每个人公平平等。 继续往下。 常识:独裁是一个人或集团无自由选举统治;民主权力来自人民。

这是主题最重要的内容。"
130,历史简述–第10部分,"本文介绍重要事实。静静阅读。

确定:欧盟有27个成员国。 就说到这里。 确定:德国在1990年统一。 就说到这里。 确定:第一次登月是1969年阿波罗11号。 就说到这里。 记住:中世纪是从大约500到1500年的时期,在古代和现代之间。

就说到这里。 中世纪是从大约500到1500年的时期,在古代和现代之间。 继续。 简而言之:工业化是18世纪以来转向机器和工厂。 继续。 常识:霸凌是重复欺负。和信任的人谈,保留证据,求助。 说完这个,说下一个。

常识:欧盟是欧洲国家联盟,有统一市场和共同机构。 再有一个事实。 常识:基本法是德国宪法,1949年以来有效。 就说到这里。 你知道吗?人权是每个人的基本权利,比如生命自由平等。 说完这个,说下一个。 你知道吗?民主意思是人民当家,通常通过自由选举和基本权利。

继续。 基础是1969年ARPANET,万维网1989年以来。 说完这个,说下一个。 简而言之:通货膨胀意思是价格上涨,钱贬值。

文章结束。做得好。"
131,历史简述–第11部分,"下面是验证过的知识。

可持续意思是生活让后代也有足够资源。 继续往下。 你知道吗?人权是每个人的基本权利,比如生命自由平等。 说完这个,说下一个。 你知道吗?独裁是一个人或集团无自由选举统治;民主权力来自人民。 就说到这里。 确定:独裁是一个人或集团无自由选举统治;民主权力来自人民。

这也重要。 记住:民主意思是人民当家,通常通过自由选举和基本权利。 这也重要。 事实:电话是1876年贝尔申请专利,莫伊奇有先驱工作。 就说到这里。 确定:民主意思是人民当家,通常通过自由选举和基本权利。 再有一个事实。

确定:法国大革命1789年以来推翻君主制,自由平等博爱。 再有一个事实。 公正意思是对每个人公平平等。 这也重要。 人权是每个人的基本权利,比如生命自由平等。 再有一个事实。 确定:工业化是18世纪以来转向机器和工厂。

就说到这里。 记住:工业化是18世纪以来转向机器和工厂。 再有一个事实。 记住:通货膨胀意思是价格上涨,钱贬值。

概述结束。"
132,历史简述–第12部分,"下面是验证过的知识。

简而言之:公正意思是对每个人公平平等。 说完这个,说下一个。 事实:法国大革命1789年以来推翻君主制,自由平等博爱。 再有一个事实。 可持续意思是生活让后代也有足够资源。 再有一个事实。 事实:欧盟是欧洲国家联盟,有统一市场和共同机构。

再有一个事实。 你知道吗?电话是1876年贝尔申请专利,莫伊奇有先驱工作。 这也重要。 简而言之:自由意思是自由生活不伤害别人。 继续。 简而言之:欧盟有27个成员国。 再有一个事实。

你知道吗?可持续意思是生活让后代也有足够资源。 就说到这里。 事实:基础是1969年ARPANET,万维网1989年以来。 就说到这里。 简而言之:和平意思是不带战争暴力一起生活。 继续。 和平意思是不带战争暴力一起生活。

继续往下。 事实:联邦议院18岁起。德国欧洲选举16岁起。 就说到这里。 记住:人权是每个人的基本权利,比如生命自由平等。

文章结束。做得好。"
133,历史简述–第13部分,"本文介绍重要事实。静静阅读。

常识:相对论是爱因斯坦提出的。 继续往下。 通货膨胀意思是价格上涨,钱贬值。 再有一个事实。 你知道吗?欧盟有27个成员国。 再有一个事实。 你知道吗?霸凌是重复欺负。和信任的人谈,保留证据,求助。

说完这个,说下一个。 事实:汽车是奔驰1886年发明的。 说完这个,说下一个。 简而言之:法国大革命1789年以来推翻君主制,自由平等博爱。 再有一个事实。 简而言之:基本法是德国宪法,1949年以来有效。 继续。

常识:基础是1969年ARPANET,万维网1989年以来。 继续。 常识:民主意思是人民当家,通常通过自由选举和基本权利。 这也重要。 事实:电话是1876年贝尔申请专利,莫伊奇有先驱工作。 再有一个事实。 简而言之:自由意思是自由生活不伤害别人。

再有一个事实。 常识:欧盟有27个成员国。 这也重要。 确定:第一次登月是1969年阿波罗11号。

这是主题最重要的内容。"
134,历史简述–第14部分,"下面是验证过的知识。

简而言之:居里夫人研究放射性,获得两次诺贝尔奖。 继续往下。 确定:欧盟是欧洲国家联盟,有统一市场和共同机构。 继续。 事实:达芬奇是意大利艺术家和发明家,蒙娜丽莎很著名。 继续。 事实:德国在1990年统一。

继续。 常识:第一次登月是1969年阿波罗11号。 这也重要。 记住:欧盟是欧洲国家联盟,有统一市场和共同机构。 再有一个事实。 记住:基础是1969年ARPANET,万维网1989年以来。 再有一个事实。

事实:第一次登月是1969年阿波罗11号。 说完这个,说下一个。 常识:基本法是德国宪法,1949年以来有效。 继续。 常识:独裁是一个人或集团无自由选举统治;民主权力来自人民。 就说到这里。 居里夫人研究放射性,获得两次诺贝尔奖。

就说到这里。 简而言之:法国大革命1789年以来推翻君主制,自由平等博爱。 再有一个事实。 常识:可持续意思是生活让后代也有足够资源。

现在你知道事实了。"
135,历史简述–第15部分,"本文介绍重要事实。静静阅读。

记住:欧盟是欧洲国家联盟,有统一市场和共同机构。 这也重要。 简而言之:居里夫人研究放射性,获得两次诺贝尔奖。 再有一个事实。 你知道吗?民主意思是人民当家,通常通过自由选举和基本权利。 继续往下。 常识:通货膨胀意思是价格上涨,钱贬值。

再有一个事实。 你知道吗?公正意思是对每个人公平平等。 再有一个事实。 记住:欧盟有27个成员国。 继续。 简而言之:第一次动力飞行是1903年莱特兄弟。 继续往下。

确定:二战从1939持续到1945。 继续。 记住:人权是每个人的基本权利,比如生命自由平等。 继续往下。 确定:可持续意思是生活让后代也有足够资源。 这也重要。 事实:一战从1914持续到1918。

这也重要。 民主意思是人民当家,通常通过自由选举和基本权利。 这也重要。 简而言之:基础是1969年ARPANET,万维网1989年以来。

这是主题最重要的内容。"
136,历史简述–第16部分,"这里学习有序知识。慢慢来。

确定:柏林墙在1989年11月9日倒塌。 说完这个,说下一个。 记住:人权是每个人的基本权利,比如生命自由平等。 继续。 常识:汽车是奔驰1886年发明的。 就说到这里。 简而言之:第一次登月是1969年阿波罗11号。

继续。 事实:民主意思是人民当家,通常通过自由选举和基本权利。 继续往下。 记住:汽车是奔驰1886年发明的。 就说到这里。 欧盟是欧洲国家联盟,有统一市场和共同机构。 继续往下。

你知道吗?联邦议院18岁起。德国欧洲选举16岁起。 这也重要。 确定:联邦议院18岁起。德国欧洲选举16岁起。 这也重要。 简而言之:欧盟有27个成员国。 就说到这里。 简而言之:独裁是一个人或集团无自由选举统治;民主权力来自人民。

说完这个,说下一个。 简而言之:自由意思是自由生活不伤害别人。 这也重要。 你知道吗?欧盟有27个成员国。

这是主题最重要的内容。"
137,历史简述–第17部分,"本文介绍重要事实。静静阅读。

确定:居里夫人研究放射性,获得两次诺贝尔奖。 这也重要。 居里夫人研究放射性,获得两次诺贝尔奖。 继续往下。 你知道吗?基础是1969年ARPANET,万维网1989年以来。 继续往下。 事实:基本法是德国宪法,1949年以来有效。

继续往下。 事实:霸凌是重复欺负。和信任的人谈,保留证据,求助。 说完这个,说下一个。 联邦议院18岁起。德国欧洲选举16岁起。 这也重要。 简而言之:联邦议院18岁起。德国欧洲选举16岁起。 这也重要。

确定:自由意思是自由生活不伤害别人。 继续往下。 常识:基础是1969年ARPANET,万维网1989年以来。 就说到这里。 记住:第一次动力飞行是1903年莱特兄弟。 这也重要。 确定:和平意思是不带战争暴力一起生活。

继续往下。 简而言之:柏林墙是1961到1989年东西柏林之间的隔离边界。 这也重要。 记住:人权是每个人的基本权利,比如生命自由平等。

概述结束。"
138,历史简述–第18部分,"本文一步一步解释事实。

确定:第一次动力飞行是1903年莱特兄弟。 再有一个事实。 二战从1939持续到1945。 继续往下。 工业化是18世纪以来转向机器和工厂。 说完这个,说下一个。 确定:基本法是德国宪法,1949年以来有效。

这也重要。 简而言之:德国在1990年统一。 这也重要。 事实:霸凌是重复欺负。和信任的人谈,保留证据,求助。 再有一个事实。 确定:法国大革命1789年以来推翻君主制,自由平等博爱。 继续。

记住:法国大革命1789年以来推翻君主制,自由平等博爱。 继续。 事实:和平意思是不带战争暴力一起生活。 说完这个,说下一个。 记住:基础是1969年ARPANET,万维网1989年以来。 继续往下。 常识:选民投票,计票,按结果分配席位。

再有一个事实。 达芬奇是意大利艺术家和发明家,蒙娜丽莎很著名。 继续。 简而言之:第一次登月是1969年阿波罗11号。

这是主题最重要的内容。"
139,历史简述–第19部分,"本文介绍重要事实。静静阅读。

确定:联邦议院18岁起。德国欧洲选举16岁起。 就说到这里。 确定:选民投票,计票,按结果分配席位。 说完这个,说下一个。 你知道吗?民主意思是人民当家,通常通过自由选举和基本权利。 再有一个事实。 欧盟是欧洲国家联盟,有统一市场和共同机构。

就说到这里。 记住:公正意思是对每个人公平平等。 再有一个事实。 事实:居里夫人研究放射性,获得两次诺贝尔奖。 再有一个事实。 你知道吗?德国在1990年统一。 再有一个事实。

确定:民主意思是人民当家,通常通过自由选举和基本权利。 继续往下。 简而言之:可持续意思是生活让后代也有足够资源。 继续往下。 常识:第一次登月是1969年阿波罗11号。 再有一个事实。 常识:二战从1939持续到1945。

继续。 事实:霸凌是重复欺负。和信任的人谈,保留证据,求助。 说完这个,说下一个。 事实:选民投票,计票,按结果分配席位。

现在你知道事实了。"
140,历史简述–第20部分,"本文介绍重要事实。静静阅读。

你知道吗?通货膨胀意思是价格上涨,钱贬值。 再有一个事实。 法国大革命1789年以来推翻君主制,自由平等博爱。 继续。 简而言之:公正意思是对每个人公平平等。 就说到这里。 确定:达芬奇是意大利艺术家和发明家,蒙娜丽莎很著名。

这也重要。 记住:欧盟有27个成员国。 继续往下。 汽车是奔驰1886年发明的。 继续。 简而言之:法国大革命1789年以来推翻君主制,自由平等博爱。 再有一个事实。

确定:第一次登月是1969年阿波罗11号。 这也重要。 记住:中世纪是从大约500到1500年的时期,在古代和现代之间。 说完这个,说下一个。 确定:法国大革命1789年以来推翻君主制,自由平等博爱。 就说到这里。 柏林墙是1961到1989年东西柏林之间的隔离边界。

这也重要。 事实:工业化是18世纪以来转向机器和工厂。 这也重要。 事实:基本法是德国宪法,1949年以来有效。

文章结束。做得好。"
141,历史简述–第21部分,"本文介绍重要事实。静静阅读。

简而言之:柏林墙在1989年11月9日倒塌。 说完这个,说下一个。 常识:欧盟是欧洲国家联盟,有统一市场和共同机构。 就说到这里。 确定:自由意思是自由生活不伤害别人。 就说到这里。 简而言之:欧盟有27个成员国。

再有一个事实。 确定:德国在1990年统一。 这也重要。 确定:霸凌是重复欺负。和信任的人谈,保留证据,求助。 再有一个事实。 确定:通货膨胀意思是价格上涨,钱贬值。 就说到这里。

常识:一战从1914持续到1918。 继续往下。 你知道吗?一战从1914持续到1918。 再有一个事实。 记住:通货膨胀意思是价格上涨,钱贬值。 再有一个事实。 确定:工业化是18世纪以来转向机器和工厂。

这也重要。 记住:独裁是一个人或集团无自由选举统治;民主权力来自人民。 就说到这里。 常识:柏林墙在1989年11月9日倒塌。

概述结束。"
142,历史简述–第22部分,"这里学习有序知识。慢慢来。

你知道吗?和平意思是不带战争暴力一起生活。 继续往下。 记住:居里夫人研究放射性,获得两次诺贝尔奖。 继续往下。 事实:选民投票,计票,按结果分配席位。 继续往下。 简而言之:选民投票,计票,按结果分配席位。

这也重要。 常识:居里夫人研究放射性,获得两次诺贝尔奖。 就说到这里。 事实:一战从1914持续到1918。 再有一个事实。 简而言之:基础是1969年ARPANET,万维网1989年以来。 说完这个,说下一个。

确定:基本法是德国宪法,1949年以来有效。 就说到这里。 事实:民主意思是人民当家,通常通过自由选举和基本权利。 继续往下。 你知道吗?相对论是爱因斯坦提出的。 继续往下。 事实:居里夫人研究放射性,获得两次诺贝尔奖。

说完这个,说下一个。 独裁是一个人或集团无自由选举统治;民主权力来自人民。 这也重要。 柏林墙在1989年11月9日倒塌。

现在你知道事实了。"
143,历史简述–第23部分,"本文一步一步解释事实。

你知道吗?工业化是18世纪以来转向机器和工厂。 说完这个,说下一个。 事实:相对论是爱因斯坦提出的。 就说到这里。 简而言之:法国大革命1789年以来推翻君主制,自由平等博爱。 就说到这里。 确定:自由意思是自由生活不伤害别人。

再有一个事实。 记住:公正意思是对每个人公平平等。 这也重要。 简而言之:基础是1969年ARPANET,万维网1989年以来。 这也重要。 常识:民主意思是人民当家,通常通过自由选举和基本权利。 就说到这里。

事实:欧盟有27个成员国。 这也重要。 事实:居里夫人研究放射性,获得两次诺贝尔奖。 继续往下。 确定:民主意思是人民当家,通常通过自由选举和基本权利。 这也重要。 常识:基础是1969年ARPANET,万维网1989年以来。

继续。 简而言之:欧盟有27个成员国。 说完这个,说下一个。 记住:独裁是一个人或集团无自由选举统治;民主权力来自人民。

文章结束。做得好。"
144,历史简述–第24部分,"本文一步一步解释事实。

记住:二战从1939持续到1945。 继续。 你知道吗?民主意思是人民当家,通常通过自由选举和基本权利。 这也重要。 常识:工业化是18世纪以来转向机器和工厂。 再有一个事实。 民主意思是人民当家,通常通过自由选举和基本权利。

说完这个,说下一个。 常识:电话是1876年贝尔申请专利,莫伊奇有先驱工作。 继续往下。 事实:柏林墙在1989年11月9日倒塌。 继续往下。 确定:自由意思是自由生活不伤害别人。 说完这个,说下一个。

常识:独裁是一个人或集团无自由选举统治;民主权力来自人民。 说完这个,说下一个。 简而言之:人权是每个人的基本权利,比如生命自由平等。 就说到这里。 记住:法国大革命1789年以来推翻君主制,自由平等博爱。 继续往下。 记住:柏林墙在1989年11月9日倒塌。

说完这个,说下一个。 简而言之:选民投票,计票,按结果分配席位。 再有一个事实。 联邦议院18岁起。德国欧洲选举16岁起。

这是主题最重要的内容。"
145,历史简述–第25部分,"本文一步一步解释事实。

常识:通货膨胀意思是价格上涨,钱贬值。 说完这个,说下一个。 你知道吗?基本法是德国宪法,1949年以来有效。 说完这个,说下一个。 确定:德国在1990年统一。 继续。 二战从1939持续到1945。

这也重要。 记住:联邦议院18岁起。德国欧洲选举16岁起。 就说到这里。 记住:柏林墙在1989年11月9日倒塌。 说完这个,说下一个。 记住:达芬奇是意大利艺术家和发明家,蒙娜丽莎很著名。 继续往下。

简而言之:二战从1939持续到1945。 这也重要。 事实:一战从1914持续到1918。 再有一个事实。 你知道吗?达芬奇是意大利艺术家和发明家,蒙娜丽莎很著名。 就说到这里。 你知道吗?汽车是奔驰1886年发明的。

就说到这里。 可持续意思是生活让后代也有足够资源。 继续。 事实:第一次动力飞行是1903年莱特兄弟。

文章结束。做得好。"
146,历史简述–第26部分,"这里学习有序知识。慢慢来。

独裁是一个人或集团无自由选举统治;民主权力来自人民。 这也重要。 和平意思是不带战争暴力一起生活。 说完这个,说下一个。 简而言之:基本法是德国宪法,1949年以来有效。 说完这个,说下一个。 事实:居里夫人研究放射性,获得两次诺贝尔奖。

说完这个,说下一个。 事实:电话是1876年贝尔申请专利,莫伊奇有先驱工作。 这也重要。 你知道吗?柏林墙在1989年11月9日倒塌。 就说到这里。 确定:人权是每个人的基本权利,比如生命自由平等。 这也重要。

确定:自由意思是自由生活不伤害别人。 这也重要。 你知道吗?欧盟是欧洲国家联盟,有统一市场和共同机构。 继续往下。 确定:达芬奇是意大利艺术家和发明家,蒙娜丽莎很著名。 继续。 你知道吗?柏林墙是1961到1989年东西柏林之间的隔离边界。

再有一个事实。 你知道吗?工业化是18世纪以来转向机器和工厂。 这也重要。 简而言之:工业化是18世纪以来转向机器和工厂。

概述结束。"
147,历史简述–第27部分,"本文一步一步解释事实。

一战从1914持续到1918。 就说到这里。 简而言之:电话是1876年贝尔申请专利,莫伊奇有先驱工作。 说完这个,说下一个。 事实:法国大革命1789年以来推翻君主制,自由平等博爱。 继续。 记住:居里夫人研究放射性,获得两次诺贝尔奖。

继续往下。 可持续意思是生活让后代也有足够资源。 说完这个,说下一个。 事实:独裁是一个人或集团无自由选举统治;民主权力来自人民。 再有一个事实。 记住:达芬奇是意大利艺术家和发明家,蒙娜丽莎很著名。 说完这个,说下一个。

你知道吗?基础是1969年ARPANET,万维网1989年以来。 继续。 常识:基础是1969年ARPANET,万维网1989年以来。 再有一个事实。 确定:选民投票,计票,按结果分配席位。 说完这个,说下一个。 简而言之:公正意思是对每个人公平平等。

继续。 记住:通货膨胀意思是价格上涨,钱贬值。 再有一个事实。 简而言之:汽车是奔驰1886年发明的。

概述结束。"
148,历史简述–第28部分,"本文介绍重要事实。静静阅读。

你知道吗?欧盟是欧洲国家联盟,有统一市场和共同机构。 这也重要。 简而言之:基础是1969年ARPANET,万维网1989年以来。 继续。 汽车是奔驰1886年发明的。 继续。 简而言之:二战从1939持续到1945。

说完这个,说下一个。 常识:中世纪是从大约500到1500年的时期,在古代和现代之间。 这也重要。 常识:联邦议院18岁起。德国欧洲选举16岁起。 继续。 电话是1876年贝尔申请专利,莫伊奇有先驱工作。 这也重要。

可持续意思是生活让后代也有足够资源。 这也重要。 简而言之:达芬奇是意大利艺术家和发明家,蒙娜丽莎很著名。 继续。 常识:相对论是爱因斯坦提出的。 这也重要。 你知道吗?居里夫人研究放射性,获得两次诺贝尔奖。

这也重要。 民主意思是人民当家,通常通过自由选举和基本权利。 再有一个事实。 事实:欧盟是欧洲国家联盟,有统一市场和共同机构。

概述结束。"
149,历史简述–第29部分,"本文一步一步解释事实。

一战从1914持续到1918。 这也重要。 事实:电话是1876年贝尔申请专利,莫伊奇有先驱工作。 说完这个,说下一个。 简而言之:可持续意思是生活让后代也有足够资源。 再有一个事实。 事实:居里夫人研究放射性,获得两次诺贝尔奖。

这也重要。 确定:电话是1876年贝尔申请专利,莫伊奇有先驱工作。 说完这个,说下一个。 公正意思是对每个人公平平等。 这也重要。 事实:自由意思是自由生活不伤害别人。 说完这个,说下一个。

确定:居里夫人研究放射性,获得两次诺贝尔奖。 继续。 常识:联邦议院18岁起。德国欧洲选举16岁起。 就说到这里。 常识:独裁是一个人或集团无自由选举统治;民主权力来自人民。 继续往下。 常识:第一次动力飞行是1903年莱特兄弟。

继续。 你知道吗?居里夫人研究放射性,获得两次诺贝尔奖。 这也重要。 常识:选民投票,计票,按结果分配席位。

这是主题最重要的内容。"
150,历史简述–第30部分,"下面是验证过的知识。

居里夫人研究放射性,获得两次诺贝尔奖。 继续。 记住:联邦议院18岁起。德国欧洲选举16岁起。 再有一个事实。 事实:和平意思是不带战争暴力一起生活。 就说到这里。 独裁是一个人或集团无自由选举统治;民主权力来自人民。

继续往下。 你知道吗?欧盟有27个成员国。 继续往下。 记住:基本法是德国宪法,1949年以来有效。 再有一个事实。 汽车是奔驰1886年发明的。 继续。

事实:独裁是一个人或集团无自由选举统治;民主权力来自人民。 说完这个,说下一个。 常识:自由意思是自由生活不伤害别人。 继续。 确定:基本法是德国宪法,1949年以来有效。 继续。 记住:第一次动力飞行是1903年莱特兄弟。

这也重要。 确定:相对论是爱因斯坦提出的。 继续。 你知道吗?民主意思是人民当家,通常通过自由选举和基本权利。

现在你知道事实了。"
151,历史简述–第31部分,"下面是验证过的知识。

确定:独裁是一个人或集团无自由选举统治;民主权力来自人民。 这也重要。 常识:联邦议院18岁起。德国欧洲选举16岁起。 继续。 简而言之:民主意思是人民当家,通常通过自由选举和基本权利。 继续。 确定:中世纪是从大约500到1500年的时期,在古代和现代之间。

继续。 简而言之:柏林墙在1989年11月9日倒塌。 就说到这里。 记住:联邦议院18岁起。德国欧洲选举16岁起。 继续往下。 简而言之:公正意思是对每个人公平平等。 就说到这里。

欧盟有27个成员国。 说完这个,说下一个。 常识:相对论是爱因斯坦提出的。 再有一个事实。 常识:欧盟有27个成员国。 说完这个,说下一个。 和平意思是不带战争暴力一起生活。

继续。 你知道吗?柏林墙是1961到1989年东西柏林之间的隔离边界。 说完这个,说下一个。 你知道吗?通货膨胀意思是价格上涨,钱贬值。

现在你知道事实了。"
152,历史简述–第32部分,"本文一步一步解释事实。

确定:居里夫人研究放射性,获得两次诺贝尔奖。 继续往下。 事实:和平意思是不带战争暴力一起生活。 再有一个事实。 事实:柏林墙在1989年11月9日倒塌。 说完这个,说下一个。 简而言之:和平意思是不带战争暴力一起生活。

说完这个,说下一个。 事实:相对论是爱因斯坦提出的。 这也重要。 你知道吗?柏林墙是1961到1989年东西柏林之间的隔离边界。 这也重要。 记住:联邦议院18岁起。德国欧洲选举16岁起。 就说到这里。

简而言之:中世纪是从大约500到1500年的时期,在古代和现代之间。 继续往下。 居里夫人研究放射性,获得两次诺贝尔奖。 再有一个事实。 确定:选民投票,计票,按结果分配席位。 说完这个,说下一个。 确定:第一次动力飞行是1903年莱特兄弟。

再有一个事实。 基础是1969年ARPANET,万维网1989年以来。 继续。 确定:相对论是爱因斯坦提出的。

概述结束。"
153,历史简述–第33部分,"下面是验证过的知识。

基础是1969年ARPANET,万维网1989年以来。 再有一个事实。 常识:和平意思是不带战争暴力一起生活。 就说到这里。 你知道吗?公正意思是对每个人公平平等。 继续往下。 记住:第一次登月是1969年阿波罗11号。

继续往下。 简而言之:法国大革命1789年以来推翻君主制,自由平等博爱。 再有一个事实。 常识:欧盟是欧洲国家联盟,有统一市场和共同机构。 继续往下。 确定:汽车是奔驰1886年发明的。 继续往下。

公正意思是对每个人公平平等。 这也重要。 和平意思是不带战争暴力一起生活。 继续。 简而言之:达芬奇是意大利艺术家和发明家,蒙娜丽莎很著名。 再有一个事实。 你知道吗?选民投票,计票,按结果分配席位。

继续往下。 事实:法国大革命1789年以来推翻君主制,自由平等博爱。 继续往下。 确定:通货膨胀意思是价格上涨,钱贬值。

这是主题最重要的内容。"
154,历史简述–第34部分,"下面是验证过的知识。

记住:和平意思是不带战争暴力一起生活。 继续。 确定:民主意思是人民当家,通常通过自由选举和基本权利。 这也重要。 事实:德国在1990年统一。 这也重要。 常识:柏林墙是1961到1989年东西柏林之间的隔离边界。

这也重要。 事实:第一次动力飞行是1903年莱特兄弟。 这也重要。 你知道吗?欧盟有27个成员国。 继续。 事实:柏林墙在1989年11月9日倒塌。 这也重要。

事实:基础是1969年ARPANET,万维网1989年以来。 再有一个事实。 确定:可持续意思是生活让后代也有足够资源。 再有一个事实。 记住:电话是1876年贝尔申请专利,莫伊奇有先驱工作。 继续。 记住:中世纪是从大约500到1500年的时期,在古代和现代之间。

就说到这里。 简而言之:欧盟有27个成员国。 说完这个,说下一个。 你知道吗?工业化是18世纪以来转向机器和工厂。

这是主题最重要的内容。"
155,历史简述–第35部分,"本文一步一步解释事实。

通货膨胀意思是价格上涨,钱贬值。 这也重要。 简而言之:第一次登月是1969年阿波罗11号。 继续。 你知道吗?霸凌是重复欺负。和信任的人谈,保留证据,求助。 继续往下。 确定:欧盟有27个成员国。

就说到这里。 简而言之:中世纪是从大约500到1500年的时期,在古代和现代之间。 这也重要。 事实:联邦议院18岁起。德国欧洲选举16岁起。 再有一个事实。 确定:基本法是德国宪法,1949年以来有效。 继续往下。

你知道吗?通货膨胀意思是价格上涨,钱贬值。 继续。 记住:欧盟有27个成员国。 说完这个,说下一个。 事实:基础是1969年ARPANET,万维网1989年以来。 就说到这里。 事实:二战从1939持续到1945。

继续。 事实:汽车是奔驰1886年发明的。 再有一个事实。 简而言之:欧盟是欧洲国家联盟,有统一市场和共同机构。

文章结束。做得好。"
156,历史简述–第36部分,"本文一步一步解释事实。

确定:柏林墙在1989年11月9日倒塌。 这也重要。 你知道吗?相对论是爱因斯坦提出的。 继续往下。 汽车是奔驰1886年发明的。 这也重要。 常识:霸凌是重复欺负。和信任的人谈,保留证据,求助。

继续往下。 常识:第一次动力飞行是1903年莱特兄弟。 说完这个,说下一个。 常识:二战从1939持续到1945。 就说到这里。 事实:工业化是18世纪以来转向机器和工厂。 说完这个,说下一个。

联邦议院18岁起。德国欧洲选举16岁起。 再有一个事实。 你知道吗?法国大革命1789年以来推翻君主制,自由平等博爱。 这也重要。 事实:电话是1876年贝尔申请专利,莫伊奇有先驱工作。 继续。 事实:选民投票,计票,按结果分配席位。

就说到这里。 确定:自由意思是自由生活不伤害别人。 继续往下。 事实:达芬奇是意大利艺术家和发明家,蒙娜丽莎很著名。

概述结束。"
157,历史简述–第37部分,"本文介绍重要事实。静静阅读。

简而言之:一战从1914持续到1918。 继续往下。 基础是1969年ARPANET,万维网1989年以来。 再有一个事实。 常识:欧盟有27个成员国。 这也重要。 事实:达芬奇是意大利艺术家和发明家,蒙娜丽莎很著名。

再有一个事实。 事实:基本法是德国宪法,1949年以来有效。 继续。 简而言之:公正意思是对每个人公平平等。 就说到这里。 简而言之:霸凌是重复欺负。和信任的人谈,保留证据,求助。 再有一个事实。

事实:选民投票,计票,按结果分配席位。 这也重要。 常识:霸凌是重复欺负。和信任的人谈,保留证据,求助。 就说到这里。 确定:欧盟是欧洲国家联盟,有统一市场和共同机构。 就说到这里。 事实:法国大革命1789年以来推翻君主制,自由平等博爱。

再有一个事实。 常识:独裁是一个人或集团无自由选举统治;民主权力来自人民。 继续往下。 你知道吗?可持续意思是生活让后代也有足够资源。

文章结束。做得好。"
158,历史简述–第38部分,"本文一步一步解释事实。

记住:一战从1914持续到1918。 这也重要。 简而言之:欧盟有27个成员国。 继续往下。 简而言之:独裁是一个人或集团无自由选举统治;民主权力来自人民。 说完这个,说下一个。 简而言之:通货膨胀意思是价格上涨,钱贬值。

说完这个,说下一个。 常识:基本法是德国宪法,1949年以来有效。 再有一个事实。 记住:选民投票,计票,按结果分配席位。 这也重要。 记住:公正意思是对每个人公平平等。 继续往下。

事实:一战从1914持续到1918。 继续。 工业化是18世纪以来转向机器和工厂。 继续往下。 汽车是奔驰1886年发明的。 这也重要。 简而言之:和平意思是不带战争暴力一起生活。

继续往下。 事实:第一次登月是1969年阿波罗11号。 这也重要。 常识:基础是1969年ARPANET,万维网1989年以来。

文章结束。做得好。"
159,历史简述–第39部分,"这里学习有序知识。慢慢来。

记住:第一次登月是1969年阿波罗11号。 继续。 简而言之:公正意思是对每个人公平平等。 说完这个,说下一个。 一战从1914持续到1918。 继续往下。 常识:电话是1876年贝尔申请专利,莫伊奇有先驱工作。

说完这个,说下一个。 相对论是爱因斯坦提出的。 继续往下。 民主意思是人民当家,通常通过自由选举和基本权利。 再有一个事实。 记住:第一次动力飞行是1903年莱特兄弟。 再有一个事实。

记住:独裁是一个人或集团无自由选举统治;民主权力来自人民。 这也重要。 达芬奇是意大利艺术家和发明家,蒙娜丽莎很著名。 继续。 常识:一战从1914持续到1918。 说完这个,说下一个。 第一次登月是1969年阿波罗11号。

就说到这里。 通货膨胀意思是价格上涨,钱贬值。 就说到这里。 你知道吗?选民投票,计票,按结果分配席位。

这是主题最重要的内容。"
160,历史简述–第40部分,"本文介绍重要事实。静静阅读。

你知道吗?中世纪是从大约500到1500年的时期,在古代和现代之间。 继续。 记住:可持续意思是生活让后代也有足够资源。 再有一个事实。 工业化是18世纪以来转向机器和工厂。 说完这个,说下一个。 确定:和平意思是不带战争暴力一起生活。

继续往下。 事实:德国在1990年统一。 继续。 记住:居里夫人研究放射性,获得两次诺贝尔奖。 就说到这里。 简而言之:民主意思是人民当家,通常通过自由选举和基本权利。 就说到这里。

常识:居里夫人研究放射性,获得两次诺贝尔奖。 说完这个,说下一个。 记住:欧盟是欧洲国家联盟,有统一市场和共同机构。 这也重要。 确定:法国大革命1789年以来推翻君主制,自由平等博爱。 就说到这里。 常识:汽车是奔驰1886年发明的。

继续往下。 你知道吗?独裁是一个人或集团无自由选举统治;民主权力来自人民。 就说到这里。 常识:达芬奇是意大利艺术家和发明家,蒙娜丽莎很著名。

现在你知道事实了。"
161,历史简述–第41部分,"这里学习有序知识。慢慢来。

记住:基础是1969年ARPANET,万维网1989年以来。 继续。 事实:第一次动力飞行是1903年莱特兄弟。 就说到这里。 事实:基本法是德国宪法,1949年以来有效。 继续。 记住:基本法是德国宪法,1949年以来有效。

继续往下。 常识:和平意思是不带战争暴力一起生活。 继续。 记住:第一次登月是1969年阿波罗11号。 再有一个事实。 确定:德国在1990年统一。 就说到这里。

常识:欧盟是欧洲国家联盟,有统一市场和共同机构。 再有一个事实。 记住:欧盟是欧洲国家联盟,有统一市场和共同机构。 说完这个,说下一个。 你知道吗?通货膨胀意思是价格上涨,钱贬值。 继续。 记住:霸凌是重复欺负。和信任的人谈,保留证据,求助。

就说到这里。 通货膨胀意思是价格上涨,钱贬值。 这也重要。 确定:二战从1939持续到1945。

现在你知道事实了。"
162,历史简述–第42部分,"本文介绍重要事实。静静阅读。

记住:达芬奇是意大利艺术家和发明家,蒙娜丽莎很著名。 继续。 你知道吗?汽车是奔驰1886年发明的。 再有一个事实。 确定:选民投票,计票,按结果分配席位。 这也重要。 你知道吗?独裁是一个人或集团无自由选举统治;民主权力来自人民。

就说到这里。 确定:电话是1876年贝尔申请专利,莫伊奇有先驱工作。 继续。 常识:二战从1939持续到1945。 这也重要。 记住:一战从1914持续到1918。 再有一个事实。

简而言之:欧盟是欧洲国家联盟,有统一市场和共同机构。 再有一个事实。 常识:欧盟有27个成员国。 就说到这里。 确定:中世纪是从大约500到1500年的时期,在古代和现代之间。 继续往下。 简而言之:电话是1876年贝尔申请专利,莫伊奇有先驱工作。

就说到这里。 常识:德国在1990年统一。 继续。 你知道吗?一战从1914持续到1918。

这是主题最重要的内容。"
163,历史简述–第43部分,"本文一步一步解释事实。

简而言之:工业化是18世纪以来转向机器和工厂。 就说到这里。 事实:选民投票,计票,按结果分配席位。 再有一个事实。 确定:电话是1876年贝尔申请专利,莫伊奇有先驱工作。 再有一个事实。 可持续意思是生活让后代也有足够资源。

再有一个事实。 事实:联邦议院18岁起。德国欧洲选举16岁起。 说完这个,说下一个。 居里夫人研究放射性,获得两次诺贝尔奖。 这也重要。 你知道吗?二战从1939持续到1945。 再有一个事实。

常识:选民投票,计票,按结果分配席位。 再有一个事实。 你知道吗?柏林墙在1989年11月9日倒塌。 继续往下。 柏林墙在1989年11月9日倒塌。 说完这个,说下一个。 你知道吗?相对论是爱因斯坦提出的。

就说到这里。 记住:民主意思是人民当家,通常通过自由选举和基本权利。 这也重要。 你知道吗?工业化是18世纪以来转向机器和工厂。

文章结束。做得好。"
164,历史简述–第44部分,"这里学习有序知识。慢慢来。

事实:柏林墙在1989年11月9日倒塌。 这也重要。 确定:德国在1990年统一。 说完这个,说下一个。 居里夫人研究放射性,获得两次诺贝尔奖。 继续往下。 确定:中世纪是从大约500到1500年的时期,在古代和现代之间。

再有一个事实。 你知道吗?居里夫人研究放射性,获得两次诺贝尔奖。 再有一个事实。 你知道吗?柏林墙在1989年11月9日倒塌。 再有一个事实。 你知道吗?第一次登月是1969年阿波罗11号。 就说到这里。

确定:欧盟是欧洲国家联盟,有统一市场和共同机构。 说完这个,说下一个。 常识:法国大革命1789年以来推翻君主制,自由平等博爱。 说完这个,说下一个。 记住:第一次动力飞行是1903年莱特兄弟。 就说到这里。 常识:联邦议院18岁起。德国欧洲选举16岁起。

就说到这里。 简而言之:独裁是一个人或集团无自由选举统治;民主权力来自人民。 再有一个事实。 简而言之:相对论是爱因斯坦提出的。

文章结束。做得好。"
165,历史简述–第45部分,"本文介绍重要事实。静静阅读。

记住:基础是1969年ARPANET,万维网1989年以来。 这也重要。 确定:欧盟是欧洲国家联盟,有统一市场和共同机构。 继续往下。 简而言之:二战从1939持续到1945。 这也重要。 常识:二战从1939持续到1945。

再有一个事实。 独裁是一个人或集团无自由选举统治;民主权力来自人民。 说完这个,说下一个。 简而言之:人权是每个人的基本权利,比如生命自由平等。 说完这个,说下一个。 常识:公正意思是对每个人公平平等。 说完这个,说下一个。

常识:民主意思是人民当家,通常通过自由选举和基本权利。 这也重要。 你知道吗?欧盟是欧洲国家联盟,有统一市场和共同机构。 就说到这里。 确定:独裁是一个人或集团无自由选举统治;民主权力来自人民。 说完这个,说下一个。 确定:欧盟有27个成员国。

就说到这里。 简而言之:一战从1914持续到1918。 再有一个事实。 你知道吗?第一次动力飞行是1903年莱特兄弟。

概述结束。"
166,历史简述–第46部分,"这里学习有序知识。慢慢来。

常识:基础是1969年ARPANET,万维网1989年以来。 说完这个,说下一个。 你知道吗?汽车是奔驰1886年发明的。 继续。 事实:欧盟是欧洲国家联盟,有统一市场和共同机构。 再有一个事实。 联邦议院18岁起。德国欧洲选举16岁起。

再有一个事实。 记住:和平意思是不带战争暴力一起生活。 这也重要。 事实:自由意思是自由生活不伤害别人。 这也重要。 常识:相对论是爱因斯坦提出的。 说完这个,说下一个。

确定:法国大革命1789年以来推翻君主制,自由平等博爱。 就说到这里。 记住:居里夫人研究放射性,获得两次诺贝尔奖。 继续。 你知道吗?霸凌是重复欺负。和信任的人谈,保留证据,求助。 继续。 柏林墙在1989年11月9日倒塌。

继续往下。 记住:联邦议院18岁起。德国欧洲选举16岁起。 继续往下。 常识:联邦议院18岁起。德国欧洲选举16岁起。

这是主题最重要的内容。"
167,历史简述–第47部分,"本文介绍重要事实。静静阅读。

记住:达芬奇是意大利艺术家和发明家,蒙娜丽莎很著名。 这也重要。 选民投票,计票,按结果分配席位。 就说到这里。 事实:法国大革命1789年以来推翻君主制,自由平等博爱。 这也重要。 独裁是一个人或集团无自由选举统治;民主权力来自人民。

继续往下。 简而言之:霸凌是重复欺负。和信任的人谈,保留证据,求助。 说完这个,说下一个。 确定:居里夫人研究放射性,获得两次诺贝尔奖。 继续往下。 记住:柏林墙是1961到1989年东西柏林之间的隔离边界。 再有一个事实。

事实:独裁是一个人或集团无自由选举统治;民主权力来自人民。 就说到这里。 事实:和平意思是不带战争暴力一起生活。 继续。 基本法是德国宪法,1949年以来有效。 继续。 你知道吗?汽车是奔驰1886年发明的。

这也重要。 事实:人权是每个人的基本权利,比如生命自由平等。 说完这个,说下一个。 简而言之:法国大革命1789年以来推翻君主制,自由平等博爱。

这是主题最重要的内容。"
168,历史简述–第48部分,"下面是验证过的知识。

记住:第一次动力飞行是1903年莱特兄弟。 继续往下。 常识:汽车是奔驰1886年发明的。 这也重要。 你知道吗?欧盟是欧洲国家联盟,有统一市场和共同机构。 说完这个,说下一个。 你知道吗?相对论是爱因斯坦提出的。

就说到这里。 你知道吗?柏林墙在1989年11月9日倒塌。 继续。 确定:电话是1876年贝尔申请专利,莫伊奇有先驱工作。 这也重要。 确定:二战从1939持续到1945。 这也重要。

记住:可持续意思是生活让后代也有足够资源。 就说到这里。 确定:人权是每个人的基本权利,比如生命自由平等。 再有一个事实。 可持续意思是生活让后代也有足够资源。 继续。 简而言之:可持续意思是生活让后代也有足够资源。

继续往下。 你知道吗?公正意思是对每个人公平平等。 再有一个事实。 你知道吗?达芬奇是意大利艺术家和发明家,蒙娜丽莎很著名。

这是主题最重要的内容。"
169,历史简述–第49部分,"这里学习有序知识。慢慢来。

事实:基础是1969年ARPANET,万维网1989年以来。 继续往下。 事实:人权是每个人的基本权利,比如生命自由平等。 再有一个事实。 确定:可持续意思是生活让后代也有足够资源。 继续往下。 确定:自由意思是自由生活不伤害别人。

说完这个,说下一个。 确定:公正意思是对每个人公平平等。 继续。 常识:中世纪是从大约500到1500年的时期,在古代和现代之间。 这也重要。 一战从1914持续到1918。 继续往下。

法国大革命1789年以来推翻君主制,自由平等博爱。 继续往下。 事实:汽车是奔驰1886年发明的。 说完这个,说下一个。 事实:可持续意思是生活让后代也有足够资源。 继续。 确定:第一次动力飞行是1903年莱特兄弟。

继续。 常识:基本法是德国宪法,1949年以来有效。 继续。 常识:二战从1939持续到1945。

概述结束。"
170,历史简述–第50部分,"本文介绍重要事实。静静阅读。

记住:和平意思是不带战争暴力一起生活。 继续。 确定:汽车是奔驰1886年发明的。 继续。 事实:第一次动力飞行是1903年莱特兄弟。 继续。 你知道吗?一战从1914持续到1918。

就说到这里。 柏林墙在1989年11月9日倒塌。 继续往下。 选民投票,计票,按结果分配席位。 继续往下。 简而言之:汽车是奔驰1886年发明的。 再有一个事实。

记住:基础是1969年ARPANET,万维网1989年以来。 继续往下。 你知道吗?工业化是18世纪以来转向机器和工厂。 说完这个,说下一个。 简而言之:达芬奇是意大利艺术家和发明家,蒙娜丽莎很著名。 说完这个,说下一个。 事实:基础是1969年ARPANET,万维网1989年以来。

继续。 记住:一战从1914持续到1918。 这也重要。 记住:人权是每个人的基本权利,比如生命自由平等。

这是主题最重要的内容。"
171,历史简述–第51部分,"本文一步一步解释事实。

确定:工业化是18世纪以来转向机器和工厂。 说完这个,说下一个。 工业化是18世纪以来转向机器和工厂。 就说到这里。 事实:基本法是德国宪法,1949年以来有效。 就说到这里。 事实:第一次登月是1969年阿波罗11号。

这也重要。 你知道吗?法国大革命1789年以来推翻君主制,自由平等博爱。 继续。 二战从1939持续到1945。 再有一个事实。 记住:民主意思是人民当家,通常通过自由选举和基本权利。 再有一个事实。

事实:中世纪是从大约500到1500年的时期,在古代和现代之间。 说完这个,说下一个。 确定:可持续意思是生活让后代也有足够资源。 这也重要。 常识:通货膨胀意思是价格上涨,钱贬值。 继续往下。 独裁是一个人或集团无自由选举统治;民主权力来自人民。

说完这个,说下一个。 事实:欧盟有27个成员国。 说完这个,说下一个。 简而言之:自由意思是自由生活不伤害别人。

文章结束。做得好。"
172,历史简述–第52部分,"本文一步一步解释事实。

记住:公正意思是对每个人公平平等。 说完这个,说下一个。 记住:达芬奇是意大利艺术家和发明家,蒙娜丽莎很著名。 这也重要。 你知道吗?柏林墙是1961到1989年东西柏林之间的隔离边界。 再有一个事实。 确定:可持续意思是生活让后代也有足够资源。

就说到这里。 简而言之:相对论是爱因斯坦提出的。 这也重要。 常识:民主意思是人民当家,通常通过自由选举和基本权利。 就说到这里。 欧盟有27个成员国。 说完这个,说下一个。

简而言之:自由意思是自由生活不伤害别人。 就说到这里。 记住:独裁是一个人或集团无自由选举统治;民主权力来自人民。 继续。 常识:相对论是爱因斯坦提出的。 说完这个,说下一个。 记住:联邦议院18岁起。德国欧洲选举16岁起。

继续往下。 确定:达芬奇是意大利艺术家和发明家,蒙娜丽莎很著名。 继续往下。 简而言之:柏林墙是1961到1989年东西柏林之间的隔离边界。

文章结束。做得好。"
173,历史简述–第53部分,"这里学习有序知识。慢慢来。

简而言之:相对论是爱因斯坦提出的。 继续往下。 简而言之:人权是每个人的基本权利,比如生命自由平等。 继续往下。 你知道吗?汽车是奔驰1886年发明的。 这也重要。 确定:汽车是奔驰1886年发明的。

再有一个事实。 你知道吗?居里夫人研究放射性,获得两次诺贝尔奖。 再有一个事实。 简而言之:公正意思是对每个人公平平等。 继续往下。 简而言之:第一次动力飞行是1903年莱特兄弟。 说完这个,说下一个。

记住:霸凌是重复欺负。和信任的人谈,保留证据,求助。 说完这个,说下一个。 事实:德国在1990年统一。 就说到这里。 你知道吗?欧盟是欧洲国家联盟,有统一市场和共同机构。 就说到这里。 确定:柏林墙是1961到1989年东西柏林之间的隔离边界。

这也重要。 你知道吗?独裁是一个人或集团无自由选举统治;民主权力来自人民。 继续。 常识:独裁是一个人或集团无自由选举统治;民主权力来自人民。

现在你知道事实了。"
174,历史简述–第54部分,"本文介绍重要事实。静静阅读。

记住:可持续意思是生活让后代也有足够资源。 这也重要。 确定:汽车是奔驰1886年发明的。 说完这个,说下一个。 简而言之:柏林墙在1989年11月9日倒塌。 继续往下。 基础是1969年ARPANET,万维网1989年以来。

继续。 第一次登月是1969年阿波罗11号。 就说到这里。 简而言之:一战从1914持续到1918。 说完这个,说下一个。 常识:联邦议院18岁起。德国欧洲选举16岁起。 继续。

事实:德国在1990年统一。 这也重要。 记住:第一次动力飞行是1903年莱特兄弟。 就说到这里。 和平意思是不带战争暴力一起生活。 继续。 事实:柏林墙在1989年11月9日倒塌。

继续。 简而言之:联邦议院18岁起。德国欧洲选举16岁起。 说完这个,说下一个。 简而言之:欧盟是欧洲国家联盟,有统一市场和共同机构。

这是主题最重要的内容。"
175,历史简述–第55部分,"下面是验证过的知识。

确定:民主意思是人民当家,通常通过自由选举和基本权利。 就说到这里。 常识:相对论是爱因斯坦提出的。 说完这个,说下一个。 你知道吗?二战从1939持续到1945。 就说到这里。 事实:柏林墙是1961到1989年东西柏林之间的隔离边界。

继续。 事实:联邦议院18岁起。德国欧洲选举16岁起。 再有一个事实。 简而言之:柏林墙是1961到1989年东西柏林之间的隔离边界。 就说到这里。 你知道吗?欧盟有27个成员国。 这也重要。

事实:通货膨胀意思是价格上涨,钱贬值。 就说到这里。 记住:人权是每个人的基本权利,比如生命自由平等。 再有一个事实。 常识:基本法是德国宪法,1949年以来有效。 继续往下。 简而言之:独裁是一个人或集团无自由选举统治;民主权力来自人民。

再有一个事实。 确定:电话是1876年贝尔申请专利,莫伊奇有先驱工作。 这也重要。 简而言之:和平意思是不带战争暴力一起生活。

现在你知道事实了。"
176,历史简述–第56部分,"下面是验证过的知识。

记住:选民投票,计票,按结果分配席位。 就说到这里。 简而言之:基础是1969年ARPANET,万维网1989年以来。 说完这个,说下一个。 记住:德国在1990年统一。 这也重要。 常识:自由意思是自由生活不伤害别人。

这也重要。 记住:第一次登月是1969年阿波罗11号。 继续。 可持续意思是生活让后代也有足够资源。 就说到这里。 事实:相对论是爱因斯坦提出的。 继续。

常识:选民投票,计票,按结果分配席位。 说完这个,说下一个。 确定:通货膨胀意思是价格上涨,钱贬值。 继续往下。 常识:柏林墙在1989年11月9日倒塌。 说完这个,说下一个。 你知道吗?工业化是18世纪以来转向机器和工厂。

就说到这里。 你知道吗?基本法是德国宪法,1949年以来有效。 这也重要。 常识:独裁是一个人或集团无自由选举统治;民主权力来自人民。

现在你知道事实了。"
177,历史简述–第57部分,"本文介绍重要事实。静静阅读。

事实:欧盟有27个成员国。 说完这个,说下一个。 确定:柏林墙是1961到1989年东西柏林之间的隔离边界。 就说到这里。 记住:公正意思是对每个人公平平等。 就说到这里。 中世纪是从大约500到1500年的时期,在古代和现代之间。

这也重要。 记住:选民投票,计票,按结果分配席位。 说完这个,说下一个。 记住:居里夫人研究放射性,获得两次诺贝尔奖。 继续。 记住:法国大革命1789年以来推翻君主制,自由平等博爱。 说完这个,说下一个。

你知道吗?通货膨胀意思是价格上涨,钱贬值。 再有一个事实。 记住:人权是每个人的基本权利,比如生命自由平等。 说完这个,说下一个。 确定:联邦议院18岁起。德国欧洲选举16岁起。 继续往下。 确定:人权是每个人的基本权利,比如生命自由平等。

就说到这里。 确定:通货膨胀意思是价格上涨,钱贬值。 这也重要。 常识:自由意思是自由生活不伤害别人。

概述结束。"
178,历史简述–第58部分,"本文介绍重要事实。静静阅读。

一战从1914持续到1918。 继续往下。 事实:法国大革命1789年以来推翻君主制,自由平等博爱。 继续往下。 记住:德国在1990年统一。 这也重要。 你知道吗?居里夫人研究放射性,获得两次诺贝尔奖。

这也重要。 确定:工业化是18世纪以来转向机器和工厂。 说完这个,说下一个。 简而言之:基本法是德国宪法,1949年以来有效。 再有一个事实。 确定:可持续意思是生活让后代也有足够资源。 再有一个事实。

简而言之:德国在1990年统一。 继续。 事实:达芬奇是意大利艺术家和发明家,蒙娜丽莎很著名。 再有一个事实。 确定:选民投票,计票,按结果分配席位。 这也重要。 记住:相对论是爱因斯坦提出的。

这也重要。 确定:柏林墙是1961到1989年东西柏林之间的隔离边界。 说完这个,说下一个。 确定:达芬奇是意大利艺术家和发明家,蒙娜丽莎很著名。

概述结束。"
179,历史简述–第59部分,"下面是验证过的知识。

确定:和平意思是不带战争暴力一起生活。 继续。 简而言之:人权是每个人的基本权利,比如生命自由平等。 说完这个,说下一个。 确定:德国在1990年统一。 这也重要。 简而言之:柏林墙在1989年11月9日倒塌。

就说到这里。 电话是1876年贝尔申请专利,莫伊奇有先驱工作。 继续往下。 你知道吗?中世纪是从大约500到1500年的时期,在古代和现代之间。 说完这个,说下一个。 事实:德国在1990年统一。 继续。

记住:达芬奇是意大利艺术家和发明家,蒙娜丽莎很著名。 说完这个,说下一个。 记住:和平意思是不带战争暴力一起生活。 就说到这里。 你知道吗?汽车是奔驰1886年发明的。 继续往下。 记住:人权是每个人的基本权利,比如生命自由平等。

这也重要。 简而言之:相对论是爱因斯坦提出的。 再有一个事实。 确定:电话是1876年贝尔申请专利,莫伊奇有先驱工作。

这是主题最重要的内容。"
180,历史简述–第60部分,"本文介绍重要事实。静静阅读。

简而言之:法国大革命1789年以来推翻君主制,自由平等博爱。 再有一个事实。 记住:民主意思是人民当家,通常通过自由选举和基本权利。 就说到这里。 记住:汽车是奔驰1886年发明的。 继续往下。 确定:选民投票,计票,按结果分配席位。

说完这个,说下一个。 你知道吗?联邦议院18岁起。德国欧洲选举16岁起。 再有一个事实。 记住:第一次登月是1969年阿波罗11号。 再有一个事实。 事实:德国在1990年统一。 这也重要。

事实:联邦议院18岁起。德国欧洲选举16岁起。 继续往下。 简而言之:自由意思是自由生活不伤害别人。 就说到这里。 确定:第一次动力飞行是1903年莱特兄弟。 再有一个事实。 你知道吗?第一次登月是1969年阿波罗11号。

继续往下。 记住:人权是每个人的基本权利,比如生命自由平等。 说完这个,说下一个。 简而言之:和平意思是不带战争暴力一起生活。

这是主题最重要的内容。"
181,历史简述–第61部分,"本文一步一步解释事实。

居里夫人研究放射性,获得两次诺贝尔奖。 再有一个事实。 记住:公正意思是对每个人公平平等。 继续。 事实:自由意思是自由生活不伤害别人。 继续往下。 记住:电话是1876年贝尔申请专利,莫伊奇有先驱工作。

说完这个,说下一个。 简而言之:德国在1990年统一。 这也重要。 你知道吗?柏林墙在1989年11月9日倒塌。 再有一个事实。 简而言之:基础是1969年ARPANET,万维网1989年以来。 继续。

简而言之:可持续意思是生活让后代也有足够资源。 继续。 选民投票,计票,按结果分配席位。 就说到这里。 通货膨胀意思是价格上涨,钱贬值。 继续。 你知道吗?电话是1876年贝尔申请专利,莫伊奇有先驱工作。

这也重要。 常识:达芬奇是意大利艺术家和发明家,蒙娜丽莎很著名。 继续往下。 简而言之:公正意思是对每个人公平平等。

概述结束。"
182,历史简述–第62部分,"这里学习有序知识。慢慢来。

常识:法国大革命1789年以来推翻君主制,自由平等博爱。 说完这个,说下一个。 常识:选民投票,计票,按结果分配席位。 再有一个事实。 记住:民主意思是人民当家,通常通过自由选举和基本权利。 继续。 选民投票,计票,按结果分配席位。

再有一个事实。 事实:欧盟是欧洲国家联盟,有统一市场和共同机构。 说完这个,说下一个。 确定:霸凌是重复欺负。和信任的人谈,保留证据,求助。 就说到这里。 你知道吗?自由意思是自由生活不伤害别人。 再有一个事实。

记住:二战从1939持续到1945。 这也重要。 基本法是德国宪法,1949年以来有效。 再有一个事实。 常识:公正意思是对每个人公平平等。 继续往下。 确定:通货膨胀意思是价格上涨,钱贬值。

这也重要。 汽车是奔驰1886年发明的。 就说到这里。 你知道吗?电话是1876年贝尔申请专利,莫伊奇有先驱工作。

概述结束。"
183,历史简述–第63部分,"这里学习有序知识。慢慢来。

霸凌是重复欺负。和信任的人谈,保留证据,求助。 继续往下。 确定:柏林墙是1961到1989年东西柏林之间的隔离边界。 这也重要。 简而言之:霸凌是重复欺负。和信任的人谈,保留证据,求助。 再有一个事实。 常识:霸凌是重复欺负。和信任的人谈,保留证据,求助。

说完这个,说下一个。 通货膨胀意思是价格上涨,钱贬值。 继续。 事实:自由意思是自由生活不伤害别人。 就说到这里。 确定:选民投票,计票,按结果分配席位。 继续往下。

你知道吗?基础是1969年ARPANET,万维网1989年以来。 继续。 常识:第一次登月是1969年阿波罗11号。 这也重要。 常识:可持续意思是生活让后代也有足够资源。 再有一个事实。 常识:汽车是奔驰1886年发明的。

说完这个,说下一个。 你知道吗?一战从1914持续到1918。 就说到这里。 简而言之:基础是1969年ARPANET,万维网1989年以来。

这是主题最重要的内容。"
184,历史简述–第64部分,"下面是验证过的知识。

常识:独裁是一个人或集团无自由选举统治;民主权力来自人民。 就说到这里。 确定:通货膨胀意思是价格上涨,钱贬值。 继续往下。 简而言之:达芬奇是意大利艺术家和发明家,蒙娜丽莎很著名。 继续往下。 柏林墙是1961到1989年东西柏林之间的隔离边界。

继续往下。 记住:公正意思是对每个人公平平等。 继续。 确定:中世纪是从大约500到1500年的时期,在古代和现代之间。 继续往下。 事实:通货膨胀意思是价格上涨,钱贬值。 再有一个事实。

你知道吗?汽车是奔驰1886年发明的。 再有一个事实。 你知道吗?相对论是爱因斯坦提出的。 说完这个,说下一个。 记住:联邦议院18岁起。德国欧洲选举16岁起。 这也重要。 简而言之:居里夫人研究放射性,获得两次诺贝尔奖。

继续往下。 你知道吗?民主意思是人民当家,通常通过自由选举和基本权利。 继续。 简而言之:人权是每个人的基本权利,比如生命自由平等。

这是主题最重要的内容。"
185,历史简述–第65部分,"本文一步一步解释事实。

确定:公正意思是对每个人公平平等。 就说到这里。 简而言之:欧盟是欧洲国家联盟,有统一市场和共同机构。 继续往下。 确定:中世纪是从大约500到1500年的时期,在古代和现代之间。 这也重要。 确定:霸凌是重复欺负。和信任的人谈,保留证据,求助。

再有一个事实。 欧盟是欧洲国家联盟,有统一市场和共同机构。 再有一个事实。 简而言之:德国在1990年统一。 继续。 简而言之:相对论是爱因斯坦提出的。 这也重要。

事实:第一次动力飞行是1903年莱特兄弟。 这也重要。 简而言之:独裁是一个人或集团无自由选举统治;民主权力来自人民。 这也重要。 确定:法国大革命1789年以来推翻君主制,自由平等博爱。 这也重要。 工业化是18世纪以来转向机器和工厂。

这也重要。 常识:达芬奇是意大利艺术家和发明家,蒙娜丽莎很著名。 继续。 事实:二战从1939持续到1945。

文章结束。做得好。"
186,历史简述–第66部分,"本文介绍重要事实。静静阅读。

事实:中世纪是从大约500到1500年的时期,在古代和现代之间。 继续。 你知道吗?第一次登月是1969年阿波罗11号。 说完这个,说下一个。 简而言之:通货膨胀意思是价格上涨,钱贬值。 就说到这里。 记住:居里夫人研究放射性,获得两次诺贝尔奖。

继续。 事实:欧盟有27个成员国。 这也重要。 确定:柏林墙是1961到1989年东西柏林之间的隔离边界。 说完这个,说下一个。 第一次登月是1969年阿波罗11号。 就说到这里。

常识:独裁是一个人或集团无自由选举统治;民主权力来自人民。 再有一个事实。 简而言之:独裁是一个人或集团无自由选举统治;民主权力来自人民。 这也重要。 确定:电话是1876年贝尔申请专利,莫伊奇有先驱工作。 就说到这里。 你知道吗?民主意思是人民当家,通常通过自由选举和基本权利。

就说到这里。 事实:人权是每个人的基本权利,比如生命自由平等。 这也重要。 常识:居里夫人研究放射性,获得两次诺贝尔奖。

这是主题最重要的内容。"
187,历史简述–第67部分,"下面是验证过的知识。

常识:可持续意思是生活让后代也有足够资源。 这也重要。 确定:第一次登月是1969年阿波罗11号。 就说到这里。 事实:基础是1969年ARPANET,万维网1989年以来。 再有一个事实。 简而言之:工业化是18世纪以来转向机器和工厂。

就说到这里。 常识:基础是1969年ARPANET,万维网1989年以来。 说完这个,说下一个。 你知道吗?达芬奇是意大利艺术家和发明家,蒙娜丽莎很著名。 再有一个事实。 你知道吗?公正意思是对每个人公平平等。 继续往下。

简而言之:汽车是奔驰1886年发明的。 继续往下。 事实:中世纪是从大约500到1500年的时期,在古代和现代之间。 就说到这里。 记住:霸凌是重复欺负。和信任的人谈,保留证据,求助。 继续往下。 常识:汽车是奔驰1886年发明的。

再有一个事实。 事实:联邦议院18岁起。德国欧洲选举16岁起。 继续往下。 你知道吗?民主意思是人民当家,通常通过自由选举和基本权利。

文章结束。做得好。"
188,历史简述–第68部分,"本文一步一步解释事实。

事实:汽车是奔驰1886年发明的。 就说到这里。 常识:居里夫人研究放射性,获得两次诺贝尔奖。 说完这个,说下一个。 确定:霸凌是重复欺负。和信任的人谈,保留证据,求助。 继续。 事实:居里夫人研究放射性,获得两次诺贝尔奖。

继续往下。 确定:居里夫人研究放射性,获得两次诺贝尔奖。 继续。 简而言之:柏林墙在1989年11月9日倒塌。 这也重要。 记住:第一次登月是1969年阿波罗11号。 继续。

事实:柏林墙在1989年11月9日倒塌。 再有一个事实。 记住:法国大革命1789年以来推翻君主制,自由平等博爱。 再有一个事实。 记住:可持续意思是生活让后代也有足够资源。 继续往下。 你知道吗?可持续意思是生活让后代也有足够资源。

说完这个,说下一个。 记住:基本法是德国宪法,1949年以来有效。 继续。 事实:自由意思是自由生活不伤害别人。

这是主题最重要的内容。"
189,历史简述–第69部分,"本文介绍重要事实。静静阅读。

德国在1990年统一。 再有一个事实。 常识:基本法是德国宪法,1949年以来有效。 继续。 记住:电话是1876年贝尔申请专利,莫伊奇有先驱工作。 继续往下。 记住:相对论是爱因斯坦提出的。

说完这个,说下一个。 工业化是18世纪以来转向机器和工厂。 就说到这里。 简而言之:法国大革命1789年以来推翻君主制,自由平等博爱。 继续。 记住:柏林墙在1989年11月9日倒塌。 再有一个事实。

你知道吗?欧盟有27个成员国。 继续。 记住:选民投票,计票,按结果分配席位。 就说到这里。 法国大革命1789年以来推翻君主制,自由平等博爱。 继续往下。 你知道吗?汽车是奔驰1886年发明的。

这也重要。 记住:二战从1939持续到1945。 再有一个事实。 柏林墙是1961到1989年东西柏林之间的隔离边界。

概述结束。"
190,历史简述–第70部分,"本文一步一步解释事实。

记住:欧盟有27个成员国。 继续。 汽车是奔驰1886年发明的。 就说到这里。 确定:工业化是18世纪以来转向机器和工厂。 继续。 记住:二战从1939持续到1945。

这也重要。 记住:相对论是爱因斯坦提出的。 继续往下。 事实:第一次动力飞行是1903年莱特兄弟。 说完这个,说下一个。 确定:相对论是爱因斯坦提出的。 继续。

记住:第一次登月是1969年阿波罗11号。 就说到这里。 相对论是爱因斯坦提出的。 再有一个事实。 你知道吗?霸凌是重复欺负。和信任的人谈,保留证据,求助。 再有一个事实。 记住:汽车是奔驰1886年发明的。

再有一个事实。 确定:通货膨胀意思是价格上涨,钱贬值。 继续。 事实:公正意思是对每个人公平平等。

概述结束。"
191,历史简述–第71部分,"本文介绍重要事实。静静阅读。

你知道吗?公正意思是对每个人公平平等。 继续。 你知道吗?自由意思是自由生活不伤害别人。 再有一个事实。 事实:和平意思是不带战争暴力一起生活。 就说到这里。 记住:中世纪是从大约500到1500年的时期,在古代和现代之间。

继续。 事实:联邦议院18岁起。德国欧洲选举16岁起。 再有一个事实。 确定:中世纪是从大约500到1500年的时期,在古代和现代之间。 继续往下。 德国在1990年统一。 就说到这里。

你知道吗?通货膨胀意思是价格上涨,钱贬值。 就说到这里。 事实:柏林墙是1961到1989年东西柏林之间的隔离边界。 再有一个事实。 简而言之:法国大革命1789年以来推翻君主制,自由平等博爱。 继续。 你知道吗?基本法是德国宪法,1949年以来有效。

再有一个事实。 确定:联邦议院18岁起。德国欧洲选举16岁起。 继续。 简而言之:欧盟是欧洲国家联盟,有统一市场和共同机构。

概述结束。"
192,历史简述–第72部分,"下面是验证过的知识。

事实:自由意思是自由生活不伤害别人。 继续。 简而言之:电话是1876年贝尔申请专利,莫伊奇有先驱工作。 这也重要。 人权是每个人的基本权利,比如生命自由平等。 再有一个事实。 简而言之:德国在1990年统一。

就说到这里。 确定:第一次动力飞行是1903年莱特兄弟。 继续。 记住:达芬奇是意大利艺术家和发明家,蒙娜丽莎很著名。 这也重要。 事实:公正意思是对每个人公平平等。 这也重要。

柏林墙是1961到1989年东西柏林之间的隔离边界。 说完这个,说下一个。 事实:联邦议院18岁起。德国欧洲选举16岁起。 再有一个事实。 常识:基本法是德国宪法,1949年以来有效。 继续往下。 常识:二战从1939持续到1945。

就说到这里。 简而言之:独裁是一个人或集团无自由选举统治;民主权力来自人民。 再有一个事实。 常识:电话是1876年贝尔申请专利,莫伊奇有先驱工作。

文章结束。做得好。"
193,历史简述–第73部分,"这里学习有序知识。慢慢来。

确定:和平意思是不带战争暴力一起生活。 说完这个,说下一个。 事实:欧盟是欧洲国家联盟,有统一市场和共同机构。 说完这个,说下一个。 柏林墙是1961到1989年东西柏林之间的隔离边界。 这也重要。 事实:第一次动力飞行是1903年莱特兄弟。

就说到这里。 简而言之:基本法是德国宪法,1949年以来有效。 就说到这里。 记住:独裁是一个人或集团无自由选举统治;民主权力来自人民。 说完这个,说下一个。 工业化是18世纪以来转向机器和工厂。 说完这个,说下一个。

事实:可持续意思是生活让后代也有足够资源。 继续。 事实:民主意思是人民当家,通常通过自由选举和基本权利。 再有一个事实。 简而言之:基础是1969年ARPANET,万维网1989年以来。 就说到这里。 简而言之:工业化是18世纪以来转向机器和工厂。

就说到这里。 你知道吗?欧盟是欧洲国家联盟,有统一市场和共同机构。 继续。 确定:民主意思是人民当家,通常通过自由选举和基本权利。

现在你知道事实了。"
194,历史简述–第74部分,"本文介绍重要事实。静静阅读。

常识:独裁是一个人或集团无自由选举统治;民主权力来自人民。 再有一个事实。 记住:汽车是奔驰1886年发明的。 这也重要。 基本法是德国宪法,1949年以来有效。 继续。 事实:自由意思是自由生活不伤害别人。

这也重要。 确定:汽车是奔驰1886年发明的。 这也重要。 你知道吗?公正意思是对每个人公平平等。 继续。 简而言之:基本法是德国宪法,1949年以来有效。 这也重要。

简而言之:独裁是一个人或集团无自由选举统治;民主权力来自人民。 继续往下。 记住:自由意思是自由生活不伤害别人。 继续往下。 你知道吗?德国在1990年统一。 这也重要。 常识:第一次登月是1969年阿波罗11号。

继续往下。 德国在1990年统一。 再有一个事实。 事实:第一次登月是1969年阿波罗11号。

现在你知道事实了。"
195,历史简述–第75部分,"这里学习有序知识。慢慢来。

你知道吗?柏林墙在1989年11月9日倒塌。 就说到这里。 简而言之:相对论是爱因斯坦提出的。 这也重要。 霸凌是重复欺负。和信任的人谈,保留证据,求助。 继续。 事实:独裁是一个人或集团无自由选举统治;民主权力来自人民。

说完这个,说下一个。 确定:工业化是18世纪以来转向机器和工厂。 继续往下。 事实:欧盟有27个成员国。 继续往下。 你知道吗?工业化是18世纪以来转向机器和工厂。 这也重要。

确定:可持续意思是生活让后代也有足够资源。 就说到这里。 事实:柏林墙是1961到1989年东西柏林之间的隔离边界。 这也重要。 常识:可持续意思是生活让后代也有足够资源。 这也重要。 事实:人权是每个人的基本权利,比如生命自由平等。

继续往下。 记住:二战从1939持续到1945。 说完这个,说下一个。 简而言之:汽车是奔驰1886年发明的。

文章结束。做得好。"
196,历史简述–第76部分,"下面是验证过的知识。

常识:公正意思是对每个人公平平等。 就说到这里。 事实:第一次登月是1969年阿波罗11号。 再有一个事实。 和平意思是不带战争暴力一起生活。 这也重要。 常识:中世纪是从大约500到1500年的时期,在古代和现代之间。

继续往下。 一战从1914持续到1918。 再有一个事实。 事实:居里夫人研究放射性,获得两次诺贝尔奖。 这也重要。 你知道吗?民主意思是人民当家,通常通过自由选举和基本权利。 再有一个事实。

记住:公正意思是对每个人公平平等。 继续往下。 常识:第一次登月是1969年阿波罗11号。 说完这个,说下一个。 记住:可持续意思是生活让后代也有足够资源。 再有一个事实。 事实:电话是1876年贝尔申请专利,莫伊奇有先驱工作。

继续往下。 事实:第一次动力飞行是1903年莱特兄弟。 再有一个事实。 你知道吗?和平意思是不带战争暴力一起生活。

文章结束。做得好。"
197,历史简述–第77部分,"本文介绍重要事实。静静阅读。

相对论是爱因斯坦提出的。 这也重要。 常识:汽车是奔驰1886年发明的。 这也重要。 你知道吗?人权是每个人的基本权利,比如生命自由平等。 这也重要。 你知道吗?自由意思是自由生活不伤害别人。

说完这个,说下一个。 你知道吗?中世纪是从大约500到1500年的时期,在古代和现代之间。 这也重要。 事实:德国在1990年统一。 这也重要。 记住:柏林墙是1961到1989年东西柏林之间的隔离边界。 说完这个,说下一个。

事实:民主意思是人民当家,通常通过自由选举和基本权利。 这也重要。 工业化是18世纪以来转向机器和工厂。 就说到这里。 确定:二战从1939持续到1945。 继续。 联邦议院18岁起。德国欧洲选举16岁起。

再有一个事实。 记住:欧盟有27个成员国。 继续往下。 事实:法国大革命1789年以来推翻君主制,自由平等博爱。

这是主题最重要的内容。"
198,历史简述–第78部分,"本文一步一步解释事实。

事实:和平意思是不带战争暴力一起生活。 继续。 简而言之:霸凌是重复欺负。和信任的人谈,保留证据,求助。 这也重要。 常识:人权是每个人的基本权利,比如生命自由平等。 继续。 简而言之:中世纪是从大约500到1500年的时期,在古代和现代之间。

说完这个,说下一个。 事实:中世纪是从大约500到1500年的时期,在古代和现代之间。 就说到这里。 常识:自由意思是自由生活不伤害别人。 就说到这里。 确定:居里夫人研究放射性,获得两次诺贝尔奖。 继续往下。

你知道吗?选民投票,计票,按结果分配席位。 继续往下。 常识:民主意思是人民当家,通常通过自由选举和基本权利。 继续。 确定:可持续意思是生活让后代也有足够资源。 继续往下。 民主意思是人民当家,通常通过自由选举和基本权利。

继续往下。 简而言之:和平意思是不带战争暴力一起生活。 再有一个事实。 事实:欧盟是欧洲国家联盟,有统一市场和共同机构。

概述结束。"
199,历史简述–第79部分,"这里学习有序知识。慢慢来。

记住:通货膨胀意思是价格上涨,钱贬值。 这也重要。 自由意思是自由生活不伤害别人。 就说到这里。 你知道吗?自由意思是自由生活不伤害别人。 继续。 事实:通货膨胀意思是价格上涨,钱贬值。

再有一个事实。 确定:相对论是爱因斯坦提出的。 再有一个事实。 确定:汽车是奔驰1886年发明的。 这也重要。 记住:德国在1990年统一。 继续往下。

确定:可持续意思是生活让后代也有足够资源。 继续。 事实:柏林墙是1961到1989年东西柏林之间的隔离边界。 就说到这里。 确定:达芬奇是意大利艺术家和发明家,蒙娜丽莎很著名。 再有一个事实。 事实:公正意思是对每个人公平平等。

再有一个事实。 常识:独裁是一个人或集团无自由选举统治;民主权力来自人民。 继续。 常识:中世纪是从大约500到1500年的时期,在古代和现代之间。

现在你知道事实了。"
200,历史简述–第80部分,"本文一步一步解释事实。

事实:基本法是德国宪法,1949年以来有效。 继续往下。 你知道吗?相对论是爱因斯坦提出的。 再有一个事实。 简而言之:相对论是爱因斯坦提出的。 说完这个,说下一个。 记住:法国大革命1789年以来推翻君主制,自由平等博爱。

再有一个事实。 记住:居里夫人研究放射性,获得两次诺贝尔奖。 就说到这里。 常识:通货膨胀意思是价格上涨,钱贬值。 这也重要。 电话是1876年贝尔申请专利,莫伊奇有先驱工作。 再有一个事实。

简而言之:霸凌是重复欺负。和信任的人谈,保留证据,求助。 就说到这里。 记住:欧盟有27个成员国。 说完这个,说下一个。 法国大革命1789年以来推翻君主制,自由平等博爱。 就说到这里。 确定:工业化是18世纪以来转向机器和工厂。

继续。 简而言之:自由意思是自由生活不伤害别人。 说完这个,说下一个。 常识:联邦议院18岁起。德国欧洲选举16岁起。

这是主题最重要的内容。"
201,历史简述–第81部分,"下面是验证过的知识。

你知道吗?中世纪是从大约500到1500年的时期,在古代和现代之间。 就说到这里。 事实:达芬奇是意大利艺术家和发明家,蒙娜丽莎很著名。 说完这个,说下一个。 记住:联邦议院18岁起。德国欧洲选举16岁起。 说完这个,说下一个。 事实:电话是1876年贝尔申请专利,莫伊奇有先驱工作。

再有一个事实。 常识:自由意思是自由生活不伤害别人。 继续。 常识:和平意思是不带战争暴力一起生活。 继续。 达芬奇是意大利艺术家和发明家,蒙娜丽莎很著名。 继续往下。

事实:基本法是德国宪法,1949年以来有效。 说完这个,说下一个。 简而言之:独裁是一个人或集团无自由选举统治;民主权力来自人民。 说完这个,说下一个。 确定:汽车是奔驰1886年发明的。 说完这个,说下一个。 确定:自由意思是自由生活不伤害别人。

就说到这里。 简而言之:第一次动力飞行是1903年莱特兄弟。 说完这个,说下一个。 记住:选民投票,计票,按结果分配席位。

这是主题最重要的内容。"
202,历史简述–第82部分,"本文介绍重要事实。静静阅读。

法国大革命1789年以来推翻君主制,自由平等博爱。 说完这个,说下一个。 事实:电话是1876年贝尔申请专利,莫伊奇有先驱工作。 再有一个事实。 你知道吗?基础是1969年ARPANET,万维网1989年以来。 这也重要。 简而言之:居里夫人研究放射性,获得两次诺贝尔奖。

继续。 记住:独裁是一个人或集团无自由选举统治;民主权力来自人民。 就说到这里。 简而言之:中世纪是从大约500到1500年的时期,在古代和现代之间。 继续。 简而言之:欧盟有27个成员国。 说完这个,说下一个。

记住:德国在1990年统一。 就说到这里。 常识:自由意思是自由生活不伤害别人。 再有一个事实。 第一次动力飞行是1903年莱特兄弟。 说完这个,说下一个。 确定:相对论是爱因斯坦提出的。

说完这个,说下一个。 记住:居里夫人研究放射性,获得两次诺贝尔奖。 就说到这里。 记住:公正意思是对每个人公平平等。

概述结束。"
203,历史简述–第83部分,"下面是验证过的知识。

常识:公正意思是对每个人公平平等。 继续。 确定:汽车是奔驰1886年发明的。 就说到这里。 汽车是奔驰1886年发明的。 就说到这里。 常识:工业化是18世纪以来转向机器和工厂。

就说到这里。 德国在1990年统一。 说完这个,说下一个。 常识:民主意思是人民当家,通常通过自由选举和基本权利。 继续往下。 常识:和平意思是不带战争暴力一起生活。 说完这个,说下一个。

事实:第一次登月是1969年阿波罗11号。 这也重要。 事实:民主意思是人民当家,通常通过自由选举和基本权利。 就说到这里。 你知道吗?欧盟是欧洲国家联盟,有统一市场和共同机构。 就说到这里。 民主意思是人民当家,通常通过自由选举和基本权利。

这也重要。 记住:工业化是18世纪以来转向机器和工厂。 这也重要。 柏林墙在1989年11月9日倒塌。

现在你知道事实了。"
204,历史简述–第84部分,"下面是验证过的知识。

确定:欧盟是欧洲国家联盟,有统一市场和共同机构。 说完这个,说下一个。 二战从1939持续到1945。 继续往下。 事实:工业化是18世纪以来转向机器和工厂。 继续。 事实:公正意思是对每个人公平平等。

再有一个事实。 第一次登月是1969年阿波罗11号。 继续往下。 记住:柏林墙是1961到1989年东西柏林之间的隔离边界。 再有一个事实。 常识:基础是1969年ARPANET,万维网1989年以来。 再有一个事实。

事实:民主意思是人民当家,通常通过自由选举和基本权利。 继续。 简而言之:霸凌是重复欺负。和信任的人谈,保留证据,求助。 再有一个事实。 简而言之:人权是每个人的基本权利,比如生命自由平等。 再有一个事实。 公正意思是对每个人公平平等。

再有一个事实。 确定:民主意思是人民当家,通常通过自由选举和基本权利。 继续往下。 简而言之:法国大革命1789年以来推翻君主制,自由平等博爱。

文章结束。做得好。"
205,历史简述–第85部分,"本文一步一步解释事实。

简而言之:选民投票,计票,按结果分配席位。 继续往下。 柏林墙在1989年11月9日倒塌。 这也重要。 事实:中世纪是从大约500到1500年的时期,在古代和现代之间。 再有一个事实。 简而言之:自由意思是自由生活不伤害别人。

再有一个事实。 事实:民主意思是人民当家,通常通过自由选举和基本权利。 就说到这里。 你知道吗?基本法是德国宪法,1949年以来有效。 再有一个事实。 事实:汽车是奔驰1886年发明的。 说完这个,说下一个。

你知道吗?选民投票,计票,按结果分配席位。 这也重要。 工业化是18世纪以来转向机器和工厂。 再有一个事实。 民主意思是人民当家,通常通过自由选举和基本权利。 这也重要。 记住:和平意思是不带战争暴力一起生活。

继续。 事实:德国在1990年统一。 继续。 记住:欧盟有27个成员国。

现在你知道事实了。"
206,历史简述–第86部分,"本文介绍重要事实。静静阅读。

事实:相对论是爱因斯坦提出的。 再有一个事实。 德国在1990年统一。 说完这个,说下一个。 确定:基础是1969年ARPANET,万维网1989年以来。 就说到这里。 确定:居里夫人研究放射性,获得两次诺贝尔奖。

说完这个,说下一个。 事实:电话是1876年贝尔申请专利,莫伊奇有先驱工作。 说完这个,说下一个。 常识:人权是每个人的基本权利,比如生命自由平等。 继续往下。 确定:工业化是18世纪以来转向机器和工厂。 继续。

简而言之:独裁是一个人或集团无自由选举统治;民主权力来自人民。 继续。 常识:电话是1876年贝尔申请专利,莫伊奇有先驱工作。 继续。 记住:人权是每个人的基本权利,比如生命自由平等。 就说到这里。 确定:人权是每个人的基本权利,比如生命自由平等。

继续。 事实:基础是1969年ARPANET,万维网1989年以来。 就说到这里。 确定:达芬奇是意大利艺术家和发明家,蒙娜丽莎很著名。

这是主题最重要的内容。"
207,历史简述–第87部分,"本文介绍重要事实。静静阅读。

常识:汽车是奔驰1886年发明的。 继续往下。 简而言之:选民投票,计票,按结果分配席位。 继续。 记住:第一次动力飞行是1903年莱特兄弟。 继续往下。 确定:基础是1969年ARPANET,万维网1989年以来。

继续。 你知道吗?欧盟有27个成员国。 再有一个事实。 确定:基本法是德国宪法,1949年以来有效。 就说到这里。 确定:通货膨胀意思是价格上涨,钱贬值。 说完这个,说下一个。

简而言之:基本法是德国宪法,1949年以来有效。 继续往下。 记住:柏林墙在1989年11月9日倒塌。 继续。 一战从1914持续到1918。 说完这个,说下一个。 公正意思是对每个人公平平等。

就说到这里。 基础是1969年ARPANET,万维网1989年以来。 继续往下。 第一次登月是1969年阿波罗11号。

现在你知道事实了。"
208,历史简述–第88部分,"本文介绍重要事实。静静阅读。

简而言之:德国在1990年统一。 这也重要。 电话是1876年贝尔申请专利,莫伊奇有先驱工作。 继续往下。 记住:联邦议院18岁起。德国欧洲选举16岁起。 这也重要。 居里夫人研究放射性,获得两次诺贝尔奖。

说完这个,说下一个。 简而言之:电话是1876年贝尔申请专利,莫伊奇有先驱工作。 再有一个事实。 简而言之:相对论是爱因斯坦提出的。 就说到这里。 你知道吗?和平意思是不带战争暴力一起生活。 继续往下。

常识:欧盟是欧洲国家联盟,有统一市场和共同机构。 继续往下。 简而言之:公正意思是对每个人公平平等。 再有一个事实。 柏林墙在1989年11月9日倒塌。 就说到这里。 记住:相对论是爱因斯坦提出的。

继续。 事实:和平意思是不带战争暴力一起生活。 说完这个,说下一个。 你知道吗?达芬奇是意大利艺术家和发明家,蒙娜丽莎很著名。

这是主题最重要的内容。"
209,历史简述–第89部分,"本文介绍重要事实。静静阅读。

你知道吗?中世纪是从大约500到1500年的时期,在古代和现代之间。 继续往下。 事实:欧盟有27个成员国。 就说到这里。 确定:民主意思是人民当家,通常通过自由选举和基本权利。 再有一个事实。 通货膨胀意思是价格上涨,钱贬值。

再有一个事实。 你知道吗?居里夫人研究放射性,获得两次诺贝尔奖。 这也重要。 事实:公正意思是对每个人公平平等。 这也重要。 欧盟有27个成员国。 继续。

简而言之:中世纪是从大约500到1500年的时期,在古代和现代之间。 就说到这里。 常识:德国在1990年统一。 再有一个事实。 简而言之:可持续意思是生活让后代也有足够资源。 就说到这里。 记住:汽车是奔驰1886年发明的。

说完这个,说下一个。 记住:独裁是一个人或集团无自由选举统治;民主权力来自人民。 这也重要。 确定:通货膨胀意思是价格上涨,钱贬值。

概述结束。"
210,历史简述–第90部分,"下面是验证过的知识。

自由意思是自由生活不伤害别人。 就说到这里。 记住:二战从1939持续到1945。 再有一个事实。 你知道吗?欧盟是欧洲国家联盟,有统一市场和共同机构。 说完这个,说下一个。 欧盟是欧洲国家联盟,有统一市场和共同机构。

继续往下。 基础是1969年ARPANET,万维网1989年以来。 说完这个,说下一个。 记住:通货膨胀意思是价格上涨,钱贬值。 这也重要。 你知道吗?柏林墙是1961到1989年东西柏林之间的隔离边界。 再有一个事实。

联邦议院18岁起。德国欧洲选举16岁起。 继续。 确定:二战从1939持续到1945。 这也重要。 常识:可持续意思是生活让后代也有足够资源。 继续往下。 德国在1990年统一。

这也重要。 居里夫人研究放射性,获得两次诺贝尔奖。 说完这个,说下一个。 简而言之:汽车是奔驰1886年发明的。

这是主题最重要的内容。"
211,历史简述–第91部分,"这里学习有序知识。慢慢来。

你知道吗?二战从1939持续到1945。 说完这个,说下一个。 确定:汽车是奔驰1886年发明的。 继续。 简而言之:中世纪是从大约500到1500年的时期,在古代和现代之间。 再有一个事实。 欧盟是欧洲国家联盟,有统一市场和共同机构。

继续。 人权是每个人的基本权利,比如生命自由平等。 再有一个事实。 记住:法国大革命1789年以来推翻君主制,自由平等博爱。 这也重要。 事实:人权是每个人的基本权利,比如生命自由平等。 继续往下。

简而言之:基础是1969年ARPANET,万维网1989年以来。 继续。 确定:达芬奇是意大利艺术家和发明家,蒙娜丽莎很著名。 这也重要。 确定:基础是1969年ARPANET,万维网1989年以来。 就说到这里。 确定:欧盟有27个成员国。

说完这个,说下一个。 确定:可持续意思是生活让后代也有足够资源。 就说到这里。 柏林墙在1989年11月9日倒塌。

概述结束。"
212,历史简述–第92部分,"本文介绍重要事实。静静阅读。

你知道吗?自由意思是自由生活不伤害别人。 再有一个事实。 简而言之:德国在1990年统一。 继续往下。 中世纪是从大约500到1500年的时期,在古代和现代之间。 继续往下。 联邦议院18岁起。德国欧洲选举16岁起。

说完这个,说下一个。 记住:霸凌是重复欺负。和信任的人谈,保留证据,求助。 说完这个,说下一个。 独裁是一个人或集团无自由选举统治;民主权力来自人民。 说完这个,说下一个。 简而言之:独裁是一个人或集团无自由选举统治;民主权力来自人民。 再有一个事实。

事实:电话是1876年贝尔申请专利,莫伊奇有先驱工作。 继续。 常识:霸凌是重复欺负。和信任的人谈,保留证据,求助。 继续。 简而言之:人权是每个人的基本权利,比如生命自由平等。 继续往下。 二战从1939持续到1945。

这也重要。 和平意思是不带战争暴力一起生活。 继续往下。 常识:二战从1939持续到1945。

现在你知道事实了。"
213,历史简述–第93部分,"本文介绍重要事实。静静阅读。

一战从1914持续到1918。 就说到这里。 常识:二战从1939持续到1945。 再有一个事实。 你知道吗?和平意思是不带战争暴力一起生活。 就说到这里。 常识:柏林墙是1961到1989年东西柏林之间的隔离边界。

就说到这里。 常识:第一次动力飞行是1903年莱特兄弟。 继续往下。 常识:欧盟是欧洲国家联盟,有统一市场和共同机构。 就说到这里。 事实:选民投票,计票,按结果分配席位。 再有一个事实。

法国大革命1789年以来推翻君主制,自由平等博爱。 继续。 记住:欧盟是欧洲国家联盟,有统一市场和共同机构。 这也重要。 简而言之:汽车是奔驰1886年发明的。 继续往下。 事实:德国在1990年统一。

就说到这里。 记住:基础是1969年ARPANET,万维网1989年以来。 继续往下。 常识:选民投票,计票,按结果分配席位。

文章结束。做得好。"
214,历史简述–第94部分,"本文介绍重要事实。静静阅读。

你知道吗?电话是1876年贝尔申请专利,莫伊奇有先驱工作。 继续往下。 确定:法国大革命1789年以来推翻君主制,自由平等博爱。 继续往下。 事实:汽车是奔驰1886年发明的。 再有一个事实。 确定:选民投票,计票,按结果分配席位。

再有一个事实。 常识:一战从1914持续到1918。 继续。 确定:中世纪是从大约500到1500年的时期,在古代和现代之间。 就说到这里。 霸凌是重复欺负。和信任的人谈,保留证据,求助。 继续往下。

记住:居里夫人研究放射性,获得两次诺贝尔奖。 就说到这里。 简而言之:欧盟是欧洲国家联盟,有统一市场和共同机构。 继续。 记住:欧盟是欧洲国家联盟,有统一市场和共同机构。 这也重要。 确定:电话是1876年贝尔申请专利,莫伊奇有先驱工作。

就说到这里。 记住:二战从1939持续到1945。 继续往下。 记住:可持续意思是生活让后代也有足够资源。

文章结束。做得好。"
215,历史简述–第95部分,"本文一步一步解释事实。

确定:自由意思是自由生活不伤害别人。 继续往下。 常识:一战从1914持续到1918。 说完这个,说下一个。 确定:欧盟有27个成员国。 就说到这里。 选民投票,计票,按结果分配席位。

再有一个事实。 记住:居里夫人研究放射性,获得两次诺贝尔奖。 再有一个事实。 简而言之:联邦议院18岁起。德国欧洲选举16岁起。 说完这个,说下一个。 确定:欧盟是欧洲国家联盟,有统一市场和共同机构。 就说到这里。

你知道吗?人权是每个人的基本权利,比如生命自由平等。 继续往下。 你知道吗?二战从1939持续到1945。 再有一个事实。 常识:通货膨胀意思是价格上涨,钱贬值。 这也重要。 你知道吗?选民投票,计票,按结果分配席位。

继续。 简而言之:柏林墙在1989年11月9日倒塌。 这也重要。 二战从1939持续到1945。

现在你知道事实了。"
216,历史简述–第96部分,"下面是验证过的知识。

记住:柏林墙在1989年11月9日倒塌。 说完这个,说下一个。 记住:法国大革命1789年以来推翻君主制,自由平等博爱。 再有一个事实。 简而言之:独裁是一个人或集团无自由选举统治;民主权力来自人民。 继续。 确定:独裁是一个人或集团无自由选举统治;民主权力来自人民。

就说到这里。 记住:人权是每个人的基本权利,比如生命自由平等。 再有一个事实。 常识:法国大革命1789年以来推翻君主制,自由平等博爱。 继续往下。 第一次登月是1969年阿波罗11号。 说完这个,说下一个。

确定:民主意思是人民当家,通常通过自由选举和基本权利。 说完这个,说下一个。 你知道吗?一战从1914持续到1918。 说完这个,说下一个。 事实:工业化是18世纪以来转向机器和工厂。 继续。 你知道吗?联邦议院18岁起。德国欧洲选举16岁起。

继续。 记住:基本法是德国宪法,1949年以来有效。 继续往下。 确定:人权是每个人的基本权利,比如生命自由平等。

概述结束。"
217,历史简述–第97部分,"下面是验证过的知识。

你知道吗?基本法是德国宪法,1949年以来有效。 说完这个,说下一个。 简而言之:公正意思是对每个人公平平等。 继续。 记住:公正意思是对每个人公平平等。 继续。 柏林墙是1961到1989年东西柏林之间的隔离边界。

就说到这里。 简而言之:独裁是一个人或集团无自由选举统治;民主权力来自人民。 再有一个事实。 事实:工业化是18世纪以来转向机器和工厂。 继续往下。 简而言之:德国在1990年统一。 继续往下。

简而言之:自由意思是自由生活不伤害别人。 继续。 你知道吗?欧盟是欧洲国家联盟,有统一市场和共同机构。 继续往下。 你知道吗?达芬奇是意大利艺术家和发明家,蒙娜丽莎很著名。 说完这个,说下一个。 事实:相对论是爱因斯坦提出的。

这也重要。 确定:汽车是奔驰1886年发明的。 这也重要。 你知道吗?德国在1990年统一。

现在你知道事实了。"
218,历史简述–第98部分,"下面是验证过的知识。

常识:通货膨胀意思是价格上涨,钱贬值。 继续。 常识:霸凌是重复欺负。和信任的人谈,保留证据,求助。 再有一个事实。 确定:和平意思是不带战争暴力一起生活。 说完这个,说下一个。 简而言之:联邦议院18岁起。德国欧洲选举16岁起。

说完这个,说下一个。 事实:电话是1876年贝尔申请专利,莫伊奇有先驱工作。 继续。 事实:第一次登月是1969年阿波罗11号。 就说到这里。 事实:第一次动力飞行是1903年莱特兄弟。 再有一个事实。

欧盟有27个成员国。 继续。 确定:柏林墙是1961到1989年东西柏林之间的隔离边界。 再有一个事实。 常识:工业化是18世纪以来转向机器和工厂。 再有一个事实。 你知道吗?相对论是爱因斯坦提出的。

继续。 确定:柏林墙在1989年11月9日倒塌。 就说到这里。 记住:第一次动力飞行是1903年莱特兄弟。

概述结束。"
219,历史简述–第99部分,"本文介绍重要事实。静静阅读。

记住:人权是每个人的基本权利,比如生命自由平等。 说完这个,说下一个。 事实:联邦议院18岁起。德国欧洲选举16岁起。 说完这个,说下一个。 你知道吗?法国大革命1789年以来推翻君主制,自由平等博爱。 继续往下。 记住:二战从1939持续到1945。

再有一个事实。 可持续意思是生活让后代也有足够资源。 再有一个事实。 简而言之:可持续意思是生活让后代也有足够资源。 说完这个,说下一个。 你知道吗?二战从1939持续到1945。 这也重要。

简而言之:通货膨胀意思是价格上涨,钱贬值。 继续往下。 简而言之:基础是1969年ARPANET,万维网1989年以来。 就说到这里。 记住:和平意思是不带战争暴力一起生活。 说完这个,说下一个。 选民投票,计票,按结果分配席位。

说完这个,说下一个。 确定:人权是每个人的基本权利,比如生命自由平等。 这也重要。 事实:法国大革命1789年以来推翻君主制,自由平等博爱。

现在你知道事实了。"
220,历史简述–第100部分,"这里学习有序知识。慢慢来。

你知道吗?基本法是德国宪法,1949年以来有效。 再有一个事实。 事实:柏林墙在1989年11月9日倒塌。 继续。 事实:一战从1914持续到1918。 说完这个,说下一个。 事实:民主意思是人民当家,通常通过自由选举和基本权利。

就说到这里。 简而言之:民主意思是人民当家,通常通过自由选举和基本权利。 继续往下。 记住:欧盟是欧洲国家联盟,有统一市场和共同机构。 继续往下。 你知道吗?可持续意思是生活让后代也有足够资源。 就说到这里。

常识:居里夫人研究放射性,获得两次诺贝尔奖。 继续。 记住:一战从1914持续到1918。 继续。 记住:霸凌是重复欺负。和信任的人谈,保留证据,求助。 再有一个事实。 确定:德国在1990年统一。

这也重要。 记住:自由意思是自由生活不伤害别人。 就说到这里。 确定:公正意思是对每个人公平平等。

文章结束。做得好。"
221,历史简述–第101部分,"这里学习有序知识。慢慢来。

记住:公正意思是对每个人公平平等。 说完这个,说下一个。 确定:达芬奇是意大利艺术家和发明家,蒙娜丽莎很著名。 继续。 你知道吗?欧盟有27个成员国。 继续。 你知道吗?居里夫人研究放射性,获得两次诺贝尔奖。

就说到这里。 事实:工业化是18世纪以来转向机器和工厂。 就说到这里。 简而言之:第一次动力飞行是1903年莱特兄弟。 这也重要。 简而言之:相对论是爱因斯坦提出的。 说完这个,说下一个。

简而言之:二战从1939持续到1945。 再有一个事实。 简而言之:人权是每个人的基本权利,比如生命自由平等。 这也重要。 事实:公正意思是对每个人公平平等。 继续往下。 你知道吗?柏林墙在1989年11月9日倒塌。

这也重要。 可持续意思是生活让后代也有足够资源。 继续。 事实:第一次登月是1969年阿波罗11号。

现在你知道事实了。"
222,历史简述–第102部分,"本文一步一步解释事实。

记住:基本法是德国宪法,1949年以来有效。 继续往下。 记住:公正意思是对每个人公平平等。 继续往下。 你知道吗?居里夫人研究放射性,获得两次诺贝尔奖。 再有一个事实。 简而言之:工业化是18世纪以来转向机器和工厂。

这也重要。 事实:联邦议院18岁起。德国欧洲选举16岁起。 就说到这里。 确定:可持续意思是生活让后代也有足够资源。 继续。 简而言之:相对论是爱因斯坦提出的。 再有一个事实。

事实:欧盟有27个成员国。 继续。 确定:中世纪是从大约500到1500年的时期,在古代和现代之间。 就说到这里。 确定:基础是1969年ARPANET,万维网1989年以来。 说完这个,说下一个。 记住:一战从1914持续到1918。

继续。 联邦议院18岁起。德国欧洲选举16岁起。 继续。 你知道吗?一战从1914持续到1918。

现在你知道事实了。"
223,历史简述–第103部分,"这里学习有序知识。慢慢来。

常识:德国在1990年统一。 再有一个事实。 你知道吗?汽车是奔驰1886年发明的。 这也重要。 记住:人权是每个人的基本权利,比如生命自由平等。 说完这个,说下一个。 确定:柏林墙是1961到1989年东西柏林之间的隔离边界。

这也重要。 通货膨胀意思是价格上涨,钱贬值。 继续。 你知道吗?达芬奇是意大利艺术家和发明家,蒙娜丽莎很著名。 说完这个,说下一个。 确定:第一次登月是1969年阿波罗11号。 就说到这里。

事实:第一次动力飞行是1903年莱特兄弟。 再有一个事实。 事实:欧盟是欧洲国家联盟,有统一市场和共同机构。 就说到这里。 确定:工业化是18世纪以来转向机器和工厂。 说完这个,说下一个。 简而言之:可持续意思是生活让后代也有足够资源。

这也重要。 事实:第一次登月是1969年阿波罗11号。 再有一个事实。 常识:基础是1969年ARPANET,万维网1989年以来。

现在你知道事实了。"
224,历史简述–第104部分,"本文一步一步解释事实。

记住:居里夫人研究放射性,获得两次诺贝尔奖。 这也重要。 确定:中世纪是从大约500到1500年的时期,在古代和现代之间。 这也重要。 事实:和平意思是不带战争暴力一起生活。 说完这个,说下一个。 记住:柏林墙在1989年11月9日倒塌。

就说到这里。 确定:欧盟是欧洲国家联盟,有统一市场和共同机构。 再有一个事实。 事实:柏林墙在1989年11月9日倒塌。 继续。 记住:第一次动力飞行是1903年莱特兄弟。 就说到这里。

简而言之:柏林墙在1989年11月9日倒塌。 继续。 常识:柏林墙是1961到1989年东西柏林之间的隔离边界。 说完这个,说下一个。 联邦议院18岁起。德国欧洲选举16岁起。 继续往下。 简而言之:基本法是德国宪法,1949年以来有效。

继续。 民主意思是人民当家,通常通过自由选举和基本权利。 这也重要。 你知道吗?自由意思是自由生活不伤害别人。

概述结束。"
225,历史简述–第105部分,"本文介绍重要事实。静静阅读。

记住:联邦议院18岁起。德国欧洲选举16岁起。 再有一个事实。 第一次动力飞行是1903年莱特兄弟。 这也重要。 简而言之:第一次登月是1969年阿波罗11号。 说完这个,说下一个。 简而言之:独裁是一个人或集团无自由选举统治;民主权力来自人民。

再有一个事实。 你知道吗?中世纪是从大约500到1500年的时期,在古代和现代之间。 就说到这里。 事实:一战从1914持续到1918。 继续往下。 确定:相对论是爱因斯坦提出的。 继续往下。

事实:法国大革命1789年以来推翻君主制,自由平等博爱。 这也重要。 你知道吗?二战从1939持续到1945。 就说到这里。 确定:欧盟有27个成员国。 就说到这里。 事实:电话是1876年贝尔申请专利,莫伊奇有先驱工作。

继续往下。 事实:人权是每个人的基本权利,比如生命自由平等。 再有一个事实。 确定:电话是1876年贝尔申请专利,莫伊奇有先驱工作。

现在你知道事实了。"
226,历史简述–第106部分,"这里学习有序知识。慢慢来。

记住:第一次登月是1969年阿波罗11号。 就说到这里。 你知道吗?欧盟是欧洲国家联盟,有统一市场和共同机构。 这也重要。 确定:霸凌是重复欺负。和信任的人谈,保留证据,求助。 就说到这里。 中世纪是从大约500到1500年的时期,在古代和现代之间。

说完这个,说下一个。 常识:第一次登月是1969年阿波罗11号。 这也重要。 记住:二战从1939持续到1945。 说完这个,说下一个。 你知道吗?柏林墙是1961到1989年东西柏林之间的隔离边界。 就说到这里。

常识:通货膨胀意思是价格上涨,钱贬值。 继续往下。 事实:居里夫人研究放射性,获得两次诺贝尔奖。 继续往下。 记住:基本法是德国宪法,1949年以来有效。 就说到这里。 确定:可持续意思是生活让后代也有足够资源。

就说到这里。 事实:柏林墙是1961到1989年东西柏林之间的隔离边界。 这也重要。 记住:工业化是18世纪以来转向机器和工厂。

现在你知道事实了。"
227,历史简述–第107部分,"下面是验证过的知识。

常识:霸凌是重复欺负。和信任的人谈,保留证据,求助。 就说到这里。 你知道吗?达芬奇是意大利艺术家和发明家,蒙娜丽莎很著名。 继续往下。 通货膨胀意思是价格上涨,钱贬值。 继续。 确定:公正意思是对每个人公平平等。

继续往下。 达芬奇是意大利艺术家和发明家,蒙娜丽莎很著名。 这也重要。 简而言之:人权是每个人的基本权利,比如生命自由平等。 再有一个事实。 你知道吗?汽车是奔驰1886年发明的。 继续往下。

你知道吗?人权是每个人的基本权利,比如生命自由平等。 再有一个事实。 简而言之:和平意思是不带战争暴力一起生活。 继续往下。 记住:二战从1939持续到1945。 说完这个,说下一个。 居里夫人研究放射性,获得两次诺贝尔奖。

这也重要。 你知道吗?民主意思是人民当家,通常通过自由选举和基本权利。 继续往下。 你知道吗?柏林墙在1989年11月9日倒塌。

现在你知道事实了。"
228,历史简述–第108部分,"本文一步一步解释事实。

常识:德国在1990年统一。 这也重要。 简而言之:欧盟是欧洲国家联盟,有统一市场和共同机构。 继续。 确定:柏林墙是1961到1989年东西柏林之间的隔离边界。 就说到这里。 常识:可持续意思是生活让后代也有足够资源。

说完这个,说下一个。 选民投票,计票,按结果分配席位。 这也重要。 事实:一战从1914持续到1918。 继续往下。 相对论是爱因斯坦提出的。 说完这个,说下一个。

简而言之:选民投票,计票,按结果分配席位。 继续。 达芬奇是意大利艺术家和发明家,蒙娜丽莎很著名。 说完这个,说下一个。 简而言之:民主意思是人民当家,通常通过自由选举和基本权利。 说完这个,说下一个。 记住:法国大革命1789年以来推翻君主制,自由平等博爱。

就说到这里。 确定:可持续意思是生活让后代也有足够资源。 继续。 简而言之:霸凌是重复欺负。和信任的人谈,保留证据,求助。

文章结束。做得好。"
229,历史简述–第109部分,"这里学习有序知识。慢慢来。

你知道吗?中世纪是从大约500到1500年的时期,在古代和现代之间。 说完这个,说下一个。 简而言之:第一次动力飞行是1903年莱特兄弟。 继续。 你知道吗?独裁是一个人或集团无自由选举统治;民主权力来自人民。 继续。 和平意思是不带战争暴力一起生活。

说完这个,说下一个。 简而言之:公正意思是对每个人公平平等。 继续。 你知道吗?法国大革命1789年以来推翻君主制,自由平等博爱。 说完这个,说下一个。 你知道吗?公正意思是对每个人公平平等。 继续往下。

事实:欧盟有27个成员国。 这也重要。 事实:中世纪是从大约500到1500年的时期,在古代和现代之间。 再有一个事实。 一战从1914持续到1918。 继续。 你知道吗?民主意思是人民当家,通常通过自由选举和基本权利。

就说到这里。 事实:人权是每个人的基本权利,比如生命自由平等。 就说到这里。 记住:第一次登月是1969年阿波罗11号。

概述结束。"
230,历史简述–第110部分,"这里学习有序知识。慢慢来。

简而言之:人权是每个人的基本权利,比如生命自由平等。 继续往下。 你知道吗?二战从1939持续到1945。 这也重要。 事实:联邦议院18岁起。德国欧洲选举16岁起。 再有一个事实。 第一次登月是1969年阿波罗11号。

再有一个事实。 确定:汽车是奔驰1886年发明的。 就说到这里。 自由意思是自由生活不伤害别人。 继续。 简而言之:通货膨胀意思是价格上涨,钱贬值。 再有一个事实。

记住:法国大革命1789年以来推翻君主制,自由平等博爱。 继续。 你知道吗?欧盟是欧洲国家联盟,有统一市场和共同机构。 再有一个事实。 常识:居里夫人研究放射性,获得两次诺贝尔奖。 就说到这里。 你知道吗?基础是1969年ARPANET,万维网1989年以来。

继续往下。 确定:欧盟有27个成员国。 就说到这里。 事实:居里夫人研究放射性,获得两次诺贝尔奖。

文章结束。做得好。"
231,历史简述–第111部分,"下面是验证过的知识。

事实:第一次登月是1969年阿波罗11号。 再有一个事实。 简而言之:基本法是德国宪法,1949年以来有效。 就说到这里。 居里夫人研究放射性,获得两次诺贝尔奖。 就说到这里。 事实:通货膨胀意思是价格上涨,钱贬值。

就说到这里。 事实:电话是1876年贝尔申请专利,莫伊奇有先驱工作。 再有一个事实。 确定:基本法是德国宪法,1949年以来有效。 继续往下。 确定:独裁是一个人或集团无自由选举统治;民主权力来自人民。 就说到这里。

你知道吗?霸凌是重复欺负。和信任的人谈,保留证据,求助。 就说到这里。 基础是1969年ARPANET,万维网1989年以来。 这也重要。 记住:联邦议院18岁起。德国欧洲选举16岁起。 就说到这里。 记住:居里夫人研究放射性,获得两次诺贝尔奖。

继续往下。 常识:柏林墙是1961到1989年东西柏林之间的隔离边界。 说完这个,说下一个。 事实:德国在1990年统一。

现在你知道事实了。"
232,历史简述–第112部分,"下面是验证过的知识。

你知道吗?电话是1876年贝尔申请专利,莫伊奇有先驱工作。 继续往下。 确定:法国大革命1789年以来推翻君主制,自由平等博爱。 这也重要。 你知道吗?霸凌是重复欺负。和信任的人谈,保留证据,求助。 继续往下。 常识:和平意思是不带战争暴力一起生活。

就说到这里。 记住:法国大革命1789年以来推翻君主制,自由平等博爱。 这也重要。 简而言之:和平意思是不带战争暴力一起生活。 这也重要。 常识:居里夫人研究放射性,获得两次诺贝尔奖。 说完这个,说下一个。

常识:相对论是爱因斯坦提出的。 再有一个事实。 你知道吗?相对论是爱因斯坦提出的。 就说到这里。 你知道吗?法国大革命1789年以来推翻君主制,自由平等博爱。 就说到这里。 事实:联邦议院18岁起。德国欧洲选举16岁起。

再有一个事实。 事实:二战从1939持续到1945。 这也重要。 记住:基本法是德国宪法,1949年以来有效。

这是主题最重要的内容。"
233,历史简述–第113部分,"本文介绍重要事实。静静阅读。

选民投票,计票,按结果分配席位。 说完这个,说下一个。 常识:德国在1990年统一。 继续往下。 简而言之:民主意思是人民当家,通常通过自由选举和基本权利。 继续。 记住:一战从1914持续到1918。

继续。 简而言之:德国在1990年统一。 继续往下。 常识:第一次动力飞行是1903年莱特兄弟。 说完这个,说下一个。 事实:二战从1939持续到1945。 就说到这里。

你知道吗?人权是每个人的基本权利,比如生命自由平等。 就说到这里。 确定:联邦议院18岁起。德国欧洲选举16岁起。 再有一个事实。 确定:二战从1939持续到1945。 继续往下。 简而言之:柏林墙在1989年11月9日倒塌。

这也重要。 确定:欧盟有27个成员国。 说完这个,说下一个。 柏林墙在1989年11月9日倒塌。

概述结束。"
234,历史简述–第114部分,"本文一步一步解释事实。

确定:二战从1939持续到1945。 就说到这里。 记住:基本法是德国宪法,1949年以来有效。 说完这个,说下一个。 记住:欧盟是欧洲国家联盟,有统一市场和共同机构。 说完这个,说下一个。 事实:相对论是爱因斯坦提出的。

这也重要。 你知道吗?二战从1939持续到1945。 继续往下。 你知道吗?可持续意思是生活让后代也有足够资源。 再有一个事实。 常识:可持续意思是生活让后代也有足够资源。 这也重要。

简而言之:和平意思是不带战争暴力一起生活。 就说到这里。 简而言之:法国大革命1789年以来推翻君主制,自由平等博爱。 这也重要。 事实:第一次登月是1969年阿波罗11号。 这也重要。 欧盟是欧洲国家联盟,有统一市场和共同机构。

继续。 记住:工业化是18世纪以来转向机器和工厂。 再有一个事实。 常识:民主意思是人民当家,通常通过自由选举和基本权利。

这是主题最重要的内容。"
235,历史简述–第115部分,"下面是验证过的知识。

你知道吗?欧盟是欧洲国家联盟,有统一市场和共同机构。 继续。 简而言之:汽车是奔驰1886年发明的。 再有一个事实。 记住:汽车是奔驰1886年发明的。 再有一个事实。 简而言之:联邦议院18岁起。德国欧洲选举16岁起。

继续。 确定:通货膨胀意思是价格上涨,钱贬值。 这也重要。 常识:公正意思是对每个人公平平等。 再有一个事实。 你知道吗?霸凌是重复欺负。和信任的人谈,保留证据,求助。 这也重要。

自由意思是自由生活不伤害别人。 继续往下。 记住:选民投票,计票,按结果分配席位。 就说到这里。 一战从1914持续到1918。 继续往下。 简而言之:相对论是爱因斯坦提出的。

继续。 确定:欧盟是欧洲国家联盟,有统一市场和共同机构。 再有一个事实。 事实:柏林墙在1989年11月9日倒塌。

这是主题最重要的内容。"
236,历史简述–第116部分,"这里学习有序知识。慢慢来。

二战从1939持续到1945。 继续。 简而言之:和平意思是不带战争暴力一起生活。 就说到这里。 和平意思是不带战争暴力一起生活。 再有一个事实。 记住:自由意思是自由生活不伤害别人。

继续往下。 确定:欧盟有27个成员国。 再有一个事实。 你知道吗?达芬奇是意大利艺术家和发明家,蒙娜丽莎很著名。 继续。 确定:一战从1914持续到1918。 继续往下。

你知道吗?相对论是爱因斯坦提出的。 这也重要。 确定:达芬奇是意大利艺术家和发明家,蒙娜丽莎很著名。 继续往下。 简而言之:联邦议院18岁起。德国欧洲选举16岁起。 就说到这里。 记住:基础是1969年ARPANET,万维网1989年以来。

这也重要。 简而言之:选民投票,计票,按结果分配席位。 这也重要。 记住:法国大革命1789年以来推翻君主制,自由平等博爱。

这是主题最重要的内容。"
237,历史简述–第117部分,"本文一步一步解释事实。

确定:工业化是18世纪以来转向机器和工厂。 继续。 记住:霸凌是重复欺负。和信任的人谈,保留证据,求助。 再有一个事实。 记住:选民投票,计票,按结果分配席位。 就说到这里。 你知道吗?独裁是一个人或集团无自由选举统治;民主权力来自人民。

就说到这里。 简而言之:联邦议院18岁起。德国欧洲选举16岁起。 继续往下。 你知道吗?达芬奇是意大利艺术家和发明家,蒙娜丽莎很著名。 继续往下。 你知道吗?二战从1939持续到1945。 说完这个,说下一个。

简而言之:人权是每个人的基本权利,比如生命自由平等。 说完这个,说下一个。 确定:一战从1914持续到1918。 再有一个事实。 选民投票,计票,按结果分配席位。 再有一个事实。 自由意思是自由生活不伤害别人。

再有一个事实。 记住:欧盟是欧洲国家联盟,有统一市场和共同机构。 继续往下。 简而言之:通货膨胀意思是价格上涨,钱贬值。

文章结束。做得好。"
238,历史简述–第118部分,"本文介绍重要事实。静静阅读。

记住:第一次登月是1969年阿波罗11号。 再有一个事实。 记住:达芬奇是意大利艺术家和发明家,蒙娜丽莎很著名。 这也重要。 简而言之:自由意思是自由生活不伤害别人。 就说到这里。 常识:自由意思是自由生活不伤害别人。

说完这个,说下一个。 确定:基本法是德国宪法,1949年以来有效。 再有一个事实。 法国大革命1789年以来推翻君主制,自由平等博爱。 再有一个事实。 确定:基础是1969年ARPANET,万维网1989年以来。 继续。

记住:法国大革命1789年以来推翻君主制,自由平等博爱。 继续。 你知道吗?法国大革命1789年以来推翻君主制,自由平等博爱。 继续往下。 柏林墙在1989年11月9日倒塌。 这也重要。 事实:选民投票,计票,按结果分配席位。

就说到这里。 常识:汽车是奔驰1886年发明的。 继续。 事实:霸凌是重复欺负。和信任的人谈,保留证据,求助。

文章结束。做得好。"
239,历史简述–第119部分,"这里学习有序知识。慢慢来。

简而言之:工业化是18世纪以来转向机器和工厂。 继续。 你知道吗?基本法是德国宪法,1949年以来有效。 说完这个,说下一个。 事实:联邦议院18岁起。德国欧洲选举16岁起。 继续往下。 记住:中世纪是从大约500到1500年的时期,在古代和现代之间。

这也重要。 基本法是德国宪法,1949年以来有效。 这也重要。 简而言之:和平意思是不带战争暴力一起生活。 就说到这里。 确定:自由意思是自由生活不伤害别人。 就说到这里。

确定:独裁是一个人或集团无自由选举统治;民主权力来自人民。 再有一个事实。 事实:电话是1876年贝尔申请专利,莫伊奇有先驱工作。 继续。 简而言之:相对论是爱因斯坦提出的。 再有一个事实。 常识:选民投票,计票,按结果分配席位。

再有一个事实。 事实:可持续意思是生活让后代也有足够资源。 说完这个,说下一个。 确定:居里夫人研究放射性,获得两次诺贝尔奖。

这是主题最重要的内容。"
240,历史简述–第120部分,"本文介绍重要事实。静静阅读。

常识:达芬奇是意大利艺术家和发明家,蒙娜丽莎很著名。 这也重要。 你知道吗?二战从1939持续到1945。 继续往下。 确定:第一次动力飞行是1903年莱特兄弟。 再有一个事实。 基本法是德国宪法,1949年以来有效。

这也重要。 简而言之:和平意思是不带战争暴力一起生活。 继续往下。 确定:柏林墙是1961到1989年东西柏林之间的隔离边界。 就说到这里。 电话是1876年贝尔申请专利,莫伊奇有先驱工作。 继续。

记住:霸凌是重复欺负。和信任的人谈,保留证据,求助。 这也重要。 常识:人权是每个人的基本权利,比如生命自由平等。 再有一个事实。 你知道吗?通货膨胀意思是价格上涨,钱贬值。 继续。 记住:独裁是一个人或集团无自由选举统治;民主权力来自人民。

就说到这里。 常识:民主意思是人民当家,通常通过自由选举和基本权利。 继续往下。 记住:汽车是奔驰1886年发明的。

这是主题最重要的内容。"
241,自然科学和技术–第1部分,"本文一步一步解释事实。

回收收集垃圾做成新产品。 就说到这里。 确定:重力是质量间吸引。地球把一切往下拉,所以东西掉落。 说完这个,说下一个。 电池把化学能变成电能。 就说到这里。 记住:电池把化学能变成电能。

这也重要。 你知道吗?肺吸入氧气,排出二氧化碳。 就说到这里。 简而言之:水是H2O,氢和氧的化合物。 说完这个,说下一个。 常识:回收收集垃圾做成新产品。 继续。

事实:四季来自地轴倾斜:每个半球轮流倾向太阳。 再有一个事实。 事实:水是H2O,氢和氧的化合物。 这也重要。 天空蓝色是因为瑞利散射:蓝光比红光散射更多。 再有一个事实。 睡眠帮助恢复记忆和免疫。

继续。 事实:空气是气体混合,主要是氮和氧。 再有一个事实。 简而言之:强密码很长,每个服务唯一,保存在密码管理器。

现在你知道事实了。"
242,自然科学和技术–第2部分,"下面是验证过的知识。

记住:原子是物质最小单位,由核和电子组成。 这也重要。 你知道吗?塑料几乎不腐烂,污染自然和海洋,变成微塑料。 说完这个,说下一个。 你知道吗?心脏把血泵到全身。 说完这个,说下一个。 事实:地震是板块突然移动释放能量。

这也重要。 简而言之:蜂蜜是蜜蜂用花蜜做的。 再有一个事实。 确定:太阳系有8颗行星:水星,金星,地球,火星,木星,土星,天王星,海王星。 说完这个,说下一个。 记住:天空蓝色是因为瑞利散射:蓝光比红光散射更多。 继续。

确定:水是H2O,氢和氧的化合物。 继续。 你知道吗?原子是物质最小单位,由核和电子组成。 继续往下。 事实:冰箱用制冷剂把热量从里泵到外:里面蒸发吸热,外面放热。 再有一个事实。 常识:地震是板块突然移动释放能量。

这也重要。 事实:天空蓝色是因为瑞利散射:蓝光比红光散射更多。 就说到这里。 光合作用用光水CO2制造糖和氧。

概述结束。"
243,自然科学和技术–第3部分,"本文一步一步解释事实。

事实:病毒是很小的病原,没有宿主细胞不能繁殖。 再有一个事实。 太阳能电池把光直接变成电。 继续往下。 确定:Wi-Fi是不用线的无线局域网上网。 这也重要。 简而言之:地震是板块突然移动释放能量。

就说到这里。 常识:蜜蜂给植物授粉,保证收成和多样性。 这也重要。 你知道吗?电池把化学能变成电能。 就说到这里。 太阳是炽热气体的恒星,给光和热。 再有一个事实。

你知道吗?大约2分钟,每天两次。 就说到这里。 简而言之:重力是质量间吸引。地球把一切往下拉,所以东西掉落。 说完这个,说下一个。 事实:白天黑夜因为地球自转。向阳面白天,另一面黑夜。 继续。 常识:蜂蜜是蜜蜂用花蜜做的。

继续往下。 常识:病毒是很小的病原,没有宿主细胞不能繁殖。 就说到这里。 简而言之:冰箱用制冷剂把热量从里泵到外:里面蒸发吸热,外面放热。

文章结束。做得好。"
244,自然科学和技术–第4部分,"这里学习有序知识。慢慢来。

事实:肺吸入氧气,排出二氧化碳。 就说到这里。 事实:哺乳动物有毛,生小崽,用奶喂养。 再有一个事实。 病毒是很小的病原,没有宿主细胞不能繁殖。 说完这个,说下一个。 你知道吗?太阳能电池把光直接变成电。

说完这个,说下一个。 水稳定循环和专注,帮助肾和皮肤,预防头痛。 继续。 你知道吗?肺吸入氧气,排出二氧化碳。 继续。 常识:天空蓝色是因为瑞利散射:蓝光比红光散射更多。 说完这个,说下一个。

事实:水稳定循环和专注,帮助肾和皮肤,预防头痛。 再有一个事实。 确定:重力是质量间吸引。地球把一切往下拉,所以东西掉落。 说完这个,说下一个。 你知道吗?冰箱用制冷剂把热量从里泵到外:里面蒸发吸热,外面放热。 这也重要。 常识:肺吸入氧气,排出二氧化碳。

再有一个事实。 常识:原子是物质最小单位,由核和电子组成。 继续。 记住:大约2分钟,每天两次。

现在你知道事实了。"
245,自然科学和技术–第5部分,"这里学习有序知识。慢慢来。

重力是质量间吸引。地球把一切往下拉,所以东西掉落。 说完这个,说下一个。 记住:太阳系有8颗行星:水星,金星,地球,火星,木星,土星,天王星,海王星。 说完这个,说下一个。 确定:叶子绿色因为叶绿素,光合作用的色素。 再有一个事实。 常识:天气是短期状态;气候是大约30年平均。

就说到这里。 常识:电池把化学能变成电能。 说完这个,说下一个。 常识:心脏把血泵到全身。 说完这个,说下一个。 事实:塑料几乎不腐烂,污染自然和海洋,变成微塑料。 继续。

白天黑夜因为地球自转。向阳面白天,另一面黑夜。 说完这个,说下一个。 事实:光合作用用光水CO2制造糖和氧。 说完这个,说下一个。 简而言之:太阳系有8颗行星:水星,金星,地球,火星,木星,土星,天王星,海王星。 继续。 常识:叶子绿色因为叶绿素,光合作用的色素。

就说到这里。 记住:浏览器是打开网页的程序,比如Chrome,Firefox,Edge或Safari。 继续。 你知道吗?回收收集垃圾做成新产品。

概述结束。"
246,自然科学和技术–第6部分,"下面是验证过的知识。

水稳定循环和专注,帮助肾和皮肤,预防头痛。 这也重要。 确定:地震是板块突然移动释放能量。 再有一个事实。 记住:空气是气体混合,主要是氮和氧。 就说到这里。 简而言之:水是H2O,氢和氧的化合物。

继续。 事实:浏览器是打开网页的程序,比如Chrome,Firefox,Edge或Safari。 再有一个事实。 你知道吗?大约2分钟,每天两次。 就说到这里。 记住:强密码很长,每个服务唯一,保存在密码管理器。 这也重要。

你知道吗?Wi-Fi是不用线的无线局域网上网。 继续往下。 事实:水是H2O,氢和氧的化合物。 说完这个,说下一个。 确定:大约2分钟,每天两次。 这也重要。 常识:水是H2O,氢和氧的化合物。

继续往下。 事实:病毒是很小的病原,没有宿主细胞不能繁殖。 再有一个事实。 你知道吗?肺吸入氧气,排出二氧化碳。

现在你知道事实了。"
247,自然科学和技术–第7部分,"本文介绍重要事实。静静阅读。

太阳能电池把光直接变成电。 继续往下。 常识:白天黑夜因为地球自转。向阳面白天,另一面黑夜。 说完这个,说下一个。 事实:GPS用几颗卫星信号和传播时间定位。 继续。 你知道吗?浏览器是打开网页的程序,比如Chrome,Firefox,Edge或Safari。

说完这个,说下一个。 事实:月亮发光因为反射太阳光。 这也重要。 你知道吗?回收收集垃圾做成新产品。 就说到这里。 水是H2O,氢和氧的化合物。 继续。

常识:塑料几乎不腐烂,污染自然和海洋,变成微塑料。 说完这个,说下一个。 常识:四季来自地轴倾斜:每个半球轮流倾向太阳。 再有一个事实。 确定:光合作用用光水CO2制造糖和氧。 继续往下。 简而言之:太阳能电池把光直接变成电。

继续往下。 你知道吗?电池把化学能变成电能。 说完这个,说下一个。 记住:水是H2O,氢和氧的化合物。

现在你知道事实了。"
248,自然科学和技术–第8部分,"这里学习有序知识。慢慢来。

你知道吗?应用是程序,通常手机用,比如消息照片游戏。 说完这个,说下一个。 确定:重力是质量间吸引。地球把一切往下拉,所以东西掉落。 继续。 GPS用几颗卫星信号和传播时间定位。 说完这个,说下一个。 简而言之:温室效应留住热量。太多温室气体加热气候。

说完这个,说下一个。 事实:水是H2O,氢和氧的化合物。 再有一个事实。 事实:太阳是炽热气体的恒星,给光和热。 继续往下。 你知道吗?空气是气体混合,主要是氮和氧。 这也重要。

常识:雨通过蒸发形成:水上升,冷却,成云,落成水滴。 继续往下。 简而言之:应用是程序,通常手机用,比如消息照片游戏。 说完这个,说下一个。 简而言之:蜂蜜是蜜蜂用花蜜做的。 继续往下。 记住:肺吸入氧气,排出二氧化碳。

继续往下。 确定:光合作用用光水CO2制造糖和氧。 继续。 事实:冰箱用制冷剂把热量从里泵到外:里面蒸发吸热,外面放热。

概述结束。"
249,自然科学和技术–第9部分,"本文一步一步解释事实。

常识:蜂蜜是蜜蜂用花蜜做的。 这也重要。 睡眠帮助恢复记忆和免疫。 说完这个,说下一个。 事实:人工智能是从数据学习识别模式解决任务的程序。 就说到这里。 事实:光合作用用光水CO2制造糖和氧。

再有一个事实。 浏览器是打开网页的程序,比如Chrome,Firefox,Edge或Safari。 就说到这里。 确定:叶子绿色因为叶绿素,光合作用的色素。 继续往下。 简而言之:发烧是体温升高,常常防御感染。 这也重要。

事实:水是H2O,氢和氧的化合物。 就说到这里。 记住:水是H2O,氢和氧的化合物。 说完这个,说下一个。 太阳是炽热气体的恒星,给光和热。 继续。 你知道吗?大约2分钟,每天两次。

继续。 确定:发烧是体温升高,常常防御感染。 说完这个,说下一个。 确定:月亮发光因为反射太阳光。

这是主题最重要的内容。"
250,自然科学和技术–第10部分,"本文一步一步解释事实。

简而言之:病毒是很小的病原,没有宿主细胞不能繁殖。 再有一个事实。 回收收集垃圾做成新产品。 再有一个事实。 常识:白天黑夜因为地球自转。向阳面白天,另一面黑夜。 就说到这里。 你知道吗?电池把化学能变成电能。

再有一个事实。 常识:GPS用几颗卫星信号和传播时间定位。 再有一个事实。 你知道吗?Wi-Fi是不用线的无线局域网上网。 就说到这里。 记住:睡眠帮助恢复记忆和免疫。 说完这个,说下一个。

你知道吗?白天黑夜因为地球自转。向阳面白天,另一面黑夜。 就说到这里。 记住:电池把化学能变成电能。 就说到这里。 常识:病毒是很小的病原,没有宿主细胞不能繁殖。 这也重要。 记住:回收收集垃圾做成新产品。

继续。 常识:电池把化学能变成电能。 这也重要。 常识:太阳系有8颗行星:水星,金星,地球,火星,木星,土星,天王星,海王星。

这是主题最重要的内容。"
251,自然科学和技术–第11部分,"这里学习有序知识。慢慢来。

简而言之:太阳能电池把光直接变成电。 继续往下。 记住:电简单说是电荷定向运动,通常是电线里的电子。 说完这个,说下一个。 记住:云是网上的服务器,存数据用服务。 这也重要。 事实:太阳能电池把光直接变成电。

说完这个,说下一个。 人工智能是从数据学习识别模式解决任务的程序。 这也重要。 大约2分钟,每天两次。 这也重要。 简而言之:天气是短期状态;气候是大约30年平均。 说完这个,说下一个。

你知道吗?冰箱用制冷剂把热量从里泵到外:里面蒸发吸热,外面放热。 再有一个事实。 你知道吗?人工智能是从数据学习识别模式解决任务的程序。 再有一个事实。 记住:太阳是炽热气体的恒星,给光和热。 这也重要。 你知道吗?心脏把血泵到全身。

继续往下。 记住:蜂蜜是蜜蜂用花蜜做的。 这也重要。 四季来自地轴倾斜:每个半球轮流倾向太阳。

文章结束。做得好。"
252,自然科学和技术–第12部分,"本文一步一步解释事实。

事实:心脏把血泵到全身。 说完这个,说下一个。 事实:白天黑夜因为地球自转。向阳面白天,另一面黑夜。 就说到这里。 常识:水稳定循环和专注,帮助肾和皮肤,预防头痛。 说完这个,说下一个。 常识:蜂蜜是蜜蜂用花蜜做的。

继续往下。 你知道吗?云是网上的服务器,存数据用服务。 就说到这里。 你知道吗?温室效应留住热量。太多温室气体加热气候。 继续往下。 确定:电简单说是电荷定向运动,通常是电线里的电子。 这也重要。

常识:天气是短期状态;气候是大约30年平均。 继续往下。 事实:四季来自地轴倾斜:每个半球轮流倾向太阳。 说完这个,说下一个。 常识:心脏把血泵到全身。 继续往下。 确定:人工智能是从数据学习识别模式解决任务的程序。

继续往下。 记住:冰箱用制冷剂把热量从里泵到外:里面蒸发吸热,外面放热。 继续。 记住:白天黑夜因为地球自转。向阳面白天,另一面黑夜。

现在你知道事实了。"
253,自然科学和技术–第13部分,"本文一步一步解释事实。

你知道吗?心脏把血泵到全身。 这也重要。 常识:心脏把血泵到全身。 就说到这里。 常识:电简单说是电荷定向运动,通常是电线里的电子。 继续。 记住:四季来自地轴倾斜:每个半球轮流倾向太阳。

继续。 事实:水稳定循环和专注,帮助肾和皮肤,预防头痛。 再有一个事实。 事实:回收收集垃圾做成新产品。 继续往下。 记住:人工智能是从数据学习识别模式解决任务的程序。 再有一个事实。

记住:太阳系有8颗行星:水星,金星,地球,火星,木星,土星,天王星,海王星。 继续往下。 记住:电池把化学能变成电能。 继续。 你知道吗?水稳定循环和专注,帮助肾和皮肤,预防头痛。 继续。 塑料几乎不腐烂,污染自然和海洋,变成微塑料。

再有一个事实。 记住:温室效应留住热量。太多温室气体加热气候。 就说到这里。 简而言之:太阳是炽热气体的恒星,给光和热。

概述结束。"
254,自然科学和技术–第14部分,"这里学习有序知识。慢慢来。

常识:天气是短期状态;气候是大约30年平均。 说完这个,说下一个。 记住:回收收集垃圾做成新产品。 再有一个事实。 记住:电简单说是电荷定向运动,通常是电线里的电子。 继续。 事实:发烧是体温升高,常常防御感染。

这也重要。 简而言之:心脏把血泵到全身。 这也重要。 白天黑夜因为地球自转。向阳面白天,另一面黑夜。 说完这个,说下一个。 记住:强密码很长,每个服务唯一,保存在密码管理器。 继续。

简而言之:水稳定循环和专注,帮助肾和皮肤,预防头痛。 这也重要。 事实:心脏把血泵到全身。 继续。 常识:冰箱用制冷剂把热量从里泵到外:里面蒸发吸热,外面放热。 说完这个,说下一个。 事实:蜜蜂给植物授粉,保证收成和多样性。

这也重要。 四季来自地轴倾斜:每个半球轮流倾向太阳。 就说到这里。 确定:电池把化学能变成电能。

概述结束。"
255,自然科学和技术–第15部分,"这里学习有序知识。慢慢来。

确定:地震是板块突然移动释放能量。 继续往下。 事实:哺乳动物有毛,生小崽,用奶喂养。 说完这个,说下一个。 雨通过蒸发形成:水上升,冷却,成云,落成水滴。 这也重要。 你知道吗?电池把化学能变成电能。

再有一个事实。 常识:水稳定循环和专注,帮助肾和皮肤,预防头痛。 继续。 简而言之:冰箱用制冷剂把热量从里泵到外:里面蒸发吸热,外面放热。 就说到这里。 强密码很长,每个服务唯一,保存在密码管理器。 说完这个,说下一个。

记住:应用是程序,通常手机用,比如消息照片游戏。 这也重要。 确定:重力是质量间吸引。地球把一切往下拉,所以东西掉落。 继续。 常识:地震是板块突然移动释放能量。 说完这个,说下一个。 事实:大约2分钟,每天两次。

再有一个事实。 白天黑夜因为地球自转。向阳面白天,另一面黑夜。 再有一个事实。 事实:温室效应留住热量。太多温室气体加热气候。

概述结束。"
256,自然科学和技术–第16部分,"本文一步一步解释事实。

记住:温室效应留住热量。太多温室气体加热气候。 继续往下。 你知道吗?塑料几乎不腐烂,污染自然和海洋,变成微塑料。 继续。 重力是质量间吸引。地球把一切往下拉,所以东西掉落。 这也重要。 简而言之:空气是气体混合,主要是氮和氧。

继续。 记住:心脏把血泵到全身。 继续。 常识:电简单说是电荷定向运动,通常是电线里的电子。 继续往下。 事实:电简单说是电荷定向运动,通常是电线里的电子。 继续。

常识:发烧是体温升高,常常防御感染。 这也重要。 你知道吗?肺吸入氧气,排出二氧化碳。 说完这个,说下一个。 记住:水稳定循环和专注,帮助肾和皮肤,预防头痛。 继续。 你知道吗?温室效应留住热量。太多温室气体加热气候。

说完这个,说下一个。 你知道吗?Wi-Fi是不用线的无线局域网上网。 继续。 确定:白天黑夜因为地球自转。向阳面白天,另一面黑夜。

这是主题最重要的内容。"
257,自然科学和技术–第17部分,"这里学习有序知识。慢慢来。

事实:病毒是很小的病原,没有宿主细胞不能繁殖。 这也重要。 事实:心脏把血泵到全身。 说完这个,说下一个。 确定:人工智能是从数据学习识别模式解决任务的程序。 再有一个事实。 白天黑夜因为地球自转。向阳面白天,另一面黑夜。

这也重要。 你知道吗?人工智能是从数据学习识别模式解决任务的程序。 这也重要。 事实:雨通过蒸发形成:水上升,冷却,成云,落成水滴。 这也重要。 简而言之:雨通过蒸发形成:水上升,冷却,成云,落成水滴。 再有一个事实。

事实:天气是短期状态;气候是大约30年平均。 说完这个,说下一个。 事实:强密码很长,每个服务唯一,保存在密码管理器。 再有一个事实。 常识:Wi-Fi是不用线的无线局域网上网。 就说到这里。 常识:应用是程序,通常手机用,比如消息照片游戏。

继续。 常识:雨通过蒸发形成:水上升,冷却,成云,落成水滴。 继续。 原子是物质最小单位,由核和电子组成。

文章结束。做得好。"
258,自然科学和技术–第18部分,"这里学习有序知识。慢慢来。

简而言之:水是H2O,氢和氧的化合物。 说完这个,说下一个。 水稳定循环和专注,帮助肾和皮肤,预防头痛。 就说到这里。 事实:人工智能是从数据学习识别模式解决任务的程序。 继续。 睡眠帮助恢复记忆和免疫。

再有一个事实。 事实:GPS用几颗卫星信号和传播时间定位。 就说到这里。 事实:回收收集垃圾做成新产品。 再有一个事实。 确定:睡眠帮助恢复记忆和免疫。 继续。

确定:蜜蜂给植物授粉,保证收成和多样性。 就说到这里。 记住:浏览器是打开网页的程序,比如Chrome,Firefox,Edge或Safari。 再有一个事实。 常识:地震是板块突然移动释放能量。 继续。 叶子绿色因为叶绿素,光合作用的色素。

说完这个,说下一个。 记住:肺吸入氧气,排出二氧化碳。 继续。 应用是程序,通常手机用,比如消息照片游戏。

现在你知道事实了。"
259,自然科学和技术–第19部分,"本文介绍重要事实。静静阅读。

发烧是体温升高,常常防御感染。 就说到这里。 记住:应用是程序,通常手机用,比如消息照片游戏。 就说到这里。 水稳定循环和专注,帮助肾和皮肤,预防头痛。 说完这个,说下一个。 简而言之:肺吸入氧气,排出二氧化碳。

继续。 确定:太阳是炽热气体的恒星,给光和热。 再有一个事实。 常识:电池把化学能变成电能。 说完这个,说下一个。 事实:回收收集垃圾做成新产品。 再有一个事实。

确定:Wi-Fi是不用线的无线局域网上网。 这也重要。 常识:浏览器是打开网页的程序,比如Chrome,Firefox,Edge或Safari。 就说到这里。 常识:病毒是传播造成损害的有害程序。用更新和小心防护。 说完这个,说下一个。 事实:肺吸入氧气,排出二氧化碳。

继续。 简而言之:Wi-Fi是不用线的无线局域网上网。 继续往下。 事实:电池把化学能变成电能。

文章结束。做得好。"
260,自然科学和技术–第20部分,"本文介绍重要事实。静静阅读。

常识:蜜蜂给植物授粉,保证收成和多样性。 继续往下。 简而言之:蜜蜂给植物授粉,保证收成和多样性。 说完这个,说下一个。 简而言之:应用是程序,通常手机用,比如消息照片游戏。 再有一个事实。 记住:蜂蜜是蜜蜂用花蜜做的。

说完这个,说下一个。 发烧是体温升高,常常防御感染。 再有一个事实。 云是网上的服务器,存数据用服务。 说完这个,说下一个。 记住:叶子绿色因为叶绿素,光合作用的色素。 这也重要。

简而言之:发烧是体温升高,常常防御感染。 就说到这里。 简而言之:GPS用几颗卫星信号和传播时间定位。 继续。 常识:四季来自地轴倾斜:每个半球轮流倾向太阳。 就说到这里。 记住:水稳定循环和专注,帮助肾和皮肤,预防头痛。

继续。 常识:心脏把血泵到全身。 继续往下。 你知道吗?病毒是传播造成损害的有害程序。用更新和小心防护。

现在你知道事实了。"
261,自然科学和技术–第21部分,"本文介绍重要事实。静静阅读。

简而言之:大约2分钟,每天两次。 这也重要。 常识:电简单说是电荷定向运动,通常是电线里的电子。 这也重要。 月亮发光因为反射太阳光。 继续往下。 简而言之:心脏把血泵到全身。

再有一个事实。 常识:病毒是传播造成损害的有害程序。用更新和小心防护。 继续往下。 原子是物质最小单位,由核和电子组成。 就说到这里。 空气是气体混合,主要是氮和氧。 再有一个事实。

记住:肺吸入氧气,排出二氧化碳。 这也重要。 事实:塑料几乎不腐烂,污染自然和海洋,变成微塑料。 说完这个,说下一个。 确定:应用是程序,通常手机用,比如消息照片游戏。 说完这个,说下一个。 简而言之:天空蓝色是因为瑞利散射:蓝光比红光散射更多。

说完这个,说下一个。 记住:强密码很长,每个服务唯一,保存在密码管理器。 再有一个事实。 人工智能是从数据学习识别模式解决任务的程序。

文章结束。做得好。"
262,自然科学和技术–第22部分,"这里学习有序知识。慢慢来。

你知道吗?叶子绿色因为叶绿素,光合作用的色素。 这也重要。 事实:人工智能是从数据学习识别模式解决任务的程序。 这也重要。 病毒是很小的病原,没有宿主细胞不能繁殖。 继续。 常识:病毒是很小的病原,没有宿主细胞不能繁殖。

这也重要。 简而言之:地震是板块突然移动释放能量。 就说到这里。 事实:云是网上的服务器,存数据用服务。 说完这个,说下一个。 你知道吗?地震是板块突然移动释放能量。 就说到这里。

水稳定循环和专注,帮助肾和皮肤,预防头痛。 就说到这里。 简而言之:强密码很长,每个服务唯一,保存在密码管理器。 继续往下。 常识:原子是物质最小单位,由核和电子组成。 说完这个,说下一个。 事实:太阳系有8颗行星:水星,金星,地球,火星,木星,土星,天王星,海王星。

再有一个事实。 你知道吗?温室效应留住热量。太多温室气体加热气候。 继续往下。 记住:应用是程序,通常手机用,比如消息照片游戏。

文章结束。做得好。"
263,自然科学和技术–第23部分,"本文一步一步解释事实。

简而言之:强密码很长,每个服务唯一,保存在密码管理器。 就说到这里。 记住:人工智能是从数据学习识别模式解决任务的程序。 这也重要。 简而言之:月亮发光因为反射太阳光。 继续往下。 简而言之:冰箱用制冷剂把热量从里泵到外:里面蒸发吸热,外面放热。

这也重要。 确定:重力是质量间吸引。地球把一切往下拉,所以东西掉落。 再有一个事实。 确定:太阳是炽热气体的恒星,给光和热。 这也重要。 电池把化学能变成电能。 就说到这里。

确定:浏览器是打开网页的程序,比如Chrome,Firefox,Edge或Safari。 就说到这里。 确定:蜜蜂给植物授粉,保证收成和多样性。 这也重要。 事实:光合作用用光水CO2制造糖和氧。 就说到这里。 事实:回收收集垃圾做成新产品。

继续。 确定:电简单说是电荷定向运动,通常是电线里的电子。 就说到这里。 事实:电简单说是电荷定向运动,通常是电线里的电子。

现在你知道事实了。"
264,自然科学和技术–第24部分,"本文介绍重要事实。静静阅读。

常识:叶子绿色因为叶绿素,光合作用的色素。 这也重要。 你知道吗?病毒是很小的病原,没有宿主细胞不能繁殖。 再有一个事实。 你知道吗?冰箱用制冷剂把热量从里泵到外:里面蒸发吸热,外面放热。 这也重要。 记住:Wi-Fi是不用线的无线局域网上网。

继续。 事实:Wi-Fi是不用线的无线局域网上网。 继续。 你知道吗?人工智能是从数据学习识别模式解决任务的程序。 就说到这里。 事实:天空蓝色是因为瑞利散射:蓝光比红光散射更多。 继续。

事实:叶子绿色因为叶绿素,光合作用的色素。 这也重要。 常识:月亮发光因为反射太阳光。 继续往下。 太阳系有8颗行星:水星,金星,地球,火星,木星,土星,天王星,海王星。 再有一个事实。 常识:人工智能是从数据学习识别模式解决任务的程序。

这也重要。 你知道吗?蜂蜜是蜜蜂用花蜜做的。 就说到这里。 简而言之:地震是板块突然移动释放能量。

这是主题最重要的内容。"
265,自然科学和技术–第25部分,"本文一步一步解释事实。

你知道吗?重力是质量间吸引。地球把一切往下拉,所以东西掉落。 再有一个事实。 记住:哺乳动物有毛,生小崽,用奶喂养。 再有一个事实。 天气是短期状态;气候是大约30年平均。 说完这个,说下一个。 简而言之:原子是物质最小单位,由核和电子组成。

这也重要。 事实:病毒是传播造成损害的有害程序。用更新和小心防护。 就说到这里。 事实:冰箱用制冷剂把热量从里泵到外:里面蒸发吸热,外面放热。 说完这个,说下一个。 确定:天气是短期状态;气候是大约30年平均。 再有一个事实。

简而言之:肺吸入氧气,排出二氧化碳。 这也重要。 记住:雨通过蒸发形成:水上升,冷却,成云,落成水滴。 就说到这里。 事实:水是H2O,氢和氧的化合物。 这也重要。 确定:病毒是很小的病原,没有宿主细胞不能繁殖。

继续。 你知道吗?电简单说是电荷定向运动,通常是电线里的电子。 继续往下。 记住:蜜蜂给植物授粉,保证收成和多样性。

概述结束。"
266,自然科学和技术–第26部分,"下面是验证过的知识。

记住:应用是程序,通常手机用,比如消息照片游戏。 说完这个,说下一个。 你知道吗?原子是物质最小单位,由核和电子组成。 就说到这里。 常识:雨通过蒸发形成:水上升,冷却,成云,落成水滴。 再有一个事实。 常识:病毒是传播造成损害的有害程序。用更新和小心防护。

就说到这里。 事实:温室效应留住热量。太多温室气体加热气候。 就说到这里。 叶子绿色因为叶绿素,光合作用的色素。 继续。 事实:云是网上的服务器,存数据用服务。 继续。

常识:应用是程序,通常手机用,比如消息照片游戏。 就说到这里。 事实:原子是物质最小单位,由核和电子组成。 说完这个,说下一个。 简而言之:发烧是体温升高,常常防御感染。 就说到这里。 确定:冰箱用制冷剂把热量从里泵到外:里面蒸发吸热,外面放热。

就说到这里。 事实:叶子绿色因为叶绿素,光合作用的色素。 继续。 简而言之:电简单说是电荷定向运动,通常是电线里的电子。

文章结束。做得好。"
267,自然科学和技术–第27部分,"这里学习有序知识。慢慢来。

原子是物质最小单位,由核和电子组成。 就说到这里。 常识:肺吸入氧气,排出二氧化碳。 再有一个事实。 简而言之:Wi-Fi是不用线的无线局域网上网。 说完这个,说下一个。 你知道吗?病毒是传播造成损害的有害程序。用更新和小心防护。

继续往下。 简而言之:叶子绿色因为叶绿素,光合作用的色素。 继续往下。 事实:水是H2O,氢和氧的化合物。 说完这个,说下一个。 你知道吗?天空蓝色是因为瑞利散射:蓝光比红光散射更多。 这也重要。

简而言之:原子是物质最小单位,由核和电子组成。 继续往下。 常识:病毒是传播造成损害的有害程序。用更新和小心防护。 就说到这里。 回收收集垃圾做成新产品。 继续。 记住:应用是程序,通常手机用,比如消息照片游戏。

说完这个,说下一个。 你知道吗?发烧是体温升高,常常防御感染。 说完这个,说下一个。 确定:重力是质量间吸引。地球把一切往下拉,所以东西掉落。

现在你知道事实了。"
268,自然科学和技术–第28部分,"这里学习有序知识。慢慢来。

记住:水是H2O,氢和氧的化合物。 继续往下。 常识:强密码很长,每个服务唯一,保存在密码管理器。 就说到这里。 空气是气体混合,主要是氮和氧。 说完这个,说下一个。 常识:空气是气体混合,主要是氮和氧。

这也重要。 确定:电简单说是电荷定向运动,通常是电线里的电子。 就说到这里。 确定:发烧是体温升高,常常防御感染。 继续往下。 简而言之:太阳系有8颗行星:水星,金星,地球,火星,木星,土星,天王星,海王星。 继续。

简而言之:光合作用用光水CO2制造糖和氧。 再有一个事实。 简而言之:GPS用几颗卫星信号和传播时间定位。 继续往下。 常识:回收收集垃圾做成新产品。 说完这个,说下一个。 常识:冰箱用制冷剂把热量从里泵到外:里面蒸发吸热,外面放热。

说完这个,说下一个。 记住:地震是板块突然移动释放能量。 说完这个,说下一个。 你知道吗?心脏把血泵到全身。

文章结束。做得好。"
269,自然科学和技术–第29部分,"本文一步一步解释事实。

事实:蜜蜂给植物授粉,保证收成和多样性。 继续。 确定:Wi-Fi是不用线的无线局域网上网。 就说到这里。 确定:强密码很长,每个服务唯一,保存在密码管理器。 说完这个,说下一个。 你知道吗?太阳是炽热气体的恒星,给光和热。

再有一个事实。 浏览器是打开网页的程序,比如Chrome,Firefox,Edge或Safari。 就说到这里。 确定:睡眠帮助恢复记忆和免疫。 继续。 记住:病毒是传播造成损害的有害程序。用更新和小心防护。 继续往下。

太阳是炽热气体的恒星,给光和热。 就说到这里。 常识:回收收集垃圾做成新产品。 继续往下。 四季来自地轴倾斜:每个半球轮流倾向太阳。 说完这个,说下一个。 你知道吗?云是网上的服务器,存数据用服务。

就说到这里。 你知道吗?重力是质量间吸引。地球把一切往下拉,所以东西掉落。 这也重要。 你知道吗?电池把化学能变成电能。

现在你知道事实了。"
270,自然科学和技术–第30部分,"本文一步一步解释事实。

简而言之:浏览器是打开网页的程序,比如Chrome,Firefox,Edge或Safari。 再有一个事实。 简而言之:水稳定循环和专注,帮助肾和皮肤,预防头痛。 说完这个,说下一个。 确定:空气是气体混合,主要是氮和氧。 就说到这里。 确定:雨通过蒸发形成:水上升,冷却,成云,落成水滴。

继续。 确定:应用是程序,通常手机用,比如消息照片游戏。 继续。 常识:水是H2O,氢和氧的化合物。 说完这个,说下一个。 事实:GPS用几颗卫星信号和传播时间定位。 继续往下。

确定:太阳是炽热气体的恒星,给光和热。 继续。 常识:发烧是体温升高,常常防御感染。 说完这个,说下一个。 简而言之:蜜蜂给植物授粉,保证收成和多样性。 这也重要。 记住:水是H2O,氢和氧的化合物。

就说到这里。 简而言之:天空蓝色是因为瑞利散射:蓝光比红光散射更多。 再有一个事实。 常识:病毒是传播造成损害的有害程序。用更新和小心防护。

文章结束。做得好。"
271,自然科学和技术–第31部分,"下面是验证过的知识。

你知道吗?电简单说是电荷定向运动,通常是电线里的电子。 再有一个事实。 大约2分钟,每天两次。 这也重要。 简而言之:水是H2O,氢和氧的化合物。 继续往下。 简而言之:强密码很长,每个服务唯一,保存在密码管理器。

继续。 确定:云是网上的服务器,存数据用服务。 继续。 简而言之:太阳是炽热气体的恒星,给光和热。 说完这个,说下一个。 温室效应留住热量。太多温室气体加热气候。 继续往下。

简而言之:地震是板块突然移动释放能量。 就说到这里。 简而言之:发烧是体温升高,常常防御感染。 就说到这里。 简而言之:空气是气体混合,主要是氮和氧。 这也重要。 常识:强密码很长,每个服务唯一,保存在密码管理器。

就说到这里。 确定:空气是气体混合,主要是氮和氧。 说完这个,说下一个。 事实:哺乳动物有毛,生小崽,用奶喂养。

这是主题最重要的内容。"
272,自然科学和技术–第32部分,"下面是验证过的知识。

事实:原子是物质最小单位,由核和电子组成。 说完这个,说下一个。 简而言之:电池把化学能变成电能。 继续往下。 确定:病毒是传播造成损害的有害程序。用更新和小心防护。 再有一个事实。 你知道吗?病毒是很小的病原,没有宿主细胞不能繁殖。

继续。 确定:Wi-Fi是不用线的无线局域网上网。 这也重要。 确定:天气是短期状态;气候是大约30年平均。 再有一个事实。 常识:水稳定循环和专注,帮助肾和皮肤,预防头痛。 这也重要。

常识:四季来自地轴倾斜:每个半球轮流倾向太阳。 就说到这里。 蜂蜜是蜜蜂用花蜜做的。 说完这个,说下一个。 事实:蜂蜜是蜜蜂用花蜜做的。 说完这个,说下一个。 电简单说是电荷定向运动,通常是电线里的电子。

说完这个,说下一个。 确定:电简单说是电荷定向运动,通常是电线里的电子。 再有一个事实。 确定:病毒是很小的病原,没有宿主细胞不能繁殖。

概述结束。"
273,自然科学和技术–第33部分,"下面是验证过的知识。

你知道吗?月亮发光因为反射太阳光。 再有一个事实。 白天黑夜因为地球自转。向阳面白天,另一面黑夜。 就说到这里。 常识:冰箱用制冷剂把热量从里泵到外:里面蒸发吸热,外面放热。 就说到这里。 确定:GPS用几颗卫星信号和传播时间定位。

继续往下。 确定:水是H2O,氢和氧的化合物。 说完这个,说下一个。 简而言之:病毒是传播造成损害的有害程序。用更新和小心防护。 这也重要。 事实:塑料几乎不腐烂,污染自然和海洋,变成微塑料。 再有一个事实。

确定:睡眠帮助恢复记忆和免疫。 就说到这里。 常识:哺乳动物有毛,生小崽,用奶喂养。 就说到这里。 记住:天空蓝色是因为瑞利散射:蓝光比红光散射更多。 继续往下。 记住:应用是程序,通常手机用,比如消息照片游戏。

继续。 你知道吗?塑料几乎不腐烂,污染自然和海洋,变成微塑料。 说完这个,说下一个。 常识:原子是物质最小单位,由核和电子组成。

概述结束。"
274,自然科学和技术–第34部分,"下面是验证过的知识。

事实:哺乳动物有毛,生小崽,用奶喂养。 继续。 常识:地震是板块突然移动释放能量。 继续往下。 记住:蜜蜂给植物授粉,保证收成和多样性。 说完这个,说下一个。 记住:光合作用用光水CO2制造糖和氧。

再有一个事实。 简而言之:应用是程序,通常手机用,比如消息照片游戏。 说完这个,说下一个。 事实:原子是物质最小单位,由核和电子组成。 说完这个,说下一个。 病毒是很小的病原,没有宿主细胞不能繁殖。 继续往下。

记住:GPS用几颗卫星信号和传播时间定位。 继续。 常识:回收收集垃圾做成新产品。 就说到这里。 简而言之:浏览器是打开网页的程序,比如Chrome,Firefox,Edge或Safari。 说完这个,说下一个。 事实:回收收集垃圾做成新产品。

再有一个事实。 常识:白天黑夜因为地球自转。向阳面白天,另一面黑夜。 这也重要。 确定:发烧是体温升高,常常防御感染。

现在你知道事实了。"
275,自然科学和技术–第35部分,"本文介绍重要事实。静静阅读。

事实:空气是气体混合,主要是氮和氧。 继续往下。 人工智能是从数据学习识别模式解决任务的程序。 这也重要。 简而言之:心脏把血泵到全身。 继续往下。 常识:地震是板块突然移动释放能量。

继续。 哺乳动物有毛,生小崽,用奶喂养。 继续往下。 事实:温室效应留住热量。太多温室气体加热气候。 再有一个事实。 事实:哺乳动物有毛,生小崽,用奶喂养。 就说到这里。

确定:温室效应留住热量。太多温室气体加热气候。 再有一个事实。 你知道吗?太阳系有8颗行星:水星,金星,地球,火星,木星,土星,天王星,海王星。 再有一个事实。 常识:电池把化学能变成电能。 就说到这里。 常识:哺乳动物有毛,生小崽,用奶喂养。

就说到这里。 确定:冰箱用制冷剂把热量从里泵到外:里面蒸发吸热,外面放热。 再有一个事实。 确定:电池把化学能变成电能。

现在你知道事实了。"
276,自然科学和技术–第36部分,"本文介绍重要事实。静静阅读。

简而言之:病毒是传播造成损害的有害程序。用更新和小心防护。 这也重要。 简而言之:睡眠帮助恢复记忆和免疫。 这也重要。 简而言之:GPS用几颗卫星信号和传播时间定位。 再有一个事实。 你知道吗?哺乳动物有毛,生小崽,用奶喂养。

就说到这里。 记住:水稳定循环和专注,帮助肾和皮肤,预防头痛。 继续。 地震是板块突然移动释放能量。 继续往下。 记住:发烧是体温升高,常常防御感染。 继续。

记住:叶子绿色因为叶绿素,光合作用的色素。 这也重要。 常识:水稳定循环和专注,帮助肾和皮肤,预防头痛。 说完这个,说下一个。 记住:GPS用几颗卫星信号和传播时间定位。 就说到这里。 你知道吗?月亮发光因为反射太阳光。

说完这个,说下一个。 你知道吗?光合作用用光水CO2制造糖和氧。 继续。 确定:回收收集垃圾做成新产品。

现在你知道事实了。"
277,自然科学和技术–第37部分,"这里学习有序知识。慢慢来。

确定:肺吸入氧气,排出二氧化碳。 这也重要。 事实:应用是程序,通常手机用,比如消息照片游戏。 继续。 确定:电池把化学能变成电能。 这也重要。 确定:大约2分钟,每天两次。

就说到这里。 地震是板块突然移动释放能量。 说完这个,说下一个。 记住:病毒是传播造成损害的有害程序。用更新和小心防护。 再有一个事实。 确定:天气是短期状态;气候是大约30年平均。 再有一个事实。

记住:睡眠帮助恢复记忆和免疫。 继续往下。 电简单说是电荷定向运动,通常是电线里的电子。 继续往下。 记住:Wi-Fi是不用线的无线局域网上网。 这也重要。 你知道吗?病毒是传播造成损害的有害程序。用更新和小心防护。

这也重要。 事实:云是网上的服务器,存数据用服务。 继续往下。 确定:GPS用几颗卫星信号和传播时间定位。

现在你知道事实了。"
278,自然科学和技术–第38部分,"下面是验证过的知识。

常识:睡眠帮助恢复记忆和免疫。 就说到这里。 记住:太阳系有8颗行星:水星,金星,地球,火星,木星,土星,天王星,海王星。 这也重要。 蜜蜂给植物授粉,保证收成和多样性。 这也重要。 简而言之:雨通过蒸发形成:水上升,冷却,成云,落成水滴。

这也重要。 你知道吗?叶子绿色因为叶绿素,光合作用的色素。 继续。 你知道吗?冰箱用制冷剂把热量从里泵到外:里面蒸发吸热,外面放热。 继续。 事实:蜜蜂给植物授粉,保证收成和多样性。 就说到这里。

Wi-Fi是不用线的无线局域网上网。 就说到这里。 简而言之:哺乳动物有毛,生小崽,用奶喂养。 继续。 记住:四季来自地轴倾斜:每个半球轮流倾向太阳。 说完这个,说下一个。 温室效应留住热量。太多温室气体加热气候。

说完这个,说下一个。 简而言之:重力是质量间吸引。地球把一切往下拉,所以东西掉落。 继续往下。 发烧是体温升高,常常防御感染。

概述结束。"
279,自然科学和技术–第39部分,"这里学习有序知识。慢慢来。

简而言之:哺乳动物有毛,生小崽,用奶喂养。 继续。 记住:蜜蜂给植物授粉,保证收成和多样性。 继续。 简而言之:大约2分钟,每天两次。 这也重要。 叶子绿色因为叶绿素,光合作用的色素。

就说到这里。 心脏把血泵到全身。 再有一个事实。 常识:原子是物质最小单位,由核和电子组成。 就说到这里。 确定:心脏把血泵到全身。 继续。

简而言之:应用是程序,通常手机用,比如消息照片游戏。 这也重要。 简而言之:病毒是传播造成损害的有害程序。用更新和小心防护。 说完这个,说下一个。 事实:叶子绿色因为叶绿素,光合作用的色素。 继续往下。 事实:哺乳动物有毛,生小崽,用奶喂养。

就说到这里。 记住:病毒是很小的病原,没有宿主细胞不能繁殖。 再有一个事实。 确定:应用是程序,通常手机用,比如消息照片游戏。

概述结束。"
280,自然科学和技术–第40部分,"本文介绍重要事实。静静阅读。

天空蓝色是因为瑞利散射:蓝光比红光散射更多。 继续往下。 记住:光合作用用光水CO2制造糖和氧。 继续。 确定:电简单说是电荷定向运动,通常是电线里的电子。 就说到这里。 确定:温室效应留住热量。太多温室气体加热气候。

再有一个事实。 事实:心脏把血泵到全身。 继续往下。 大约2分钟,每天两次。 这也重要。 你知道吗?太阳是炽热气体的恒星,给光和热。 继续往下。

记住:病毒是传播造成损害的有害程序。用更新和小心防护。 继续。 常识:心脏把血泵到全身。 继续。 塑料几乎不腐烂,污染自然和海洋,变成微塑料。 就说到这里。 确定:光合作用用光水CO2制造糖和氧。

这也重要。 你知道吗?太阳系有8颗行星:水星,金星,地球,火星,木星,土星,天王星,海王星。 这也重要。 常识:太阳能电池把光直接变成电。

概述结束。"
281,自然科学和技术–第41部分,"本文一步一步解释事实。

简而言之:水稳定循环和专注,帮助肾和皮肤,预防头痛。 这也重要。 记住:肺吸入氧气,排出二氧化碳。 再有一个事实。 记住:电池把化学能变成电能。 继续往下。 简而言之:天气是短期状态;气候是大约30年平均。

就说到这里。 事实:蜂蜜是蜜蜂用花蜜做的。 继续。 确定:重力是质量间吸引。地球把一切往下拉,所以东西掉落。 说完这个,说下一个。 心脏把血泵到全身。 继续。

记住:心脏把血泵到全身。 继续往下。 常识:原子是物质最小单位,由核和电子组成。 就说到这里。 简而言之:Wi-Fi是不用线的无线局域网上网。 说完这个,说下一个。 简而言之:重力是质量间吸引。地球把一切往下拉,所以东西掉落。

这也重要。 哺乳动物有毛,生小崽,用奶喂养。 继续往下。 强密码很长,每个服务唯一,保存在密码管理器。

概述结束。"
282,自然科学和技术–第42部分,"本文介绍重要事实。静静阅读。

简而言之:应用是程序,通常手机用,比如消息照片游戏。 就说到这里。 常识:空气是气体混合,主要是氮和氧。 再有一个事实。 你知道吗?天气是短期状态;气候是大约30年平均。 说完这个,说下一个。 确定:哺乳动物有毛,生小崽,用奶喂养。

说完这个,说下一个。 记住:GPS用几颗卫星信号和传播时间定位。 就说到这里。 常识:心脏把血泵到全身。 说完这个,说下一个。 事实:发烧是体温升高,常常防御感染。 继续往下。

事实:强密码很长,每个服务唯一,保存在密码管理器。 再有一个事实。 确定:应用是程序,通常手机用,比如消息照片游戏。 就说到这里。 简而言之:浏览器是打开网页的程序,比如Chrome,Firefox,Edge或Safari。 继续往下。 你知道吗?大约2分钟,每天两次。

继续。 你知道吗?月亮发光因为反射太阳光。 继续往下。 你知道吗?人工智能是从数据学习识别模式解决任务的程序。

这是主题最重要的内容。"
283,自然科学和技术–第43部分,"这里学习有序知识。慢慢来。

常识:光合作用用光水CO2制造糖和氧。 就说到这里。 记住:地震是板块突然移动释放能量。 继续往下。 事实:重力是质量间吸引。地球把一切往下拉,所以东西掉落。 继续往下。 事实:电池把化学能变成电能。

继续。 蜜蜂给植物授粉,保证收成和多样性。 就说到这里。 常识:白天黑夜因为地球自转。向阳面白天,另一面黑夜。 就说到这里。 你知道吗?回收收集垃圾做成新产品。 继续往下。

事实:雨通过蒸发形成:水上升,冷却,成云,落成水滴。 这也重要。 病毒是很小的病原,没有宿主细胞不能繁殖。 说完这个,说下一个。 事实:肺吸入氧气,排出二氧化碳。 说完这个,说下一个。 确定:水稳定循环和专注,帮助肾和皮肤,预防头痛。

这也重要。 简而言之:强密码很长,每个服务唯一,保存在密码管理器。 继续往下。 你知道吗?白天黑夜因为地球自转。向阳面白天,另一面黑夜。

文章结束。做得好。"
284,自然科学和技术–第44部分,"本文介绍重要事实。静静阅读。

确定:地震是板块突然移动释放能量。 继续往下。 简而言之:太阳系有8颗行星:水星,金星,地球,火星,木星,土星,天王星,海王星。 这也重要。 简而言之:雨通过蒸发形成:水上升,冷却,成云,落成水滴。 继续。 常识:肺吸入氧气,排出二氧化碳。

这也重要。 记住:太阳系有8颗行星:水星,金星,地球,火星,木星,土星,天王星,海王星。 再有一个事实。 确定:天气是短期状态;气候是大约30年平均。 继续。 应用是程序,通常手机用,比如消息照片游戏。 再有一个事实。

事实:天气是短期状态;气候是大约30年平均。 这也重要。 记住:发烧是体温升高,常常防御感染。 这也重要。 简而言之:太阳是炽热气体的恒星,给光和热。 就说到这里。 确定:云是网上的服务器,存数据用服务。

就说到这里。 简而言之:强密码很长,每个服务唯一,保存在密码管理器。 再有一个事实。 简而言之:GPS用几颗卫星信号和传播时间定位。

现在你知道事实了。"
285,自然科学和技术–第45部分,"这里学习有序知识。慢慢来。

事实:地震是板块突然移动释放能量。 就说到这里。 记住:空气是气体混合,主要是氮和氧。 继续往下。 你知道吗?光合作用用光水CO2制造糖和氧。 再有一个事实。 简而言之:病毒是很小的病原,没有宿主细胞不能繁殖。

就说到这里。 常识:光合作用用光水CO2制造糖和氧。 就说到这里。 人工智能是从数据学习识别模式解决任务的程序。 再有一个事实。 常识:白天黑夜因为地球自转。向阳面白天,另一面黑夜。 说完这个,说下一个。

Wi-Fi是不用线的无线局域网上网。 说完这个,说下一个。 确定:回收收集垃圾做成新产品。 继续。 常识:温室效应留住热量。太多温室气体加热气候。 再有一个事实。 你知道吗?水是H2O,氢和氧的化合物。

说完这个,说下一个。 常识:大约2分钟,每天两次。 就说到这里。 你知道吗?蜜蜂给植物授粉,保证收成和多样性。

这是主题最重要的内容。"
286,自然科学和技术–第46部分,"这里学习有序知识。慢慢来。

电简单说是电荷定向运动,通常是电线里的电子。 这也重要。 Wi-Fi是不用线的无线局域网上网。 说完这个,说下一个。 事实:发烧是体温升高,常常防御感染。 说完这个,说下一个。 你知道吗?叶子绿色因为叶绿素,光合作用的色素。

继续往下。 你知道吗?病毒是很小的病原,没有宿主细胞不能繁殖。 就说到这里。 确定:太阳是炽热气体的恒星,给光和热。 继续。 事实:云是网上的服务器,存数据用服务。 说完这个,说下一个。

确定:天空蓝色是因为瑞利散射:蓝光比红光散射更多。 再有一个事实。 简而言之:Wi-Fi是不用线的无线局域网上网。 就说到这里。 简而言之:睡眠帮助恢复记忆和免疫。 再有一个事实。 简而言之:月亮发光因为反射太阳光。

继续往下。 你知道吗?太阳是炽热气体的恒星,给光和热。 这也重要。 云是网上的服务器,存数据用服务。

这是主题最重要的内容。"
287,自然科学和技术–第47部分,"下面是验证过的知识。

简而言之:电简单说是电荷定向运动,通常是电线里的电子。 继续。 简而言之:太阳是炽热气体的恒星,给光和热。 这也重要。 重力是质量间吸引。地球把一切往下拉,所以东西掉落。 就说到这里。 你知道吗?蜂蜜是蜜蜂用花蜜做的。

继续。 确定:睡眠帮助恢复记忆和免疫。 继续。 常识:蜜蜂给植物授粉,保证收成和多样性。 再有一个事实。 你知道吗?人工智能是从数据学习识别模式解决任务的程序。 说完这个,说下一个。

确定:雨通过蒸发形成:水上升,冷却,成云,落成水滴。 继续往下。 你知道吗?发烧是体温升高,常常防御感染。 就说到这里。 事实:地震是板块突然移动释放能量。 这也重要。 简而言之:蜂蜜是蜜蜂用花蜜做的。

继续往下。 事实:冰箱用制冷剂把热量从里泵到外:里面蒸发吸热,外面放热。 再有一个事实。 原子是物质最小单位,由核和电子组成。

文章结束。做得好。"
288,自然科学和技术–第48部分,"下面是验证过的知识。

事实:大约2分钟,每天两次。 说完这个,说下一个。 你知道吗?太阳能电池把光直接变成电。 这也重要。 肺吸入氧气,排出二氧化碳。 这也重要。 确定:病毒是传播造成损害的有害程序。用更新和小心防护。

说完这个,说下一个。 常识:GPS用几颗卫星信号和传播时间定位。 就说到这里。 常识:水稳定循环和专注,帮助肾和皮肤,预防头痛。 这也重要。 简而言之:回收收集垃圾做成新产品。 就说到这里。

简而言之:天气是短期状态;气候是大约30年平均。 再有一个事实。 确定:GPS用几颗卫星信号和传播时间定位。 继续往下。 简而言之:心脏把血泵到全身。 继续往下。 常识:心脏把血泵到全身。

继续往下。 你知道吗?太阳系有8颗行星:水星,金星,地球,火星,木星,土星,天王星,海王星。 说完这个,说下一个。 确定:白天黑夜因为地球自转。向阳面白天,另一面黑夜。

文章结束。做得好。"
289,自然科学和技术–第49部分,"本文一步一步解释事实。

简而言之:病毒是传播造成损害的有害程序。用更新和小心防护。 这也重要。 确定:强密码很长,每个服务唯一,保存在密码管理器。 继续。 雨通过蒸发形成:水上升,冷却,成云,落成水滴。 继续往下。 简而言之:回收收集垃圾做成新产品。

继续往下。 常识:月亮发光因为反射太阳光。 再有一个事实。 你知道吗?叶子绿色因为叶绿素,光合作用的色素。 这也重要。 你知道吗?雨通过蒸发形成:水上升,冷却,成云,落成水滴。 继续往下。

确定:应用是程序,通常手机用,比如消息照片游戏。 就说到这里。 病毒是很小的病原,没有宿主细胞不能繁殖。 继续往下。 记住:天气是短期状态;气候是大约30年平均。 就说到这里。 你知道吗?天空蓝色是因为瑞利散射:蓝光比红光散射更多。

这也重要。 你知道吗?天气是短期状态;气候是大约30年平均。 说完这个,说下一个。 事实:光合作用用光水CO2制造糖和氧。

概述结束。"
290,自然科学和技术–第50部分,"本文介绍重要事实。静静阅读。

简而言之:雨通过蒸发形成:水上升,冷却,成云,落成水滴。 这也重要。 水稳定循环和专注,帮助肾和皮肤,预防头痛。 继续。 记住:太阳是炽热气体的恒星,给光和热。 说完这个,说下一个。 事实:病毒是传播造成损害的有害程序。用更新和小心防护。

继续往下。 应用是程序,通常手机用,比如消息照片游戏。 继续。 你知道吗?蜜蜂给植物授粉,保证收成和多样性。 继续。 事实:Wi-Fi是不用线的无线局域网上网。 这也重要。

事实:空气是气体混合,主要是氮和氧。 再有一个事实。 常识:地震是板块突然移动释放能量。 就说到这里。 你知道吗?太阳是炽热气体的恒星,给光和热。 说完这个,说下一个。 你知道吗?心脏把血泵到全身。

就说到这里。 你知道吗?白天黑夜因为地球自转。向阳面白天,另一面黑夜。 说完这个,说下一个。 简而言之:叶子绿色因为叶绿素,光合作用的色素。

概述结束。"
291,自然科学和技术–第51部分,"这里学习有序知识。慢慢来。

简而言之:雨通过蒸发形成:水上升,冷却,成云,落成水滴。 再有一个事实。 确定:空气是气体混合,主要是氮和氧。 再有一个事实。 简而言之:电池把化学能变成电能。 继续往下。 你知道吗?雨通过蒸发形成:水上升,冷却,成云,落成水滴。

再有一个事实。 你知道吗?太阳是炽热气体的恒星,给光和热。 就说到这里。 简而言之:人工智能是从数据学习识别模式解决任务的程序。 继续往下。 事实:塑料几乎不腐烂,污染自然和海洋,变成微塑料。 继续。

你知道吗?浏览器是打开网页的程序,比如Chrome,Firefox,Edge或Safari。 就说到这里。 确定:叶子绿色因为叶绿素,光合作用的色素。 再有一个事实。 记住:空气是气体混合,主要是氮和氧。 就说到这里。 记住:塑料几乎不腐烂,污染自然和海洋,变成微塑料。

就说到这里。 确定:回收收集垃圾做成新产品。 继续。 事实:云是网上的服务器,存数据用服务。

概述结束。"
292,自然科学和技术–第52部分,"下面是验证过的知识。

你知道吗?原子是物质最小单位,由核和电子组成。 继续。 确定:光合作用用光水CO2制造糖和氧。 就说到这里。 你知道吗?温室效应留住热量。太多温室气体加热气候。 这也重要。 常识:冰箱用制冷剂把热量从里泵到外:里面蒸发吸热,外面放热。

这也重要。 你知道吗?人工智能是从数据学习识别模式解决任务的程序。 就说到这里。 简而言之:天气是短期状态;气候是大约30年平均。 再有一个事实。 记住:重力是质量间吸引。地球把一切往下拉,所以东西掉落。 就说到这里。

月亮发光因为反射太阳光。 就说到这里。 常识:云是网上的服务器,存数据用服务。 再有一个事实。 事实:睡眠帮助恢复记忆和免疫。 说完这个,说下一个。 你知道吗?空气是气体混合,主要是氮和氧。

再有一个事实。 简而言之:光合作用用光水CO2制造糖和氧。 就说到这里。 记住:温室效应留住热量。太多温室气体加热气候。

概述结束。"
293,自然科学和技术–第53部分,"下面是验证过的知识。

常识:强密码很长,每个服务唯一,保存在密码管理器。 就说到这里。 确定:心脏把血泵到全身。 再有一个事实。 事实:白天黑夜因为地球自转。向阳面白天,另一面黑夜。 这也重要。 浏览器是打开网页的程序,比如Chrome,Firefox,Edge或Safari。

就说到这里。 Wi-Fi是不用线的无线局域网上网。 再有一个事实。 事实:太阳是炽热气体的恒星,给光和热。 继续。 确定:人工智能是从数据学习识别模式解决任务的程序。 这也重要。

发烧是体温升高,常常防御感染。 就说到这里。 记住:Wi-Fi是不用线的无线局域网上网。 再有一个事实。 确定:原子是物质最小单位,由核和电子组成。 说完这个,说下一个。 事实:人工智能是从数据学习识别模式解决任务的程序。

这也重要。 确定:太阳是炽热气体的恒星,给光和热。 继续。 记住:四季来自地轴倾斜:每个半球轮流倾向太阳。

文章结束。做得好。"
294,自然科学和技术–第54部分,"本文介绍重要事实。静静阅读。

记住:Wi-Fi是不用线的无线局域网上网。 这也重要。 确定:光合作用用光水CO2制造糖和氧。 继续往下。 记住:病毒是很小的病原,没有宿主细胞不能繁殖。 这也重要。 常识:叶子绿色因为叶绿素,光合作用的色素。

继续。 事实:光合作用用光水CO2制造糖和氧。 继续往下。 事实:空气是气体混合,主要是氮和氧。 说完这个,说下一个。 简而言之:病毒是传播造成损害的有害程序。用更新和小心防护。 就说到这里。

常识:病毒是很小的病原,没有宿主细胞不能繁殖。 继续往下。 常识:云是网上的服务器,存数据用服务。 继续往下。 蜂蜜是蜜蜂用花蜜做的。 继续。 GPS用几颗卫星信号和传播时间定位。

就说到这里。 你知道吗?回收收集垃圾做成新产品。 这也重要。 人工智能是从数据学习识别模式解决任务的程序。

概述结束。"
295,自然科学和技术–第55部分,"这里学习有序知识。慢慢来。

你知道吗?塑料几乎不腐烂,污染自然和海洋,变成微塑料。 就说到这里。 简而言之:温室效应留住热量。太多温室气体加热气候。 这也重要。 确定:塑料几乎不腐烂,污染自然和海洋,变成微塑料。 说完这个,说下一个。 简而言之:天气是短期状态;气候是大约30年平均。

继续往下。 电简单说是电荷定向运动,通常是电线里的电子。 再有一个事实。 你知道吗?肺吸入氧气,排出二氧化碳。 继续。 事实:水稳定循环和专注,帮助肾和皮肤,预防头痛。 这也重要。

蜜蜂给植物授粉,保证收成和多样性。 再有一个事实。 确定:空气是气体混合,主要是氮和氧。 就说到这里。 记住:大约2分钟,每天两次。 这也重要。 事实:回收收集垃圾做成新产品。

再有一个事实。 确定:GPS用几颗卫星信号和传播时间定位。 这也重要。 确定:地震是板块突然移动释放能量。

概述结束。"
296,自然科学和技术–第56部分,"本文介绍重要事实。静静阅读。

简而言之:四季来自地轴倾斜:每个半球轮流倾向太阳。 这也重要。 常识:水稳定循环和专注,帮助肾和皮肤,预防头痛。 再有一个事实。 简而言之:发烧是体温升高,常常防御感染。 就说到这里。 记住:蜂蜜是蜜蜂用花蜜做的。

就说到这里。 回收收集垃圾做成新产品。 继续。 原子是物质最小单位,由核和电子组成。 再有一个事实。 简而言之:蜂蜜是蜜蜂用花蜜做的。 就说到这里。

确定:人工智能是从数据学习识别模式解决任务的程序。 继续。 记住:太阳系有8颗行星:水星,金星,地球,火星,木星,土星,天王星,海王星。 说完这个,说下一个。 确定:强密码很长,每个服务唯一,保存在密码管理器。 再有一个事实。 你知道吗?睡眠帮助恢复记忆和免疫。

就说到这里。 确定:应用是程序,通常手机用,比如消息照片游戏。 继续。 事实:强密码很长,每个服务唯一,保存在密码管理器。

现在你知道事实了。"
297,自然科学和技术–第57部分,"本文介绍重要事实。静静阅读。

确定:应用是程序,通常手机用,比如消息照片游戏。 说完这个,说下一个。 常识:太阳系有8颗行星:水星,金星,地球,火星,木星,土星,天王星,海王星。 再有一个事实。 事实:雨通过蒸发形成:水上升,冷却,成云,落成水滴。 这也重要。 太阳能电池把光直接变成电。

说完这个,说下一个。 事实:水稳定循环和专注,帮助肾和皮肤,预防头痛。 继续往下。 常识:蜂蜜是蜜蜂用花蜜做的。 就说到这里。 你知道吗?哺乳动物有毛,生小崽,用奶喂养。 说完这个,说下一个。

你知道吗?温室效应留住热量。太多温室气体加热气候。 这也重要。 事实:睡眠帮助恢复记忆和免疫。 说完这个,说下一个。 记住:蜂蜜是蜜蜂用花蜜做的。 这也重要。 常识:白天黑夜因为地球自转。向阳面白天,另一面黑夜。

说完这个,说下一个。 水稳定循环和专注,帮助肾和皮肤,预防头痛。 这也重要。 常识:原子是物质最小单位,由核和电子组成。

文章结束。做得好。"
298,自然科学和技术–第58部分,"本文一步一步解释事实。

简而言之:睡眠帮助恢复记忆和免疫。 再有一个事实。 简而言之:哺乳动物有毛,生小崽,用奶喂养。 这也重要。 常识:太阳能电池把光直接变成电。 这也重要。 简而言之:Wi-Fi是不用线的无线局域网上网。

继续往下。 记住:冰箱用制冷剂把热量从里泵到外:里面蒸发吸热,外面放热。 继续往下。 记住:电池把化学能变成电能。 说完这个,说下一个。 记住:水是H2O,氢和氧的化合物。 说完这个,说下一个。

确定:发烧是体温升高,常常防御感染。 继续往下。 心脏把血泵到全身。 继续往下。 确定:水是H2O,氢和氧的化合物。 说完这个,说下一个。 事实:肺吸入氧气,排出二氧化碳。

就说到这里。 常识:病毒是传播造成损害的有害程序。用更新和小心防护。 继续往下。 温室效应留住热量。太多温室气体加热气候。

这是主题最重要的内容。"
299,自然科学和技术–第59部分,"本文一步一步解释事实。

记住:叶子绿色因为叶绿素,光合作用的色素。 继续往下。 确定:浏览器是打开网页的程序,比如Chrome,Firefox,Edge或Safari。 这也重要。 塑料几乎不腐烂,污染自然和海洋,变成微塑料。 继续往下。 你知道吗?蜂蜜是蜜蜂用花蜜做的。

这也重要。 简而言之:GPS用几颗卫星信号和传播时间定位。 继续往下。 事实:太阳是炽热气体的恒星,给光和热。 这也重要。 常识:月亮发光因为反射太阳光。 继续往下。

常识:太阳是炽热气体的恒星,给光和热。 继续往下。 简而言之:天空蓝色是因为瑞利散射:蓝光比红光散射更多。 就说到这里。 确定:蜂蜜是蜜蜂用花蜜做的。 说完这个,说下一个。 事实:光合作用用光水CO2制造糖和氧。

继续往下。 事实:水稳定循环和专注,帮助肾和皮肤,预防头痛。 这也重要。 记住:太阳是炽热气体的恒星,给光和热。

概述结束。"
300,自然科学和技术–第60部分,"这里学习有序知识。慢慢来。

你知道吗?病毒是很小的病原,没有宿主细胞不能繁殖。 继续往下。 你知道吗?蜂蜜是蜜蜂用花蜜做的。 这也重要。 记住:天气是短期状态;气候是大约30年平均。 继续。 常识:太阳是炽热气体的恒星,给光和热。

这也重要。 确定:月亮发光因为反射太阳光。 继续。 水稳定循环和专注,帮助肾和皮肤,预防头痛。 说完这个,说下一个。 简而言之:大约2分钟,每天两次。 继续往下。

简而言之:重力是质量间吸引。地球把一切往下拉,所以东西掉落。 就说到这里。 白天黑夜因为地球自转。向阳面白天,另一面黑夜。 就说到这里。 你知道吗?Wi-Fi是不用线的无线局域网上网。 说完这个,说下一个。 常识:地震是板块突然移动释放能量。

说完这个,说下一个。 简而言之:叶子绿色因为叶绿素,光合作用的色素。 继续往下。 简而言之:白天黑夜因为地球自转。向阳面白天,另一面黑夜。

概述结束。"
301,自然科学和技术–第61部分,"这里学习有序知识。慢慢来。

简而言之:大约2分钟,每天两次。 继续往下。 常识:雨通过蒸发形成:水上升,冷却,成云,落成水滴。 再有一个事实。 地震是板块突然移动释放能量。 说完这个,说下一个。 事实:哺乳动物有毛,生小崽,用奶喂养。

继续。 确定:水稳定循环和专注,帮助肾和皮肤,预防头痛。 再有一个事实。 事实:原子是物质最小单位,由核和电子组成。 继续。 常识:光合作用用光水CO2制造糖和氧。 就说到这里。

常识:月亮发光因为反射太阳光。 继续往下。 记住:光合作用用光水CO2制造糖和氧。 就说到这里。 常识:云是网上的服务器,存数据用服务。 继续。 你知道吗?太阳系有8颗行星:水星,金星,地球,火星,木星,土星,天王星,海王星。

继续往下。 简而言之:光合作用用光水CO2制造糖和氧。 继续往下。 常识:人工智能是从数据学习识别模式解决任务的程序。

现在你知道事实了。"
302,自然科学和技术–第62部分,"下面是验证过的知识。

简而言之:病毒是很小的病原,没有宿主细胞不能繁殖。 继续往下。 你知道吗?人工智能是从数据学习识别模式解决任务的程序。 这也重要。 确定:哺乳动物有毛,生小崽,用奶喂养。 再有一个事实。 你知道吗?云是网上的服务器,存数据用服务。

就说到这里。 光合作用用光水CO2制造糖和氧。 继续往下。 确定:电简单说是电荷定向运动,通常是电线里的电子。 继续。 常识:白天黑夜因为地球自转。向阳面白天,另一面黑夜。 说完这个,说下一个。

简而言之:人工智能是从数据学习识别模式解决任务的程序。 继续。 常识:地震是板块突然移动释放能量。 再有一个事实。 常识:天气是短期状态;气候是大约30年平均。 再有一个事实。 原子是物质最小单位,由核和电子组成。

就说到这里。 常识:水稳定循环和专注,帮助肾和皮肤,预防头痛。 就说到这里。 记住:睡眠帮助恢复记忆和免疫。

现在你知道事实了。"
303,自然科学和技术–第63部分,"这里学习有序知识。慢慢来。

常识:天气是短期状态;气候是大约30年平均。 说完这个,说下一个。 简而言之:蜜蜂给植物授粉,保证收成和多样性。 继续往下。 简而言之:病毒是很小的病原,没有宿主细胞不能繁殖。 继续。 确定:水是H2O,氢和氧的化合物。

继续。 原子是物质最小单位,由核和电子组成。 继续。 简而言之:天气是短期状态;气候是大约30年平均。 就说到这里。 记住:温室效应留住热量。太多温室气体加热气候。 再有一个事实。

你知道吗?应用是程序,通常手机用,比如消息照片游戏。 说完这个,说下一个。 常识:心脏把血泵到全身。 就说到这里。 简而言之:发烧是体温升高,常常防御感染。 这也重要。 简而言之:水是H2O,氢和氧的化合物。

继续。 常识:蜂蜜是蜜蜂用花蜜做的。 就说到这里。 记住:睡眠帮助恢复记忆和免疫。

现在你知道事实了。"
304,自然科学和技术–第64部分,"本文一步一步解释事实。

常识:白天黑夜因为地球自转。向阳面白天,另一面黑夜。 继续往下。 记住:塑料几乎不腐烂,污染自然和海洋,变成微塑料。 继续。 你知道吗?哺乳动物有毛,生小崽,用奶喂养。 继续往下。 太阳是炽热气体的恒星,给光和热。

继续。 你知道吗?睡眠帮助恢复记忆和免疫。 就说到这里。 确定:重力是质量间吸引。地球把一切往下拉,所以东西掉落。 说完这个,说下一个。 确定:叶子绿色因为叶绿素,光合作用的色素。 说完这个,说下一个。

简而言之:心脏把血泵到全身。 这也重要。 确定:蜜蜂给植物授粉,保证收成和多样性。 继续往下。 简而言之:哺乳动物有毛,生小崽,用奶喂养。 说完这个,说下一个。 简而言之:重力是质量间吸引。地球把一切往下拉,所以东西掉落。

继续往下。 事实:浏览器是打开网页的程序,比如Chrome,Firefox,Edge或Safari。 说完这个,说下一个。 常识:太阳系有8颗行星:水星,金星,地球,火星,木星,土星,天王星,海王星。

文章结束。做得好。"
305,自然科学和技术–第65部分,"本文介绍重要事实。静静阅读。

你知道吗?强密码很长,每个服务唯一,保存在密码管理器。 继续往下。 确定:空气是气体混合,主要是氮和氧。 说完这个,说下一个。 确定:四季来自地轴倾斜:每个半球轮流倾向太阳。 继续往下。 简而言之:光合作用用光水CO2制造糖和氧。

继续。 太阳能电池把光直接变成电。 再有一个事实。 简而言之:心脏把血泵到全身。 继续往下。 确定:大约2分钟,每天两次。 继续往下。

事实:发烧是体温升高,常常防御感染。 再有一个事实。 浏览器是打开网页的程序,比如Chrome,Firefox,Edge或Safari。 这也重要。 记住:回收收集垃圾做成新产品。 就说到这里。 白天黑夜因为地球自转。向阳面白天,另一面黑夜。

就说到这里。 你知道吗?冰箱用制冷剂把热量从里泵到外:里面蒸发吸热,外面放热。 继续往下。 心脏把血泵到全身。

这是主题最重要的内容。"
306,自然科学和技术–第66部分,"本文介绍重要事实。静静阅读。

记住:太阳能电池把光直接变成电。 再有一个事实。 简而言之:睡眠帮助恢复记忆和免疫。 再有一个事实。 简而言之:回收收集垃圾做成新产品。 说完这个,说下一个。 记住:光合作用用光水CO2制造糖和氧。

继续往下。 简而言之:蜜蜂给植物授粉,保证收成和多样性。 继续往下。 记住:空气是气体混合,主要是氮和氧。 继续。 事实:强密码很长,每个服务唯一,保存在密码管理器。 继续往下。

事实:天空蓝色是因为瑞利散射:蓝光比红光散射更多。 继续。 你知道吗?肺吸入氧气,排出二氧化碳。 这也重要。 记住:云是网上的服务器,存数据用服务。 继续往下。 确定:蜂蜜是蜜蜂用花蜜做的。

就说到这里。 常识:大约2分钟,每天两次。 就说到这里。 常识:光合作用用光水CO2制造糖和氧。

这是主题最重要的内容。"
307,自然科学和技术–第67部分,"本文介绍重要事实。静静阅读。

事实:太阳是炽热气体的恒星,给光和热。 继续往下。 重力是质量间吸引。地球把一切往下拉,所以东西掉落。 就说到这里。 你知道吗?云是网上的服务器,存数据用服务。 继续往下。 发烧是体温升高,常常防御感染。

继续往下。 简而言之:水是H2O,氢和氧的化合物。 说完这个,说下一个。 事实:水是H2O,氢和氧的化合物。 说完这个,说下一个。 记住:睡眠帮助恢复记忆和免疫。 说完这个,说下一个。

记住:塑料几乎不腐烂,污染自然和海洋,变成微塑料。 就说到这里。 记住:雨通过蒸发形成:水上升,冷却,成云,落成水滴。 这也重要。 确定:强密码很长,每个服务唯一,保存在密码管理器。 继续。 记住:光合作用用光水CO2制造糖和氧。

这也重要。 你知道吗?水是H2O,氢和氧的化合物。 继续。 简而言之:天空蓝色是因为瑞利散射:蓝光比红光散射更多。

这是主题最重要的内容。"
308,自然科学和技术–第68部分,"下面是验证过的知识。

确定:太阳系有8颗行星:水星,金星,地球,火星,木星,土星,天王星,海王星。 就说到这里。 事实:病毒是很小的病原,没有宿主细胞不能繁殖。 这也重要。 发烧是体温升高,常常防御感染。 继续往下。 常识:白天黑夜因为地球自转。向阳面白天,另一面黑夜。

继续往下。 记住:天气是短期状态;气候是大约30年平均。 就说到这里。 记住:睡眠帮助恢复记忆和免疫。 再有一个事实。 事实:蜂蜜是蜜蜂用花蜜做的。 说完这个,说下一个。

简而言之:雨通过蒸发形成:水上升,冷却,成云,落成水滴。 再有一个事实。 肺吸入氧气,排出二氧化碳。 说完这个,说下一个。 常识:强密码很长,每个服务唯一,保存在密码管理器。 就说到这里。 常识:原子是物质最小单位,由核和电子组成。

这也重要。 记住:回收收集垃圾做成新产品。 就说到这里。 事实:电池把化学能变成电能。

概述结束。"
309,自然科学和技术–第69部分,"本文一步一步解释事实。

记住:云是网上的服务器,存数据用服务。 再有一个事实。 记住:太阳能电池把光直接变成电。 这也重要。 常识:塑料几乎不腐烂,污染自然和海洋,变成微塑料。 再有一个事实。 事实:Wi-Fi是不用线的无线局域网上网。

就说到这里。 你知道吗?水稳定循环和专注,帮助肾和皮肤,预防头痛。 继续。 简而言之:强密码很长,每个服务唯一,保存在密码管理器。 说完这个,说下一个。 常识:天空蓝色是因为瑞利散射:蓝光比红光散射更多。 再有一个事实。

简而言之:Wi-Fi是不用线的无线局域网上网。 再有一个事实。 地震是板块突然移动释放能量。 这也重要。 简而言之:四季来自地轴倾斜:每个半球轮流倾向太阳。 这也重要。 常识:病毒是传播造成损害的有害程序。用更新和小心防护。

这也重要。 确定:睡眠帮助恢复记忆和免疫。 这也重要。 记住:病毒是很小的病原,没有宿主细胞不能繁殖。

文章结束。做得好。"
310,自然科学和技术–第70部分,"这里学习有序知识。慢慢来。

常识:肺吸入氧气,排出二氧化碳。 说完这个,说下一个。 你知道吗?温室效应留住热量。太多温室气体加热气候。 这也重要。 GPS用几颗卫星信号和传播时间定位。 再有一个事实。 记住:水是H2O,氢和氧的化合物。

继续往下。 记住:GPS用几颗卫星信号和传播时间定位。 再有一个事实。 记住:睡眠帮助恢复记忆和免疫。 说完这个,说下一个。 你知道吗?睡眠帮助恢复记忆和免疫。 这也重要。

常识:四季来自地轴倾斜:每个半球轮流倾向太阳。 这也重要。 常识:重力是质量间吸引。地球把一切往下拉,所以东西掉落。 再有一个事实。 你知道吗?叶子绿色因为叶绿素,光合作用的色素。 就说到这里。 确定:强密码很长,每个服务唯一,保存在密码管理器。

继续。 事实:太阳是炽热气体的恒星,给光和热。 再有一个事实。 确定:电简单说是电荷定向运动,通常是电线里的电子。

概述结束。"
311,自然科学和技术–第71部分,"这里学习有序知识。慢慢来。

事实:哺乳动物有毛,生小崽,用奶喂养。 这也重要。 记住:太阳能电池把光直接变成电。 继续。 事实:重力是质量间吸引。地球把一切往下拉,所以东西掉落。 再有一个事实。 睡眠帮助恢复记忆和免疫。

继续往下。 你知道吗?肺吸入氧气,排出二氧化碳。 继续。 事实:天空蓝色是因为瑞利散射:蓝光比红光散射更多。 说完这个,说下一个。 常识:云是网上的服务器,存数据用服务。 继续往下。

事实:强密码很长,每个服务唯一,保存在密码管理器。 继续往下。 常识:温室效应留住热量。太多温室气体加热气候。 继续往下。 常识:强密码很长,每个服务唯一,保存在密码管理器。 再有一个事实。 确定:云是网上的服务器,存数据用服务。

继续往下。 记住:肺吸入氧气,排出二氧化碳。 再有一个事实。 事实:浏览器是打开网页的程序,比如Chrome,Firefox,Edge或Safari。

现在你知道事实了。"
312,自然科学和技术–第72部分,"本文一步一步解释事实。

记住:电简单说是电荷定向运动,通常是电线里的电子。 再有一个事实。 简而言之:重力是质量间吸引。地球把一切往下拉,所以东西掉落。 说完这个,说下一个。 发烧是体温升高,常常防御感染。 说完这个,说下一个。 你知道吗?应用是程序,通常手机用,比如消息照片游戏。

继续往下。 确定:强密码很长,每个服务唯一,保存在密码管理器。 继续。 GPS用几颗卫星信号和传播时间定位。 继续往下。 事实:大约2分钟,每天两次。 继续往下。

你知道吗?白天黑夜因为地球自转。向阳面白天,另一面黑夜。 继续往下。 确定:重力是质量间吸引。地球把一切往下拉,所以东西掉落。 就说到这里。 简而言之:温室效应留住热量。太多温室气体加热气候。 继续。 记住:云是网上的服务器,存数据用服务。

就说到这里。 确定:白天黑夜因为地球自转。向阳面白天,另一面黑夜。 继续。 简而言之:云是网上的服务器,存数据用服务。

文章结束。做得好。"
313,自然科学和技术–第73部分,"本文介绍重要事实。静静阅读。

冰箱用制冷剂把热量从里泵到外:里面蒸发吸热,外面放热。 继续往下。 常识:GPS用几颗卫星信号和传播时间定位。 继续往下。 事实:应用是程序,通常手机用,比如消息照片游戏。 就说到这里。 你知道吗?太阳是炽热气体的恒星,给光和热。

继续往下。 天空蓝色是因为瑞利散射:蓝光比红光散射更多。 这也重要。 你知道吗?地震是板块突然移动释放能量。 再有一个事实。 记住:肺吸入氧气,排出二氧化碳。 继续。

你知道吗?重力是质量间吸引。地球把一切往下拉,所以东西掉落。 继续。 确定:发烧是体温升高,常常防御感染。 说完这个,说下一个。 你知道吗?哺乳动物有毛,生小崽,用奶喂养。 说完这个,说下一个。 记住:冰箱用制冷剂把热量从里泵到外:里面蒸发吸热,外面放热。

继续。 常识:太阳系有8颗行星:水星,金星,地球,火星,木星,土星,天王星,海王星。 继续往下。 你知道吗?浏览器是打开网页的程序,比如Chrome,Firefox,Edge或Safari。

概述结束。"
314,自然科学和技术–第74部分,"下面是验证过的知识。

记住:电池把化学能变成电能。 再有一个事实。 肺吸入氧气,排出二氧化碳。 就说到这里。 蜂蜜是蜜蜂用花蜜做的。 这也重要。 简而言之:太阳能电池把光直接变成电。

再有一个事实。 常识:叶子绿色因为叶绿素,光合作用的色素。 这也重要。 简而言之:浏览器是打开网页的程序,比如Chrome,Firefox,Edge或Safari。 说完这个,说下一个。 记住:月亮发光因为反射太阳光。 说完这个,说下一个。

你知道吗?强密码很长,每个服务唯一,保存在密码管理器。 这也重要。 事实:太阳是炽热气体的恒星,给光和热。 说完这个,说下一个。 常识:GPS用几颗卫星信号和传播时间定位。 就说到这里。 天气是短期状态;气候是大约30年平均。

再有一个事实。 你知道吗?电池把化学能变成电能。 继续往下。 你知道吗?睡眠帮助恢复记忆和免疫。

概述结束。"
315,自然科学和技术–第75部分,"下面是验证过的知识。

确定:心脏把血泵到全身。 就说到这里。 简而言之:电池把化学能变成电能。 这也重要。 你知道吗?光合作用用光水CO2制造糖和氧。 继续。 常识:心脏把血泵到全身。

再有一个事实。 地震是板块突然移动释放能量。 就说到这里。 简而言之:哺乳动物有毛,生小崽,用奶喂养。 就说到这里。 确定:电池把化学能变成电能。 继续。

你知道吗?四季来自地轴倾斜:每个半球轮流倾向太阳。 再有一个事实。 记住:强密码很长,每个服务唯一,保存在密码管理器。 说完这个,说下一个。 简而言之:水是H2O,氢和氧的化合物。 这也重要。 你知道吗?回收收集垃圾做成新产品。

再有一个事实。 记住:Wi-Fi是不用线的无线局域网上网。 继续。 事实:月亮发光因为反射太阳光。

这是主题最重要的内容。"
316,自然科学和技术–第76部分,"本文一步一步解释事实。

事实:Wi-Fi是不用线的无线局域网上网。 说完这个,说下一个。 记住:水是H2O,氢和氧的化合物。 就说到这里。 事实:太阳能电池把光直接变成电。 这也重要。 简而言之:温室效应留住热量。太多温室气体加热气候。

继续往下。 大约2分钟,每天两次。 再有一个事实。 简而言之:云是网上的服务器,存数据用服务。 这也重要。 记住:大约2分钟,每天两次。 再有一个事实。

记住:人工智能是从数据学习识别模式解决任务的程序。 这也重要。 简而言之:发烧是体温升高,常常防御感染。 说完这个,说下一个。 简而言之:天空蓝色是因为瑞利散射:蓝光比红光散射更多。 说完这个,说下一个。 确定:塑料几乎不腐烂,污染自然和海洋,变成微塑料。

再有一个事实。 常识:应用是程序,通常手机用,比如消息照片游戏。 继续。 事实:四季来自地轴倾斜:每个半球轮流倾向太阳。

这是主题最重要的内容。"
317,自然科学和技术–第77部分,"这里学习有序知识。慢慢来。

事实:重力是质量间吸引。地球把一切往下拉,所以东西掉落。 再有一个事实。 记住:白天黑夜因为地球自转。向阳面白天,另一面黑夜。 继续。 你知道吗?云是网上的服务器,存数据用服务。 继续往下。 记住:应用是程序,通常手机用,比如消息照片游戏。

说完这个,说下一个。 你知道吗?原子是物质最小单位,由核和电子组成。 再有一个事实。 你知道吗?太阳是炽热气体的恒星,给光和热。 继续往下。 你知道吗?雨通过蒸发形成:水上升,冷却,成云,落成水滴。 说完这个,说下一个。

你知道吗?地震是板块突然移动释放能量。 继续往下。 你知道吗?蜜蜂给植物授粉,保证收成和多样性。 再有一个事实。 简而言之:发烧是体温升高,常常防御感染。 继续。 强密码很长,每个服务唯一,保存在密码管理器。

再有一个事实。 睡眠帮助恢复记忆和免疫。 再有一个事实。 事实:原子是物质最小单位,由核和电子组成。

这是主题最重要的内容。"
318,自然科学和技术–第78部分,"本文一步一步解释事实。

简而言之:应用是程序,通常手机用,比如消息照片游戏。 继续往下。 简而言之:水是H2O,氢和氧的化合物。 这也重要。 确定:太阳是炽热气体的恒星,给光和热。 说完这个,说下一个。 确定:云是网上的服务器,存数据用服务。

继续往下。 记住:GPS用几颗卫星信号和传播时间定位。 再有一个事实。 塑料几乎不腐烂,污染自然和海洋,变成微塑料。 继续。 简而言之:心脏把血泵到全身。 说完这个,说下一个。

常识:回收收集垃圾做成新产品。 这也重要。 确定:原子是物质最小单位,由核和电子组成。 再有一个事实。 你知道吗?月亮发光因为反射太阳光。 继续往下。 确定:电简单说是电荷定向运动,通常是电线里的电子。

继续往下。 确定:地震是板块突然移动释放能量。 说完这个,说下一个。 常识:天气是短期状态;气候是大约30年平均。

这是主题最重要的内容。"
319,自然科学和技术–第79部分,"下面是验证过的知识。

事实:水是H2O,氢和氧的化合物。 说完这个,说下一个。 常识:蜜蜂给植物授粉,保证收成和多样性。 就说到这里。 常识:温室效应留住热量。太多温室气体加热气候。 就说到这里。 应用是程序,通常手机用,比如消息照片游戏。

就说到这里。 常识:叶子绿色因为叶绿素,光合作用的色素。 这也重要。 你知道吗?温室效应留住热量。太多温室气体加热气候。 再有一个事实。 简而言之:电简单说是电荷定向运动,通常是电线里的电子。 继续。

常识:电池把化学能变成电能。 这也重要。 记住:太阳是炽热气体的恒星,给光和热。 这也重要。 简而言之:病毒是很小的病原,没有宿主细胞不能繁殖。 再有一个事实。 确定:回收收集垃圾做成新产品。

继续往下。 简而言之:水稳定循环和专注,帮助肾和皮肤,预防头痛。 继续。 简而言之:温室效应留住热量。太多温室气体加热气候。

这是主题最重要的内容。"
320,自然科学和技术–第80部分,"这里学习有序知识。慢慢来。

事实:叶子绿色因为叶绿素,光合作用的色素。 就说到这里。 确定:太阳是炽热气体的恒星,给光和热。 就说到这里。 记住:Wi-Fi是不用线的无线局域网上网。 说完这个,说下一个。 简而言之:雨通过蒸发形成:水上升,冷却,成云,落成水滴。

再有一个事实。 记住:白天黑夜因为地球自转。向阳面白天,另一面黑夜。 说完这个,说下一个。 简而言之:浏览器是打开网页的程序,比如Chrome,Firefox,Edge或Safari。 再有一个事实。 四季来自地轴倾斜:每个半球轮流倾向太阳。 这也重要。

云是网上的服务器,存数据用服务。 继续往下。 事实:水稳定循环和专注,帮助肾和皮肤,预防头痛。 这也重要。 记住:水稳定循环和专注,帮助肾和皮肤,预防头痛。 继续。 常识:电池把化学能变成电能。

继续。 简而言之:病毒是很小的病原,没有宿主细胞不能繁殖。 说完这个,说下一个。 简而言之:蜜蜂给植物授粉,保证收成和多样性。

这是主题最重要的内容。"
321,自然科学和技术–第81部分,"下面是验证过的知识。

事实:强密码很长,每个服务唯一,保存在密码管理器。 就说到这里。 确定:病毒是传播造成损害的有害程序。用更新和小心防护。 说完这个,说下一个。 电简单说是电荷定向运动,通常是电线里的电子。 这也重要。 你知道吗?病毒是很小的病原,没有宿主细胞不能繁殖。

就说到这里。 事实:冰箱用制冷剂把热量从里泵到外:里面蒸发吸热,外面放热。 继续。 确定:强密码很长,每个服务唯一,保存在密码管理器。 再有一个事实。 常识:四季来自地轴倾斜:每个半球轮流倾向太阳。 继续。

事实:大约2分钟,每天两次。 这也重要。 常识:病毒是很小的病原,没有宿主细胞不能繁殖。 再有一个事实。 你知道吗?电简单说是电荷定向运动,通常是电线里的电子。 说完这个,说下一个。 简而言之:应用是程序,通常手机用,比如消息照片游戏。

这也重要。 你知道吗?人工智能是从数据学习识别模式解决任务的程序。 就说到这里。 常识:蜜蜂给植物授粉,保证收成和多样性。

概述结束。"
322,自然科学和技术–第82部分,"这里学习有序知识。慢慢来。

你知道吗?水稳定循环和专注,帮助肾和皮肤,预防头痛。 再有一个事实。 简而言之:雨通过蒸发形成:水上升,冷却,成云,落成水滴。 继续往下。 确定:地震是板块突然移动释放能量。 继续往下。 你知道吗?肺吸入氧气,排出二氧化碳。

再有一个事实。 白天黑夜因为地球自转。向阳面白天,另一面黑夜。 就说到这里。 常识:睡眠帮助恢复记忆和免疫。 这也重要。 常识:电简单说是电荷定向运动,通常是电线里的电子。 就说到这里。

事实:电简单说是电荷定向运动,通常是电线里的电子。 再有一个事实。 记住:白天黑夜因为地球自转。向阳面白天,另一面黑夜。 这也重要。 你知道吗?蜜蜂给植物授粉,保证收成和多样性。 继续往下。 确定:电简单说是电荷定向运动,通常是电线里的电子。

就说到这里。 事实:光合作用用光水CO2制造糖和氧。 继续往下。 你知道吗?GPS用几颗卫星信号和传播时间定位。

现在你知道事实了。"
323,自然科学和技术–第83部分,"这里学习有序知识。慢慢来。

确定:睡眠帮助恢复记忆和免疫。 继续往下。 记住:电池把化学能变成电能。 说完这个,说下一个。 确定:云是网上的服务器,存数据用服务。 这也重要。 事实:肺吸入氧气,排出二氧化碳。

这也重要。 事实:浏览器是打开网页的程序,比如Chrome,Firefox,Edge或Safari。 继续往下。 你知道吗?天气是短期状态;气候是大约30年平均。 继续。 简而言之:电简单说是电荷定向运动,通常是电线里的电子。 继续往下。

确定:雨通过蒸发形成:水上升,冷却,成云,落成水滴。 继续往下。 确定:强密码很长,每个服务唯一,保存在密码管理器。 就说到这里。 记住:水是H2O,氢和氧的化合物。 再有一个事实。 记住:雨通过蒸发形成:水上升,冷却,成云,落成水滴。

再有一个事实。 记住:光合作用用光水CO2制造糖和氧。 说完这个,说下一个。 太阳系有8颗行星:水星,金星,地球,火星,木星,土星,天王星,海王星。

概述结束。"
324,自然科学和技术–第84部分,"本文介绍重要事实。静静阅读。

确定:GPS用几颗卫星信号和传播时间定位。 就说到这里。 事实:原子是物质最小单位,由核和电子组成。 说完这个,说下一个。 简而言之:原子是物质最小单位,由核和电子组成。 继续往下。 心脏把血泵到全身。

就说到这里。 记住:发烧是体温升高,常常防御感染。 继续。 事实:地震是板块突然移动释放能量。 继续。 简而言之:水稳定循环和专注,帮助肾和皮肤,预防头痛。 就说到这里。

你知道吗?Wi-Fi是不用线的无线局域网上网。 就说到这里。 GPS用几颗卫星信号和传播时间定位。 继续往下。 事实:强密码很长,每个服务唯一,保存在密码管理器。 说完这个,说下一个。 事实:蜂蜜是蜜蜂用花蜜做的。

再有一个事实。 记住:云是网上的服务器,存数据用服务。 就说到这里。 确定:病毒是很小的病原,没有宿主细胞不能繁殖。

概述结束。"
325,自然科学和技术–第85部分,"下面是验证过的知识。

常识:肺吸入氧气,排出二氧化碳。 就说到这里。 常识:原子是物质最小单位,由核和电子组成。 说完这个,说下一个。 记住:电池把化学能变成电能。 再有一个事实。 记住:浏览器是打开网页的程序,比如Chrome,Firefox,Edge或Safari。

继续往下。 你知道吗?白天黑夜因为地球自转。向阳面白天,另一面黑夜。 继续。 事实:回收收集垃圾做成新产品。 再有一个事实。 确定:雨通过蒸发形成:水上升,冷却,成云,落成水滴。 继续往下。

你知道吗?天空蓝色是因为瑞利散射:蓝光比红光散射更多。 说完这个,说下一个。 事实:叶子绿色因为叶绿素,光合作用的色素。 继续往下。 事实:电池把化学能变成电能。 继续。 记住:太阳系有8颗行星:水星,金星,地球,火星,木星,土星,天王星,海王星。

再有一个事实。 简而言之:GPS用几颗卫星信号和传播时间定位。 说完这个,说下一个。 叶子绿色因为叶绿素,光合作用的色素。

现在你知道事实了。"
326,自然科学和技术–第86部分,"这里学习有序知识。慢慢来。

简而言之:发烧是体温升高,常常防御感染。 这也重要。 大约2分钟,每天两次。 再有一个事实。 记住:云是网上的服务器,存数据用服务。 这也重要。 你知道吗?人工智能是从数据学习识别模式解决任务的程序。

继续。 空气是气体混合,主要是氮和氧。 就说到这里。 冰箱用制冷剂把热量从里泵到外:里面蒸发吸热,外面放热。 继续。 记住:水稳定循环和专注,帮助肾和皮肤,预防头痛。 继续。

常识:发烧是体温升高,常常防御感染。 说完这个,说下一个。 简而言之:冰箱用制冷剂把热量从里泵到外:里面蒸发吸热,外面放热。 这也重要。 确定:冰箱用制冷剂把热量从里泵到外:里面蒸发吸热,外面放热。 继续。 确定:雨通过蒸发形成:水上升,冷却,成云,落成水滴。

继续往下。 常识:原子是物质最小单位,由核和电子组成。 就说到这里。 确定:云是网上的服务器,存数据用服务。

现在你知道事实了。"
327,自然科学和技术–第87部分,"本文一步一步解释事实。

确定:大约2分钟,每天两次。 继续往下。 记住:肺吸入氧气,排出二氧化碳。 说完这个,说下一个。 事实:肺吸入氧气,排出二氧化碳。 再有一个事实。 常识:人工智能是从数据学习识别模式解决任务的程序。

说完这个,说下一个。 太阳是炽热气体的恒星,给光和热。 再有一个事实。 简而言之:睡眠帮助恢复记忆和免疫。 再有一个事实。 确定:太阳是炽热气体的恒星,给光和热。 再有一个事实。

常识:冰箱用制冷剂把热量从里泵到外:里面蒸发吸热,外面放热。 继续往下。 简而言之:病毒是传播造成损害的有害程序。用更新和小心防护。 再有一个事实。 简而言之:蜜蜂给植物授粉,保证收成和多样性。 继续往下。 常识:云是网上的服务器,存数据用服务。

再有一个事实。 确定:地震是板块突然移动释放能量。 说完这个,说下一个。 你知道吗?电简单说是电荷定向运动,通常是电线里的电子。

概述结束。"
328,自然科学和技术–第88部分,"本文一步一步解释事实。

简而言之:人工智能是从数据学习识别模式解决任务的程序。 说完这个,说下一个。 简而言之:发烧是体温升高,常常防御感染。 说完这个,说下一个。 记住:四季来自地轴倾斜:每个半球轮流倾向太阳。 这也重要。 事实:强密码很长,每个服务唯一,保存在密码管理器。

继续。 人工智能是从数据学习识别模式解决任务的程序。 再有一个事实。 事实:原子是物质最小单位,由核和电子组成。 就说到这里。 记住:电简单说是电荷定向运动,通常是电线里的电子。 再有一个事实。

确定:人工智能是从数据学习识别模式解决任务的程序。 这也重要。 地震是板块突然移动释放能量。 继续往下。 确定:云是网上的服务器,存数据用服务。 继续。 你知道吗?四季来自地轴倾斜:每个半球轮流倾向太阳。

再有一个事实。 温室效应留住热量。太多温室气体加热气候。 继续往下。 事实:叶子绿色因为叶绿素,光合作用的色素。

概述结束。"
329,自然科学和技术–第89部分,"本文一步一步解释事实。

记住:发烧是体温升高,常常防御感染。 再有一个事实。 发烧是体温升高,常常防御感染。 再有一个事实。 你知道吗?温室效应留住热量。太多温室气体加热气候。 说完这个,说下一个。 你知道吗?塑料几乎不腐烂,污染自然和海洋,变成微塑料。

再有一个事实。 记住:强密码很长,每个服务唯一,保存在密码管理器。 再有一个事实。 简而言之:光合作用用光水CO2制造糖和氧。 就说到这里。 记住:四季来自地轴倾斜:每个半球轮流倾向太阳。 说完这个,说下一个。

空气是气体混合,主要是氮和氧。 继续往下。 确定:蜜蜂给植物授粉,保证收成和多样性。 这也重要。 确定:应用是程序,通常手机用,比如消息照片游戏。 继续。 事实:冰箱用制冷剂把热量从里泵到外:里面蒸发吸热,外面放热。

这也重要。 常识:大约2分钟,每天两次。 再有一个事实。 常识:原子是物质最小单位,由核和电子组成。

这是主题最重要的内容。"
330,自然科学和技术–第90部分,"本文介绍重要事实。静静阅读。

简而言之:天气是短期状态;气候是大约30年平均。 继续往下。 简而言之:哺乳动物有毛,生小崽,用奶喂养。 说完这个,说下一个。 确定:水稳定循环和专注,帮助肾和皮肤,预防头痛。 继续。 睡眠帮助恢复记忆和免疫。

再有一个事实。 Wi-Fi是不用线的无线局域网上网。 说完这个,说下一个。 事实:冰箱用制冷剂把热量从里泵到外:里面蒸发吸热,外面放热。 这也重要。 温室效应留住热量。太多温室气体加热气候。 说完这个,说下一个。

记住:太阳能电池把光直接变成电。 就说到这里。 你知道吗?空气是气体混合,主要是氮和氧。 继续。 水是H2O,氢和氧的化合物。 这也重要。 简而言之:雨通过蒸发形成:水上升,冷却,成云,落成水滴。

继续往下。 你知道吗?太阳是炽热气体的恒星,给光和热。 继续往下。 常识:GPS用几颗卫星信号和传播时间定位。

这是主题最重要的内容。"
331,自然科学和技术–第91部分,"这里学习有序知识。慢慢来。

你知道吗?睡眠帮助恢复记忆和免疫。 再有一个事实。 确定:天空蓝色是因为瑞利散射:蓝光比红光散射更多。 这也重要。 常识:病毒是传播造成损害的有害程序。用更新和小心防护。 再有一个事实。 事实:蜂蜜是蜜蜂用花蜜做的。

这也重要。 确定:浏览器是打开网页的程序,比如Chrome,Firefox,Edge或Safari。 就说到这里。 简而言之:大约2分钟,每天两次。 再有一个事实。 常识:蜂蜜是蜜蜂用花蜜做的。 就说到这里。

事实:空气是气体混合,主要是氮和氧。 再有一个事实。 简而言之:应用是程序,通常手机用,比如消息照片游戏。 说完这个,说下一个。 记住:蜜蜂给植物授粉,保证收成和多样性。 再有一个事实。 常识:白天黑夜因为地球自转。向阳面白天,另一面黑夜。

继续。 简而言之:空气是气体混合,主要是氮和氧。 就说到这里。 你知道吗?冰箱用制冷剂把热量从里泵到外:里面蒸发吸热,外面放热。

这是主题最重要的内容。"
332,自然科学和技术–第92部分,"本文一步一步解释事实。

记住:睡眠帮助恢复记忆和免疫。 这也重要。 确定:电池把化学能变成电能。 继续。 确定:病毒是传播造成损害的有害程序。用更新和小心防护。 就说到这里。 简而言之:发烧是体温升高,常常防御感染。

这也重要。 记住:蜂蜜是蜜蜂用花蜜做的。 继续往下。 确定:月亮发光因为反射太阳光。 继续往下。 常识:云是网上的服务器,存数据用服务。 说完这个,说下一个。

你知道吗?病毒是很小的病原,没有宿主细胞不能繁殖。 再有一个事实。 事实:四季来自地轴倾斜:每个半球轮流倾向太阳。 说完这个,说下一个。 事实:太阳能电池把光直接变成电。 继续往下。 你知道吗?太阳能电池把光直接变成电。

继续。 简而言之:病毒是很小的病原,没有宿主细胞不能繁殖。 继续往下。 你知道吗?强密码很长,每个服务唯一,保存在密码管理器。

文章结束。做得好。"
333,自然科学和技术–第93部分,"下面是验证过的知识。

事实:浏览器是打开网页的程序,比如Chrome,Firefox,Edge或Safari。 继续。 记住:水稳定循环和专注,帮助肾和皮肤,预防头痛。 说完这个,说下一个。 记住:病毒是很小的病原,没有宿主细胞不能繁殖。 这也重要。 记住:回收收集垃圾做成新产品。

再有一个事实。 电池把化学能变成电能。 说完这个,说下一个。 你知道吗?云是网上的服务器,存数据用服务。 就说到这里。 简而言之:强密码很长,每个服务唯一,保存在密码管理器。 就说到这里。

记住:蜂蜜是蜜蜂用花蜜做的。 这也重要。 睡眠帮助恢复记忆和免疫。 这也重要。 确定:蜂蜜是蜜蜂用花蜜做的。 继续。 确定:四季来自地轴倾斜:每个半球轮流倾向太阳。

说完这个,说下一个。 事实:电简单说是电荷定向运动,通常是电线里的电子。 就说到这里。 事实:GPS用几颗卫星信号和传播时间定位。

概述结束。"
334,自然科学和技术–第94部分,"本文一步一步解释事实。

确定:原子是物质最小单位,由核和电子组成。 就说到这里。 温室效应留住热量。太多温室气体加热气候。 继续。 事实:强密码很长,每个服务唯一,保存在密码管理器。 这也重要。 你知道吗?电池把化学能变成电能。

再有一个事实。 强密码很长,每个服务唯一,保存在密码管理器。 继续。 事实:蜜蜂给植物授粉,保证收成和多样性。 继续往下。 病毒是很小的病原,没有宿主细胞不能繁殖。 说完这个,说下一个。

GPS用几颗卫星信号和传播时间定位。 说完这个,说下一个。 常识:蜜蜂给植物授粉,保证收成和多样性。 这也重要。 常识:肺吸入氧气,排出二氧化碳。 就说到这里。 你知道吗?电简单说是电荷定向运动,通常是电线里的电子。

这也重要。 事实:Wi-Fi是不用线的无线局域网上网。 再有一个事实。 地震是板块突然移动释放能量。

文章结束。做得好。"
335,自然科学和技术–第95部分,"这里学习有序知识。慢慢来。

简而言之:天气是短期状态;气候是大约30年平均。 这也重要。 确定:地震是板块突然移动释放能量。 说完这个,说下一个。 常识:叶子绿色因为叶绿素,光合作用的色素。 再有一个事实。 肺吸入氧气,排出二氧化碳。

继续往下。 记住:原子是物质最小单位,由核和电子组成。 继续。 雨通过蒸发形成:水上升,冷却,成云,落成水滴。 说完这个,说下一个。 记住:病毒是传播造成损害的有害程序。用更新和小心防护。 继续往下。

确定:GPS用几颗卫星信号和传播时间定位。 继续往下。 病毒是很小的病原,没有宿主细胞不能繁殖。 就说到这里。 事实:电简单说是电荷定向运动,通常是电线里的电子。 说完这个,说下一个。 病毒是传播造成损害的有害程序。用更新和小心防护。

就说到这里。 记住:大约2分钟,每天两次。 就说到这里。 你知道吗?浏览器是打开网页的程序,比如Chrome,Firefox,Edge或Safari。

这是主题最重要的内容。"
336,自然科学和技术–第96部分,"下面是验证过的知识。

白天黑夜因为地球自转。向阳面白天,另一面黑夜。 说完这个,说下一个。 叶子绿色因为叶绿素,光合作用的色素。 继续往下。 常识:病毒是传播造成损害的有害程序。用更新和小心防护。 这也重要。 你知道吗?电池把化学能变成电能。

继续。 你知道吗?天空蓝色是因为瑞利散射:蓝光比红光散射更多。 说完这个,说下一个。 简而言之:GPS用几颗卫星信号和传播时间定位。 继续往下。 简而言之:Wi-Fi是不用线的无线局域网上网。 就说到这里。

发烧是体温升高,常常防御感染。 继续往下。 天气是短期状态;气候是大约30年平均。 继续往下。 记住:哺乳动物有毛,生小崽,用奶喂养。 说完这个,说下一个。 记住:电简单说是电荷定向运动,通常是电线里的电子。

继续往下。 事实:叶子绿色因为叶绿素,光合作用的色素。 继续往下。 常识:光合作用用光水CO2制造糖和氧。

概述结束。"
337,自然科学和技术–第97部分,"这里学习有序知识。慢慢来。

简而言之:人工智能是从数据学习识别模式解决任务的程序。 就说到这里。 简而言之:光合作用用光水CO2制造糖和氧。 就说到这里。 常识:大约2分钟,每天两次。 说完这个,说下一个。 确定:浏览器是打开网页的程序,比如Chrome,Firefox,Edge或Safari。

这也重要。 事实:电简单说是电荷定向运动,通常是电线里的电子。 继续。 蜂蜜是蜜蜂用花蜜做的。 继续。 事实:太阳是炽热气体的恒星,给光和热。 继续往下。

记住:电简单说是电荷定向运动,通常是电线里的电子。 就说到这里。 Wi-Fi是不用线的无线局域网上网。 继续往下。 你知道吗?太阳系有8颗行星:水星,金星,地球,火星,木星,土星,天王星,海王星。 就说到这里。 记住:回收收集垃圾做成新产品。

就说到这里。 确定:四季来自地轴倾斜:每个半球轮流倾向太阳。 这也重要。 雨通过蒸发形成:水上升,冷却,成云,落成水滴。

这是主题最重要的内容。"
338,自然科学和技术–第98部分,"本文一步一步解释事实。

四季来自地轴倾斜:每个半球轮流倾向太阳。 就说到这里。 你知道吗?应用是程序,通常手机用,比如消息照片游戏。 再有一个事实。 应用是程序,通常手机用,比如消息照片游戏。 继续。 记住:四季来自地轴倾斜:每个半球轮流倾向太阳。

继续。 事实:温室效应留住热量。太多温室气体加热气候。 说完这个,说下一个。 记住:天气是短期状态;气候是大约30年平均。 说完这个,说下一个。 事实:原子是物质最小单位,由核和电子组成。 就说到这里。

常识:光合作用用光水CO2制造糖和氧。 继续。 记住:病毒是很小的病原,没有宿主细胞不能繁殖。 这也重要。 常识:心脏把血泵到全身。 继续往下。 确定:云是网上的服务器,存数据用服务。

说完这个,说下一个。 温室效应留住热量。太多温室气体加热气候。 这也重要。 确定:天空蓝色是因为瑞利散射:蓝光比红光散射更多。

概述结束。"
339,自然科学和技术–第99部分,"下面是验证过的知识。

确定:应用是程序,通常手机用,比如消息照片游戏。 继续往下。 简而言之:太阳能电池把光直接变成电。 继续。 简而言之:人工智能是从数据学习识别模式解决任务的程序。 继续。 你知道吗?人工智能是从数据学习识别模式解决任务的程序。

就说到这里。 事实:蜜蜂给植物授粉,保证收成和多样性。 说完这个,说下一个。 简而言之:重力是质量间吸引。地球把一切往下拉,所以东西掉落。 继续往下。 简而言之:云是网上的服务器,存数据用服务。 再有一个事实。

事实:空气是气体混合,主要是氮和氧。 就说到这里。 简而言之:冰箱用制冷剂把热量从里泵到外:里面蒸发吸热,外面放热。 说完这个,说下一个。 确定:光合作用用光水CO2制造糖和氧。 这也重要。 重力是质量间吸引。地球把一切往下拉,所以东西掉落。

就说到这里。 你知道吗?应用是程序,通常手机用,比如消息照片游戏。 这也重要。 水是H2O,氢和氧的化合物。

概述结束。"
340,自然科学和技术–第100部分,"本文一步一步解释事实。

哺乳动物有毛,生小崽,用奶喂养。 这也重要。 你知道吗?病毒是传播造成损害的有害程序。用更新和小心防护。 这也重要。 简而言之:四季来自地轴倾斜:每个半球轮流倾向太阳。 再有一个事实。 记住:太阳系有8颗行星:水星,金星,地球,火星,木星,土星,天王星,海王星。

说完这个,说下一个。 重力是质量间吸引。地球把一切往下拉,所以东西掉落。 就说到这里。 确定:大约2分钟,每天两次。 就说到这里。 塑料几乎不腐烂,污染自然和海洋,变成微塑料。 就说到这里。

事实:蜜蜂给植物授粉,保证收成和多样性。 就说到这里。 事实:哺乳动物有毛,生小崽,用奶喂养。 再有一个事实。 你知道吗?天空蓝色是因为瑞利散射:蓝光比红光散射更多。 说完这个,说下一个。 确定:云是网上的服务器,存数据用服务。

继续。 事实:原子是物质最小单位,由核和电子组成。 再有一个事实。 简而言之:病毒是传播造成损害的有害程序。用更新和小心防护。

概述结束。"
341,自然科学和技术–第101部分,"本文一步一步解释事实。

简而言之:太阳能电池把光直接变成电。 再有一个事实。 事实:强密码很长,每个服务唯一,保存在密码管理器。 继续。 简而言之:叶子绿色因为叶绿素,光合作用的色素。 再有一个事实。 常识:天空蓝色是因为瑞利散射:蓝光比红光散射更多。

继续往下。 常识:太阳系有8颗行星:水星,金星,地球,火星,木星,土星,天王星,海王星。 就说到这里。 确定:蜜蜂给植物授粉,保证收成和多样性。 说完这个,说下一个。 常识:雨通过蒸发形成:水上升,冷却,成云,落成水滴。 再有一个事实。

蜂蜜是蜜蜂用花蜜做的。 继续往下。 事实:心脏把血泵到全身。 再有一个事实。 事实:应用是程序,通常手机用,比如消息照片游戏。 再有一个事实。 冰箱用制冷剂把热量从里泵到外:里面蒸发吸热,外面放热。

继续往下。 记住:病毒是很小的病原,没有宿主细胞不能繁殖。 这也重要。 事实:水是H2O,氢和氧的化合物。

概述结束。"
342,自然科学和技术–第102部分,"这里学习有序知识。慢慢来。

记住:心脏把血泵到全身。 再有一个事实。 你知道吗?回收收集垃圾做成新产品。 继续。 电池把化学能变成电能。 再有一个事实。 确定:GPS用几颗卫星信号和传播时间定位。

说完这个,说下一个。 常识:白天黑夜因为地球自转。向阳面白天,另一面黑夜。 继续。 你知道吗?冰箱用制冷剂把热量从里泵到外:里面蒸发吸热,外面放热。 说完这个,说下一个。 病毒是很小的病原,没有宿主细胞不能繁殖。 继续往下。

确定:冰箱用制冷剂把热量从里泵到外:里面蒸发吸热,外面放热。 继续往下。 你知道吗?电简单说是电荷定向运动,通常是电线里的电子。 再有一个事实。 记住:应用是程序,通常手机用,比如消息照片游戏。 说完这个,说下一个。 常识:水稳定循环和专注,帮助肾和皮肤,预防头痛。

说完这个,说下一个。 你知道吗?雨通过蒸发形成:水上升,冷却,成云,落成水滴。 就说到这里。 记住:冰箱用制冷剂把热量从里泵到外:里面蒸发吸热,外面放热。

现在你知道事实了。"
343,自然科学和技术–第103部分,"本文介绍重要事实。静静阅读。

确定:蜂蜜是蜜蜂用花蜜做的。 继续往下。 事实:肺吸入氧气,排出二氧化碳。 继续往下。 你知道吗?水稳定循环和专注,帮助肾和皮肤,预防头痛。 继续往下。 常识:叶子绿色因为叶绿素,光合作用的色素。

说完这个,说下一个。 常识:天气是短期状态;气候是大约30年平均。 继续往下。 简而言之:发烧是体温升高,常常防御感染。 继续。 事实:光合作用用光水CO2制造糖和氧。 就说到这里。

事实:病毒是很小的病原,没有宿主细胞不能繁殖。 继续往下。 常识:塑料几乎不腐烂,污染自然和海洋,变成微塑料。 继续。 事实:地震是板块突然移动释放能量。 这也重要。 常识:白天黑夜因为地球自转。向阳面白天,另一面黑夜。

继续。 确定:月亮发光因为反射太阳光。 就说到这里。 事实:GPS用几颗卫星信号和传播时间定位。

概述结束。"
344,自然科学和技术–第104部分,"这里学习有序知识。慢慢来。

确定:雨通过蒸发形成:水上升,冷却,成云,落成水滴。 继续。 确定:空气是气体混合,主要是氮和氧。 说完这个,说下一个。 记住:地震是板块突然移动释放能量。 说完这个,说下一个。 常识:白天黑夜因为地球自转。向阳面白天,另一面黑夜。

就说到这里。 你知道吗?电池把化学能变成电能。 说完这个,说下一个。 事实:病毒是传播造成损害的有害程序。用更新和小心防护。 继续往下。 简而言之:大约2分钟,每天两次。 说完这个,说下一个。

常识:太阳能电池把光直接变成电。 继续。 记住:电池把化学能变成电能。 继续往下。 简而言之:光合作用用光水CO2制造糖和氧。 就说到这里。 你知道吗?白天黑夜因为地球自转。向阳面白天,另一面黑夜。

说完这个,说下一个。 事实:回收收集垃圾做成新产品。 就说到这里。 你知道吗?病毒是很小的病原,没有宿主细胞不能繁殖。

概述结束。"
345,自然科学和技术–第105部分,"这里学习有序知识。慢慢来。

常识:水稳定循环和专注,帮助肾和皮肤,预防头痛。 继续。 事实:人工智能是从数据学习识别模式解决任务的程序。 继续。 你知道吗?电简单说是电荷定向运动,通常是电线里的电子。 这也重要。 记住:大约2分钟,每天两次。

再有一个事实。 记住:原子是物质最小单位,由核和电子组成。 说完这个,说下一个。 简而言之:叶子绿色因为叶绿素,光合作用的色素。 继续往下。 简而言之:天气是短期状态;气候是大约30年平均。 就说到这里。

记住:发烧是体温升高,常常防御感染。 就说到这里。 你知道吗?太阳系有8颗行星:水星,金星,地球,火星,木星,土星,天王星,海王星。 继续。 常识:天空蓝色是因为瑞利散射:蓝光比红光散射更多。 说完这个,说下一个。 记住:太阳是炽热气体的恒星,给光和热。

再有一个事实。 简而言之:原子是物质最小单位,由核和电子组成。 继续。 确定:发烧是体温升高,常常防御感染。

文章结束。做得好。"
346,自然科学和技术–第106部分,"这里学习有序知识。慢慢来。

记住:太阳系有8颗行星:水星,金星,地球,火星,木星,土星,天王星,海王星。 就说到这里。 你知道吗?太阳是炽热气体的恒星,给光和热。 继续往下。 简而言之:应用是程序,通常手机用,比如消息照片游戏。 继续往下。 简而言之:GPS用几颗卫星信号和传播时间定位。

继续往下。 常识:哺乳动物有毛,生小崽,用奶喂养。 再有一个事实。 简而言之:太阳是炽热气体的恒星,给光和热。 继续。 记住:发烧是体温升高,常常防御感染。 继续。

事实:四季来自地轴倾斜:每个半球轮流倾向太阳。 说完这个,说下一个。 月亮发光因为反射太阳光。 继续往下。 确定:发烧是体温升高,常常防御感染。 再有一个事实。 确定:水是H2O,氢和氧的化合物。

这也重要。 常识:发烧是体温升高,常常防御感染。 继续往下。 简而言之:原子是物质最小单位,由核和电子组成。

文章结束。做得好。"
347,自然科学和技术–第107部分,"本文一步一步解释事实。

事实:天气是短期状态;气候是大约30年平均。 这也重要。 天空蓝色是因为瑞利散射:蓝光比红光散射更多。 继续往下。 确定:应用是程序,通常手机用,比如消息照片游戏。 就说到这里。 记住:发烧是体温升高,常常防御感染。

再有一个事实。 太阳能电池把光直接变成电。 这也重要。 记住:天气是短期状态;气候是大约30年平均。 说完这个,说下一个。 记住:天空蓝色是因为瑞利散射:蓝光比红光散射更多。 再有一个事实。

记住:回收收集垃圾做成新产品。 继续往下。 记住:浏览器是打开网页的程序,比如Chrome,Firefox,Edge或Safari。 这也重要。 简而言之:回收收集垃圾做成新产品。 这也重要。 记住:原子是物质最小单位,由核和电子组成。

继续。 病毒是传播造成损害的有害程序。用更新和小心防护。 继续。 常识:太阳能电池把光直接变成电。

文章结束。做得好。"
348,自然科学和技术–第108部分,"本文介绍重要事实。静静阅读。

病毒是传播造成损害的有害程序。用更新和小心防护。 说完这个,说下一个。 简而言之:浏览器是打开网页的程序,比如Chrome,Firefox,Edge或Safari。 继续。 常识:温室效应留住热量。太多温室气体加热气候。 说完这个,说下一个。 地震是板块突然移动释放能量。

继续往下。 你知道吗?肺吸入氧气,排出二氧化碳。 再有一个事实。 你知道吗?温室效应留住热量。太多温室气体加热气候。 再有一个事实。 简而言之:太阳是炽热气体的恒星,给光和热。 说完这个,说下一个。

记住:空气是气体混合,主要是氮和氧。 就说到这里。 你知道吗?白天黑夜因为地球自转。向阳面白天,另一面黑夜。 这也重要。 记住:冰箱用制冷剂把热量从里泵到外:里面蒸发吸热,外面放热。 这也重要。 你知道吗?重力是质量间吸引。地球把一切往下拉,所以东西掉落。

这也重要。 常识:云是网上的服务器,存数据用服务。 说完这个,说下一个。 事实:应用是程序,通常手机用,比如消息照片游戏。

这是主题最重要的内容。"
349,自然科学和技术–第109部分,"本文一步一步解释事实。

确定:心脏把血泵到全身。 继续。 记住:病毒是很小的病原,没有宿主细胞不能繁殖。 继续往下。 你知道吗?天气是短期状态;气候是大约30年平均。 就说到这里。 电简单说是电荷定向运动,通常是电线里的电子。

就说到这里。 你知道吗?Wi-Fi是不用线的无线局域网上网。 继续。 常识:地震是板块突然移动释放能量。 继续。 事实:塑料几乎不腐烂,污染自然和海洋,变成微塑料。 就说到这里。

事实:哺乳动物有毛,生小崽,用奶喂养。 继续往下。 简而言之:叶子绿色因为叶绿素,光合作用的色素。 就说到这里。 记住:冰箱用制冷剂把热量从里泵到外:里面蒸发吸热,外面放热。 再有一个事实。 记住:太阳系有8颗行星:水星,金星,地球,火星,木星,土星,天王星,海王星。

这也重要。 你知道吗?白天黑夜因为地球自转。向阳面白天,另一面黑夜。 继续。 确定:发烧是体温升高,常常防御感染。

这是主题最重要的内容。"
350,自然科学和技术–第110部分,"本文一步一步解释事实。

常识:重力是质量间吸引。地球把一切往下拉,所以东西掉落。 说完这个,说下一个。 确定:Wi-Fi是不用线的无线局域网上网。 继续。 简而言之:水稳定循环和专注,帮助肾和皮肤,预防头痛。 这也重要。 你知道吗?冰箱用制冷剂把热量从里泵到外:里面蒸发吸热,外面放热。

继续。 事实:GPS用几颗卫星信号和传播时间定位。 说完这个,说下一个。 简而言之:人工智能是从数据学习识别模式解决任务的程序。 继续。 事实:浏览器是打开网页的程序,比如Chrome,Firefox,Edge或Safari。 继续。

确定:电池把化学能变成电能。 就说到这里。 常识:冰箱用制冷剂把热量从里泵到外:里面蒸发吸热,外面放热。 继续往下。 简而言之:天空蓝色是因为瑞利散射:蓝光比红光散射更多。 就说到这里。 简而言之:发烧是体温升高,常常防御感染。

再有一个事实。 简而言之:太阳系有8颗行星:水星,金星,地球,火星,木星,土星,天王星,海王星。 就说到这里。 确定:人工智能是从数据学习识别模式解决任务的程序。

这是主题最重要的内容。"
351,自然科学和技术–第111部分,"这里学习有序知识。慢慢来。

事实:GPS用几颗卫星信号和传播时间定位。 继续。 事实:光合作用用光水CO2制造糖和氧。 说完这个,说下一个。 月亮发光因为反射太阳光。 就说到这里。 蜂蜜是蜜蜂用花蜜做的。

继续往下。 事实:太阳系有8颗行星:水星,金星,地球,火星,木星,土星,天王星,海王星。 就说到这里。 大约2分钟,每天两次。 继续。 事实:天气是短期状态;气候是大约30年平均。 继续。

简而言之:月亮发光因为反射太阳光。 继续。 常识:四季来自地轴倾斜:每个半球轮流倾向太阳。 就说到这里。 记住:强密码很长,每个服务唯一,保存在密码管理器。 就说到这里。 事实:太阳是炽热气体的恒星,给光和热。

再有一个事实。 记住:电池把化学能变成电能。 说完这个,说下一个。 Wi-Fi是不用线的无线局域网上网。

概述结束。"
352,自然科学和技术–第112部分,"这里学习有序知识。慢慢来。

简而言之:地震是板块突然移动释放能量。 继续。 电简单说是电荷定向运动,通常是电线里的电子。 继续往下。 事实:病毒是传播造成损害的有害程序。用更新和小心防护。 继续。 你知道吗?肺吸入氧气,排出二氧化碳。

这也重要。 记住:肺吸入氧气,排出二氧化碳。 说完这个,说下一个。 简而言之:白天黑夜因为地球自转。向阳面白天,另一面黑夜。 继续往下。 简而言之:太阳是炽热气体的恒星,给光和热。 再有一个事实。

记住:人工智能是从数据学习识别模式解决任务的程序。 继续往下。 记住:回收收集垃圾做成新产品。 就说到这里。 记住:雨通过蒸发形成:水上升,冷却,成云,落成水滴。 这也重要。 确定:塑料几乎不腐烂,污染自然和海洋,变成微塑料。

再有一个事实。 你知道吗?太阳是炽热气体的恒星,给光和热。 继续。 确定:四季来自地轴倾斜:每个半球轮流倾向太阳。

现在你知道事实了。"
353,自然科学和技术–第113部分,"本文一步一步解释事实。

事实:GPS用几颗卫星信号和传播时间定位。 继续往下。 简而言之:病毒是很小的病原,没有宿主细胞不能繁殖。 继续往下。 确定:蜜蜂给植物授粉,保证收成和多样性。 就说到这里。 常识:天气是短期状态;气候是大约30年平均。

继续。 事实:月亮发光因为反射太阳光。 说完这个,说下一个。 GPS用几颗卫星信号和传播时间定位。 这也重要。 常识:大约2分钟,每天两次。 就说到这里。

事实:白天黑夜因为地球自转。向阳面白天,另一面黑夜。 继续往下。 地震是板块突然移动释放能量。 就说到这里。 常识:四季来自地轴倾斜:每个半球轮流倾向太阳。 说完这个,说下一个。 常识:月亮发光因为反射太阳光。

继续。 常识:水是H2O,氢和氧的化合物。 说完这个,说下一个。 简而言之:地震是板块突然移动释放能量。

这是主题最重要的内容。"
354,自然科学和技术–第114部分,"下面是验证过的知识。

记住:空气是气体混合,主要是氮和氧。 这也重要。 你知道吗?Wi-Fi是不用线的无线局域网上网。 继续。 原子是物质最小单位,由核和电子组成。 继续。 确定:光合作用用光水CO2制造糖和氧。

再有一个事实。 记住:塑料几乎不腐烂,污染自然和海洋,变成微塑料。 继续往下。 你知道吗?浏览器是打开网页的程序,比如Chrome,Firefox,Edge或Safari。 继续往下。 确定:睡眠帮助恢复记忆和免疫。 继续往下。

简而言之:肺吸入氧气,排出二氧化碳。 继续往下。 确定:发烧是体温升高,常常防御感染。 继续。 确定:GPS用几颗卫星信号和传播时间定位。 这也重要。 常识:发烧是体温升高,常常防御感染。

继续。 记住:强密码很长,每个服务唯一,保存在密码管理器。 这也重要。 你知道吗?病毒是传播造成损害的有害程序。用更新和小心防护。

文章结束。做得好。"
355,自然科学和技术–第115部分,"这里学习有序知识。慢慢来。

简而言之:肺吸入氧气,排出二氧化碳。 继续。 简而言之:发烧是体温升高,常常防御感染。 再有一个事实。 你知道吗?原子是物质最小单位,由核和电子组成。 就说到这里。 常识:睡眠帮助恢复记忆和免疫。

这也重要。 水是H2O,氢和氧的化合物。 说完这个,说下一个。 肺吸入氧气,排出二氧化碳。 这也重要。 确定:冰箱用制冷剂把热量从里泵到外:里面蒸发吸热,外面放热。 继续往下。

事实:光合作用用光水CO2制造糖和氧。 这也重要。 简而言之:地震是板块突然移动释放能量。 继续往下。 你知道吗?蜜蜂给植物授粉,保证收成和多样性。 这也重要。 简而言之:应用是程序,通常手机用,比如消息照片游戏。

继续往下。 记住:温室效应留住热量。太多温室气体加热气候。 再有一个事实。 你知道吗?太阳能电池把光直接变成电。

现在你知道事实了。"
356,自然科学和技术–第116部分,"本文一步一步解释事实。

云是网上的服务器,存数据用服务。 再有一个事实。 常识:地震是板块突然移动释放能量。 就说到这里。 简而言之:重力是质量间吸引。地球把一切往下拉,所以东西掉落。 说完这个,说下一个。 记住:GPS用几颗卫星信号和传播时间定位。

继续。 原子是物质最小单位,由核和电子组成。 再有一个事实。 简而言之:云是网上的服务器,存数据用服务。 就说到这里。 你知道吗?发烧是体温升高,常常防御感染。 这也重要。

简而言之:天气是短期状态;气候是大约30年平均。 继续往下。 确定:病毒是传播造成损害的有害程序。用更新和小心防护。 这也重要。 冰箱用制冷剂把热量从里泵到外:里面蒸发吸热,外面放热。 继续。 确定:太阳系有8颗行星:水星,金星,地球,火星,木星,土星,天王星,海王星。

再有一个事实。 你知道吗?睡眠帮助恢复记忆和免疫。 这也重要。 事实:哺乳动物有毛,生小崽,用奶喂养。

文章结束。做得好。"
357,自然科学和技术–第117部分,"这里学习有序知识。慢慢来。

常识:蜜蜂给植物授粉,保证收成和多样性。 说完这个,说下一个。 简而言之:地震是板块突然移动释放能量。 这也重要。 事实:Wi-Fi是不用线的无线局域网上网。 就说到这里。 记住:雨通过蒸发形成:水上升,冷却,成云,落成水滴。

就说到这里。 你知道吗?月亮发光因为反射太阳光。 说完这个,说下一个。 你知道吗?回收收集垃圾做成新产品。 说完这个,说下一个。 地震是板块突然移动释放能量。 这也重要。

记住:天空蓝色是因为瑞利散射:蓝光比红光散射更多。 就说到这里。 你知道吗?强密码很长,每个服务唯一,保存在密码管理器。 这也重要。 简而言之:GPS用几颗卫星信号和传播时间定位。 就说到这里。 确定:心脏把血泵到全身。

继续。 水稳定循环和专注,帮助肾和皮肤,预防头痛。 继续往下。 电池把化学能变成电能。

概述结束。"
358,自然科学和技术–第118部分,"这里学习有序知识。慢慢来。

简而言之:Wi-Fi是不用线的无线局域网上网。 这也重要。 简而言之:叶子绿色因为叶绿素,光合作用的色素。 这也重要。 确定:雨通过蒸发形成:水上升,冷却,成云,落成水滴。 说完这个,说下一个。 你知道吗?电池把化学能变成电能。

说完这个,说下一个。 常识:太阳是炽热气体的恒星,给光和热。 继续。 事实:原子是物质最小单位,由核和电子组成。 这也重要。 病毒是传播造成损害的有害程序。用更新和小心防护。 说完这个,说下一个。

常识:强密码很长,每个服务唯一,保存在密码管理器。 这也重要。 记住:哺乳动物有毛,生小崽,用奶喂养。 就说到这里。 你知道吗?电简单说是电荷定向运动,通常是电线里的电子。 再有一个事实。 事实:病毒是传播造成损害的有害程序。用更新和小心防护。

就说到这里。 常识:睡眠帮助恢复记忆和免疫。 就说到这里。 确定:光合作用用光水CO2制造糖和氧。

概述结束。"
359,自然科学和技术–第119部分,"下面是验证过的知识。

事实:水稳定循环和专注,帮助肾和皮肤,预防头痛。 就说到这里。 事实:强密码很长,每个服务唯一,保存在密码管理器。 这也重要。 记住:回收收集垃圾做成新产品。 这也重要。 确定:病毒是很小的病原,没有宿主细胞不能繁殖。

这也重要。 事实:人工智能是从数据学习识别模式解决任务的程序。 继续往下。 常识:电简单说是电荷定向运动,通常是电线里的电子。 再有一个事实。 常识:水稳定循环和专注,帮助肾和皮肤,预防头痛。 就说到这里。

记住:白天黑夜因为地球自转。向阳面白天,另一面黑夜。 说完这个,说下一个。 你知道吗?雨通过蒸发形成:水上升,冷却,成云,落成水滴。 继续往下。 常识:重力是质量间吸引。地球把一切往下拉,所以东西掉落。 继续。 确定:发烧是体温升高,常常防御感染。

继续。 常识:蜜蜂给植物授粉,保证收成和多样性。 就说到这里。 事实:发烧是体温升高,常常防御感染。

这是主题最重要的内容。"
360,自然科学和技术–第120部分,"下面是验证过的知识。

冰箱用制冷剂把热量从里泵到外:里面蒸发吸热,外面放热。 再有一个事实。 常识:电简单说是电荷定向运动,通常是电线里的电子。 这也重要。 你知道吗?哺乳动物有毛,生小崽,用奶喂养。 就说到这里。 你知道吗?云是网上的服务器,存数据用服务。

再有一个事实。 常识:哺乳动物有毛,生小崽,用奶喂养。 继续。 常识:Wi-Fi是不用线的无线局域网上网。 说完这个,说下一个。 你知道吗?天空蓝色是因为瑞利散射:蓝光比红光散射更多。 再有一个事实。

确定:应用是程序,通常手机用,比如消息照片游戏。 就说到这里。 确定:大约2分钟,每天两次。 继续。 事实:原子是物质最小单位,由核和电子组成。 这也重要。 常识:雨通过蒸发形成:水上升,冷却,成云,落成水滴。

继续往下。 简而言之:天空蓝色是因为瑞利散射:蓝光比红光散射更多。 这也重要。 你知道吗?发烧是体温升高,常常防御感染。

现在你知道事实了。"
361,自然科学和技术–第121部分,"本文一步一步解释事实。

水是H2O,氢和氧的化合物。 这也重要。 确定:心脏把血泵到全身。 这也重要。 你知道吗?浏览器是打开网页的程序,比如Chrome,Firefox,Edge或Safari。 继续。 简而言之:塑料几乎不腐烂,污染自然和海洋,变成微塑料。

继续往下。 你知道吗?四季来自地轴倾斜:每个半球轮流倾向太阳。 继续。 白天黑夜因为地球自转。向阳面白天,另一面黑夜。 继续。 简而言之:天气是短期状态;气候是大约30年平均。 继续往下。

简而言之:哺乳动物有毛,生小崽,用奶喂养。 说完这个,说下一个。 光合作用用光水CO2制造糖和氧。 继续。 事实:回收收集垃圾做成新产品。 说完这个,说下一个。 简而言之:浏览器是打开网页的程序,比如Chrome,Firefox,Edge或Safari。

继续。 确定:睡眠帮助恢复记忆和免疫。 再有一个事实。 记住:塑料几乎不腐烂,污染自然和海洋,变成微塑料。

现在你知道事实了。"
362,自然科学和技术–第122部分,"下面是验证过的知识。

常识:天空蓝色是因为瑞利散射:蓝光比红光散射更多。 继续。 简而言之:水是H2O,氢和氧的化合物。 继续。 电池把化学能变成电能。 就说到这里。 事实:太阳系有8颗行星:水星,金星,地球,火星,木星,土星,天王星,海王星。

继续。 简而言之:病毒是传播造成损害的有害程序。用更新和小心防护。 再有一个事实。 常识:太阳是炽热气体的恒星,给光和热。 继续往下。 记住:地震是板块突然移动释放能量。 就说到这里。

Wi-Fi是不用线的无线局域网上网。 就说到这里。 常识:水是H2O,氢和氧的化合物。 这也重要。 记住:冰箱用制冷剂把热量从里泵到外:里面蒸发吸热,外面放热。 就说到这里。 哺乳动物有毛,生小崽,用奶喂养。

说完这个,说下一个。 记住:四季来自地轴倾斜:每个半球轮流倾向太阳。 说完这个,说下一个。 常识:地震是板块突然移动释放能量。

文章结束。做得好。"
363,自然科学和技术–第123部分,"本文介绍重要事实。静静阅读。

简而言之:强密码很长,每个服务唯一,保存在密码管理器。 这也重要。 大约2分钟,每天两次。 再有一个事实。 确定:浏览器是打开网页的程序,比如Chrome,Firefox,Edge或Safari。 再有一个事实。 记住:温室效应留住热量。太多温室气体加热气候。

再有一个事实。 你知道吗?地震是板块突然移动释放能量。 再有一个事实。 确定:睡眠帮助恢复记忆和免疫。 再有一个事实。 常识:强密码很长,每个服务唯一,保存在密码管理器。 继续往下。

常识:睡眠帮助恢复记忆和免疫。 说完这个,说下一个。 简而言之:太阳能电池把光直接变成电。 这也重要。 事实:原子是物质最小单位,由核和电子组成。 继续往下。 常识:回收收集垃圾做成新产品。

说完这个,说下一个。 简而言之:四季来自地轴倾斜:每个半球轮流倾向太阳。 继续。 确定:应用是程序,通常手机用,比如消息照片游戏。

现在你知道事实了。"
364,自然科学和技术–第124部分,"本文介绍重要事实。静静阅读。

常识:雨通过蒸发形成:水上升,冷却,成云,落成水滴。 再有一个事实。 常识:浏览器是打开网页的程序,比如Chrome,Firefox,Edge或Safari。 就说到这里。 记住:蜂蜜是蜜蜂用花蜜做的。 继续。 常识:肺吸入氧气,排出二氧化碳。

这也重要。 简而言之:发烧是体温升高,常常防御感染。 说完这个,说下一个。 简而言之:太阳能电池把光直接变成电。 再有一个事实。 光合作用用光水CO2制造糖和氧。 再有一个事实。

确定:强密码很长,每个服务唯一,保存在密码管理器。 继续往下。 确定:空气是气体混合,主要是氮和氧。 就说到这里。 你知道吗?病毒是传播造成损害的有害程序。用更新和小心防护。 再有一个事实。 常识:四季来自地轴倾斜:每个半球轮流倾向太阳。

就说到这里。 叶子绿色因为叶绿素,光合作用的色素。 这也重要。 常识:水稳定循环和专注,帮助肾和皮肤,预防头痛。

这是主题最重要的内容。"
365,自然科学和技术–第125部分,"这里学习有序知识。慢慢来。

回收收集垃圾做成新产品。 再有一个事实。 你知道吗?重力是质量间吸引。地球把一切往下拉,所以东西掉落。 就说到这里。 常识:天气是短期状态;气候是大约30年平均。 继续。 简而言之:太阳是炽热气体的恒星,给光和热。

说完这个,说下一个。 简而言之:肺吸入氧气,排出二氧化碳。 就说到这里。 常识:GPS用几颗卫星信号和传播时间定位。 这也重要。 你知道吗?冰箱用制冷剂把热量从里泵到外:里面蒸发吸热,外面放热。 就说到这里。

原子是物质最小单位,由核和电子组成。 再有一个事实。 你知道吗?月亮发光因为反射太阳光。 再有一个事实。 事实:原子是物质最小单位,由核和电子组成。 继续往下。 常识:太阳能电池把光直接变成电。

就说到这里。 简而言之:电简单说是电荷定向运动,通常是电线里的电子。 就说到这里。 记住:病毒是很小的病原,没有宿主细胞不能繁殖。

现在你知道事实了。"
366,自然科学和技术–第126部分,"这里学习有序知识。慢慢来。

地震是板块突然移动释放能量。 再有一个事实。 你知道吗?地震是板块突然移动释放能量。 继续。 常识:地震是板块突然移动释放能量。 就说到这里。 你知道吗?天气是短期状态;气候是大约30年平均。

继续往下。 你知道吗?人工智能是从数据学习识别模式解决任务的程序。 就说到这里。 简而言之:地震是板块突然移动释放能量。 继续往下。 事实:肺吸入氧气,排出二氧化碳。 再有一个事实。

确定:发烧是体温升高,常常防御感染。 继续。 常识:蜜蜂给植物授粉,保证收成和多样性。 继续往下。 事实:叶子绿色因为叶绿素,光合作用的色素。 再有一个事实。 天气是短期状态;气候是大约30年平均。

这也重要。 白天黑夜因为地球自转。向阳面白天,另一面黑夜。 说完这个,说下一个。 简而言之:白天黑夜因为地球自转。向阳面白天,另一面黑夜。

文章结束。做得好。"
367,自然科学和技术–第127部分,"本文一步一步解释事实。

常识:冰箱用制冷剂把热量从里泵到外:里面蒸发吸热,外面放热。 继续。 电简单说是电荷定向运动,通常是电线里的电子。 继续。 常识:睡眠帮助恢复记忆和免疫。 说完这个,说下一个。 确定:空气是气体混合,主要是氮和氧。

再有一个事实。 常识:发烧是体温升高,常常防御感染。 继续。 确定:天气是短期状态;气候是大约30年平均。 继续。 记住:云是网上的服务器,存数据用服务。 说完这个,说下一个。

简而言之:GPS用几颗卫星信号和传播时间定位。 这也重要。 事实:电池把化学能变成电能。 继续往下。 你知道吗?温室效应留住热量。太多温室气体加热气候。 这也重要。 你知道吗?发烧是体温升高,常常防御感染。

就说到这里。 确定:电简单说是电荷定向运动,通常是电线里的电子。 继续往下。 常识:Wi-Fi是不用线的无线局域网上网。

现在你知道事实了。"
368,自然科学和技术–第128部分,"这里学习有序知识。慢慢来。

常识:光合作用用光水CO2制造糖和氧。 就说到这里。 事实:空气是气体混合,主要是氮和氧。 继续往下。 简而言之:四季来自地轴倾斜:每个半球轮流倾向太阳。 再有一个事实。 你知道吗?大约2分钟,每天两次。

这也重要。 事实:重力是质量间吸引。地球把一切往下拉,所以东西掉落。 就说到这里。 太阳是炽热气体的恒星,给光和热。 这也重要。 常识:电简单说是电荷定向运动,通常是电线里的电子。 就说到这里。

确定:心脏把血泵到全身。 继续。 哺乳动物有毛,生小崽,用奶喂养。 继续往下。 简而言之:天气是短期状态;气候是大约30年平均。 再有一个事实。 事实:月亮发光因为反射太阳光。

说完这个,说下一个。 事实:睡眠帮助恢复记忆和免疫。 就说到这里。 空气是气体混合,主要是氮和氧。

概述结束。"
369,自然科学和技术–第129部分,"这里学习有序知识。慢慢来。

简而言之:太阳系有8颗行星:水星,金星,地球,火星,木星,土星,天王星,海王星。 说完这个,说下一个。 确定:温室效应留住热量。太多温室气体加热气候。 再有一个事实。 确定:天空蓝色是因为瑞利散射:蓝光比红光散射更多。 这也重要。 四季来自地轴倾斜:每个半球轮流倾向太阳。

再有一个事实。 你知道吗?雨通过蒸发形成:水上升,冷却,成云,落成水滴。 继续。 常识:雨通过蒸发形成:水上升,冷却,成云,落成水滴。 说完这个,说下一个。 确定:原子是物质最小单位,由核和电子组成。 说完这个,说下一个。

简而言之:浏览器是打开网页的程序,比如Chrome,Firefox,Edge或Safari。 说完这个,说下一个。 确定:四季来自地轴倾斜:每个半球轮流倾向太阳。 继续。 事实:蜂蜜是蜜蜂用花蜜做的。 继续。 你知道吗?哺乳动物有毛,生小崽,用奶喂养。

继续。 你知道吗?地震是板块突然移动释放能量。 继续往下。 你知道吗?水稳定循环和专注,帮助肾和皮肤,预防头痛。

现在你知道事实了。"
370,自然科学和技术–第130部分,"本文一步一步解释事实。

常识:太阳是炽热气体的恒星,给光和热。 继续往下。 常识:应用是程序,通常手机用,比如消息照片游戏。 就说到这里。 记住:光合作用用光水CO2制造糖和氧。 再有一个事实。 云是网上的服务器,存数据用服务。

再有一个事实。 塑料几乎不腐烂,污染自然和海洋,变成微塑料。 这也重要。 记住:月亮发光因为反射太阳光。 继续。 你知道吗?水稳定循环和专注,帮助肾和皮肤,预防头痛。 说完这个,说下一个。

你知道吗?应用是程序,通常手机用,比如消息照片游戏。 就说到这里。 记住:温室效应留住热量。太多温室气体加热气候。 就说到这里。 事实:地震是板块突然移动释放能量。 这也重要。 记住:天气是短期状态;气候是大约30年平均。

就说到这里。 简而言之:天气是短期状态;气候是大约30年平均。 继续。 你知道吗?地震是板块突然移动释放能量。

文章结束。做得好。"
371,自然科学和技术–第131部分,"本文一步一步解释事实。

常识:地震是板块突然移动释放能量。 就说到这里。 常识:云是网上的服务器,存数据用服务。 再有一个事实。 事实:太阳能电池把光直接变成电。 继续。 记住:四季来自地轴倾斜:每个半球轮流倾向太阳。

说完这个,说下一个。 太阳系有8颗行星:水星,金星,地球,火星,木星,土星,天王星,海王星。 这也重要。 简而言之:心脏把血泵到全身。 说完这个,说下一个。 确定:太阳是炽热气体的恒星,给光和热。 这也重要。

常识:病毒是很小的病原,没有宿主细胞不能繁殖。 继续往下。 确定:人工智能是从数据学习识别模式解决任务的程序。 继续。 你知道吗?四季来自地轴倾斜:每个半球轮流倾向太阳。 继续往下。 简而言之:蜂蜜是蜜蜂用花蜜做的。

说完这个,说下一个。 记住:电池把化学能变成电能。 说完这个,说下一个。 简而言之:白天黑夜因为地球自转。向阳面白天,另一面黑夜。

现在你知道事实了。"
372,自然科学和技术–第132部分,"本文介绍重要事实。静静阅读。

简而言之:空气是气体混合,主要是氮和氧。 就说到这里。 你知道吗?雨通过蒸发形成:水上升,冷却,成云,落成水滴。 说完这个,说下一个。 记住:病毒是传播造成损害的有害程序。用更新和小心防护。 再有一个事实。 常识:水是H2O,氢和氧的化合物。

就说到这里。 事实:云是网上的服务器,存数据用服务。 继续往下。 确定:水是H2O,氢和氧的化合物。 再有一个事实。 简而言之:哺乳动物有毛,生小崽,用奶喂养。 继续往下。

常识:大约2分钟,每天两次。 继续。 水稳定循环和专注,帮助肾和皮肤,预防头痛。 说完这个,说下一个。 确定:温室效应留住热量。太多温室气体加热气候。 就说到这里。 确定:病毒是很小的病原,没有宿主细胞不能繁殖。

继续。 你知道吗?强密码很长,每个服务唯一,保存在密码管理器。 就说到这里。 事实:发烧是体温升高,常常防御感染。

文章结束。做得好。"
373,自然科学和技术–第133部分,"这里学习有序知识。慢慢来。

大约2分钟,每天两次。 就说到这里。 常识:心脏把血泵到全身。 继续。 确定:人工智能是从数据学习识别模式解决任务的程序。 继续。 事实:大约2分钟,每天两次。

继续往下。 常识:哺乳动物有毛,生小崽,用奶喂养。 再有一个事实。 你知道吗?天空蓝色是因为瑞利散射:蓝光比红光散射更多。 继续往下。 事实:太阳能电池把光直接变成电。 这也重要。

事实:原子是物质最小单位,由核和电子组成。 再有一个事实。 记住:睡眠帮助恢复记忆和免疫。 就说到这里。 记住:浏览器是打开网页的程序,比如Chrome,Firefox,Edge或Safari。 再有一个事实。 常识:睡眠帮助恢复记忆和免疫。

继续。 太阳是炽热气体的恒星,给光和热。 就说到这里。 记住:Wi-Fi是不用线的无线局域网上网。

现在你知道事实了。"
374,自然科学和技术–第134部分,"这里学习有序知识。慢慢来。

常识:强密码很长,每个服务唯一,保存在密码管理器。 再有一个事实。 确定:电池把化学能变成电能。 继续。 记住:天气是短期状态;气候是大约30年平均。 这也重要。 浏览器是打开网页的程序,比如Chrome,Firefox,Edge或Safari。

继续往下。 你知道吗?强密码很长,每个服务唯一,保存在密码管理器。 就说到这里。 简而言之:肺吸入氧气,排出二氧化碳。 再有一个事实。 确定:太阳能电池把光直接变成电。 说完这个,说下一个。

云是网上的服务器,存数据用服务。 继续。 你知道吗?电简单说是电荷定向运动,通常是电线里的电子。 这也重要。 叶子绿色因为叶绿素,光合作用的色素。 说完这个,说下一个。 确定:发烧是体温升高,常常防御感染。

再有一个事实。 常识:电池把化学能变成电能。 继续往下。 你知道吗?太阳是炽热气体的恒星,给光和热。

现在你知道事实了。"
375,自然科学和技术–第135部分,"本文介绍重要事实。静静阅读。

确定:空气是气体混合,主要是氮和氧。 说完这个,说下一个。 常识:白天黑夜因为地球自转。向阳面白天,另一面黑夜。 继续。 你知道吗?蜜蜂给植物授粉,保证收成和多样性。 这也重要。 心脏把血泵到全身。

就说到这里。 确定:光合作用用光水CO2制造糖和氧。 这也重要。 确定:Wi-Fi是不用线的无线局域网上网。 说完这个,说下一个。 简而言之:白天黑夜因为地球自转。向阳面白天,另一面黑夜。 继续。

事实:天气是短期状态;气候是大约30年平均。 就说到这里。 事实:应用是程序,通常手机用,比如消息照片游戏。 就说到这里。 白天黑夜因为地球自转。向阳面白天,另一面黑夜。 继续。 简而言之:塑料几乎不腐烂,污染自然和海洋,变成微塑料。

再有一个事实。 简而言之:太阳能电池把光直接变成电。 就说到这里。 常识:哺乳动物有毛,生小崽,用奶喂养。

这是主题最重要的内容。"
376,自然科学和技术–第136部分,"本文一步一步解释事实。

你知道吗?云是网上的服务器,存数据用服务。 继续往下。 简而言之:回收收集垃圾做成新产品。 说完这个,说下一个。 水稳定循环和专注,帮助肾和皮肤,预防头痛。 继续往下。 天空蓝色是因为瑞利散射:蓝光比红光散射更多。

继续。 记住:叶子绿色因为叶绿素,光合作用的色素。 再有一个事实。 你知道吗?白天黑夜因为地球自转。向阳面白天,另一面黑夜。 再有一个事实。 确定:白天黑夜因为地球自转。向阳面白天,另一面黑夜。 再有一个事实。

事实:电简单说是电荷定向运动,通常是电线里的电子。 再有一个事实。 简而言之:应用是程序,通常手机用,比如消息照片游戏。 就说到这里。 事实:太阳能电池把光直接变成电。 就说到这里。 简而言之:蜜蜂给植物授粉,保证收成和多样性。

再有一个事实。 病毒是很小的病原,没有宿主细胞不能繁殖。 说完这个,说下一个。 常识:太阳能电池把光直接变成电。

概述结束。"
377,自然科学和技术–第137部分,"下面是验证过的知识。

记住:雨通过蒸发形成:水上升,冷却,成云,落成水滴。 就说到这里。 你知道吗?太阳能电池把光直接变成电。 继续。 常识:蜜蜂给植物授粉,保证收成和多样性。 这也重要。 事实:蜂蜜是蜜蜂用花蜜做的。

继续往下。 事实:水是H2O,氢和氧的化合物。 就说到这里。 人工智能是从数据学习识别模式解决任务的程序。 就说到这里。 简而言之:天空蓝色是因为瑞利散射:蓝光比红光散射更多。 这也重要。

确定:蜜蜂给植物授粉,保证收成和多样性。 说完这个,说下一个。 简而言之:叶子绿色因为叶绿素,光合作用的色素。 就说到这里。 确定:Wi-Fi是不用线的无线局域网上网。 这也重要。 记住:温室效应留住热量。太多温室气体加热气候。

再有一个事实。 心脏把血泵到全身。 继续。 常识:应用是程序,通常手机用,比如消息照片游戏。

这是主题最重要的内容。"
378,自然科学和技术–第138部分,"本文介绍重要事实。静静阅读。

记住:光合作用用光水CO2制造糖和氧。 说完这个,说下一个。 简而言之:人工智能是从数据学习识别模式解决任务的程序。 继续往下。 简而言之:天气是短期状态;气候是大约30年平均。 这也重要。 你知道吗?重力是质量间吸引。地球把一切往下拉,所以东西掉落。

再有一个事实。 确定:病毒是传播造成损害的有害程序。用更新和小心防护。 就说到这里。 空气是气体混合,主要是氮和氧。 就说到这里。 你知道吗?天空蓝色是因为瑞利散射:蓝光比红光散射更多。 就说到这里。

事实:云是网上的服务器,存数据用服务。 这也重要。 事实:人工智能是从数据学习识别模式解决任务的程序。 继续。 事实:原子是物质最小单位,由核和电子组成。 再有一个事实。 常识:人工智能是从数据学习识别模式解决任务的程序。

这也重要。 常识:水是H2O,氢和氧的化合物。 这也重要。 人工智能是从数据学习识别模式解决任务的程序。

文章结束。做得好。"
379,自然科学和技术–第139部分,"这里学习有序知识。慢慢来。

记住:太阳是炽热气体的恒星,给光和热。 就说到这里。 简而言之:地震是板块突然移动释放能量。 就说到这里。 确定:四季来自地轴倾斜:每个半球轮流倾向太阳。 继续往下。 确定:天空蓝色是因为瑞利散射:蓝光比红光散射更多。

就说到这里。 常识:重力是质量间吸引。地球把一切往下拉,所以东西掉落。 这也重要。 你知道吗?电池把化学能变成电能。 继续。 确定:太阳是炽热气体的恒星,给光和热。 继续往下。

常识:太阳能电池把光直接变成电。 就说到这里。 你知道吗?原子是物质最小单位,由核和电子组成。 这也重要。 事实:浏览器是打开网页的程序,比如Chrome,Firefox,Edge或Safari。 就说到这里。 确定:天气是短期状态;气候是大约30年平均。

这也重要。 常识:强密码很长,每个服务唯一,保存在密码管理器。 继续往下。 事实:水稳定循环和专注,帮助肾和皮肤,预防头痛。

这是主题最重要的内容。"
380,自然科学和技术–第140部分,"本文介绍重要事实。静静阅读。

你知道吗?月亮发光因为反射太阳光。 这也重要。 你知道吗?叶子绿色因为叶绿素,光合作用的色素。 继续。 记住:水是H2O,氢和氧的化合物。 继续往下。 简而言之:蜜蜂给植物授粉,保证收成和多样性。

这也重要。 月亮发光因为反射太阳光。 继续往下。 常识:哺乳动物有毛,生小崽,用奶喂养。 继续。 简而言之:雨通过蒸发形成:水上升,冷却,成云,落成水滴。 说完这个,说下一个。

常识:空气是气体混合,主要是氮和氧。 这也重要。 常识:病毒是传播造成损害的有害程序。用更新和小心防护。 继续往下。 记住:塑料几乎不腐烂,污染自然和海洋,变成微塑料。 这也重要。 事实:睡眠帮助恢复记忆和免疫。

再有一个事实。 简而言之:光合作用用光水CO2制造糖和氧。 继续往下。 常识:电池把化学能变成电能。

概述结束。"
381,自然科学和技术–第141部分,"这里学习有序知识。慢慢来。

事实:水是H2O,氢和氧的化合物。 就说到这里。 事实:温室效应留住热量。太多温室气体加热气候。 再有一个事实。 事实:哺乳动物有毛,生小崽,用奶喂养。 就说到这里。 确定:Wi-Fi是不用线的无线局域网上网。

就说到这里。 肺吸入氧气,排出二氧化碳。 继续。 确定:光合作用用光水CO2制造糖和氧。 这也重要。 简而言之:睡眠帮助恢复记忆和免疫。 继续往下。

简而言之:发烧是体温升高,常常防御感染。 再有一个事实。 事实:蜂蜜是蜜蜂用花蜜做的。 再有一个事实。 常识:心脏把血泵到全身。 说完这个,说下一个。 记住:叶子绿色因为叶绿素,光合作用的色素。

就说到这里。 你知道吗?应用是程序,通常手机用,比如消息照片游戏。 继续。 事实:浏览器是打开网页的程序,比如Chrome,Firefox,Edge或Safari。

概述结束。"
382,自然科学和技术–第142部分,"下面是验证过的知识。

确定:心脏把血泵到全身。 继续。 常识:肺吸入氧气,排出二氧化碳。 说完这个,说下一个。 记住:太阳系有8颗行星:水星,金星,地球,火星,木星,土星,天王星,海王星。 继续往下。 确定:太阳系有8颗行星:水星,金星,地球,火星,木星,土星,天王星,海王星。

说完这个,说下一个。 事实:应用是程序,通常手机用,比如消息照片游戏。 说完这个,说下一个。 简而言之:水稳定循环和专注,帮助肾和皮肤,预防头痛。 说完这个,说下一个。 事实:天空蓝色是因为瑞利散射:蓝光比红光散射更多。 说完这个,说下一个。

常识:心脏把血泵到全身。 继续往下。 记住:太阳能电池把光直接变成电。 继续往下。 简而言之:冰箱用制冷剂把热量从里泵到外:里面蒸发吸热,外面放热。 继续往下。 事实:太阳是炽热气体的恒星,给光和热。

继续往下。 事实:重力是质量间吸引。地球把一切往下拉,所以东西掉落。 再有一个事实。 事实:GPS用几颗卫星信号和传播时间定位。

概述结束。"
383,自然科学和技术–第143部分,"这里学习有序知识。慢慢来。

记住:蜜蜂给植物授粉,保证收成和多样性。 继续。 简而言之:睡眠帮助恢复记忆和免疫。 这也重要。 事实:雨通过蒸发形成:水上升,冷却,成云,落成水滴。 这也重要。 你知道吗?电池把化学能变成电能。

说完这个,说下一个。 记住:蜂蜜是蜜蜂用花蜜做的。 就说到这里。 病毒是很小的病原,没有宿主细胞不能繁殖。 继续往下。 常识:天气是短期状态;气候是大约30年平均。 继续。

冰箱用制冷剂把热量从里泵到外:里面蒸发吸热,外面放热。 继续往下。 常识:原子是物质最小单位,由核和电子组成。 这也重要。 简而言之:大约2分钟,每天两次。 再有一个事实。 记住:太阳能电池把光直接变成电。

说完这个,说下一个。 记住:雨通过蒸发形成:水上升,冷却,成云,落成水滴。 继续。 白天黑夜因为地球自转。向阳面白天,另一面黑夜。

现在你知道事实了。"
384,自然科学和技术–第144部分,"本文一步一步解释事实。

确定:太阳能电池把光直接变成电。 继续往下。 事实:雨通过蒸发形成:水上升,冷却,成云,落成水滴。 就说到这里。 你知道吗?哺乳动物有毛,生小崽,用奶喂养。 继续。 常识:天气是短期状态;气候是大约30年平均。

再有一个事实。 事实:太阳能电池把光直接变成电。 就说到这里。 记住:Wi-Fi是不用线的无线局域网上网。 说完这个,说下一个。 电池把化学能变成电能。 继续往下。

简而言之:温室效应留住热量。太多温室气体加热气候。 说完这个,说下一个。 确定:心脏把血泵到全身。 再有一个事实。 常识:肺吸入氧气,排出二氧化碳。 继续。 记住:水是H2O,氢和氧的化合物。

再有一个事实。 电简单说是电荷定向运动,通常是电线里的电子。 继续。 简而言之:重力是质量间吸引。地球把一切往下拉,所以东西掉落。

这是主题最重要的内容。"
385,自然科学和技术–第145部分,"本文一步一步解释事实。

天气是短期状态;气候是大约30年平均。 就说到这里。 确定:叶子绿色因为叶绿素,光合作用的色素。 继续。 常识:应用是程序,通常手机用,比如消息照片游戏。 继续。 病毒是传播造成损害的有害程序。用更新和小心防护。

继续往下。 确定:肺吸入氧气,排出二氧化碳。 说完这个,说下一个。 事实:天气是短期状态;气候是大约30年平均。 继续。 确定:太阳系有8颗行星:水星,金星,地球,火星,木星,土星,天王星,海王星。 再有一个事实。

记住:心脏把血泵到全身。 继续往下。 记住:地震是板块突然移动释放能量。 继续往下。 简而言之:太阳系有8颗行星:水星,金星,地球,火星,木星,土星,天王星,海王星。 继续。 确定:睡眠帮助恢复记忆和免疫。

再有一个事实。 地震是板块突然移动释放能量。 继续往下。 确定:水稳定循环和专注,帮助肾和皮肤,预防头痛。

概述结束。"
386,自然科学和技术–第146部分,"这里学习有序知识。慢慢来。

你知道吗?地震是板块突然移动释放能量。 继续往下。 事实:温室效应留住热量。太多温室气体加热气候。 这也重要。 冰箱用制冷剂把热量从里泵到外:里面蒸发吸热,外面放热。 说完这个,说下一个。 事实:肺吸入氧气,排出二氧化碳。

说完这个,说下一个。 确定:发烧是体温升高,常常防御感染。 再有一个事实。 你知道吗?叶子绿色因为叶绿素,光合作用的色素。 继续。 常识:太阳能电池把光直接变成电。 继续往下。

简而言之:空气是气体混合,主要是氮和氧。 继续往下。 确定:电简单说是电荷定向运动,通常是电线里的电子。 说完这个,说下一个。 确定:Wi-Fi是不用线的无线局域网上网。 这也重要。 简而言之:天空蓝色是因为瑞利散射:蓝光比红光散射更多。

就说到这里。 确定:GPS用几颗卫星信号和传播时间定位。 说完这个,说下一个。 常识:回收收集垃圾做成新产品。

概述结束。"
387,自然科学和技术–第147部分,"本文一步一步解释事实。

事实:人工智能是从数据学习识别模式解决任务的程序。 继续往下。 常识:天空蓝色是因为瑞利散射:蓝光比红光散射更多。 这也重要。 简而言之:云是网上的服务器,存数据用服务。 再有一个事实。 你知道吗?肺吸入氧气,排出二氧化碳。

继续往下。 记住:GPS用几颗卫星信号和传播时间定位。 再有一个事实。 蜂蜜是蜜蜂用花蜜做的。 这也重要。 简而言之:空气是气体混合,主要是氮和氧。 继续往下。

简而言之:回收收集垃圾做成新产品。 说完这个,说下一个。 你知道吗?温室效应留住热量。太多温室气体加热气候。 再有一个事实。 简而言之:肺吸入氧气,排出二氧化碳。 再有一个事实。 简而言之:天空蓝色是因为瑞利散射:蓝光比红光散射更多。

再有一个事实。 常识:冰箱用制冷剂把热量从里泵到外:里面蒸发吸热,外面放热。 继续往下。 常识:水稳定循环和专注,帮助肾和皮肤,预防头痛。

这是主题最重要的内容。"
388,自然科学和技术–第148部分,"这里学习有序知识。慢慢来。

应用是程序,通常手机用,比如消息照片游戏。 就说到这里。 发烧是体温升高,常常防御感染。 就说到这里。 月亮发光因为反射太阳光。 这也重要。 天空蓝色是因为瑞利散射:蓝光比红光散射更多。

再有一个事实。 回收收集垃圾做成新产品。 继续往下。 Wi-Fi是不用线的无线局域网上网。 继续。 确定:蜜蜂给植物授粉,保证收成和多样性。 说完这个,说下一个。

事实:云是网上的服务器,存数据用服务。 这也重要。 常识:冰箱用制冷剂把热量从里泵到外:里面蒸发吸热,外面放热。 这也重要。 强密码很长,每个服务唯一,保存在密码管理器。 说完这个,说下一个。 简而言之:回收收集垃圾做成新产品。

就说到这里。 记住:叶子绿色因为叶绿素,光合作用的色素。 这也重要。 你知道吗?白天黑夜因为地球自转。向阳面白天,另一面黑夜。

现在你知道事实了。"
389,自然科学和技术–第149部分,"本文介绍重要事实。静静阅读。

记住:太阳能电池把光直接变成电。 再有一个事实。 GPS用几颗卫星信号和传播时间定位。 这也重要。 你知道吗?GPS用几颗卫星信号和传播时间定位。 这也重要。 确定:睡眠帮助恢复记忆和免疫。

再有一个事实。 确定:四季来自地轴倾斜:每个半球轮流倾向太阳。 继续。 事实:地震是板块突然移动释放能量。 这也重要。 常识:睡眠帮助恢复记忆和免疫。 说完这个,说下一个。

水稳定循环和专注,帮助肾和皮肤,预防头痛。 再有一个事实。 事实:回收收集垃圾做成新产品。 说完这个,说下一个。 事实:重力是质量间吸引。地球把一切往下拉,所以东西掉落。 继续往下。 事实:水是H2O,氢和氧的化合物。

继续往下。 记住:蜂蜜是蜜蜂用花蜜做的。 继续。 心脏把血泵到全身。

概述结束。"
390,自然科学和技术–第150部分,"本文一步一步解释事实。

简而言之:太阳系有8颗行星:水星,金星,地球,火星,木星,土星,天王星,海王星。 继续。 事实:电池把化学能变成电能。 继续。 记住:Wi-Fi是不用线的无线局域网上网。 这也重要。 确定:云是网上的服务器,存数据用服务。

再有一个事实。 事实:云是网上的服务器,存数据用服务。 说完这个,说下一个。 事实:冰箱用制冷剂把热量从里泵到外:里面蒸发吸热,外面放热。 就说到这里。 简而言之:病毒是传播造成损害的有害程序。用更新和小心防护。 就说到这里。

电池把化学能变成电能。 继续。 记住:肺吸入氧气,排出二氧化碳。 说完这个,说下一个。 事实:重力是质量间吸引。地球把一切往下拉,所以东西掉落。 这也重要。 确定:白天黑夜因为地球自转。向阳面白天,另一面黑夜。

继续往下。 简而言之:蜂蜜是蜜蜂用花蜜做的。 说完这个,说下一个。 你知道吗?电简单说是电荷定向运动,通常是电线里的电子。

概述结束。"
391,日常计算–第1部分,"这里学习有序知识。慢慢来。

事实:9减7是2。 再有一个事实。 确定:7乘7是49。 再有一个事实。 简而言之:80除以20是4。 继续。 72加67是139。

再有一个事实。 20乘4是80。 这也重要。 你知道吗?16减11是5。 说完这个,说下一个。 常识:510除以17是30。 说完这个,说下一个。

简而言之:12乘15是180。 继续往下。 事实:7加23是30。 继续。 常识:4乘12是48。 继续往下。 简而言之:20减11是9。

继续往下。 事实:59加89是148。 继续。 6乘8是48。

这是主题最重要的内容。"
392,日常计算–第2部分,"本文一步一步解释事实。

你知道吗?一年365天,闰年366天。 说完这个,说下一个。 记住:60加10是70。 就说到这里。 确定:91减21是70。 说完这个,说下一个。 你知道吗?83加19是102。

继续。 事实:21加4是25。 就说到这里。 简而言之:54除以9是6。 继续。 89加59是148。 这也重要。

记住:83减2是81。 继续。 常识:23减20是3。 这也重要。 你知道吗?12乘4是48。 这也重要。 25加97是122。

这也重要。 记住:50加73是123。 说完这个,说下一个。 确定:70减14是56。

文章结束。做得好。"
393,日常计算–第3部分,"本文一步一步解释事实。

记住:72除以4是18。 继续。 事实:3乘9是27。 继续。 确定:255除以17是15。 继续。 事实:100除以20是5。

说完这个,说下一个。 事实:55加83是138。 就说到这里。 常识:48加51是99。 继续。 你知道吗?14乘14是196。 继续。

你知道吗?49减16是33。 这也重要。 常识:76除以4是19。 说完这个,说下一个。 记住:75减24是51。 说完这个,说下一个。 记住:44除以4是11。

继续往下。 记住:剩2个苹果。 就说到这里。 你知道吗?100除以20是5。

文章结束。做得好。"
394,日常计算–第4部分,"这里学习有序知识。慢慢来。

确定:54加71是125。 说完这个,说下一个。 简而言之:44除以4是11。 就说到这里。 90加23是113。 继续往下。 常识:14乘18是252。

这也重要。 记住:51减25是26。 说完这个,说下一个。 记住:剩2个苹果。 就说到这里。 常识:睡8小时。 再有一个事实。

常识:270除以18是15。 继续往下。 事实:58减31是27。 继续。 简而言之:156除以13是12。 这也重要。 确定:85减14是71。

继续往下。 事实:44除以2是22。 再有一个事实。 17乘4是68。

这是主题最重要的内容。"
395,日常计算–第5部分,"本文介绍重要事实。静静阅读。

确定:98减54是44。 说完这个,说下一个。 500的10%是50。 这也重要。 记住:61加31是92。 这也重要。 常识:14乘13是182。

继续。 确定:14乘6是84。 再有一个事实。 简而言之:459除以17是27。 说完这个,说下一个。 常识:18乘19是342。 这也重要。

事实:12加37是49。 继续。 常识:14乘17是238。 继续往下。 记住:12乘15是180。 再有一个事实。 简而言之:83加51是134。

就说到这里。 事实:68减50是18。 继续。 你知道吗?72除以4是18。

概述结束。"
396,日常计算–第6部分,"这里学习有序知识。慢慢来。

104除以8是13。 再有一个事实。 确定:500的15%是75。 继续。 记住:25加28是53。 再有一个事实。 简而言之:52减27是25。

就说到这里。 简而言之:20乘12是240。 说完这个,说下一个。 简而言之:77减8是69。 继续往下。 你知道吗?260除以10是26。 继续往下。

你知道吗?5加26是31。 说完这个,说下一个。 你知道吗?8除以4是2。 继续往下。 事实:500的75%是375。 继续。 常识:59加89是148。

继续往下。 常识:8加19是27。 再有一个事实。 记住:18乘16是288。

这是主题最重要的内容。"
397,日常计算–第7部分,"本文介绍重要事实。静静阅读。

事实:88加84是172。 再有一个事实。 你知道吗?100的75%是75。 说完这个,说下一个。 你知道吗?42加95是137。 这也重要。 49减16是33。

就说到这里。 确定:9减4是5。 就说到这里。 确定:12乘15是180。 说完这个,说下一个。 记住:73加72是145。 继续往下。

14减9是5。 再有一个事实。 常识:94加14是108。 继续。 简而言之:36加73是109。 继续往下。 86加36是122。

说完这个,说下一个。 510除以17是30。 说完这个,说下一个。 156除以13是12。

文章结束。做得好。"
398,日常计算–第8部分,"这里学习有序知识。慢慢来。

200的75%是150。 这也重要。 常识:1000的5%是50。 再有一个事实。 你知道吗?22除以2是11。 继续往下。 你知道吗?17:05好。

说完这个,说下一个。 常识:56减8是48。 这也重要。 你知道吗?84除以7是12。 说完这个,说下一个。 7减5是2。 就说到这里。

常识:11乘13是143。 继续往下。 常识:9乘20是180。 说完这个,说下一个。 简而言之:48除以4是12。 这也重要。 事实:48加51是99。

这也重要。 常识:36加22是58。 说完这个,说下一个。 13乘18是234。

现在你知道事实了。"
399,日常计算–第9部分,"这里学习有序知识。慢慢来。

常识:276除以12是23。 继续。 确定:54加39是93。 再有一个事实。 记住:52加82是134。 继续。 确定:78减11是67。

说完这个,说下一个。 你知道吗?80除以10是8。 继续。 57加38是95。 说完这个,说下一个。 你知道吗?5小时15分钟。 继续。

确定:44除以2是22。 说完这个,说下一个。 确定:24加22是46。 继续。 确定:92除以4是23。 继续。 简而言之:46减39是7。

说完这个,说下一个。 事实:391除以17是23。 继续。 记住:96除以6是16。

文章结束。做得好。"
400,日常计算–第10部分,"本文介绍重要事实。静静阅读。

常识:300的50%是150。 再有一个事实。 常识:72除以12是6。 这也重要。 确定:29减21是8。 继续。 你知道吗?24除以2是12。

继续。 记住:57减42是15。 继续往下。 12乘4是48。 再有一个事实。 常识:75减24是51。 再有一个事实。

简而言之:9减4是5。 继续往下。 你知道吗?17减10是7。 继续往下。 简而言之:39加46是85。 这也重要。 24除以2是12。

继续往下。 常识:88减4是84。 就说到这里。 事实:500的25%是125。

概述结束。"
401,日常计算–第11部分,"下面是验证过的知识。

常识:11乘7是77。 继续。 54加39是93。 再有一个事实。 11乘18是198。 说完这个,说下一个。 确定:12乘15是180。

说完这个,说下一个。 常识:9乘5是45。 这也重要。 54减12是42。 这也重要。 你知道吗?16除以8是2。 继续往下。

简而言之:36加95是131。 继续往下。 事实:210除以7是30。 继续往下。 简而言之:7乘18是126。 继续。 常识:58减32是26。

就说到这里。 记住:38减23是15。 继续往下。 29减21是8。

这是主题最重要的内容。"
402,日常计算–第12部分,"这里学习有序知识。慢慢来。

确定:78加96是174。 说完这个,说下一个。 你知道吗?59加50是109。 说完这个,说下一个。 事实:34除以2是17。 继续。 19乘2是38。

再有一个事实。 记住:73加72是145。 继续。 常识:14乘13是182。 说完这个,说下一个。 简而言之:22除以2是11。 继续。

确定:45减10是35。 说完这个,说下一个。 28减2是26。 这也重要。 你知道吗?5乘18是90。 这也重要。 常识:300的20%是60。

继续往下。 你知道吗?97加8是105。 就说到这里。 事实:40加43是83。

概述结束。"
403,日常计算–第13部分,"本文一步一步解释事实。

你知道吗?54除以18是3。 这也重要。 简而言之:2000的5%是100。 继续往下。 简而言之:78加97是175。 就说到这里。 事实:14乘14是196。

这也重要。 简而言之:209除以19是11。 就说到这里。 记住:12减9是3。 这也重要。 确定:88减14是74。 再有一个事实。

常识:300的10%是30。 就说到这里。 你知道吗?67加35是102。 这也重要。 你知道吗?17减10是7。 说完这个,说下一个。 记住:8乘5是40。

说完这个,说下一个。 事实:54加39是93。 继续。 确定:24加22是46。

现在你知道事实了。"
404,日常计算–第14部分,"本文一步一步解释事实。

56减28是28。 再有一个事实。 事实:25加97是122。 继续。 记住:54除以9是6。 继续。 记住:2000的50%是1000。

继续。 确定:59加10是69。 继续。 你知道吗?20乘15是300。 就说到这里。 确定:40除以4是10。 这也重要。

记住:53加65是118。 就说到这里。 事实:11乘7是77。 这也重要。 简而言之:7乘7是49。 就说到这里。 常识:18乘16是288。

继续。 确定:83加51是134。 这也重要。 事实:81加12是93。

概述结束。"
405,日常计算–第15部分,"本文一步一步解释事实。

确定:10减7是3。 就说到这里。 2乘18是36。 就说到这里。 确定:12乘5是60。 就说到这里。 简而言之:13乘11是143。

就说到这里。 常识:是66。 这也重要。 常识:5乘15是75。 就说到这里。 记住:20乘11是220。 继续。

常识:78减11是67。 说完这个,说下一个。 事实:每人25欧元。 就说到这里。 常识:19乘2是38。 就说到这里。 常识:44除以4是11。

这也重要。 简而言之:80除以20是4。 这也重要。 你知道吗?19加70是89。

概述结束。"
406,日常计算–第16部分,"本文一步一步解释事实。

简而言之:21加47是68。 继续往下。 你知道吗?26减22是4。 再有一个事实。 你知道吗?67加35是102。 继续往下。 常识:99加42是141。

再有一个事实。 你知道吗?27加51是78。 这也重要。 简而言之:84加68是152。 这也重要。 常识:21加47是68。 说完这个,说下一个。

你知道吗?73减14是59。 再有一个事实。 你知道吗?64加45是109。 再有一个事实。 44除以2是22。 继续往下。 记住:12乘17是204。

就说到这里。 5乘15是75。 这也重要。 简而言之:500的20%是100。

这是主题最重要的内容。"
407,日常计算–第17部分,"这里学习有序知识。慢慢来。

事实:323除以19是17。 继续。 你知道吗?19加70是89。 就说到这里。 记住:52减27是25。 说完这个,说下一个。 记住:400的10%是40。

这也重要。 记住:25减18是7。 就说到这里。 记住:16除以8是2。 就说到这里。 你知道吗?98减54是44。 再有一个事实。

常识:260除以13是20。 这也重要。 确定:10乘13是130。 这也重要。 记住:209除以19是11。 说完这个,说下一个。 7乘7是49。

继续。 简而言之:一分钟60秒。 这也重要。 常识:14乘14是196。

概述结束。"
408,日常计算–第18部分,"本文一步一步解释事实。

确定:500的50%是250。 再有一个事实。 记住:10减7是3。 继续往下。 常识:90除以6是15。 再有一个事实。 事实:37加48是85。

继续往下。 确定:300的20%是60。 这也重要。 确定:255除以17是15。 继续往下。 简而言之:81减21是60。 继续。

你知道吗?45加90是135。 就说到这里。 14减11是3。 继续往下。 65减57是8。 继续。 事实:78减11是67。

继续。 简而言之:5乘17是85。 这也重要。 记住:13乘20是260。

这是主题最重要的内容。"
409,日常计算–第19部分,"本文一步一步解释事实。

29加16是45。 就说到这里。 常识:209除以19是11。 再有一个事实。 常识:45减10是35。 就说到这里。 9乘12是108。

再有一个事实。 你知道吗?70减14是56。 继续。 事实:50加73是123。 再有一个事实。 常识:49加6是55。 继续。

事实:36加22是58。 继续往下。 74加9是83。 说完这个,说下一个。 216除以18是12。 就说到这里。 事实:13乘20是260。

说完这个,说下一个。 记住:3加46是49。 继续。 你知道吗?300的25%是75。

文章结束。做得好。"
410,日常计算–第20部分,"本文一步一步解释事实。

事实:98减54是44。 继续往下。 事实:14加20是34。 继续。 事实:12减9是3。 说完这个,说下一个。 记住:8乘15是120。

就说到这里。 确定:92减46是46。 再有一个事实。 简而言之:83加51是134。 这也重要。 常识:4乘2是8。 继续。

常识:80除以10是8。 继续。 记住:9乘20是180。 继续。 记住:17减10是7。 就说到这里。 6乘8是48。

这也重要。 记住:6乘19是114。 继续往下。 简而言之:剩2个苹果。

现在你知道事实了。"
411,日常计算–第21部分,"本文介绍重要事实。静静阅读。

12加37是49。 继续。 常识:100的75%是75。 说完这个,说下一个。 常识:67加35是102。 继续往下。 确定:5小时15分钟。

继续往下。 确定:4乘2是8。 再有一个事实。 事实:288除以12是24。 就说到这里。 简而言之:剩2个苹果。 说完这个,说下一个。

确定:12乘5是60。 就说到这里。 记住:400的50%是200。 就说到这里。 记住:50加73是123。 继续往下。 确定:16减11是5。

继续。 常识:1000的10%是100。 说完这个,说下一个。 常识:59加50是109。

概述结束。"
412,日常计算–第22部分,"本文介绍重要事实。静静阅读。

确定:14乘17是238。 就说到这里。 你知道吗?14乘5是70。 再有一个事实。 你知道吗?10乘13是130。 就说到这里。 记住:216除以18是12。

就说到这里。 简而言之:90除以6是15。 继续。 常识:2000的75%是1500。 说完这个,说下一个。 18乘19是342。 说完这个,说下一个。

你知道吗?7乘14是98。 继续往下。 简而言之:51除以3是17。 说完这个,说下一个。 73加72是145。 这也重要。 记住:209除以19是11。

说完这个,说下一个。 确定:14乘14是196。 说完这个,说下一个。 简而言之:20乘12是240。

现在你知道事实了。"
413,日常计算–第23部分,"这里学习有序知识。慢慢来。

事实:45加90是135。 继续往下。 92减46是46。 继续往下。 记住:10乘8是80。 继续。 你知道吗?10乘13是130。

继续往下。 事实:17乘4是68。 继续。 你知道吗?睡8小时。 继续往下。 常识:78加95是173。 继续。

你知道吗?88减14是74。 继续往下。 事实:464除以16是29。 这也重要。 17减8是9。 就说到这里。 你知道吗?1000的10%是100。

再有一个事实。 记住:143除以13是11。 这也重要。 简而言之:25减18是7。

概述结束。"
414,日常计算–第24部分,"这里学习有序知识。慢慢来。

事实:32除以2是16。 这也重要。 你知道吗?68加8是76。 就说到这里。 事实:39加46是85。 再有一个事实。 简而言之:2000的5%是100。

再有一个事实。 28减2是26。 再有一个事实。 简而言之:是66。 继续。 你知道吗?55减45是10。 继续。

记住:17乘9是153。 说完这个,说下一个。 常识:12加37是49。 这也重要。 你知道吗?59加50是109。 继续。 简而言之:2小时是120分钟。

这也重要。 17减10是7。 继续往下。 常识:90加23是113。

概述结束。"
415,日常计算–第25部分,"这里学习有序知识。慢慢来。

事实:38减21是17。 继续。 你知道吗?156除以13是12。 说完这个,说下一个。 事实:61加44是105。 这也重要。 你知道吗?31减23是8。

说完这个,说下一个。 27减4是23。 再有一个事实。 事实:16除以8是2。 这也重要。 你知道吗?416除以16是26。 就说到这里。

你知道吗?200的20%是40。 继续。 确定:64加45是109。 再有一个事实。 确定:33加9是42。 继续往下。 80除以20是4。

这也重要。 事实:400的10%是40。 再有一个事实。 确定:19乘18是342。

概述结束。"
416,日常计算–第26部分,"本文一步一步解释事实。

确定:143除以13是11。 说完这个,说下一个。 事实:49减16是33。 继续往下。 你知道吗?14乘3是42。 说完这个,说下一个。 事实:8乘7是56。

继续往下。 确定:22除以2是11。 说完这个,说下一个。 你知道吗?17乘4是68。 再有一个事实。 400的10%是40。 说完这个,说下一个。

常识:48除以8是6。 就说到这里。 276除以12是23。 继续往下。 你知道吗?78加95是173。 说完这个,说下一个。 简而言之:364除以13是28。

说完这个,说下一个。 常识:98减54是44。 这也重要。 你知道吗?2乘19是38。

现在你知道事实了。"
417,日常计算–第27部分,"本文一步一步解释事实。

记住:72除以4是18。 再有一个事实。 59加50是109。 这也重要。 简而言之:7乘14是98。 继续往下。 14乘15是210。

再有一个事实。 17乘9是153。 就说到这里。 记住:20乘12是240。 就说到这里。 事实:94加86是180。 再有一个事实。

常识:220除以10是22。 继续往下。 56除以14是4。 说完这个,说下一个。 确定:209除以19是11。 说完这个,说下一个。 简而言之:3加46是49。

再有一个事实。 你知道吗?52加82是134。 继续。 记住:27减26是1。

这是主题最重要的内容。"
418,日常计算–第28部分,"本文一步一步解释事实。

简而言之:276除以12是23。 就说到这里。 你知道吗?1000的10%是100。 说完这个,说下一个。 事实:400的25%是100。 继续往下。 事实:2乘18是36。

就说到这里。 13乘15是195。 这也重要。 83加70是153。 继续往下。 确定:49减16是33。 这也重要。

事实:18乘16是288。 说完这个,说下一个。 事实:10乘13是130。 继续往下。 简而言之:49加6是55。 说完这个,说下一个。 事实:255除以17是15。

继续。 事实:65减51是14。 继续往下。 100的50%是50。

概述结束。"
419,日常计算–第29部分,"这里学习有序知识。慢慢来。

事实:9乘20是180。 这也重要。 事实:36除以18是2。 继续。 事实:28加30是58。 再有一个事实。 事实:300的25%是75。

继续往下。 18乘19是342。 说完这个,说下一个。 事实:14减9是5。 这也重要。 是66。 就说到这里。

记住:10乘11是110。 继续往下。 13乘18是234。 就说到这里。 常识:54减12是42。 说完这个,说下一个。 事实:32减11是21。

说完这个,说下一个。 你知道吗?32除以2是16。 就说到这里。 事实:8乘7是56。

这是主题最重要的内容。"
420,日常计算–第30部分,"下面是验证过的知识。

2000的10%是200。 说完这个,说下一个。 常识:37加48是85。 继续。 常识:323除以19是17。 说完这个,说下一个。 你知道吗?22除以2是11。

说完这个,说下一个。 事实:25加97是122。 再有一个事实。 事实:62减18是44。 继续。 常识:152除以19是8。 再有一个事实。

记住:2乘19是38。 就说到这里。 你知道吗?71加71是142。 继续。 记住:9乘5是45。 说完这个,说下一个。 常识:34除以2是17。

再有一个事实。 确定:14减9是5。 继续。 16减11是5。

概述结束。"
421,日常计算–第31部分,"这里学习有序知识。慢慢来。

事实:27减26是1。 就说到这里。 14乘15是210。 这也重要。 简而言之:20乘5是100。 就说到这里。 常识:44除以4是11。

再有一个事实。 事实:6乘19是114。 说完这个,说下一个。 记住:340除以17是20。 就说到这里。 你知道吗?364除以14是26。 这也重要。

你知道吗?30加46是76。 说完这个,说下一个。 记住:41加25是66。 继续。 简而言之:2乘19是38。 继续。 记住:20加6是26。

这也重要。 简而言之:12乘17是204。 继续。 事实:88减14是74。

文章结束。做得好。"
422,日常计算–第32部分,"本文介绍重要事实。静静阅读。

简而言之:57加9是66。 就说到这里。 记住:剩2个苹果。 继续。 确定:29减21是8。 说完这个,说下一个。 简而言之:72加67是139。

说完这个,说下一个。 常识:2000的75%是1500。 再有一个事实。 事实:83减2是81。 继续。 事实:21加4是25。 说完这个,说下一个。

简而言之:60加10是70。 说完这个,说下一个。 常识:500的10%是50。 继续往下。 简而言之:17减8是9。 继续。 15乘10是150。

继续。 记住:46减13是33。 继续。 你知道吗?220除以20是11。

现在你知道事实了。"
423,日常计算–第33部分,"这里学习有序知识。慢慢来。

事实:50加73是123。 说完这个,说下一个。 记住:64加45是109。 就说到这里。 你知道吗?7加23是30。 继续。 确定:58加78是136。

继续。 44除以2是22。 这也重要。 事实:16除以4是4。 这也重要。 确定:98减54是44。 再有一个事实。

记住:150除以5是30。 说完这个,说下一个。 200的20%是40。 继续。 确定:300的25%是75。 继续往下。 确定:7乘18是126。

继续。 事实:6加95是101。 再有一个事实。 确定:20乘7是140。

文章结束。做得好。"
424,日常计算–第34部分,"这里学习有序知识。慢慢来。

确定:11乘7是77。 继续往下。 你知道吗?78加96是174。 继续往下。 确定:62减28是34。 继续。 3加49是52。

再有一个事实。 常识:10乘13是130。 继续。 28加83是111。 这也重要。 你知道吗?200的75%是150。 就说到这里。

常识:54加39是93。 继续往下。 记住:14乘6是84。 再有一个事实。 19乘18是342。 再有一个事实。 事实:2000的5%是100。

继续。 记住:26加52是78。 再有一个事实。 简而言之:94加14是108。

现在你知道事实了。"
425,日常计算–第35部分,"本文一步一步解释事实。

常识:36除以18是2。 继续。 你知道吗?19乘18是342。 再有一个事实。 简而言之:8除以4是2。 继续。 简而言之:416除以16是26。

再有一个事实。 常识:75减9是66。 说完这个,说下一个。 56减28是28。 这也重要。 你知道吗?12乘5是60。 再有一个事实。

简而言之:255除以17是15。 继续。 常识:13乘11是143。 继续。 常识:288除以12是24。 就说到这里。 你知道吗?220除以10是22。

继续往下。 你知道吗?62减18是44。 再有一个事实。 常识:145除以5是29。

这是主题最重要的内容。"
426,日常计算–第36部分,"下面是验证过的知识。

14乘18是252。 就说到这里。 你知道吗?72减34是38。 这也重要。 简而言之:17加82是99。 说完这个,说下一个。 常识:14乘15是210。

继续。 简而言之:16除以8是2。 这也重要。 确定:55减45是10。 就说到这里。 72加67是139。 就说到这里。

你知道吗?87除以3是29。 说完这个,说下一个。 你知道吗?53加65是118。 继续。 简而言之:17:05好。 说完这个,说下一个。 事实:12除以3是4。

再有一个事实。 记住:13乘15是195。 这也重要。 你知道吗?30加46是76。

概述结束。"
427,日常计算–第37部分,"本文介绍重要事实。静静阅读。

确定:2000的75%是1500。 再有一个事实。 你知道吗?84加68是152。 这也重要。 68加63是131。 这也重要。 记住:17减10是7。

就说到这里。 54除以18是3。 继续。 确定:322除以14是23。 继续。 确定:14乘5是70。 再有一个事实。

88加84是172。 继续往下。 简而言之:300的10%是30。 说完这个,说下一个。 你知道吗?3乘16是48。 继续。 事实:12乘4是48。

再有一个事实。 确定:7乘20是140。 这也重要。 你知道吗?14乘12是168。

现在你知道事实了。"
428,日常计算–第38部分,"本文一步一步解释事实。

简而言之:9乘4是36。 这也重要。 你知道吗?500的25%是125。 继续。 你知道吗?96除以6是16。 继续往下。 事实:54加71是125。

继续往下。 事实:3加49是52。 继续往下。 你知道吗?31加2是33。 继续。 事实:3乘2是6。 这也重要。

简而言之:30加46是76。 说完这个,说下一个。 事实:31减23是8。 继续。 记住:25除以5是5。 继续。 事实:500的20%是100。

继续。 事实:7乘14是98。 继续。 事实:21加61是82。

概述结束。"
429,日常计算–第39部分,"这里学习有序知识。慢慢来。

简而言之:322除以14是23。 继续往下。 确定:100除以20是5。 说完这个,说下一个。 确定:200的15%是30。 继续往下。 事实:50加73是123。

说完这个,说下一个。 事实:54加71是125。 再有一个事实。 你知道吗?19乘2是38。 继续。 简而言之:400的75%是300。 这也重要。

事实:20减11是9。 说完这个,说下一个。 97加8是105。 继续。 21:45结束。 继续往下。 常识:2000的15%是300。

继续。 7乘14是98。 再有一个事实。 常识:9乘5是45。

这是主题最重要的内容。"
430,日常计算–第40部分,"这里学习有序知识。慢慢来。

确定:19:30读完。 再有一个事实。 事实:85减14是71。 说完这个,说下一个。 常识:58减31是27。 说完这个,说下一个。 你知道吗?25乘4是100。

继续往下。 你知道吗?7乘18是126。 继续往下。 你知道吗?18乘12是216。 就说到这里。 你知道吗?57加38是95。 这也重要。

事实:62减18是44。 这也重要。 事实:500的10%是50。 再有一个事实。 常识:5乘15是75。 继续往下。 记住:72除以4是18。

说完这个,说下一个。 确定:88加84是172。 继续往下。 你知道吗?46减39是7。

这是主题最重要的内容。"
431,日常计算–第41部分,"本文介绍重要事实。静静阅读。

你知道吗?400的50%是200。 继续。 记住:2乘18是36。 就说到这里。 确定:17加82是99。 说完这个,说下一个。 确定:82加18是100。

继续往下。 44加61是105。 就说到这里。 事实:28减2是26。 继续。 36加95是131。 说完这个,说下一个。

简而言之:81加12是93。 继续往下。 你知道吗?8乘7是56。 说完这个,说下一个。 记住:500的20%是100。 这也重要。 你知道吗?85减64是21。

这也重要。 常识:82加18是100。 这也重要。 常识:33加9是42。

文章结束。做得好。"
432,日常计算–第42部分,"这里学习有序知识。慢慢来。

323除以19是17。 继续。 确定:86加78是164。 再有一个事实。 事实:3加49是52。 继续往下。 常识:68减50是18。

这也重要。 常识:是66。 就说到这里。 6乘19是114。 这也重要。 84加68是152。 这也重要。

66除以11是6。 说完这个,说下一个。 记住:94加86是180。 继续往下。 你知道吗?435除以15是29。 继续。 简而言之:54减52是2。

继续往下。 确定:11乘7是77。 这也重要。 记住:13乘20是260。

这是主题最重要的内容。"
433,日常计算–第43部分,"本文一步一步解释事实。

记住:15乘4是60。 这也重要。 简而言之:54除以18是3。 继续往下。 确定:260除以13是20。 再有一个事实。 记住:77减8是69。

说完这个,说下一个。 确定:59加50是109。 继续。 事实:7乘7是49。 再有一个事实。 事实:391除以17是23。 继续往下。

记住:81减6是75。 继续。 你知道吗?62减28是34。 继续。 简而言之:87除以3是29。 这也重要。 确定:1000的5%是50。

再有一个事实。 简而言之:85减64是21。 继续。 记住:80除以20是4。

文章结束。做得好。"
434,日常计算–第44部分,"下面是验证过的知识。

确定:13乘3是39。 就说到这里。 53加65是118。 就说到这里。 你知道吗?27减17是10。 这也重要。 你知道吗?17乘4是68。

说完这个,说下一个。 确定:500的75%是375。 这也重要。 简而言之:7乘20是140。 继续。 常识:2000的20%是400。 继续。

记住:3乘16是48。 再有一个事实。 确定:4乘2是8。 继续往下。 确定:360除以15是24。 继续往下。 你知道吗?7乘6是42。

继续往下。 事实:2小时是120分钟。 这也重要。 确定:10减3是7。

现在你知道事实了。"
435,日常计算–第45部分,"这里学习有序知识。慢慢来。

事实:1000的20%是200。 说完这个,说下一个。 87除以3是29。 再有一个事实。 确定:200的75%是150。 这也重要。 简而言之:83加19是102。

继续。 67加35是102。 继续往下。 37减28是9。 说完这个,说下一个。 记住:54加39是93。 继续往下。

简而言之:7乘18是126。 这也重要。 常识:78加96是174。 再有一个事实。 简而言之:25减18是7。 就说到这里。 60减31是29。

继续。 确定:5小时15分钟。 继续往下。 你知道吗?89加8是97。

现在你知道事实了。"
436,日常计算–第46部分,"下面是验证过的知识。

简而言之:41加25是66。 继续往下。 你知道吗?12乘4是48。 说完这个,说下一个。 简而言之:25减18是7。 这也重要。 你知道吗?12减9是3。

这也重要。 常识:270除以18是15。 说完这个,说下一个。 常识:33减17是16。 这也重要。 简而言之:8乘20是160。 继续。

记住:209除以19是11。 继续往下。 500的20%是100。 继续。 常识:3乘2是6。 这也重要。 简而言之:98减76是22。

继续往下。 事实:150除以6是25。 说完这个,说下一个。 记住:69除以3是23。

这是主题最重要的内容。"
437,日常计算–第47部分,"本文介绍重要事实。静静阅读。

你知道吗?30加46是76。 就说到这里。 常识:39加46是85。 再有一个事实。 记住:1000的20%是200。 说完这个,说下一个。 简而言之:100的25%是25。

就说到这里。 10乘13是130。 就说到这里。 事实:5乘15是75。 继续。 31加85是116。 继续。

简而言之:11乘15是165。 继续往下。 简而言之:6乘8是48。 说完这个,说下一个。 简而言之:24加22是46。 说完这个,说下一个。 常识:16除以4是4。

再有一个事实。 你知道吗?18乘16是288。 就说到这里。 记住:66加5是71。

这是主题最重要的内容。"
438,日常计算–第48部分,"这里学习有序知识。慢慢来。

常识:125除以5是25。 继续往下。 记住:11乘13是143。 说完这个,说下一个。 常识:150除以6是25。 继续往下。 你知道吗?49加6是55。

这也重要。 常识:95加78是173。 这也重要。 你知道吗?2乘10是20。 继续。 简而言之:61加35是96。 这也重要。

你知道吗?20减11是9。 就说到这里。 你知道吗?14乘12是168。 这也重要。 59加89是148。 说完这个,说下一个。 你知道吗?40加43是83。

说完这个,说下一个。 你知道吗?53加65是118。 再有一个事实。 事实:100的10%是10。

文章结束。做得好。"
439,日常计算–第49部分,"本文一步一步解释事实。

你知道吗?31加2是33。 说完这个,说下一个。 简而言之:64减47是17。 这也重要。 确定:3乘16是48。 这也重要。 你知道吗?216除以18是12。

再有一个事实。 你知道吗?11乘17是187。 继续。 记住:14减11是3。 继续。 简而言之:18乘12是216。 再有一个事实。

74加9是83。 继续。 你知道吗?16减11是5。 说完这个,说下一个。 记住:14乘3是42。 就说到这里。 记住:61加31是92。

这也重要。 事实:22除以2是11。 再有一个事实。 88减4是84。

这是主题最重要的内容。"
440,日常计算–第50部分,"本文一步一步解释事实。

你知道吗?14乘15是210。 继续往下。 简而言之:10乘13是130。 就说到这里。 常识:94加14是108。 说完这个,说下一个。 确定:6加95是101。

继续往下。 记住:26减22是4。 说完这个,说下一个。 确定:143除以11是13。 说完这个,说下一个。 你知道吗?220除以20是11。 继续往下。

常识:44除以4是11。 说完这个,说下一个。 确定:400的25%是100。 继续。 确定:36加22是58。 这也重要。 事实:42减11是31。

就说到这里。 确定:200的12%是24。 就说到这里。 事实:83加19是102。

现在你知道事实了。"
441,日常计算–第51部分,"本文一步一步解释事实。

简而言之:216除以18是12。 继续。 52加82是134。 就说到这里。 简而言之:21加61是82。 说完这个,说下一个。 记住:400的75%是300。

继续。 事实:7乘20是140。 继续。 事实:400的50%是200。 继续往下。 记住:14加20是34。 继续往下。

确定:12乘5是60。 说完这个,说下一个。 记住:15乘10是150。 就说到这里。 确定:7乘15是105。 继续往下。 确定:72减43是29。

说完这个,说下一个。 常识:196除以7是28。 继续。 事实:61加4是65。

概述结束。"
442,日常计算–第52部分,"这里学习有序知识。慢慢来。

52减27是25。 说完这个,说下一个。 确定:7乘18是126。 这也重要。 常识:14乘18是252。 再有一个事实。 简而言之:7乘6是42。

这也重要。 简而言之:2000的10%是200。 说完这个,说下一个。 你知道吗?14乘3是42。 就说到这里。 12减11是1。 这也重要。

事实:500的25%是125。 这也重要。 你知道吗?49减43是6。 继续往下。 常识:200的12%是24。 继续往下。 你知道吗?20乘12是240。

再有一个事实。 确定:81除以3是27。 说完这个,说下一个。 事实:18减14是4。

这是主题最重要的内容。"
443,日常计算–第53部分,"这里学习有序知识。慢慢来。

你知道吗?61减53是8。 继续往下。 你知道吗?45减10是35。 就说到这里。 常识:70减14是56。 再有一个事实。 记住:74加9是83。

这也重要。 记住:14乘17是238。 说完这个,说下一个。 简而言之:24加22是46。 就说到这里。 记住:26加52是78。 继续。

简而言之:36加95是131。 再有一个事实。 常识:100的10%是10。 说完这个,说下一个。 事实:21加61是82。 再有一个事实。 64加45是109。

这也重要。 88加42是130。 再有一个事实。 62减51是11。

这是主题最重要的内容。"
444,日常计算–第54部分,"下面是验证过的知识。

简而言之:69加53是122。 说完这个,说下一个。 记住:14乘12是168。 就说到这里。 确定:391除以17是23。 继续。 确定:27减4是23。

说完这个,说下一个。 确定:2000的5%是100。 继续往下。 你知道吗?18减14是4。 这也重要。 简而言之:11乘7是77。 就说到这里。

记住:6乘3是18。 这也重要。 你知道吗?2乘10是20。 这也重要。 记住:288除以12是24。 说完这个,说下一个。 简而言之:7乘7是49。

这也重要。 记住:9乘4是36。 继续往下。 常识:11乘13是143。

这是主题最重要的内容。"
445,日常计算–第55部分,"这里学习有序知识。慢慢来。

21加61是82。 再有一个事实。 确定:19加70是89。 就说到这里。 常识:8乘10是80。 说完这个,说下一个。 你知道吗?300的10%是30。

继续往下。 事实:12乘3是36。 这也重要。 记住:11乘17是187。 就说到这里。 简而言之:88加42是130。 继续。

你知道吗?27减26是1。 继续往下。 确定:276除以12是23。 继续往下。 常识:125除以5是25。 继续。 你知道吗?2000的20%是400。

说完这个,说下一个。 你知道吗?81减6是75。 这也重要。 你知道吗?56减8是48。

概述结束。"
446,日常计算–第56部分,"本文一步一步解释事实。

常识:1000的10%是100。 继续往下。 常识:12乘3是36。 再有一个事实。 记住:89加59是148。 继续往下。 事实:69加53是122。

说完这个,说下一个。 记住:260除以10是26。 继续。 2乘12是24。 继续。 常识:75减9是66。 继续。

事实:14乘15是210。 继续往下。 确定:69加35是104。 继续。 89加59是148。 继续往下。 7加23是30。

说完这个,说下一个。 记住:3加46是49。 这也重要。 确定:300的20%是60。

现在你知道事实了。"
447,日常计算–第57部分,"这里学习有序知识。慢慢来。

事实:95加62是157。 继续。 常识:83加70是153。 就说到这里。 简而言之:58除以2是29。 这也重要。 记住:96除以6是16。

就说到这里。 简而言之:8加19是27。 继续往下。 简而言之:睡8小时。 这也重要。 确定:13乘3是39。 说完这个,说下一个。

确定:49加6是55。 说完这个,说下一个。 7乘7是49。 这也重要。 事实:435除以15是29。 这也重要。 记住:16乘5是80。

继续。 10乘13是130。 继续。 记住:是66。

现在你知道事实了。"
448,日常计算–第58部分,"下面是验证过的知识。

1000的10%是100。 就说到这里。 你知道吗?11乘13是143。 继续。 你知道吗?87除以3是29。 这也重要。 常识:48加59是107。

继续往下。 2000的50%是1000。 继续往下。 记住:6乘19是114。 这也重要。 简而言之:80除以20是4。 继续。

事实:104除以8是13。 继续往下。 确定:45加90是135。 继续。 确定:84除以7是12。 继续。 记住:54减12是42。

继续往下。 事实:2乘19是38。 说完这个,说下一个。 记住:42加95是137。

文章结束。做得好。"
449,日常计算–第59部分,"下面是验证过的知识。

事实:500的5%是25。 继续往下。 8乘7是56。 继续往下。 确定:2乘18是36。 再有一个事实。 61加35是96。

继续往下。 73减14是59。 继续往下。 常识:89减43是46。 再有一个事实。 记住:24除以2是12。 就说到这里。

事实:7加23是30。 继续往下。 简而言之:12乘14是168。 再有一个事实。 你知道吗?2000的10%是200。 继续往下。 简而言之:25减18是7。

继续。 简而言之:400的75%是300。 就说到这里。 常识:25加97是122。

这是主题最重要的内容。"
450,日常计算–第60部分,"本文一步一步解释事实。

你知道吗?18乘12是216。 这也重要。 210除以7是30。 再有一个事实。 确定:510除以17是30。 继续往下。 简而言之:2000的20%是400。

再有一个事实。 记住:7乘18是126。 说完这个,说下一个。 简而言之:7乘5是35。 再有一个事实。 简而言之:睡8小时。 这也重要。

记住:323除以19是17。 这也重要。 常识:57减42是15。 这也重要。 31加85是116。 这也重要。 8乘5是40。

继续。 常识:48除以8是6。 再有一个事实。 32减11是21。

这是主题最重要的内容。"
451,日常计算–第61部分,"本文介绍重要事实。静静阅读。

记住:513除以19是27。 继续往下。 简而言之:19:30读完。 继续往下。 记住:276除以12是23。 就说到这里。 常识:41加25是66。

继续往下。 100的75%是75。 这也重要。 常识:200的75%是150。 说完这个,说下一个。 你知道吗?500的50%是250。 这也重要。

确定:270除以18是15。 就说到这里。 事实:16除以4是4。 继续往下。 简而言之:55加83是138。 继续。 常识:36加95是131。

继续往下。 25减18是7。 就说到这里。 你知道吗?83加11是94。

文章结束。做得好。"
452,日常计算–第62部分,"本文一步一步解释事实。

常识:12乘14是168。 继续。 事实:42减11是31。 再有一个事实。 确定:220除以20是11。 就说到这里。 记住:67加35是102。

就说到这里。 12加37是49。 再有一个事实。 事实:3加49是52。 这也重要。 确定:100的25%是25。 继续。

你知道吗?21加47是68。 就说到这里。 确定:59加50是109。 继续。 你知道吗?61加92是153。 就说到这里。 常识:14乘3是42。

说完这个,说下一个。 记住:5加26是31。 就说到这里。 你知道吗?16减11是5。

现在你知道事实了。"
453,日常计算–第63部分,"本文一步一步解释事实。

常识:77减8是69。 再有一个事实。 简而言之:12乘5是60。 这也重要。 记住:64加45是109。 再有一个事实。 12乘15是180。

继续。 事实:12乘4是48。 继续。 你知道吗?94加86是180。 就说到这里。 你知道吗?54除以18是3。 就说到这里。

62减18是44。 再有一个事实。 简而言之:364除以13是28。 就说到这里。 事实:400的10%是40。 继续往下。 记住:17乘4是68。

这也重要。 确定:21加61是82。 这也重要。 340除以17是20。

文章结束。做得好。"
454,日常计算–第64部分,"本文介绍重要事实。静静阅读。

记住:81减6是75。 继续往下。 2000的5%是100。 说完这个,说下一个。 你知道吗?27减4是23。 说完这个,说下一个。 事实:21:45结束。

就说到这里。 常识:2000的5%是100。 继续往下。 事实:500的50%是250。 继续。 常识:5乘15是75。 这也重要。

简而言之:13乘20是260。 就说到这里。 简而言之:73减14是59。 继续往下。 简而言之:55加83是138。 继续往下。 常识:13乘15是195。

再有一个事实。 记住:64加45是109。 说完这个,说下一个。 事实:55加83是138。

这是主题最重要的内容。"
455,日常计算–第65部分,"本文一步一步解释事实。

事实:44加61是105。 再有一个事实。 你知道吗?260除以10是26。 就说到这里。 确定:12乘14是168。 再有一个事实。 你知道吗?16乘10是160。

说完这个,说下一个。 记住:400的25%是100。 这也重要。 确定:9乘20是180。 继续。 44加61是105。 这也重要。

95加62是157。 就说到这里。 12乘15是180。 再有一个事实。 事实:22除以2是11。 继续。 记住:3乘9是27。

继续往下。 17减10是7。 就说到这里。 确定:9乘12是108。

现在你知道事实了。"
456,日常计算–第66部分,"这里学习有序知识。慢慢来。

记住:416除以16是26。 再有一个事实。 记住:15乘4是60。 继续往下。 事实:16除以8是2。 再有一个事实。 记住:83加19是102。

就说到这里。 记住:2000的20%是400。 再有一个事实。 确定:364除以14是26。 继续。 确定:72减43是29。 说完这个,说下一个。

35减18是17。 再有一个事实。 确定:94加86是180。 继续。 你知道吗?154除以14是11。 这也重要。 简而言之:150除以6是25。

这也重要。 常识:11乘7是77。 再有一个事实。 简而言之:21加4是25。

文章结束。做得好。"
457,日常计算–第67部分,"本文介绍重要事实。静静阅读。

记住:72除以4是18。 继续往下。 记住:78加95是173。 说完这个,说下一个。 记住:89加8是97。 这也重要。 简而言之:220除以10是22。

就说到这里。 常识:99加42是141。 再有一个事实。 记住:14减9是5。 继续往下。 61加92是153。 继续往下。

记住:2000的50%是1000。 就说到这里。 简而言之:54减12是42。 继续往下。 确定:54加39是93。 说完这个,说下一个。 88加84是172。

继续往下。 简而言之:49减37是12。 就说到这里。 14乘5是70。

文章结束。做得好。"
458,日常计算–第68部分,"这里学习有序知识。慢慢来。

你知道吗?59加89是148。 说完这个,说下一个。 事实:27减17是10。 说完这个,说下一个。 事实:10乘7是70。 继续往下。 确定:8加19是27。

就说到这里。 记住:25除以5是5。 继续。 事实:17加82是99。 继续。 125除以5是25。 说完这个,说下一个。

你知道吗?14乘6是84。 就说到这里。 简而言之:20乘15是300。 再有一个事实。 确定:81减21是60。 继续往下。 确定:66加5是71。

继续。 事实:56减8是48。 说完这个,说下一个。 12乘17是204。

现在你知道事实了。"
459,日常计算–第69部分,"本文一步一步解释事实。

事实:17:05好。 再有一个事实。 简而言之:27减26是1。 再有一个事实。 确定:19:30读完。 这也重要。 你知道吗?78加96是174。

再有一个事实。 简而言之:260除以20是13。 这也重要。 记住:33加9是42。 继续。 你知道吗?49减16是33。 继续。

你知道吗?9减4是5。 继续。 常识:72减43是29。 再有一个事实。 简而言之:62减18是44。 这也重要。 确定:17加19是36。

继续。 61加35是96。 再有一个事实。 记住:90加23是113。

概述结束。"
460,日常计算–第70部分,"本文一步一步解释事实。

记住:67减28是39。 就说到这里。 常识:14乘13是182。 这也重要。 常识:89减43是46。 继续往下。 简而言之:12乘17是204。

继续。 简而言之:2000的15%是300。 继续往下。 常识:300的10%是30。 再有一个事实。 简而言之:一分钟60秒。 说完这个,说下一个。

11乘19是209。 继续往下。 260除以20是13。 继续往下。 确定:12除以3是4。 继续往下。 简而言之:81加12是93。

继续。 你知道吗?86加36是122。 这也重要。 你知道吗?50加73是123。

概述结束。"
461,日常计算–第71部分,"本文介绍重要事实。静静阅读。

事实:48加51是99。 说完这个,说下一个。 你知道吗?83加11是94。 继续。 你知道吗?56减8是48。 继续往下。 事实:400的25%是100。

就说到这里。 20加6是26。 继续。 简而言之:209除以19是11。 继续。 你知道吗?7乘7是49。 这也重要。

事实:150除以5是30。 就说到这里。 17乘4是68。 就说到这里。 记住:36除以18是2。 这也重要。 常识:5乘9是45。

继续往下。 你知道吗?40除以4是10。 说完这个,说下一个。 9乘4是36。

这是主题最重要的内容。"
462,日常计算–第72部分,"本文介绍重要事实。静静阅读。

简而言之:220除以10是22。 再有一个事实。 确定:100的25%是25。 就说到这里。 记住:12乘3是36。 继续。 事实:99加42是141。

再有一个事实。 常识:77减8是69。 说完这个,说下一个。 确定:11乘14是154。 说完这个,说下一个。 简而言之:45减10是35。 就说到这里。

你知道吗?42减11是31。 继续。 事实:2000的5%是100。 就说到这里。 常识:2000的20%是400。 就说到这里。 记住:5小时15分钟。

继续往下。 事实:9减7是2。 继续往下。 常识:68加63是131。

现在你知道事实了。"
463,日常计算–第73部分,"这里学习有序知识。慢慢来。

记住:42减11是31。 这也重要。 简而言之:54减12是42。 再有一个事实。 事实:5乘4是20。 这也重要。 事实:9乘20是180。

说完这个,说下一个。 你知道吗?17减10是7。 继续。 事实:6乘8是48。 继续往下。 记住:13乘15是195。 说完这个,说下一个。

确定:82加18是100。 就说到这里。 简而言之:8乘7是56。 继续往下。 确定:176除以8是22。 说完这个,说下一个。 简而言之:85减64是21。

再有一个事实。 简而言之:17减10是7。 就说到这里。 常识:48除以8是6。

概述结束。"
464,日常计算–第74部分,"本文介绍重要事实。静静阅读。

你知道吗?8乘15是120。 继续往下。 常识:24加22是46。 继续往下。 事实:247除以19是13。 继续。 事实:2000的20%是400。

继续往下。 你知道吗?37加48是85。 这也重要。 确定:33加9是42。 再有一个事实。 确定:70减14是56。 说完这个,说下一个。

记住:94加86是180。 继续。 你知道吗?45减10是35。 这也重要。 60减31是29。 就说到这里。 简而言之:145除以5是29。

就说到这里。 常识:9减7是2。 说完这个,说下一个。 记住:500的25%是125。

这是主题最重要的内容。"
465,日常计算–第75部分,"下面是验证过的知识。

你知道吗?3乘16是48。 继续往下。 记住:2000的15%是300。 说完这个,说下一个。 确定:196除以7是28。 这也重要。 你知道吗?11乘7是77。

再有一个事实。 记住:44加61是105。 就说到这里。 确定:5乘15是75。 继续往下。 确定:100的15%是15。 继续。

常识:10乘5是50。 这也重要。 常识:9乘5是45。 就说到这里。 事实:51除以3是17。 再有一个事实。 事实:5乘18是90。

就说到这里。 32加66是98。 说完这个,说下一个。 事实:5加26是31。

这是主题最重要的内容。"
466,日常计算–第76部分,"本文一步一步解释事实。

事实:17减8是9。 说完这个,说下一个。 19乘2是38。 继续往下。 记住:13乘15是195。 继续往下。 记住:200的20%是40。

说完这个,说下一个。 记住:62减51是11。 就说到这里。 你知道吗?61加31是92。 这也重要。 你知道吗?68减50是18。 再有一个事实。

简而言之:192除以8是24。 就说到这里。 54加39是93。 再有一个事实。 记住:46减39是7。 就说到这里。 事实:18减14是4。

继续。 你知道吗?29加16是45。 继续往下。 简而言之:57加9是66。

这是主题最重要的内容。"
467,日常计算–第77部分,"下面是验证过的知识。

事实:37减28是9。 说完这个,说下一个。 记住:17加19是36。 继续。 常识:81除以3是27。 就说到这里。 事实:48减29是19。

继续往下。 事实:45减42是3。 继续往下。 事实:73加72是145。 就说到这里。 简而言之:24除以8是3。 继续。

事实:14减9是5。 就说到这里。 常识:35减18是17。 说完这个,说下一个。 事实:88减4是84。 再有一个事实。 确定:12加37是49。

这也重要。 记住:99加42是141。 这也重要。 记住:26加52是78。

这是主题最重要的内容。"
468,日常计算–第78部分,"本文一步一步解释事实。

简而言之:500的15%是75。 说完这个,说下一个。 确定:59加50是109。 说完这个,说下一个。 事实:16除以4是4。 再有一个事实。 83加51是134。

继续。 400的25%是100。 继续往下。 20乘12是240。 说完这个,说下一个。 记住:14乘15是210。 继续往下。

记住:66除以11是6。 说完这个,说下一个。 你知道吗?7乘18是126。 就说到这里。 你知道吗?156除以13是12。 继续往下。 400的75%是300。

再有一个事实。 记住:5乘18是90。 继续。 简而言之:62减28是34。

概述结束。"
469,日常计算–第79部分,"本文一步一步解释事实。

确定:78加96是174。 说完这个,说下一个。 记住:62减18是44。 说完这个,说下一个。 确定:200的5%是10。 这也重要。 记住:83减2是81。

这也重要。 记住:4乘2是8。 继续。 简而言之:8除以4是2。 这也重要。 2乘18是36。 继续往下。

记住:19乘8是152。 继续。 简而言之:81减6是75。 这也重要。 确定:20乘7是140。 再有一个事实。 你知道吗?7乘15是105。

这也重要。 事实:38减21是17。 就说到这里。 85减64是21。

文章结束。做得好。"
470,日常计算–第80部分,"本文介绍重要事实。静静阅读。

常识:44除以2是22。 这也重要。 确定:15乘15是225。 说完这个,说下一个。 事实:72减17是55。 继续。 事实:500的25%是125。

再有一个事实。 常识:88加84是172。 继续。 你知道吗?10乘8是80。 继续往下。 确定:40减35是5。 继续。

事实:49减43是6。 继续。 事实:10乘10是100。 这也重要。 常识:180除以18是10。 就说到这里。 简而言之:100的15%是15。

就说到这里。 常识:54除以18是3。 就说到这里。 记住:260除以13是20。

文章结束。做得好。"
471,日常计算–第81部分,"这里学习有序知识。慢慢来。

你知道吗?39加46是85。 这也重要。 常识:48加51是99。 说完这个,说下一个。 记住:99加42是141。 继续往下。 19乘8是152。

继续。 确定:97加8是105。 这也重要。 简而言之:67减28是39。 继续。 常识:125除以5是25。 继续。

28加83是111。 就说到这里。 事实:85减64是21。 继续。 常识:95加87是182。 这也重要。 事实:12乘15是180。

再有一个事实。 简而言之:16除以4是4。 这也重要。 常识:85减64是21。

现在你知道事实了。"
472,日常计算–第82部分,"本文一步一步解释事实。

确定:11乘19是209。 这也重要。 事实:35减18是17。 说完这个,说下一个。 你知道吗?73加72是145。 继续往下。 你知道吗?2000的5%是100。

就说到这里。 确定:8乘7是56。 就说到这里。 你知道吗?71加71是142。 说完这个,说下一个。 确定:33加9是42。 继续。

事实:5乘17是85。 就说到这里。 记住:61加31是92。 这也重要。 记住:14加20是34。 这也重要。 确定:88减4是84。

说完这个,说下一个。 简而言之:23加81是104。 这也重要。 你知道吗?435除以15是29。

现在你知道事实了。"
473,日常计算–第83部分,"这里学习有序知识。慢慢来。

简而言之:44除以4是11。 说完这个,说下一个。 你知道吗?19乘10是190。 继续。 常识:30加46是76。 继续。 记住:2000的5%是100。

这也重要。 确定:5乘15是75。 再有一个事实。 记住:80除以10是8。 就说到这里。 事实:37加48是85。 这也重要。

事实:2000的75%是1500。 继续往下。 简而言之:58加78是136。 继续。 确定:4乘6是24。 继续。 简而言之:2乘19是38。

说完这个,说下一个。 确定:55加83是138。 就说到这里。 记住:2乘18是36。

概述结束。"
474,日常计算–第84部分,"本文介绍重要事实。静静阅读。

20加59是79。 说完这个,说下一个。 确定:84除以7是12。 就说到这里。 你知道吗?12除以3是4。 继续。 确定:12乘4是48。

这也重要。 记住:156除以13是12。 这也重要。 5乘17是85。 继续。 你知道吗?2000的15%是300。 说完这个,说下一个。

事实:180除以18是10。 说完这个,说下一个。 常识:29减21是8。 说完这个,说下一个。 简而言之:464除以16是29。 继续。 确定:28加83是111。

这也重要。 你知道吗?75减24是51。 就说到这里。 7乘18是126。

概述结束。"
475,日常计算–第85部分,"本文一步一步解释事实。

事实:36加22是58。 继续往下。 76除以4是19。 说完这个,说下一个。 12乘3是36。 说完这个,说下一个。 记住:6乘8是48。

继续。 你知道吗?39加46是85。 这也重要。 记住:72减17是55。 就说到这里。 事实:12乘15是180。 继续往下。

27减4是23。 继续。 常识:100的25%是25。 继续往下。 42减11是31。 继续。 常识:19乘10是190。

说完这个,说下一个。 简而言之:24除以2是12。 继续往下。 确定:69加35是104。

概述结束。"
476,日常计算–第86部分,"下面是验证过的知识。

确定:84加68是152。 说完这个,说下一个。 简而言之:20乘4是80。 再有一个事实。 21加47是68。 继续往下。 确定:88减4是84。

继续往下。 你知道吗?14乘17是238。 就说到这里。 事实:84除以7是12。 就说到这里。 记住:66除以11是6。 继续。

确定:500的15%是75。 说完这个,说下一个。 记住:29加16是45。 就说到这里。 你知道吗?5乘4是20。 说完这个,说下一个。 你知道吗?72加2是74。

继续往下。 260除以10是26。 继续。 确定:57减42是15。

文章结束。做得好。"
477,日常计算–第87部分,"下面是验证过的知识。

记住:24加22是46。 继续往下。 简而言之:27减17是10。 继续往下。 事实:约在12:30。 这也重要。 事实:7乘15是105。

继续。 常识:13乘4是52。 就说到这里。 记住:58减31是27。 就说到这里。 简而言之:500的15%是75。 这也重要。

常识:86加78是164。 就说到这里。 你知道吗?82加18是100。 这也重要。 7乘10是70。 说完这个,说下一个。 你知道吗?37减28是9。

继续。 176除以8是22。 说完这个,说下一个。 常识:约在12:30。

文章结束。做得好。"
478,日常计算–第88部分,"本文一步一步解释事实。

260除以20是13。 就说到这里。 你知道吗?17加19是36。 就说到这里。 事实:85减64是21。 就说到这里。 事实:46减39是7。

继续往下。 事实:78加95是173。 继续。 27减26是1。 继续往下。 事实:36加22是58。 再有一个事实。

记住:125除以5是25。 继续往下。 简而言之:5乘18是90。 说完这个,说下一个。 96除以6是16。 这也重要。 76除以4是19。

这也重要。 记住:27加51是78。 继续。 简而言之:53加65是118。

概述结束。"
479,日常计算–第89部分,"下面是验证过的知识。

事实:500的5%是25。 说完这个,说下一个。 记住:27减26是1。 就说到这里。 记住:25除以5是5。 继续往下。 54加39是93。

说完这个,说下一个。 记住:16除以4是4。 继续。 事实:9乘20是180。 再有一个事实。 简而言之:459除以17是27。 说完这个,说下一个。

常识:80加62是142。 继续往下。 确定:72减43是29。 继续往下。 简而言之:100的50%是50。 这也重要。 确定:51减25是26。

继续。 你知道吗?196除以7是28。 这也重要。 确定:513除以19是27。

这是主题最重要的内容。"
480,日常计算–第90部分,"本文介绍重要事实。静静阅读。

常识:300的20%是60。 这也重要。 事实:400的75%是300。 这也重要。 18乘12是216。 就说到这里。 确定:11乘19是209。

继续。 事实:500的75%是375。 再有一个事实。 记住:104除以8是13。 这也重要。 确定:125除以5是25。 继续。

154除以14是11。 继续。 常识:70减14是56。 这也重要。 44加61是105。 继续往下。 事实:16减11是5。

这也重要。 记住:51除以3是17。 说完这个,说下一个。 确定:57减42是15。

概述结束。"
481,日常计算–第91部分,"本文介绍重要事实。静静阅读。

你知道吗?10乘16是160。 说完这个,说下一个。 73减14是59。 再有一个事实。 2乘12是24。 这也重要。 记住:48加51是99。

这也重要。 确定:11乘13是143。 这也重要。 简而言之:36加22是58。 就说到这里。 事实:20加59是79。 再有一个事实。

确定:500的25%是125。 继续往下。 确定:3加46是49。 这也重要。 简而言之:125除以5是25。 继续。 记住:7乘5是35。

说完这个,说下一个。 你知道吗?2乘10是20。 这也重要。 97加8是105。

概述结束。"
482,日常计算–第92部分,"这里学习有序知识。慢慢来。

事实:31加85是116。 这也重要。 常识:68加63是131。 这也重要。 事实:92除以4是23。 再有一个事实。 常识:52减27是25。

就说到这里。 确定:48加51是99。 就说到这里。 确定:92减46是46。 再有一个事实。 事实:23加81是104。 就说到这里。

事实:36加73是109。 继续。 常识:25加28是53。 继续。 你知道吗?48减29是19。 说完这个,说下一个。 常识:21加47是68。

这也重要。 记住:16除以8是2。 说完这个,说下一个。 45加90是135。

文章结束。做得好。"
483,日常计算–第93部分,"下面是验证过的知识。

你知道吗?61加4是65。 说完这个,说下一个。 事实:14乘5是70。 再有一个事实。 记住:81除以3是27。 再有一个事实。 常识:1000的50%是500。

继续。 常识:143除以11是13。 继续。 记住:19:30读完。 说完这个,说下一个。 记住:11乘17是187。 这也重要。

常识:220除以10是22。 继续。 记住:16减11是5。 就说到这里。 61加31是92。 继续。 确定:54加71是125。

说完这个,说下一个。 常识:96除以6是16。 就说到这里。 61减53是8。

概述结束。"
484,日常计算–第94部分,"本文介绍重要事实。静静阅读。

13乘18是234。 这也重要。 简而言之:85减64是21。 说完这个,说下一个。 你知道吗?57减42是15。 这也重要。 简而言之:11乘7是77。

说完这个,说下一个。 你知道吗?45减10是35。 说完这个,说下一个。 你知道吗?83减2是81。 再有一个事实。 简而言之:51减25是26。 继续往下。

常识:65减51是14。 说完这个,说下一个。 确定:464除以16是29。 就说到这里。 记住:17加19是36。 再有一个事实。 简而言之:64减47是17。

就说到这里。 事实:20乘7是140。 说完这个,说下一个。 简而言之:16乘5是80。

这是主题最重要的内容。"
485,日常计算–第95部分,"本文介绍重要事实。静静阅读。

事实:26加52是78。 再有一个事实。 事实:21加4是25。 就说到这里。 简而言之:9加63是72。 继续往下。 简而言之:14加20是34。

这也重要。 常识:87减72是15。 这也重要。 你知道吗?3乘2是6。 继续。 你知道吗?10乘11是110。 继续。

简而言之:72加75是147。 继续往下。 简而言之:31加2是33。 这也重要。 事实:340除以17是20。 就说到这里。 事实:12乘5是60。

就说到这里。 事实:24除以8是3。 继续往下。 记住:5乘4是20。

概述结束。"
486,日常计算–第96部分,"这里学习有序知识。慢慢来。

8乘15是120。 再有一个事实。 事实:26加52是78。 继续。 记住:9加63是72。 再有一个事实。 常识:200的12%是24。

说完这个,说下一个。 确定:49减37是12。 就说到这里。 记住:31加2是33。 继续往下。 记住:61加35是96。 就说到这里。

83减2是81。 这也重要。 简而言之:17:05好。 说完这个,说下一个。 确定:8乘20是160。 继续。 事实:196除以7是28。

继续往下。 常识:7乘20是140。 这也重要。 事实:7乘6是42。

这是主题最重要的内容。"
487,日常计算–第97部分,"本文一步一步解释事实。

常识:20乘15是300。 这也重要。 简而言之:45减42是3。 这也重要。 你知道吗?9减7是2。 就说到这里。 你知道吗?19加70是89。

就说到这里。 记住:10乘13是130。 继续。 78减11是67。 说完这个,说下一个。 确定:64加45是109。 继续。

确定:43加38是81。 再有一个事实。 你知道吗?1000的10%是100。 再有一个事实。 事实:88减14是74。 继续。 常识:12乘15是180。

说完这个,说下一个。 简而言之:43加38是81。 这也重要。 你知道吗?52加82是134。

这是主题最重要的内容。"
488,日常计算–第98部分,"下面是验证过的知识。

56除以14是4。 就说到这里。 你知道吗?7乘18是126。 再有一个事实。 记住:33除以11是3。 说完这个,说下一个。 你知道吗?94加86是180。

再有一个事实。 简而言之:99加42是141。 这也重要。 确定:约在12:30。 再有一个事实。 确定:44加61是105。 再有一个事实。

你知道吗?13乘16是208。 再有一个事实。 常识:92减46是46。 说完这个,说下一个。 你知道吗?2000的15%是300。 就说到这里。 96除以6是16。

再有一个事实。 记住:78加96是174。 说完这个,说下一个。 事实:66加5是71。

文章结束。做得好。"
489,日常计算–第99部分,"本文一步一步解释事实。

确定:55加83是138。 就说到这里。 常识:21加4是25。 这也重要。 你知道吗?100除以20是5。 说完这个,说下一个。 你知道吗?72除以12是6。

再有一个事实。 1000的5%是50。 继续。 记住:145除以5是29。 说完这个,说下一个。 简而言之:14减9是5。 就说到这里。

确定:57加9是66。 再有一个事实。 事实:13乘16是208。 说完这个,说下一个。 简而言之:60减31是29。 这也重要。 确定:435除以15是29。

说完这个,说下一个。 你知道吗?6乘3是18。 继续往下。 事实:68加63是131。

这是主题最重要的内容。"
490,日常计算–第100部分,"下面是验证过的知识。

常识:7减5是2。 这也重要。 记住:27减4是23。 说完这个,说下一个。 你知道吗?89减43是46。 继续往下。 81减21是60。

就说到这里。 你知道吗?20加6是26。 说完这个,说下一个。 确定:10减7是3。 就说到这里。 事实:49加6是55。 继续往下。

你知道吗?41加25是66。 再有一个事实。 确定:73减14是59。 继续往下。 事实:17乘9是153。 就说到这里。 记住:12乘4是48。

说完这个,说下一个。 事实:150除以6是25。 继续往下。 确定:85减64是21。

现在你知道事实了。"
491,日常计算–第101部分,"本文介绍重要事实。静静阅读。

你知道吗?5乘18是90。 继续。 简而言之:323除以19是17。 继续往下。 记住:3加49是52。 这也重要。 你知道吗?18乘19是342。

就说到这里。 21:45结束。 继续往下。 48加51是99。 继续往下。 简而言之:28减2是26。 这也重要。

你知道吗?15乘10是150。 继续往下。 确定:55减45是10。 继续。 确定:84除以7是12。 继续。 你知道吗?14减9是5。

再有一个事实。 13乘3是39。 就说到这里。 确定:150除以6是25。

现在你知道事实了。"
492,日常计算–第102部分,"下面是验证过的知识。

简而言之:9乘4是36。 再有一个事实。 简而言之:1000的5%是50。 说完这个,说下一个。 事实:27减26是1。 继续。 记住:65减51是14。

这也重要。 常识:4乘19是76。 就说到这里。 确定:98减83是15。 就说到这里。 你知道吗?54减52是2。 说完这个,说下一个。

记住:77减8是69。 继续。 事实:100除以20是5。 再有一个事实。 确定:2000的50%是1000。 继续。 常识:18乘19是342。

就说到这里。 记住:6加95是101。 继续。 事实:74加9是83。

这是主题最重要的内容。"
493,日常计算–第103部分,"本文一步一步解释事实。

5加26是31。 说完这个,说下一个。 你知道吗?200的5%是10。 说完这个,说下一个。 255除以17是15。 继续。 你知道吗?18乘12是216。

就说到这里。 记住:49减37是12。 就说到这里。 确定:1000的5%是50。 就说到这里。 你知道吗?143除以11是13。 这也重要。

常识:13乘15是195。 这也重要。 事实:5小时15分钟。 继续往下。 你知道吗?72加2是74。 就说到这里。 事实:7乘18是126。

这也重要。 记住:300的10%是30。 继续。 简而言之:20加6是26。

概述结束。"
494,日常计算–第104部分,"本文介绍重要事实。静静阅读。

事实:48除以8是6。 再有一个事实。 记住:510除以17是30。 说完这个,说下一个。 确定:210除以7是30。 再有一个事实。 24除以2是12。

说完这个,说下一个。 确定:270除以18是15。 说完这个,说下一个。 你知道吗?27减17是10。 就说到这里。 记住:44除以4是11。 继续往下。

你知道吗?17乘4是68。 继续往下。 3乘16是48。 继续。 464除以16是29。 就说到这里。 确定:38减23是15。

说完这个,说下一个。 确定:6乘8是48。 继续。 12乘17是204。

这是主题最重要的内容。"
495,日常计算–第105部分,"下面是验证过的知识。

确定:83减8是75。 这也重要。 记住:64加34是98。 继续。 确定:54加71是125。 说完这个,说下一个。 事实:19乘2是38。

这也重要。 事实:13乘20是260。 这也重要。 21加47是68。 再有一个事实。 简而言之:10乘7是70。 这也重要。

27减4是23。 继续往下。 25减18是7。 就说到这里。 事实:10减3是7。 再有一个事实。 81除以3是27。

这也重要。 简而言之:74加9是83。 继续。 记住:92减46是46。

这是主题最重要的内容。"
496,日常计算–第106部分,"本文一步一步解释事实。

确定:25除以5是5。 继续。 简而言之:7减5是2。 继续。 你知道吗?9乘5是45。 说完这个,说下一个。 确定:62减18是44。

继续。 你知道吗?49减16是33。 这也重要。 记住:18乘12是216。 就说到这里。 事实:7乘10是70。 说完这个,说下一个。

简而言之:83减8是75。 说完这个,说下一个。 记住:75减9是66。 继续。 记住:26减22是4。 继续。 简而言之:33减17是16。

就说到这里。 记住:300的10%是30。 继续往下。 事实:81减21是60。

文章结束。做得好。"
497,日常计算–第107部分,"这里学习有序知识。慢慢来。

你知道吗?12减11是1。 说完这个,说下一个。 简而言之:400的50%是200。 继续。 记住:17减8是9。 继续。 记住:100的25%是25。

继续。 你知道吗?45减42是3。 再有一个事实。 记住:58除以2是29。 继续往下。 简而言之:16:45到。 再有一个事实。

事实:200的5%是10。 继续。 记住:98减83是15。 继续往下。 确定:48加59是107。 继续往下。 记住:31加2是33。

继续往下。 常识:13乘3是39。 继续。 68加8是76。

这是主题最重要的内容。"
498,日常计算–第108部分,"本文一步一步解释事实。

14乘13是182。 这也重要。 确定:12减11是1。 就说到这里。 10乘13是130。 继续。 剩2个苹果。

就说到这里。 你知道吗?72除以12是6。 说完这个,说下一个。 记住:13乘18是234。 继续往下。 确定:400的10%是40。 继续往下。

你知道吗?72减43是29。 继续往下。 常识:94加14是108。 继续往下。 简而言之:52加82是134。 这也重要。 你知道吗?200的20%是40。

继续。 简而言之:37减28是9。 这也重要。 记住:323除以19是17。

文章结束。做得好。"
499,日常计算–第109部分,"本文介绍重要事实。静静阅读。

你知道吗?8乘20是160。 继续往下。 9乘4是36。 继续往下。 常识:82加18是100。 继续。 事实:8乘5是40。

就说到这里。 你知道吗?60加10是70。 说完这个,说下一个。 事实:17加19是36。 继续往下。 事实:12减9是3。 继续。

90加23是113。 继续往下。 事实:459除以17是27。 继续。 简而言之:92减46是46。 就说到这里。 20加6是26。

说完这个,说下一个。 21加61是82。 就说到这里。 确定:7乘10是70。

现在你知道事实了。"
500,日常计算–第110部分,"这里学习有序知识。慢慢来。

简而言之:59加10是69。 这也重要。 简而言之:31加85是116。 再有一个事实。 事实:18乘19是342。 继续往下。 确定:14乘15是210。

继续。 事实:52加82是134。 说完这个,说下一个。 记住:17减10是7。 就说到这里。 确定:10乘7是70。 继续往下。

确定:83减8是75。 继续。 确定:睡8小时。 说完这个,说下一个。 常识:8乘7是56。 这也重要。 记住:9减4是5。

再有一个事实。 事实:5乘17是85。 继续。 简而言之:145除以5是29。

文章结束。做得好。"
501,日常计算–第111部分,"下面是验证过的知识。

确定:65减57是8。 继续往下。 常识:28加83是111。 说完这个,说下一个。 事实:59加10是69。 继续往下。 81减21是60。

继续往下。 常识:7乘18是126。 这也重要。 391除以17是23。 继续。 事实:72除以12是6。 继续。

你知道吗?62减28是34。 就说到这里。 简而言之:2000的10%是200。 继续。 常识:15乘4是60。 继续往下。 常识:68加63是131。

继续往下。 确定:59加89是148。 就说到这里。 42加95是137。

这是主题最重要的内容。"
502,日常计算–第112部分,"本文介绍重要事实。静静阅读。

事实:7乘18是126。 继续。 事实:3加49是52。 继续往下。 81除以3是27。 再有一个事实。 确定:200的12%是24。

说完这个,说下一个。 常识:435除以15是29。 这也重要。 确定:84除以7是12。 这也重要。 简而言之:12乘5是60。 继续往下。

200的5%是10。 这也重要。 记住:20乘4是80。 这也重要。 记住:1000的20%是200。 再有一个事实。 确定:12减11是1。

这也重要。 事实:54除以9是6。 继续往下。 简而言之:54加71是125。

文章结束。做得好。"
503,日常计算–第113部分,"下面是验证过的知识。

你知道吗?2乘12是24。 再有一个事实。 你知道吗?17:05好。 再有一个事实。 32除以2是16。 继续往下。 你知道吗?27减26是1。

说完这个,说下一个。 确定:4乘6是24。 再有一个事实。 简而言之:12除以3是4。 再有一个事实。 确定:27减4是23。 继续往下。

46减13是33。 继续往下。 事实:87减72是15。 说完这个,说下一个。 事实:83减8是75。 说完这个,说下一个。 简而言之:8乘20是160。

就说到这里。 常识:27减4是23。 说完这个,说下一个。 确定:84除以7是12。

现在你知道事实了。"
504,日常计算–第114部分,"本文一步一步解释事实。

约在12:30。 继续往下。 常识:20减11是9。 这也重要。 确定:88减4是84。 就说到这里。 48除以4是12。

就说到这里。 确定:300的10%是30。 再有一个事实。 确定:150除以5是30。 再有一个事实。 简而言之:14乘18是252。 继续往下。

常识:94加86是180。 再有一个事实。 10乘5是50。 这也重要。 16除以4是4。 继续。 事实:10乘10是100。

这也重要。 你知道吗?15乘10是150。 继续。 事实:69加35是104。

文章结束。做得好。"
505,日常计算–第115部分,"本文一步一步解释事实。

2乘18是36。 继续。 记住:95加87是182。 说完这个,说下一个。 记住:4除以2是2。 说完这个,说下一个。 400的25%是100。

说完这个,说下一个。 简而言之:52加82是134。 继续往下。 常识:360除以15是24。 这也重要。 简而言之:25加97是122。 就说到这里。

记住:17乘13是221。 就说到这里。 62减28是34。 继续往下。 81减21是60。 继续往下。 简而言之:156除以13是12。

说完这个,说下一个。 简而言之:54加71是125。 继续往下。 简而言之:44除以4是11。

概述结束。"
506,日常计算–第116部分,"本文一步一步解释事实。

常识:12乘14是168。 再有一个事实。 记住:54减12是42。 再有一个事实。 常识:21加47是68。 这也重要。 确定:510除以17是30。

说完这个,说下一个。 37加48是85。 继续往下。 常识:5小时15分钟。 说完这个,说下一个。 你知道吗?17减8是9。 再有一个事实。

事实:14乘3是42。 说完这个,说下一个。 记住:78加96是174。 继续。 常识:5加26是31。 就说到这里。 简而言之:12乘5是60。

这也重要。 简而言之:剩2个苹果。 这也重要。 你知道吗?300的25%是75。

文章结束。做得好。"
507,日常计算–第117部分,"这里学习有序知识。慢慢来。

确定:54加39是93。 继续往下。 常识:46减13是33。 继续。 156除以13是12。 这也重要。 你知道吗?17乘4是68。

这也重要。 事实:43加38是81。 继续往下。 记住:12减9是3。 继续。 200的5%是10。 这也重要。

确定:42加95是137。 再有一个事实。 确定:100的75%是75。 再有一个事实。 你知道吗?4乘2是8。 继续往下。 确定:10乘5是50。

说完这个,说下一个。 常识:8乘10是80。 说完这个,说下一个。 你知道吗?26减22是4。

概述结束。"
508,日常计算–第118部分,"本文一步一步解释事实。

你知道吗?75减9是66。 说完这个,说下一个。 确定:2小时是120分钟。 就说到这里。 你知道吗?8除以4是2。 继续往下。 确定:23加81是104。

就说到这里。 确定:14加20是34。 说完这个,说下一个。 事实:14乘17是238。 继续往下。 你知道吗?4乘12是48。 继续往下。

你知道吗?10减3是7。 就说到这里。 记住:87减72是15。 说完这个,说下一个。 确定:28加83是111。 继续。 确定:152除以19是8。

继续往下。 记住:2000的10%是200。 这也重要。 确定:5乘15是75。

这是主题最重要的内容。"
509,日常计算–第119部分,"下面是验证过的知识。

确定:45减10是35。 继续。 记住:76除以4是19。 继续往下。 你知道吗?83加19是102。 再有一个事实。 确定:5乘9是45。

继续往下。 你知道吗?510除以17是30。 说完这个,说下一个。 事实:32加66是98。 再有一个事实。 事实:200的20%是40。 继续往下。

事实:95加62是157。 再有一个事实。 确定:是66。 继续。 你知道吗?85减14是71。 说完这个,说下一个。 简而言之:56除以14是4。

就说到这里。 记住:2000的10%是200。 继续往下。 确定:61减53是8。

概述结束。"
510,日常计算–第120部分,"本文一步一步解释事实。

510除以17是30。 这也重要。 事实:152除以19是8。 继续。 247除以19是13。 继续。 你知道吗?16乘5是80。

继续往下。 64加34是98。 说完这个,说下一个。 常识:95加78是173。 继续。 确定:176除以8是22。 就说到这里。

简而言之:49减37是12。 这也重要。 你知道吗?14乘17是238。 就说到这里。 事实:72加67是139。 就说到这里。 记住:25加28是53。

这也重要。 记住:是66。 就说到这里。 常识:约在12:30。

这是主题最重要的内容。"
511,日常计算–第121部分,"本文一步一步解释事实。

24加22是46。 说完这个,说下一个。 确定:13乘18是234。 这也重要。 你知道吗?322除以14是23。 就说到这里。 常识:44除以4是11。

继续。 你知道吗?56减28是28。 这也重要。 简而言之:5乘9是45。 就说到这里。 记住:500的20%是100。 继续。

常识:45减42是3。 这也重要。 记住:288除以12是24。 就说到这里。 简而言之:17减8是9。 就说到这里。 简而言之:58减32是26。

就说到这里。 事实:7减5是2。 这也重要。 常识:16乘10是160。

现在你知道事实了。"
512,日常计算–第122部分,"本文一步一步解释事实。

事实:5乘4是20。 再有一个事实。 简而言之:510除以17是30。 再有一个事实。 确定:17减10是7。 说完这个,说下一个。 常识:85减64是21。

这也重要。 72减43是29。 这也重要。 简而言之:7减5是2。 再有一个事实。 记住:20乘7是140。 这也重要。

常识:9乘5是45。 就说到这里。 你知道吗?1000的50%是500。 继续。 记住:50加73是123。 这也重要。 你知道吗?72除以12是6。

就说到这里。 常识:152除以19是8。 这也重要。 确定:10乘11是110。

概述结束。"
513,日常计算–第123部分,"本文介绍重要事实。静静阅读。

常识:23减20是3。 这也重要。 59加50是109。 再有一个事实。 常识:78减11是67。 就说到这里。 事实:33减17是16。

就说到这里。 确定:2乘12是24。 继续往下。 事实:61加31是92。 再有一个事实。 你知道吗?25除以5是5。 这也重要。

记住:80除以20是4。 这也重要。 记住:88减4是84。 继续往下。 记住:8除以4是2。 这也重要。 你知道吗?81加12是93。

说完这个,说下一个。 90加23是113。 再有一个事实。 事实:11乘18是198。

概述结束。"
514,日常计算–第124部分,"本文介绍重要事实。静静阅读。

事实:10乘13是130。 再有一个事实。 73减14是59。 这也重要。 常识:19乘8是152。 继续。 记住:464除以16是29。

继续。 常识:72减34是38。 这也重要。 23减20是3。 继续。 简而言之:84加82是166。 继续往下。

简而言之:360除以15是24。 再有一个事实。 确定:176除以8是22。 继续。 确定:90加23是113。 再有一个事实。 确定:192除以8是24。

这也重要。 30加46是76。 再有一个事实。 100的5%是5。

这是主题最重要的内容。"
515,日常计算–第125部分,"本文介绍重要事实。静静阅读。

记住:200的5%是10。 再有一个事实。 常识:98减54是44。 这也重要。 记住:17减8是9。 继续往下。 25减18是7。

就说到这里。 你知道吗?5乘15是75。 就说到这里。 简而言之:84加68是152。 说完这个,说下一个。 简而言之:10乘8是80。 继续往下。

你知道吗?200的20%是40。 继续。 常识:87减72是15。 这也重要。 你知道吗?84加82是166。 就说到这里。 事实:5乘4是20。

继续。 记住:89加8是97。 继续。 你知道吗?200的12%是24。

现在你知道事实了。"
516,日常计算–第126部分,"这里学习有序知识。慢慢来。

记住:7乘18是126。 就说到这里。 43加38是81。 继续往下。 记住:61减53是8。 继续。 事实:60加10是70。

继续。 记住:55减45是10。 继续。 记住:12乘17是204。 再有一个事实。 事实:4乘19是76。 就说到这里。

确定:20乘11是220。 再有一个事实。 确定:12减9是3。 就说到这里。 83减8是75。 继续往下。 记住:8乘7是56。

这也重要。 确定:84加68是152。 就说到这里。 你知道吗?72加67是139。

现在你知道事实了。"
517,日常计算–第127部分,"本文介绍重要事实。静静阅读。

常识:20乘11是220。 继续。 简而言之:16除以4是4。 说完这个,说下一个。 记住:500的25%是125。 说完这个,说下一个。 记住:500的75%是375。

再有一个事实。 事实:89加59是148。 说完这个,说下一个。 简而言之:58加78是136。 这也重要。 常识:49减37是12。 继续往下。

确定:一年365天,闰年366天。 说完这个,说下一个。 简而言之:12乘17是204。 继续。 你知道吗?75减24是51。 继续往下。 常识:40除以4是10。

就说到这里。 确定:17加19是36。 这也重要。 12加37是49。

概述结束。"
518,日常计算–第128部分,"本文介绍重要事实。静静阅读。

54除以9是6。 说完这个,说下一个。 确定:1000的50%是500。 继续。 确定:14乘5是70。 说完这个,说下一个。 简而言之:10减7是3。

就说到这里。 你知道吗?37减28是9。 这也重要。 你知道吗?77减8是69。 再有一个事实。 确定:67减28是39。 继续。

记住:49加6是55。 说完这个,说下一个。 你知道吗?12乘15是180。 再有一个事实。 54减52是2。 说完这个,说下一个。 简而言之:13乘11是143。

这也重要。 72除以4是18。 就说到这里。 你知道吗?16除以4是4。

这是主题最重要的内容。"
519,日常计算–第129部分,"本文介绍重要事实。静静阅读。

记住:100的20%是20。 说完这个,说下一个。 你知道吗?68加63是131。 说完这个,说下一个。 20乘12是240。 再有一个事实。 确定:36加95是131。

这也重要。 你知道吗?48除以8是6。 继续往下。 记住:2000的50%是1000。 再有一个事实。 事实:13乘16是208。 就说到这里。

确定:500的20%是100。 再有一个事实。 记住:89减43是46。 再有一个事实。 记住:4乘12是48。 继续。 记住:18乘12是216。

这也重要。 确定:56除以14是4。 再有一个事实。 记住:12乘5是60。

这是主题最重要的内容。"
520,日常计算–第130部分,"本文介绍重要事实。静静阅读。

简而言之:61加35是96。 继续往下。 29加16是45。 就说到这里。 常识:3乘16是48。 继续。 确定:4乘19是76。

继续往下。 记住:45加90是135。 继续往下。 常识:83减8是75。 再有一个事实。 事实:睡8小时。 继续。

你知道吗?48减29是19。 这也重要。 10乘8是80。 再有一个事实。 事实:8乘20是160。 继续往下。 确定:76除以4是19。

说完这个,说下一个。 常识:247除以19是13。 继续。 事实:435除以15是29。

现在你知道事实了。"
521,日常计算–第131部分,"下面是验证过的知识。

事实:16:45到。 这也重要。 事实:220除以20是11。 这也重要。 确定:72加67是139。 就说到这里。 简而言之:6乘8是48。

说完这个,说下一个。 9乘4是36。 这也重要。 确定:80加62是142。 再有一个事实。 你知道吗?24除以8是3。 说完这个,说下一个。

事实:500的10%是50。 这也重要。 记住:180除以18是10。 这也重要。 你知道吗?57减42是15。 继续往下。 83加11是94。

就说到这里。 确定:16乘5是80。 继续往下。 你知道吗?8除以4是2。

这是主题最重要的内容。"
522,日常计算–第132部分,"本文一步一步解释事实。

你知道吗?11乘19是209。 继续往下。 常识:9减7是2。 就说到这里。 简而言之:84加68是152。 就说到这里。 常识:28加30是58。

继续往下。 确定:435除以15是29。 就说到这里。 你知道吗?14乘18是252。 这也重要。 确定:一年365天,闰年366天。 继续往下。

常识:55加83是138。 继续往下。 确定:44除以2是22。 再有一个事实。 事实:14乘3是42。 再有一个事实。 记住:91减21是70。

继续。 常识:322除以14是23。 就说到这里。 常识:4乘2是8。

现在你知道事实了。"
523,日常计算–第133部分,"本文介绍重要事实。静静阅读。

确定:1000的20%是200。 继续。 常识:9加63是72。 再有一个事实。 100的25%是25。 继续。 常识:100的25%是25。

再有一个事实。 常识:45加90是135。 这也重要。 确定:38减23是15。 继续。 记住:71加71是142。 说完这个,说下一个。

简而言之:15乘4是60。 就说到这里。 常识:8乘10是80。 再有一个事实。 事实:61加4是65。 继续。 事实:94加86是180。

继续往下。 常识:75减24是51。 就说到这里。 简而言之:剩2个苹果。

概述结束。"
524,日常计算–第134部分,"下面是验证过的知识。

2000的50%是1000。 这也重要。 常识:14乘15是210。 再有一个事实。 你知道吗?57减42是15。 继续。 常识:19加70是89。

就说到这里。 记住:500的5%是25。 继续往下。 简而言之:5乘17是85。 继续往下。 510除以17是30。 继续。

确定:12乘4是48。 再有一个事实。 确定:86加78是164。 再有一个事实。 你知道吗?83减2是81。 再有一个事实。 记住:68减50是18。

继续往下。 简而言之:27减4是23。 说完这个,说下一个。 你知道吗?84加68是152。

现在你知道事实了。"
525,日常计算–第135部分,"下面是验证过的知识。

事实:13乘4是52。 继续往下。 确定:42减11是31。 说完这个,说下一个。 确定:61加31是92。 说完这个,说下一个。 事实:72加2是74。

这也重要。 常识:17:05好。 说完这个,说下一个。 确定:80除以20是4。 就说到这里。 1000的10%是100。 继续往下。

常识:10乘8是80。 就说到这里。 记住:62减28是34。 继续。 确定:6乘3是18。 再有一个事实。 你知道吗?15乘15是225。

说完这个,说下一个。 你知道吗?104除以8是13。 再有一个事实。 简而言之:3加46是49。

概述结束。"
526,日常计算–第136部分,"本文介绍重要事实。静静阅读。

你知道吗?32除以2是16。 这也重要。 196除以7是28。 继续往下。 事实:17乘13是221。 这也重要。 323除以19是17。

再有一个事实。 简而言之:24加22是46。 再有一个事实。 简而言之:40减35是5。 继续往下。 你知道吗?27减4是23。 再有一个事实。

记住:20加59是79。 说完这个,说下一个。 5乘4是20。 继续往下。 你知道吗?2000的15%是300。 继续。 记住:4乘2是8。

这也重要。 确定:19乘10是190。 说完这个,说下一个。 4除以2是2。

文章结束。做得好。"
527,日常计算–第137部分,"这里学习有序知识。慢慢来。

你知道吗?81减21是60。 说完这个,说下一个。 简而言之:58减31是27。 就说到这里。 你知道吗?8乘5是40。 说完这个,说下一个。 你知道吗?38减23是15。

继续。 你知道吗?19:30读完。 继续。 简而言之:220除以20是11。 再有一个事实。 记住:15乘15是225。 继续。

确定:2乘12是24。 继续。 8乘5是40。 继续。 你知道吗?42减11是31。 再有一个事实。 简而言之:1000的50%是500。

就说到这里。 简而言之:68加63是131。 这也重要。 记住:72减26是46。

概述结束。"
528,日常计算–第138部分,"这里学习有序知识。慢慢来。

简而言之:25加28是53。 这也重要。 确定:104除以8是13。 继续往下。 事实:12乘17是204。 继续。 事实:400的75%是300。

再有一个事实。 记住:21加4是25。 就说到这里。 简而言之:27加51是78。 再有一个事实。 事实:53加65是118。 继续往下。

常识:3加49是52。 就说到这里。 事实:25加28是53。 这也重要。 你知道吗?49减37是12。 再有一个事实。 9加63是72。

这也重要。 简而言之:32加66是98。 再有一个事实。 简而言之:80加62是142。

概述结束。"
529,日常计算–第139部分,"这里学习有序知识。慢慢来。

确定:16乘5是80。 继续。 17减8是9。 继续往下。 你知道吗?72减17是55。 这也重要。 常识:39加46是85。

继续。 简而言之:46减13是33。 说完这个,说下一个。 简而言之:400的75%是300。 继续。 记住:89加8是97。 说完这个,说下一个。

你知道吗?100的20%是20。 继续。 你知道吗?70减14是56。 继续。 你知道吗?14乘14是196。 继续往下。 记住:38减23是15。

就说到这里。 常识:7乘20是140。 说完这个,说下一个。 确定:69加35是104。

概述结束。"
530,日常计算–第140部分,"本文介绍重要事实。静静阅读。

常识:29加16是45。 继续。 400的75%是300。 再有一个事实。 确定:18减14是4。 继续。 9减7是2。

就说到这里。 记住:22除以2是11。 继续。 7乘10是70。 继续。 510除以17是30。 就说到这里。

7乘5是35。 就说到这里。 简而言之:81加20是101。 就说到这里。 你知道吗?2乘10是20。 就说到这里。 你知道吗?220除以20是11。

继续。 简而言之:13乘15是195。 这也重要。 简而言之:5小时15分钟。

文章结束。做得好。"
531,日常计算–第141部分,"本文一步一步解释事实。

简而言之:73减14是59。 说完这个,说下一个。 常识:500的15%是75。 再有一个事实。 你知道吗?9乘4是36。 继续。 事实:26减22是4。

说完这个,说下一个。 事实:17减8是9。 继续往下。 你知道吗?94加14是108。 说完这个,说下一个。 事实:19乘18是342。 再有一个事实。

确定:46减13是33。 就说到这里。 一年365天,闰年366天。 这也重要。 确定:33减17是16。 再有一个事实。 75减24是51。

再有一个事实。 6乘9是54。 继续。 500的75%是375。

现在你知道事实了。"
532,日常计算–第142部分,"下面是验证过的知识。

简而言之:60减31是29。 继续。 14乘15是210。 继续。 2小时是120分钟。 说完这个,说下一个。 简而言之:45加90是135。

说完这个,说下一个。 确定:41加25是66。 就说到这里。 简而言之:49减37是12。 这也重要。 确定:72减34是38。 就说到这里。

你知道吗?3乘9是27。 说完这个,说下一个。 简而言之:68减50是18。 这也重要。 记住:36加73是109。 说完这个,说下一个。 事实:48加51是99。

继续。 事实:33加9是42。 继续往下。 事实:85减14是71。

现在你知道事实了。"
533,日常计算–第143部分,"本文介绍重要事实。静静阅读。

记住:75减24是51。 再有一个事实。 简而言之:72加2是74。 说完这个,说下一个。 事实:216除以18是12。 继续往下。 确定:19乘18是342。

继续。 常识:75减9是66。 就说到这里。 确定:4乘19是76。 这也重要。 你知道吗?44除以4是11。 继续。

事实:52加82是134。 说完这个,说下一个。 记住:2000的10%是200。 就说到这里。 事实:18减14是4。 这也重要。 确定:6加95是101。

说完这个,说下一个。 常识:剩2个苹果。 继续往下。 你知道吗?13乘15是195。

这是主题最重要的内容。"
534,日常计算–第144部分,"这里学习有序知识。慢慢来。

确定:17加19是36。 这也重要。 事实:16除以4是4。 说完这个,说下一个。 216除以18是12。 就说到这里。 你知道吗?27减17是10。

就说到这里。 24除以2是12。 就说到这里。 确定:2乘12是24。 继续。 确定:62减51是11。 就说到这里。

常识:73减14是59。 继续往下。 确定:90加23是113。 说完这个,说下一个。 事实:20乘7是140。 说完这个,说下一个。 常识:10乘10是100。

这也重要。 简而言之:145除以5是29。 继续。 记住:104除以8是13。

现在你知道事实了。"
535,日常计算–第145部分,"本文一步一步解释事实。

简而言之:288除以12是24。 再有一个事实。 常识:7乘18是126。 继续。 常识:13乘11是143。 这也重要。 确定:68加8是76。

就说到这里。 简而言之:13乘3是39。 这也重要。 常识:25乘4是100。 继续往下。 确定:80加62是142。 就说到这里。

事实:34除以2是17。 继续往下。 简而言之:8乘15是120。 这也重要。 确定:32减11是21。 就说到这里。 记住:2乘18是36。

继续。 19乘18是342。 说完这个,说下一个。 你知道吗?42加95是137。

这是主题最重要的内容。"
536,日常计算–第146部分,"下面是验证过的知识。

记住:18乘12是216。 再有一个事实。 1000的50%是500。 说完这个,说下一个。 简而言之:21:45结束。 再有一个事实。 记住:72减34是38。

说完这个,说下一个。 常识:61减53是8。 说完这个,说下一个。 常识:200的15%是30。 这也重要。 简而言之:28减2是26。 这也重要。

确定:83加51是134。 就说到这里。 记住:45减10是35。 这也重要。 事实:300的10%是30。 继续往下。 记住:57加38是95。

继续往下。 简而言之:44加61是105。 这也重要。 你知道吗?16减11是5。

这是主题最重要的内容。"
537,日常计算–第147部分,"这里学习有序知识。慢慢来。

确定:3乘16是48。 这也重要。 简而言之:20乘12是240。 再有一个事实。 常识:54除以9是6。 继续往下。 68加8是76。

这也重要。 你知道吗?16:45到。 就说到这里。 常识:75减9是66。 继续。 常识:一分钟60秒。 就说到这里。

记住:92减46是46。 就说到这里。 简而言之:18乘12是216。 这也重要。 常识:89加59是148。 就说到这里。 99加42是141。

再有一个事实。 确定:73减14是59。 这也重要。 记住:84加82是166。

概述结束。"
538,日常计算–第148部分,"这里学习有序知识。慢慢来。

常识:61加31是92。 继续。 记住:464除以16是29。 说完这个,说下一个。 58加78是136。 说完这个,说下一个。 简而言之:400的25%是100。

这也重要。 记住:8加19是27。 就说到这里。 你知道吗?15乘15是225。 就说到这里。 确定:20乘11是220。 继续。

常识:85减64是21。 继续往下。 常识:66加5是71。 这也重要。 常识:90加23是113。 这也重要。 事实:10乘11是110。

说完这个,说下一个。 简而言之:31加85是116。 说完这个,说下一个。 你知道吗?154除以14是11。

文章结束。做得好。"
539,日常计算–第149部分,"本文一步一步解释事实。

事实:睡8小时。 这也重要。 你知道吗?8乘10是80。 就说到这里。 记住:8乘20是160。 就说到这里。 记住:48加51是99。

继续。 48加51是99。 再有一个事实。 25加97是122。 继续往下。 常识:78减11是67。 这也重要。

记住:31加85是116。 继续往下。 确定:7乘10是70。 继续。 你知道吗?31减23是8。 这也重要。 你知道吗?25除以5是5。

说完这个,说下一个。 95加78是173。 继续往下。 你知道吗?323除以19是17。

概述结束。"
540,日常计算–第150部分,"本文一步一步解释事实。

事实:182除以14是13。 说完这个,说下一个。 事实:59加10是69。 继续。 196除以7是28。 继续往下。 确定:15乘10是150。

继续。 简而言之:300的50%是150。 就说到这里。 简而言之:10减3是7。 继续往下。 确定:300的20%是60。 继续。

你知道吗?11乘18是198。 说完这个,说下一个。 记住:46减13是33。 这也重要。 常识:一年365天,闰年366天。 说完这个,说下一个。 简而言之:100的50%是50。

这也重要。 事实:2小时是120分钟。 再有一个事实。 常识:32减11是21。

这是主题最重要的内容。"
541,日常计算–第151部分,"下面是验证过的知识。

确定:61加4是65。 继续。 确定:11乘18是198。 继续。 常识:60加10是70。 就说到这里。 14乘6是84。

继续。 61减53是8。 再有一个事实。 事实:27加51是78。 继续往下。 1000的5%是50。 继续往下。

简而言之:51除以17是3。 就说到这里。 记住:2乘12是24。 继续往下。 你知道吗?80加62是142。 继续。 记住:92减46是46。

这也重要。 确定:260除以10是26。 继续往下。 事实:27减26是1。

概述结束。"
542,日常计算–第152部分,"本文一步一步解释事实。

常识:25乘4是100。 再有一个事实。 简而言之:31加85是116。 这也重要。 是66。 继续往下。 你知道吗?100的25%是25。

说完这个,说下一个。 简而言之:16:45到。 继续。 85减14是71。 这也重要。 确定:98减76是22。 说完这个,说下一个。

16乘5是80。 继续往下。 常识:10乘5是50。 这也重要。 你知道吗?86加36是122。 这也重要。 24除以2是12。

说完这个,说下一个。 事实:6加95是101。 就说到这里。 事实:8加19是27。

概述结束。"
543,日常计算–第153部分,"本文一步一步解释事实。

简而言之:50加73是123。 就说到这里。 事实:322除以14是23。 就说到这里。 你知道吗?72加2是74。 再有一个事实。 11乘7是77。

再有一个事实。 简而言之:11乘15是165。 再有一个事实。 确定:54除以18是3。 再有一个事实。 9加63是72。 继续。

常识:35减18是17。 说完这个,说下一个。 事实:25加28是53。 就说到这里。 记住:77减8是69。 再有一个事实。 记住:40减35是5。

再有一个事实。 记住:13乘18是234。 就说到这里。 你知道吗?38减21是17。

概述结束。"
544,日常计算–第154部分,"本文介绍重要事实。静静阅读。

事实:500的75%是375。 就说到这里。 常识:100除以20是5。 继续。 28减2是26。 说完这个,说下一个。 常识:31加2是33。

继续往下。 确定:3乘16是48。 继续往下。 6加95是101。 说完这个,说下一个。 常识:13乘15是195。 说完这个,说下一个。

是66。 继续往下。 记住:60减31是29。 说完这个,说下一个。 你知道吗?25乘4是100。 这也重要。 记住:83加51是134。

继续。 常识:48加59是107。 这也重要。 记住:10乘5是50。

概述结束。"
545,日常计算–第155部分,"本文一步一步解释事实。

确定:81加20是101。 继续。 简而言之:17乘9是153。 说完这个,说下一个。 你知道吗?500的5%是25。 这也重要。 3乘16是48。

就说到这里。 简而言之:2乘10是20。 就说到这里。 常识:80除以10是8。 继续。 简而言之:27减26是1。 继续。

你知道吗?10乘13是130。 继续。 81减6是75。 再有一个事实。 事实:459除以17是27。 说完这个,说下一个。 简而言之:2000的50%是1000。

继续往下。 简而言之:68减50是18。 再有一个事实。 确定:25乘4是100。

现在你知道事实了。"
546,日常计算–第156部分,"下面是验证过的知识。

常识:23加81是104。 继续往下。 简而言之:38减23是15。 这也重要。 19加70是89。 这也重要。 事实:98减54是44。

继续。 简而言之:83加70是153。 继续往下。 事实:31加2是33。 说完这个,说下一个。 你知道吗?86加78是164。 就说到这里。

事实:15乘4是60。 再有一个事实。 200的15%是30。 这也重要。 事实:33减17是16。 说完这个,说下一个。 记住:7加23是30。

继续往下。 常识:459除以17是27。 就说到这里。 14乘5是70。

概述结束。"
547,日常计算–第157部分,"本文介绍重要事实。静静阅读。

事实:8除以4是2。 继续往下。 常识:176除以8是22。 再有一个事实。 事实:13乘3是39。 继续。 你知道吗?4乘19是76。

这也重要。 确定:52加82是134。 继续往下。 100的10%是10。 这也重要。 简而言之:13乘3是39。 这也重要。

常识:61加92是153。 这也重要。 你知道吗?8乘5是40。 继续往下。 事实:3乘2是6。 就说到这里。 简而言之:100的20%是20。

继续。 事实:45加90是135。 继续。 常识:33减17是16。

这是主题最重要的内容。"
548,日常计算–第158部分,"本文一步一步解释事实。

记住:100除以20是5。 这也重要。 记住:睡8小时。 再有一个事实。 23减20是3。 继续。 你知道吗?90加23是113。

继续往下。 记住:40加43是83。 这也重要。 你知道吗?80除以20是4。 再有一个事实。 记住:200的12%是24。 继续。

常识:3乘9是27。 再有一个事实。 确定:59加50是109。 再有一个事实。 每人25欧元。 继续往下。 确定:400的25%是100。

继续。 7加23是30。 继续。 常识:75减24是51。

现在你知道事实了。"
549,日常计算–第159部分,"下面是验证过的知识。

确定:6乘19是114。 继续往下。 常识:5乘15是75。 继续往下。 你知道吗?61加35是96。 这也重要。 常识:72减34是38。

继续往下。 记住:9乘20是180。 这也重要。 你知道吗?23加81是104。 继续。 13乘18是234。 再有一个事实。

事实:49减16是33。 这也重要。 常识:2小时是120分钟。 这也重要。 27减17是10。 再有一个事实。 简而言之:38减23是15。

继续。 确定:40减35是5。 这也重要。 事实:14乘13是182。

文章结束。做得好。"
550,日常计算–第160部分,"本文介绍重要事实。静静阅读。

常识:90加23是113。 这也重要。 简而言之:37加48是85。 继续往下。 确定:89加8是97。 继续。 常识:6乘19是114。

这也重要。 简而言之:68减50是18。 继续往下。 确定:69加53是122。 这也重要。 确定:13乘20是260。 继续。

57加9是66。 就说到这里。 你知道吗?88减14是74。 说完这个,说下一个。 常识:209除以19是11。 说完这个,说下一个。 14乘15是210。

这也重要。 确定:95加62是157。 说完这个,说下一个。 记住:1000的5%是50。

文章结束。做得好。"
551,日常计算–第161部分,"本文介绍重要事实。静静阅读。

事实:17减10是7。 就说到这里。 事实:20乘7是140。 继续往下。 记住:220除以20是11。 继续往下。 记住:11乘15是165。

继续往下。 确定:23减20是3。 继续往下。 事实:44除以4是11。 就说到这里。 记住:42减11是31。 这也重要。

记住:54加39是93。 这也重要。 常识:96除以6是16。 继续往下。 记住:36加95是131。 继续往下。 常识:54加71是125。

说完这个,说下一个。 确定:500的20%是100。 再有一个事实。 记住:17乘9是153。

现在你知道事实了。"
552,日常计算–第162部分,"本文一步一步解释事实。

简而言之:88减4是84。 再有一个事实。 简而言之:40减35是5。 继续。 2小时是120分钟。 继续往下。 常识:20减11是9。

继续。 确定:500的20%是100。 说完这个,说下一个。 记住:98减76是22。 继续往下。 记住:400的75%是300。 继续往下。

常识:56减28是28。 这也重要。 确定:82加18是100。 这也重要。 你知道吗?94加86是180。 再有一个事实。 事实:51减25是26。

再有一个事实。 你知道吗?5乘15是75。 就说到这里。 事实:40减35是5。

现在你知道事实了。"
553,日常计算–第163部分,"本文一步一步解释事实。

事实:60减31是29。 就说到这里。 常识:72减17是55。 继续。 你知道吗?464除以16是29。 说完这个,说下一个。 记住:10乘10是100。

就说到这里。 确定:64加45是109。 这也重要。 记住:69加53是122。 这也重要。 确定:23减20是3。 继续往下。

常识:每人25欧元。 说完这个,说下一个。 61减53是8。 再有一个事实。 简而言之:7乘15是105。 再有一个事实。 4乘2是8。

再有一个事实。 确定:37减28是9。 就说到这里。 81加20是101。

这是主题最重要的内容。"
554,日常计算–第164部分,"本文介绍重要事实。静静阅读。

确定:36加95是131。 继续往下。 常识:6乘8是48。 就说到这里。 6加95是101。 就说到这里。 常识:288除以12是24。

继续。 常识:35减18是17。 说完这个,说下一个。 常识:78加96是174。 继续。 196除以7是28。 继续。

你知道吗?100的10%是10。 这也重要。 简而言之:50加73是123。 再有一个事实。 确定:192除以8是24。 这也重要。 你知道吗?72除以12是6。

继续往下。 6乘19是114。 继续。 46减39是7。

这是主题最重要的内容。"
555,日常计算–第165部分,"这里学习有序知识。慢慢来。

常识:200的15%是30。 再有一个事实。 记住:49减37是12。 就说到这里。 记住:56除以14是4。 继续。 确定:87减72是15。

继续。 记住:77减8是69。 就说到这里。 记住:27减4是23。 继续。 事实:7加23是30。 就说到这里。

确定:25除以5是5。 继续。 事实:2000的5%是100。 再有一个事实。 19:30读完。 这也重要。 364除以14是26。

说完这个,说下一个。 事实:20乘7是140。 说完这个,说下一个。 记住:26减22是4。

概述结束。"
556,日常计算–第166部分,"下面是验证过的知识。

简而言之:391除以17是23。 继续往下。 简而言之:7乘20是140。 继续往下。 记住:12加37是49。 继续往下。 你知道吗?9乘5是45。

再有一个事实。 记住:54加39是93。 这也重要。 记住:25除以5是5。 这也重要。 简而言之:61加35是96。 继续。

20乘4是80。 继续往下。 记住:14减9是5。 继续往下。 你知道吗?300的50%是150。 说完这个,说下一个。 6乘2是12。

这也重要。 简而言之:14乘15是210。 继续往下。 事实:37减28是9。

这是主题最重要的内容。"
557,日常计算–第167部分,"这里学习有序知识。慢慢来。

15乘4是60。 继续。 记住:81减21是60。 继续往下。 常识:2000的50%是1000。 就说到这里。 常识:10乘13是130。

再有一个事实。 80除以10是8。 继续往下。 常识:3乘2是6。 说完这个,说下一个。 记住:57减42是15。 再有一个事实。

你知道吗?7乘15是105。 这也重要。 61加44是105。 再有一个事实。 10乘16是160。 再有一个事实。 11乘15是165。

就说到这里。 确定:40除以4是10。 说完这个,说下一个。 简而言之:82加18是100。

概述结束。"
558,日常计算–第168部分,"本文一步一步解释事实。

7乘18是126。 这也重要。 简而言之:89加8是97。 就说到这里。 你知道吗?12乘17是204。 继续往下。 确定:400的25%是100。

说完这个,说下一个。 常识:12乘14是168。 就说到这里。 常识:260除以10是26。 就说到这里。 事实:40加43是83。 继续。

事实:19:30读完。 再有一个事实。 事实:72加67是139。 就说到这里。 简而言之:24除以8是3。 这也重要。 你知道吗?75减24是51。

继续往下。 你知道吗?459除以17是27。 继续。 14乘13是182。

文章结束。做得好。"
559,日常计算–第169部分,"本文一步一步解释事实。

简而言之:46减13是33。 就说到这里。 31减23是8。 继续。 确定:30加46是76。 这也重要。 事实:74加9是83。

说完这个,说下一个。 事实:52加82是134。 说完这个,说下一个。 常识:17乘9是153。 再有一个事实。 事实:31减23是8。 这也重要。

事实:16乘5是80。 继续。 事实:84加82是166。 说完这个,说下一个。 常识:513除以19是27。 继续。 事实:2000的5%是100。

就说到这里。 简而言之:99加42是141。 就说到这里。 简而言之:68加63是131。

现在你知道事实了。"
560,日常计算–第170部分,"下面是验证过的知识。

事实:12乘15是180。 这也重要。 确定:17乘9是153。 就说到这里。 常识:200的15%是30。 就说到这里。 270除以18是15。

继续。 220除以20是11。 继续。 事实:3乘16是48。 说完这个,说下一个。 6乘9是54。 这也重要。

事实:4乘2是8。 就说到这里。 常识:18减14是4。 这也重要。 常识:400的10%是40。 继续往下。 简而言之:1000的10%是100。

这也重要。 75减24是51。 继续。 364除以13是28。

文章结束。做得好。"
561,日常计算–第171部分,"本文介绍重要事实。静静阅读。

确定:500的10%是50。 就说到这里。 事实:260除以13是20。 继续。 你知道吗?8乘20是160。 继续。 确定:62减28是34。

再有一个事实。 简而言之:154除以14是11。 就说到这里。 记住:416除以16是26。 继续。 简而言之:88加84是172。 说完这个,说下一个。

事实:71加71是142。 说完这个,说下一个。 常识:98减83是15。 就说到这里。 简而言之:20乘4是80。 就说到这里。 32减11是21。

就说到这里。 简而言之:96除以6是16。 继续往下。 常识:125除以5是25。

文章结束。做得好。"
562,日常计算–第172部分,"本文一步一步解释事实。

你知道吗?12乘4是48。 再有一个事实。 确定:30加46是76。 这也重要。 简而言之:19:30读完。 这也重要。 16除以8是2。

这也重要。 确定:14乘3是42。 就说到这里。 简而言之:10乘10是100。 说完这个,说下一个。 17:05好。 继续。

记住:500的15%是75。 继续往下。 常识:2000的20%是400。 继续。 常识:44加61是105。 再有一个事实。 记住:65减57是8。

这也重要。 记住:196除以7是28。 继续。 10乘5是50。

现在你知道事实了。"
563,日常计算–第173部分,"下面是验证过的知识。

事实:20减11是9。 再有一个事实。 记住:16:45到。 这也重要。 确定:72减26是46。 说完这个,说下一个。 简而言之:17减8是9。

说完这个,说下一个。 事实:9加63是72。 继续往下。 事实:40加43是83。 继续。 48除以8是6。 继续。

确定:7乘5是35。 继续。 简而言之:12乘15是180。 说完这个,说下一个。 常识:220除以20是11。 说完这个,说下一个。 260除以13是20。

说完这个,说下一个。 记住:72减34是38。 再有一个事实。 80除以10是8。

文章结束。做得好。"
564,日常计算–第174部分,"本文介绍重要事实。静静阅读。

你知道吗?31减23是8。 再有一个事实。 你知道吗?72加2是74。 这也重要。 记住:25减18是7。 就说到这里。 你知道吗?65减51是14。

继续。 确定:7乘15是105。 说完这个,说下一个。 确定:2000的20%是400。 说完这个,说下一个。 87除以3是29。 就说到这里。

83减8是75。 说完这个,说下一个。 简而言之:10乘11是110。 就说到这里。 记住:7乘7是49。 再有一个事实。 事实:28减2是26。

就说到这里。 简而言之:72减26是46。 这也重要。 你知道吗?51减25是26。

现在你知道事实了。"
565,日常计算–第175部分,"本文一步一步解释事实。

确定:83加51是134。 继续往下。 事实:9减7是2。 继续。 记住:85减64是21。 再有一个事实。 确定:300的10%是30。

这也重要。 你知道吗?400的50%是200。 继续往下。 事实:51减25是26。 继续往下。 常识:20加59是79。 就说到这里。

17乘13是221。 继续往下。 10乘11是110。 继续。 简而言之:400的25%是100。 就说到这里。 事实:14乘6是84。

就说到这里。 常识:12加37是49。 这也重要。 简而言之:61加31是92。

概述结束。"
566,日常计算–第176部分,"下面是验证过的知识。

简而言之:83减8是75。 继续。 记住:61加35是96。 继续。 简而言之:12除以3是4。 再有一个事实。 72减34是38。

这也重要。 常识:17加82是99。 再有一个事实。 记住:83减8是75。 说完这个,说下一个。 常识:145除以5是29。 这也重要。

常识:33除以11是3。 说完这个,说下一个。 确定:45加90是135。 再有一个事实。 事实:80除以10是8。 就说到这里。 确定:19:30读完。

继续往下。 你知道吗?8除以4是2。 继续往下。 你知道吗?8乘15是120。

这是主题最重要的内容。"
567,日常计算–第177部分,"下面是验证过的知识。

你知道吗?25除以5是5。 继续。 确定:85减64是21。 继续。 210除以7是30。 这也重要。 常识:220除以20是11。

说完这个,说下一个。 简而言之:180除以18是10。 说完这个,说下一个。 25除以5是5。 说完这个,说下一个。 简而言之:56减8是48。 再有一个事实。

确定:16乘10是160。 再有一个事实。 确定:2乘18是36。 这也重要。 确定:11乘14是154。 继续往下。 事实:48加59是107。

继续往下。 记住:92减46是46。 继续往下。 事实:8除以4是2。

文章结束。做得好。"
568,日常计算–第178部分,"本文介绍重要事实。静静阅读。

记住:288除以12是24。 这也重要。 记住:21:45结束。 说完这个,说下一个。 常识:300的25%是75。 说完这个,说下一个。 你知道吗?88减4是84。

继续。 260除以13是20。 说完这个,说下一个。 11乘7是77。 继续往下。 常识:65减57是8。 就说到这里。

25除以5是5。 继续往下。 常识:8乘5是40。 继续往下。 你知道吗?100除以20是5。 再有一个事实。 事实:20乘4是80。

继续。 记住:62减28是34。 就说到这里。 你知道吗?72减26是46。

这是主题最重要的内容。"
569,日常计算–第179部分,"本文介绍重要事实。静静阅读。

确定:20乘11是220。 再有一个事实。 常识:92减46是46。 说完这个,说下一个。 确定:12减9是3。 就说到这里。 记住:500的15%是75。

就说到这里。 确定:89加59是148。 这也重要。 你知道吗?6乘8是48。 就说到这里。 记住:143除以11是13。 就说到这里。

确定:25除以5是5。 继续。 常识:500的50%是250。 再有一个事实。 记住:200的15%是30。 再有一个事实。 简而言之:87减72是15。

继续往下。 确定:48加59是107。 就说到这里。 49加6是55。

现在你知道事实了。"
570,日常计算–第180部分,"本文一步一步解释事实。

事实:72减34是38。 继续往下。 记住:20乘15是300。 就说到这里。 常识:90除以6是15。 就说到这里。 常识:104除以8是13。

继续。 常识:6乘19是114。 说完这个,说下一个。 确定:78加97是175。 就说到这里。 记住:400的10%是40。 继续。

事实:9加63是72。 继续。 你知道吗?5乘15是75。 再有一个事实。 简而言之:44除以2是22。 继续往下。 记住:25减18是7。

继续。 事实:58除以2是29。 再有一个事实。 事实:72减17是55。

概述结束。"
571,日常计算–第181部分,"本文一步一步解释事实。

59加89是148。 再有一个事实。 简而言之:76除以4是19。 说完这个,说下一个。 确定:10乘16是160。 就说到这里。 事实:11乘18是198。

这也重要。 你知道吗?16:45到。 就说到这里。 常识:14减9是5。 继续。 常识:85减64是21。 再有一个事实。

记住:34除以2是17。 继续往下。 事实:33加9是42。 说完这个,说下一个。 14乘6是84。 就说到这里。 事实:20乘7是140。

再有一个事实。 你知道吗?220除以10是22。 说完这个,说下一个。 54除以18是3。

文章结束。做得好。"
572,日常计算–第182部分,"本文一步一步解释事实。

确定:14乘5是70。 继续往下。 记住:66加5是71。 这也重要。 简而言之:400的25%是100。 这也重要。 你知道吗?400的10%是40。

这也重要。 确定:80除以10是8。 这也重要。 72加67是139。 继续往下。 常识:19乘10是190。 说完这个,说下一个。

常识:14乘6是84。 说完这个,说下一个。 你知道吗?14减11是3。 这也重要。 事实:83加70是153。 这也重要。 记住:82加18是100。

说完这个,说下一个。 记住:66除以11是6。 继续。 记住:54减12是42。

现在你知道事实了。"
573,日常计算–第183部分,"这里学习有序知识。慢慢来。

确定:21加4是25。 继续往下。 记住:72减17是55。 就说到这里。 276除以12是23。 再有一个事实。 5小时15分钟。

说完这个,说下一个。 你知道吗?3乘16是48。 继续。 记住:5乘9是45。 这也重要。 简而言之:38减23是15。 就说到这里。

你知道吗?12乘14是168。 再有一个事实。 记住:15乘4是60。 继续。 常识:8除以4是2。 说完这个,说下一个。 简而言之:90除以6是15。

继续往下。 事实:49减16是33。 说完这个,说下一个。 事实:68加8是76。

概述结束。"
574,日常计算–第184部分,"本文介绍重要事实。静静阅读。

常识:12除以3是4。 这也重要。 简而言之:2000的5%是100。 说完这个,说下一个。 你知道吗?38减23是15。 继续往下。 记住:53加65是118。

再有一个事实。 确定:9乘4是36。 继续往下。 你知道吗?10乘7是70。 说完这个,说下一个。 简而言之:5乘18是90。 这也重要。

确定:3乘9是27。 继续。 简而言之:61加4是65。 继续往下。 常识:89加59是148。 说完这个,说下一个。 你知道吗?90除以6是15。

再有一个事实。 常识:20乘7是140。 再有一个事实。 事实:400的75%是300。

概述结束。"
575,日常计算–第185部分,"本文介绍重要事实。静静阅读。

简而言之:21加47是68。 继续往下。 记住:26减22是4。 就说到这里。 常识:54加71是125。 说完这个,说下一个。 你知道吗?3乘2是6。

说完这个,说下一个。 确定:58加78是136。 就说到这里。 常识:37减28是9。 就说到这里。 75减24是51。 再有一个事实。

简而言之:60加10是70。 再有一个事实。 事实:35减18是17。 这也重要。 常识:10乘7是70。 这也重要。 记住:143除以13是11。

继续。 记住:78加95是173。 继续。 20乘12是240。

文章结束。做得好。"
576,日常计算–第186部分,"本文一步一步解释事实。

记住:74加9是83。 这也重要。 常识:32减11是21。 说完这个,说下一个。 记住:57加9是66。 这也重要。 简而言之:17:05好。

再有一个事实。 你知道吗?22除以2是11。 再有一个事实。 5乘17是85。 就说到这里。 62减18是44。 就说到这里。

154除以14是11。 就说到这里。 你知道吗?156除以13是12。 说完这个,说下一个。 简而言之:25加28是53。 继续往下。 100的15%是15。

继续。 事实:89加8是97。 就说到这里。 事实:2000的15%是300。

这是主题最重要的内容。"
577,日常计算–第187部分,"这里学习有序知识。慢慢来。

简而言之:78加96是174。 就说到这里。 常识:200的5%是10。 再有一个事实。 常识:7乘5是35。 就说到这里。 你知道吗?84加68是152。

这也重要。 常识:81加20是101。 就说到这里。 简而言之:192除以8是24。 就说到这里。 确定:340除以17是20。 继续往下。

你知道吗?45加90是135。 继续。 确定:10乘10是100。 说完这个,说下一个。 事实:3乘2是6。 就说到这里。 常识:20乘15是300。

这也重要。 简而言之:25乘4是100。 就说到这里。 事实:12乘14是168。

概述结束。"
578,日常计算–第188部分,"本文一步一步解释事实。

记住:49加6是55。 说完这个,说下一个。 78减11是67。 继续。 事实:17加19是36。 这也重要。 49减37是12。

继续。 确定:5乘15是75。 继续往下。 你知道吗?16除以8是2。 这也重要。 简而言之:54除以9是6。 再有一个事实。

常识:72减34是38。 继续。 90除以6是15。 说完这个,说下一个。 事实:24除以8是3。 继续往下。 事实:459除以17是27。

继续。 事实:300的10%是30。 就说到这里。 33除以11是3。

现在你知道事实了。"
579,日常计算–第189部分,"这里学习有序知识。慢慢来。

确定:99加42是141。 就说到这里。 常识:82加18是100。 继续往下。 常识:69加53是122。 再有一个事实。 你知道吗?88减14是74。

再有一个事实。 事实:100的25%是25。 就说到这里。 常识:464除以16是29。 就说到这里。 你知道吗?5乘4是20。 继续。

事实:3加49是52。 再有一个事实。 常识:19:30读完。 继续往下。 事实:46减39是7。 继续往下。 你知道吗?3乘2是6。

就说到这里。 简而言之:17加19是36。 这也重要。 确定:16减11是5。

现在你知道事实了。"
580,日常计算–第190部分,"本文介绍重要事实。静静阅读。

简而言之:12减11是1。 就说到这里。 事实:14乘12是168。 继续往下。 确定:36加22是58。 继续往下。 确定:90加23是113。

继续。 确定:58加78是136。 这也重要。 常识:32除以2是16。 就说到这里。 事实:81加20是101。 继续往下。

常识:13乘20是260。 再有一个事实。 事实:48除以4是12。 就说到这里。 常识:92除以4是23。 就说到这里。 220除以20是11。

继续往下。 你知道吗?2乘12是24。 说完这个,说下一个。 常识:86加78是164。

这是主题最重要的内容。"
581,日常计算–第191部分,"这里学习有序知识。慢慢来。

记住:65减51是14。 再有一个事实。 事实:19乘8是152。 继续。 你知道吗?3乘2是6。 继续。 事实:16乘10是160。

再有一个事实。 记住:55减45是10。 就说到这里。 7乘15是105。 继续。 确定:150除以5是30。 继续往下。

确定:57加9是66。 说完这个,说下一个。 事实:11乘19是209。 就说到这里。 记住:75减24是51。 继续。 你知道吗?7乘14是98。

说完这个,说下一个。 记住:73加72是145。 再有一个事实。 7加23是30。

这是主题最重要的内容。"
582,日常计算–第192部分,"本文介绍重要事实。静静阅读。

确定:64加45是109。 这也重要。 5乘9是45。 这也重要。 常识:364除以14是26。 就说到这里。 简而言之:33除以11是3。

就说到这里。 你知道吗?65减51是14。 说完这个,说下一个。 简而言之:17加82是99。 就说到这里。 常识:50加73是123。 说完这个,说下一个。

确定:13乘16是208。 继续往下。 常识:27加51是78。 再有一个事实。 72减43是29。 继续往下。 简而言之:260除以20是13。

再有一个事实。 确定:13乘11是143。 就说到这里。 简而言之:72加2是74。

文章结束。做得好。"
583,日常计算–第193部分,"这里学习有序知识。慢慢来。

记住:19加70是89。 继续。 确定:14乘6是84。 继续往下。 你知道吗?72减17是55。 继续往下。 常识:42减11是31。

说完这个,说下一个。 记住:19乘10是190。 就说到这里。 435除以15是29。 说完这个,说下一个。 记住:125除以5是25。 继续。

记住:12减11是1。 继续往下。 确定:70减14是56。 继续。 简而言之:9减4是5。 继续往下。 确定:10减7是3。

继续往下。 事实:84加82是166。 再有一个事实。 简而言之:28加30是58。

概述结束。"
584,日常计算–第194部分,"本文一步一步解释事实。

事实:72加67是139。 继续。 简而言之:99加42是141。 继续。 确定:94加86是180。 就说到这里。 25减18是7。

再有一个事实。 记住:300的25%是75。 就说到这里。 你知道吗?255除以17是15。 说完这个,说下一个。 你知道吗?192除以8是24。 就说到这里。

简而言之:54除以18是3。 继续往下。 简而言之:19加70是89。 继续往下。 记住:2000的20%是400。 再有一个事实。 事实:513除以19是27。

这也重要。 你知道吗?74加9是83。 继续。 2000的75%是1500。

这是主题最重要的内容。"
585,日常计算–第195部分,"本文介绍重要事实。静静阅读。

事实:7乘18是126。 这也重要。 确定:14乘15是210。 就说到这里。 事实:51减25是26。 再有一个事实。 常识:95加78是173。

说完这个,说下一个。 记住:255除以17是15。 再有一个事实。 记住:88减4是84。 就说到这里。 记住:7乘14是98。 就说到这里。

你知道吗?30加46是76。 再有一个事实。 12除以3是4。 继续。 确定:13乘3是39。 继续往下。 90除以6是15。

再有一个事实。 确定:65减51是14。 继续。 简而言之:42减11是31。

文章结束。做得好。"
586,日常计算–第196部分,"本文介绍重要事实。静静阅读。

确定:80除以20是4。 再有一个事实。 事实:7乘7是49。 这也重要。 确定:7乘10是70。 就说到这里。 你知道吗?4除以2是2。

继续。 你知道吗?322除以14是23。 这也重要。 常识:100的25%是25。 就说到这里。 简而言之:32减11是21。 继续往下。

记住:8乘10是80。 继续往下。 事实:11乘15是165。 就说到这里。 事实:3加46是49。 说完这个,说下一个。 简而言之:33减17是16。

说完这个,说下一个。 记住:6乘8是48。 继续。 常识:12乘14是168。

概述结束。"
587,日常计算–第197部分,"下面是验证过的知识。

82加18是100。 这也重要。 简而言之:52加82是134。 继续。 确定:27减4是23。 就说到这里。 记住:27加51是78。

说完这个,说下一个。 确定:25加97是122。 就说到这里。 事实:8乘5是40。 这也重要。 简而言之:38减23是15。 说完这个,说下一个。

记住:2000的75%是1500。 继续。 事实:78加96是174。 就说到这里。 常识:260除以20是13。 说完这个,说下一个。 常识:49减16是33。

继续往下。 31减23是8。 就说到这里。 简而言之:28加30是58。

文章结束。做得好。"
588,日常计算–第198部分,"本文介绍重要事实。静静阅读。

确定:13乘15是195。 说完这个,说下一个。 简而言之:32加66是98。 再有一个事实。 常识:19乘8是152。 继续。 简而言之:48减29是19。

就说到这里。 常识:85减64是21。 说完这个,说下一个。 你知道吗?21加47是68。 这也重要。 确定:30加46是76。 再有一个事实。

54加39是93。 就说到这里。 8乘15是120。 这也重要。 简而言之:89减43是46。 就说到这里。 常识:77减8是69。

再有一个事实。 确定:54减12是42。 就说到这里。 简而言之:300的20%是60。

这是主题最重要的内容。"
589,日常计算–第199部分,"下面是验证过的知识。

确定:83加11是94。 继续往下。 常识:35减18是17。 再有一个事实。 事实:15乘10是150。 说完这个,说下一个。 记住:156除以13是12。

就说到这里。 你知道吗?23减20是3。 再有一个事实。 常识:55加83是138。 就说到这里。 简而言之:59加50是109。 这也重要。

确定:65减51是14。 说完这个,说下一个。 常识:54除以9是6。 就说到这里。 常识:20减11是9。 继续。 简而言之:61加4是65。

说完这个,说下一个。 记住:86加36是122。 再有一个事实。 常识:57减42是15。

这是主题最重要的内容。"
590,日常计算–第200部分,"下面是验证过的知识。

你知道吗?27加51是78。 说完这个,说下一个。 常识:14乘5是70。 继续往下。 你知道吗?58减32是26。 继续往下。 事实:11乘15是165。

继续往下。 记住:64减47是17。 就说到这里。 确定:12减11是1。 这也重要。 你知道吗?44除以2是22。 再有一个事实。

记住:20乘15是300。 就说到这里。 记住:61加35是96。 就说到这里。 你知道吗?59加10是69。 继续往下。 事实:13乘4是52。

再有一个事实。 确定:500的50%是250。 继续往下。 确定:182除以14是13。

这是主题最重要的内容。"
591,日常计算–第201部分,"本文介绍重要事实。静静阅读。

简而言之:40加43是83。 再有一个事实。 常识:300的20%是60。 就说到这里。 你知道吗?152除以19是8。 这也重要。 常识:66加5是71。

就说到这里。 确定:3加46是49。 再有一个事实。 你知道吗?459除以17是27。 继续。 确定:12减9是3。 继续往下。

记住:45减10是35。 继续。 事实:71加71是142。 继续。 记住:51除以3是17。 这也重要。 简而言之:15乘15是225。

再有一个事实。 事实:61加4是65。 这也重要。 确定:400的25%是100。

文章结束。做得好。"
592,日常计算–第202部分,"本文一步一步解释事实。

你知道吗?26减22是4。 再有一个事实。 确定:31加2是33。 这也重要。 简而言之:89减43是46。 说完这个,说下一个。 事实:4乘12是48。

这也重要。 你知道吗?2000的15%是300。 再有一个事实。 记住:17乘3是51。 继续往下。 简而言之:10乘16是160。 再有一个事实。

确定:2乘18是36。 再有一个事实。 54加39是93。 继续。 69除以3是23。 说完这个,说下一个。 事实:7加23是30。

这也重要。 简而言之:14乘15是210。 说完这个,说下一个。 你知道吗?32减11是21。

概述结束。"
593,日常计算–第203部分,"这里学习有序知识。慢慢来。

你知道吗?83减8是75。 这也重要。 确定:95加62是157。 再有一个事实。 49减16是33。 这也重要。 常识:72减34是38。

再有一个事实。 记住:84加68是152。 继续往下。 你知道吗?72减34是38。 就说到这里。 简而言之:513除以19是27。 继续往下。

常识:58除以2是29。 继续往下。 33减17是16。 继续往下。 81加12是93。 继续往下。 确定:1000的10%是100。

再有一个事实。 常识:14乘12是168。 说完这个,说下一个。 276除以12是23。

文章结束。做得好。"
594,日常计算–第204部分,"本文介绍重要事实。静静阅读。

简而言之:104除以8是13。 继续。 常识:49减16是33。 再有一个事实。 确定:500的25%是125。 继续往下。 记住:92减46是46。

这也重要。 简而言之:400的10%是40。 这也重要。 你知道吗?270除以18是15。 说完这个,说下一个。 事实:66除以11是6。 这也重要。

确定:87除以3是29。 说完这个,说下一个。 简而言之:8乘5是40。 说完这个,说下一个。 简而言之:2000的20%是400。 说完这个,说下一个。 常识:20减11是9。

再有一个事实。 你知道吗?60减31是29。 再有一个事实。 事实:17减8是9。

概述结束。"
595,日常计算–第205部分,"本文介绍重要事实。静静阅读。

简而言之:8乘7是56。 继续。 16除以8是2。 就说到这里。 记住:84除以7是12。 就说到这里。 简而言之:5乘15是75。

继续往下。 确定:72加2是74。 继续往下。 你知道吗?36加95是131。 说完这个,说下一个。 确定:69加35是104。 再有一个事实。

记住:57加38是95。 这也重要。 你知道吗?14加20是34。 说完这个,说下一个。 你知道吗?156除以13是12。 继续。 确定:12减11是1。

这也重要。 确定:33加9是42。 再有一个事实。 62减28是34。

文章结束。做得好。"
596,日常计算–第206部分,"本文介绍重要事实。静静阅读。

简而言之:340除以17是20。 说完这个,说下一个。 事实:192除以8是24。 继续。 简而言之:10乘16是160。 这也重要。 常识:21:45结束。

说完这个,说下一个。 你知道吗?150除以5是30。 说完这个,说下一个。 7乘18是126。 就说到这里。 简而言之:14乘5是70。 说完这个,说下一个。

150除以6是25。 这也重要。 确定:88减4是84。 这也重要。 事实:12乘4是48。 继续往下。 简而言之:13乘3是39。

继续往下。 你知道吗?154除以14是11。 说完这个,说下一个。 确定:400的25%是100。

这是主题最重要的内容。"
597,日常计算–第207部分,"这里学习有序知识。慢慢来。

你知道吗?400的50%是200。 继续往下。 88加84是172。 就说到这里。 事实:20乘15是300。 再有一个事实。 150除以6是25。

继续往下。 57减42是15。 这也重要。 确定:72加67是139。 说完这个,说下一个。 你知道吗?69加35是104。 说完这个,说下一个。

176除以8是22。 就说到这里。 事实:28减2是26。 这也重要。 常识:16除以4是4。 继续。 常识:500的75%是375。

就说到这里。 14乘14是196。 再有一个事实。 5小时15分钟。

概述结束。"
598,日常计算–第208部分,"本文介绍重要事实。静静阅读。

确定:50加73是123。 再有一个事实。 记住:72除以12是6。 再有一个事实。 你知道吗?61减53是8。 说完这个,说下一个。 事实:416除以16是26。

说完这个,说下一个。 简而言之:49减37是12。 就说到这里。 常识:12乘4是48。 继续。 确定:72加2是74。 继续。

事实:75减24是51。 说完这个,说下一个。 记住:7乘10是70。 这也重要。 常识:14乘13是182。 说完这个,说下一个。 记住:25减18是7。

就说到这里。 简而言之:58加78是136。 这也重要。 确定:12乘3是36。

概述结束。"
599,日常计算–第209部分,"本文介绍重要事实。静静阅读。

你知道吗?73加72是145。 就说到这里。 你知道吗?99加42是141。 说完这个,说下一个。 记住:16除以8是2。 说完这个,说下一个。 事实:40减35是5。

再有一个事实。 确定:1000的20%是200。 继续往下。 你知道吗?10减7是3。 继续。 你知道吗?78加95是173。 说完这个,说下一个。

记住:48除以4是12。 说完这个,说下一个。 事实:12减11是1。 这也重要。 事实:66除以11是6。 继续。 你知道吗?85减14是71。

就说到这里。 你知道吗?11乘15是165。 继续往下。 事实:81减21是60。

现在你知道事实了。"
600,日常计算–第210部分,"本文一步一步解释事实。

简而言之:3乘9是27。 继续。 简而言之:510除以17是30。 继续。 记住:270除以18是15。 说完这个,说下一个。 事实:31减23是8。

说完这个,说下一个。 确定:75减9是66。 再有一个事实。 事实:46减13是33。 就说到这里。 简而言之:72加75是147。 再有一个事实。

你知道吗?9乘20是180。 继续。 记住:42加95是137。 继续往下。 记住:500的15%是75。 这也重要。 确定:58加78是136。

继续往下。 记住:459除以17是27。 就说到这里。 记住:54加39是93。

现在你知道事实了。"
601,日常计算–第211部分,"这里学习有序知识。慢慢来。

简而言之:4乘12是48。 再有一个事实。 20乘12是240。 这也重要。 简而言之:400的75%是300。 说完这个,说下一个。 常识:46减13是33。

继续往下。 你知道吗?150除以6是25。 再有一个事实。 事实:2乘19是38。 就说到这里。 事实:13乘4是52。 就说到这里。

记住:61减53是8。 继续往下。 常识:459除以17是27。 这也重要。 300的10%是30。 这也重要。 确定:59加50是109。

说完这个,说下一个。 确定:270除以18是15。 就说到这里。 你知道吗?40加43是83。

现在你知道事实了。"
602,日常计算–第212部分,"这里学习有序知识。慢慢来。

简而言之:74加9是83。 就说到这里。 简而言之:9加63是72。 再有一个事实。 62减28是34。 继续。 记住:12减9是3。

就说到这里。 记住:20加59是79。 这也重要。 确定:50加73是123。 继续往下。 常识:11乘15是165。 继续。

你知道吗?200的75%是150。 继续往下。 事实:14减11是3。 继续。 简而言之:11乘19是209。 说完这个,说下一个。 你知道吗?86减62是24。

说完这个,说下一个。 你知道吗?5乘18是90。 继续。 常识:12乘15是180。

现在你知道事实了。"
603,日常计算–第213部分,"这里学习有序知识。慢慢来。

你知道吗?5小时15分钟。 继续往下。 81减21是60。 就说到这里。 你知道吗?19乘2是38。 就说到这里。 确定:13乘11是143。

再有一个事实。 32除以2是16。 这也重要。 确定:98减54是44。 这也重要。 你知道吗?400的10%是40。 说完这个,说下一个。

简而言之:300的20%是60。 再有一个事实。 事实:7乘10是70。 就说到这里。 记住:64加34是98。 继续往下。 常识:36除以18是2。

继续。 记住:90除以6是15。 就说到这里。 2乘12是24。

文章结束。做得好。"
604,日常计算–第214部分,"这里学习有序知识。慢慢来。

记住:33减17是16。 说完这个,说下一个。 记住:45减42是3。 继续。 记住:58除以2是29。 继续。 记住:17乘13是221。

这也重要。 常识:57加9是66。 继续往下。 33加9是42。 就说到这里。 简而言之:100的75%是75。 说完这个,说下一个。

常识:11乘13是143。 说完这个,说下一个。 事实:95加62是157。 再有一个事实。 记住:11乘14是154。 说完这个,说下一个。 常识:40减35是5。

就说到这里。 记住:143除以11是13。 继续往下。 记住:81减6是75。

概述结束。"
605,日常计算–第215部分,"本文一步一步解释事实。

确定:40除以4是10。 这也重要。 睡8小时。 继续。 事实:65减51是14。 继续。 确定:26减22是4。

继续往下。 64减47是17。 继续。 常识:21加61是82。 继续。 你知道吗?9减4是5。 继续。

事实:8除以4是2。 继续往下。 常识:10乘11是110。 就说到这里。 简而言之:29减21是8。 就说到这里。 记住:14乘13是182。

再有一个事实。 确定:49加6是55。 再有一个事实。 13乘18是234。

概述结束。"
606,日常计算–第216部分,"本文一步一步解释事实。

事实:10乘13是130。 再有一个事实。 记住:9减7是2。 再有一个事实。 确定:13乘11是143。 继续往下。 500的25%是125。

再有一个事实。 事实:61加31是92。 继续往下。 48加51是99。 继续往下。 简而言之:500的5%是25。 继续往下。

简而言之:17乘9是153。 继续往下。 确定:一年365天,闰年366天。 再有一个事实。 你知道吗?260除以10是26。 就说到这里。 你知道吗?17乘13是221。

说完这个,说下一个。 你知道吗?500的75%是375。 说完这个,说下一个。 你知道吗?49加6是55。

概述结束。"
607,日常计算–第217部分,"本文介绍重要事实。静静阅读。

常识:48加51是99。 继续。 确定:10减3是7。 再有一个事实。 你知道吗?12减9是3。 继续往下。 事实:4乘19是76。

这也重要。 你知道吗?2乘12是24。 再有一个事实。 简而言之:100的15%是15。 继续往下。 常识:21加61是82。 再有一个事实。

确定:16减11是5。 继续往下。 95加62是157。 继续。 事实:20乘7是140。 继续往下。 简而言之:23减20是3。

这也重要。 常识:10乘13是130。 继续往下。 简而言之:约在12:30。

文章结束。做得好。"
608,日常计算–第218部分,"本文介绍重要事实。静静阅读。

87减72是15。 继续。 你知道吗?54除以18是3。 再有一个事实。 2乘19是38。 继续。 确定:44除以2是22。

再有一个事实。 确定:5小时15分钟。 这也重要。 记住:81除以3是27。 就说到这里。 记住:72除以4是18。 再有一个事实。

事实:1000的50%是500。 继续。 常识:8乘5是40。 就说到这里。 简而言之:300的10%是30。 再有一个事实。 常识:69加35是104。

就说到这里。 你知道吗?6乘19是114。 再有一个事实。 464除以16是29。

现在你知道事实了。"
609,日常计算–第219部分,"这里学习有序知识。慢慢来。

事实:30加46是76。 继续往下。 常识:260除以13是20。 就说到这里。 确定:62减51是11。 就说到这里。 100的50%是50。

再有一个事实。 400的10%是40。 说完这个,说下一个。 确定:7减5是2。 说完这个,说下一个。 你知道吗?10乘11是110。 再有一个事实。

确定:182除以14是13。 继续往下。 事实:57加38是95。 说完这个,说下一个。 72除以4是18。 继续。 81加20是101。

这也重要。 简而言之:276除以12是23。 这也重要。 事实:8乘20是160。

概述结束。"
610,日常计算–第220部分,"本文介绍重要事实。静静阅读。

记住:21加47是68。 这也重要。 记住:9乘5是45。 说完这个,说下一个。 确定:32减11是21。 继续。 300的50%是150。

继续。 常识:19加70是89。 继续。 确定:5乘4是20。 这也重要。 简而言之:21:45结束。 就说到这里。

你知道吗?50加73是123。 就说到这里。 常识:57减42是15。 这也重要。 你知道吗?62减51是11。 说完这个,说下一个。 简而言之:20乘12是240。

就说到这里。 3加49是52。 说完这个,说下一个。 简而言之:12乘17是204。

这是主题最重要的内容。"
611,日常计算–第221部分,"本文一步一步解释事实。

简而言之:20加6是26。 继续往下。 常识:每人25欧元。 再有一个事实。 常识:2小时是120分钟。 继续往下。 简而言之:2000的5%是100。

再有一个事实。 确定:43加38是81。 说完这个,说下一个。 常识:59加89是148。 继续。 确定:48加59是107。 再有一个事实。

33除以11是3。 说完这个,说下一个。 20乘4是80。 继续往下。 常识:104除以8是13。 这也重要。 记住:86加36是122。

说完这个,说下一个。 记住:13乘20是260。 这也重要。 简而言之:247除以19是13。

概述结束。"
612,日常计算–第222部分,"这里学习有序知识。慢慢来。

简而言之:45减42是3。 继续。 事实:8乘7是56。 继续往下。 13乘3是39。 再有一个事实。 记住:59加50是109。

继续。 简而言之:2乘12是24。 这也重要。 事实:31加85是116。 再有一个事实。 事实:154除以14是11。 再有一个事实。

15乘10是150。 再有一个事实。 简而言之:14乘18是252。 继续。 确定:80除以20是4。 继续往下。 常识:176除以8是22。

继续往下。 简而言之:510除以17是30。 再有一个事实。 简而言之:18乘19是342。

文章结束。做得好。"
613,日常计算–第223部分,"这里学习有序知识。慢慢来。

简而言之:81加20是101。 继续。 确定:10乘8是80。 这也重要。 简而言之:38减21是17。 继续。 常识:一分钟60秒。

这也重要。 事实:10乘8是80。 继续。 记住:83减2是81。 继续往下。 记住:98减54是44。 继续。

你知道吗?10乘11是110。 再有一个事实。 10乘16是160。 这也重要。 95加87是182。 再有一个事实。 记住:27减26是1。

再有一个事实。 记住:19乘8是152。 说完这个,说下一个。 你知道吗?54加71是125。

概述结束。"
614,日常计算–第224部分,"下面是验证过的知识。

事实:400的75%是300。 再有一个事实。 你知道吗?21加47是68。 就说到这里。 确定:58减31是27。 说完这个,说下一个。 确定:69加53是122。

继续往下。 常识:9减7是2。 继续。 事实:98减76是22。 继续往下。 4除以2是2。 继续往下。

简而言之:3加49是52。 说完这个,说下一个。 360除以15是24。 继续。 确定:51除以3是17。 这也重要。 你知道吗?21加61是82。

继续。 事实:156除以13是12。 继续往下。 记住:513除以19是27。

文章结束。做得好。"
615,日常计算–第225部分,"本文一步一步解释事实。

简而言之:4乘12是48。 说完这个,说下一个。 记住:9乘12是108。 再有一个事实。 常识:剩2个苹果。 继续往下。 31减23是8。

继续往下。 事实:260除以13是20。 说完这个,说下一个。 记住:75减9是66。 再有一个事实。 确定:500的15%是75。 再有一个事实。

确定:24加22是46。 继续往下。 简而言之:54除以18是3。 这也重要。 简而言之:61加35是96。 说完这个,说下一个。 13乘20是260。

就说到这里。 你知道吗?14加20是34。 说完这个,说下一个。 常识:81加12是93。

概述结束。"
616,日常计算–第226部分,"本文介绍重要事实。静静阅读。

简而言之:500的50%是250。 继续往下。 记住:391除以17是23。 继续往下。 152除以19是8。 继续。 确定:57减42是15。

就说到这里。 记住:84除以7是12。 再有一个事实。 简而言之:300的20%是60。 这也重要。 确定:220除以10是22。 就说到这里。

你知道吗?24除以2是12。 再有一个事实。 确定:83加70是153。 再有一个事实。 确定:18乘16是288。 再有一个事实。 事实:62减18是44。

这也重要。 记住:16除以4是4。 再有一个事实。 记住:74加9是83。

文章结束。做得好。"
617,日常计算–第227部分,"本文介绍重要事实。静静阅读。

事实:95加62是157。 就说到这里。 记住:81减6是75。 继续。 常识:9乘5是45。 继续往下。 事实:17加19是36。

再有一个事实。 你知道吗?60加10是70。 说完这个,说下一个。 你知道吗?5乘4是20。 继续往下。 确定:13乘3是39。 就说到这里。

500的20%是100。 说完这个,说下一个。 你知道吗?12加37是49。 再有一个事实。 44除以2是22。 再有一个事实。 常识:68加63是131。

这也重要。 你知道吗?83减8是75。 说完这个,说下一个。 记住:5乘17是85。

现在你知道事实了。"
618,日常计算–第228部分,"本文一步一步解释事实。

简而言之:86减62是24。 这也重要。 你知道吗?81加20是101。 就说到这里。 事实:81除以3是27。 这也重要。 你知道吗?44加61是105。

就说到这里。 简而言之:464除以16是29。 继续往下。 确定:20乘15是300。 这也重要。 确定:48减29是19。 继续。

简而言之:75减9是66。 就说到这里。 事实:270除以18是15。 这也重要。 简而言之:30加46是76。 就说到这里。 18乘12是216。

就说到这里。 你知道吗?2乘18是36。 说完这个,说下一个。 记住:13乘20是260。

现在你知道事实了。"
619,日常计算–第229部分,"这里学习有序知识。慢慢来。

简而言之:288除以12是24。 再有一个事实。 72加2是74。 这也重要。 记住:69除以3是23。 再有一个事实。 事实:75减24是51。

这也重要。 事实:500的15%是75。 继续。 简而言之:39加46是85。 再有一个事实。 简而言之:59加50是109。 继续。

事实:27减4是23。 说完这个,说下一个。 常识:24加22是46。 这也重要。 确定:270除以18是15。 就说到这里。 简而言之:54加39是93。

就说到这里。 17乘13是221。 继续往下。 确定:1000的20%是200。

现在你知道事实了。"
620,日常计算–第230部分,"下面是验证过的知识。

常识:73减14是59。 再有一个事实。 6加95是101。 继续往下。 确定:66除以11是6。 继续往下。 43加38是81。

说完这个,说下一个。 确定:69加53是122。 再有一个事实。 确定:11乘15是165。 继续。 152除以19是8。 说完这个,说下一个。

记住:87除以3是29。 说完这个,说下一个。 200的15%是30。 继续往下。 记住:57减42是15。 继续。 常识:95加78是173。

继续。 你知道吗?2小时是120分钟。 就说到这里。 确定:38减21是17。

这是主题最重要的内容。"
621,日常计算–第231部分,"本文一步一步解释事实。

事实:42减11是31。 就说到这里。 记住:9乘20是180。 继续往下。 事实:64加34是98。 说完这个,说下一个。 确定:77减8是69。

继续往下。 确定:25加28是53。 再有一个事实。 确定:42加95是137。 继续往下。 事实:64加45是109。 继续往下。

你知道吗?73加72是145。 就说到这里。 68减50是18。 说完这个,说下一个。 常识:72除以12是6。 再有一个事实。 常识:416除以16是26。

继续往下。 事实:200的12%是24。 再有一个事实。 常识:73减14是59。

这是主题最重要的内容。"
622,日常计算–第232部分,"本文一步一步解释事实。

记住:10乘7是70。 说完这个,说下一个。 记住:20乘12是240。 继续。 记住:18乘16是288。 说完这个,说下一个。 21加47是68。

继续。 常识:69加53是122。 这也重要。 简而言之:9加63是72。 继续往下。 记住:1000的20%是200。 继续。

常识:72减34是38。 再有一个事实。 7乘10是70。 这也重要。 你知道吗?13乘4是52。 继续。 确定:13乘3是39。

说完这个,说下一个。 常识:31加2是33。 再有一个事实。 常识:64加34是98。

文章结束。做得好。"
623,日常计算–第233部分,"本文介绍重要事实。静静阅读。

你知道吗?36加73是109。 再有一个事实。 确定:288除以12是24。 就说到这里。 常识:14乘6是84。 说完这个,说下一个。 简而言之:17减8是9。

这也重要。 事实:247除以19是13。 再有一个事实。 常识:7减5是2。 再有一个事实。 记住:4乘2是8。 说完这个,说下一个。

确定:70减14是56。 就说到这里。 常识:464除以16是29。 说完这个,说下一个。 简而言之:435除以15是29。 继续。 常识:31加2是33。

再有一个事实。 确定:28加30是58。 再有一个事实。 你知道吗?300的25%是75。

概述结束。"
624,日常计算–第234部分,"这里学习有序知识。慢慢来。

记住:81减21是60。 继续往下。 事实:60加10是70。 这也重要。 简而言之:14乘13是182。 说完这个,说下一个。 常识:2000的15%是300。

说完这个,说下一个。 38减23是15。 继续往下。 常识:一年365天,闰年366天。 就说到这里。 54除以18是3。 继续往下。

你知道吗?7乘5是35。 说完这个,说下一个。 100的25%是25。 继续往下。 常识:32减11是21。 继续往下。 确定:12乘15是180。

再有一个事实。 90除以6是15。 继续往下。 你知道吗?17乘4是68。

现在你知道事实了。"
625,日常计算–第235部分,"下面是验证过的知识。

确定:500的75%是375。 继续往下。 常识:13乘18是234。 再有一个事实。 常识:88加84是172。 继续往下。 你知道吗?150除以5是30。

继续。 确定:84加82是166。 继续往下。 事实:7乘15是105。 继续往下。 45减42是3。 说完这个,说下一个。

记住:49减16是33。 继续往下。 确定:100的75%是75。 再有一个事实。 确定:9乘5是45。 这也重要。 你知道吗?83加11是94。

说完这个,说下一个。 常识:145除以5是29。 继续往下。 事实:24除以8是3。

文章结束。做得好。"
626,日常计算–第236部分,"本文介绍重要事实。静静阅读。

24除以2是12。 说完这个,说下一个。 你知道吗?12加37是49。 继续。 简而言之:12乘3是36。 继续往下。 记住:12乘4是48。

就说到这里。 你知道吗?5乘4是20。 再有一个事实。 81除以3是27。 继续。 你知道吗?34除以2是17。 就说到这里。

确定:41加25是66。 说完这个,说下一个。 常识:19乘2是38。 说完这个,说下一个。 确定:51除以17是3。 继续。 确定:32除以2是16。

这也重要。 简而言之:5小时15分钟。 继续。 确定:7乘5是35。

现在你知道事实了。"
627,日常计算–第237部分,"下面是验证过的知识。

12乘17是204。 再有一个事实。 你知道吗?300的20%是60。 继续往下。 你知道吗?19加70是89。 说完这个,说下一个。 常识:69加35是104。

继续。 确定:78加96是174。 继续。 简而言之:7加23是30。 这也重要。 确定:5乘17是85。 继续。

常识:17乘3是51。 说完这个,说下一个。 常识:276除以12是23。 再有一个事实。 确定:31加85是116。 这也重要。 事实:11乘17是187。

就说到这里。 确定:10乘10是100。 这也重要。 确定:82加18是100。

概述结束。"
628,日常计算–第238部分,"这里学习有序知识。慢慢来。

4乘19是76。 再有一个事实。 事实:20减11是9。 再有一个事实。 常识:340除以17是20。 这也重要。 210除以7是30。

说完这个,说下一个。 16除以4是4。 这也重要。 简而言之:53加65是118。 再有一个事实。 常识:100的75%是75。 这也重要。

98减54是44。 再有一个事实。 确定:57减42是15。 这也重要。 简而言之:58除以2是29。 就说到这里。 记住:322除以14是23。

再有一个事实。 事实:459除以17是27。 继续。 常识:8乘7是56。

现在你知道事实了。"
629,日常计算–第239部分,"下面是验证过的知识。

58加78是136。 再有一个事实。 常识:53加65是118。 继续往下。 你知道吗?104除以8是13。 再有一个事实。 事实:5乘9是45。

就说到这里。 你知道吗?57加38是95。 这也重要。 确定:42减11是31。 继续。 简而言之:98减76是22。 再有一个事实。

25除以5是5。 这也重要。 89加8是97。 再有一个事实。 记住:48加51是99。 再有一个事实。 记住:500的25%是125。

再有一个事实。 常识:52减27是25。 再有一个事实。 简而言之:2000的75%是1500。

现在你知道事实了。"
630,日常计算–第240部分,"本文一步一步解释事实。

80除以20是4。 继续往下。 你知道吗?322除以14是23。 这也重要。 常识:247除以19是13。 再有一个事实。 你知道吗?19乘18是342。

再有一个事实。 确定:81加20是101。 说完这个,说下一个。 常识:19乘18是342。 继续往下。 常识:约在12:30。 这也重要。

事实:300的20%是60。 这也重要。 你知道吗?9减7是2。 继续。 确定:20乘7是140。 继续。 常识:89加8是97。

这也重要。 10乘13是130。 继续。 简而言之:14乘3是42。

概述结束。"
631,日常计算–第241部分,"这里学习有序知识。慢慢来。

4乘6是24。 就说到这里。 事实:24除以8是3。 说完这个,说下一个。 事实:69除以3是23。 说完这个,说下一个。 记住:500的5%是25。

这也重要。 简而言之:416除以16是26。 继续。 你知道吗?67减28是39。 就说到这里。 事实:73加72是145。 就说到这里。

确定:57加9是66。 继续往下。 你知道吗?14乘13是182。 这也重要。 事实:300的25%是75。 继续往下。 你知道吗?48除以4是12。

这也重要。 你知道吗?25加97是122。 继续往下。 记住:255除以17是15。

概述结束。"
632,日常计算–第242部分,"这里学习有序知识。慢慢来。

你知道吗?15乘4是60。 这也重要。 事实:98减83是15。 就说到这里。 14加20是34。 就说到这里。 确定:64加45是109。

说完这个,说下一个。 常识:99加42是141。 继续。 常识:7乘7是49。 继续。 你知道吗?94加14是108。 就说到这里。

确定:11乘18是198。 再有一个事实。 确定:150除以5是30。 这也重要。 事实:9乘12是108。 再有一个事实。 简而言之:81减21是60。

继续。 20乘7是140。 再有一个事实。 你知道吗?209除以19是11。

这是主题最重要的内容。"
633,日常计算–第243部分,"本文一步一步解释事实。

简而言之:86加78是164。 继续往下。 常识:9乘20是180。 说完这个,说下一个。 简而言之:86减62是24。 说完这个,说下一个。 记住:100的50%是50。

这也重要。 12加37是49。 再有一个事实。 60减31是29。 说完这个,说下一个。 简而言之:18乘19是342。 这也重要。

你知道吗?5乘4是20。 说完这个,说下一个。 常识:435除以15是29。 就说到这里。 记住:16:45到。 继续。 记住:513除以19是27。

说完这个,说下一个。 记住:10乘16是160。 继续。 事实:5小时15分钟。

文章结束。做得好。"
634,日常计算–第244部分,"本文介绍重要事实。静静阅读。

84加82是166。 说完这个,说下一个。 常识:19乘18是342。 这也重要。 62减28是34。 再有一个事实。 13乘11是143。

说完这个,说下一个。 记住:61加35是96。 继续往下。 事实:72减26是46。 继续。 70减14是56。 说完这个,说下一个。

确定:89加59是148。 说完这个,说下一个。 简而言之:55加83是138。 就说到这里。 简而言之:2000的5%是100。 就说到这里。 记住:62减51是11。

再有一个事实。 常识:260除以20是13。 这也重要。 事实:87减72是15。

文章结束。做得好。"
635,日常计算–第245部分,"本文一步一步解释事实。

180除以18是10。 就说到这里。 简而言之:89加59是148。 就说到这里。 事实:1000的10%是100。 就说到这里。 确定:154除以14是11。

再有一个事实。 确定:14减11是3。 说完这个,说下一个。 常识:27减17是10。 再有一个事实。 确定:83加51是134。 继续。

常识:100的75%是75。 继续。 简而言之:20乘5是100。 说完这个,说下一个。 你知道吗?24除以2是12。 再有一个事实。 简而言之:61加92是153。

继续往下。 简而言之:340除以17是20。 再有一个事实。 2000的10%是200。

文章结束。做得好。"
636,日常计算–第246部分,"本文一步一步解释事实。

简而言之:300的25%是75。 继续。 常识:260除以20是13。 就说到这里。 确定:14乘5是70。 继续往下。 常识:125除以5是25。

就说到这里。 记住:65减57是8。 说完这个,说下一个。 确定:36除以18是2。 再有一个事实。 简而言之:8乘10是80。 继续。

简而言之:10乘8是80。 这也重要。 事实:31加85是116。 继续。 记住:31加2是33。 说完这个,说下一个。 事实:56减8是48。

就说到这里。 14乘13是182。 说完这个,说下一个。 事实:6乘2是12。

这是主题最重要的内容。"
637,日常计算–第247部分,"本文介绍重要事实。静静阅读。

简而言之:13乘16是208。 再有一个事实。 30加46是76。 继续。 51除以3是17。 说完这个,说下一个。 18乘16是288。

就说到这里。 247除以19是13。 继续。 确定:10乘7是70。 继续往下。 确定:约在12:30。 再有一个事实。

你知道吗?72除以12是6。 继续往下。 简而言之:300的20%是60。 说完这个,说下一个。 你知道吗?26减22是4。 继续。 常识:20乘15是300。

继续往下。 你知道吗?81加20是101。 继续。 简而言之:2乘10是20。

这是主题最重要的内容。"
638,日常计算–第248部分,"本文一步一步解释事实。

简而言之:5加26是31。 再有一个事实。 记住:12乘17是204。 继续往下。 确定:300的25%是75。 继续往下。 记住:152除以19是8。

这也重要。 确定:4乘6是24。 继续往下。 确定:2乘19是38。 继续往下。 你知道吗?72减34是38。 再有一个事实。

常识:12乘17是204。 说完这个,说下一个。 确定:9减7是2。 说完这个,说下一个。 简而言之:84加68是152。 继续往下。 常识:150除以6是25。

再有一个事实。 你知道吗?11乘15是165。 这也重要。 你知道吗?5乘17是85。

概述结束。"
639,日常计算–第249部分,"本文介绍重要事实。静静阅读。

简而言之:17乘3是51。 再有一个事实。 41加25是66。 这也重要。 简而言之:72减26是46。 这也重要。 你知道吗?4乘6是24。

就说到这里。 事实:200的15%是30。 说完这个,说下一个。 事实:300的10%是30。 这也重要。 你知道吗?6加95是101。 继续往下。

事实:8加19是27。 说完这个,说下一个。 简而言之:12乘15是180。 这也重要。 事实:38减23是15。 这也重要。 常识:8乘15是120。

这也重要。 事实:58加78是136。 继续往下。 确定:36加95是131。

现在你知道事实了。"
640,日常计算–第250部分,"本文一步一步解释事实。

46减13是33。 说完这个,说下一个。 你知道吗?31加85是116。 再有一个事实。 事实:5乘17是85。 继续往下。 88加84是172。

就说到这里。 简而言之:一分钟60秒。 说完这个,说下一个。 简而言之:20乘12是240。 说完这个,说下一个。 常识:11乘17是187。 说完这个,说下一个。

事实:28减2是26。 再有一个事实。 事实:30加46是76。 再有一个事实。 简而言之:16减11是5。 再有一个事实。 你知道吗?25乘4是100。

就说到这里。 确定:5乘4是20。 就说到这里。 确定:57加38是95。

文章结束。做得好。"
641,日常计算–第251部分,"本文一步一步解释事实。

简而言之:20乘4是80。 继续。 记住:83减2是81。 继续往下。 事实:260除以20是13。 继续往下。 确定:21加47是68。

继续往下。 简而言之:61减53是8。 继续往下。 记住:24加22是46。 继续往下。 你知道吗?100的20%是20。 继续往下。

事实:68减50是18。 这也重要。 150除以5是30。 就说到这里。 确定:60减31是29。 再有一个事实。 记住:98减83是15。

再有一个事实。 常识:25减18是7。 继续。 你知道吗?32减11是21。

现在你知道事实了。"
642,日常计算–第252部分,"下面是验证过的知识。

确定:44除以4是11。 继续往下。 你知道吗?32减11是21。 说完这个,说下一个。 确定:86加36是122。 继续往下。 确定:182除以14是13。

说完这个,说下一个。 记住:2000的5%是100。 就说到这里。 常识:7乘15是105。 再有一个事实。 事实:72减34是38。 就说到这里。

简而言之:9加63是72。 继续。 简而言之:21加47是68。 再有一个事实。 记住:91减21是70。 再有一个事实。 记住:12除以3是4。

继续往下。 确定:56除以14是4。 说完这个,说下一个。 记住:16减11是5。

现在你知道事实了。"
643,日常计算–第253部分,"下面是验证过的知识。

事实:72除以4是18。 继续往下。 确定:10乘13是130。 说完这个,说下一个。 17乘13是221。 再有一个事实。 简而言之:19乘2是38。

继续往下。 常识:145除以5是29。 就说到这里。 简而言之:7乘5是35。 这也重要。 常识:459除以17是27。 这也重要。

你知道吗?83加11是94。 就说到这里。 48除以8是6。 说完这个,说下一个。 简而言之:209除以19是11。 这也重要。 事实:54除以9是6。

再有一个事实。 事实:6乘8是48。 再有一个事实。 你知道吗?57加38是95。

这是主题最重要的内容。"
644,日常计算–第254部分,"下面是验证过的知识。

简而言之:391除以17是23。 继续。 78减11是67。 继续往下。 简而言之:86加36是122。 继续往下。 事实:42减11是31。

这也重要。 事实:84加68是152。 继续。 常识:睡8小时。 继续往下。 事实:57加9是66。 继续。

常识:13乘18是234。 再有一个事实。 常识:100的75%是75。 说完这个,说下一个。 你知道吗?17加19是36。 说完这个,说下一个。 事实:2乘18是36。

继续往下。 你知道吗?49减37是12。 继续。 记住:82加18是100。

现在你知道事实了。"
645,日常计算–第255部分,"本文一步一步解释事实。

事实:260除以20是13。 就说到这里。 常识:500的25%是125。 继续。 事实:4除以2是2。 这也重要。 事实:58减31是27。

继续。 简而言之:13乘20是260。 继续。 确定:416除以16是26。 继续往下。 记住:9减7是2。 再有一个事实。

事实:255除以17是15。 再有一个事实。 记住:81加12是93。 说完这个,说下一个。 事实:100的75%是75。 继续。 常识:13乘4是52。

就说到这里。 常识:88减14是74。 继续。 常识:59加50是109。

这是主题最重要的内容。"
646,日常计算–第256部分,"本文介绍重要事实。静静阅读。

6乘9是54。 继续往下。 记住:44除以2是22。 再有一个事实。 你知道吗?32除以2是16。 就说到这里。 常识:45加90是135。

继续往下。 事实:54减52是2。 说完这个,说下一个。 记住:67减28是39。 再有一个事实。 常识:97加8是105。 就说到这里。

简而言之:300的10%是30。 就说到这里。 确定:56除以14是4。 这也重要。 确定:55减45是10。 就说到这里。 你知道吗?6加95是101。

继续往下。 常识:57减42是15。 说完这个,说下一个。 事实:53加65是118。

现在你知道事实了。"
647,日常计算–第257部分,"本文一步一步解释事实。

确定:72减26是46。 说完这个,说下一个。 事实:8乘15是120。 继续。 事实:72加2是74。 这也重要。 事实:80除以10是8。

就说到这里。 100的25%是25。 继续。 常识:152除以19是8。 说完这个,说下一个。 记住:99加42是141。 就说到这里。

确定:61减53是8。 就说到这里。 事实:15乘15是225。 就说到这里。 2乘19是38。 继续往下。 事实:100的10%是10。

就说到这里。 你知道吗?1000的10%是100。 说完这个,说下一个。 常识:73加72是145。

现在你知道事实了。"
648,日常计算–第258部分,"本文一步一步解释事实。

26加52是78。 说完这个,说下一个。 常识:260除以20是13。 继续。 简而言之:14乘14是196。 继续。 事实:35减18是17。

说完这个,说下一个。 事实:260除以20是13。 这也重要。 确定:7减5是2。 继续。 简而言之:10减7是3。 再有一个事实。

确定:45减42是3。 再有一个事实。 确定:65减57是8。 继续往下。 事实:20乘11是220。 说完这个,说下一个。 确定:57加9是66。

继续。 记住:20乘11是220。 这也重要。 记住:78加97是175。

现在你知道事实了。"
649,日常计算–第259部分,"这里学习有序知识。慢慢来。

事实:17减10是7。 再有一个事实。 你知道吗?59加50是109。 这也重要。 70减14是56。 继续往下。 简而言之:2乘12是24。

继续往下。 事实:86加36是122。 这也重要。 36除以18是2。 说完这个,说下一个。 确定:3乘9是27。 再有一个事实。

记住:260除以13是20。 再有一个事实。 你知道吗?92除以4是23。 就说到这里。 你知道吗?40除以4是10。 就说到这里。 事实:11乘14是154。

继续往下。 你知道吗?8乘7是56。 说完这个,说下一个。 你知道吗?3乘2是6。

文章结束。做得好。"
650,日常计算–第260部分,"本文介绍重要事实。静静阅读。

记住:6乘9是54。 再有一个事实。 你知道吗?72减43是29。 再有一个事实。 事实:510除以17是30。 就说到这里。 简而言之:104除以8是13。

继续往下。 事实:400的10%是40。 再有一个事实。 常识:96除以6是16。 这也重要。 你知道吗?31加2是33。 就说到这里。

常识:2000的15%是300。 就说到这里。 确定:156除以13是12。 说完这个,说下一个。 记住:50加73是123。 再有一个事实。 常识:12加37是49。

再有一个事实。 事实:16乘10是160。 再有一个事实。 简而言之:260除以10是26。

文章结束。做得好。"
651,日常计算–第261部分,"下面是验证过的知识。

事实:10乘16是160。 继续。 你知道吗?143除以11是13。 继续往下。 确定:13乘16是208。 这也重要。 5乘9是45。

继续。 简而言之:78加96是174。 继续往下。 154除以14是11。 这也重要。 简而言之:12乘3是36。 继续。

确定:5乘17是85。 就说到这里。 94加86是180。 就说到这里。 91减21是70。 这也重要。 事实:43加38是81。

再有一个事实。 事实:14乘17是238。 说完这个,说下一个。 72加2是74。

这是主题最重要的内容。"
652,日常计算–第262部分,"这里学习有序知识。慢慢来。

简而言之:睡8小时。 就说到这里。 简而言之:260除以10是26。 就说到这里。 确定:12乘17是204。 继续往下。 简而言之:48减29是19。

这也重要。 确定:30加46是76。 继续。 你知道吗?125除以5是25。 就说到这里。 确定:143除以13是11。 再有一个事实。

事实:36加22是58。 继续往下。 记住:500的20%是100。 继续。 你知道吗?45减42是3。 就说到这里。 81加20是101。

继续。 确定:13乘20是260。 继续往下。 事实:35减18是17。

这是主题最重要的内容。"
653,日常计算–第263部分,"这里学习有序知识。慢慢来。

确定:81加20是101。 继续往下。 常识:7乘5是35。 再有一个事实。 90加23是113。 再有一个事实。 事实:10乘16是160。

这也重要。 确定:7乘7是49。 继续往下。 简而言之:2000的20%是400。 继续往下。 常识:143除以13是11。 就说到这里。

记住:36加73是109。 这也重要。 事实:6乘2是12。 说完这个,说下一个。 简而言之:14乘14是196。 继续往下。 确定:55减45是10。

这也重要。 确定:55加83是138。 说完这个,说下一个。 常识:15乘15是225。

这是主题最重要的内容。"
654,日常计算–第264部分,"这里学习有序知识。慢慢来。

24除以2是12。 继续往下。 确定:80除以10是8。 继续。 常识:20乘12是240。 继续往下。 记住:42减11是31。

继续。 记住:13乘16是208。 继续。 常识:9减7是2。 继续。 14乘6是84。 再有一个事实。

事实:12乘15是180。 再有一个事实。 事实:4除以2是2。 说完这个,说下一个。 常识:9乘12是108。 继续。 确定:48减29是19。

就说到这里。 事实:88加84是172。 再有一个事实。 你知道吗?69加53是122。

文章结束。做得好。"
655,日常计算–第265部分,"本文介绍重要事实。静静阅读。

220除以20是11。 这也重要。 你知道吗?182除以14是13。 继续往下。 38减21是17。 再有一个事实。 常识:2000的15%是300。

说完这个,说下一个。 15乘4是60。 继续。 50加73是123。 说完这个,说下一个。 150除以6是25。 继续往下。

你知道吗?33除以11是3。 再有一个事实。 事实:81加12是93。 再有一个事实。 你知道吗?28加30是58。 说完这个,说下一个。 简而言之:100的50%是50。

继续往下。 记住:48减29是19。 就说到这里。 事实:10乘11是110。

这是主题最重要的内容。"
656,日常计算–第266部分,"本文一步一步解释事实。

事实:89加59是148。 这也重要。 常识:300的25%是75。 再有一个事实。 事实:睡8小时。 继续。 你知道吗?81减6是75。

继续。 54除以9是6。 说完这个,说下一个。 你知道吗?8除以4是2。 再有一个事实。 常识:20乘15是300。 继续往下。

常识:88加42是130。 说完这个,说下一个。 常识:9减7是2。 这也重要。 简而言之:19乘2是38。 就说到这里。 简而言之:2乘10是20。

继续。 你知道吗?89加59是148。 继续往下。 常识:2000的50%是1000。

文章结束。做得好。"
657,日常计算–第267部分,"这里学习有序知识。慢慢来。

8除以4是2。 继续。 常识:83加70是153。 继续。 事实:64加34是98。 就说到这里。 事实:17减8是9。

继续往下。 事实:61减53是8。 就说到这里。 常识:28减2是26。 这也重要。 事实:54除以18是3。 就说到这里。

简而言之:16减11是5。 继续往下。 记住:464除以16是29。 说完这个,说下一个。 你知道吗?3加49是52。 就说到这里。 事实:81加12是93。

这也重要。 12乘14是168。 再有一个事实。 简而言之:21加4是25。

这是主题最重要的内容。"
658,日常计算–第268部分,"这里学习有序知识。慢慢来。

记住:17乘9是153。 再有一个事实。 简而言之:400的25%是100。 说完这个,说下一个。 确定:300的25%是75。 说完这个,说下一个。 确定:260除以10是26。

说完这个,说下一个。 简而言之:86加78是164。 这也重要。 常识:400的25%是100。 这也重要。 常识:300的20%是60。 就说到这里。

简而言之:68加8是76。 继续。 确定:94加14是108。 这也重要。 49减16是33。 这也重要。 记住:1000的50%是500。

这也重要。 事实:19乘10是190。 再有一个事实。 事实:2小时是120分钟。

现在你知道事实了。"
659,日常计算–第269部分,"本文介绍重要事实。静静阅读。

你知道吗?7乘6是42。 这也重要。 59加10是69。 就说到这里。 事实:200的5%是10。 就说到这里。 确定:44除以4是11。

再有一个事实。 常识:26加52是78。 继续往下。 简而言之:一分钟60秒。 就说到这里。 事实:52减27是25。 继续。

确定:300的20%是60。 再有一个事实。 常识:60减31是29。 这也重要。 事实:6乘2是12。 说完这个,说下一个。 简而言之:5乘15是75。

说完这个,说下一个。 确定:39加46是85。 再有一个事实。 确定:2000的10%是200。

文章结束。做得好。"
660,日常计算–第270部分,"这里学习有序知识。慢慢来。

记住:143除以11是13。 说完这个,说下一个。 确定:14乘3是42。 这也重要。 简而言之:100的20%是20。 这也重要。 常识:13乘18是234。

再有一个事实。 20加6是26。 继续。 你知道吗?88加84是172。 说完这个,说下一个。 常识:12乘4是48。 就说到这里。

事实:27减17是10。 继续往下。 记住:10乘8是80。 就说到这里。 你知道吗?1000的50%是500。 这也重要。 常识:38减21是17。

继续往下。 记住:28加83是111。 继续往下。 常识:48加59是107。

现在你知道事实了。"
661,日常计算–第271部分,"本文一步一步解释事实。

简而言之:196除以7是28。 继续往下。 17减10是7。 说完这个,说下一个。 常识:210除以7是30。 继续往下。 事实:71加71是142。

再有一个事实。 简而言之:500的50%是250。 就说到这里。 确定:100的20%是20。 继续。 你知道吗?20加59是79。 继续往下。

你知道吗?44加61是105。 继续。 29减21是8。 就说到这里。 你知道吗?98减76是22。 继续往下。 记住:14乘14是196。

就说到这里。 简而言之:28加83是111。 这也重要。 你知道吗?2乘18是36。

概述结束。"
662,日常计算–第272部分,"本文介绍重要事实。静静阅读。

192除以8是24。 继续。 记住:52减27是25。 这也重要。 你知道吗?288除以12是24。 继续。 简而言之:7减5是2。

继续。 记住:36加73是109。 这也重要。 记住:513除以19是27。 说完这个,说下一个。 事实:260除以13是20。 说完这个,说下一个。

你知道吗?8除以4是2。 这也重要。 常识:3乘9是27。 就说到这里。 事实:1000的10%是100。 说完这个,说下一个。 2乘10是20。

继续往下。 常识:300的10%是30。 继续往下。 记住:59加89是148。

概述结束。"
663,日常计算–第273部分,"本文介绍重要事实。静静阅读。

51减25是26。 继续往下。 确定:88加42是130。 再有一个事实。 常识:95加62是157。 继续往下。 简而言之:17加82是99。

说完这个,说下一个。 常识:6乘19是114。 这也重要。 10乘8是80。 就说到这里。 220除以20是11。 继续往下。

你知道吗?64加34是98。 说完这个,说下一个。 确定:68减50是18。 再有一个事实。 确定:19:30读完。 继续。 简而言之:17:05好。

再有一个事实。 事实:150除以6是25。 继续。 确定:26减22是4。

这是主题最重要的内容。"
664,日常计算–第274部分,"本文一步一步解释事实。

你知道吗?100的50%是50。 继续往下。 记住:8乘7是56。 这也重要。 事实:33加9是42。 继续。 事实:12除以3是4。

就说到这里。 事实:100除以20是5。 继续往下。 常识:11乘14是154。 继续。 简而言之:57减42是15。 这也重要。

你知道吗?13乘15是195。 就说到这里。 确定:13乘3是39。 继续往下。 确定:24除以8是3。 继续往下。 事实:88加42是130。

说完这个,说下一个。 事实:92减46是46。 说完这个,说下一个。 常识:12加37是49。

这是主题最重要的内容。"
665,日常计算–第275部分,"下面是验证过的知识。

你知道吗?400的10%是40。 再有一个事实。 记住:78加95是173。 就说到这里。 常识:3乘16是48。 继续往下。 确定:14加20是34。

说完这个,说下一个。 确定:73减14是59。 说完这个,说下一个。 简而言之:80加62是142。 就说到这里。 13乘11是143。 这也重要。

简而言之:200的12%是24。 继续。 确定:500的75%是375。 继续往下。 简而言之:4乘19是76。 继续。 简而言之:12减11是1。

继续往下。 简而言之:80除以20是4。 继续往下。 记住:49减37是12。

现在你知道事实了。"
666,日常计算–第276部分,"本文一步一步解释事实。

10乘11是110。 再有一个事实。 常识:17乘4是68。 就说到这里。 常识:3加49是52。 这也重要。 你知道吗?100的20%是20。

继续。 常识:37加48是85。 这也重要。 事实:94加86是180。 再有一个事实。 事实:500的15%是75。 这也重要。

确定:8乘10是80。 继续往下。 记住:7乘5是35。 再有一个事实。 你知道吗?10乘5是50。 继续。 记住:2000的5%是100。

继续。 你知道吗?65减57是8。 再有一个事实。 你知道吗?10乘10是100。

文章结束。做得好。"
667,日常计算–第277部分,"下面是验证过的知识。

记住:31加85是116。 就说到这里。 常识:83减2是81。 再有一个事实。 记住:100的50%是50。 这也重要。 简而言之:2乘18是36。

继续。 确定:60减31是29。 再有一个事实。 记住:61加35是96。 这也重要。 常识:78加97是175。 再有一个事实。

常识:500的75%是375。 就说到这里。 事实:64加34是98。 继续往下。 记住:3加46是49。 继续。 事实:24加22是46。

这也重要。 记住:95加78是173。 这也重要。 确定:340除以17是20。

概述结束。"
668,日常计算–第278部分,"这里学习有序知识。慢慢来。

你知道吗?435除以15是29。 继续。 记住:81减6是75。 继续往下。 确定:260除以13是20。 再有一个事实。 确定:300的50%是150。

就说到这里。 事实:41加25是66。 就说到这里。 记住:4乘19是76。 说完这个,说下一个。 39加46是85。 继续往下。

常识:81减21是60。 这也重要。 简而言之:2乘18是36。 就说到这里。 你知道吗?83加70是153。 说完这个,说下一个。 你知道吗?81加12是93。

再有一个事实。 简而言之:13乘20是260。 就说到这里。 常识:29减21是8。

概述结束。"
669,日常计算–第279部分,"本文介绍重要事实。静静阅读。

常识:18减14是4。 说完这个,说下一个。 你知道吗?14乘18是252。 就说到这里。 简而言之:17乘4是68。 这也重要。 80除以20是4。

继续往下。 简而言之:46减39是7。 说完这个,说下一个。 72减26是46。 就说到这里。 事实:49减16是33。 继续往下。

简而言之:7乘18是126。 说完这个,说下一个。 确定:1000的10%是100。 就说到这里。 常识:27加51是78。 继续。 常识:90除以6是15。

再有一个事实。 常识:46减39是7。 说完这个,说下一个。 事实:6乘2是12。

这是主题最重要的内容。"
670,日常计算–第280部分,"这里学习有序知识。慢慢来。

你知道吗?29减21是8。 继续往下。 确定:92除以4是23。 继续往下。 你知道吗?270除以18是15。 这也重要。 事实:100除以20是5。

继续往下。 记住:36加22是58。 这也重要。 事实:459除以17是27。 继续往下。 记住:9乘12是108。 再有一个事实。

你知道吗?13乘20是260。 再有一个事实。 常识:38减21是17。 继续往下。 事实:3加49是52。 就说到这里。 记住:77减8是69。

就说到这里。 记住:500的20%是100。 继续往下。 你知道吗?12乘5是60。

现在你知道事实了。"
671,日常计算–第281部分,"本文介绍重要事实。静静阅读。

简而言之:31加2是33。 说完这个,说下一个。 常识:152除以19是8。 继续往下。 事实:17加82是99。 就说到这里。 确定:72加2是74。

再有一个事实。 简而言之:4乘19是76。 这也重要。 简而言之:196除以7是28。 再有一个事实。 你知道吗?5乘15是75。 继续。

17加82是99。 继续往下。 确定:7乘5是35。 继续。 你知道吗?28加83是111。 继续。 你知道吗?84加82是166。

就说到这里。 简而言之:11乘17是187。 继续。 你知道吗?14乘3是42。

文章结束。做得好。"
672,日常计算–第282部分,"下面是验证过的知识。

事实:30加46是76。 这也重要。 事实:49减43是6。 继续。 简而言之:510除以17是30。 就说到这里。 确定:400的25%是100。

继续。 记住:54减52是2。 说完这个,说下一个。 20加59是79。 这也重要。 87减72是15。 再有一个事实。

10乘16是160。 说完这个,说下一个。 简而言之:97加8是105。 说完这个,说下一个。 你知道吗?71加71是142。 再有一个事实。 记住:60加10是70。

继续往下。 54减12是42。 继续。 23加81是104。

现在你知道事实了。"
673,日常计算–第283部分,"这里学习有序知识。慢慢来。

你知道吗?2乘18是36。 继续。 你知道吗?100的50%是50。 就说到这里。 事实:81除以3是27。 这也重要。 事实:270除以18是15。

说完这个,说下一个。 确定:260除以13是20。 说完这个,说下一个。 确定:17加19是36。 就说到这里。 记住:18乘12是216。 说完这个,说下一个。

简而言之:300的20%是60。 就说到这里。 常识:156除以13是12。 再有一个事实。 你知道吗?42加95是137。 就说到这里。 简而言之:23加81是104。

继续。 39加46是85。 这也重要。 记住:18乘19是342。

现在你知道事实了。"
674,日常计算–第284部分,"本文介绍重要事实。静静阅读。

确定:100除以20是5。 这也重要。 记住:150除以5是30。 这也重要。 简而言之:89减43是46。 说完这个,说下一个。 确定:68加8是76。

继续往下。 你知道吗?8乘5是40。 再有一个事实。 确定:100的75%是75。 这也重要。 77减8是69。 这也重要。

简而言之:61减53是8。 再有一个事实。 事实:32减11是21。 再有一个事实。 记住:83加51是134。 继续往下。 你知道吗?51除以3是17。

继续。 记住:57加38是95。 就说到这里。 10减3是7。

文章结束。做得好。"
675,日常计算–第285部分,"这里学习有序知识。慢慢来。

事实:20乘12是240。 说完这个,说下一个。 确定:17减8是9。 这也重要。 记住:84加68是152。 这也重要。 记住:87除以3是29。

就说到这里。 196除以7是28。 继续往下。 确定:300的10%是30。 说完这个,说下一个。 确定:300的20%是60。 继续往下。

事实:100的20%是20。 说完这个,说下一个。 事实:74加9是83。 说完这个,说下一个。 记住:83加19是102。 再有一个事实。 确定:100除以20是5。

继续。 21加47是68。 说完这个,说下一个。 你知道吗?5乘17是85。

这是主题最重要的内容。"
676,日常计算–第286部分,"本文一步一步解释事实。

23加81是104。 继续。 你知道吗?78加97是175。 就说到这里。 59加10是69。 说完这个,说下一个。 83加11是94。

说完这个,说下一个。 记住:83加19是102。 就说到这里。 你知道吗?196除以7是28。 继续往下。 事实:9乘4是36。 继续往下。

80除以20是4。 再有一个事实。 12乘5是60。 继续往下。 记住:20乘11是220。 就说到这里。 事实:75减9是66。

说完这个,说下一个。 记住:80除以10是8。 这也重要。 简而言之:300的25%是75。

概述结束。"
677,日常计算–第287部分,"本文一步一步解释事实。

简而言之:82加18是100。 说完这个,说下一个。 确定:100的20%是20。 这也重要。 你知道吗?91减21是70。 继续。 27加51是78。

这也重要。 你知道吗?16乘5是80。 继续。 确定:20乘5是100。 就说到这里。 常识:247除以19是13。 说完这个,说下一个。

简而言之:12加37是49。 这也重要。 确定:75减24是51。 就说到这里。 事实:8乘5是40。 继续。 简而言之:1000的50%是500。

继续往下。 记住:64减47是17。 这也重要。 你知道吗?55加83是138。

概述结束。"
678,日常计算–第288部分,"下面是验证过的知识。

简而言之:26减22是4。 就说到这里。 你知道吗?40减35是5。 继续往下。 你知道吗?1000的5%是50。 说完这个,说下一个。 简而言之:3加46是49。

说完这个,说下一个。 常识:82加18是100。 再有一个事实。 事实:25乘4是100。 就说到这里。 事实:19乘2是38。 继续。

记住:12除以3是4。 再有一个事实。 常识:5乘15是75。 说完这个,说下一个。 196除以7是28。 再有一个事实。 常识:54加39是93。

继续。 100的15%是15。 这也重要。 确定:13乘18是234。

这是主题最重要的内容。"
679,日常计算–第289部分,"下面是验证过的知识。

确定:255除以17是15。 继续往下。 记住:57加9是66。 就说到这里。 常识:57加9是66。 继续往下。 你知道吗?40加43是83。

继续。 简而言之:58减32是26。 说完这个,说下一个。 常识:34除以2是17。 就说到这里。 常识:154除以14是11。 这也重要。

常识:10乘5是50。 就说到这里。 5乘9是45。 就说到这里。 简而言之:10乘10是100。 说完这个,说下一个。 常识:220除以10是22。

继续往下。 确定:300的20%是60。 再有一个事实。 你知道吗?68加8是76。

现在你知道事实了。"
680,日常计算–第290部分,"本文介绍重要事实。静静阅读。

简而言之:43加38是81。 这也重要。 你知道吗?8除以4是2。 继续往下。 简而言之:78减11是67。 就说到这里。 记住:94加14是108。

再有一个事实。 你知道吗?3加46是49。 说完这个,说下一个。 确定:18乘12是216。 继续。 确定:16减11是5。 继续往下。

简而言之:76除以4是19。 就说到这里。 事实:20乘11是220。 继续往下。 176除以8是22。 这也重要。 事实:40加43是83。

继续往下。 72加2是74。 就说到这里。 常识:71加71是142。

这是主题最重要的内容。"
681,日常建议–第1部分,"本文一步一步解释事实。

事实:面粉牛奶鸡蛋加盐搅,薄煎至金黄。 再有一个事实。 备好瓶,每餐一杯,用提醒。 说完这个,说下一个。 简而言之:日期灵活,比网站,早订。 这也重要。 记住:简短友好说不,可能提替代。

再有一个事实。 你知道吗?下离线地图,跟牌子,问人。 就说到这里。 开灯,喝杯水,动一下,呼吸新鲜空气。 这也重要。 你知道吗?都有优点:纸不分心好记,手机可搜随身。 继续往下。

记住:做简单番茄酱:调味,煮,浇在面上,撒奶酪。 说完这个,说下一个。 简而言之:卷衣服不叠,重的下,袜子填空。 这也重要。 确定:比如燕麦加水果酸奶,或全麦面包加蛋。 继续。 记住:写短信加表格简历和有用证书。

再有一个事实。 你知道吗?卷衣服不叠,重的下,袜子填空。 继续往下。 事实:卷衣服不叠,重的下,袜子填空。

这是主题最重要的内容。"
682,日常建议–第2部分,"这里学习有序知识。慢慢来。

确定:具体求:什么,何时,为什么。比如:今天帮我搬吗?谢谢! 就说到这里。 简而言之:卷衣服不叠,重的下,袜子填空。 这也重要。 确定:面粉牛奶鸡蛋加盐搅,薄煎至金黄。 这也重要。 事实:定预算,查订阅,多做饭,比价格,先存固定金额。

这也重要。 简而言之:最好每天短时用卡片,在句子里主动用加重复。 这也重要。 你知道吗?先收垃圾,再收洗衣,归位,最后擦。 继续往下。 事实:带:证件或护照,票,钱,手机加充电器,药,卫生用品和手提换洗。 就说到这里。

事实:定交通酒店,每天选2-3景点,留吃饭走路余地,定日预算。 继续。 常识:最好每天短时用卡片,在句子里主动用加重复。 这也重要。 做简单番茄酱:调味,煮,浇在面上,撒奶酪。 说完这个,说下一个。 记住:每周2次散步或轻运动,慢慢加。

说完这个,说下一个。 你知道吗?开灯,喝杯水,动一下,呼吸新鲜空气。 继续。 你知道吗?定预算,网站找,备材料,带问题看房。

这是主题最重要的内容。"
683,日常建议–第3部分,"本文一步一步解释事实。

简而言之:洗米,双倍水烧开,焖10-12分钟。 继续。 定交通酒店,每天选2-3景点,留吃饭走路余地,定日预算。 继续往下。 简而言之:日期灵活,比网站,早订。 说完这个,说下一个。 简而言之:定预算,查订阅,多做饭,比价格,先存固定金额。

说完这个,说下一个。 事实:做简单番茄酱:调味,煮,浇在面上,撒奶酪。 就说到这里。 记住:是的,带上。80%很可能下雨。 这也重要。 简而言之:多水加盐烧开,煮8-10分钟,捞出。 说完这个,说下一个。

你知道吗?卷衣服不叠,重的下,袜子填空。 继续。 记住:定预算,网站找,备材料,带问题看房。 这也重要。 常识:先收垃圾,再收洗衣,归位,最后擦。 再有一个事实。 记住:每周2次散步或轻运动,慢慢加。

说完这个,说下一个。 记住:最好每天短时用卡片,在句子里主动用加重复。 这也重要。 你知道吗?比如燕麦加水果酸奶,或全麦面包加蛋。

这是主题最重要的内容。"
684,日常建议–第4部分,"这里学习有序知识。慢慢来。

记住:比如燕麦加水果酸奶,或全麦面包加蛋。 继续往下。 事实:短休息,运动,够睡,谈谈有帮助。 这也重要。 你知道吗?带:证件或护照,票,钱,手机加充电器,药,卫生用品和手提换洗。 再有一个事实。 常识:最好每天短时用卡片,在句子里主动用加重复。

继续。 简而言之:面粉牛奶鸡蛋加盐搅,薄煎至金黄。 说完这个,说下一个。 简而言之:黑凉睡,不看手机,固定规律。 这也重要。 事实:定交通酒店,每天选2-3景点,留吃饭走路余地,定日预算。 继续往下。

记住:定交通酒店,每天选2-3景点,留吃饭走路余地,定日预算。 说完这个,说下一个。 简而言之:每周2次散步或轻运动,慢慢加。 说完这个,说下一个。 确定:短休息,运动,够睡,谈谈有帮助。 这也重要。 常识:开灯,喝杯水,动一下,呼吸新鲜空气。

继续。 你知道吗?开灯,喝杯水,动一下,呼吸新鲜空气。 就说到这里。 确定:日期灵活,比网站,早订。

概述结束。"
685,日常建议–第5部分,"本文介绍重要事实。静静阅读。

常识:先收垃圾,再收洗衣,归位,最后擦。 这也重要。 卷衣服不叠,重的下,袜子填空。 继续。 记住:短休息,运动,够睡,谈谈有帮助。 就说到这里。 你知道吗?面粉牛奶鸡蛋加盐搅,薄煎至金黄。

就说到这里。 记住:下离线地图,跟牌子,问人。 就说到这里。 定预算,网站找,备材料,带问题看房。 这也重要。 简而言之:具体求:什么,何时,为什么。比如:今天帮我搬吗?谢谢! 说完这个,说下一个。

记住:选3优先,块加休息,把分心放开。 这也重要。 简而言之:先收垃圾,再收洗衣,归位,最后擦。 这也重要。 你知道吗?手指测:上面干了浇,别涝。 继续。 确定:定预算,查订阅,多做饭,比价格,先存固定金额。

继续。 你知道吗?备好瓶,每餐一杯,用提醒。 继续。 每周2次散步或轻运动,慢慢加。

这是主题最重要的内容。"
686,日常建议–第6部分,"本文一步一步解释事实。

确定:定预算,查订阅,多做饭,比价格,先存固定金额。 说完这个,说下一个。 常识:最好每天短时用卡片,在句子里主动用加重复。 继续往下。 事实:写短信加表格简历和有用证书。 继续往下。 事实:做简单番茄酱:调味,煮,浇在面上,撒奶酪。

这也重要。 你知道吗?每周2次散步或轻运动,慢慢加。 继续。 事实:每周2次散步或轻运动,慢慢加。 再有一个事实。 事实:具体求:什么,何时,为什么。比如:今天帮我搬吗?谢谢! 再有一个事实。

常识:面粉牛奶鸡蛋加盐搅,薄煎至金黄。 继续往下。 手指测:上面干了浇,别涝。 说完这个,说下一个。 确定:日期灵活,比网站,早订。 这也重要。 事实:定预算,网站找,备材料,带问题看房。

继续往下。 常识:带:证件或护照,票,钱,手机加充电器,药,卫生用品和手提换洗。 就说到这里。 常识:洗米,双倍水烧开,焖10-12分钟。

这是主题最重要的内容。"
687,日常建议–第7部分,"这里学习有序知识。慢慢来。

常识:黑凉睡,不看手机,固定规律。 再有一个事实。 常识:备好瓶,每餐一杯,用提醒。 再有一个事实。 事实:简短友好说不,可能提替代。 说完这个,说下一个。 简而言之:定目标,每月自动存,加额外。

就说到这里。 事实:开灯,喝杯水,动一下,呼吸新鲜空气。 继续往下。 确定:多水加盐烧开,煮8-10分钟,捞出。 继续。 确定:定目标,每月自动存,加额外。 再有一个事实。

记住:带:证件或护照,票,钱,手机加充电器,药,卫生用品和手提换洗。 就说到这里。 记住:是的,带上。80%很可能下雨。 就说到这里。 你知道吗?写短信加表格简历和有用证书。 就说到这里。 带:证件或护照,票,钱,手机加充电器,药,卫生用品和手提换洗。

这也重要。 事实:写短信加表格简历和有用证书。 继续往下。 简而言之:早取消,短理由,提新时间。

概述结束。"
688,日常建议–第8部分,"本文一步一步解释事实。

事实:定交通酒店,每天选2-3景点,留吃饭走路余地,定日预算。 再有一个事实。 确定:是的,带上。80%很可能下雨。 说完这个,说下一个。 确定:简短友好说不,可能提替代。 继续往下。 带:证件或护照,票,钱,手机加充电器,药,卫生用品和手提换洗。

这也重要。 简而言之:最好每天短时用卡片,在句子里主动用加重复。 再有一个事实。 简而言之:定预算,网站找,备材料,带问题看房。 就说到这里。 常识:定预算,查订阅,多做饭,比价格,先存固定金额。 就说到这里。

你知道吗?多水加盐烧开,煮8-10分钟,捞出。 这也重要。 写短信加表格简历和有用证书。 再有一个事实。 比如燕麦加水果酸奶,或全麦面包加蛋。 说完这个,说下一个。 事实:备好瓶,每餐一杯,用提醒。

继续往下。 常识:是的,带上。80%很可能下雨。 这也重要。 简而言之:先收垃圾,再收洗衣,归位,最后擦。

这是主题最重要的内容。"
689,日常建议–第9部分,"这里学习有序知识。慢慢来。

确定:具体求:什么,何时,为什么。比如:今天帮我搬吗?谢谢! 继续。 你知道吗?简短友好说不,可能提替代。 这也重要。 常识:手指测:上面干了浇,别涝。 这也重要。 你知道吗?写短信加表格简历和有用证书。

这也重要。 事实:简短友好说不,可能提替代。 继续往下。 简而言之:定预算,查订阅,多做饭,比价格,先存固定金额。 继续。 常识:说出错,负责,表歉意,提弥补,简短真诚。 就说到这里。

你知道吗?定预算,查订阅,多做饭,比价格,先存固定金额。 这也重要。 常识:洗米,双倍水烧开,焖10-12分钟。 说完这个,说下一个。 记住:写短信加表格简历和有用证书。 继续往下。 常识:定预算,查订阅,多做饭,比价格,先存固定金额。

继续往下。 你知道吗?开灯,喝杯水,动一下,呼吸新鲜空气。 这也重要。 确定:日期灵活,比网站,早订。

现在你知道事实了。"
690,日常建议–第10部分,"本文介绍重要事实。静静阅读。

写短信加表格简历和有用证书。 这也重要。 确定:写短信加表格简历和有用证书。 这也重要。 常识:备好瓶,每餐一杯,用提醒。 说完这个,说下一个。 常识:写短信加表格简历和有用证书。

就说到这里。 事实:早取消,短理由,提新时间。 就说到这里。 简而言之:做简单番茄酱:调味,煮,浇在面上,撒奶酪。 这也重要。 记住:短休息,运动,够睡,谈谈有帮助。 再有一个事实。

简而言之:日期灵活,比网站,早订。 再有一个事实。 常识:具体求:什么,何时,为什么。比如:今天帮我搬吗?谢谢! 这也重要。 具体求:什么,何时,为什么。比如:今天帮我搬吗?谢谢! 就说到这里。 常识:早取消,短理由,提新时间。

继续往下。 简而言之:短休息,运动,够睡,谈谈有帮助。 这也重要。 带:证件或护照,票,钱,手机加充电器,药,卫生用品和手提换洗。

文章结束。做得好。"
691,日常建议–第11部分,"本文介绍重要事实。静静阅读。

简而言之:每周2次散步或轻运动,慢慢加。 就说到这里。 你知道吗?黑凉睡,不看手机,固定规律。 说完这个,说下一个。 事实:日期灵活,比网站,早订。 继续往下。 简而言之:早取消,短理由,提新时间。

就说到这里。 说出错,负责,表歉意,提弥补,简短真诚。 说完这个,说下一个。 简而言之:备好瓶,每餐一杯,用提醒。 这也重要。 事实:开灯,喝杯水,动一下,呼吸新鲜空气。 就说到这里。

多水加盐烧开,煮8-10分钟,捞出。 说完这个,说下一个。 确定:定预算,网站找,备材料,带问题看房。 就说到这里。 记住:做简单番茄酱:调味,煮,浇在面上,撒奶酪。 这也重要。 确定:具体求:什么,何时,为什么。比如:今天帮我搬吗?谢谢!

继续往下。 确定:定交通酒店,每天选2-3景点,留吃饭走路余地,定日预算。 就说到这里。 常识:具体求:什么,何时,为什么。比如:今天帮我搬吗?谢谢!

文章结束。做得好。"
692,日常建议–第12部分,"这里学习有序知识。慢慢来。

记住:说出错,负责,表歉意,提弥补,简短真诚。 继续。 常识:定预算,网站找,备材料,带问题看房。 再有一个事实。 简短友好说不,可能提替代。 这也重要。 记住:具体求:什么,何时,为什么。比如:今天帮我搬吗?谢谢!

继续往下。 简而言之:多水加盐烧开,煮8-10分钟,捞出。 继续。 简而言之:比如燕麦加水果酸奶,或全麦面包加蛋。 继续往下。 事实:多水加盐烧开,煮8-10分钟,捞出。 继续。

简而言之:写短信加表格简历和有用证书。 这也重要。 确定:短休息,运动,够睡,谈谈有帮助。 继续往下。 你知道吗?定预算,查订阅,多做饭,比价格,先存固定金额。 再有一个事实。 事实:日期灵活,比网站,早订。

这也重要。 你知道吗?每周2次散步或轻运动,慢慢加。 继续。 确定:黑凉睡,不看手机,固定规律。

概述结束。"
693,日常建议–第13部分,"下面是验证过的知识。

常识:最好每天短时用卡片,在句子里主动用加重复。 说完这个,说下一个。 确定:手指测:上面干了浇,别涝。 继续往下。 简而言之:卷衣服不叠,重的下,袜子填空。 继续。 常识:简短友好说不,可能提替代。

说完这个,说下一个。 事实:短休息,运动,够睡,谈谈有帮助。 继续往下。 写短信加表格简历和有用证书。 继续。 多水加盐烧开,煮8-10分钟,捞出。 继续。

事实:多水加盐烧开,煮8-10分钟,捞出。 这也重要。 常识:定目标,每月自动存,加额外。 这也重要。 事实:下离线地图,跟牌子,问人。 再有一个事实。 常识:说出错,负责,表歉意,提弥补,简短真诚。

说完这个,说下一个。 简而言之:短休息,运动,够睡,谈谈有帮助。 就说到这里。 事实:比如燕麦加水果酸奶,或全麦面包加蛋。

现在你知道事实了。"
694,日常建议–第14部分,"本文介绍重要事实。静静阅读。

记住:选3优先,块加休息,把分心放开。 就说到这里。 确定:定预算,网站找,备材料,带问题看房。 继续。 定预算,网站找,备材料,带问题看房。 继续往下。 都有优点:纸不分心好记,手机可搜随身。

这也重要。 常识:具体求:什么,何时,为什么。比如:今天帮我搬吗?谢谢! 再有一个事实。 简而言之:短休息,运动,够睡,谈谈有帮助。 继续往下。 记住:手指测:上面干了浇,别涝。 再有一个事实。

最好每天短时用卡片,在句子里主动用加重复。 就说到这里。 先收垃圾,再收洗衣,归位,最后擦。 继续。 简而言之:写短信加表格简历和有用证书。 说完这个,说下一个。 你知道吗?定预算,网站找,备材料,带问题看房。

说完这个,说下一个。 简而言之:面粉牛奶鸡蛋加盐搅,薄煎至金黄。 就说到这里。 事实:定交通酒店,每天选2-3景点,留吃饭走路余地,定日预算。

现在你知道事实了。"
695,日常建议–第15部分,"本文一步一步解释事实。

记住:短休息,运动,够睡,谈谈有帮助。 就说到这里。 简而言之:简短友好说不,可能提替代。 说完这个,说下一个。 你知道吗?最好每天短时用卡片,在句子里主动用加重复。 再有一个事实。 记住:备好瓶,每餐一杯,用提醒。

这也重要。 事实:最好每天短时用卡片,在句子里主动用加重复。 继续。 你知道吗?多水加盐烧开,煮8-10分钟,捞出。 继续往下。 选3优先,块加休息,把分心放开。 再有一个事实。

记住:比如燕麦加水果酸奶,或全麦面包加蛋。 就说到这里。 你知道吗?短休息,运动,够睡,谈谈有帮助。 继续。 简而言之:是的,带上。80%很可能下雨。 再有一个事实。 定预算,网站找,备材料,带问题看房。

说完这个,说下一个。 确定:开灯,喝杯水,动一下,呼吸新鲜空气。 继续。 定交通酒店,每天选2-3景点,留吃饭走路余地,定日预算。

文章结束。做得好。"
696,日常建议–第16部分,"本文介绍重要事实。静静阅读。

常识:手指测:上面干了浇,别涝。 继续。 确定:是的,带上。80%很可能下雨。 继续往下。 确定:开灯,喝杯水,动一下,呼吸新鲜空气。 这也重要。 确定:分块,主动自问,休息,第二天重复。

再有一个事实。 常识:选3优先,块加休息,把分心放开。 这也重要。 确定:写短信加表格简历和有用证书。 继续。 事实:定预算,查订阅,多做饭,比价格,先存固定金额。 这也重要。

常识:洗米,双倍水烧开,焖10-12分钟。 继续往下。 短休息,运动,够睡,谈谈有帮助。 再有一个事实。 记住:备好瓶,每餐一杯,用提醒。 继续往下。 你知道吗?做简单番茄酱:调味,煮,浇在面上,撒奶酪。

继续往下。 定交通酒店,每天选2-3景点,留吃饭走路余地,定日预算。 再有一个事实。 事实:定交通酒店,每天选2-3景点,留吃饭走路余地,定日预算。

现在你知道事实了。"
697,日常建议–第17部分,"下面是验证过的知识。

确定:做简单番茄酱:调味,煮,浇在面上,撒奶酪。 说完这个,说下一个。 记住:手指测:上面干了浇,别涝。 再有一个事实。 你知道吗?分块,主动自问,休息,第二天重复。 这也重要。 确定:卷衣服不叠,重的下,袜子填空。

说完这个,说下一个。 简而言之:都有优点:纸不分心好记,手机可搜随身。 就说到这里。 你知道吗?备好瓶,每餐一杯,用提醒。 继续往下。 简短友好说不,可能提替代。 说完这个,说下一个。

事实:写短信加表格简历和有用证书。 继续往下。 确定:短休息,运动,够睡,谈谈有帮助。 继续往下。 记住:先收垃圾,再收洗衣,归位,最后擦。 这也重要。 下离线地图,跟牌子,问人。

继续往下。 确定:定交通酒店,每天选2-3景点,留吃饭走路余地,定日预算。 再有一个事实。 常识:写短信加表格简历和有用证书。

文章结束。做得好。"
698,日常建议–第18部分,"本文一步一步解释事实。

记住:写短信加表格简历和有用证书。 就说到这里。 说出错,负责,表歉意,提弥补,简短真诚。 这也重要。 你知道吗?定预算,查订阅,多做饭,比价格,先存固定金额。 再有一个事实。 常识:面粉牛奶鸡蛋加盐搅,薄煎至金黄。

这也重要。 你知道吗?做简单番茄酱:调味,煮,浇在面上,撒奶酪。 继续。 事实:选3优先,块加休息,把分心放开。 继续。 确定:比如燕麦加水果酸奶,或全麦面包加蛋。 这也重要。

下离线地图,跟牌子,问人。 继续。 简而言之:比如燕麦加水果酸奶,或全麦面包加蛋。 继续往下。 记住:面粉牛奶鸡蛋加盐搅,薄煎至金黄。 就说到这里。 简而言之:开灯,喝杯水,动一下,呼吸新鲜空气。

继续往下。 简而言之:下离线地图,跟牌子,问人。 继续。 常识:黑凉睡,不看手机,固定规律。

文章结束。做得好。"
699,日常建议–第19部分,"下面是验证过的知识。

记住:说出错,负责,表歉意,提弥补,简短真诚。 就说到这里。 常识:短休息,运动,够睡,谈谈有帮助。 这也重要。 简而言之:卷衣服不叠,重的下,袜子填空。 这也重要。 记住:最好每天短时用卡片,在句子里主动用加重复。

再有一个事实。 你知道吗?定目标,每月自动存,加额外。 这也重要。 你知道吗?黑凉睡,不看手机,固定规律。 说完这个,说下一个。 最好每天短时用卡片,在句子里主动用加重复。 继续。

每周2次散步或轻运动,慢慢加。 就说到这里。 常识:多水加盐烧开,煮8-10分钟,捞出。 这也重要。 常识:备好瓶,每餐一杯,用提醒。 就说到这里。 记住:做简单番茄酱:调味,煮,浇在面上,撒奶酪。

说完这个,说下一个。 事实:比如燕麦加水果酸奶,或全麦面包加蛋。 说完这个,说下一个。 做简单番茄酱:调味,煮,浇在面上,撒奶酪。

概述结束。"
700,日常建议–第20部分,"本文一步一步解释事实。

你知道吗?最好每天短时用卡片,在句子里主动用加重复。 这也重要。 确定:说出错,负责,表歉意,提弥补,简短真诚。 再有一个事实。 说出错,负责,表歉意,提弥补,简短真诚。 再有一个事实。 简而言之:写短信加表格简历和有用证书。

就说到这里。 确定:备好瓶,每餐一杯,用提醒。 这也重要。 日期灵活,比网站,早订。 再有一个事实。 你知道吗?早取消,短理由,提新时间。 继续往下。

简而言之:具体求:什么,何时,为什么。比如:今天帮我搬吗?谢谢! 继续。 事实:选3优先,块加休息,把分心放开。 继续往下。 记住:定预算,查订阅,多做饭,比价格,先存固定金额。 再有一个事实。 你知道吗?选3优先,块加休息,把分心放开。

说完这个,说下一个。 记住:分块,主动自问,休息,第二天重复。 说完这个,说下一个。 常识:日期灵活,比网站,早订。

文章结束。做得好。"
701,日常建议–第21部分,"这里学习有序知识。慢慢来。

事实:选3优先,块加休息,把分心放开。 说完这个,说下一个。 你知道吗?洗米,双倍水烧开,焖10-12分钟。 说完这个,说下一个。 常识:写短信加表格简历和有用证书。 这也重要。 事实:面粉牛奶鸡蛋加盐搅,薄煎至金黄。

继续往下。 记住:备好瓶,每餐一杯,用提醒。 就说到这里。 你知道吗?最好每天短时用卡片,在句子里主动用加重复。 继续。 带:证件或护照,票,钱,手机加充电器,药,卫生用品和手提换洗。 就说到这里。

事实:多水加盐烧开,煮8-10分钟,捞出。 说完这个,说下一个。 记住:卷衣服不叠,重的下,袜子填空。 就说到这里。 简而言之:黑凉睡,不看手机,固定规律。 继续。 确定:日期灵活,比网站,早订。

继续往下。 简而言之:定预算,网站找,备材料,带问题看房。 继续往下。 你知道吗?卷衣服不叠,重的下,袜子填空。

文章结束。做得好。"
702,日常建议–第22部分,"这里学习有序知识。慢慢来。

事实:带:证件或护照,票,钱,手机加充电器,药,卫生用品和手提换洗。 再有一个事实。 事实:洗米,双倍水烧开,焖10-12分钟。 继续。 你知道吗?写短信加表格简历和有用证书。 继续。 常识:定目标,每月自动存,加额外。

说完这个,说下一个。 简而言之:日期灵活,比网站,早订。 继续往下。 卷衣服不叠,重的下,袜子填空。 继续往下。 记住:定交通酒店,每天选2-3景点,留吃饭走路余地,定日预算。 继续往下。

记住:黑凉睡,不看手机,固定规律。 继续往下。 常识:下离线地图,跟牌子,问人。 再有一个事实。 事实:选3优先,块加休息,把分心放开。 说完这个,说下一个。 事实:黑凉睡,不看手机,固定规律。

继续往下。 是的,带上。80%很可能下雨。 再有一个事实。 确定:手指测:上面干了浇,别涝。

文章结束。做得好。"
703,日常建议–第23部分,"本文介绍重要事实。静静阅读。

常识:定预算,查订阅,多做饭,比价格,先存固定金额。 继续。 你知道吗?备好瓶,每餐一杯,用提醒。 继续往下。 事实:卷衣服不叠,重的下,袜子填空。 再有一个事实。 定预算,网站找,备材料,带问题看房。

继续往下。 事实:洗米,双倍水烧开,焖10-12分钟。 就说到这里。 事实:日期灵活,比网站,早订。 就说到这里。 卷衣服不叠,重的下,袜子填空。 继续往下。

确定:日期灵活,比网站,早订。 再有一个事实。 记住:是的,带上。80%很可能下雨。 这也重要。 常识:具体求:什么,何时,为什么。比如:今天帮我搬吗?谢谢! 就说到这里。 你知道吗?做简单番茄酱:调味,煮,浇在面上,撒奶酪。

继续往下。 最好每天短时用卡片,在句子里主动用加重复。 这也重要。 简而言之:是的,带上。80%很可能下雨。

现在你知道事实了。"
704,日常建议–第24部分,"这里学习有序知识。慢慢来。

确定:备好瓶,每餐一杯,用提醒。 这也重要。 常识:选3优先,块加休息,把分心放开。 说完这个,说下一个。 面粉牛奶鸡蛋加盐搅,薄煎至金黄。 就说到这里。 你知道吗?备好瓶,每餐一杯,用提醒。

这也重要。 事实:定预算,查订阅,多做饭,比价格,先存固定金额。 说完这个,说下一个。 日期灵活,比网站,早订。 这也重要。 你知道吗?分块,主动自问,休息,第二天重复。 就说到这里。

记住:开灯,喝杯水,动一下,呼吸新鲜空气。 继续。 记住:说出错,负责,表歉意,提弥补,简短真诚。 再有一个事实。 简而言之:定预算,网站找,备材料,带问题看房。 再有一个事实。 备好瓶,每餐一杯,用提醒。

这也重要。 记住:做简单番茄酱:调味,煮,浇在面上,撒奶酪。 再有一个事实。 都有优点:纸不分心好记,手机可搜随身。

文章结束。做得好。"
705,日常建议–第25部分,"本文介绍重要事实。静静阅读。

常识:日期灵活,比网站,早订。 继续往下。 确定:具体求:什么,何时,为什么。比如:今天帮我搬吗?谢谢! 这也重要。 简而言之:定预算,查订阅,多做饭,比价格,先存固定金额。 继续。 你知道吗?面粉牛奶鸡蛋加盐搅,薄煎至金黄。

继续往下。 分块,主动自问,休息,第二天重复。 继续往下。 记住:每周2次散步或轻运动,慢慢加。 这也重要。 常识:做简单番茄酱:调味,煮,浇在面上,撒奶酪。 再有一个事实。

备好瓶,每餐一杯,用提醒。 就说到这里。 记住:洗米,双倍水烧开,焖10-12分钟。 说完这个,说下一个。 常识:具体求:什么,何时,为什么。比如:今天帮我搬吗?谢谢! 说完这个,说下一个。 事实:早取消,短理由,提新时间。

继续往下。 简而言之:下离线地图,跟牌子,问人。 继续往下。 简而言之:日期灵活,比网站,早订。

现在你知道事实了。"
706,日常建议–第26部分,"本文介绍重要事实。静静阅读。

常识:都有优点:纸不分心好记,手机可搜随身。 说完这个,说下一个。 事实:开灯,喝杯水,动一下,呼吸新鲜空气。 这也重要。 确定:黑凉睡,不看手机,固定规律。 说完这个,说下一个。 日期灵活,比网站,早订。

继续往下。 简而言之:定预算,查订阅,多做饭,比价格,先存固定金额。 继续。 带:证件或护照,票,钱,手机加充电器,药,卫生用品和手提换洗。 再有一个事实。 确定:做简单番茄酱:调味,煮,浇在面上,撒奶酪。 这也重要。

简而言之:简短友好说不,可能提替代。 继续。 你知道吗?选3优先,块加休息,把分心放开。 继续。 常识:写短信加表格简历和有用证书。 这也重要。 你知道吗?都有优点:纸不分心好记,手机可搜随身。

这也重要。 简而言之:卷衣服不叠,重的下,袜子填空。 这也重要。 简而言之:开灯,喝杯水,动一下,呼吸新鲜空气。

这是主题最重要的内容。"
707,日常建议–第27部分,"本文介绍重要事实。静静阅读。

记住:手指测:上面干了浇,别涝。 就说到这里。 常识:定预算,网站找,备材料,带问题看房。 就说到这里。 事实:洗米,双倍水烧开,焖10-12分钟。 再有一个事实。 确定:手指测:上面干了浇,别涝。

这也重要。 面粉牛奶鸡蛋加盐搅,薄煎至金黄。 继续。 常识:每周2次散步或轻运动,慢慢加。 这也重要。 确定:说出错,负责,表歉意,提弥补,简短真诚。 这也重要。

你知道吗?手指测:上面干了浇,别涝。 继续。 你知道吗?简短友好说不,可能提替代。 继续。 确定:具体求:什么,何时,为什么。比如:今天帮我搬吗?谢谢! 这也重要。 记住:定目标,每月自动存,加额外。

继续往下。 事实:选3优先,块加休息,把分心放开。 说完这个,说下一个。 简而言之:手指测:上面干了浇,别涝。

概述结束。"
708,日常建议–第28部分,"本文一步一步解释事实。

你知道吗?卷衣服不叠,重的下,袜子填空。 继续。 简而言之:说出错,负责,表歉意,提弥补,简短真诚。 就说到这里。 常识:面粉牛奶鸡蛋加盐搅,薄煎至金黄。 说完这个,说下一个。 确定:简短友好说不,可能提替代。

再有一个事实。 事实:备好瓶,每餐一杯,用提醒。 说完这个,说下一个。 常识:简短友好说不,可能提替代。 说完这个,说下一个。 事实:定交通酒店,每天选2-3景点,留吃饭走路余地,定日预算。 这也重要。

确定:每周2次散步或轻运动,慢慢加。 继续。 简而言之:定交通酒店,每天选2-3景点,留吃饭走路余地,定日预算。 继续往下。 简而言之:是的,带上。80%很可能下雨。 就说到这里。 确定:比如燕麦加水果酸奶,或全麦面包加蛋。

说完这个,说下一个。 确定:卷衣服不叠,重的下,袜子填空。 就说到这里。 简而言之:带:证件或护照,票,钱,手机加充电器,药,卫生用品和手提换洗。

现在你知道事实了。"
709,日常建议–第29部分,"这里学习有序知识。慢慢来。

事实:洗米,双倍水烧开,焖10-12分钟。 继续往下。 常识:定目标,每月自动存,加额外。 继续往下。 确定:写短信加表格简历和有用证书。 继续往下。 事实:早取消,短理由,提新时间。

这也重要。 事实:说出错,负责,表歉意,提弥补,简短真诚。 就说到这里。 常识:开灯,喝杯水,动一下,呼吸新鲜空气。 再有一个事实。 简而言之:定预算,查订阅,多做饭,比价格,先存固定金额。 继续往下。

简而言之:早取消,短理由,提新时间。 再有一个事实。 确定:先收垃圾,再收洗衣,归位,最后擦。 再有一个事实。 常识:定预算,网站找,备材料,带问题看房。 再有一个事实。 备好瓶,每餐一杯,用提醒。

就说到这里。 下离线地图,跟牌子,问人。 就说到这里。 事实:先收垃圾,再收洗衣,归位,最后擦。

文章结束。做得好。"
710,日常建议–第30部分,"这里学习有序知识。慢慢来。

记住:手指测:上面干了浇,别涝。 就说到这里。 常识:每周2次散步或轻运动,慢慢加。 这也重要。 简而言之:比如燕麦加水果酸奶,或全麦面包加蛋。 说完这个,说下一个。 事实:分块,主动自问,休息,第二天重复。

说完这个,说下一个。 常识:早取消,短理由,提新时间。 再有一个事实。 常识:多水加盐烧开,煮8-10分钟,捞出。 这也重要。 定预算,网站找,备材料,带问题看房。 继续往下。

记住:每周2次散步或轻运动,慢慢加。 继续。 常识:比如燕麦加水果酸奶,或全麦面包加蛋。 继续。 确定:先收垃圾,再收洗衣,归位,最后擦。 说完这个,说下一个。 记住:是的,带上。80%很可能下雨。

继续往下。 开灯,喝杯水,动一下,呼吸新鲜空气。 这也重要。 记住:选3优先,块加休息,把分心放开。

概述结束。"
711,日常建议–第31部分,"下面是验证过的知识。

说出错,负责,表歉意,提弥补,简短真诚。 说完这个,说下一个。 记住:黑凉睡,不看手机,固定规律。 继续。 确定:手指测:上面干了浇,别涝。 说完这个,说下一个。 记住:分块,主动自问,休息,第二天重复。

说完这个,说下一个。 是的,带上。80%很可能下雨。 继续往下。 开灯,喝杯水,动一下,呼吸新鲜空气。 再有一个事实。 你知道吗?多水加盐烧开,煮8-10分钟,捞出。 就说到这里。

记住:开灯,喝杯水,动一下,呼吸新鲜空气。 继续。 确定:日期灵活,比网站,早订。 就说到这里。 你知道吗?最好每天短时用卡片,在句子里主动用加重复。 说完这个,说下一个。 简而言之:是的,带上。80%很可能下雨。

再有一个事实。 简而言之:具体求:什么,何时,为什么。比如:今天帮我搬吗?谢谢! 继续。 事实:带:证件或护照,票,钱,手机加充电器,药,卫生用品和手提换洗。

文章结束。做得好。"
712,日常建议–第32部分,"这里学习有序知识。慢慢来。

确定:短休息,运动,够睡,谈谈有帮助。 就说到这里。 记住:是的,带上。80%很可能下雨。 这也重要。 简而言之:是的,带上。80%很可能下雨。 再有一个事实。 确定:定交通酒店,每天选2-3景点,留吃饭走路余地,定日预算。

就说到这里。 事实:手指测:上面干了浇,别涝。 说完这个,说下一个。 最好每天短时用卡片,在句子里主动用加重复。 继续。 面粉牛奶鸡蛋加盐搅,薄煎至金黄。 这也重要。

确定:是的,带上。80%很可能下雨。 再有一个事实。 简而言之:备好瓶,每餐一杯,用提醒。 就说到这里。 确定:日期灵活,比网站,早订。 就说到这里。 记住:都有优点:纸不分心好记,手机可搜随身。

说完这个,说下一个。 备好瓶,每餐一杯,用提醒。 再有一个事实。 具体求:什么,何时,为什么。比如:今天帮我搬吗?谢谢!

现在你知道事实了。"
713,日常建议–第33部分,"这里学习有序知识。慢慢来。

你知道吗?定预算,查订阅,多做饭,比价格,先存固定金额。 再有一个事实。 你知道吗?先收垃圾,再收洗衣,归位,最后擦。 再有一个事实。 确定:比如燕麦加水果酸奶,或全麦面包加蛋。 就说到这里。 事实:具体求:什么,何时,为什么。比如:今天帮我搬吗?谢谢!

这也重要。 常识:定目标,每月自动存,加额外。 继续往下。 定预算,查订阅,多做饭,比价格,先存固定金额。 这也重要。 定目标,每月自动存,加额外。 继续。

常识:手指测:上面干了浇,别涝。 继续往下。 事实:面粉牛奶鸡蛋加盐搅,薄煎至金黄。 说完这个,说下一个。 确定:具体求:什么,何时,为什么。比如:今天帮我搬吗?谢谢! 这也重要。 确定:说出错,负责,表歉意,提弥补,简短真诚。

这也重要。 事实:开灯,喝杯水,动一下,呼吸新鲜空气。 继续往下。 简而言之:手指测:上面干了浇,别涝。

文章结束。做得好。"
714,日常建议–第34部分,"这里学习有序知识。慢慢来。

事实:早取消,短理由,提新时间。 说完这个,说下一个。 记住:多水加盐烧开,煮8-10分钟,捞出。 继续往下。 常识:选3优先,块加休息,把分心放开。 继续往下。 确定:定目标,每月自动存,加额外。

再有一个事实。 记住:卷衣服不叠,重的下,袜子填空。 这也重要。 事实:最好每天短时用卡片,在句子里主动用加重复。 说完这个,说下一个。 你知道吗?说出错,负责,表歉意,提弥补,简短真诚。 继续。

事实:做简单番茄酱:调味,煮,浇在面上,撒奶酪。 再有一个事实。 记住:开灯,喝杯水,动一下,呼吸新鲜空气。 就说到这里。 事实:多水加盐烧开,煮8-10分钟,捞出。 继续。 事实:下离线地图,跟牌子,问人。

这也重要。 简而言之:分块,主动自问,休息,第二天重复。 继续。 常识:多水加盐烧开,煮8-10分钟,捞出。

概述结束。"
715,日常建议–第35部分,"下面是验证过的知识。

你知道吗?手指测:上面干了浇,别涝。 就说到这里。 常识:比如燕麦加水果酸奶,或全麦面包加蛋。 这也重要。 记住:最好每天短时用卡片,在句子里主动用加重复。 继续往下。 常识:先收垃圾,再收洗衣,归位,最后擦。

说完这个,说下一个。 事实:早取消,短理由,提新时间。 这也重要。 常识:每周2次散步或轻运动,慢慢加。 就说到这里。 记住:早取消,短理由,提新时间。 就说到这里。

常识:最好每天短时用卡片,在句子里主动用加重复。 继续。 简而言之:早取消,短理由,提新时间。 继续往下。 确定:早取消,短理由,提新时间。 继续往下。 日期灵活,比网站,早订。

继续。 常识:下离线地图,跟牌子,问人。 继续。 记住:多水加盐烧开,煮8-10分钟,捞出。

概述结束。"
716,日常建议–第36部分,"下面是验证过的知识。

事实:每周2次散步或轻运动,慢慢加。 就说到这里。 简而言之:早取消,短理由,提新时间。 继续。 你知道吗?带:证件或护照,票,钱,手机加充电器,药,卫生用品和手提换洗。 说完这个,说下一个。 你知道吗?日期灵活,比网站,早订。

就说到这里。 确定:短休息,运动,够睡,谈谈有帮助。 再有一个事实。 简而言之:分块,主动自问,休息,第二天重复。 这也重要。 事实:写短信加表格简历和有用证书。 继续往下。

记住:做简单番茄酱:调味,煮,浇在面上,撒奶酪。 这也重要。 常识:最好每天短时用卡片,在句子里主动用加重复。 再有一个事实。 事实:带:证件或护照,票,钱,手机加充电器,药,卫生用品和手提换洗。 这也重要。 确定:说出错,负责,表歉意,提弥补,简短真诚。

说完这个,说下一个。 最好每天短时用卡片,在句子里主动用加重复。 再有一个事实。 确定:备好瓶,每餐一杯,用提醒。

概述结束。"
717,日常建议–第37部分,"下面是验证过的知识。

记住:是的,带上。80%很可能下雨。 说完这个,说下一个。 事实:是的,带上。80%很可能下雨。 就说到这里。 确定:洗米,双倍水烧开,焖10-12分钟。 再有一个事实。 确定:定预算,网站找,备材料,带问题看房。

继续。 你知道吗?先收垃圾,再收洗衣,归位,最后擦。 继续。 你知道吗?定交通酒店,每天选2-3景点,留吃饭走路余地,定日预算。 这也重要。 事实:分块,主动自问,休息,第二天重复。 再有一个事实。

简而言之:选3优先,块加休息,把分心放开。 继续往下。 事实:都有优点:纸不分心好记,手机可搜随身。 继续往下。 你知道吗?短休息,运动,够睡,谈谈有帮助。 这也重要。 简短友好说不,可能提替代。

这也重要。 常识:定预算,网站找,备材料,带问题看房。 这也重要。 事实:写短信加表格简历和有用证书。

概述结束。"
718,日常建议–第38部分,"下面是验证过的知识。

常识:手指测:上面干了浇,别涝。 再有一个事实。 常识:开灯,喝杯水,动一下,呼吸新鲜空气。 说完这个,说下一个。 记住:定交通酒店,每天选2-3景点,留吃饭走路余地,定日预算。 就说到这里。 常识:短休息,运动,够睡,谈谈有帮助。

这也重要。 确定:定预算,查订阅,多做饭,比价格,先存固定金额。 再有一个事实。 简而言之:定目标,每月自动存,加额外。 这也重要。 你知道吗?都有优点:纸不分心好记,手机可搜随身。 继续。

先收垃圾,再收洗衣,归位,最后擦。 继续。 记住:面粉牛奶鸡蛋加盐搅,薄煎至金黄。 就说到这里。 记住:简短友好说不,可能提替代。 就说到这里。 事实:面粉牛奶鸡蛋加盐搅,薄煎至金黄。

这也重要。 多水加盐烧开,煮8-10分钟,捞出。 继续往下。 简而言之:最好每天短时用卡片,在句子里主动用加重复。

现在你知道事实了。"
719,日常建议–第39部分,"本文介绍重要事实。静静阅读。

简而言之:短休息,运动,够睡,谈谈有帮助。 继续。 确定:都有优点:纸不分心好记,手机可搜随身。 这也重要。 常识:具体求:什么,何时,为什么。比如:今天帮我搬吗?谢谢! 继续。 你知道吗?早取消,短理由,提新时间。

说完这个,说下一个。 常识:选3优先,块加休息,把分心放开。 继续。 简而言之:多水加盐烧开,煮8-10分钟,捞出。 这也重要。 简而言之:都有优点:纸不分心好记,手机可搜随身。 就说到这里。

你知道吗?比如燕麦加水果酸奶,或全麦面包加蛋。 这也重要。 记住:短休息,运动,够睡,谈谈有帮助。 说完这个,说下一个。 确定:是的,带上。80%很可能下雨。 再有一个事实。 你知道吗?定目标,每月自动存,加额外。

这也重要。 记住:面粉牛奶鸡蛋加盐搅,薄煎至金黄。 说完这个,说下一个。 常识:黑凉睡,不看手机,固定规律。

这是主题最重要的内容。"
720,日常建议–第40部分,"本文一步一步解释事实。

事实:每周2次散步或轻运动,慢慢加。 就说到这里。 你知道吗?先收垃圾,再收洗衣,归位,最后擦。 这也重要。 事实:面粉牛奶鸡蛋加盐搅,薄煎至金黄。 再有一个事实。 记住:简短友好说不,可能提替代。

再有一个事实。 记住:面粉牛奶鸡蛋加盐搅,薄煎至金黄。 就说到这里。 简而言之:先收垃圾,再收洗衣,归位,最后擦。 再有一个事实。 确定:定目标,每月自动存,加额外。 继续往下。

每周2次散步或轻运动,慢慢加。 说完这个,说下一个。 常识:说出错,负责,表歉意,提弥补,简短真诚。 继续。 简而言之:做简单番茄酱:调味,煮,浇在面上,撒奶酪。 继续往下。 常识:洗米,双倍水烧开,焖10-12分钟。

就说到这里。 记住:黑凉睡,不看手机,固定规律。 再有一个事实。 确定:先收垃圾,再收洗衣,归位,最后擦。

概述结束。"
721,日常建议–第41部分,"这里学习有序知识。慢慢来。

选3优先,块加休息,把分心放开。 说完这个,说下一个。 事实:比如燕麦加水果酸奶,或全麦面包加蛋。 再有一个事实。 常识:卷衣服不叠,重的下,袜子填空。 再有一个事实。 事实:开灯,喝杯水,动一下,呼吸新鲜空气。

就说到这里。 事实:洗米,双倍水烧开,焖10-12分钟。 这也重要。 面粉牛奶鸡蛋加盐搅,薄煎至金黄。 说完这个,说下一个。 确定:定交通酒店,每天选2-3景点,留吃饭走路余地,定日预算。 这也重要。

简而言之:下离线地图,跟牌子,问人。 再有一个事实。 记住:定交通酒店,每天选2-3景点,留吃饭走路余地,定日预算。 继续往下。 事实:手指测:上面干了浇,别涝。 这也重要。 每周2次散步或轻运动,慢慢加。

说完这个,说下一个。 确定:带:证件或护照,票,钱,手机加充电器,药,卫生用品和手提换洗。 就说到这里。 你知道吗?下离线地图,跟牌子,问人。

文章结束。做得好。"
722,日常建议–第42部分,"下面是验证过的知识。

事实:都有优点:纸不分心好记,手机可搜随身。 就说到这里。 常识:简短友好说不,可能提替代。 说完这个,说下一个。 是的,带上。80%很可能下雨。 说完这个,说下一个。 事实:比如燕麦加水果酸奶,或全麦面包加蛋。

继续往下。 记住:做简单番茄酱:调味,煮,浇在面上,撒奶酪。 就说到这里。 常识:是的,带上。80%很可能下雨。 继续往下。 你知道吗?做简单番茄酱:调味,煮,浇在面上,撒奶酪。 这也重要。

简而言之:选3优先,块加休息,把分心放开。 再有一个事实。 记住:手指测:上面干了浇,别涝。 这也重要。 你知道吗?早取消,短理由,提新时间。 再有一个事实。 定交通酒店,每天选2-3景点,留吃饭走路余地,定日预算。

就说到这里。 简而言之:比如燕麦加水果酸奶,或全麦面包加蛋。 就说到这里。 选3优先,块加休息,把分心放开。

现在你知道事实了。"
723,日常建议–第43部分,"下面是验证过的知识。

你知道吗?说出错,负责,表歉意,提弥补,简短真诚。 再有一个事实。 常识:备好瓶,每餐一杯,用提醒。 说完这个,说下一个。 你知道吗?定预算,网站找,备材料,带问题看房。 就说到这里。 简而言之:写短信加表格简历和有用证书。

这也重要。 事实:备好瓶,每餐一杯,用提醒。 继续。 你知道吗?多水加盐烧开,煮8-10分钟,捞出。 继续往下。 记住:定交通酒店,每天选2-3景点,留吃饭走路余地,定日预算。 再有一个事实。

事实:定目标,每月自动存,加额外。 就说到这里。 常识:是的,带上。80%很可能下雨。 继续往下。 确定:选3优先,块加休息,把分心放开。 继续。 确定:卷衣服不叠,重的下,袜子填空。

继续。 记住:定预算,查订阅,多做饭,比价格,先存固定金额。 说完这个,说下一个。 你知道吗?每周2次散步或轻运动,慢慢加。

概述结束。"
724,日常建议–第44部分,"这里学习有序知识。慢慢来。

你知道吗?定交通酒店,每天选2-3景点,留吃饭走路余地,定日预算。 就说到这里。 定交通酒店,每天选2-3景点,留吃饭走路余地,定日预算。 继续往下。 确定:多水加盐烧开,煮8-10分钟,捞出。 就说到这里。 事实:黑凉睡,不看手机,固定规律。

继续。 常识:开灯,喝杯水,动一下,呼吸新鲜空气。 说完这个,说下一个。 简而言之:说出错,负责,表歉意,提弥补,简短真诚。 继续。 简而言之:面粉牛奶鸡蛋加盐搅,薄煎至金黄。 再有一个事实。

你知道吗?日期灵活,比网站,早订。 这也重要。 记住:带:证件或护照,票,钱,手机加充电器,药,卫生用品和手提换洗。 继续往下。 你知道吗?短休息,运动,够睡,谈谈有帮助。 继续。 你知道吗?卷衣服不叠,重的下,袜子填空。

继续往下。 你知道吗?简短友好说不,可能提替代。 再有一个事实。 事实:备好瓶,每餐一杯,用提醒。

文章结束。做得好。"
725,日常建议–第45部分,"本文一步一步解释事实。

确定:先收垃圾,再收洗衣,归位,最后擦。 说完这个,说下一个。 事实:多水加盐烧开,煮8-10分钟,捞出。 再有一个事实。 记住:分块,主动自问,休息,第二天重复。 就说到这里。 简而言之:带:证件或护照,票,钱,手机加充电器,药,卫生用品和手提换洗。

就说到这里。 具体求:什么,何时,为什么。比如:今天帮我搬吗?谢谢! 继续。 记住:说出错,负责,表歉意,提弥补,简短真诚。 继续。 你知道吗?定预算,网站找,备材料,带问题看房。 继续。

你知道吗?说出错,负责,表歉意,提弥补,简短真诚。 再有一个事实。 常识:黑凉睡,不看手机,固定规律。 继续往下。 常识:备好瓶,每餐一杯,用提醒。 这也重要。 事实:带:证件或护照,票,钱,手机加充电器,药,卫生用品和手提换洗。

再有一个事实。 你知道吗?短休息,运动,够睡,谈谈有帮助。 就说到这里。 常识:下离线地图,跟牌子,问人。

现在你知道事实了。"
726,日常建议–第46部分,"本文一步一步解释事实。

你知道吗?早取消,短理由,提新时间。 说完这个,说下一个。 简而言之:手指测:上面干了浇,别涝。 继续。 确定:早取消,短理由,提新时间。 继续。 简而言之:黑凉睡,不看手机,固定规律。

说完这个,说下一个。 常识:定预算,查订阅,多做饭,比价格,先存固定金额。 就说到这里。 确定:写短信加表格简历和有用证书。 再有一个事实。 常识:简短友好说不,可能提替代。 再有一个事实。

写短信加表格简历和有用证书。 这也重要。 事实:每周2次散步或轻运动,慢慢加。 继续。 你知道吗?日期灵活,比网站,早订。 这也重要。 你知道吗?具体求:什么,何时,为什么。比如:今天帮我搬吗?谢谢!

说完这个,说下一个。 记住:定预算,查订阅,多做饭,比价格,先存固定金额。 说完这个,说下一个。 常识:卷衣服不叠,重的下,袜子填空。

概述结束。"
727,日常建议–第47部分,"这里学习有序知识。慢慢来。

都有优点:纸不分心好记,手机可搜随身。 就说到这里。 常识:做简单番茄酱:调味,煮,浇在面上,撒奶酪。 继续。 确定:分块,主动自问,休息,第二天重复。 说完这个,说下一个。 常识:定目标,每月自动存,加额外。

这也重要。 简而言之:手指测:上面干了浇,别涝。 继续往下。 你知道吗?下离线地图,跟牌子,问人。 再有一个事实。 简而言之:简短友好说不,可能提替代。 说完这个,说下一个。

确定:具体求:什么,何时,为什么。比如:今天帮我搬吗?谢谢! 说完这个,说下一个。 简而言之:早取消,短理由,提新时间。 继续往下。 常识:说出错,负责,表歉意,提弥补,简短真诚。 继续。 记住:比如燕麦加水果酸奶,或全麦面包加蛋。

就说到这里。 你知道吗?卷衣服不叠,重的下,袜子填空。 这也重要。 简而言之:开灯,喝杯水,动一下,呼吸新鲜空气。

现在你知道事实了。"
728,日常建议–第48部分,"下面是验证过的知识。

你知道吗?面粉牛奶鸡蛋加盐搅,薄煎至金黄。 继续。 你知道吗?分块,主动自问,休息,第二天重复。 继续往下。 常识:做简单番茄酱:调味,煮,浇在面上,撒奶酪。 这也重要。 你知道吗?每周2次散步或轻运动,慢慢加。

这也重要。 记住:说出错,负责,表歉意,提弥补,简短真诚。 就说到这里。 备好瓶,每餐一杯,用提醒。 这也重要。 多水加盐烧开,煮8-10分钟,捞出。 继续往下。

记住:黑凉睡,不看手机,固定规律。 继续。 你知道吗?定交通酒店,每天选2-3景点,留吃饭走路余地,定日预算。 继续往下。 面粉牛奶鸡蛋加盐搅,薄煎至金黄。 继续。 分块,主动自问,休息,第二天重复。

就说到这里。 你知道吗?定预算,网站找,备材料,带问题看房。 说完这个,说下一个。 下离线地图,跟牌子,问人。

现在你知道事实了。"
729,日常建议–第49部分,"下面是验证过的知识。

事实:日期灵活,比网站,早订。 说完这个,说下一个。 你知道吗?带:证件或护照,票,钱,手机加充电器,药,卫生用品和手提换洗。 再有一个事实。 简而言之:写短信加表格简历和有用证书。 就说到这里。 事实:是的,带上。80%很可能下雨。

就说到这里。 常识:都有优点:纸不分心好记,手机可搜随身。 继续往下。 事实:比如燕麦加水果酸奶,或全麦面包加蛋。 继续。 简而言之:说出错,负责,表歉意,提弥补,简短真诚。 再有一个事实。

带:证件或护照,票,钱,手机加充电器,药,卫生用品和手提换洗。 说完这个,说下一个。 确定:手指测:上面干了浇,别涝。 继续往下。 定目标,每月自动存,加额外。 就说到这里。 记住:比如燕麦加水果酸奶,或全麦面包加蛋。

继续。 事实:每周2次散步或轻运动,慢慢加。 再有一个事实。 事实:定预算,网站找,备材料,带问题看房。

文章结束。做得好。"
730,日常建议–第50部分,"下面是验证过的知识。

确定:面粉牛奶鸡蛋加盐搅,薄煎至金黄。 继续。 简而言之:面粉牛奶鸡蛋加盐搅,薄煎至金黄。 就说到这里。 确定:比如燕麦加水果酸奶,或全麦面包加蛋。 这也重要。 事实:选3优先,块加休息,把分心放开。

就说到这里。 面粉牛奶鸡蛋加盐搅,薄煎至金黄。 继续。 常识:手指测:上面干了浇,别涝。 继续往下。 常识:短休息,运动,够睡,谈谈有帮助。 这也重要。

简短友好说不,可能提替代。 说完这个,说下一个。 分块,主动自问,休息,第二天重复。 就说到这里。 确定:卷衣服不叠,重的下,袜子填空。 这也重要。 你知道吗?都有优点:纸不分心好记,手机可搜随身。

说完这个,说下一个。 你知道吗?是的,带上。80%很可能下雨。 继续往下。 带:证件或护照,票,钱,手机加充电器,药,卫生用品和手提换洗。

概述结束。"
731,日常建议–第51部分,"下面是验证过的知识。

记住:选3优先,块加休息,把分心放开。 说完这个,说下一个。 记住:都有优点:纸不分心好记,手机可搜随身。 继续往下。 最好每天短时用卡片,在句子里主动用加重复。 继续往下。 你知道吗?带:证件或护照,票,钱,手机加充电器,药,卫生用品和手提换洗。

继续。 你知道吗?日期灵活,比网站,早订。 继续。 简而言之:短休息,运动,够睡,谈谈有帮助。 说完这个,说下一个。 你知道吗?定预算,网站找,备材料,带问题看房。 继续。

记住:比如燕麦加水果酸奶,或全麦面包加蛋。 再有一个事实。 记住:下离线地图,跟牌子,问人。 这也重要。 确定:日期灵活,比网站,早订。 这也重要。 你知道吗?短休息,运动,够睡,谈谈有帮助。

就说到这里。 记住:备好瓶,每餐一杯,用提醒。 这也重要。 简短友好说不,可能提替代。

这是主题最重要的内容。"
732,日常建议–第52部分,"这里学习有序知识。慢慢来。

事实:早取消,短理由,提新时间。 这也重要。 具体求:什么,何时,为什么。比如:今天帮我搬吗?谢谢! 说完这个,说下一个。 你知道吗?手指测:上面干了浇,别涝。 继续。 记住:定预算,查订阅,多做饭,比价格,先存固定金额。

继续往下。 你知道吗?开灯,喝杯水,动一下,呼吸新鲜空气。 就说到这里。 黑凉睡,不看手机,固定规律。 继续往下。 定目标,每月自动存,加额外。 这也重要。

你知道吗?日期灵活,比网站,早订。 继续。 简而言之:定预算,查订阅,多做饭,比价格,先存固定金额。 继续往下。 你知道吗?简短友好说不,可能提替代。 再有一个事实。 常识:卷衣服不叠,重的下,袜子填空。

再有一个事实。 多水加盐烧开,煮8-10分钟,捞出。 继续。 你知道吗?下离线地图,跟牌子,问人。

这是主题最重要的内容。"
733,日常建议–第53部分,"本文介绍重要事实。静静阅读。

你知道吗?是的,带上。80%很可能下雨。 再有一个事实。 事实:带:证件或护照,票,钱,手机加充电器,药,卫生用品和手提换洗。 继续往下。 确定:带:证件或护照,票,钱,手机加充电器,药,卫生用品和手提换洗。 再有一个事实。 你知道吗?写短信加表格简历和有用证书。

说完这个,说下一个。 你知道吗?都有优点:纸不分心好记,手机可搜随身。 继续。 确定:每周2次散步或轻运动,慢慢加。 继续。 常识:开灯,喝杯水,动一下,呼吸新鲜空气。 就说到这里。

事实:都有优点:纸不分心好记,手机可搜随身。 说完这个,说下一个。 短休息,运动,够睡,谈谈有帮助。 继续。 事实:定预算,网站找,备材料,带问题看房。 就说到这里。 记住:开灯,喝杯水,动一下,呼吸新鲜空气。

就说到这里。 记住:选3优先,块加休息,把分心放开。 说完这个,说下一个。 事实:定目标,每月自动存,加额外。

文章结束。做得好。"
734,日常建议–第54部分,"本文一步一步解释事实。

确定:定预算,查订阅,多做饭,比价格,先存固定金额。 继续。 选3优先,块加休息,把分心放开。 继续往下。 简而言之:多水加盐烧开,煮8-10分钟,捞出。 继续往下。 记住:最好每天短时用卡片,在句子里主动用加重复。

再有一个事实。 常识:定预算,查订阅,多做饭,比价格,先存固定金额。 这也重要。 记住:下离线地图,跟牌子,问人。 说完这个,说下一个。 你知道吗?简短友好说不,可能提替代。 再有一个事实。

常识:定预算,网站找,备材料,带问题看房。 说完这个,说下一个。 常识:比如燕麦加水果酸奶,或全麦面包加蛋。 就说到这里。 事实:每周2次散步或轻运动,慢慢加。 继续往下。 记住:洗米,双倍水烧开,焖10-12分钟。

再有一个事实。 你知道吗?面粉牛奶鸡蛋加盐搅,薄煎至金黄。 说完这个,说下一个。 事实:黑凉睡,不看手机,固定规律。

文章结束。做得好。"
735,日常建议–第55部分,"这里学习有序知识。慢慢来。

事实:洗米,双倍水烧开,焖10-12分钟。 这也重要。 常识:定预算,查订阅,多做饭,比价格,先存固定金额。 再有一个事实。 简而言之:说出错,负责,表歉意,提弥补,简短真诚。 就说到这里。 你知道吗?做简单番茄酱:调味,煮,浇在面上,撒奶酪。

继续。 记住:分块,主动自问,休息,第二天重复。 就说到这里。 记住:下离线地图,跟牌子,问人。 这也重要。 你知道吗?洗米,双倍水烧开,焖10-12分钟。 就说到这里。

记住:都有优点:纸不分心好记,手机可搜随身。 就说到这里。 简而言之:手指测:上面干了浇,别涝。 再有一个事实。 下离线地图,跟牌子,问人。 再有一个事实。 简而言之:定目标,每月自动存,加额外。

就说到这里。 简而言之:洗米,双倍水烧开,焖10-12分钟。 继续。 记住:选3优先,块加休息,把分心放开。

这是主题最重要的内容。"
736,日常建议–第56部分,"本文介绍重要事实。静静阅读。

简而言之:定预算,网站找,备材料,带问题看房。 说完这个,说下一个。 常识:每周2次散步或轻运动,慢慢加。 就说到这里。 你知道吗?分块,主动自问,休息,第二天重复。 继续。 你知道吗?简短友好说不,可能提替代。

这也重要。 确定:简短友好说不,可能提替代。 就说到这里。 记住:最好每天短时用卡片,在句子里主动用加重复。 就说到这里。 确定:说出错,负责,表歉意,提弥补,简短真诚。 继续往下。

简而言之:说出错,负责,表歉意,提弥补,简短真诚。 就说到这里。 确定:定目标,每月自动存,加额外。 继续往下。 你知道吗?定预算,查订阅,多做饭,比价格,先存固定金额。 就说到这里。 常识:做简单番茄酱:调味,煮,浇在面上,撒奶酪。

继续。 简而言之:早取消,短理由,提新时间。 继续往下。 你知道吗?早取消,短理由,提新时间。

这是主题最重要的内容。"
737,日常建议–第57部分,"下面是验证过的知识。

事实:手指测:上面干了浇,别涝。 继续往下。 记住:短休息,运动,够睡,谈谈有帮助。 就说到这里。 事实:定预算,网站找,备材料,带问题看房。 说完这个,说下一个。 简而言之:备好瓶,每餐一杯,用提醒。

继续往下。 确定:每周2次散步或轻运动,慢慢加。 说完这个,说下一个。 记住:手指测:上面干了浇,别涝。 说完这个,说下一个。 记住:比如燕麦加水果酸奶,或全麦面包加蛋。 再有一个事实。

简而言之:说出错,负责,表歉意,提弥补,简短真诚。 继续。 简而言之:洗米,双倍水烧开,焖10-12分钟。 就说到这里。 常识:早取消,短理由,提新时间。 继续往下。 事实:每周2次散步或轻运动,慢慢加。

就说到这里。 常识:开灯,喝杯水,动一下,呼吸新鲜空气。 说完这个,说下一个。 确定:选3优先,块加休息,把分心放开。

概述结束。"
738,日常建议–第58部分,"这里学习有序知识。慢慢来。

简而言之:选3优先,块加休息,把分心放开。 说完这个,说下一个。 日期灵活,比网站,早订。 继续往下。 简短友好说不,可能提替代。 继续往下。 做简单番茄酱:调味,煮,浇在面上,撒奶酪。

说完这个,说下一个。 记住:手指测:上面干了浇,别涝。 继续往下。 事实:最好每天短时用卡片,在句子里主动用加重复。 就说到这里。 常识:都有优点:纸不分心好记,手机可搜随身。 说完这个,说下一个。

简而言之:手指测:上面干了浇,别涝。 继续。 记住:先收垃圾,再收洗衣,归位,最后擦。 说完这个,说下一个。 简而言之:开灯,喝杯水,动一下,呼吸新鲜空气。 再有一个事实。 事实:定预算,查订阅,多做饭,比价格,先存固定金额。

这也重要。 简而言之:定预算,查订阅,多做饭,比价格,先存固定金额。 再有一个事实。 简而言之:先收垃圾,再收洗衣,归位,最后擦。

文章结束。做得好。"
739,日常建议–第59部分,"下面是验证过的知识。

你知道吗?是的,带上。80%很可能下雨。 继续。 简而言之:最好每天短时用卡片,在句子里主动用加重复。 继续往下。 事实:多水加盐烧开,煮8-10分钟,捞出。 继续往下。 你知道吗?黑凉睡,不看手机,固定规律。

这也重要。 事实:洗米,双倍水烧开,焖10-12分钟。 继续。 简而言之:简短友好说不,可能提替代。 这也重要。 常识:多水加盐烧开,煮8-10分钟,捞出。 继续往下。

记住:开灯,喝杯水,动一下,呼吸新鲜空气。 再有一个事实。 事实:定交通酒店,每天选2-3景点,留吃饭走路余地,定日预算。 说完这个,说下一个。 确定:洗米,双倍水烧开,焖10-12分钟。 说完这个,说下一个。 记住:比如燕麦加水果酸奶,或全麦面包加蛋。

继续往下。 你知道吗?短休息,运动,够睡,谈谈有帮助。 继续。 常识:简短友好说不,可能提替代。

这是主题最重要的内容。"
740,日常建议–第60部分,"本文介绍重要事实。静静阅读。

做简单番茄酱:调味,煮,浇在面上,撒奶酪。 说完这个,说下一个。 确定:简短友好说不,可能提替代。 这也重要。 短休息,运动,够睡,谈谈有帮助。 继续往下。 事实:都有优点:纸不分心好记,手机可搜随身。

继续往下。 记住:日期灵活,比网站,早订。 就说到这里。 常识:都有优点:纸不分心好记,手机可搜随身。 再有一个事实。 常识:定预算,查订阅,多做饭,比价格,先存固定金额。 就说到这里。

事实:多水加盐烧开,煮8-10分钟,捞出。 再有一个事实。 确定:是的,带上。80%很可能下雨。 继续。 事实:定目标,每月自动存,加额外。 继续。 下离线地图,跟牌子,问人。

就说到这里。 早取消,短理由,提新时间。 就说到这里。 洗米,双倍水烧开,焖10-12分钟。

这是主题最重要的内容。"
741,日常建议–第61部分,"下面是验证过的知识。

事实:选3优先,块加休息,把分心放开。 继续往下。 事实:定预算,查订阅,多做饭,比价格,先存固定金额。 说完这个,说下一个。 确定:先收垃圾,再收洗衣,归位,最后擦。 就说到这里。 事实:手指测:上面干了浇,别涝。

继续往下。 确定:洗米,双倍水烧开,焖10-12分钟。 就说到这里。 备好瓶,每餐一杯,用提醒。 再有一个事实。 简而言之:定预算,查订阅,多做饭,比价格,先存固定金额。 这也重要。

你知道吗?定目标,每月自动存,加额外。 说完这个,说下一个。 常识:定交通酒店,每天选2-3景点,留吃饭走路余地,定日预算。 继续。 简而言之:定交通酒店,每天选2-3景点,留吃饭走路余地,定日预算。 这也重要。 下离线地图,跟牌子,问人。

继续。 简而言之:洗米,双倍水烧开,焖10-12分钟。 继续往下。 记住:说出错,负责,表歉意,提弥补,简短真诚。

概述结束。"
742,日常建议–第62部分,"本文介绍重要事实。静静阅读。

确定:写短信加表格简历和有用证书。 这也重要。 记住:备好瓶,每餐一杯,用提醒。 继续。 记住:选3优先,块加休息,把分心放开。 这也重要。 常识:简短友好说不,可能提替代。

这也重要。 事实:定预算,查订阅,多做饭,比价格,先存固定金额。 这也重要。 记住:面粉牛奶鸡蛋加盐搅,薄煎至金黄。 继续。 确定:说出错,负责,表歉意,提弥补,简短真诚。 就说到这里。

确定:手指测:上面干了浇,别涝。 这也重要。 确定:多水加盐烧开,煮8-10分钟,捞出。 再有一个事实。 简而言之:都有优点:纸不分心好记,手机可搜随身。 继续。 带:证件或护照,票,钱,手机加充电器,药,卫生用品和手提换洗。

说完这个,说下一个。 记住:日期灵活,比网站,早订。 继续。 事实:最好每天短时用卡片,在句子里主动用加重复。

现在你知道事实了。"
743,日常建议–第63部分,"下面是验证过的知识。

先收垃圾,再收洗衣,归位,最后擦。 继续往下。 常识:定交通酒店,每天选2-3景点,留吃饭走路余地,定日预算。 说完这个,说下一个。 事实:写短信加表格简历和有用证书。 这也重要。 定目标,每月自动存,加额外。

继续往下。 简而言之:每周2次散步或轻运动,慢慢加。 这也重要。 你知道吗?定目标,每月自动存,加额外。 这也重要。 下离线地图,跟牌子,问人。 就说到这里。

定交通酒店,每天选2-3景点,留吃饭走路余地,定日预算。 说完这个,说下一个。 记住:日期灵活,比网站,早订。 这也重要。 常识:日期灵活,比网站,早订。 再有一个事实。 定预算,查订阅,多做饭,比价格,先存固定金额。

说完这个,说下一个。 记住:早取消,短理由,提新时间。 继续往下。 事实:面粉牛奶鸡蛋加盐搅,薄煎至金黄。

这是主题最重要的内容。"
744,日常建议–第64部分,"本文一步一步解释事实。

确定:日期灵活,比网站,早订。 再有一个事实。 记住:说出错,负责,表歉意,提弥补,简短真诚。 继续往下。 记住:是的,带上。80%很可能下雨。 继续。 常识:写短信加表格简历和有用证书。

就说到这里。 简而言之:每周2次散步或轻运动,慢慢加。 继续。 简而言之:洗米,双倍水烧开,焖10-12分钟。 继续。 你知道吗?定预算,查订阅,多做饭,比价格,先存固定金额。 说完这个,说下一个。

记住:早取消,短理由,提新时间。 就说到这里。 定预算,网站找,备材料,带问题看房。 就说到这里。 记住:分块,主动自问,休息,第二天重复。 继续。 多水加盐烧开,煮8-10分钟,捞出。

继续往下。 事实:日期灵活,比网站,早订。 这也重要。 常识:定交通酒店,每天选2-3景点,留吃饭走路余地,定日预算。

这是主题最重要的内容。"
745,日常建议–第65部分,"本文介绍重要事实。静静阅读。

确定:短休息,运动,够睡,谈谈有帮助。 这也重要。 你知道吗?带:证件或护照,票,钱,手机加充电器,药,卫生用品和手提换洗。 继续。 事实:洗米,双倍水烧开,焖10-12分钟。 这也重要。 记住:说出错,负责,表歉意,提弥补,简短真诚。

继续往下。 确定:开灯,喝杯水,动一下,呼吸新鲜空气。 就说到这里。 常识:每周2次散步或轻运动,慢慢加。 再有一个事实。 确定:备好瓶,每餐一杯,用提醒。 继续。

你知道吗?日期灵活,比网站,早订。 说完这个,说下一个。 事实:带:证件或护照,票,钱,手机加充电器,药,卫生用品和手提换洗。 继续。 常识:选3优先,块加休息,把分心放开。 说完这个,说下一个。 常识:带:证件或护照,票,钱,手机加充电器,药,卫生用品和手提换洗。

继续。 常识:面粉牛奶鸡蛋加盐搅,薄煎至金黄。 就说到这里。 事实:定预算,网站找,备材料,带问题看房。

这是主题最重要的内容。"
746,日常建议–第66部分,"下面是验证过的知识。

你知道吗?洗米,双倍水烧开,焖10-12分钟。 就说到这里。 确定:卷衣服不叠,重的下,袜子填空。 再有一个事实。 确定:写短信加表格简历和有用证书。 这也重要。 事实:下离线地图,跟牌子,问人。

说完这个,说下一个。 简而言之:日期灵活,比网站,早订。 继续。 确定:都有优点:纸不分心好记,手机可搜随身。 就说到这里。 常识:短休息,运动,够睡,谈谈有帮助。 说完这个,说下一个。

带:证件或护照,票,钱,手机加充电器,药,卫生用品和手提换洗。 这也重要。 常识:开灯,喝杯水,动一下,呼吸新鲜空气。 就说到这里。 简而言之:短休息,运动,够睡,谈谈有帮助。 这也重要。 做简单番茄酱:调味,煮,浇在面上,撒奶酪。

这也重要。 你知道吗?手指测:上面干了浇,别涝。 继续往下。 简而言之:都有优点:纸不分心好记,手机可搜随身。

文章结束。做得好。"
747,日常建议–第67部分,"下面是验证过的知识。

简而言之:分块,主动自问,休息,第二天重复。 继续。 确定:日期灵活,比网站,早订。 就说到这里。 确定:定目标,每月自动存,加额外。 说完这个,说下一个。 是的,带上。80%很可能下雨。

继续往下。 记住:卷衣服不叠,重的下,袜子填空。 再有一个事实。 确定:定交通酒店,每天选2-3景点,留吃饭走路余地,定日预算。 继续往下。 面粉牛奶鸡蛋加盐搅,薄煎至金黄。 就说到这里。

确定:选3优先,块加休息,把分心放开。 就说到这里。 记住:定预算,查订阅,多做饭,比价格,先存固定金额。 继续。 常识:都有优点:纸不分心好记,手机可搜随身。 继续。 记住:多水加盐烧开,煮8-10分钟,捞出。

继续往下。 确定:都有优点:纸不分心好记,手机可搜随身。 继续。 记住:日期灵活,比网站,早订。

这是主题最重要的内容。"
748,日常建议–第68部分,"下面是验证过的知识。

事实:早取消,短理由,提新时间。 继续。 简而言之:手指测:上面干了浇,别涝。 就说到这里。 比如燕麦加水果酸奶,或全麦面包加蛋。 继续。 事实:简短友好说不,可能提替代。

说完这个,说下一个。 你知道吗?面粉牛奶鸡蛋加盐搅,薄煎至金黄。 说完这个,说下一个。 定预算,网站找,备材料,带问题看房。 就说到这里。 记住:带:证件或护照,票,钱,手机加充电器,药,卫生用品和手提换洗。 说完这个,说下一个。

你知道吗?定预算,查订阅,多做饭,比价格,先存固定金额。 就说到这里。 早取消,短理由,提新时间。 就说到这里。 记住:短休息,运动,够睡,谈谈有帮助。 再有一个事实。 记住:选3优先,块加休息,把分心放开。

继续。 确定:都有优点:纸不分心好记,手机可搜随身。 继续。 确定:黑凉睡,不看手机,固定规律。

文章结束。做得好。"
749,日常建议–第69部分,"下面是验证过的知识。

确定:定预算,查订阅,多做饭,比价格,先存固定金额。 就说到这里。 确定:最好每天短时用卡片,在句子里主动用加重复。 这也重要。 常识:手指测:上面干了浇,别涝。 继续。 分块,主动自问,休息,第二天重复。

这也重要。 确定:定交通酒店,每天选2-3景点,留吃饭走路余地,定日预算。 继续。 常识:洗米,双倍水烧开,焖10-12分钟。 继续往下。 定目标,每月自动存,加额外。 这也重要。

事实:分块,主动自问,休息,第二天重复。 说完这个,说下一个。 事实:写短信加表格简历和有用证书。 这也重要。 常识:分块,主动自问,休息,第二天重复。 再有一个事实。 常识:都有优点:纸不分心好记,手机可搜随身。

说完这个,说下一个。 你知道吗?分块,主动自问,休息,第二天重复。 继续往下。 你知道吗?洗米,双倍水烧开,焖10-12分钟。

现在你知道事实了。"
750,日常建议–第70部分,"本文介绍重要事实。静静阅读。

记住:选3优先,块加休息,把分心放开。 继续。 开灯,喝杯水,动一下,呼吸新鲜空气。 再有一个事实。 记住:手指测:上面干了浇,别涝。 说完这个,说下一个。 事实:定交通酒店,每天选2-3景点,留吃饭走路余地,定日预算。

继续往下。 确定:定预算,网站找,备材料,带问题看房。 继续往下。 选3优先,块加休息,把分心放开。 就说到这里。 确定:最好每天短时用卡片,在句子里主动用加重复。 继续。

记住:每周2次散步或轻运动,慢慢加。 继续往下。 记住:日期灵活,比网站,早订。 继续往下。 事实:手指测:上面干了浇,别涝。 就说到这里。 事实:多水加盐烧开,煮8-10分钟,捞出。

这也重要。 事实:开灯,喝杯水,动一下,呼吸新鲜空气。 就说到这里。 简而言之:带:证件或护照,票,钱,手机加充电器,药,卫生用品和手提换洗。

概述结束。"
751,日常建议–第71部分,"下面是验证过的知识。

面粉牛奶鸡蛋加盐搅,薄煎至金黄。 继续。 常识:带:证件或护照,票,钱,手机加充电器,药,卫生用品和手提换洗。 继续往下。 写短信加表格简历和有用证书。 继续。 简而言之:洗米,双倍水烧开,焖10-12分钟。

继续。 简而言之:是的,带上。80%很可能下雨。 继续。 是的,带上。80%很可能下雨。 这也重要。 事实:写短信加表格简历和有用证书。 继续。

记住:先收垃圾,再收洗衣,归位,最后擦。 继续往下。 确定:分块,主动自问,休息,第二天重复。 这也重要。 简而言之:早取消,短理由,提新时间。 再有一个事实。 记住:定预算,网站找,备材料,带问题看房。

就说到这里。 记住:短休息,运动,够睡,谈谈有帮助。 继续。 记住:备好瓶,每餐一杯,用提醒。

现在你知道事实了。"
752,日常建议–第72部分,"这里学习有序知识。慢慢来。

记住:手指测:上面干了浇,别涝。 继续。 确定:比如燕麦加水果酸奶,或全麦面包加蛋。 继续。 记住:黑凉睡,不看手机,固定规律。 再有一个事实。 简而言之:多水加盐烧开,煮8-10分钟,捞出。

说完这个,说下一个。 常识:定目标,每月自动存,加额外。 再有一个事实。 事实:是的,带上。80%很可能下雨。 继续。 记住:分块,主动自问,休息,第二天重复。 继续。

卷衣服不叠,重的下,袜子填空。 就说到这里。 简而言之:都有优点:纸不分心好记,手机可搜随身。 说完这个,说下一个。 简而言之:每周2次散步或轻运动,慢慢加。 继续。 你知道吗?早取消,短理由,提新时间。

这也重要。 确定:手指测:上面干了浇,别涝。 就说到这里。 记住:带:证件或护照,票,钱,手机加充电器,药,卫生用品和手提换洗。

现在你知道事实了。"
753,日常建议–第73部分,"本文介绍重要事实。静静阅读。

确定:多水加盐烧开,煮8-10分钟,捞出。 继续。 确定:分块,主动自问,休息,第二天重复。 继续。 事实:手指测:上面干了浇,别涝。 继续往下。 都有优点:纸不分心好记,手机可搜随身。

说完这个,说下一个。 确定:简短友好说不,可能提替代。 这也重要。 常识:开灯,喝杯水,动一下,呼吸新鲜空气。 就说到这里。 你知道吗?选3优先,块加休息,把分心放开。 再有一个事实。

做简单番茄酱:调味,煮,浇在面上,撒奶酪。 就说到这里。 常识:日期灵活,比网站,早订。 说完这个,说下一个。 确定:都有优点:纸不分心好记,手机可搜随身。 这也重要。 记住:比如燕麦加水果酸奶,或全麦面包加蛋。

继续往下。 常识:简短友好说不,可能提替代。 继续。 确定:选3优先,块加休息,把分心放开。

现在你知道事实了。"
754,日常建议–第74部分,"本文一步一步解释事实。

定预算,查订阅,多做饭,比价格,先存固定金额。 再有一个事实。 记住:早取消,短理由,提新时间。 继续。 记住:先收垃圾,再收洗衣,归位,最后擦。 就说到这里。 记住:是的,带上。80%很可能下雨。

再有一个事实。 事实:最好每天短时用卡片,在句子里主动用加重复。 就说到这里。 记住:面粉牛奶鸡蛋加盐搅,薄煎至金黄。 这也重要。 确定:下离线地图,跟牌子,问人。 就说到这里。

事实:开灯,喝杯水,动一下,呼吸新鲜空气。 说完这个,说下一个。 简而言之:下离线地图,跟牌子,问人。 继续往下。 确定:写短信加表格简历和有用证书。 这也重要。 你知道吗?分块,主动自问,休息,第二天重复。

继续往下。 记住:卷衣服不叠,重的下,袜子填空。 这也重要。 定预算,网站找,备材料,带问题看房。

现在你知道事实了。"
755,日常建议–第75部分,"本文一步一步解释事实。

确定:定预算,网站找,备材料,带问题看房。 继续。 手指测:上面干了浇,别涝。 继续。 常识:是的,带上。80%很可能下雨。 这也重要。 简而言之:多水加盐烧开,煮8-10分钟,捞出。

说完这个,说下一个。 你知道吗?短休息,运动,够睡,谈谈有帮助。 就说到这里。 事实:定预算,查订阅,多做饭,比价格,先存固定金额。 说完这个,说下一个。 说出错,负责,表歉意,提弥补,简短真诚。 继续。

确定:定交通酒店,每天选2-3景点,留吃饭走路余地,定日预算。 这也重要。 事实:早取消,短理由,提新时间。 这也重要。 确定:卷衣服不叠,重的下,袜子填空。 说完这个,说下一个。 常识:多水加盐烧开,煮8-10分钟,捞出。

继续。 确定:先收垃圾,再收洗衣,归位,最后擦。 这也重要。 黑凉睡,不看手机,固定规律。

文章结束。做得好。"
756,日常建议–第76部分,"下面是验证过的知识。

你知道吗?简短友好说不,可能提替代。 说完这个,说下一个。 简而言之:黑凉睡,不看手机,固定规律。 这也重要。 你知道吗?定交通酒店,每天选2-3景点,留吃饭走路余地,定日预算。 说完这个,说下一个。 你知道吗?做简单番茄酱:调味,煮,浇在面上,撒奶酪。

再有一个事实。 简而言之:先收垃圾,再收洗衣,归位,最后擦。 这也重要。 确定:带:证件或护照,票,钱,手机加充电器,药,卫生用品和手提换洗。 继续。 记住:早取消,短理由,提新时间。 继续。

简而言之:具体求:什么,何时,为什么。比如:今天帮我搬吗?谢谢! 这也重要。 简而言之:短休息,运动,够睡,谈谈有帮助。 这也重要。 记住:定目标,每月自动存,加额外。 说完这个,说下一个。 事实:定预算,查订阅,多做饭,比价格,先存固定金额。

再有一个事实。 事实:简短友好说不,可能提替代。 就说到这里。 日期灵活,比网站,早订。

这是主题最重要的内容。"
757,日常建议–第77部分,"这里学习有序知识。慢慢来。

你知道吗?定目标,每月自动存,加额外。 继续往下。 常识:每周2次散步或轻运动,慢慢加。 就说到这里。 简而言之:定预算,网站找,备材料,带问题看房。 继续。 常识:选3优先,块加休息,把分心放开。

继续。 记住:短休息,运动,够睡,谈谈有帮助。 再有一个事实。 记住:多水加盐烧开,煮8-10分钟,捞出。 继续。 常识:定预算,查订阅,多做饭,比价格,先存固定金额。 继续。

确定:每周2次散步或轻运动,慢慢加。 就说到这里。 简而言之:具体求:什么,何时,为什么。比如:今天帮我搬吗?谢谢! 就说到这里。 你知道吗?分块,主动自问,休息,第二天重复。 说完这个,说下一个。 事实:写短信加表格简历和有用证书。

再有一个事实。 先收垃圾,再收洗衣,归位,最后擦。 继续往下。 事实:简短友好说不,可能提替代。

现在你知道事实了。"
758,日常建议–第78部分,"本文介绍重要事实。静静阅读。

你知道吗?备好瓶,每餐一杯,用提醒。 再有一个事实。 简而言之:选3优先,块加休息,把分心放开。 这也重要。 洗米,双倍水烧开,焖10-12分钟。 这也重要。 常识:说出错,负责,表歉意,提弥补,简短真诚。

继续。 比如燕麦加水果酸奶,或全麦面包加蛋。 说完这个,说下一个。 记住:日期灵活,比网站,早订。 再有一个事实。 简而言之:简短友好说不,可能提替代。 说完这个,说下一个。

你知道吗?日期灵活,比网站,早订。 说完这个,说下一个。 你知道吗?每周2次散步或轻运动,慢慢加。 继续往下。 常识:每周2次散步或轻运动,慢慢加。 再有一个事实。 简而言之:都有优点:纸不分心好记,手机可搜随身。

这也重要。 你知道吗?定预算,查订阅,多做饭,比价格,先存固定金额。 说完这个,说下一个。 你知道吗?短休息,运动,够睡,谈谈有帮助。

现在你知道事实了。"
759,日常建议–第79部分,"本文介绍重要事实。静静阅读。

确定:都有优点:纸不分心好记,手机可搜随身。 继续往下。 你知道吗?每周2次散步或轻运动,慢慢加。 继续。 确定:下离线地图,跟牌子,问人。 再有一个事实。 简而言之:做简单番茄酱:调味,煮,浇在面上,撒奶酪。

就说到这里。 事实:说出错,负责,表歉意,提弥补,简短真诚。 这也重要。 事实:卷衣服不叠,重的下,袜子填空。 继续。 你知道吗?黑凉睡,不看手机,固定规律。 这也重要。

简而言之:定目标,每月自动存,加额外。 继续往下。 简而言之:黑凉睡,不看手机,固定规律。 说完这个,说下一个。 定预算,查订阅,多做饭,比价格,先存固定金额。 再有一个事实。 确定:带:证件或护照,票,钱,手机加充电器,药,卫生用品和手提换洗。

继续往下。 记住:说出错,负责,表歉意,提弥补,简短真诚。 说完这个,说下一个。 确定:开灯,喝杯水,动一下,呼吸新鲜空气。

这是主题最重要的内容。"
760,日常建议–第80部分,"本文一步一步解释事实。

简而言之:具体求:什么,何时,为什么。比如:今天帮我搬吗?谢谢! 继续。 面粉牛奶鸡蛋加盐搅,薄煎至金黄。 这也重要。 事实:面粉牛奶鸡蛋加盐搅,薄煎至金黄。 再有一个事实。 选3优先,块加休息,把分心放开。

再有一个事实。 简而言之:定目标,每月自动存,加额外。 继续往下。 记住:黑凉睡,不看手机,固定规律。 这也重要。 确定:最好每天短时用卡片,在句子里主动用加重复。 这也重要。

说出错,负责,表歉意,提弥补,简短真诚。 再有一个事实。 简而言之:做简单番茄酱:调味,煮,浇在面上,撒奶酪。 再有一个事实。 简而言之:选3优先,块加休息,把分心放开。 这也重要。 你知道吗?简短友好说不,可能提替代。

继续。 记住:下离线地图,跟牌子,问人。 这也重要。 你知道吗?是的,带上。80%很可能下雨。

这是主题最重要的内容。"
761,日常建议–第81部分,"本文一步一步解释事实。

你知道吗?比如燕麦加水果酸奶,或全麦面包加蛋。 说完这个,说下一个。 确定:卷衣服不叠,重的下,袜子填空。 继续往下。 事实:简短友好说不,可能提替代。 继续往下。 确定:写短信加表格简历和有用证书。

这也重要。 确定:比如燕麦加水果酸奶,或全麦面包加蛋。 这也重要。 简而言之:带:证件或护照,票,钱,手机加充电器,药,卫生用品和手提换洗。 继续。 简而言之:开灯,喝杯水,动一下,呼吸新鲜空气。 继续。

你知道吗?每周2次散步或轻运动,慢慢加。 说完这个,说下一个。 做简单番茄酱:调味,煮,浇在面上,撒奶酪。 继续往下。 定目标,每月自动存,加额外。 继续往下。 确定:定预算,网站找,备材料,带问题看房。

就说到这里。 常识:下离线地图,跟牌子,问人。 这也重要。 你知道吗?定交通酒店,每天选2-3景点,留吃饭走路余地,定日预算。

这是主题最重要的内容。"
762,日常建议–第82部分,"下面是验证过的知识。

记住:下离线地图,跟牌子,问人。 这也重要。 记住:手指测:上面干了浇,别涝。 就说到这里。 确定:定目标,每月自动存,加额外。 说完这个,说下一个。 事实:日期灵活,比网站,早订。

这也重要。 你知道吗?说出错,负责,表歉意,提弥补,简短真诚。 说完这个,说下一个。 先收垃圾,再收洗衣,归位,最后擦。 继续。 事实:短休息,运动,够睡,谈谈有帮助。 这也重要。

常识:洗米,双倍水烧开,焖10-12分钟。 说完这个,说下一个。 你知道吗?定目标,每月自动存,加额外。 继续。 你知道吗?卷衣服不叠,重的下,袜子填空。 继续往下。 记住:早取消,短理由,提新时间。

继续。 简而言之:做简单番茄酱:调味,煮,浇在面上,撒奶酪。 说完这个,说下一个。 记住:都有优点:纸不分心好记,手机可搜随身。

这是主题最重要的内容。"
763,日常建议–第83部分,"本文介绍重要事实。静静阅读。

简而言之:多水加盐烧开,煮8-10分钟,捞出。 继续往下。 简而言之:定目标,每月自动存,加额外。 继续往下。 你知道吗?说出错,负责,表歉意,提弥补,简短真诚。 再有一个事实。 记住:日期灵活,比网站,早订。

再有一个事实。 多水加盐烧开,煮8-10分钟,捞出。 就说到这里。 记住:洗米,双倍水烧开,焖10-12分钟。 继续。 你知道吗?洗米,双倍水烧开,焖10-12分钟。 再有一个事实。

确定:是的,带上。80%很可能下雨。 这也重要。 你知道吗?手指测:上面干了浇,别涝。 就说到这里。 你知道吗?定交通酒店,每天选2-3景点,留吃饭走路余地,定日预算。 就说到这里。 记住:简短友好说不,可能提替代。

就说到这里。 事实:开灯,喝杯水,动一下,呼吸新鲜空气。 再有一个事实。 确定:多水加盐烧开,煮8-10分钟,捞出。

现在你知道事实了。"
764,日常建议–第84部分,"本文一步一步解释事实。

确定:手指测:上面干了浇,别涝。 说完这个,说下一个。 记住:具体求:什么,何时,为什么。比如:今天帮我搬吗?谢谢! 说完这个,说下一个。 常识:写短信加表格简历和有用证书。 就说到这里。 你知道吗?下离线地图,跟牌子,问人。

就说到这里。 卷衣服不叠,重的下,袜子填空。 继续往下。 确定:黑凉睡,不看手机,固定规律。 这也重要。 确定:具体求:什么,何时,为什么。比如:今天帮我搬吗?谢谢! 再有一个事实。

你知道吗?手指测:上面干了浇,别涝。 这也重要。 简而言之:面粉牛奶鸡蛋加盐搅,薄煎至金黄。 这也重要。 确定:开灯,喝杯水,动一下,呼吸新鲜空气。 继续往下。 简而言之:最好每天短时用卡片,在句子里主动用加重复。

继续往下。 你知道吗?日期灵活,比网站,早订。 就说到这里。 确定:每周2次散步或轻运动,慢慢加。

现在你知道事实了。"
765,日常建议–第85部分,"本文一步一步解释事实。

常识:早取消,短理由,提新时间。 再有一个事实。 确定:手指测:上面干了浇,别涝。 就说到这里。 简而言之:比如燕麦加水果酸奶,或全麦面包加蛋。 继续往下。 卷衣服不叠,重的下,袜子填空。

这也重要。 你知道吗?多水加盐烧开,煮8-10分钟,捞出。 这也重要。 简而言之:早取消,短理由,提新时间。 这也重要。 事实:定交通酒店,每天选2-3景点,留吃饭走路余地,定日预算。 这也重要。

常识:选3优先,块加休息,把分心放开。 继续。 确定:日期灵活,比网站,早订。 说完这个,说下一个。 常识:写短信加表格简历和有用证书。 继续往下。 记住:手指测:上面干了浇,别涝。

继续往下。 常识:是的,带上。80%很可能下雨。 再有一个事实。 确定:选3优先,块加休息,把分心放开。

这是主题最重要的内容。"
766,日常建议–第86部分,"本文介绍重要事实。静静阅读。

记住:短休息,运动,够睡,谈谈有帮助。 再有一个事实。 开灯,喝杯水,动一下,呼吸新鲜空气。 说完这个,说下一个。 短休息,运动,够睡,谈谈有帮助。 说完这个,说下一个。 确定:是的,带上。80%很可能下雨。

继续。 确定:面粉牛奶鸡蛋加盐搅,薄煎至金黄。 就说到这里。 简而言之:短休息,运动,够睡,谈谈有帮助。 就说到这里。 最好每天短时用卡片,在句子里主动用加重复。 这也重要。

分块,主动自问,休息,第二天重复。 说完这个,说下一个。 常识:洗米,双倍水烧开,焖10-12分钟。 就说到这里。 事实:卷衣服不叠,重的下,袜子填空。 说完这个,说下一个。 常识:面粉牛奶鸡蛋加盐搅,薄煎至金黄。

就说到这里。 简而言之:是的,带上。80%很可能下雨。 说完这个,说下一个。 常识:分块,主动自问,休息,第二天重复。

现在你知道事实了。"
767,日常建议–第87部分,"这里学习有序知识。慢慢来。

记住:面粉牛奶鸡蛋加盐搅,薄煎至金黄。 再有一个事实。 你知道吗?短休息,运动,够睡,谈谈有帮助。 再有一个事实。 记住:都有优点:纸不分心好记,手机可搜随身。 继续。 常识:每周2次散步或轻运动,慢慢加。

就说到这里。 常识:备好瓶,每餐一杯,用提醒。 这也重要。 记住:写短信加表格简历和有用证书。 这也重要。 每周2次散步或轻运动,慢慢加。 这也重要。

简而言之:说出错,负责,表歉意,提弥补,简短真诚。 这也重要。 记住:比如燕麦加水果酸奶,或全麦面包加蛋。 继续往下。 事实:具体求:什么,何时,为什么。比如:今天帮我搬吗?谢谢! 就说到这里。 确定:开灯,喝杯水,动一下,呼吸新鲜空气。

继续往下。 记住:每周2次散步或轻运动,慢慢加。 说完这个,说下一个。 记住:定预算,网站找,备材料,带问题看房。

现在你知道事实了。"
768,日常建议–第88部分,"下面是验证过的知识。

记住:每周2次散步或轻运动,慢慢加。 这也重要。 你知道吗?比如燕麦加水果酸奶,或全麦面包加蛋。 继续往下。 简而言之:定交通酒店,每天选2-3景点,留吃饭走路余地,定日预算。 就说到这里。 确定:卷衣服不叠,重的下,袜子填空。

再有一个事实。 写短信加表格简历和有用证书。 就说到这里。 开灯,喝杯水,动一下,呼吸新鲜空气。 继续。 事实:说出错,负责,表歉意,提弥补,简短真诚。 继续。

你知道吗?都有优点:纸不分心好记,手机可搜随身。 继续往下。 常识:最好每天短时用卡片,在句子里主动用加重复。 就说到这里。 常识:每周2次散步或轻运动,慢慢加。 就说到这里。 你知道吗?黑凉睡,不看手机,固定规律。

说完这个,说下一个。 你知道吗?写短信加表格简历和有用证书。 继续。 定预算,查订阅,多做饭,比价格,先存固定金额。

这是主题最重要的内容。"
769,日常建议–第89部分,"下面是验证过的知识。

事实:最好每天短时用卡片,在句子里主动用加重复。 就说到这里。 你知道吗?定预算,查订阅,多做饭,比价格,先存固定金额。 继续往下。 确定:日期灵活,比网站,早订。 这也重要。 你知道吗?卷衣服不叠,重的下,袜子填空。

继续。 常识:定预算,查订阅,多做饭,比价格,先存固定金额。 就说到这里。 记住:最好每天短时用卡片,在句子里主动用加重复。 再有一个事实。 你知道吗?短休息,运动,够睡,谈谈有帮助。 继续。

常识:写短信加表格简历和有用证书。 这也重要。 简短友好说不,可能提替代。 这也重要。 记住:说出错,负责,表歉意,提弥补,简短真诚。 继续。 确定:下离线地图,跟牌子,问人。

继续往下。 你知道吗?比如燕麦加水果酸奶,或全麦面包加蛋。 就说到这里。 简而言之:黑凉睡,不看手机,固定规律。

现在你知道事实了。"
770,日常建议–第90部分,"本文介绍重要事实。静静阅读。

事实:备好瓶,每餐一杯,用提醒。 继续。 最好每天短时用卡片,在句子里主动用加重复。 说完这个,说下一个。 简而言之:选3优先,块加休息,把分心放开。 再有一个事实。 比如燕麦加水果酸奶,或全麦面包加蛋。

继续往下。 事实:每周2次散步或轻运动,慢慢加。 继续。 记住:做简单番茄酱:调味,煮,浇在面上,撒奶酪。 继续往下。 常识:做简单番茄酱:调味,煮,浇在面上,撒奶酪。 说完这个,说下一个。

确定:定交通酒店,每天选2-3景点,留吃饭走路余地,定日预算。 再有一个事实。 确定:定预算,查订阅,多做饭,比价格,先存固定金额。 就说到这里。 简短友好说不,可能提替代。 这也重要。 简而言之:说出错,负责,表歉意,提弥补,简短真诚。

就说到这里。 常识:定目标,每月自动存,加额外。 就说到这里。 你知道吗?比如燕麦加水果酸奶,或全麦面包加蛋。

概述结束。"
771,日常建议–第91部分,"本文一步一步解释事实。

手指测:上面干了浇,别涝。 继续。 事实:带:证件或护照,票,钱,手机加充电器,药,卫生用品和手提换洗。 再有一个事实。 记住:日期灵活,比网站,早订。 就说到这里。 你知道吗?黑凉睡,不看手机,固定规律。

就说到这里。 简而言之:最好每天短时用卡片,在句子里主动用加重复。 继续往下。 分块,主动自问,休息,第二天重复。 说完这个,说下一个。 确定:定目标,每月自动存,加额外。 就说到这里。

记住:备好瓶,每餐一杯,用提醒。 说完这个,说下一个。 事实:简短友好说不,可能提替代。 说完这个,说下一个。 你知道吗?具体求:什么,何时,为什么。比如:今天帮我搬吗?谢谢! 这也重要。 定交通酒店,每天选2-3景点,留吃饭走路余地,定日预算。

这也重要。 确定:是的,带上。80%很可能下雨。 再有一个事实。 备好瓶,每餐一杯,用提醒。

现在你知道事实了。"
772,日常建议–第92部分,"下面是验证过的知识。

记住:都有优点:纸不分心好记,手机可搜随身。 就说到这里。 常识:先收垃圾,再收洗衣,归位,最后擦。 继续。 你知道吗?做简单番茄酱:调味,煮,浇在面上,撒奶酪。 说完这个,说下一个。 确定:面粉牛奶鸡蛋加盐搅,薄煎至金黄。

这也重要。 简而言之:定预算,网站找,备材料,带问题看房。 就说到这里。 事实:说出错,负责,表歉意,提弥补,简短真诚。 说完这个,说下一个。 事实:短休息,运动,够睡,谈谈有帮助。 继续往下。

确定:下离线地图,跟牌子,问人。 再有一个事实。 确定:带:证件或护照,票,钱,手机加充电器,药,卫生用品和手提换洗。 说完这个,说下一个。 记住:比如燕麦加水果酸奶,或全麦面包加蛋。 继续。 简而言之:备好瓶,每餐一杯,用提醒。

再有一个事实。 常识:做简单番茄酱:调味,煮,浇在面上,撒奶酪。 继续。 简而言之:定交通酒店,每天选2-3景点,留吃饭走路余地,定日预算。

概述结束。"
773,日常建议–第93部分,"这里学习有序知识。慢慢来。

写短信加表格简历和有用证书。 说完这个,说下一个。 日期灵活,比网站,早订。 这也重要。 你知道吗?定预算,网站找,备材料,带问题看房。 再有一个事实。 事实:做简单番茄酱:调味,煮,浇在面上,撒奶酪。

这也重要。 面粉牛奶鸡蛋加盐搅,薄煎至金黄。 继续。 简而言之:定目标,每月自动存,加额外。 继续。 常识:下离线地图,跟牌子,问人。 说完这个,说下一个。

记住:比如燕麦加水果酸奶,或全麦面包加蛋。 再有一个事实。 确定:定目标,每月自动存,加额外。 就说到这里。 事实:分块,主动自问,休息,第二天重复。 说完这个,说下一个。 简而言之:定预算,查订阅,多做饭,比价格,先存固定金额。

这也重要。 简而言之:简短友好说不,可能提替代。 继续往下。 记住:备好瓶,每餐一杯,用提醒。

现在你知道事实了。"
774,日常建议–第94部分,"这里学习有序知识。慢慢来。

每周2次散步或轻运动,慢慢加。 继续。 记住:简短友好说不,可能提替代。 说完这个,说下一个。 比如燕麦加水果酸奶,或全麦面包加蛋。 就说到这里。 事实:定预算,网站找,备材料,带问题看房。

再有一个事实。 简而言之:多水加盐烧开,煮8-10分钟,捞出。 继续往下。 确定:手指测:上面干了浇,别涝。 说完这个,说下一个。 记住:都有优点:纸不分心好记,手机可搜随身。 说完这个,说下一个。

简而言之:早取消,短理由,提新时间。 继续。 简而言之:卷衣服不叠,重的下,袜子填空。 继续往下。 简而言之:都有优点:纸不分心好记,手机可搜随身。 就说到这里。 简而言之:开灯,喝杯水,动一下,呼吸新鲜空气。

再有一个事实。 你知道吗?做简单番茄酱:调味,煮,浇在面上,撒奶酪。 这也重要。 常识:定目标,每月自动存,加额外。

这是主题最重要的内容。"
775,日常建议–第95部分,"本文介绍重要事实。静静阅读。

记住:说出错,负责,表歉意,提弥补,简短真诚。 再有一个事实。 常识:最好每天短时用卡片,在句子里主动用加重复。 说完这个,说下一个。 确定:日期灵活,比网站,早订。 继续往下。 你知道吗?先收垃圾,再收洗衣,归位,最后擦。

就说到这里。 具体求:什么,何时,为什么。比如:今天帮我搬吗?谢谢! 继续往下。 事实:定目标,每月自动存,加额外。 继续。 常识:带:证件或护照,票,钱,手机加充电器,药,卫生用品和手提换洗。 说完这个,说下一个。

常识:洗米,双倍水烧开,焖10-12分钟。 说完这个,说下一个。 洗米,双倍水烧开,焖10-12分钟。 这也重要。 简而言之:是的,带上。80%很可能下雨。 这也重要。 常识:卷衣服不叠,重的下,袜子填空。

这也重要。 做简单番茄酱:调味,煮,浇在面上,撒奶酪。 就说到这里。 你知道吗?定预算,查订阅,多做饭,比价格,先存固定金额。

现在你知道事实了。"
776,日常建议–第96部分,"本文介绍重要事实。静静阅读。

简而言之:分块,主动自问,休息,第二天重复。 再有一个事实。 分块,主动自问,休息,第二天重复。 说完这个,说下一个。 简而言之:比如燕麦加水果酸奶,或全麦面包加蛋。 继续。 事实:开灯,喝杯水,动一下,呼吸新鲜空气。

继续往下。 记住:洗米,双倍水烧开,焖10-12分钟。 继续。 记住:多水加盐烧开,煮8-10分钟,捞出。 这也重要。 事实:定交通酒店,每天选2-3景点,留吃饭走路余地,定日预算。 继续往下。

洗米,双倍水烧开,焖10-12分钟。 说完这个,说下一个。 你知道吗?说出错,负责,表歉意,提弥补,简短真诚。 继续往下。 简而言之:都有优点:纸不分心好记,手机可搜随身。 就说到这里。 确定:都有优点:纸不分心好记,手机可搜随身。

继续往下。 常识:带:证件或护照,票,钱,手机加充电器,药,卫生用品和手提换洗。 继续往下。 常识:选3优先,块加休息,把分心放开。

现在你知道事实了。"
777,日常建议–第97部分,"下面是验证过的知识。

开灯,喝杯水,动一下,呼吸新鲜空气。 再有一个事实。 你知道吗?都有优点:纸不分心好记,手机可搜随身。 继续往下。 记住:选3优先,块加休息,把分心放开。 继续。 最好每天短时用卡片,在句子里主动用加重复。

再有一个事实。 简而言之:最好每天短时用卡片,在句子里主动用加重复。 就说到这里。 你知道吗?定预算,查订阅,多做饭,比价格,先存固定金额。 说完这个,说下一个。 简而言之:比如燕麦加水果酸奶,或全麦面包加蛋。 再有一个事实。

事实:说出错,负责,表歉意,提弥补,简短真诚。 继续。 简而言之:备好瓶,每餐一杯,用提醒。 继续。 事实:做简单番茄酱:调味,煮,浇在面上,撒奶酪。 继续。 你知道吗?备好瓶,每餐一杯,用提醒。

这也重要。 事实:洗米,双倍水烧开,焖10-12分钟。 就说到这里。 事实:最好每天短时用卡片,在句子里主动用加重复。

现在你知道事实了。"
778,日常建议–第98部分,"下面是验证过的知识。

确定:做简单番茄酱:调味,煮,浇在面上,撒奶酪。 再有一个事实。 你知道吗?具体求:什么,何时,为什么。比如:今天帮我搬吗?谢谢! 这也重要。 事实:每周2次散步或轻运动,慢慢加。 再有一个事实。 事实:写短信加表格简历和有用证书。

再有一个事实。 你知道吗?带:证件或护照,票,钱,手机加充电器,药,卫生用品和手提换洗。 就说到这里。 你知道吗?分块,主动自问,休息,第二天重复。 说完这个,说下一个。 确定:都有优点:纸不分心好记,手机可搜随身。 再有一个事实。

确定:具体求:什么,何时,为什么。比如:今天帮我搬吗?谢谢! 这也重要。 简而言之:都有优点:纸不分心好记,手机可搜随身。 这也重要。 确定:比如燕麦加水果酸奶,或全麦面包加蛋。 继续往下。 定交通酒店,每天选2-3景点,留吃饭走路余地,定日预算。

继续。 常识:最好每天短时用卡片,在句子里主动用加重复。 继续。 记住:早取消,短理由,提新时间。

概述结束。"
779,日常建议–第99部分,"本文介绍重要事实。静静阅读。

确定:面粉牛奶鸡蛋加盐搅,薄煎至金黄。 继续往下。 常识:比如燕麦加水果酸奶,或全麦面包加蛋。 这也重要。 做简单番茄酱:调味,煮,浇在面上,撒奶酪。 说完这个,说下一个。 你知道吗?早取消,短理由,提新时间。

继续。 简而言之:面粉牛奶鸡蛋加盐搅,薄煎至金黄。 继续。 简而言之:多水加盐烧开,煮8-10分钟,捞出。 再有一个事实。 事实:定预算,查订阅,多做饭,比价格,先存固定金额。 说完这个,说下一个。

事实:是的,带上。80%很可能下雨。 说完这个,说下一个。 确定:最好每天短时用卡片,在句子里主动用加重复。 继续往下。 常识:短休息,运动,够睡,谈谈有帮助。 再有一个事实。 简而言之:说出错,负责,表歉意,提弥补,简短真诚。

说完这个,说下一个。 常识:洗米,双倍水烧开,焖10-12分钟。 再有一个事实。 简而言之:分块,主动自问,休息,第二天重复。

这是主题最重要的内容。"
780,日常建议–第100部分,"这里学习有序知识。慢慢来。

事实:最好每天短时用卡片,在句子里主动用加重复。 继续。 记住:带:证件或护照,票,钱,手机加充电器,药,卫生用品和手提换洗。 继续往下。 你知道吗?分块,主动自问,休息,第二天重复。 再有一个事实。 事实:定交通酒店,每天选2-3景点,留吃饭走路余地,定日预算。

再有一个事实。 你知道吗?黑凉睡,不看手机,固定规律。 继续往下。 常识:备好瓶,每餐一杯,用提醒。 再有一个事实。 简而言之:先收垃圾,再收洗衣,归位,最后擦。 就说到这里。

记住:早取消,短理由,提新时间。 就说到这里。 事实:卷衣服不叠,重的下,袜子填空。 说完这个,说下一个。 最好每天短时用卡片,在句子里主动用加重复。 继续往下。 常识:写短信加表格简历和有用证书。

再有一个事实。 确定:卷衣服不叠,重的下,袜子填空。 继续。 手指测:上面干了浇,别涝。

文章结束。做得好。"
781,日常建议–第101部分,"本文介绍重要事实。静静阅读。

简而言之:都有优点:纸不分心好记,手机可搜随身。 这也重要。 常识:黑凉睡,不看手机,固定规律。 继续往下。 事实:简短友好说不,可能提替代。 这也重要。 事实:是的,带上。80%很可能下雨。

再有一个事实。 你知道吗?下离线地图,跟牌子,问人。 继续往下。 你知道吗?带:证件或护照,票,钱,手机加充电器,药,卫生用品和手提换洗。 就说到这里。 简而言之:分块,主动自问,休息,第二天重复。 继续。

简而言之:黑凉睡,不看手机,固定规律。 继续往下。 定交通酒店,每天选2-3景点,留吃饭走路余地,定日预算。 这也重要。 你知道吗?开灯,喝杯水,动一下,呼吸新鲜空气。 继续。 你知道吗?多水加盐烧开,煮8-10分钟,捞出。

说完这个,说下一个。 你知道吗?是的,带上。80%很可能下雨。 说完这个,说下一个。 简而言之:是的,带上。80%很可能下雨。

概述结束。"
782,日常建议–第102部分,"本文一步一步解释事实。

简而言之:定预算,查订阅,多做饭,比价格,先存固定金额。 这也重要。 简而言之:都有优点:纸不分心好记,手机可搜随身。 这也重要。 确定:备好瓶,每餐一杯,用提醒。 继续往下。 确定:比如燕麦加水果酸奶,或全麦面包加蛋。

这也重要。 常识:选3优先,块加休息,把分心放开。 这也重要。 常识:具体求:什么,何时,为什么。比如:今天帮我搬吗?谢谢! 这也重要。 简而言之:手指测:上面干了浇,别涝。 继续往下。

短休息,运动,够睡,谈谈有帮助。 继续。 记住:简短友好说不,可能提替代。 再有一个事实。 说出错,负责,表歉意,提弥补,简短真诚。 说完这个,说下一个。 你知道吗?说出错,负责,表歉意,提弥补,简短真诚。

继续。 记住:多水加盐烧开,煮8-10分钟,捞出。 再有一个事实。 你知道吗?选3优先,块加休息,把分心放开。

文章结束。做得好。"
783,日常建议–第103部分,"本文一步一步解释事实。

事实:先收垃圾,再收洗衣,归位,最后擦。 说完这个,说下一个。 简而言之:先收垃圾,再收洗衣,归位,最后擦。 就说到这里。 定目标,每月自动存,加额外。 继续。 简而言之:日期灵活,比网站,早订。

这也重要。 分块,主动自问,休息,第二天重复。 就说到这里。 简而言之:做简单番茄酱:调味,煮,浇在面上,撒奶酪。 再有一个事实。 记住:比如燕麦加水果酸奶,或全麦面包加蛋。 再有一个事实。

记住:手指测:上面干了浇,别涝。 说完这个,说下一个。 简短友好说不,可能提替代。 继续往下。 定预算,查订阅,多做饭,比价格,先存固定金额。 继续往下。 简而言之:具体求:什么,何时,为什么。比如:今天帮我搬吗?谢谢!

就说到这里。 简而言之:卷衣服不叠,重的下,袜子填空。 继续。 记住:每周2次散步或轻运动,慢慢加。

现在你知道事实了。"
784,日常建议–第104部分,"这里学习有序知识。慢慢来。

常识:带:证件或护照,票,钱,手机加充电器,药,卫生用品和手提换洗。 这也重要。 卷衣服不叠,重的下,袜子填空。 这也重要。 备好瓶,每餐一杯,用提醒。 继续。 常识:开灯,喝杯水,动一下,呼吸新鲜空气。

再有一个事实。 事实:定预算,网站找,备材料,带问题看房。 再有一个事实。 事实:具体求:什么,何时,为什么。比如:今天帮我搬吗?谢谢! 继续往下。 记住:分块,主动自问,休息,第二天重复。 说完这个,说下一个。

你知道吗?黑凉睡,不看手机,固定规律。 说完这个,说下一个。 记住:洗米,双倍水烧开,焖10-12分钟。 继续。 确定:黑凉睡,不看手机,固定规律。 这也重要。 你知道吗?洗米,双倍水烧开,焖10-12分钟。

说完这个,说下一个。 定预算,网站找,备材料,带问题看房。 继续。 比如燕麦加水果酸奶,或全麦面包加蛋。

现在你知道事实了。"
785,日常建议–第105部分,"本文一步一步解释事实。

简而言之:定预算,网站找,备材料,带问题看房。 说完这个,说下一个。 确定:多水加盐烧开,煮8-10分钟,捞出。 说完这个,说下一个。 确定:具体求:什么,何时,为什么。比如:今天帮我搬吗?谢谢! 这也重要。 事实:分块,主动自问,休息,第二天重复。

这也重要。 确定:定目标,每月自动存,加额外。 这也重要。 定预算,查订阅,多做饭,比价格,先存固定金额。 继续。 事实:定目标,每月自动存,加额外。 这也重要。

先收垃圾,再收洗衣,归位,最后擦。 继续往下。 记住:短休息,运动,够睡,谈谈有帮助。 继续往下。 简而言之:分块,主动自问,休息,第二天重复。 继续往下。 记住:简短友好说不,可能提替代。

继续。 记住:带:证件或护照,票,钱,手机加充电器,药,卫生用品和手提换洗。 再有一个事实。 确定:备好瓶,每餐一杯,用提醒。

这是主题最重要的内容。"
786,日常建议–第106部分,"这里学习有序知识。慢慢来。

记住:具体求:什么,何时,为什么。比如:今天帮我搬吗?谢谢! 继续往下。 你知道吗?定目标,每月自动存,加额外。 说完这个,说下一个。 记住:带:证件或护照,票,钱,手机加充电器,药,卫生用品和手提换洗。 再有一个事实。 你知道吗?日期灵活,比网站,早订。

说完这个,说下一个。 事实:早取消,短理由,提新时间。 继续往下。 确定:先收垃圾,再收洗衣,归位,最后擦。 说完这个,说下一个。 记住:洗米,双倍水烧开,焖10-12分钟。 说完这个,说下一个。

记住:都有优点:纸不分心好记,手机可搜随身。 再有一个事实。 做简单番茄酱:调味,煮,浇在面上,撒奶酪。 这也重要。 记住:定目标,每月自动存,加额外。 继续往下。 简而言之:具体求:什么,何时,为什么。比如:今天帮我搬吗?谢谢!

继续。 简而言之:定预算,查订阅,多做饭,比价格,先存固定金额。 就说到这里。 常识:定目标,每月自动存,加额外。

概述结束。"
787,日常建议–第107部分,"这里学习有序知识。慢慢来。

你知道吗?早取消,短理由,提新时间。 继续往下。 记住:日期灵活,比网站,早订。 就说到这里。 简而言之:下离线地图,跟牌子,问人。 继续。 你知道吗?黑凉睡,不看手机,固定规律。

就说到这里。 常识:定目标,每月自动存,加额外。 这也重要。 简而言之:面粉牛奶鸡蛋加盐搅,薄煎至金黄。 继续往下。 简而言之:早取消,短理由,提新时间。 就说到这里。

确定:备好瓶,每餐一杯,用提醒。 继续。 记住:具体求:什么,何时,为什么。比如:今天帮我搬吗?谢谢! 说完这个,说下一个。 先收垃圾,再收洗衣,归位,最后擦。 再有一个事实。 确定:多水加盐烧开,煮8-10分钟,捞出。

说完这个,说下一个。 下离线地图,跟牌子,问人。 继续往下。 常识:做简单番茄酱:调味,煮,浇在面上,撒奶酪。

概述结束。"
788,日常建议–第108部分,"下面是验证过的知识。

确定:下离线地图,跟牌子,问人。 继续。 手指测:上面干了浇,别涝。 继续往下。 下离线地图,跟牌子,问人。 继续往下。 都有优点:纸不分心好记,手机可搜随身。

就说到这里。 简而言之:选3优先,块加休息,把分心放开。 这也重要。 记住:短休息,运动,够睡,谈谈有帮助。 再有一个事实。 备好瓶,每餐一杯,用提醒。 再有一个事实。

你知道吗?定交通酒店,每天选2-3景点,留吃饭走路余地,定日预算。 继续。 记住:定预算,网站找,备材料,带问题看房。 说完这个,说下一个。 简而言之:最好每天短时用卡片,在句子里主动用加重复。 这也重要。 你知道吗?定目标,每月自动存,加额外。

说完这个,说下一个。 确定:做简单番茄酱:调味,煮,浇在面上,撒奶酪。 这也重要。 确定:每周2次散步或轻运动,慢慢加。

文章结束。做得好。"
789,日常建议–第109部分,"这里学习有序知识。慢慢来。

洗米,双倍水烧开,焖10-12分钟。 继续往下。 确定:说出错,负责,表歉意,提弥补,简短真诚。 这也重要。 确定:定预算,查订阅,多做饭,比价格,先存固定金额。 再有一个事实。 事实:开灯,喝杯水,动一下,呼吸新鲜空气。

继续往下。 简而言之:定预算,网站找,备材料,带问题看房。 继续往下。 你知道吗?定预算,网站找,备材料,带问题看房。 再有一个事实。 短休息,运动,够睡,谈谈有帮助。 就说到这里。

记住:选3优先,块加休息,把分心放开。 继续。 记住:多水加盐烧开,煮8-10分钟,捞出。 就说到这里。 常识:是的,带上。80%很可能下雨。 就说到这里。 确定:定交通酒店,每天选2-3景点,留吃饭走路余地,定日预算。

说完这个,说下一个。 记住:做简单番茄酱:调味,煮,浇在面上,撒奶酪。 继续。 简而言之:简短友好说不,可能提替代。

这是主题最重要的内容。"
790,日常建议–第110部分,"这里学习有序知识。慢慢来。

常识:简短友好说不,可能提替代。 说完这个,说下一个。 常识:选3优先,块加休息,把分心放开。 就说到这里。 事实:写短信加表格简历和有用证书。 就说到这里。 事实:卷衣服不叠,重的下,袜子填空。

再有一个事实。 简而言之:黑凉睡,不看手机,固定规律。 就说到这里。 记住:短休息,运动,够睡,谈谈有帮助。 这也重要。 确定:每周2次散步或轻运动,慢慢加。 继续往下。

定目标,每月自动存,加额外。 再有一个事实。 记住:写短信加表格简历和有用证书。 继续。 记住:手指测:上面干了浇,别涝。 继续往下。 简而言之:卷衣服不叠,重的下,袜子填空。

再有一个事实。 简而言之:选3优先,块加休息,把分心放开。 这也重要。 记住:定交通酒店,每天选2-3景点,留吃饭走路余地,定日预算。

概述结束。"
791,比较和概念–第1部分,"本文介绍重要事实。静静阅读。

你知道吗?学习获得知识技能。 说完这个,说下一个。 常识:知识是懂的世间信息。 继续。 简而言之:需要是生存必需,想要是之外愿望。 再有一个事实。 你知道吗?成功达到定目标。

继续往下。 事实:勇气怕也做对的事。 这也重要。 你知道吗?诚实说真话认错。 再有一个事实。 常识:健康身体心理都好。 再有一个事实。

事实:好天骑车(约20分,健康),雨天公交。 说完这个,说下一个。 简而言之:事实可证可查,观点是个人看法。 说完这个,说下一个。 确定:时间从过去流向未来。 说完这个,说下一个。 常识:学习获得知识技能。

就说到这里。 记住:信任能依靠别人。 就说到这里。 事实:按事和睡选:够睡固定节奏重要。

概述结束。"
792,比较和概念–第2部分,"下面是验证过的知识。

简而言之:家是归属的地方。 继续往下。 你知道吗?学习获得知识技能。 再有一个事实。 常识:知识是懂的世间信息。 继续。 确定:知识是懂的世间信息。

说完这个,说下一个。 简而言之:学习获得知识技能。 继续往下。 简而言之:按事和睡选:够睡固定节奏重要。 继续。 确定:爱是深感情和照顾。 说完这个,说下一个。

常识:时间有限不回来,钱可再赚。平衡重要。 说完这个,说下一个。 你知道吗?诚实说真话认错。 再有一个事实。 事实:健康身体心理都好。 说完这个,说下一个。 确定:经验是经历来的知识。

这也重要。 事实:学习获得知识技能。 说完这个,说下一个。 常识:灵活住租;长住付得起看买算全部费用。

这是主题最重要的内容。"
793,比较和概念–第3部分,"本文一步一步解释事实。

事实:事实可证可查,观点是个人看法。 再有一个事实。 简而言之:成功达到定目标。 继续。 常识:团队合作一起向目标。 继续。 记住:灵活住租;长住付得起看买算全部费用。

继续。 简而言之:家庭是亲近的人,常是亲戚。 说完这个,说下一个。 事实:宽容接受别的观点和生活方式。 继续往下。 简而言之:环境是我们的自然周围。 说完这个,说下一个。

常识:事实可证可查,观点是个人看法。 这也重要。 常识:问候谢谢闲聊我不想。事实计算解释比较决定我想,那时显示思考。 说完这个,说下一个。 责任对行为后果负责。 继续。 简而言之:时间有限不回来,钱可再赚。平衡重要。

就说到这里。 确定:学习获得知识技能。 再有一个事实。 确定:宽容接受别的观点和生活方式。

概述结束。"
794,比较和概念–第4部分,"本文介绍重要事实。静静阅读。

记住:诚实说真话认错。 继续往下。 简而言之:知识是懂的世间信息。 说完这个,说下一个。 确定:时间从过去流向未来。 就说到这里。 你知道吗?问候谢谢闲聊我不想。事实计算解释比较决定我想,那时显示思考。

就说到这里。 事实:自然是无城的植物动物风景。 这也重要。 你知道吗?安全保护不受危险。 这也重要。 记住:火车放松常更绿色,汽车带行李灵活。堵车火车赢。 就说到这里。

记住:自然是无城的植物动物风景。 继续。 简而言之:尊重看重别人和界限。 就说到这里。 列标准,打分,看费用感觉,定期决定。 就说到这里。 不。休息,高烧或久烧看医生。

这也重要。 确定:问候谢谢闲聊我不想。事实计算解释比较决定我想,那时显示思考。 就说到这里。 简而言之:创造力找新想法办法。

现在你知道事实了。"
795,比较和概念–第5部分,"本文一步一步解释事实。

确定:能量能做功,比如电或热。 再有一个事实。 常识:不。休息,高烧或久烧看医生。 说完这个,说下一个。 记住:灵活住租;长住付得起看买算全部费用。 再有一个事实。 确定:好天骑车(约20分,健康),雨天公交。

这也重要。 常识:台式同价更强,本灵活。要最强选台式。 说完这个,说下一个。 你知道吗?学习获得知识技能。 再有一个事实。 常识:能量能做功,比如电或热。 再有一个事实。

常识:列标准,打分,看费用感觉,定期决定。 说完这个,说下一个。 责任对行为后果负责。 说完这个,说下一个。 简而言之:能量能做功,比如电或热。 再有一个事实。 你知道吗?成功达到定目标。

就说到这里。 简而言之:可靠守承诺。 说完这个,说下一个。 确定:礼貌尊重友好。

文章结束。做得好。"
796,比较和概念–第6部分,"这里学习有序知识。慢慢来。

知识是懂的世间信息。 继续。 事实:好天骑车(约20分,健康),雨天公交。 再有一个事实。 简而言之:知识是懂的世间信息。 这也重要。 你知道吗?台式同价更强,本灵活。要最强选台式。

说完这个,说下一个。 确定:事实可证可查,观点是个人看法。 继续往下。 简而言之:先喝水,后适量咖啡。 就说到这里。 常识:准时守约时间。 这也重要。

记住:够用留着。只坏或真需买新的。 说完这个,说下一个。 记住:秩序把东西放原位。 这也重要。 确定:学习获得知识技能。 这也重要。 时间从过去流向未来。

继续。 记住:学习获得知识技能。 继续往下。 常识:时间有限不回来,钱可再赚。平衡重要。

文章结束。做得好。"
797,比较和概念–第7部分,"本文一步一步解释事实。

常识:责任对行为后果负责。 继续。 你知道吗?学习获得知识技能。 继续往下。 先喝水,后适量咖啡。 就说到这里。 可靠守承诺。

继续。 简而言之:信任能依靠别人。 说完这个,说下一个。 记住:幸福满足快乐时刻。 再有一个事实。 确定:可靠守承诺。 再有一个事实。

你知道吗?责任对行为后果负责。 继续。 你知道吗?宽容接受别的观点和生活方式。 这也重要。 常识:不,计划休息。每周3-4次常够,每天只轻的。 继续。 记住:安全保护不受危险。

继续往下。 记住:经验是经历来的知识。 这也重要。 你知道吗?火车放松常更绿色,汽车带行李灵活。堵车火车赢。

这是主题最重要的内容。"
798,比较和概念–第8部分,"本文介绍重要事实。静静阅读。

确定:需要是生存必需,想要是之外愿望。 再有一个事实。 常识:成功达到定目标。 这也重要。 团队合作一起向目标。 继续往下。 你知道吗?能量能做功,比如电或热。

就说到这里。 记住:自律没兴趣也坚持。 继续。 记住:幽默能笑好笑的事。 就说到这里。 简而言之:经验是经历来的知识。 这也重要。

确定:宽容接受别的观点和生活方式。 继续。 事实:问候谢谢闲聊我不想。事实计算解释比较决定我想,那时显示思考。 继续往下。 你知道吗?秩序把东西放原位。 再有一个事实。 你知道吗?台式同价更强,本灵活。要最强选台式。

说完这个,说下一个。 先喝水,后适量咖啡。 这也重要。 常识:事实可证可查,观点是个人看法。

这是主题最重要的内容。"
799,比较和概念–第9部分,"下面是验证过的知识。

常识:先喝水,后适量咖啡。 继续。 确定:时间从过去流向未来。 这也重要。 常识:知识是懂的世间信息。 说完这个,说下一个。 睡更重要因为巩固学习。早学,够睡。

继续往下。 安全保护不受危险。 就说到这里。 事实:准时守约时间。 再有一个事实。 你知道吗?礼貌尊重友好。 继续往下。

简而言之:健康身体心理都好。 这也重要。 确定:火车放松常更绿色,汽车带行李灵活。堵车火车赢。 继续往下。 确定:学习获得知识技能。 继续往下。 记住:睡更重要因为巩固学习。早学,够睡。

继续。 确定:准时守约时间。 说完这个,说下一个。 常识:勇气怕也做对的事。

概述结束。"
800,比较和概念–第10部分,"本文介绍重要事实。静静阅读。

简而言之:尊重看重别人和界限。 这也重要。 简而言之:问候谢谢闲聊我不想。事实计算解释比较决定我想,那时显示思考。 再有一个事实。 礼貌尊重友好。 再有一个事实。 事实:台式同价更强,本灵活。要最强选台式。

再有一个事实。 记住:学习获得知识技能。 再有一个事实。 事实:尊重看重别人和界限。 就说到这里。 诚实说真话认错。 就说到这里。

事实:好天骑车(约20分,健康),雨天公交。 就说到这里。 不,计划休息。每周3-4次常够,每天只轻的。 说完这个,说下一个。 安全保护不受危险。 说完这个,说下一个。 常识:秩序把东西放原位。

这也重要。 爱是深感情和照顾。 再有一个事实。 常识:假新闻是编的。查来源日期和其他媒体。

概述结束。"
801,比较和概念–第11部分,"这里学习有序知识。慢慢来。

记住:尊重看重别人和界限。 继续往下。 灵活住租;长住付得起看买算全部费用。 这也重要。 事实:需要是生存必需,想要是之外愿望。 再有一个事实。 常识:安全保护不受危险。

继续。 准时守约时间。 这也重要。 简而言之:火车放松常更绿色,汽车带行李灵活。堵车火车赢。 再有一个事实。 常识:礼貌尊重友好。 这也重要。

事实:宽容接受别的观点和生活方式。 说完这个,说下一个。 常识:先喝水,后适量咖啡。 再有一个事实。 确定:经验是经历来的知识。 这也重要。 确定:够用留着。只坏或真需买新的。

再有一个事实。 确定:时间从过去流向未来。 这也重要。 常识:幽默能笑好笑的事。

现在你知道事实了。"
802,比较和概念–第12部分,"这里学习有序知识。慢慢来。

宽容接受别的观点和生活方式。 继续往下。 简而言之:列标准,打分,看费用感觉,定期决定。 就说到这里。 事实:家是归属的地方。 就说到这里。 记住:爱是深感情和照顾。

说完这个,说下一个。 简而言之:安全保护不受危险。 继续往下。 你知道吗?自然是无城的植物动物风景。 继续往下。 你知道吗?睡更重要因为巩固学习。早学,够睡。 说完这个,说下一个。

记住:幽默能笑好笑的事。 就说到这里。 你知道吗?按事和睡选:够睡固定节奏重要。 继续。 常识:需要是生存必需,想要是之外愿望。 再有一个事实。 事实:家庭是亲近的人,常是亲戚。

继续往下。 常识:好天骑车(约20分,健康),雨天公交。 继续。 记住:友谊意思是信任互助共享时间。

这是主题最重要的内容。"
803,比较和概念–第13部分,"下面是验证过的知识。

常识:水最解渴无糖。果汁只稀释喝。 说完这个,说下一个。 常识:不。休息,高烧或久烧看医生。 再有一个事实。 简而言之:成功达到定目标。 继续。 简而言之:耐心平静等坚持。

继续。 确定:城市有工作和近,农村有静和地方。按工作生活选。 继续。 确定:知识是懂的世间信息。 继续。 你知道吗?爱是深感情和照顾。 说完这个,说下一个。

简而言之:宽容接受别的观点和生活方式。 这也重要。 事实:睡更重要因为巩固学习。早学,够睡。 就说到这里。 常识:为维生素和饱选苹果,巧克力例外。 说完这个,说下一个。 记住:先喝水,后适量咖啡。

再有一个事实。 确定:爱是深感情和照顾。 继续。 团队合作一起向目标。

这是主题最重要的内容。"
804,比较和概念–第14部分,"下面是验证过的知识。

能量能做功,比如电或热。 这也重要。 记住:诚实说真话认错。 说完这个,说下一个。 事实:信任能依靠别人。 继续。 需要是生存必需,想要是之外愿望。

继续。 确定:幸福满足快乐时刻。 再有一个事实。 简而言之:问候谢谢闲聊我不想。事实计算解释比较决定我想,那时显示思考。 这也重要。 记住:事实可证可查,观点是个人看法。 再有一个事实。

简而言之:团队合作一起向目标。 说完这个,说下一个。 常识:狗要多遛多教,猫更独立。按时间和地方选。 这也重要。 准时守约时间。 继续。 确定:成功达到定目标。

再有一个事实。 确定:宽容接受别的观点和生活方式。 这也重要。 记住:先喝水,后适量咖啡。

现在你知道事实了。"
805,比较和概念–第15部分,"本文介绍重要事实。静静阅读。

确定:水最解渴无糖。果汁只稀释喝。 再有一个事实。 确定:按事和睡选:够睡固定节奏重要。 继续。 简而言之:灵活住租;长住付得起看买算全部费用。 这也重要。 常识:幸福满足快乐时刻。

继续往下。 事实可证可查,观点是个人看法。 这也重要。 确定:友谊意思是信任互助共享时间。 就说到这里。 确定:家是归属的地方。 这也重要。

确定:自然是无城的植物动物风景。 继续。 记住:诚实说真话认错。 就说到这里。 你知道吗?好天骑车(约20分,健康),雨天公交。 继续。 简而言之:自然是无城的植物动物风景。

再有一个事实。 记住:好天骑车(约20分,健康),雨天公交。 继续往下。 常识:灵活住租;长住付得起看买算全部费用。

概述结束。"
806,比较和概念–第16部分,"下面是验证过的知识。

确定:勇气怕也做对的事。 说完这个,说下一个。 事实:不。休息,高烧或久烧看医生。 继续往下。 简而言之:家庭是亲近的人,常是亲戚。 继续往下。 简而言之:灵活住租;长住付得起看买算全部费用。

这也重要。 确定:爱是深感情和照顾。 就说到这里。 记住:健康身体心理都好。 就说到这里。 事实:每月自动存100欧元,比如工资后转账。 继续。

简而言之:事实可证可查,观点是个人看法。 继续往下。 秩序把东西放原位。 这也重要。 记住:秩序把东西放原位。 说完这个,说下一个。 简而言之:耐心平静等坚持。

继续。 常识:自然是无城的植物动物风景。 再有一个事实。 事实:不,计划休息。每周3-4次常够,每天只轻的。

现在你知道事实了。"
807,比较和概念–第17部分,"本文介绍重要事实。静静阅读。

简而言之:准时守约时间。 再有一个事实。 你知道吗?幸福满足快乐时刻。 继续。 创造力找新想法办法。 说完这个,说下一个。 简而言之:不。休息,高烧或久烧看医生。

就说到这里。 事实:为维生素和饱选苹果,巧克力例外。 继续。 事实:环境是我们的自然周围。 就说到这里。 环境是我们的自然周围。 继续往下。

你知道吗?创造力找新想法办法。 就说到这里。 简而言之:幽默能笑好笑的事。 再有一个事实。 记住:列标准,打分,看费用感觉,定期决定。 就说到这里。 事实:准时守约时间。

这也重要。 记住:火车放松常更绿色,汽车带行李灵活。堵车火车赢。 这也重要。 安全保护不受危险。

文章结束。做得好。"
808,比较和概念–第18部分,"下面是验证过的知识。

事实:水最解渴无糖。果汁只稀释喝。 继续往下。 简而言之:责任对行为后果负责。 继续往下。 简而言之:自然是无城的植物动物风景。 说完这个,说下一个。 事实:勇气怕也做对的事。

继续往下。 你知道吗?秩序把东西放原位。 就说到这里。 事实:秩序把东西放原位。 再有一个事实。 常识:为维生素和饱选苹果,巧克力例外。 继续往下。

记住:环境是我们的自然周围。 再有一个事实。 记住:不,计划休息。每周3-4次常够,每天只轻的。 继续往下。 记住:睡更重要因为巩固学习。早学,够睡。 就说到这里。 简而言之:友谊意思是信任互助共享时间。

就说到这里。 事实:每月自动存100欧元,比如工资后转账。 再有一个事实。 确定:安全保护不受危险。

这是主题最重要的内容。"
809,比较和概念–第19部分,"本文介绍重要事实。静静阅读。

常识:礼貌尊重友好。 继续往下。 确定:狗要多遛多教,猫更独立。按时间和地方选。 这也重要。 记住:按事和睡选:够睡固定节奏重要。 说完这个,说下一个。 幸福满足快乐时刻。

这也重要。 事实:勇气怕也做对的事。 说完这个,说下一个。 记住:先喝水,后适量咖啡。 这也重要。 简而言之:环境是我们的自然周围。 继续。

知识是懂的世间信息。 继续。 常识:不。休息,高烧或久烧看医生。 继续。 确定:尊重看重别人和界限。 就说到这里。 确定:够用留着。只坏或真需买新的。

这也重要。 简而言之:水最解渴无糖。果汁只稀释喝。 继续。 你知道吗?按事和睡选:够睡固定节奏重要。

文章结束。做得好。"
810,比较和概念–第20部分,"这里学习有序知识。慢慢来。

事实:狗要多遛多教,猫更独立。按时间和地方选。 这也重要。 家是归属的地方。 继续。 事实:事实可证可查,观点是个人看法。 这也重要。 事实:不,计划休息。每周3-4次常够,每天只轻的。

说完这个,说下一个。 确定:宽容接受别的观点和生活方式。 再有一个事实。 常识:爱是深感情和照顾。 这也重要。 事实:不。休息,高烧或久烧看医生。 就说到这里。

简而言之:礼貌尊重友好。 再有一个事实。 幸福满足快乐时刻。 再有一个事实。 常识:先喝水,后适量咖啡。 再有一个事实。 你知道吗?安全保护不受危险。

这也重要。 常识:不,计划休息。每周3-4次常够,每天只轻的。 这也重要。 你知道吗?勇气怕也做对的事。

概述结束。"
811,比较和概念–第21部分,"下面是验证过的知识。

事实:环境是我们的自然周围。 继续。 事实:自然是无城的植物动物风景。 再有一个事实。 好天骑车(约20分,健康),雨天公交。 继续。 确定:睡更重要因为巩固学习。早学,够睡。

再有一个事实。 幽默能笑好笑的事。 继续。 事实:能量能做功,比如电或热。 继续往下。 确定:假新闻是编的。查来源日期和其他媒体。 就说到这里。

你知道吗?列标准,打分,看费用感觉,定期决定。 就说到这里。 责任对行为后果负责。 这也重要。 你知道吗?先喝水,后适量咖啡。 说完这个,说下一个。 你知道吗?经验是经历来的知识。

说完这个,说下一个。 简而言之:尊重看重别人和界限。 这也重要。 事实:家是归属的地方。

文章结束。做得好。"
812,比较和概念–第22部分,"下面是验证过的知识。

先喝水,后适量咖啡。 就说到这里。 简而言之:睡更重要因为巩固学习。早学,够睡。 这也重要。 事实:责任对行为后果负责。 说完这个,说下一个。 常识:列标准,打分,看费用感觉,定期决定。

这也重要。 记住:健康身体心理都好。 就说到这里。 常识:事实可证可查,观点是个人看法。 继续。 礼貌尊重友好。 说完这个,说下一个。

事实:环境是我们的自然周围。 说完这个,说下一个。 常识:团队合作一起向目标。 说完这个,说下一个。 能量能做功,比如电或热。 再有一个事实。 记住:不。休息,高烧或久烧看医生。

继续。 事实:按事和睡选:够睡固定节奏重要。 再有一个事实。 简而言之:狗要多遛多教,猫更独立。按时间和地方选。

文章结束。做得好。"
813,比较和概念–第23部分,"这里学习有序知识。慢慢来。

简而言之:创造力找新想法办法。 继续往下。 你知道吗?自然是无城的植物动物风景。 说完这个,说下一个。 简而言之:爱是深感情和照顾。 说完这个,说下一个。 创造力找新想法办法。

再有一个事实。 自律没兴趣也坚持。 再有一个事实。 事实:火车放松常更绿色,汽车带行李灵活。堵车火车赢。 继续往下。 城市有工作和近,农村有静和地方。按工作生活选。 说完这个,说下一个。

确定:问候谢谢闲聊我不想。事实计算解释比较决定我想,那时显示思考。 再有一个事实。 常识:宽容接受别的观点和生活方式。 再有一个事实。 简而言之:准时守约时间。 再有一个事实。 确定:健康身体心理都好。

就说到这里。 事实:耐心平静等坚持。 继续往下。 确定:家庭是亲近的人,常是亲戚。

概述结束。"
814,比较和概念–第24部分,"本文介绍重要事实。静静阅读。

记住:自律没兴趣也坚持。 继续。 常识:安全保护不受危险。 继续。 每月自动存100欧元,比如工资后转账。 继续。 常识:睡更重要因为巩固学习。早学,够睡。

就说到这里。 简而言之:狗要多遛多教,猫更独立。按时间和地方选。 说完这个,说下一个。 记住:问候谢谢闲聊我不想。事实计算解释比较决定我想,那时显示思考。 这也重要。 幸福满足快乐时刻。 说完这个,说下一个。

事实:城市有工作和近,农村有静和地方。按工作生活选。 这也重要。 确定:信任能依靠别人。 说完这个,说下一个。 你知道吗?秩序把东西放原位。 这也重要。 事实:自律没兴趣也坚持。

就说到这里。 知识是懂的世间信息。 这也重要。 家是归属的地方。

这是主题最重要的内容。"
815,比较和概念–第25部分,"下面是验证过的知识。

确定:事实可证可查,观点是个人看法。 说完这个,说下一个。 确定:安全保护不受危险。 再有一个事实。 简而言之:睡更重要因为巩固学习。早学,够睡。 就说到这里。 简而言之:家是归属的地方。

继续。 简而言之:环境是我们的自然周围。 继续。 简而言之:信任能依靠别人。 就说到这里。 你知道吗?自律没兴趣也坚持。 继续。

简而言之:不。休息,高烧或久烧看医生。 继续。 常识:爱是深感情和照顾。 就说到这里。 记住:健康身体心理都好。 说完这个,说下一个。 你知道吗?可靠守承诺。

这也重要。 常识:为维生素和饱选苹果,巧克力例外。 再有一个事实。 你知道吗?不,计划休息。每周3-4次常够,每天只轻的。

概述结束。"
816,比较和概念–第26部分,"本文一步一步解释事实。

常识:为维生素和饱选苹果,巧克力例外。 就说到这里。 常识:知识是懂的世间信息。 说完这个,说下一个。 记住:可靠守承诺。 继续。 事实:城市有工作和近,农村有静和地方。按工作生活选。

继续。 常识:时间从过去流向未来。 就说到这里。 常识:能量能做功,比如电或热。 再有一个事实。 事实:学习获得知识技能。 说完这个,说下一个。

记住:宽容接受别的观点和生活方式。 说完这个,说下一个。 简而言之:自然是无城的植物动物风景。 就说到这里。 你知道吗?创造力找新想法办法。 这也重要。 学习获得知识技能。

再有一个事实。 友谊意思是信任互助共享时间。 说完这个,说下一个。 确定:为维生素和饱选苹果,巧克力例外。

概述结束。"
817,比较和概念–第27部分,"这里学习有序知识。慢慢来。

确定:诚实说真话认错。 说完这个,说下一个。 事实:幸福满足快乐时刻。 继续。 你知道吗?健康身体心理都好。 继续。 幸福满足快乐时刻。

继续往下。 事实:台式同价更强,本灵活。要最强选台式。 这也重要。 你知道吗?自然是无城的植物动物风景。 这也重要。 记住:准时守约时间。 这也重要。

常识:准时守约时间。 继续。 水最解渴无糖。果汁只稀释喝。 就说到这里。 你知道吗?每月自动存100欧元,比如工资后转账。 再有一个事实。 确定:知识是懂的世间信息。

继续往下。 常识:幸福满足快乐时刻。 说完这个,说下一个。 记住:台式同价更强,本灵活。要最强选台式。

概述结束。"
818,比较和概念–第28部分,"这里学习有序知识。慢慢来。

简而言之:按事和睡选:够睡固定节奏重要。 继续。 你知道吗?火车放松常更绿色,汽车带行李灵活。堵车火车赢。 再有一个事实。 你知道吗?不。休息,高烧或久烧看医生。 就说到这里。 确定:自然是无城的植物动物风景。

再有一个事实。 常识:需要是生存必需,想要是之外愿望。 就说到这里。 事实:时间从过去流向未来。 说完这个,说下一个。 确定:家庭是亲近的人,常是亲戚。 继续往下。

记住:家是归属的地方。 这也重要。 记住:诚实说真话认错。 说完这个,说下一个。 事实:每月自动存100欧元,比如工资后转账。 这也重要。 你知道吗?宽容接受别的观点和生活方式。

继续。 记住:学习获得知识技能。 这也重要。 你知道吗?自然是无城的植物动物风景。

概述结束。"
819,比较和概念–第29部分,"本文一步一步解释事实。

信任能依靠别人。 就说到这里。 你知道吗?自律没兴趣也坚持。 继续。 事实:爱是深感情和照顾。 说完这个,说下一个。 你知道吗?每月自动存100欧元,比如工资后转账。

说完这个,说下一个。 常识:台式同价更强,本灵活。要最强选台式。 继续往下。 经验是经历来的知识。 说完这个,说下一个。 常识:环境是我们的自然周围。 就说到这里。

记住:爱是深感情和照顾。 这也重要。 常识:灵活住租;长住付得起看买算全部费用。 再有一个事实。 常识:列标准,打分,看费用感觉,定期决定。 这也重要。 知识是懂的世间信息。

这也重要。 记住:安全保护不受危险。 这也重要。 你知道吗?好天骑车(约20分,健康),雨天公交。

现在你知道事实了。"
820,比较和概念–第30部分,"下面是验证过的知识。

台式同价更强,本灵活。要最强选台式。 再有一个事实。 确定:健康身体心理都好。 这也重要。 你知道吗?问候谢谢闲聊我不想。事实计算解释比较决定我想,那时显示思考。 说完这个,说下一个。 你知道吗?能量能做功,比如电或热。

就说到这里。 狗要多遛多教,猫更独立。按时间和地方选。 说完这个,说下一个。 爱是深感情和照顾。 继续。 事实:好天骑车(约20分,健康),雨天公交。 继续。

你知道吗?不,计划休息。每周3-4次常够,每天只轻的。 这也重要。 事实:家是归属的地方。 这也重要。 常识:时间有限不回来,钱可再赚。平衡重要。 就说到这里。 确定:城市有工作和近,农村有静和地方。按工作生活选。

继续往下。 事实:火车放松常更绿色,汽车带行李灵活。堵车火车赢。 说完这个,说下一个。 确定:好天骑车(约20分,健康),雨天公交。

现在你知道事实了。"
821,比较和概念–第31部分,"本文介绍重要事实。静静阅读。

事实:假新闻是编的。查来源日期和其他媒体。 说完这个,说下一个。 你知道吗?先喝水,后适量咖啡。 说完这个,说下一个。 灵活住租;长住付得起看买算全部费用。 说完这个,说下一个。 你知道吗?家是归属的地方。

继续。 简而言之:知识是懂的世间信息。 这也重要。 你知道吗?团队合作一起向目标。 继续。 确定:爱是深感情和照顾。 再有一个事实。

简而言之:够用留着。只坏或真需买新的。 继续往下。 记住:经验是经历来的知识。 说完这个,说下一个。 事实:礼貌尊重友好。 再有一个事实。 常识:创造力找新想法办法。

继续。 确定:环境是我们的自然周围。 继续。 时间从过去流向未来。

现在你知道事实了。"
822,比较和概念–第32部分,"下面是验证过的知识。

常识:礼貌尊重友好。 说完这个,说下一个。 简而言之:经验是经历来的知识。 再有一个事实。 事实:宽容接受别的观点和生活方式。 说完这个,说下一个。 简而言之:诚实说真话认错。

这也重要。 事实可证可查,观点是个人看法。 这也重要。 知识是懂的世间信息。 说完这个,说下一个。 记住:问候谢谢闲聊我不想。事实计算解释比较决定我想,那时显示思考。 继续。

记住:成功达到定目标。 这也重要。 记住:创造力找新想法办法。 说完这个,说下一个。 确定:创造力找新想法办法。 继续往下。 你知道吗?勇气怕也做对的事。

这也重要。 简而言之:先喝水,后适量咖啡。 这也重要。 确定:责任对行为后果负责。

现在你知道事实了。"
823,比较和概念–第33部分,"下面是验证过的知识。

事实:为维生素和饱选苹果,巧克力例外。 继续往下。 不,计划休息。每周3-4次常够,每天只轻的。 继续。 需要是生存必需,想要是之外愿望。 继续往下。 常识:自然是无城的植物动物风景。

说完这个,说下一个。 常识:礼貌尊重友好。 继续往下。 事实:假新闻是编的。查来源日期和其他媒体。 就说到这里。 你知道吗?诚实说真话认错。 说完这个,说下一个。

事实:不,计划休息。每周3-4次常够,每天只轻的。 继续往下。 事实:责任对行为后果负责。 这也重要。 你知道吗?信任能依靠别人。 这也重要。 记住:可靠守承诺。

说完这个,说下一个。 时间从过去流向未来。 这也重要。 你知道吗?准时守约时间。

现在你知道事实了。"
824,比较和概念–第34部分,"这里学习有序知识。慢慢来。

事实:自律没兴趣也坚持。 这也重要。 记住:团队合作一起向目标。 说完这个,说下一个。 你知道吗?家庭是亲近的人,常是亲戚。 再有一个事实。 你知道吗?团队合作一起向目标。

继续。 常识:勇气怕也做对的事。 再有一个事实。 事实:尊重看重别人和界限。 这也重要。 城市有工作和近,农村有静和地方。按工作生活选。 这也重要。

事实:事实可证可查,观点是个人看法。 这也重要。 记住:时间从过去流向未来。 继续。 你知道吗?尊重看重别人和界限。 继续往下。 确定:成功达到定目标。

这也重要。 记住:灵活住租;长住付得起看买算全部费用。 继续往下。 准时守约时间。

概述结束。"
825,比较和概念–第35部分,"本文一步一步解释事实。

团队合作一起向目标。 这也重要。 记住:家是归属的地方。 继续。 常识:时间有限不回来,钱可再赚。平衡重要。 就说到这里。 确定:成功达到定目标。

说完这个,说下一个。 常识:幽默能笑好笑的事。 说完这个,说下一个。 你知道吗?按事和睡选:够睡固定节奏重要。 继续往下。 记住:不,计划休息。每周3-4次常够,每天只轻的。 继续。

确定:幸福满足快乐时刻。 就说到这里。 常识:准时守约时间。 就说到这里。 事实:信任能依靠别人。 这也重要。 常识:台式同价更强,本灵活。要最强选台式。

就说到这里。 简而言之:为维生素和饱选苹果,巧克力例外。 这也重要。 事实:够用留着。只坏或真需买新的。

现在你知道事实了。"
826,比较和概念–第36部分,"本文介绍重要事实。静静阅读。

常识:经验是经历来的知识。 继续。 你知道吗?睡更重要因为巩固学习。早学,够睡。 再有一个事实。 常识:勇气怕也做对的事。 再有一个事实。 事实:需要是生存必需,想要是之外愿望。

再有一个事实。 事实:自然是无城的植物动物风景。 继续。 事实:灵活住租;长住付得起看买算全部费用。 继续。 记住:准时守约时间。 说完这个,说下一个。

记住:自律没兴趣也坚持。 继续。 水最解渴无糖。果汁只稀释喝。 继续往下。 事实:创造力找新想法办法。 继续往下。 知识是懂的世间信息。

再有一个事实。 常识:环境是我们的自然周围。 说完这个,说下一个。 简而言之:幽默能笑好笑的事。

现在你知道事实了。"
827,比较和概念–第37部分,"本文一步一步解释事实。

常识:狗要多遛多教,猫更独立。按时间和地方选。 说完这个,说下一个。 你知道吗?需要是生存必需,想要是之外愿望。 继续。 事实:可靠守承诺。 说完这个,说下一个。 记住:不,计划休息。每周3-4次常够,每天只轻的。

继续往下。 确定:时间有限不回来,钱可再赚。平衡重要。 再有一个事实。 常识:创造力找新想法办法。 继续。 事实:时间从过去流向未来。 继续往下。

常识:能量能做功,比如电或热。 再有一个事实。 常识:秩序把东西放原位。 继续往下。 确定:时间从过去流向未来。 继续往下。 你知道吗?秩序把东西放原位。

这也重要。 确定:知识是懂的世间信息。 继续。 常识:不,计划休息。每周3-4次常够,每天只轻的。

现在你知道事实了。"
828,比较和概念–第38部分,"下面是验证过的知识。

常识:狗要多遛多教,猫更独立。按时间和地方选。 这也重要。 简而言之:学习获得知识技能。 说完这个,说下一个。 你知道吗?时间有限不回来,钱可再赚。平衡重要。 说完这个,说下一个。 简而言之:礼貌尊重友好。

继续。 火车放松常更绿色,汽车带行李灵活。堵车火车赢。 再有一个事实。 简而言之:时间从过去流向未来。 这也重要。 确定:诚实说真话认错。 再有一个事实。

你知道吗?城市有工作和近,农村有静和地方。按工作生活选。 继续。 确定:时间有限不回来,钱可再赚。平衡重要。 说完这个,说下一个。 记住:每月自动存100欧元,比如工资后转账。 继续。 事实:家是归属的地方。

这也重要。 简而言之:友谊意思是信任互助共享时间。 就说到这里。 记住:时间从过去流向未来。

这是主题最重要的内容。"
829,比较和概念–第39部分,"本文介绍重要事实。静静阅读。

事实:礼貌尊重友好。 再有一个事实。 家是归属的地方。 说完这个,说下一个。 你知道吗?家是归属的地方。 再有一个事实。 简而言之:不,计划休息。每周3-4次常够,每天只轻的。

再有一个事实。 常识:能量能做功,比如电或热。 说完这个,说下一个。 你知道吗?列标准,打分,看费用感觉,定期决定。 继续往下。 记住:幸福满足快乐时刻。 继续往下。

事实:可靠守承诺。 再有一个事实。 事实:为维生素和饱选苹果,巧克力例外。 再有一个事实。 环境是我们的自然周围。 这也重要。 你知道吗?成功达到定目标。

再有一个事实。 记住:为维生素和饱选苹果,巧克力例外。 就说到这里。 灵活住租;长住付得起看买算全部费用。

概述结束。"
830,比较和概念–第40部分,"这里学习有序知识。慢慢来。

创造力找新想法办法。 再有一个事实。 确定:礼貌尊重友好。 再有一个事实。 事实:环境是我们的自然周围。 再有一个事实。 自律没兴趣也坚持。

继续。 确定:可靠守承诺。 再有一个事实。 确定:成功达到定目标。 再有一个事实。 确定:友谊意思是信任互助共享时间。 继续往下。

事实:尊重看重别人和界限。 就说到这里。 简而言之:事实可证可查,观点是个人看法。 继续往下。 需要是生存必需,想要是之外愿望。 说完这个,说下一个。 简而言之:水最解渴无糖。果汁只稀释喝。

说完这个,说下一个。 记住:准时守约时间。 这也重要。 记住:台式同价更强,本灵活。要最强选台式。

这是主题最重要的内容。"
831,比较和概念–第41部分,"这里学习有序知识。慢慢来。

事实:需要是生存必需,想要是之外愿望。 这也重要。 够用留着。只坏或真需买新的。 继续往下。 常识:环境是我们的自然周围。 继续。 你知道吗?友谊意思是信任互助共享时间。

就说到这里。 事实:信任能依靠别人。 再有一个事实。 简而言之:不。休息,高烧或久烧看医生。 继续。 事实:睡更重要因为巩固学习。早学,够睡。 再有一个事实。

确定:经验是经历来的知识。 继续往下。 你知道吗?不。休息,高烧或久烧看医生。 就说到这里。 简而言之:礼貌尊重友好。 继续。 常识:礼貌尊重友好。

继续往下。 事实:知识是懂的世间信息。 继续往下。 不。休息,高烧或久烧看医生。

这是主题最重要的内容。"
832,比较和概念–第42部分,"本文介绍重要事实。静静阅读。

常识:尊重看重别人和界限。 继续。 记住:耐心平静等坚持。 再有一个事实。 常识:知识是懂的世间信息。 说完这个,说下一个。 确定:幸福满足快乐时刻。

这也重要。 简而言之:宽容接受别的观点和生活方式。 继续。 常识:安全保护不受危险。 就说到这里。 事实:时间有限不回来,钱可再赚。平衡重要。 这也重要。

自律没兴趣也坚持。 说完这个,说下一个。 确定:家庭是亲近的人,常是亲戚。 继续往下。 常识:不,计划休息。每周3-4次常够,每天只轻的。 继续往下。 健康身体心理都好。

就说到这里。 确定:责任对行为后果负责。 继续往下。 记住:假新闻是编的。查来源日期和其他媒体。

这是主题最重要的内容。"
833,比较和概念–第43部分,"本文一步一步解释事实。

确定:事实可证可查,观点是个人看法。 继续往下。 简而言之:火车放松常更绿色,汽车带行李灵活。堵车火车赢。 就说到这里。 你知道吗?知识是懂的世间信息。 继续往下。 记住:责任对行为后果负责。

再有一个事实。 记住:为维生素和饱选苹果,巧克力例外。 说完这个,说下一个。 确定:成功达到定目标。 这也重要。 假新闻是编的。查来源日期和其他媒体。 再有一个事实。

确定:自然是无城的植物动物风景。 就说到这里。 你知道吗?诚实说真话认错。 就说到这里。 事实:灵活住租;长住付得起看买算全部费用。 再有一个事实。 你知道吗?好天骑车(约20分,健康),雨天公交。

就说到这里。 记住:不。休息,高烧或久烧看医生。 就说到这里。 秩序把东西放原位。

这是主题最重要的内容。"
834,比较和概念–第44部分,"下面是验证过的知识。

常识:宽容接受别的观点和生活方式。 再有一个事实。 常识:责任对行为后果负责。 说完这个,说下一个。 你知道吗?责任对行为后果负责。 这也重要。 简而言之:知识是懂的世间信息。

再有一个事实。 确定:幸福满足快乐时刻。 继续往下。 你知道吗?诚实说真话认错。 说完这个,说下一个。 常识:自然是无城的植物动物风景。 这也重要。

简而言之:礼貌尊重友好。 再有一个事实。 简而言之:宽容接受别的观点和生活方式。 继续。 秩序把东西放原位。 说完这个,说下一个。 安全保护不受危险。

说完这个,说下一个。 家是归属的地方。 继续。 简而言之:不。休息,高烧或久烧看医生。

文章结束。做得好。"
835,比较和概念–第45部分,"这里学习有序知识。慢慢来。

常识:信任能依靠别人。 继续往下。 事实:家是归属的地方。 继续。 事实:时间从过去流向未来。 这也重要。 确定:自然是无城的植物动物风景。

这也重要。 事实:可靠守承诺。 这也重要。 事实:台式同价更强,本灵活。要最强选台式。 继续往下。 事实:宽容接受别的观点和生活方式。 就说到这里。

常识:礼貌尊重友好。 再有一个事实。 你知道吗?够用留着。只坏或真需买新的。 继续。 需要是生存必需,想要是之外愿望。 继续。 问候谢谢闲聊我不想。事实计算解释比较决定我想,那时显示思考。

继续往下。 简而言之:灵活住租;长住付得起看买算全部费用。 继续。 简而言之:火车放松常更绿色,汽车带行李灵活。堵车火车赢。

现在你知道事实了。"
836,比较和概念–第46部分,"本文介绍重要事实。静静阅读。

诚实说真话认错。 继续。 常识:台式同价更强,本灵活。要最强选台式。 就说到这里。 事实:每月自动存100欧元,比如工资后转账。 再有一个事实。 常识:城市有工作和近,农村有静和地方。按工作生活选。

再有一个事实。 常识:事实可证可查,观点是个人看法。 说完这个,说下一个。 你知道吗?够用留着。只坏或真需买新的。 就说到这里。 简而言之:经验是经历来的知识。 说完这个,说下一个。

事实:自然是无城的植物动物风景。 说完这个,说下一个。 常识:能量能做功,比如电或热。 再有一个事实。 常识:时间有限不回来,钱可再赚。平衡重要。 这也重要。 按事和睡选:够睡固定节奏重要。

继续。 事实:成功达到定目标。 这也重要。 健康身体心理都好。

这是主题最重要的内容。"
837,比较和概念–第47部分,"本文介绍重要事实。静静阅读。

记住:创造力找新想法办法。 再有一个事实。 台式同价更强,本灵活。要最强选台式。 这也重要。 常识:幽默能笑好笑的事。 这也重要。 事实:需要是生存必需,想要是之外愿望。

再有一个事实。 你知道吗?时间从过去流向未来。 这也重要。 你知道吗?知识是懂的世间信息。 继续。 记住:需要是生存必需,想要是之外愿望。 继续。

事实:团队合作一起向目标。 继续往下。 常识:每月自动存100欧元,比如工资后转账。 就说到这里。 火车放松常更绿色,汽车带行李灵活。堵车火车赢。 继续。 简而言之:火车放松常更绿色,汽车带行李灵活。堵车火车赢。

再有一个事实。 简而言之:家庭是亲近的人,常是亲戚。 这也重要。 你知道吗?宽容接受别的观点和生活方式。

现在你知道事实了。"
838,比较和概念–第48部分,"本文介绍重要事实。静静阅读。

记住:自律没兴趣也坚持。 再有一个事实。 记住:水最解渴无糖。果汁只稀释喝。 这也重要。 事实:礼貌尊重友好。 就说到这里。 事实:家是归属的地方。

继续往下。 你知道吗?准时守约时间。 再有一个事实。 常识:先喝水,后适量咖啡。 说完这个,说下一个。 记住:好天骑车(约20分,健康),雨天公交。 再有一个事实。

记住:狗要多遛多教,猫更独立。按时间和地方选。 这也重要。 先喝水,后适量咖啡。 继续往下。 记住:秩序把东西放原位。 就说到这里。 记住:安全保护不受危险。

继续。 确定:宽容接受别的观点和生活方式。 继续往下。 简而言之:团队合作一起向目标。

这是主题最重要的内容。"
839,比较和概念–第49部分,"下面是验证过的知识。

确定:健康身体心理都好。 这也重要。 常识:耐心平静等坚持。 继续往下。 常识:友谊意思是信任互助共享时间。 这也重要。 常识:幸福满足快乐时刻。

说完这个,说下一个。 你知道吗?够用留着。只坏或真需买新的。 继续往下。 常识:家是归属的地方。 这也重要。 你知道吗?自律没兴趣也坚持。 就说到这里。

事实:需要是生存必需,想要是之外愿望。 再有一个事实。 你知道吗?睡更重要因为巩固学习。早学,够睡。 继续。 事实:为维生素和饱选苹果,巧克力例外。 就说到这里。 事实:勇气怕也做对的事。

继续往下。 确定:成功达到定目标。 说完这个,说下一个。 简而言之:成功达到定目标。

这是主题最重要的内容。"
840,比较和概念–第50部分,"本文介绍重要事实。静静阅读。

记住:城市有工作和近,农村有静和地方。按工作生活选。 继续往下。 事实:狗要多遛多教,猫更独立。按时间和地方选。 就说到这里。 记住:够用留着。只坏或真需买新的。 这也重要。 常识:健康身体心理都好。

就说到这里。 常识:列标准,打分,看费用感觉,定期决定。 说完这个,说下一个。 确定:能量能做功,比如电或热。 继续。 记住:知识是懂的世间信息。 就说到这里。

你知道吗?灵活住租;长住付得起看买算全部费用。 继续往下。 简而言之:礼貌尊重友好。 继续往下。 确定:勇气怕也做对的事。 这也重要。 你知道吗?秩序把东西放原位。

继续往下。 记住:礼貌尊重友好。 这也重要。 确定:家是归属的地方。

这是主题最重要的内容。"
841,比较和概念–第51部分,"本文一步一步解释事实。

记住:自律没兴趣也坚持。 继续。 确定:团队合作一起向目标。 这也重要。 常识:信任能依靠别人。 继续。 记住:狗要多遛多教,猫更独立。按时间和地方选。

说完这个,说下一个。 你知道吗?城市有工作和近,农村有静和地方。按工作生活选。 就说到这里。 确定:环境是我们的自然周围。 就说到这里。 安全保护不受危险。 继续。

事实:自然是无城的植物动物风景。 再有一个事实。 简而言之:时间有限不回来,钱可再赚。平衡重要。 再有一个事实。 列标准,打分,看费用感觉,定期决定。 再有一个事实。 记住:按事和睡选:够睡固定节奏重要。

说完这个,说下一个。 你知道吗?先喝水,后适量咖啡。 继续往下。 耐心平静等坚持。

这是主题最重要的内容。"
842,比较和概念–第52部分,"这里学习有序知识。慢慢来。

台式同价更强,本灵活。要最强选台式。 再有一个事实。 常识:时间从过去流向未来。 再有一个事实。 常识:学习获得知识技能。 这也重要。 你知道吗?自律没兴趣也坚持。

就说到这里。 城市有工作和近,农村有静和地方。按工作生活选。 继续往下。 事实:问候谢谢闲聊我不想。事实计算解释比较决定我想,那时显示思考。 再有一个事实。 常识:秩序把东西放原位。 就说到这里。

简而言之:经验是经历来的知识。 说完这个,说下一个。 事实:不。休息,高烧或久烧看医生。 说完这个,说下一个。 事实:礼貌尊重友好。 再有一个事实。 爱是深感情和照顾。

继续往下。 你知道吗?列标准,打分,看费用感觉,定期决定。 这也重要。 常识:灵活住租;长住付得起看买算全部费用。

这是主题最重要的内容。"
843,比较和概念–第53部分,"这里学习有序知识。慢慢来。

常识:事实可证可查,观点是个人看法。 说完这个,说下一个。 记住:好天骑车(约20分,健康),雨天公交。 说完这个,说下一个。 简而言之:火车放松常更绿色,汽车带行李灵活。堵车火车赢。 再有一个事实。 事实:城市有工作和近,农村有静和地方。按工作生活选。

就说到这里。 按事和睡选:够睡固定节奏重要。 继续。 记住:城市有工作和近,农村有静和地方。按工作生活选。 再有一个事实。 时间有限不回来,钱可再赚。平衡重要。 这也重要。

确定:睡更重要因为巩固学习。早学,够睡。 继续。 常识:按事和睡选:够睡固定节奏重要。 说完这个,说下一个。 确定:家庭是亲近的人,常是亲戚。 就说到这里。 经验是经历来的知识。

这也重要。 事实:事实可证可查,观点是个人看法。 说完这个,说下一个。 健康身体心理都好。

概述结束。"
844,比较和概念–第54部分,"本文介绍重要事实。静静阅读。

事实:水最解渴无糖。果汁只稀释喝。 这也重要。 你知道吗?狗要多遛多教,猫更独立。按时间和地方选。 再有一个事实。 常识:知识是懂的世间信息。 这也重要。 你知道吗?诚实说真话认错。

再有一个事实。 常识:礼貌尊重友好。 继续往下。 简而言之:狗要多遛多教,猫更独立。按时间和地方选。 再有一个事实。 简而言之:创造力找新想法办法。 说完这个,说下一个。

事实:家庭是亲近的人,常是亲戚。 继续。 简而言之:够用留着。只坏或真需买新的。 就说到这里。 常识:安全保护不受危险。 说完这个,说下一个。 确定:宽容接受别的观点和生活方式。

继续。 事实:成功达到定目标。 再有一个事实。 常识:城市有工作和近,农村有静和地方。按工作生活选。

概述结束。"
845,比较和概念–第55部分,"本文介绍重要事实。静静阅读。

简而言之:幽默能笑好笑的事。 这也重要。 城市有工作和近,农村有静和地方。按工作生活选。 继续。 常识:不,计划休息。每周3-4次常够,每天只轻的。 再有一个事实。 确定:火车放松常更绿色,汽车带行李灵活。堵车火车赢。

继续。 确定:宽容接受别的观点和生活方式。 再有一个事实。 事实:家庭是亲近的人,常是亲戚。 就说到这里。 简而言之:每月自动存100欧元,比如工资后转账。 再有一个事实。

简而言之:需要是生存必需,想要是之外愿望。 继续往下。 事实:家是归属的地方。 这也重要。 自然是无城的植物动物风景。 说完这个,说下一个。 常识:能量能做功,比如电或热。

说完这个,说下一个。 事实:需要是生存必需,想要是之外愿望。 就说到这里。 记住:狗要多遛多教,猫更独立。按时间和地方选。

概述结束。"
846,比较和概念–第56部分,"本文介绍重要事实。静静阅读。

狗要多遛多教,猫更独立。按时间和地方选。 继续。 确定:城市有工作和近,农村有静和地方。按工作生活选。 就说到这里。 确定:不。休息,高烧或久烧看医生。 继续。 诚实说真话认错。

就说到这里。 你知道吗?准时守约时间。 说完这个,说下一个。 确定:爱是深感情和照顾。 继续往下。 确定:秩序把东西放原位。 再有一个事实。

记住:需要是生存必需,想要是之外愿望。 就说到这里。 确定:不,计划休息。每周3-4次常够,每天只轻的。 再有一个事实。 家是归属的地方。 这也重要。 常识:友谊意思是信任互助共享时间。

这也重要。 能量能做功,比如电或热。 继续往下。 经验是经历来的知识。

这是主题最重要的内容。"
847,比较和概念–第57部分,"下面是验证过的知识。

你知道吗?成功达到定目标。 说完这个,说下一个。 事实:问候谢谢闲聊我不想。事实计算解释比较决定我想,那时显示思考。 继续往下。 确定:耐心平静等坚持。 再有一个事实。 记住:不。休息,高烧或久烧看医生。

再有一个事实。 记住:耐心平静等坚持。 再有一个事实。 记住:水最解渴无糖。果汁只稀释喝。 再有一个事实。 确定:环境是我们的自然周围。 说完这个,说下一个。

简而言之:列标准,打分,看费用感觉,定期决定。 再有一个事实。 简而言之:环境是我们的自然周围。 说完这个,说下一个。 常识:水最解渴无糖。果汁只稀释喝。 就说到这里。 事实:知识是懂的世间信息。

继续往下。 记住:狗要多遛多教,猫更独立。按时间和地方选。 这也重要。 记住:信任能依靠别人。

文章结束。做得好。"
848,比较和概念–第58部分,"本文介绍重要事实。静静阅读。

你知道吗?能量能做功,比如电或热。 这也重要。 事实:水最解渴无糖。果汁只稀释喝。 再有一个事实。 火车放松常更绿色,汽车带行李灵活。堵车火车赢。 这也重要。 确定:信任能依靠别人。

就说到这里。 常识:灵活住租;长住付得起看买算全部费用。 说完这个,说下一个。 简而言之:时间有限不回来,钱可再赚。平衡重要。 继续。 你知道吗?学习获得知识技能。 继续。

记住:城市有工作和近,农村有静和地方。按工作生活选。 就说到这里。 确定:责任对行为后果负责。 继续。 简而言之:礼貌尊重友好。 继续。 你知道吗?够用留着。只坏或真需买新的。

继续往下。 记住:安全保护不受危险。 就说到这里。 常识:礼貌尊重友好。

这是主题最重要的内容。"
849,比较和概念–第59部分,"本文介绍重要事实。静静阅读。

事实:安全保护不受危险。 说完这个,说下一个。 确定:为维生素和饱选苹果,巧克力例外。 继续。 事实:按事和睡选:够睡固定节奏重要。 再有一个事实。 为维生素和饱选苹果,巧克力例外。

继续。 你知道吗?经验是经历来的知识。 继续往下。 你知道吗?为维生素和饱选苹果,巧克力例外。 再有一个事实。 确定:家是归属的地方。 再有一个事实。

简而言之:勇气怕也做对的事。 再有一个事实。 确定:需要是生存必需,想要是之外愿望。 继续往下。 确定:幽默能笑好笑的事。 就说到这里。 简而言之:诚实说真话认错。

说完这个,说下一个。 确定:家庭是亲近的人,常是亲戚。 再有一个事实。 常识:幽默能笑好笑的事。

现在你知道事实了。"
850,比较和概念–第60部分,"本文介绍重要事实。静静阅读。

常识:成功达到定目标。 说完这个,说下一个。 事实:准时守约时间。 继续往下。 确定:火车放松常更绿色,汽车带行李灵活。堵车火车赢。 继续往下。 你知道吗?幸福满足快乐时刻。

就说到这里。 不,计划休息。每周3-4次常够,每天只轻的。 说完这个,说下一个。 常识:先喝水,后适量咖啡。 说完这个,说下一个。 事实:城市有工作和近,农村有静和地方。按工作生活选。 就说到这里。

记住:团队合作一起向目标。 就说到这里。 城市有工作和近,农村有静和地方。按工作生活选。 再有一个事实。 简而言之:健康身体心理都好。 再有一个事实。 事实:诚实说真话认错。

就说到这里。 确定:城市有工作和近,农村有静和地方。按工作生活选。 继续。 事实:团队合作一起向目标。

文章结束。做得好。"
851,比较和概念–第61部分,"本文一步一步解释事实。

常识:家是归属的地方。 就说到这里。 确定:幽默能笑好笑的事。 说完这个,说下一个。 简而言之:能量能做功,比如电或热。 继续。 事实:假新闻是编的。查来源日期和其他媒体。

这也重要。 你知道吗?诚实说真话认错。 继续。 事实:睡更重要因为巩固学习。早学,够睡。 这也重要。 记住:睡更重要因为巩固学习。早学,够睡。 说完这个,说下一个。

简而言之:台式同价更强,本灵活。要最强选台式。 继续。 简而言之:事实可证可查,观点是个人看法。 继续。 你知道吗?爱是深感情和照顾。 这也重要。 简而言之:需要是生存必需,想要是之外愿望。

再有一个事实。 时间有限不回来,钱可再赚。平衡重要。 再有一个事实。 知识是懂的世间信息。

概述结束。"
852,比较和概念–第62部分,"这里学习有序知识。慢慢来。

简而言之:勇气怕也做对的事。 继续。 记住:信任能依靠别人。 就说到这里。 记住:幸福满足快乐时刻。 说完这个,说下一个。 简而言之:自然是无城的植物动物风景。

说完这个,说下一个。 确定:家庭是亲近的人,常是亲戚。 这也重要。 你知道吗?台式同价更强,本灵活。要最强选台式。 这也重要。 记住:水最解渴无糖。果汁只稀释喝。 继续。

常识:够用留着。只坏或真需买新的。 说完这个,说下一个。 简而言之:不,计划休息。每周3-4次常够,每天只轻的。 继续。 常识:不。休息,高烧或久烧看医生。 再有一个事实。 简而言之:够用留着。只坏或真需买新的。

说完这个,说下一个。 简而言之:尊重看重别人和界限。 继续。 确定:幸福满足快乐时刻。

文章结束。做得好。"
853,比较和概念–第63部分,"本文一步一步解释事实。

常识:灵活住租;长住付得起看买算全部费用。 再有一个事实。 事实:先喝水,后适量咖啡。 说完这个,说下一个。 常识:列标准,打分,看费用感觉,定期决定。 说完这个,说下一个。 灵活住租;长住付得起看买算全部费用。

再有一个事实。 事实:自律没兴趣也坚持。 继续往下。 简而言之:知识是懂的世间信息。 继续。 你知道吗?城市有工作和近,农村有静和地方。按工作生活选。 继续往下。

简而言之:列标准,打分,看费用感觉,定期决定。 再有一个事实。 你知道吗?能量能做功,比如电或热。 就说到这里。 问候谢谢闲聊我不想。事实计算解释比较决定我想,那时显示思考。 就说到这里。 简而言之:成功达到定目标。

继续。 礼貌尊重友好。 继续往下。 确定:先喝水,后适量咖啡。

概述结束。"
854,比较和概念–第64部分,"本文介绍重要事实。静静阅读。

记住:责任对行为后果负责。 说完这个,说下一个。 简而言之:幽默能笑好笑的事。 说完这个,说下一个。 事实:诚实说真话认错。 就说到这里。 你知道吗?安全保护不受危险。

继续。 简而言之:学习获得知识技能。 再有一个事实。 确定:团队合作一起向目标。 这也重要。 简而言之:灵活住租;长住付得起看买算全部费用。 再有一个事实。

你知道吗?礼貌尊重友好。 继续往下。 记住:为维生素和饱选苹果,巧克力例外。 再有一个事实。 火车放松常更绿色,汽车带行李灵活。堵车火车赢。 继续。 常识:台式同价更强,本灵活。要最强选台式。

继续。 事实:耐心平静等坚持。 继续往下。 常识:尊重看重别人和界限。

概述结束。"
855,比较和概念–第65部分,"这里学习有序知识。慢慢来。

常识:时间有限不回来,钱可再赚。平衡重要。 说完这个,说下一个。 事实:事实可证可查,观点是个人看法。 说完这个,说下一个。 事实:狗要多遛多教,猫更独立。按时间和地方选。 这也重要。 简而言之:城市有工作和近,农村有静和地方。按工作生活选。

再有一个事实。 环境是我们的自然周围。 继续往下。 简而言之:准时守约时间。 说完这个,说下一个。 确定:爱是深感情和照顾。 再有一个事实。

事实:尊重看重别人和界限。 这也重要。 常识:可靠守承诺。 说完这个,说下一个。 灵活住租;长住付得起看买算全部费用。 再有一个事实。 确定:能量能做功,比如电或热。

再有一个事实。 事实:创造力找新想法办法。 这也重要。 简而言之:家是归属的地方。

现在你知道事实了。"
856,比较和概念–第66部分,"本文介绍重要事实。静静阅读。

记住:家是归属的地方。 就说到这里。 不,计划休息。每周3-4次常够,每天只轻的。 就说到这里。 你知道吗?信任能依靠别人。 这也重要。 常识:责任对行为后果负责。

说完这个,说下一个。 事实:火车放松常更绿色,汽车带行李灵活。堵车火车赢。 继续往下。 你知道吗?城市有工作和近,农村有静和地方。按工作生活选。 说完这个,说下一个。 耐心平静等坚持。 就说到这里。

确定:秩序把东西放原位。 这也重要。 事实:信任能依靠别人。 继续。 记住:够用留着。只坏或真需买新的。 再有一个事实。 常识:睡更重要因为巩固学习。早学,够睡。

继续往下。 记住:经验是经历来的知识。 再有一个事实。 确定:灵活住租;长住付得起看买算全部费用。

概述结束。"
857,比较和概念–第67部分,"本文介绍重要事实。静静阅读。

事实:够用留着。只坏或真需买新的。 就说到这里。 简而言之:自然是无城的植物动物风景。 再有一个事实。 常识:安全保护不受危险。 说完这个,说下一个。 事实:健康身体心理都好。

继续。 你知道吗?信任能依靠别人。 就说到这里。 常识:可靠守承诺。 这也重要。 确定:问候谢谢闲聊我不想。事实计算解释比较决定我想,那时显示思考。 继续。

事实:狗要多遛多教,猫更独立。按时间和地方选。 继续。 确定:信任能依靠别人。 说完这个,说下一个。 确定:水最解渴无糖。果汁只稀释喝。 再有一个事实。 记住:责任对行为后果负责。

这也重要。 你知道吗?耐心平静等坚持。 再有一个事实。 事实:经验是经历来的知识。

概述结束。"
858,比较和概念–第68部分,"本文介绍重要事实。静静阅读。

常识:家是归属的地方。 继续。 确定:准时守约时间。 这也重要。 事实:家庭是亲近的人,常是亲戚。 再有一个事实。 常识:责任对行为后果负责。

继续。 你知道吗?可靠守承诺。 继续。 记住:时间从过去流向未来。 这也重要。 记住:城市有工作和近,农村有静和地方。按工作生活选。 继续。

事实:能量能做功,比如电或热。 继续。 简而言之:够用留着。只坏或真需买新的。 说完这个,说下一个。 确定:火车放松常更绿色,汽车带行李灵活。堵车火车赢。 就说到这里。 简而言之:学习获得知识技能。

继续往下。 确定:需要是生存必需,想要是之外愿望。 就说到这里。 你知道吗?友谊意思是信任互助共享时间。

现在你知道事实了。"
859,比较和概念–第69部分,"这里学习有序知识。慢慢来。

常识:列标准,打分,看费用感觉,定期决定。 继续。 简而言之:好天骑车(约20分,健康),雨天公交。 说完这个,说下一个。 你知道吗?城市有工作和近,农村有静和地方。按工作生活选。 就说到这里。 记住:健康身体心理都好。

就说到这里。 勇气怕也做对的事。 再有一个事实。 经验是经历来的知识。 继续。 你知道吗?成功达到定目标。 再有一个事实。

够用留着。只坏或真需买新的。 这也重要。 简而言之:按事和睡选:够睡固定节奏重要。 再有一个事实。 简而言之:幸福满足快乐时刻。 继续往下。 确定:问候谢谢闲聊我不想。事实计算解释比较决定我想,那时显示思考。

再有一个事实。 事实:知识是懂的世间信息。 继续往下。 事实:需要是生存必需,想要是之外愿望。

文章结束。做得好。"
860,比较和概念–第70部分,"下面是验证过的知识。

常识:水最解渴无糖。果汁只稀释喝。 这也重要。 你知道吗?友谊意思是信任互助共享时间。 这也重要。 事实:礼貌尊重友好。 再有一个事实。 事实:为维生素和饱选苹果,巧克力例外。

这也重要。 事实:火车放松常更绿色,汽车带行李灵活。堵车火车赢。 就说到这里。 简而言之:先喝水,后适量咖啡。 再有一个事实。 记住:台式同价更强,本灵活。要最强选台式。 再有一个事实。

简而言之:责任对行为后果负责。 这也重要。 你知道吗?诚实说真话认错。 说完这个,说下一个。 记住:每月自动存100欧元,比如工资后转账。 继续往下。 常识:可靠守承诺。

说完这个,说下一个。 常识:家庭是亲近的人,常是亲戚。 这也重要。 常识:好天骑车(约20分,健康),雨天公交。

概述结束。"
861,比较和概念–第71部分,"这里学习有序知识。慢慢来。

确定:可靠守承诺。 说完这个,说下一个。 常识:安全保护不受危险。 再有一个事实。 记住:假新闻是编的。查来源日期和其他媒体。 这也重要。 简而言之:知识是懂的世间信息。

继续。 时间从过去流向未来。 再有一个事实。 常识:火车放松常更绿色,汽车带行李灵活。堵车火车赢。 说完这个,说下一个。 记住:健康身体心理都好。 这也重要。

记住:为维生素和饱选苹果,巧克力例外。 这也重要。 常识:狗要多遛多教,猫更独立。按时间和地方选。 继续。 简而言之:时间从过去流向未来。 这也重要。 确定:友谊意思是信任互助共享时间。

这也重要。 你知道吗?家是归属的地方。 再有一个事实。 简而言之:先喝水,后适量咖啡。

文章结束。做得好。"
862,比较和概念–第72部分,"这里学习有序知识。慢慢来。

简而言之:时间有限不回来,钱可再赚。平衡重要。 再有一个事实。 简而言之:自然是无城的植物动物风景。 继续。 常识:知识是懂的世间信息。 说完这个,说下一个。 你知道吗?事实可证可查,观点是个人看法。

就说到这里。 简而言之:城市有工作和近,农村有静和地方。按工作生活选。 就说到这里。 你知道吗?问候谢谢闲聊我不想。事实计算解释比较决定我想,那时显示思考。 再有一个事实。 需要是生存必需,想要是之外愿望。 继续。

确定:够用留着。只坏或真需买新的。 继续往下。 能量能做功,比如电或热。 再有一个事实。 时间从过去流向未来。 再有一个事实。 你知道吗?耐心平静等坚持。

再有一个事实。 事实:家是归属的地方。 继续。 常识:需要是生存必需,想要是之外愿望。

这是主题最重要的内容。"
863,比较和概念–第73部分,"本文一步一步解释事实。

常识:不,计划休息。每周3-4次常够,每天只轻的。 这也重要。 成功达到定目标。 继续。 常识:够用留着。只坏或真需买新的。 再有一个事实。 记住:狗要多遛多教,猫更独立。按时间和地方选。

说完这个,说下一个。 责任对行为后果负责。 继续往下。 准时守约时间。 就说到这里。 简而言之:不。休息,高烧或久烧看医生。 再有一个事实。

确定:够用留着。只坏或真需买新的。 就说到这里。 事实:秩序把东西放原位。 就说到这里。 常识:家是归属的地方。 这也重要。 你知道吗?不。休息,高烧或久烧看医生。

继续往下。 你知道吗?安全保护不受危险。 就说到这里。 狗要多遛多教,猫更独立。按时间和地方选。

现在你知道事实了。"
864,比较和概念–第74部分,"下面是验证过的知识。

简而言之:健康身体心理都好。 再有一个事实。 确定:责任对行为后果负责。 继续往下。 你知道吗?自律没兴趣也坚持。 再有一个事实。 简而言之:责任对行为后果负责。

继续。 友谊意思是信任互助共享时间。 就说到这里。 简而言之:按事和睡选:够睡固定节奏重要。 就说到这里。 事实:够用留着。只坏或真需买新的。 就说到这里。

你知道吗?够用留着。只坏或真需买新的。 就说到这里。 事实:创造力找新想法办法。 继续往下。 确定:家庭是亲近的人,常是亲戚。 再有一个事实。 事实:家是归属的地方。

再有一个事实。 简而言之:安全保护不受危险。 就说到这里。 记住:宽容接受别的观点和生活方式。

概述结束。"
865,比较和概念–第75部分,"下面是验证过的知识。

记住:勇气怕也做对的事。 再有一个事实。 简而言之:自然是无城的植物动物风景。 说完这个,说下一个。 记住:按事和睡选:够睡固定节奏重要。 继续往下。 确定:经验是经历来的知识。

继续往下。 常识:幽默能笑好笑的事。 继续往下。 事实:先喝水,后适量咖啡。 再有一个事实。 诚实说真话认错。 说完这个,说下一个。

常识:幸福满足快乐时刻。 再有一个事实。 常识:环境是我们的自然周围。 再有一个事实。 确定:信任能依靠别人。 就说到这里。 确定:为维生素和饱选苹果,巧克力例外。

继续往下。 事实:学习获得知识技能。 就说到这里。 常识:需要是生存必需,想要是之外愿望。

这是主题最重要的内容。"
866,比较和概念–第76部分,"本文介绍重要事实。静静阅读。

简而言之:创造力找新想法办法。 就说到这里。 简而言之:礼貌尊重友好。 就说到这里。 事实可证可查,观点是个人看法。 说完这个,说下一个。 知识是懂的世间信息。

这也重要。 事实:健康身体心理都好。 这也重要。 你知道吗?勇气怕也做对的事。 这也重要。 记住:勇气怕也做对的事。 说完这个,说下一个。

简而言之:安全保护不受危险。 说完这个,说下一个。 简而言之:好天骑车(约20分,健康),雨天公交。 就说到这里。 确定:台式同价更强,本灵活。要最强选台式。 继续。 简而言之:火车放松常更绿色,汽车带行李灵活。堵车火车赢。

继续。 你知道吗?幸福满足快乐时刻。 继续。 你知道吗?团队合作一起向目标。

概述结束。"
867,比较和概念–第77部分,"下面是验证过的知识。

幸福满足快乐时刻。 继续。 常识:礼貌尊重友好。 再有一个事实。 记住:宽容接受别的观点和生活方式。 这也重要。 确定:问候谢谢闲聊我不想。事实计算解释比较决定我想,那时显示思考。

就说到这里。 常识:幸福满足快乐时刻。 继续。 常识:灵活住租;长住付得起看买算全部费用。 继续往下。 常识:秩序把东西放原位。 就说到这里。

事实:勇气怕也做对的事。 就说到这里。 记住:不,计划休息。每周3-4次常够,每天只轻的。 继续。 简而言之:狗要多遛多教,猫更独立。按时间和地方选。 这也重要。 事实:可靠守承诺。

就说到这里。 简而言之:事实可证可查,观点是个人看法。 就说到这里。 你知道吗?够用留着。只坏或真需买新的。

概述结束。"
868,比较和概念–第78部分,"下面是验证过的知识。

常识:健康身体心理都好。 继续往下。 事实:幽默能笑好笑的事。 说完这个,说下一个。 你知道吗?城市有工作和近,农村有静和地方。按工作生活选。 就说到这里。 记住:狗要多遛多教,猫更独立。按时间和地方选。

说完这个,说下一个。 确定:问候谢谢闲聊我不想。事实计算解释比较决定我想,那时显示思考。 就说到这里。 确定:自然是无城的植物动物风景。 继续。 事实:狗要多遛多教,猫更独立。按时间和地方选。 继续往下。

记住:每月自动存100欧元,比如工资后转账。 再有一个事实。 确定:灵活住租;长住付得起看买算全部费用。 说完这个,说下一个。 你知道吗?能量能做功,比如电或热。 继续。 记住:灵活住租;长住付得起看买算全部费用。

说完这个,说下一个。 灵活住租;长住付得起看买算全部费用。 继续。 你知道吗?按事和睡选:够睡固定节奏重要。

概述结束。"
869,比较和概念–第79部分,"下面是验证过的知识。

你知道吗?责任对行为后果负责。 继续往下。 记住:够用留着。只坏或真需买新的。 说完这个,说下一个。 事实:时间有限不回来,钱可再赚。平衡重要。 再有一个事实。 常识:可靠守承诺。

再有一个事实。 事实:准时守约时间。 继续往下。 自然是无城的植物动物风景。 这也重要。 确定:时间有限不回来,钱可再赚。平衡重要。 这也重要。

事实:自然是无城的植物动物风景。 再有一个事实。 事实:家庭是亲近的人,常是亲戚。 继续。 常识:先喝水,后适量咖啡。 就说到这里。 准时守约时间。

这也重要。 你知道吗?爱是深感情和照顾。 说完这个,说下一个。 耐心平静等坚持。

文章结束。做得好。"
870,比较和概念–第80部分,"这里学习有序知识。慢慢来。

事实:台式同价更强,本灵活。要最强选台式。 说完这个,说下一个。 记住:宽容接受别的观点和生活方式。 继续往下。 常识:经验是经历来的知识。 这也重要。 确定:信任能依靠别人。

说完这个,说下一个。 事实:灵活住租;长住付得起看买算全部费用。 继续。 列标准,打分,看费用感觉,定期决定。 再有一个事实。 简而言之:幽默能笑好笑的事。 这也重要。

事实:家是归属的地方。 就说到这里。 确定:宽容接受别的观点和生活方式。 继续往下。 简而言之:火车放松常更绿色,汽车带行李灵活。堵车火车赢。 再有一个事实。 事实:知识是懂的世间信息。

再有一个事实。 常识:不,计划休息。每周3-4次常够,每天只轻的。 这也重要。 你知道吗?幸福满足快乐时刻。

现在你知道事实了。"
871,比较和概念–第81部分,"这里学习有序知识。慢慢来。

你知道吗?诚实说真话认错。 继续往下。 记住:耐心平静等坚持。 继续。 简而言之:能量能做功,比如电或热。 就说到这里。 事实:团队合作一起向目标。

说完这个,说下一个。 你知道吗?按事和睡选:够睡固定节奏重要。 说完这个,说下一个。 事实:环境是我们的自然周围。 这也重要。 记住:台式同价更强,本灵活。要最强选台式。 这也重要。

事实:家庭是亲近的人,常是亲戚。 继续。 幸福满足快乐时刻。 继续往下。 简而言之:不,计划休息。每周3-4次常够,每天只轻的。 再有一个事实。 常识:准时守约时间。

继续往下。 记住:水最解渴无糖。果汁只稀释喝。 这也重要。 时间从过去流向未来。

概述结束。"
872,比较和概念–第82部分,"这里学习有序知识。慢慢来。

水最解渴无糖。果汁只稀释喝。 继续。 简而言之:安全保护不受危险。 就说到这里。 简而言之:秩序把东西放原位。 再有一个事实。 你知道吗?信任能依靠别人。

说完这个,说下一个。 爱是深感情和照顾。 再有一个事实。 事实:为维生素和饱选苹果,巧克力例外。 继续。 简而言之:够用留着。只坏或真需买新的。 继续往下。

记住:创造力找新想法办法。 说完这个,说下一个。 常识:秩序把东西放原位。 继续。 简而言之:需要是生存必需,想要是之外愿望。 继续。 记住:按事和睡选:够睡固定节奏重要。

说完这个,说下一个。 常识:为维生素和饱选苹果,巧克力例外。 这也重要。 确定:知识是懂的世间信息。

概述结束。"
873,比较和概念–第83部分,"本文一步一步解释事实。

事实:需要是生存必需,想要是之外愿望。 这也重要。 记住:健康身体心理都好。 这也重要。 事实:不,计划休息。每周3-4次常够,每天只轻的。 继续。 简而言之:火车放松常更绿色,汽车带行李灵活。堵车火车赢。

就说到这里。 记住:环境是我们的自然周围。 这也重要。 记住:假新闻是编的。查来源日期和其他媒体。 这也重要。 记住:可靠守承诺。 说完这个,说下一个。

简而言之:创造力找新想法办法。 再有一个事实。 你知道吗?假新闻是编的。查来源日期和其他媒体。 就说到这里。 你知道吗?幸福满足快乐时刻。 继续往下。 常识:城市有工作和近,农村有静和地方。按工作生活选。

再有一个事实。 确定:可靠守承诺。 继续。 简而言之:假新闻是编的。查来源日期和其他媒体。

概述结束。"
874,比较和概念–第84部分,"本文一步一步解释事实。

确定:环境是我们的自然周围。 说完这个,说下一个。 简而言之:时间有限不回来,钱可再赚。平衡重要。 说完这个,说下一个。 记住:诚实说真话认错。 再有一个事实。 常识:问候谢谢闲聊我不想。事实计算解释比较决定我想,那时显示思考。

说完这个,说下一个。 记住:水最解渴无糖。果汁只稀释喝。 说完这个,说下一个。 简而言之:尊重看重别人和界限。 就说到这里。 常识:家是归属的地方。 继续往下。

确定:火车放松常更绿色,汽车带行李灵活。堵车火车赢。 继续往下。 确定:幽默能笑好笑的事。 就说到这里。 确定:准时守约时间。 继续。 团队合作一起向目标。

说完这个,说下一个。 责任对行为后果负责。 说完这个,说下一个。 常识:为维生素和饱选苹果,巧克力例外。

这是主题最重要的内容。"
875,比较和概念–第85部分,"下面是验证过的知识。

睡更重要因为巩固学习。早学,够睡。 继续。 确定:勇气怕也做对的事。 就说到这里。 简而言之:友谊意思是信任互助共享时间。 就说到这里。 责任对行为后果负责。

继续。 简而言之:先喝水,后适量咖啡。 这也重要。 你知道吗?诚实说真话认错。 再有一个事实。 简而言之:幽默能笑好笑的事。 就说到这里。

常识:经验是经历来的知识。 就说到这里。 简而言之:不。休息,高烧或久烧看医生。 再有一个事实。 按事和睡选:够睡固定节奏重要。 继续往下。 创造力找新想法办法。

就说到这里。 你知道吗?睡更重要因为巩固学习。早学,够睡。 就说到这里。 勇气怕也做对的事。

这是主题最重要的内容。"
876,比较和概念–第86部分,"下面是验证过的知识。

确定:知识是懂的世间信息。 这也重要。 记住:每月自动存100欧元,比如工资后转账。 继续。 事实:时间有限不回来,钱可再赚。平衡重要。 这也重要。 确定:城市有工作和近,农村有静和地方。按工作生活选。

再有一个事实。 城市有工作和近,农村有静和地方。按工作生活选。 再有一个事实。 确定:尊重看重别人和界限。 这也重要。 事实:自然是无城的植物动物风景。 这也重要。

事实:按事和睡选:够睡固定节奏重要。 继续往下。 成功达到定目标。 这也重要。 简而言之:问候谢谢闲聊我不想。事实计算解释比较决定我想,那时显示思考。 这也重要。 常识:假新闻是编的。查来源日期和其他媒体。

就说到这里。 记住:列标准,打分,看费用感觉,定期决定。 这也重要。 学习获得知识技能。

文章结束。做得好。"
877,比较和概念–第87部分,"本文一步一步解释事实。

安全保护不受危险。 就说到这里。 简而言之:勇气怕也做对的事。 说完这个,说下一个。 记住:知识是懂的世间信息。 再有一个事实。 按事和睡选:够睡固定节奏重要。

继续往下。 常识:事实可证可查,观点是个人看法。 说完这个,说下一个。 事实:责任对行为后果负责。 就说到这里。 幸福满足快乐时刻。 继续。

简而言之:问候谢谢闲聊我不想。事实计算解释比较决定我想,那时显示思考。 继续往下。 你知道吗?问候谢谢闲聊我不想。事实计算解释比较决定我想,那时显示思考。 再有一个事实。 记住:够用留着。只坏或真需买新的。 继续往下。 记住:成功达到定目标。

再有一个事实。 你知道吗?学习获得知识技能。 这也重要。 你知道吗?责任对行为后果负责。

现在你知道事实了。"
878,比较和概念–第88部分,"这里学习有序知识。慢慢来。

确定:假新闻是编的。查来源日期和其他媒体。 再有一个事实。 秩序把东西放原位。 继续往下。 简而言之:城市有工作和近,农村有静和地方。按工作生活选。 就说到这里。 简而言之:准时守约时间。

说完这个,说下一个。 记住:火车放松常更绿色,汽车带行李灵活。堵车火车赢。 继续往下。 记住:不。休息,高烧或久烧看医生。 就说到这里。 确定:时间有限不回来,钱可再赚。平衡重要。 就说到这里。

常识:每月自动存100欧元,比如工资后转账。 就说到这里。 事实:火车放松常更绿色,汽车带行李灵活。堵车火车赢。 再有一个事实。 简而言之:不。休息,高烧或久烧看医生。 这也重要。 简而言之:幸福满足快乐时刻。

就说到这里。 你知道吗?能量能做功,比如电或热。 就说到这里。 安全保护不受危险。

概述结束。"
879,比较和概念–第89部分,"本文一步一步解释事实。

你知道吗?狗要多遛多教,猫更独立。按时间和地方选。 就说到这里。 你知道吗?信任能依靠别人。 说完这个,说下一个。 记住:需要是生存必需,想要是之外愿望。 这也重要。 你知道吗?问候谢谢闲聊我不想。事实计算解释比较决定我想,那时显示思考。

继续。 常识:问候谢谢闲聊我不想。事实计算解释比较决定我想,那时显示思考。 继续往下。 记住:耐心平静等坚持。 继续。 能量能做功,比如电或热。 继续往下。

记住:尊重看重别人和界限。 就说到这里。 简而言之:礼貌尊重友好。 继续。 简而言之:按事和睡选:够睡固定节奏重要。 说完这个,说下一个。 确定:礼貌尊重友好。

这也重要。 你知道吗?诚实说真话认错。 继续往下。 常识:不,计划休息。每周3-4次常够,每天只轻的。

概述结束。"
880,比较和概念–第90部分,"这里学习有序知识。慢慢来。

简而言之:时间从过去流向未来。 继续往下。 确定:城市有工作和近,农村有静和地方。按工作生活选。 继续。 常识:学习获得知识技能。 说完这个,说下一个。 事实:为维生素和饱选苹果,巧克力例外。

继续。 爱是深感情和照顾。 继续往下。 事实:学习获得知识技能。 就说到这里。 简而言之:知识是懂的世间信息。 再有一个事实。

灵活住租;长住付得起看买算全部费用。 这也重要。 常识:好天骑车(约20分,健康),雨天公交。 再有一个事实。 事实:团队合作一起向目标。 再有一个事实。 假新闻是编的。查来源日期和其他媒体。

再有一个事实。 简而言之:健康身体心理都好。 说完这个,说下一个。 你知道吗?火车放松常更绿色,汽车带行李灵活。堵车火车赢。

这是主题最重要的内容。"
881,比较和概念–第91部分,"本文介绍重要事实。静静阅读。

简而言之:好天骑车(约20分,健康),雨天公交。 再有一个事实。 够用留着。只坏或真需买新的。 再有一个事实。 你知道吗?不,计划休息。每周3-4次常够,每天只轻的。 就说到这里。 简而言之:尊重看重别人和界限。

再有一个事实。 按事和睡选:够睡固定节奏重要。 这也重要。 常识:够用留着。只坏或真需买新的。 说完这个,说下一个。 事实:可靠守承诺。 继续。

常识:水最解渴无糖。果汁只稀释喝。 这也重要。 常识:好天骑车(约20分,健康),雨天公交。 说完这个,说下一个。 简而言之:友谊意思是信任互助共享时间。 继续。 简而言之:自然是无城的植物动物风景。

继续往下。 常识:时间从过去流向未来。 继续往下。 常识:友谊意思是信任互助共享时间。

现在你知道事实了。"
882,比较和概念–第92部分,"本文介绍重要事实。静静阅读。

幽默能笑好笑的事。 继续。 确定:成功达到定目标。 就说到这里。 确定:睡更重要因为巩固学习。早学,够睡。 就说到这里。 常识:信任能依靠别人。

再有一个事实。 常识:事实可证可查,观点是个人看法。 继续往下。 确定:耐心平静等坚持。 就说到这里。 确定:家是归属的地方。 继续往下。

常识:爱是深感情和照顾。 继续。 常识:灵活住租;长住付得起看买算全部费用。 说完这个,说下一个。 常识:时间从过去流向未来。 就说到这里。 确定:事实可证可查,观点是个人看法。

继续。 按事和睡选:够睡固定节奏重要。 就说到这里。 事实:假新闻是编的。查来源日期和其他媒体。

这是主题最重要的内容。"
883,比较和概念–第93部分,"本文介绍重要事实。静静阅读。

事实:事实可证可查,观点是个人看法。 继续。 睡更重要因为巩固学习。早学,够睡。 再有一个事实。 常识:时间从过去流向未来。 继续往下。 记住:健康身体心理都好。

就说到这里。 事实:好天骑车(约20分,健康),雨天公交。 这也重要。 你知道吗?幸福满足快乐时刻。 就说到这里。 为维生素和饱选苹果,巧克力例外。 就说到这里。

常识:可靠守承诺。 继续。 简而言之:经验是经历来的知识。 继续。 确定:自律没兴趣也坚持。 再有一个事实。 友谊意思是信任互助共享时间。

就说到这里。 简而言之:自律没兴趣也坚持。 就说到这里。 常识:够用留着。只坏或真需买新的。

现在你知道事实了。"
884,比较和概念–第94部分,"这里学习有序知识。慢慢来。

简而言之:幽默能笑好笑的事。 继续。 事实:够用留着。只坏或真需买新的。 说完这个,说下一个。 常识:狗要多遛多教,猫更独立。按时间和地方选。 继续往下。 确定:安全保护不受危险。

再有一个事实。 常识:可靠守承诺。 继续。 简而言之:安全保护不受危险。 继续往下。 简而言之:事实可证可查,观点是个人看法。 继续。

记住:经验是经历来的知识。 继续往下。 你知道吗?秩序把东西放原位。 这也重要。 确定:友谊意思是信任互助共享时间。 继续往下。 睡更重要因为巩固学习。早学,够睡。

这也重要。 你知道吗?不。休息,高烧或久烧看医生。 再有一个事实。 确定:爱是深感情和照顾。

现在你知道事实了。"
885,比较和概念–第95部分,"本文一步一步解释事实。

记住:城市有工作和近,农村有静和地方。按工作生活选。 继续往下。 事实:事实可证可查,观点是个人看法。 这也重要。 事实:每月自动存100欧元,比如工资后转账。 说完这个,说下一个。 常识:经验是经历来的知识。

继续往下。 先喝水,后适量咖啡。 就说到这里。 不。休息,高烧或久烧看医生。 说完这个,说下一个。 幸福满足快乐时刻。 就说到这里。

常识:成功达到定目标。 这也重要。 常识:够用留着。只坏或真需买新的。 再有一个事实。 简而言之:友谊意思是信任互助共享时间。 再有一个事实。 团队合作一起向目标。

继续往下。 确定:火车放松常更绿色,汽车带行李灵活。堵车火车赢。 就说到这里。 记住:台式同价更强,本灵活。要最强选台式。

文章结束。做得好。"
886,比较和概念–第96部分,"本文介绍重要事实。静静阅读。

记住:知识是懂的世间信息。 继续。 记住:成功达到定目标。 再有一个事实。 事实:勇气怕也做对的事。 就说到这里。 知识是懂的世间信息。

再有一个事实。 你知道吗?好天骑车(约20分,健康),雨天公交。 就说到这里。 记住:假新闻是编的。查来源日期和其他媒体。 这也重要。 事实:按事和睡选:够睡固定节奏重要。 说完这个,说下一个。

确定:健康身体心理都好。 就说到这里。 简而言之:诚实说真话认错。 继续。 简而言之:责任对行为后果负责。 继续。 常识:秩序把东西放原位。

再有一个事实。 常识:健康身体心理都好。 继续往下。 你知道吗?环境是我们的自然周围。

文章结束。做得好。"
887,比较和概念–第97部分,"这里学习有序知识。慢慢来。

简而言之:友谊意思是信任互助共享时间。 继续往下。 你知道吗?时间有限不回来,钱可再赚。平衡重要。 继续。 你知道吗?时间从过去流向未来。 继续。 常识:经验是经历来的知识。

说完这个,说下一个。 城市有工作和近,农村有静和地方。按工作生活选。 继续。 常识:准时守约时间。 再有一个事实。 事实:宽容接受别的观点和生活方式。 这也重要。

不。休息,高烧或久烧看医生。 说完这个,说下一个。 记住:诚实说真话认错。 继续。 时间有限不回来,钱可再赚。平衡重要。 说完这个,说下一个。 记住:为维生素和饱选苹果,巧克力例外。

继续往下。 事实:问候谢谢闲聊我不想。事实计算解释比较决定我想,那时显示思考。 再有一个事实。 事实:创造力找新想法办法。

概述结束。"
888,比较和概念–第98部分,"本文介绍重要事实。静静阅读。

确定:宽容接受别的观点和生活方式。 说完这个,说下一个。 先喝水,后适量咖啡。 继续往下。 事实:勇气怕也做对的事。 就说到这里。 常识:为维生素和饱选苹果,巧克力例外。

就说到这里。 你知道吗?先喝水,后适量咖啡。 说完这个,说下一个。 水最解渴无糖。果汁只稀释喝。 就说到这里。 事实:经验是经历来的知识。 继续。

事实:尊重看重别人和界限。 就说到这里。 成功达到定目标。 再有一个事实。 你知道吗?事实可证可查,观点是个人看法。 继续。 团队合作一起向目标。

继续往下。 确定:为维生素和饱选苹果,巧克力例外。 继续往下。 确定:秩序把东西放原位。

概述结束。"
889,比较和概念–第99部分,"这里学习有序知识。慢慢来。

确定:为维生素和饱选苹果,巧克力例外。 这也重要。 简而言之:事实可证可查,观点是个人看法。 就说到这里。 简而言之:团队合作一起向目标。 继续往下。 确定:时间有限不回来,钱可再赚。平衡重要。

继续往下。 事实:幸福满足快乐时刻。 这也重要。 你知道吗?列标准,打分,看费用感觉,定期决定。 说完这个,说下一个。 事实:责任对行为后果负责。 这也重要。

常识:假新闻是编的。查来源日期和其他媒体。 再有一个事实。 记住:家是归属的地方。 这也重要。 事实:幽默能笑好笑的事。 就说到这里。 记住:诚实说真话认错。

就说到这里。 简而言之:诚实说真话认错。 继续。 简而言之:学习获得知识技能。

文章结束。做得好。"
890,比较和概念–第100部分,"本文一步一步解释事实。

简而言之:灵活住租;长住付得起看买算全部费用。 这也重要。 问候谢谢闲聊我不想。事实计算解释比较决定我想,那时显示思考。 就说到这里。 简而言之:睡更重要因为巩固学习。早学,够睡。 就说到这里。 事实:每月自动存100欧元,比如工资后转账。

说完这个,说下一个。 记住:按事和睡选:够睡固定节奏重要。 就说到这里。 宽容接受别的观点和生活方式。 这也重要。 常识:能量能做功,比如电或热。 说完这个,说下一个。

简而言之:宽容接受别的观点和生活方式。 继续。 记住:耐心平静等坚持。 继续。 友谊意思是信任互助共享时间。 继续。 确定:学习获得知识技能。

说完这个,说下一个。 确定:自然是无城的植物动物风景。 继续。 耐心平静等坚持。

概述结束。"
891,比较和概念–第101部分,"这里学习有序知识。慢慢来。

确定:火车放松常更绿色,汽车带行李灵活。堵车火车赢。 说完这个,说下一个。 常识:灵活住租;长住付得起看买算全部费用。 继续。 记住:准时守约时间。 继续。 事实:环境是我们的自然周围。

继续往下。 事实:睡更重要因为巩固学习。早学,够睡。 就说到这里。 幸福满足快乐时刻。 继续往下。 简而言之:能量能做功,比如电或热。 再有一个事实。

记住:按事和睡选:够睡固定节奏重要。 再有一个事实。 你知道吗?睡更重要因为巩固学习。早学,够睡。 就说到这里。 简而言之:准时守约时间。 继续往下。 简而言之:知识是懂的世间信息。

就说到这里。 事实:礼貌尊重友好。 继续往下。 事实:可靠守承诺。

现在你知道事实了。"
892,比较和概念–第102部分,"本文一步一步解释事实。

你知道吗?信任能依靠别人。 继续往下。 确定:成功达到定目标。 继续。 问候谢谢闲聊我不想。事实计算解释比较决定我想,那时显示思考。 说完这个,说下一个。 简而言之:家庭是亲近的人,常是亲戚。

说完这个,说下一个。 记住:火车放松常更绿色,汽车带行李灵活。堵车火车赢。 说完这个,说下一个。 事实:自然是无城的植物动物风景。 说完这个,说下一个。 事实:事实可证可查,观点是个人看法。 继续往下。

记住:自律没兴趣也坚持。 再有一个事实。 记住:秩序把东西放原位。 继续往下。 事实:爱是深感情和照顾。 再有一个事实。 记住:水最解渴无糖。果汁只稀释喝。

继续往下。 确定:安全保护不受危险。 继续往下。 常识:睡更重要因为巩固学习。早学,够睡。

这是主题最重要的内容。"
893,比较和概念–第103部分,"下面是验证过的知识。

简而言之:准时守约时间。 说完这个,说下一个。 常识:问候谢谢闲聊我不想。事实计算解释比较决定我想,那时显示思考。 就说到这里。 简而言之:创造力找新想法办法。 就说到这里。 简而言之:家是归属的地方。

再有一个事实。 你知道吗?健康身体心理都好。 就说到这里。 自然是无城的植物动物风景。 再有一个事实。 常识:家庭是亲近的人,常是亲戚。 继续。

常识:灵活住租;长住付得起看买算全部费用。 这也重要。 记住:台式同价更强,本灵活。要最强选台式。 再有一个事实。 事实:责任对行为后果负责。 说完这个,说下一个。 简而言之:时间从过去流向未来。

再有一个事实。 记住:家是归属的地方。 说完这个,说下一个。 你知道吗?爱是深感情和照顾。

概述结束。"
894,比较和概念–第104部分,"这里学习有序知识。慢慢来。

好天骑车(约20分,健康),雨天公交。 这也重要。 确定:自然是无城的植物动物风景。 说完这个,说下一个。 事实:友谊意思是信任互助共享时间。 就说到这里。 事实:先喝水,后适量咖啡。

这也重要。 记住:爱是深感情和照顾。 继续往下。 事实:安全保护不受危险。 继续往下。 记住:准时守约时间。 说完这个,说下一个。

事实:宽容接受别的观点和生活方式。 这也重要。 常识:耐心平静等坚持。 这也重要。 记住:幽默能笑好笑的事。 继续。 你知道吗?经验是经历来的知识。

说完这个,说下一个。 记住:安全保护不受危险。 这也重要。 你知道吗?成功达到定目标。

概述结束。"
895,比较和概念–第105部分,"本文介绍重要事实。静静阅读。

记住:按事和睡选:够睡固定节奏重要。 继续。 成功达到定目标。 继续。 简而言之:宽容接受别的观点和生活方式。 继续。 你知道吗?知识是懂的世间信息。

继续。 礼貌尊重友好。 就说到这里。 你知道吗?台式同价更强,本灵活。要最强选台式。 说完这个,说下一个。 你知道吗?幸福满足快乐时刻。 继续。

你知道吗?幽默能笑好笑的事。 说完这个,说下一个。 常识:团队合作一起向目标。 继续。 常识:城市有工作和近,农村有静和地方。按工作生活选。 这也重要。 够用留着。只坏或真需买新的。

继续。 记住:家是归属的地方。 就说到这里。 你知道吗?狗要多遛多教,猫更独立。按时间和地方选。

这是主题最重要的内容。"
896,比较和概念–第106部分,"本文介绍重要事实。静静阅读。

常识:健康身体心理都好。 说完这个,说下一个。 你知道吗?好天骑车(约20分,健康),雨天公交。 继续。 记住:诚实说真话认错。 继续。 礼貌尊重友好。

这也重要。 常识:能量能做功,比如电或热。 再有一个事实。 简而言之:学习获得知识技能。 就说到这里。 常识:信任能依靠别人。 继续。

记住:礼貌尊重友好。 这也重要。 你知道吗?列标准,打分,看费用感觉,定期决定。 说完这个,说下一个。 确定:自然是无城的植物动物风景。 继续往下。 确定:尊重看重别人和界限。

这也重要。 事实:幸福满足快乐时刻。 继续。 能量能做功,比如电或热。

这是主题最重要的内容。"
897,比较和概念–第107部分,"这里学习有序知识。慢慢来。

简而言之:责任对行为后果负责。 继续往下。 记住:团队合作一起向目标。 再有一个事实。 火车放松常更绿色,汽车带行李灵活。堵车火车赢。 说完这个,说下一个。 事实:责任对行为后果负责。

继续往下。 你知道吗?尊重看重别人和界限。 说完这个,说下一个。 记住:睡更重要因为巩固学习。早学,够睡。 继续。 记住:礼貌尊重友好。 就说到这里。

事实:时间有限不回来,钱可再赚。平衡重要。 就说到这里。 你知道吗?假新闻是编的。查来源日期和其他媒体。 说完这个,说下一个。 简而言之:尊重看重别人和界限。 就说到这里。 你知道吗?时间有限不回来,钱可再赚。平衡重要。

就说到这里。 学习获得知识技能。 继续。 安全保护不受危险。

这是主题最重要的内容。"
898,比较和概念–第108部分,"下面是验证过的知识。

常识:自律没兴趣也坚持。 就说到这里。 确定:信任能依靠别人。 就说到这里。 每月自动存100欧元,比如工资后转账。 继续。 常识:准时守约时间。

继续往下。 简而言之:幽默能笑好笑的事。 说完这个,说下一个。 事实可证可查,观点是个人看法。 说完这个,说下一个。 常识:信任能依靠别人。 继续。

事实:需要是生存必需,想要是之外愿望。 这也重要。 你知道吗?可靠守承诺。 继续往下。 简而言之:不。休息,高烧或久烧看医生。 说完这个,说下一个。 记住:成功达到定目标。

这也重要。 你知道吗?狗要多遛多教,猫更独立。按时间和地方选。 说完这个,说下一个。 够用留着。只坏或真需买新的。

这是主题最重要的内容。"
899,比较和概念–第109部分,"下面是验证过的知识。

你知道吗?好天骑车(约20分,健康),雨天公交。 就说到这里。 事实:为维生素和饱选苹果,巧克力例外。 就说到这里。 事实:安全保护不受危险。 说完这个,说下一个。 你知道吗?责任对行为后果负责。

继续。 家是归属的地方。 说完这个,说下一个。 确定:团队合作一起向目标。 继续往下。 记住:责任对行为后果负责。 继续往下。

事实:先喝水,后适量咖啡。 继续往下。 你知道吗?幽默能笑好笑的事。 继续往下。 常识:爱是深感情和照顾。 再有一个事实。 睡更重要因为巩固学习。早学,够睡。

这也重要。 记住:团队合作一起向目标。 继续往下。 确定:不。休息,高烧或久烧看医生。

这是主题最重要的内容。"
900,比较和概念–第110部分,"本文介绍重要事实。静静阅读。

简而言之:好天骑车(约20分,健康),雨天公交。 这也重要。 你知道吗?需要是生存必需,想要是之外愿望。 就说到这里。 记住:时间有限不回来,钱可再赚。平衡重要。 这也重要。 记住:责任对行为后果负责。

继续往下。 简而言之:问候谢谢闲聊我不想。事实计算解释比较决定我想,那时显示思考。 继续。 安全保护不受危险。 继续往下。 记住:为维生素和饱选苹果,巧克力例外。 继续。

你知道吗?不,计划休息。每周3-4次常够,每天只轻的。 继续。 自然是无城的植物动物风景。 继续。 需要是生存必需,想要是之外愿望。 这也重要。 简而言之:家是归属的地方。

这也重要。 简而言之:信任能依靠别人。 这也重要。 常识:睡更重要因为巩固学习。早学,够睡。

文章结束。做得好。"
901,比较和概念–第111部分,"下面是验证过的知识。

你知道吗?宽容接受别的观点和生活方式。 继续往下。 事实:狗要多遛多教,猫更独立。按时间和地方选。 就说到这里。 事实:幽默能笑好笑的事。 再有一个事实。 你知道吗?尊重看重别人和界限。

说完这个,说下一个。 简而言之:好天骑车(约20分,健康),雨天公交。 继续往下。 常识:耐心平静等坚持。 再有一个事实。 记住:经验是经历来的知识。 继续。

记住:台式同价更强,本灵活。要最强选台式。 再有一个事实。 你知道吗?时间有限不回来,钱可再赚。平衡重要。 说完这个,说下一个。 事实:列标准,打分,看费用感觉,定期决定。 再有一个事实。 你知道吗?台式同价更强,本灵活。要最强选台式。

说完这个,说下一个。 简而言之:团队合作一起向目标。 就说到这里。 灵活住租;长住付得起看买算全部费用。

文章结束。做得好。"
902,比较和概念–第112部分,"下面是验证过的知识。

确定:火车放松常更绿色,汽车带行李灵活。堵车火车赢。 就说到这里。 事实:学习获得知识技能。 继续。 常识:健康身体心理都好。 就说到这里。 常识:自律没兴趣也坚持。

就说到这里。 台式同价更强,本灵活。要最强选台式。 继续往下。 常识:需要是生存必需,想要是之外愿望。 这也重要。 确定:健康身体心理都好。 再有一个事实。

你知道吗?灵活住租;长住付得起看买算全部费用。 继续往下。 事实:睡更重要因为巩固学习。早学,够睡。 继续往下。 耐心平静等坚持。 继续往下。 事实:准时守约时间。

继续往下。 记住:不,计划休息。每周3-4次常够,每天只轻的。 继续。 事实可证可查,观点是个人看法。

这是主题最重要的内容。"
903,比较和概念–第113部分,"下面是验证过的知识。

确定:列标准,打分,看费用感觉,定期决定。 说完这个,说下一个。 确定:团队合作一起向目标。 再有一个事实。 事实:诚实说真话认错。 继续往下。 创造力找新想法办法。

继续往下。 事实:爱是深感情和照顾。 再有一个事实。 记住:家庭是亲近的人,常是亲戚。 说完这个,说下一个。 常识:尊重看重别人和界限。 说完这个,说下一个。

记住:家是归属的地方。 就说到这里。 记住:诚实说真话认错。 继续往下。 确定:问候谢谢闲聊我不想。事实计算解释比较决定我想,那时显示思考。 这也重要。 你知道吗?先喝水,后适量咖啡。

这也重要。 确定:环境是我们的自然周围。 这也重要。 你知道吗?能量能做功,比如电或热。

现在你知道事实了。"
904,比较和概念–第114部分,"下面是验证过的知识。

事实:成功达到定目标。 再有一个事实。 确定:宽容接受别的观点和生活方式。 继续。 简而言之:宽容接受别的观点和生活方式。 说完这个,说下一个。 事实:信任能依靠别人。

继续往下。 确定:自然是无城的植物动物风景。 这也重要。 事实:先喝水,后适量咖啡。 说完这个,说下一个。 确定:准时守约时间。 继续往下。

知识是懂的世间信息。 再有一个事实。 简而言之:为维生素和饱选苹果,巧克力例外。 继续往下。 你知道吗?按事和睡选:够睡固定节奏重要。 继续往下。 你知道吗?环境是我们的自然周围。

继续往下。 记住:按事和睡选:够睡固定节奏重要。 继续。 确定:团队合作一起向目标。

现在你知道事实了。"
905,比较和概念–第115部分,"下面是验证过的知识。

常识:健康身体心理都好。 就说到这里。 记住:秩序把东西放原位。 继续往下。 你知道吗?每月自动存100欧元,比如工资后转账。 再有一个事实。 记住:友谊意思是信任互助共享时间。

继续。 常识:不,计划休息。每周3-4次常够,每天只轻的。 说完这个,说下一个。 健康身体心理都好。 就说到这里。 事实:能量能做功,比如电或热。 说完这个,说下一个。

事实:水最解渴无糖。果汁只稀释喝。 继续往下。 事实:幽默能笑好笑的事。 再有一个事实。 确定:成功达到定目标。 继续往下。 你知道吗?问候谢谢闲聊我不想。事实计算解释比较决定我想,那时显示思考。

这也重要。 确定:为维生素和饱选苹果,巧克力例外。 继续。 简而言之:不,计划休息。每周3-4次常够,每天只轻的。

这是主题最重要的内容。"
906,比较和概念–第116部分,"这里学习有序知识。慢慢来。

幸福满足快乐时刻。 再有一个事实。 常识:列标准,打分,看费用感觉,定期决定。 继续。 家是归属的地方。 继续。 常识:秩序把东西放原位。

这也重要。 你知道吗?家是归属的地方。 继续往下。 简而言之:成功达到定目标。 就说到这里。 简而言之:自律没兴趣也坚持。 继续往下。

常识:经验是经历来的知识。 继续。 常识:准时守约时间。 继续往下。 常识:事实可证可查,观点是个人看法。 继续往下。 确定:不。休息,高烧或久烧看医生。

说完这个,说下一个。 你知道吗?创造力找新想法办法。 再有一个事实。 你知道吗?自律没兴趣也坚持。

概述结束。"
907,比较和概念–第117部分,"本文介绍重要事实。静静阅读。

记住:耐心平静等坚持。 说完这个,说下一个。 常识:知识是懂的世间信息。 继续。 你知道吗?可靠守承诺。 再有一个事实。 你知道吗?创造力找新想法办法。

就说到这里。 你知道吗?事实可证可查,观点是个人看法。 再有一个事实。 确定:团队合作一起向目标。 就说到这里。 常识:自然是无城的植物动物风景。 再有一个事实。

事实:够用留着。只坏或真需买新的。 说完这个,说下一个。 常识:狗要多遛多教,猫更独立。按时间和地方选。 就说到这里。 你知道吗?家是归属的地方。 就说到这里。 你知道吗?耐心平静等坚持。

就说到这里。 你知道吗?幸福满足快乐时刻。 说完这个,说下一个。 台式同价更强,本灵活。要最强选台式。

现在你知道事实了。"
908,比较和概念–第118部分,"本文一步一步解释事实。

事实:灵活住租;长住付得起看买算全部费用。 继续。 事实:信任能依靠别人。 继续。 简而言之:准时守约时间。 这也重要。 你知道吗?安全保护不受危险。

继续。 记住:友谊意思是信任互助共享时间。 再有一个事实。 尊重看重别人和界限。 继续。 确定:环境是我们的自然周围。 再有一个事实。

事实:创造力找新想法办法。 继续往下。 确定:事实可证可查,观点是个人看法。 继续往下。 简而言之:勇气怕也做对的事。 继续。 确定:时间从过去流向未来。

就说到这里。 幽默能笑好笑的事。 再有一个事实。 确定:家庭是亲近的人,常是亲戚。

文章结束。做得好。"
909,比较和概念–第119部分,"本文介绍重要事实。静静阅读。

你知道吗?城市有工作和近,农村有静和地方。按工作生活选。 继续。 够用留着。只坏或真需买新的。 说完这个,说下一个。 简而言之:狗要多遛多教,猫更独立。按时间和地方选。 继续。 自然是无城的植物动物风景。

说完这个,说下一个。 记住:不。休息,高烧或久烧看医生。 再有一个事实。 幸福满足快乐时刻。 就说到这里。 常识:家庭是亲近的人,常是亲戚。 这也重要。

记住:按事和睡选:够睡固定节奏重要。 就说到这里。 常识:准时守约时间。 说完这个,说下一个。 简而言之:不,计划休息。每周3-4次常够,每天只轻的。 继续。 确定:成功达到定目标。

再有一个事实。 记住:家庭是亲近的人,常是亲戚。 继续。 事实:够用留着。只坏或真需买新的。

概述结束。"
910,比较和概念–第120部分,"这里学习有序知识。慢慢来。

礼貌尊重友好。 这也重要。 你知道吗?信任能依靠别人。 再有一个事实。 你知道吗?爱是深感情和照顾。 再有一个事实。 列标准,打分,看费用感觉,定期决定。

这也重要。 睡更重要因为巩固学习。早学,够睡。 再有一个事实。 记住:先喝水,后适量咖啡。 继续。 你知道吗?时间从过去流向未来。 继续。

知识是懂的世间信息。 就说到这里。 事实:城市有工作和近,农村有静和地方。按工作生活选。 说完这个,说下一个。 你知道吗?家是归属的地方。 继续。 简而言之:城市有工作和近,农村有静和地方。按工作生活选。

继续往下。 事实:需要是生存必需,想要是之外愿望。 这也重要。 确定:列标准,打分,看费用感觉,定期决定。

这是主题最重要的内容。"
911,比较和概念–第121部分,"下面是验证过的知识。

事实:按事和睡选:够睡固定节奏重要。 再有一个事实。 你知道吗?知识是懂的世间信息。 继续。 记住:狗要多遛多教,猫更独立。按时间和地方选。 这也重要。 列标准,打分,看费用感觉,定期决定。

这也重要。 能量能做功,比如电或热。 继续。 睡更重要因为巩固学习。早学,够睡。 说完这个,说下一个。 常识:经验是经历来的知识。 继续往下。

事实:时间有限不回来,钱可再赚。平衡重要。 继续往下。 事实:台式同价更强,本灵活。要最强选台式。 这也重要。 简而言之:礼貌尊重友好。 这也重要。 记住:知识是懂的世间信息。

继续往下。 确定:问候谢谢闲聊我不想。事实计算解释比较决定我想,那时显示思考。 说完这个,说下一个。 常识:尊重看重别人和界限。

概述结束。"
912,比较和概念–第122部分,"这里学习有序知识。慢慢来。

简而言之:爱是深感情和照顾。 这也重要。 记住:需要是生存必需,想要是之外愿望。 继续往下。 你知道吗?不,计划休息。每周3-4次常够,每天只轻的。 说完这个,说下一个。 确定:时间从过去流向未来。

继续往下。 记住:不,计划休息。每周3-4次常够,每天只轻的。 说完这个,说下一个。 简而言之:狗要多遛多教,猫更独立。按时间和地方选。 说完这个,说下一个。 确定:环境是我们的自然周围。 这也重要。

事实:成功达到定目标。 这也重要。 常识:家是归属的地方。 就说到这里。 事实:问候谢谢闲聊我不想。事实计算解释比较决定我想,那时显示思考。 继续往下。 你知道吗?睡更重要因为巩固学习。早学,够睡。

说完这个,说下一个。 确定:列标准,打分,看费用感觉,定期决定。 这也重要。 事实:家庭是亲近的人,常是亲戚。

概述结束。"
913,比较和概念–第123部分,"下面是验证过的知识。

简而言之:勇气怕也做对的事。 这也重要。 事实:自律没兴趣也坚持。 继续往下。 常识:好天骑车(约20分,健康),雨天公交。 这也重要。 够用留着。只坏或真需买新的。

继续。 你知道吗?为维生素和饱选苹果,巧克力例外。 这也重要。 能量能做功,比如电或热。 继续。 记住:责任对行为后果负责。 继续。

常识:城市有工作和近,农村有静和地方。按工作生活选。 说完这个,说下一个。 确定:成功达到定目标。 这也重要。 宽容接受别的观点和生活方式。 说完这个,说下一个。 你知道吗?台式同价更强,本灵活。要最强选台式。

继续。 事实:知识是懂的世间信息。 说完这个,说下一个。 你知道吗?能量能做功,比如电或热。

现在你知道事实了。"
914,比较和概念–第124部分,"这里学习有序知识。慢慢来。

你知道吗?安全保护不受危险。 这也重要。 常识:诚实说真话认错。 这也重要。 确定:先喝水,后适量咖啡。 这也重要。 你知道吗?需要是生存必需,想要是之外愿望。

再有一个事实。 你知道吗?自律没兴趣也坚持。 说完这个,说下一个。 简而言之:狗要多遛多教,猫更独立。按时间和地方选。 这也重要。 简而言之:健康身体心理都好。 继续。

记住:幽默能笑好笑的事。 就说到这里。 记住:安全保护不受危险。 说完这个,说下一个。 事实:台式同价更强,本灵活。要最强选台式。 就说到这里。 常识:宽容接受别的观点和生活方式。

再有一个事实。 事实:列标准,打分,看费用感觉,定期决定。 再有一个事实。 确定:列标准,打分,看费用感觉,定期决定。

现在你知道事实了。"
915,比较和概念–第125部分,"这里学习有序知识。慢慢来。

记住:幸福满足快乐时刻。 这也重要。 确定:爱是深感情和照顾。 说完这个,说下一个。 灵活住租;长住付得起看买算全部费用。 说完这个,说下一个。 宽容接受别的观点和生活方式。

继续往下。 成功达到定目标。 这也重要。 礼貌尊重友好。 继续。 简而言之:先喝水,后适量咖啡。 继续往下。

确定:健康身体心理都好。 就说到这里。 常识:时间有限不回来,钱可再赚。平衡重要。 继续往下。 确定:火车放松常更绿色,汽车带行李灵活。堵车火车赢。 继续往下。 确定:秩序把东西放原位。

说完这个,说下一个。 你知道吗?幽默能笑好笑的事。 这也重要。 按事和睡选:够睡固定节奏重要。

概述结束。"
916,比较和概念–第126部分,"下面是验证过的知识。

你知道吗?宽容接受别的观点和生活方式。 再有一个事实。 简而言之:学习获得知识技能。 这也重要。 确定:好天骑车(约20分,健康),雨天公交。 就说到这里。 常识:幸福满足快乐时刻。

继续往下。 事实:责任对行为后果负责。 继续。 事实:学习获得知识技能。 说完这个,说下一个。 简而言之:先喝水,后适量咖啡。 说完这个,说下一个。

记住:水最解渴无糖。果汁只稀释喝。 继续。 责任对行为后果负责。 就说到这里。 常识:知识是懂的世间信息。 再有一个事实。 确定:自然是无城的植物动物风景。

说完这个,说下一个。 简而言之:城市有工作和近,农村有静和地方。按工作生活选。 就说到这里。 你知道吗?狗要多遛多教,猫更独立。按时间和地方选。

概述结束。"
917,比较和概念–第127部分,"这里学习有序知识。慢慢来。

常识:健康身体心理都好。 这也重要。 常识:列标准,打分,看费用感觉,定期决定。 继续。 事实:够用留着。只坏或真需买新的。 就说到这里。 简而言之:成功达到定目标。

这也重要。 勇气怕也做对的事。 继续。 记住:幸福满足快乐时刻。 这也重要。 事实:不。休息,高烧或久烧看医生。 说完这个,说下一个。

你知道吗?团队合作一起向目标。 继续。 记住:经验是经历来的知识。 这也重要。 常识:家是归属的地方。 继续。 简而言之:秩序把东西放原位。

继续。 确定:爱是深感情和照顾。 说完这个,说下一个。 你知道吗?假新闻是编的。查来源日期和其他媒体。

文章结束。做得好。"
918,比较和概念–第128部分,"本文一步一步解释事实。

事实:灵活住租;长住付得起看买算全部费用。 就说到这里。 确定:信任能依靠别人。 就说到这里。 事实:创造力找新想法办法。 这也重要。 记住:每月自动存100欧元,比如工资后转账。

继续往下。 你知道吗?能量能做功,比如电或热。 再有一个事实。 简而言之:先喝水,后适量咖啡。 继续往下。 简而言之:友谊意思是信任互助共享时间。 这也重要。

简而言之:家是归属的地方。 继续。 简而言之:责任对行为后果负责。 这也重要。 事实可证可查,观点是个人看法。 就说到这里。 简而言之:幽默能笑好笑的事。

就说到这里。 确定:家庭是亲近的人,常是亲戚。 再有一个事实。 常识:准时守约时间。

文章结束。做得好。"
919,比较和概念–第129部分,"这里学习有序知识。慢慢来。

常识:城市有工作和近,农村有静和地方。按工作生活选。 再有一个事实。 确定:不,计划休息。每周3-4次常够,每天只轻的。 就说到这里。 事实:环境是我们的自然周围。 这也重要。 简而言之:团队合作一起向目标。

再有一个事实。 常识:不,计划休息。每周3-4次常够,每天只轻的。 继续往下。 常识:睡更重要因为巩固学习。早学,够睡。 继续往下。 常识:环境是我们的自然周围。 继续。

确定:为维生素和饱选苹果,巧克力例外。 继续往下。 记住:能量能做功,比如电或热。 这也重要。 常识:够用留着。只坏或真需买新的。 继续往下。 确定:团队合作一起向目标。

再有一个事实。 知识是懂的世间信息。 继续往下。 简而言之:每月自动存100欧元,比如工资后转账。

这是主题最重要的内容。"
920,比较和概念–第130部分,"下面是验证过的知识。

记住:灵活住租;长住付得起看买算全部费用。 就说到这里。 记住:不,计划休息。每周3-4次常够,每天只轻的。 再有一个事实。 你知道吗?事实可证可查,观点是个人看法。 说完这个,说下一个。 简而言之:问候谢谢闲聊我不想。事实计算解释比较决定我想,那时显示思考。

再有一个事实。 确定:责任对行为后果负责。 说完这个,说下一个。 事实:够用留着。只坏或真需买新的。 继续。 你知道吗?不,计划休息。每周3-4次常够,每天只轻的。 继续往下。

记住:秩序把东西放原位。 这也重要。 记住:每月自动存100欧元,比如工资后转账。 继续。 假新闻是编的。查来源日期和其他媒体。 就说到这里。 事实:环境是我们的自然周围。

说完这个,说下一个。 记住:家庭是亲近的人,常是亲戚。 再有一个事实。 常识:宽容接受别的观点和生活方式。

现在你知道事实了。"
921,比较和概念–第131部分,"这里学习有序知识。慢慢来。

幽默能笑好笑的事。 就说到这里。 你知道吗?台式同价更强,本灵活。要最强选台式。 说完这个,说下一个。 记住:责任对行为后果负责。 继续。 确定:安全保护不受危险。

就说到这里。 事实:不,计划休息。每周3-4次常够,每天只轻的。 继续往下。 确定:自律没兴趣也坚持。 就说到这里。 记住:睡更重要因为巩固学习。早学,够睡。 这也重要。

简而言之:友谊意思是信任互助共享时间。 再有一个事实。 你知道吗?不。休息,高烧或久烧看医生。 继续往下。 你知道吗?需要是生存必需,想要是之外愿望。 这也重要。 记住:不。休息,高烧或久烧看医生。

这也重要。 爱是深感情和照顾。 继续。 自律没兴趣也坚持。

文章结束。做得好。"
922,比较和概念–第132部分,"本文介绍重要事实。静静阅读。

记住:礼貌尊重友好。 这也重要。 常识:礼貌尊重友好。 继续往下。 常识:可靠守承诺。 就说到这里。 事实:准时守约时间。

说完这个,说下一个。 简而言之:家庭是亲近的人,常是亲戚。 再有一个事实。 火车放松常更绿色,汽车带行李灵活。堵车火车赢。 再有一个事实。 确定:睡更重要因为巩固学习。早学,够睡。 再有一个事实。

事实:事实可证可查,观点是个人看法。 继续。 你知道吗?家是归属的地方。 继续往下。 常识:爱是深感情和照顾。 这也重要。 你知道吗?每月自动存100欧元,比如工资后转账。

就说到这里。 常识:睡更重要因为巩固学习。早学,够睡。 就说到这里。 简而言之:秩序把东西放原位。

现在你知道事实了。"
923,比较和概念–第133部分,"下面是验证过的知识。

确定:耐心平静等坚持。 就说到这里。 事实:每月自动存100欧元,比如工资后转账。 再有一个事实。 记住:每月自动存100欧元,比如工资后转账。 再有一个事实。 记住:创造力找新想法办法。

再有一个事实。 记住:幸福满足快乐时刻。 继续往下。 简而言之:幽默能笑好笑的事。 说完这个,说下一个。 确定:团队合作一起向目标。 再有一个事实。

事实:信任能依靠别人。 就说到这里。 确定:先喝水,后适量咖啡。 继续。 确定:火车放松常更绿色,汽车带行李灵活。堵车火车赢。 继续。 事实:准时守约时间。

继续。 常识:家庭是亲近的人,常是亲戚。 再有一个事实。 事实:台式同价更强,本灵活。要最强选台式。

这是主题最重要的内容。"
924,比较和概念–第134部分,"本文一步一步解释事实。

确定:知识是懂的世间信息。 再有一个事实。 记住:家是归属的地方。 就说到这里。 事实:准时守约时间。 这也重要。 幸福满足快乐时刻。

就说到这里。 安全保护不受危险。 说完这个,说下一个。 可靠守承诺。 继续往下。 你知道吗?台式同价更强,本灵活。要最强选台式。 继续往下。

记住:台式同价更强,本灵活。要最强选台式。 再有一个事实。 常识:经验是经历来的知识。 就说到这里。 记住:灵活住租;长住付得起看买算全部费用。 就说到这里。 记住:爱是深感情和照顾。

再有一个事实。 确定:秩序把东西放原位。 说完这个,说下一个。 你知道吗?团队合作一起向目标。

文章结束。做得好。"
925,比较和概念–第135部分,"下面是验证过的知识。

记住:责任对行为后果负责。 继续。 确定:自然是无城的植物动物风景。 这也重要。 你知道吗?问候谢谢闲聊我不想。事实计算解释比较决定我想,那时显示思考。 这也重要。 记住:每月自动存100欧元,比如工资后转账。

继续。 简而言之:好天骑车(约20分,健康),雨天公交。 继续往下。 事实:学习获得知识技能。 这也重要。 确定:幽默能笑好笑的事。 这也重要。

事实:礼貌尊重友好。 继续。 记住:学习获得知识技能。 继续往下。 你知道吗?幸福满足快乐时刻。 就说到这里。 确定:列标准,打分,看费用感觉,定期决定。

这也重要。 记住:知识是懂的世间信息。 这也重要。 简而言之:幽默能笑好笑的事。

这是主题最重要的内容。"
926,比较和概念–第136部分,"下面是验证过的知识。

确定:自律没兴趣也坚持。 再有一个事实。 事实:问候谢谢闲聊我不想。事实计算解释比较决定我想,那时显示思考。 说完这个,说下一个。 记住:环境是我们的自然周围。 说完这个,说下一个。 事实:事实可证可查,观点是个人看法。

就说到这里。 记住:灵活住租;长住付得起看买算全部费用。 继续。 常识:睡更重要因为巩固学习。早学,够睡。 这也重要。 确定:列标准,打分,看费用感觉,定期决定。 继续往下。

常识:每月自动存100欧元,比如工资后转账。 说完这个,说下一个。 确定:宽容接受别的观点和生活方式。 继续。 记住:责任对行为后果负责。 说完这个,说下一个。 你知道吗?知识是懂的世间信息。

继续往下。 事实:爱是深感情和照顾。 继续。 学习获得知识技能。

文章结束。做得好。"
927,比较和概念–第137部分,"本文一步一步解释事实。

友谊意思是信任互助共享时间。 继续往下。 事实:能量能做功,比如电或热。 这也重要。 睡更重要因为巩固学习。早学,够睡。 继续往下。 环境是我们的自然周围。

这也重要。 确定:城市有工作和近,农村有静和地方。按工作生活选。 继续。 够用留着。只坏或真需买新的。 这也重要。 记住:问候谢谢闲聊我不想。事实计算解释比较决定我想,那时显示思考。 继续。

你知道吗?自然是无城的植物动物风景。 继续。 简而言之:诚实说真话认错。 继续往下。 常识:需要是生存必需,想要是之外愿望。 就说到这里。 常识:火车放松常更绿色,汽车带行李灵活。堵车火车赢。

继续。 经验是经历来的知识。 再有一个事实。 事实:团队合作一起向目标。

这是主题最重要的内容。"
928,比较和概念–第138部分,"下面是验证过的知识。

确定:假新闻是编的。查来源日期和其他媒体。 再有一个事实。 确定:每月自动存100欧元,比如工资后转账。 再有一个事实。 自律没兴趣也坚持。 再有一个事实。 记住:幽默能笑好笑的事。

继续往下。 事实:每月自动存100欧元,比如工资后转账。 这也重要。 环境是我们的自然周围。 继续往下。 确定:责任对行为后果负责。 说完这个,说下一个。

简而言之:假新闻是编的。查来源日期和其他媒体。 说完这个,说下一个。 你知道吗?学习获得知识技能。 再有一个事实。 你知道吗?成功达到定目标。 说完这个,说下一个。 事实:不,计划休息。每周3-4次常够,每天只轻的。

继续。 事实:城市有工作和近,农村有静和地方。按工作生活选。 说完这个,说下一个。 记住:不。休息,高烧或久烧看医生。

文章结束。做得好。"
929,比较和概念–第139部分,"这里学习有序知识。慢慢来。

你知道吗?准时守约时间。 继续。 常识:成功达到定目标。 说完这个,说下一个。 创造力找新想法办法。 再有一个事实。 确定:家是归属的地方。

继续往下。 假新闻是编的。查来源日期和其他媒体。 继续往下。 简而言之:问候谢谢闲聊我不想。事实计算解释比较决定我想,那时显示思考。 说完这个,说下一个。 常识:秩序把东西放原位。 说完这个,说下一个。

确定:秩序把东西放原位。 继续。 事实:知识是懂的世间信息。 继续。 常识:好天骑车(约20分,健康),雨天公交。 这也重要。 你知道吗?按事和睡选:够睡固定节奏重要。

就说到这里。 记住:诚实说真话认错。 继续往下。 常识:按事和睡选:够睡固定节奏重要。

文章结束。做得好。"
930,比较和概念–第140部分,"这里学习有序知识。慢慢来。

你知道吗?责任对行为后果负责。 继续往下。 确定:创造力找新想法办法。 继续。 确定:家是归属的地方。 再有一个事实。 记住:够用留着。只坏或真需买新的。

继续往下。 确定:不,计划休息。每周3-4次常够,每天只轻的。 继续。 记住:勇气怕也做对的事。 继续往下。 常识:耐心平静等坚持。 继续。

常识:睡更重要因为巩固学习。早学,够睡。 继续往下。 记住:能量能做功,比如电或热。 再有一个事实。 常识:台式同价更强,本灵活。要最强选台式。 这也重要。 事实:火车放松常更绿色,汽车带行李灵活。堵车火车赢。

继续。 健康身体心理都好。 说完这个,说下一个。 自然是无城的植物动物风景。

现在你知道事实了。"
931,比较和概念–第141部分,"下面是验证过的知识。

记住:睡更重要因为巩固学习。早学,够睡。 这也重要。 简而言之:知识是懂的世间信息。 这也重要。 确定:团队合作一起向目标。 再有一个事实。 好天骑车(约20分,健康),雨天公交。

就说到这里。 记住:每月自动存100欧元,比如工资后转账。 继续往下。 常识:不,计划休息。每周3-4次常够,每天只轻的。 继续往下。 事实:团队合作一起向目标。 再有一个事实。

事实:尊重看重别人和界限。 继续往下。 事实:够用留着。只坏或真需买新的。 说完这个,说下一个。 常识:能量能做功,比如电或热。 继续。 常识:自律没兴趣也坚持。

继续。 简而言之:礼貌尊重友好。 再有一个事实。 你知道吗?自然是无城的植物动物风景。

这是主题最重要的内容。"
932,比较和概念–第142部分,"本文介绍重要事实。静静阅读。

确定:水最解渴无糖。果汁只稀释喝。 继续往下。 记住:尊重看重别人和界限。 再有一个事实。 你知道吗?友谊意思是信任互助共享时间。 这也重要。 常识:宽容接受别的观点和生活方式。

这也重要。 记住:列标准,打分,看费用感觉,定期决定。 说完这个,说下一个。 记住:火车放松常更绿色,汽车带行李灵活。堵车火车赢。 这也重要。 事实:假新闻是编的。查来源日期和其他媒体。 说完这个,说下一个。

简而言之:自律没兴趣也坚持。 说完这个,说下一个。 事实:狗要多遛多教,猫更独立。按时间和地方选。 说完这个,说下一个。 记住:耐心平静等坚持。 说完这个,说下一个。 每月自动存100欧元,比如工资后转账。

就说到这里。 安全保护不受危险。 说完这个,说下一个。 确定:幽默能笑好笑的事。

这是主题最重要的内容。"
933,比较和概念–第143部分,"本文介绍重要事实。静静阅读。

事实:诚实说真话认错。 就说到这里。 记住:诚实说真话认错。 继续往下。 记住:睡更重要因为巩固学习。早学,够睡。 继续往下。 记住:礼貌尊重友好。

继续往下。 确定:狗要多遛多教,猫更独立。按时间和地方选。 继续往下。 你知道吗?成功达到定目标。 继续往下。 常识:问候谢谢闲聊我不想。事实计算解释比较决定我想,那时显示思考。 继续往下。

简而言之:列标准,打分,看费用感觉,定期决定。 就说到这里。 家是归属的地方。 就说到这里。 你知道吗?城市有工作和近,农村有静和地方。按工作生活选。 继续往下。 常识:创造力找新想法办法。

就说到这里。 记住:城市有工作和近,农村有静和地方。按工作生活选。 说完这个,说下一个。 记住:为维生素和饱选苹果,巧克力例外。

文章结束。做得好。"
934,比较和概念–第144部分,"本文介绍重要事实。静静阅读。

你知道吗?假新闻是编的。查来源日期和其他媒体。 说完这个,说下一个。 台式同价更强,本灵活。要最强选台式。 就说到这里。 简而言之:幸福满足快乐时刻。 说完这个,说下一个。 确定:时间从过去流向未来。

继续往下。 事实:灵活住租;长住付得起看买算全部费用。 继续往下。 记住:按事和睡选:够睡固定节奏重要。 再有一个事实。 记住:准时守约时间。 继续。

你知道吗?不,计划休息。每周3-4次常够,每天只轻的。 继续往下。 简而言之:灵活住租;长住付得起看买算全部费用。 就说到这里。 确定:家是归属的地方。 继续。 记住:假新闻是编的。查来源日期和其他媒体。

这也重要。 你知道吗?水最解渴无糖。果汁只稀释喝。 继续往下。 你知道吗?成功达到定目标。

概述结束。"
935,比较和概念–第145部分,"本文一步一步解释事实。

幽默能笑好笑的事。 再有一个事实。 简而言之:假新闻是编的。查来源日期和其他媒体。 就说到这里。 确定:爱是深感情和照顾。 继续往下。 事实:学习获得知识技能。

继续往下。 学习获得知识技能。 再有一个事实。 记住:知识是懂的世间信息。 继续。 你知道吗?勇气怕也做对的事。 再有一个事实。

事实:自然是无城的植物动物风景。 就说到这里。 记住:幸福满足快乐时刻。 这也重要。 常识:家庭是亲近的人,常是亲戚。 继续往下。 记住:城市有工作和近,农村有静和地方。按工作生活选。

就说到这里。 常识:幸福满足快乐时刻。 就说到这里。 记住:准时守约时间。

现在你知道事实了。"
936,比较和概念–第146部分,"下面是验证过的知识。

简而言之:狗要多遛多教,猫更独立。按时间和地方选。 继续。 知识是懂的世间信息。 说完这个,说下一个。 确定:创造力找新想法办法。 就说到这里。 简而言之:假新闻是编的。查来源日期和其他媒体。

继续。 简而言之:自律没兴趣也坚持。 就说到这里。 你知道吗?幽默能笑好笑的事。 说完这个,说下一个。 确定:自律没兴趣也坚持。 说完这个,说下一个。

常识:台式同价更强,本灵活。要最强选台式。 继续往下。 事实:友谊意思是信任互助共享时间。 就说到这里。 记住:爱是深感情和照顾。 这也重要。 确定:成功达到定目标。

就说到这里。 记住:事实可证可查,观点是个人看法。 继续。 简而言之:灵活住租;长住付得起看买算全部费用。

这是主题最重要的内容。"
937,比较和概念–第147部分,"这里学习有序知识。慢慢来。

你知道吗?不。休息,高烧或久烧看医生。 再有一个事实。 记住:时间从过去流向未来。 这也重要。 记住:秩序把东西放原位。 继续往下。 为维生素和饱选苹果,巧克力例外。

这也重要。 确定:够用留着。只坏或真需买新的。 就说到这里。 记住:尊重看重别人和界限。 继续往下。 简而言之:自律没兴趣也坚持。 继续往下。

常识:列标准,打分,看费用感觉,定期决定。 继续往下。 记住:假新闻是编的。查来源日期和其他媒体。 这也重要。 事实:责任对行为后果负责。 这也重要。 你知道吗?先喝水,后适量咖啡。

继续。 记住:可靠守承诺。 这也重要。 你知道吗?可靠守承诺。

这是主题最重要的内容。"
938,比较和概念–第148部分,"下面是验证过的知识。

简而言之:学习获得知识技能。 这也重要。 爱是深感情和照顾。 说完这个,说下一个。 确定:安全保护不受危险。 再有一个事实。 事实:不,计划休息。每周3-4次常够,每天只轻的。

这也重要。 你知道吗?准时守约时间。 继续往下。 为维生素和饱选苹果,巧克力例外。 继续往下。 确定:火车放松常更绿色,汽车带行李灵活。堵车火车赢。 继续往下。

记住:创造力找新想法办法。 这也重要。 你知道吗?需要是生存必需,想要是之外愿望。 继续。 常识:礼貌尊重友好。 这也重要。 确定:幸福满足快乐时刻。

就说到这里。 你知道吗?健康身体心理都好。 就说到这里。 你知道吗?问候谢谢闲聊我不想。事实计算解释比较决定我想,那时显示思考。

文章结束。做得好。"
939,比较和概念–第149部分,"本文介绍重要事实。静静阅读。

你知道吗?自律没兴趣也坚持。 继续往下。 城市有工作和近,农村有静和地方。按工作生活选。 再有一个事实。 问候谢谢闲聊我不想。事实计算解释比较决定我想,那时显示思考。 说完这个,说下一个。 记住:不,计划休息。每周3-4次常够,每天只轻的。

说完这个,说下一个。 简而言之:自律没兴趣也坚持。 说完这个,说下一个。 事实:自然是无城的植物动物风景。 这也重要。 事实:时间有限不回来,钱可再赚。平衡重要。 说完这个,说下一个。

你知道吗?按事和睡选:够睡固定节奏重要。 继续往下。 常识:宽容接受别的观点和生活方式。 就说到这里。 记住:尊重看重别人和界限。 继续往下。 狗要多遛多教,猫更独立。按时间和地方选。

继续往下。 你知道吗?够用留着。只坏或真需买新的。 继续往下。 简而言之:家是归属的地方。

这是主题最重要的内容。"
940,比较和概念–第150部分,"这里学习有序知识。慢慢来。

记住:假新闻是编的。查来源日期和其他媒体。 再有一个事实。 记住:时间有限不回来,钱可再赚。平衡重要。 继续。 时间有限不回来,钱可再赚。平衡重要。 就说到这里。 简而言之:责任对行为后果负责。

说完这个,说下一个。 确定:自然是无城的植物动物风景。 这也重要。 记住:睡更重要因为巩固学习。早学,够睡。 继续往下。 常识:先喝水,后适量咖啡。 就说到这里。

你知道吗?耐心平静等坚持。 再有一个事实。 记住:爱是深感情和照顾。 继续。 事实:自然是无城的植物动物风景。 就说到这里。 确定:够用留着。只坏或真需买新的。

就说到这里。 成功达到定目标。 说完这个,说下一个。 记住:先喝水,后适量咖啡。

这是主题最重要的内容。"
941,比较和概念–第151部分,"这里学习有序知识。慢慢来。

常识:幸福满足快乐时刻。 继续。 简而言之:灵活住租;长住付得起看买算全部费用。 这也重要。 确定:狗要多遛多教,猫更独立。按时间和地方选。 说完这个,说下一个。 诚实说真话认错。

继续。 事实:假新闻是编的。查来源日期和其他媒体。 继续。 宽容接受别的观点和生活方式。 说完这个,说下一个。 为维生素和饱选苹果,巧克力例外。 再有一个事实。

你知道吗?事实可证可查,观点是个人看法。 再有一个事实。 需要是生存必需,想要是之外愿望。 说完这个,说下一个。 简而言之:能量能做功,比如电或热。 继续。 确定:秩序把东西放原位。

继续往下。 事实:健康身体心理都好。 再有一个事实。 常识:不,计划休息。每周3-4次常够,每天只轻的。

现在你知道事实了。"
942,比较和概念–第152部分,"本文一步一步解释事实。

常识:团队合作一起向目标。 继续往下。 确定:幸福满足快乐时刻。 这也重要。 秩序把东西放原位。 就说到这里。 记住:尊重看重别人和界限。

就说到这里。 常识:能量能做功,比如电或热。 继续。 确定:环境是我们的自然周围。 继续往下。 幸福满足快乐时刻。 再有一个事实。

你知道吗?责任对行为后果负责。 继续往下。 事实:自律没兴趣也坚持。 继续往下。 简而言之:自然是无城的植物动物风景。 再有一个事实。 简而言之:准时守约时间。

继续。 常识:宽容接受别的观点和生活方式。 说完这个,说下一个。 事实:台式同价更强,本灵活。要最强选台式。

文章结束。做得好。"
943,比较和概念–第153部分,"本文介绍重要事实。静静阅读。

简而言之:火车放松常更绿色,汽车带行李灵活。堵车火车赢。 说完这个,说下一个。 确定:自律没兴趣也坚持。 这也重要。 简而言之:成功达到定目标。 再有一个事实。 事实:水最解渴无糖。果汁只稀释喝。

说完这个,说下一个。 确定:礼貌尊重友好。 继续。 耐心平静等坚持。 这也重要。 先喝水,后适量咖啡。 再有一个事实。

准时守约时间。 就说到这里。 常识:信任能依靠别人。 说完这个,说下一个。 你知道吗?信任能依靠别人。 继续。 常识:学习获得知识技能。

就说到这里。 事实:健康身体心理都好。 说完这个,说下一个。 你知道吗?团队合作一起向目标。

文章结束。做得好。"
944,比较和概念–第154部分,"下面是验证过的知识。

常识:耐心平静等坚持。 说完这个,说下一个。 事实:团队合作一起向目标。 继续。 事实:家是归属的地方。 就说到这里。 常识:睡更重要因为巩固学习。早学,够睡。

说完这个,说下一个。 自然是无城的植物动物风景。 继续往下。 事实:每月自动存100欧元,比如工资后转账。 继续。 常识:秩序把东西放原位。 就说到这里。

事实:宽容接受别的观点和生活方式。 说完这个,说下一个。 能量能做功,比如电或热。 继续往下。 你知道吗?准时守约时间。 继续。 记住:爱是深感情和照顾。

就说到这里。 环境是我们的自然周围。 这也重要。 灵活住租;长住付得起看买算全部费用。

这是主题最重要的内容。"
945,比较和概念–第155部分,"这里学习有序知识。慢慢来。

记住:信任能依靠别人。 继续往下。 简而言之:时间有限不回来,钱可再赚。平衡重要。 这也重要。 常识:学习获得知识技能。 说完这个,说下一个。 事实:睡更重要因为巩固学习。早学,够睡。

这也重要。 常识:不,计划休息。每周3-4次常够,每天只轻的。 继续往下。 常识:自然是无城的植物动物风景。 说完这个,说下一个。 你知道吗?时间从过去流向未来。 这也重要。

事实:秩序把东西放原位。 继续往下。 成功达到定目标。 再有一个事实。 常识:宽容接受别的观点和生活方式。 继续。 确定:幸福满足快乐时刻。

继续。 确定:自然是无城的植物动物风景。 继续往下。 简而言之:尊重看重别人和界限。

现在你知道事实了。"
946,比较和概念–第156部分,"下面是验证过的知识。

简而言之:准时守约时间。 说完这个,说下一个。 你知道吗?家庭是亲近的人,常是亲戚。 再有一个事实。 时间从过去流向未来。 就说到这里。 常识:宽容接受别的观点和生活方式。

继续。 确定:责任对行为后果负责。 这也重要。 记住:不。休息,高烧或久烧看医生。 这也重要。 耐心平静等坚持。 就说到这里。

确定:自律没兴趣也坚持。 继续往下。 确定:不,计划休息。每周3-4次常够,每天只轻的。 再有一个事实。 友谊意思是信任互助共享时间。 这也重要。 简而言之:时间有限不回来,钱可再赚。平衡重要。

继续往下。 确定:礼貌尊重友好。 继续。 确定:时间有限不回来,钱可再赚。平衡重要。

现在你知道事实了。"
947,比较和概念–第157部分,"本文介绍重要事实。静静阅读。

确定:自律没兴趣也坚持。 继续往下。 确定:诚实说真话认错。 这也重要。 记住:事实可证可查,观点是个人看法。 说完这个,说下一个。 事实:不,计划休息。每周3-4次常够,每天只轻的。

就说到这里。 简而言之:问候谢谢闲聊我不想。事实计算解释比较决定我想,那时显示思考。 说完这个,说下一个。 常识:时间从过去流向未来。 说完这个,说下一个。 确定:秩序把东西放原位。 再有一个事实。

水最解渴无糖。果汁只稀释喝。 这也重要。 记住:责任对行为后果负责。 说完这个,说下一个。 按事和睡选:够睡固定节奏重要。 说完这个,说下一个。 简而言之:勇气怕也做对的事。

这也重要。 确定:宽容接受别的观点和生活方式。 就说到这里。 记住:团队合作一起向目标。

概述结束。"
948,比较和概念–第158部分,"下面是验证过的知识。

记住:信任能依靠别人。 继续。 事实:礼貌尊重友好。 继续。 记住:自律没兴趣也坚持。 继续。 事实:城市有工作和近,农村有静和地方。按工作生活选。

说完这个,说下一个。 你知道吗?成功达到定目标。 这也重要。 简而言之:宽容接受别的观点和生活方式。 就说到这里。 事实:假新闻是编的。查来源日期和其他媒体。 继续。

记住:成功达到定目标。 说完这个,说下一个。 简而言之:知识是懂的世间信息。 这也重要。 狗要多遛多教,猫更独立。按时间和地方选。 就说到这里。 简而言之:创造力找新想法办法。

再有一个事实。 事实:经验是经历来的知识。 这也重要。 记住:友谊意思是信任互助共享时间。

这是主题最重要的内容。"
949,比较和概念–第159部分,"本文一步一步解释事实。

常识:责任对行为后果负责。 说完这个,说下一个。 记住:自然是无城的植物动物风景。 再有一个事实。 你知道吗?睡更重要因为巩固学习。早学,够睡。 再有一个事实。 确定:先喝水,后适量咖啡。

就说到这里。 简而言之:责任对行为后果负责。 继续往下。 你知道吗?责任对行为后果负责。 继续往下。 记住:先喝水,后适量咖啡。 继续往下。

够用留着。只坏或真需买新的。 就说到这里。 简而言之:睡更重要因为巩固学习。早学,够睡。 继续往下。 确定:礼貌尊重友好。 再有一个事实。 你知道吗?礼貌尊重友好。

这也重要。 记住:幽默能笑好笑的事。 说完这个,说下一个。 确定:环境是我们的自然周围。

现在你知道事实了。"
950,比较和概念–第160部分,"本文介绍重要事实。静静阅读。

好天骑车(约20分,健康),雨天公交。 继续。 记住:水最解渴无糖。果汁只稀释喝。 继续。 常识:家庭是亲近的人,常是亲戚。 继续往下。 记住:勇气怕也做对的事。

继续。 事实:知识是懂的世间信息。 继续。 简而言之:创造力找新想法办法。 就说到这里。 简而言之:责任对行为后果负责。 继续。

事实:按事和睡选:够睡固定节奏重要。 继续往下。 记住:礼貌尊重友好。 继续。 简而言之:家庭是亲近的人,常是亲戚。 继续往下。 记住:不。休息,高烧或久烧看医生。

就说到这里。 事实:家庭是亲近的人,常是亲戚。 这也重要。 记住:问候谢谢闲聊我不想。事实计算解释比较决定我想,那时显示思考。

这是主题最重要的内容。"
951,比较和概念–第161部分,"本文一步一步解释事实。

常识:经验是经历来的知识。 说完这个,说下一个。 简而言之:团队合作一起向目标。 再有一个事实。 友谊意思是信任互助共享时间。 继续。 常识:时间从过去流向未来。

这也重要。 常识:准时守约时间。 再有一个事实。 记住:需要是生存必需,想要是之外愿望。 就说到这里。 你知道吗?经验是经历来的知识。 这也重要。

记住:水最解渴无糖。果汁只稀释喝。 继续往下。 简而言之:学习获得知识技能。 再有一个事实。 简而言之:创造力找新想法办法。 说完这个,说下一个。 记住:尊重看重别人和界限。

这也重要。 你知道吗?灵活住租;长住付得起看买算全部费用。 就说到这里。 你知道吗?不,计划休息。每周3-4次常够,每天只轻的。

现在你知道事实了。"
952,比较和概念–第162部分,"本文介绍重要事实。静静阅读。

你知道吗?自然是无城的植物动物风景。 说完这个,说下一个。 确定:尊重看重别人和界限。 就说到这里。 常识:列标准,打分,看费用感觉,定期决定。 继续往下。 事实:勇气怕也做对的事。

就说到这里。 记住:学习获得知识技能。 就说到这里。 简而言之:家庭是亲近的人,常是亲戚。 继续往下。 记住:成功达到定目标。 再有一个事实。

简而言之:责任对行为后果负责。 说完这个,说下一个。 确定:学习获得知识技能。 再有一个事实。 确定:灵活住租;长住付得起看买算全部费用。 就说到这里。 简而言之:礼貌尊重友好。

就说到这里。 假新闻是编的。查来源日期和其他媒体。 继续。 常识:秩序把东西放原位。

这是主题最重要的内容。"
953,比较和概念–第163部分,"下面是验证过的知识。

狗要多遛多教,猫更独立。按时间和地方选。 再有一个事实。 常识:台式同价更强,本灵活。要最强选台式。 继续往下。 记住:自律没兴趣也坚持。 说完这个,说下一个。 记住:诚实说真话认错。

继续往下。 简而言之:责任对行为后果负责。 继续。 确定:安全保护不受危险。 继续往下。 确定:信任能依靠别人。 就说到这里。

尊重看重别人和界限。 就说到这里。 你知道吗?准时守约时间。 这也重要。 简而言之:准时守约时间。 再有一个事实。 经验是经历来的知识。

这也重要。 常识:经验是经历来的知识。 说完这个,说下一个。 记住:礼貌尊重友好。

现在你知道事实了。"
954,比较和概念–第164部分,"下面是验证过的知识。

爱是深感情和照顾。 这也重要。 常识:责任对行为后果负责。 这也重要。 常识:成功达到定目标。 这也重要。 列标准,打分,看费用感觉,定期决定。

继续。 事实:时间从过去流向未来。 这也重要。 你知道吗?灵活住租;长住付得起看买算全部费用。 这也重要。 假新闻是编的。查来源日期和其他媒体。 再有一个事实。

简而言之:假新闻是编的。查来源日期和其他媒体。 继续。 常识:创造力找新想法办法。 说完这个,说下一个。 事实:勇气怕也做对的事。 这也重要。 简而言之:健康身体心理都好。

这也重要。 常识:事实可证可查,观点是个人看法。 就说到这里。 记住:责任对行为后果负责。

概述结束。"
955,比较和概念–第165部分,"本文一步一步解释事实。

你知道吗?自律没兴趣也坚持。 继续往下。 记住:知识是懂的世间信息。 继续。 简而言之:责任对行为后果负责。 就说到这里。 你知道吗?家庭是亲近的人,常是亲戚。

继续往下。 确定:学习获得知识技能。 继续。 常识:安全保护不受危险。 继续往下。 确定:好天骑车(约20分,健康),雨天公交。 继续。

事实:经验是经历来的知识。 再有一个事实。 假新闻是编的。查来源日期和其他媒体。 就说到这里。 你知道吗?成功达到定目标。 说完这个,说下一个。 简而言之:先喝水,后适量咖啡。

再有一个事实。 记住:幽默能笑好笑的事。 继续。 记住:成功达到定目标。

现在你知道事实了。"
956,比较和概念–第166部分,"本文一步一步解释事实。

简而言之:家是归属的地方。 就说到这里。 你知道吗?准时守约时间。 这也重要。 常识:时间从过去流向未来。 继续往下。 为维生素和饱选苹果,巧克力例外。

说完这个,说下一个。 记住:勇气怕也做对的事。 继续往下。 事实:事实可证可查,观点是个人看法。 就说到这里。 友谊意思是信任互助共享时间。 继续。

你知道吗?时间有限不回来,钱可再赚。平衡重要。 再有一个事实。 简而言之:假新闻是编的。查来源日期和其他媒体。 说完这个,说下一个。 记住:健康身体心理都好。 继续。 你知道吗?环境是我们的自然周围。

就说到这里。 你知道吗?尊重看重别人和界限。 再有一个事实。 事实:创造力找新想法办法。

概述结束。"
957,比较和概念–第167部分,"本文介绍重要事实。静静阅读。

简而言之:城市有工作和近,农村有静和地方。按工作生活选。 再有一个事实。 责任对行为后果负责。 就说到这里。 诚实说真话认错。 说完这个,说下一个。 健康身体心理都好。

这也重要。 简而言之:问候谢谢闲聊我不想。事实计算解释比较决定我想,那时显示思考。 继续。 事实:自然是无城的植物动物风景。 再有一个事实。 简而言之:准时守约时间。 说完这个,说下一个。

你知道吗?环境是我们的自然周围。 这也重要。 你知道吗?假新闻是编的。查来源日期和其他媒体。 继续。 你知道吗?责任对行为后果负责。 继续往下。 你知道吗?不。休息,高烧或久烧看医生。

继续往下。 事实:城市有工作和近,农村有静和地方。按工作生活选。 说完这个,说下一个。 确定:知识是懂的世间信息。

文章结束。做得好。"
958,比较和概念–第168部分,"下面是验证过的知识。

每月自动存100欧元,比如工资后转账。 就说到这里。 你知道吗?事实可证可查,观点是个人看法。 这也重要。 事实:安全保护不受危险。 这也重要。 常识:灵活住租;长住付得起看买算全部费用。

这也重要。 事实:按事和睡选:够睡固定节奏重要。 就说到这里。 简而言之:够用留着。只坏或真需买新的。 这也重要。 事实:爱是深感情和照顾。 就说到这里。

记住:环境是我们的自然周围。 继续。 健康身体心理都好。 说完这个,说下一个。 简而言之:经验是经历来的知识。 继续往下。 简而言之:列标准,打分,看费用感觉,定期决定。

再有一个事实。 常识:礼貌尊重友好。 再有一个事实。 常识:环境是我们的自然周围。

文章结束。做得好。"
959,比较和概念–第169部分,"本文介绍重要事实。静静阅读。

事实:团队合作一起向目标。 继续往下。 确定:每月自动存100欧元,比如工资后转账。 继续往下。 信任能依靠别人。 这也重要。 事实:爱是深感情和照顾。

再有一个事实。 狗要多遛多教,猫更独立。按时间和地方选。 继续。 你知道吗?礼貌尊重友好。 说完这个,说下一个。 你知道吗?创造力找新想法办法。 说完这个,说下一个。

确定:列标准,打分,看费用感觉,定期决定。 继续往下。 你知道吗?准时守约时间。 继续往下。 确定:经验是经历来的知识。 再有一个事实。 常识:幽默能笑好笑的事。

说完这个,说下一个。 你知道吗?耐心平静等坚持。 继续。 事实:时间从过去流向未来。

文章结束。做得好。"
960,比较和概念–第170部分,"这里学习有序知识。慢慢来。

狗要多遛多教,猫更独立。按时间和地方选。 继续往下。 常识:知识是懂的世间信息。 再有一个事实。 你知道吗?需要是生存必需,想要是之外愿望。 继续往下。 确定:家庭是亲近的人,常是亲戚。

这也重要。 学习获得知识技能。 继续往下。 简而言之:每月自动存100欧元,比如工资后转账。 说完这个,说下一个。 记住:能量能做功,比如电或热。 说完这个,说下一个。

简而言之:知识是懂的世间信息。 就说到这里。 记住:家庭是亲近的人,常是亲戚。 继续。 简而言之:环境是我们的自然周围。 这也重要。 简而言之:需要是生存必需,想要是之外愿望。

继续。 记住:秩序把东西放原位。 继续。 火车放松常更绿色,汽车带行李灵活。堵车火车赢。

现在你知道事实了。"
961,比较和概念–第171部分,"这里学习有序知识。慢慢来。

记住:火车放松常更绿色,汽车带行李灵活。堵车火车赢。 再有一个事实。 确定:先喝水,后适量咖啡。 继续。 环境是我们的自然周围。 就说到这里。 常识:水最解渴无糖。果汁只稀释喝。

再有一个事实。 常识:知识是懂的世间信息。 就说到这里。 你知道吗?台式同价更强,本灵活。要最强选台式。 说完这个,说下一个。 爱是深感情和照顾。 继续往下。

责任对行为后果负责。 继续往下。 记住:狗要多遛多教,猫更独立。按时间和地方选。 继续往下。 简而言之:成功达到定目标。 这也重要。 常识:勇气怕也做对的事。

就说到这里。 常识:够用留着。只坏或真需买新的。 这也重要。 你知道吗?宽容接受别的观点和生活方式。

这是主题最重要的内容。"
962,比较和概念–第172部分,"本文一步一步解释事实。

你知道吗?先喝水,后适量咖啡。 就说到这里。 常识:耐心平静等坚持。 说完这个,说下一个。 时间有限不回来,钱可再赚。平衡重要。 再有一个事实。 事实:能量能做功,比如电或热。

再有一个事实。 你知道吗?火车放松常更绿色,汽车带行李灵活。堵车火车赢。 就说到这里。 常识:经验是经历来的知识。 就说到这里。 责任对行为后果负责。 继续往下。

你知道吗?爱是深感情和照顾。 就说到这里。 常识:家庭是亲近的人,常是亲戚。 就说到这里。 你知道吗?需要是生存必需,想要是之外愿望。 继续。 简而言之:幸福满足快乐时刻。

说完这个,说下一个。 简而言之:列标准,打分,看费用感觉,定期决定。 就说到这里。 耐心平静等坚持。

概述结束。"
963,比较和概念–第173部分,"这里学习有序知识。慢慢来。

简而言之:列标准,打分,看费用感觉,定期决定。 继续。 常识:事实可证可查,观点是个人看法。 再有一个事实。 确定:自然是无城的植物动物风景。 这也重要。 确定:友谊意思是信任互助共享时间。

再有一个事实。 记住:家是归属的地方。 再有一个事实。 记住:自然是无城的植物动物风景。 这也重要。 常识:先喝水,后适量咖啡。 再有一个事实。

简而言之:假新闻是编的。查来源日期和其他媒体。 再有一个事实。 你知道吗?列标准,打分,看费用感觉,定期决定。 这也重要。 简而言之:火车放松常更绿色,汽车带行李灵活。堵车火车赢。 就说到这里。 事实:爱是深感情和照顾。

继续。 简而言之:礼貌尊重友好。 这也重要。 常识:勇气怕也做对的事。

文章结束。做得好。"
964,比较和概念–第174部分,"本文介绍重要事实。静静阅读。

家庭是亲近的人,常是亲戚。 继续。 简而言之:责任对行为后果负责。 说完这个,说下一个。 事实:信任能依靠别人。 就说到这里。 记住:为维生素和饱选苹果,巧克力例外。

这也重要。 记住:自然是无城的植物动物风景。 继续。 环境是我们的自然周围。 这也重要。 确定:责任对行为后果负责。 说完这个,说下一个。

记住:责任对行为后果负责。 说完这个,说下一个。 记住:自律没兴趣也坚持。 就说到这里。 记住:创造力找新想法办法。 这也重要。 事实:环境是我们的自然周围。

再有一个事实。 简而言之:礼貌尊重友好。 继续往下。 你知道吗?家庭是亲近的人,常是亲戚。

概述结束。"
965,比较和概念–第175部分,"本文介绍重要事实。静静阅读。

简而言之:够用留着。只坏或真需买新的。 就说到这里。 记住:按事和睡选:够睡固定节奏重要。 这也重要。 确定:水最解渴无糖。果汁只稀释喝。 继续往下。 你知道吗?先喝水,后适量咖啡。

就说到这里。 确定:狗要多遛多教,猫更独立。按时间和地方选。 说完这个,说下一个。 简而言之:可靠守承诺。 这也重要。 简而言之:不。休息,高烧或久烧看医生。 继续往下。

你知道吗?幸福满足快乐时刻。 就说到这里。 常识:学习获得知识技能。 继续往下。 记住:安全保护不受危险。 说完这个,说下一个。 确定:成功达到定目标。

这也重要。 常识:安全保护不受危险。 再有一个事实。 确定:创造力找新想法办法。

这是主题最重要的内容。"
966,比较和概念–第176部分,"本文一步一步解释事实。

简而言之:勇气怕也做对的事。 再有一个事实。 确定:每月自动存100欧元,比如工资后转账。 再有一个事实。 确定:准时守约时间。 就说到这里。 常识:责任对行为后果负责。

这也重要。 常识:好天骑车(约20分,健康),雨天公交。 继续。 简而言之:城市有工作和近,农村有静和地方。按工作生活选。 就说到这里。 记住:列标准,打分,看费用感觉,定期决定。 再有一个事实。

简而言之:家庭是亲近的人,常是亲戚。 继续。 确定:礼貌尊重友好。 继续。 你知道吗?火车放松常更绿色,汽车带行李灵活。堵车火车赢。 就说到这里。 你知道吗?按事和睡选:够睡固定节奏重要。

继续往下。 自律没兴趣也坚持。 就说到这里。 为维生素和饱选苹果,巧克力例外。

这是主题最重要的内容。"
967,比较和概念–第177部分,"本文一步一步解释事实。

简而言之:勇气怕也做对的事。 这也重要。 确定:先喝水,后适量咖啡。 继续。 你知道吗?经验是经历来的知识。 继续往下。 记住:不。休息,高烧或久烧看医生。

继续往下。 简而言之:城市有工作和近,农村有静和地方。按工作生活选。 再有一个事实。 确定:学习获得知识技能。 继续。 你知道吗?睡更重要因为巩固学习。早学,够睡。 再有一个事实。

简而言之:时间从过去流向未来。 再有一个事实。 水最解渴无糖。果汁只稀释喝。 继续。 你知道吗?幽默能笑好笑的事。 继续往下。 确定:幽默能笑好笑的事。

就说到这里。 事实:爱是深感情和照顾。 说完这个,说下一个。 常识:友谊意思是信任互助共享时间。

这是主题最重要的内容。"
968,比较和概念–第178部分,"这里学习有序知识。慢慢来。

你知道吗?礼貌尊重友好。 继续往下。 事实:秩序把东西放原位。 继续。 记住:知识是懂的世间信息。 继续。 记住:够用留着。只坏或真需买新的。

就说到这里。 确定:礼貌尊重友好。 说完这个,说下一个。 事实:耐心平静等坚持。 就说到这里。 确定:为维生素和饱选苹果,巧克力例外。 这也重要。

简而言之:能量能做功,比如电或热。 就说到这里。 事实:列标准,打分,看费用感觉,定期决定。 继续。 你知道吗?睡更重要因为巩固学习。早学,够睡。 继续往下。 记住:列标准,打分,看费用感觉,定期决定。

继续。 简而言之:尊重看重别人和界限。 继续往下。 常识:可靠守承诺。

文章结束。做得好。"
969,比较和概念–第179部分,"这里学习有序知识。慢慢来。

确定:假新闻是编的。查来源日期和其他媒体。 这也重要。 简而言之:狗要多遛多教,猫更独立。按时间和地方选。 这也重要。 常识:狗要多遛多教,猫更独立。按时间和地方选。 再有一个事实。 你知道吗?可靠守承诺。

继续。 记住:事实可证可查,观点是个人看法。 这也重要。 记住:尊重看重别人和界限。 继续。 事实:水最解渴无糖。果汁只稀释喝。 这也重要。

你知道吗?耐心平静等坚持。 这也重要。 常识:爱是深感情和照顾。 就说到这里。 事实:家是归属的地方。 再有一个事实。 确定:诚实说真话认错。

这也重要。 为维生素和饱选苹果,巧克力例外。 这也重要。 记住:够用留着。只坏或真需买新的。

这是主题最重要的内容。"
970,比较和概念–第180部分,"这里学习有序知识。慢慢来。

记住:勇气怕也做对的事。 继续。 事实:每月自动存100欧元,比如工资后转账。 继续。 简而言之:时间有限不回来,钱可再赚。平衡重要。 这也重要。 事实可证可查,观点是个人看法。

继续往下。 简而言之:列标准,打分,看费用感觉,定期决定。 继续往下。 确定:可靠守承诺。 就说到这里。 好天骑车(约20分,健康),雨天公交。 继续往下。

常识:幸福满足快乐时刻。 就说到这里。 常识:成功达到定目标。 说完这个,说下一个。 常识:责任对行为后果负责。 就说到这里。 常识:为维生素和饱选苹果,巧克力例外。

再有一个事实。 确定:时间从过去流向未来。 继续往下。 确定:能量能做功,比如电或热。

概述结束。"
971,比较和概念–第181部分,"本文介绍重要事实。静静阅读。

记住:时间有限不回来,钱可再赚。平衡重要。 再有一个事实。 记住:城市有工作和近,农村有静和地方。按工作生活选。 说完这个,说下一个。 事实:灵活住租;长住付得起看买算全部费用。 再有一个事实。 简而言之:先喝水,后适量咖啡。

继续往下。 常识:经验是经历来的知识。 这也重要。 记住:知识是懂的世间信息。 继续。 事实:创造力找新想法办法。 说完这个,说下一个。

确定:尊重看重别人和界限。 就说到这里。 确定:学习获得知识技能。 继续往下。 记住:需要是生存必需,想要是之外愿望。 再有一个事实。 简而言之:秩序把东西放原位。

继续。 确定:自然是无城的植物动物风景。 继续往下。 记住:假新闻是编的。查来源日期和其他媒体。

现在你知道事实了。"
972,比较和概念–第182部分,"这里学习有序知识。慢慢来。

记住:礼貌尊重友好。 再有一个事实。 常识:家庭是亲近的人,常是亲戚。 再有一个事实。 确定:自然是无城的植物动物风景。 继续。 事实:事实可证可查,观点是个人看法。

继续往下。 常识:为维生素和饱选苹果,巧克力例外。 这也重要。 确定:好天骑车(约20分,健康),雨天公交。 继续往下。 记住:环境是我们的自然周围。 继续往下。

事实:秩序把东西放原位。 继续。 你知道吗?家庭是亲近的人,常是亲戚。 说完这个,说下一个。 常识:好天骑车(约20分,健康),雨天公交。 这也重要。 列标准,打分,看费用感觉,定期决定。

这也重要。 你知道吗?每月自动存100欧元,比如工资后转账。 继续。 常识:每月自动存100欧元,比如工资后转账。

这是主题最重要的内容。"
973,比较和概念–第183部分,"下面是验证过的知识。

确定:知识是懂的世间信息。 这也重要。 你知道吗?为维生素和饱选苹果,巧克力例外。 继续。 先喝水,后适量咖啡。 再有一个事实。 简而言之:家是归属的地方。

再有一个事实。 确定:问候谢谢闲聊我不想。事实计算解释比较决定我想,那时显示思考。 继续。 你知道吗?能量能做功,比如电或热。 继续往下。 记住:信任能依靠别人。 继续往下。

确定:台式同价更强,本灵活。要最强选台式。 说完这个,说下一个。 确定:创造力找新想法办法。 继续。 确定:学习获得知识技能。 继续。 你知道吗?友谊意思是信任互助共享时间。

再有一个事实。 问候谢谢闲聊我不想。事实计算解释比较决定我想,那时显示思考。 再有一个事实。 事实:时间从过去流向未来。

文章结束。做得好。"
974,比较和概念–第184部分,"本文一步一步解释事实。

需要是生存必需,想要是之外愿望。 就说到这里。 事实:勇气怕也做对的事。 继续。 简而言之:友谊意思是信任互助共享时间。 说完这个,说下一个。 知识是懂的世间信息。

继续。 常识:家是归属的地方。 说完这个,说下一个。 事实:睡更重要因为巩固学习。早学,够睡。 继续往下。 简而言之:不。休息,高烧或久烧看医生。 继续。

记住:责任对行为后果负责。 继续往下。 火车放松常更绿色,汽车带行李灵活。堵车火车赢。 就说到这里。 问候谢谢闲聊我不想。事实计算解释比较决定我想,那时显示思考。 继续。 记住:不。休息,高烧或久烧看医生。

再有一个事实。 确定:需要是生存必需,想要是之外愿望。 再有一个事实。 确定:事实可证可查,观点是个人看法。

现在你知道事实了。"
975,比较和概念–第185部分,"本文一步一步解释事实。

简而言之:事实可证可查,观点是个人看法。 继续往下。 常识:礼貌尊重友好。 再有一个事实。 确定:不,计划休息。每周3-4次常够,每天只轻的。 说完这个,说下一个。 简而言之:爱是深感情和照顾。

再有一个事实。 事实:狗要多遛多教,猫更独立。按时间和地方选。 就说到这里。 记住:责任对行为后果负责。 这也重要。 简而言之:礼貌尊重友好。 继续往下。

需要是生存必需,想要是之外愿望。 这也重要。 你知道吗?诚实说真话认错。 这也重要。 确定:信任能依靠别人。 就说到这里。 记住:睡更重要因为巩固学习。早学,够睡。

这也重要。 记住:够用留着。只坏或真需买新的。 继续往下。 记住:爱是深感情和照顾。

文章结束。做得好。"
976,比较和概念–第186部分,"本文介绍重要事实。静静阅读。

记住:好天骑车(约20分,健康),雨天公交。 这也重要。 记住:城市有工作和近,农村有静和地方。按工作生活选。 再有一个事实。 事实:责任对行为后果负责。 说完这个,说下一个。 记住:爱是深感情和照顾。

就说到这里。 按事和睡选:够睡固定节奏重要。 就说到这里。 安全保护不受危险。 继续。 你知道吗?时间从过去流向未来。 说完这个,说下一个。

事实:秩序把东西放原位。 就说到这里。 常识:诚实说真话认错。 说完这个,说下一个。 你知道吗?水最解渴无糖。果汁只稀释喝。 再有一个事实。 你知道吗?家是归属的地方。

再有一个事实。 不。休息,高烧或久烧看医生。 再有一个事实。 为维生素和饱选苹果,巧克力例外。

文章结束。做得好。"
977,比较和概念–第187部分,"本文介绍重要事实。静静阅读。

确定:时间有限不回来,钱可再赚。平衡重要。 说完这个,说下一个。 记住:水最解渴无糖。果汁只稀释喝。 说完这个,说下一个。 时间有限不回来,钱可再赚。平衡重要。 说完这个,说下一个。 睡更重要因为巩固学习。早学,够睡。

这也重要。 确定:假新闻是编的。查来源日期和其他媒体。 再有一个事实。 不。休息,高烧或久烧看医生。 再有一个事实。 确定:尊重看重别人和界限。 这也重要。

学习获得知识技能。 继续往下。 你知道吗?自律没兴趣也坚持。 再有一个事实。 记住:自律没兴趣也坚持。 说完这个,说下一个。 常识:健康身体心理都好。

就说到这里。 简而言之:自律没兴趣也坚持。 继续往下。 你知道吗?团队合作一起向目标。

文章结束。做得好。"
978,比较和概念–第188部分,"这里学习有序知识。慢慢来。

事实:礼貌尊重友好。 这也重要。 简而言之:责任对行为后果负责。 再有一个事实。 确定:诚实说真话认错。 继续往下。 家庭是亲近的人,常是亲戚。

说完这个,说下一个。 确定:勇气怕也做对的事。 继续。 你知道吗?睡更重要因为巩固学习。早学,够睡。 再有一个事实。 事实:勇气怕也做对的事。 继续往下。

你知道吗?需要是生存必需,想要是之外愿望。 再有一个事实。 你知道吗?尊重看重别人和界限。 就说到这里。 常识:水最解渴无糖。果汁只稀释喝。 继续往下。 常识:准时守约时间。

继续。 确定:台式同价更强,本灵活。要最强选台式。 说完这个,说下一个。 确定:为维生素和饱选苹果,巧克力例外。

这是主题最重要的内容。"
979,比较和概念–第189部分,"本文介绍重要事实。静静阅读。

记住:创造力找新想法办法。 继续往下。 简而言之:为维生素和饱选苹果,巧克力例外。 说完这个,说下一个。 你知道吗?宽容接受别的观点和生活方式。 这也重要。 信任能依靠别人。

就说到这里。 环境是我们的自然周围。 继续。 简而言之:自律没兴趣也坚持。 继续。 你知道吗?勇气怕也做对的事。 说完这个,说下一个。

事实:勇气怕也做对的事。 继续。 记住:为维生素和饱选苹果,巧克力例外。 说完这个,说下一个。 常识:问候谢谢闲聊我不想。事实计算解释比较决定我想,那时显示思考。 就说到这里。 事实:自然是无城的植物动物风景。

这也重要。 常识:经验是经历来的知识。 就说到这里。 记住:先喝水,后适量咖啡。

概述结束。"
980,比较和概念–第190部分,"本文一步一步解释事实。

简而言之:耐心平静等坚持。 这也重要。 事实:准时守约时间。 再有一个事实。 常识:好天骑车(约20分,健康),雨天公交。 说完这个,说下一个。 确定:按事和睡选:够睡固定节奏重要。

就说到这里。 简而言之:狗要多遛多教,猫更独立。按时间和地方选。 这也重要。 确定:勇气怕也做对的事。 这也重要。 记住:自律没兴趣也坚持。 说完这个,说下一个。

按事和睡选:够睡固定节奏重要。 这也重要。 确定:成功达到定目标。 说完这个,说下一个。 确定:幽默能笑好笑的事。 继续。 幽默能笑好笑的事。

这也重要。 记住:睡更重要因为巩固学习。早学,够睡。 这也重要。 你知道吗?团队合作一起向目标。

这是主题最重要的内容。"
981,比较和概念–第191部分,"本文介绍重要事实。静静阅读。

台式同价更强,本灵活。要最强选台式。 就说到这里。 记住:环境是我们的自然周围。 再有一个事实。 事实:列标准,打分,看费用感觉,定期决定。 这也重要。 记住:知识是懂的世间信息。

继续。 事实:先喝水,后适量咖啡。 再有一个事实。 确定:每月自动存100欧元,比如工资后转账。 继续往下。 简而言之:经验是经历来的知识。 这也重要。

不,计划休息。每周3-4次常够,每天只轻的。 说完这个,说下一个。 常识:水最解渴无糖。果汁只稀释喝。 再有一个事实。 常识:尊重看重别人和界限。 说完这个,说下一个。 确定:水最解渴无糖。果汁只稀释喝。

这也重要。 确定:准时守约时间。 说完这个,说下一个。 事实:每月自动存100欧元,比如工资后转账。

现在你知道事实了。"
982,比较和概念–第192部分,"本文一步一步解释事实。

事实:不。休息,高烧或久烧看医生。 就说到这里。 常识:经验是经历来的知识。 说完这个,说下一个。 你知道吗?创造力找新想法办法。 说完这个,说下一个。 确定:时间从过去流向未来。

继续往下。 简而言之:知识是懂的世间信息。 继续往下。 简而言之:能量能做功,比如电或热。 就说到这里。 常识:健康身体心理都好。 说完这个,说下一个。

常识:幽默能笑好笑的事。 再有一个事实。 简而言之:列标准,打分,看费用感觉,定期决定。 继续。 家是归属的地方。 继续往下。 你知道吗?经验是经历来的知识。

就说到这里。 简而言之:自然是无城的植物动物风景。 这也重要。 你知道吗?信任能依靠别人。

这是主题最重要的内容。"
983,比较和概念–第193部分,"本文一步一步解释事实。

你知道吗?知识是懂的世间信息。 继续。 确定:台式同价更强,本灵活。要最强选台式。 继续往下。 记住:自律没兴趣也坚持。 说完这个,说下一个。 简而言之:好天骑车(约20分,健康),雨天公交。

继续。 你知道吗?城市有工作和近,农村有静和地方。按工作生活选。 这也重要。 常识:自然是无城的植物动物风景。 这也重要。 诚实说真话认错。 继续往下。

简而言之:自然是无城的植物动物风景。 这也重要。 勇气怕也做对的事。 继续往下。 你知道吗?可靠守承诺。 这也重要。 事实:可靠守承诺。

继续往下。 常识:耐心平静等坚持。 就说到这里。 幸福满足快乐时刻。

文章结束。做得好。"
984,比较和概念–第194部分,"本文介绍重要事实。静静阅读。

简而言之:不,计划休息。每周3-4次常够,每天只轻的。 继续往下。 你知道吗?成功达到定目标。 这也重要。 简而言之:健康身体心理都好。 继续。 家庭是亲近的人,常是亲戚。

就说到这里。 常识:可靠守承诺。 继续。 记住:列标准,打分,看费用感觉,定期决定。 再有一个事实。 确定:准时守约时间。 继续。

事实:尊重看重别人和界限。 继续往下。 你知道吗?勇气怕也做对的事。 说完这个,说下一个。 事实:好天骑车(约20分,健康),雨天公交。 再有一个事实。 简而言之:事实可证可查,观点是个人看法。

再有一个事实。 记住:能量能做功,比如电或热。 继续。 常识:家庭是亲近的人,常是亲戚。

这是主题最重要的内容。"
985,比较和概念–第195部分,"下面是验证过的知识。

记住:自律没兴趣也坚持。 说完这个,说下一个。 事实:台式同价更强,本灵活。要最强选台式。 就说到这里。 常识:准时守约时间。 继续。 为维生素和饱选苹果,巧克力例外。

继续。 简而言之:知识是懂的世间信息。 就说到这里。 常识:自律没兴趣也坚持。 再有一个事实。 确定:时间有限不回来,钱可再赚。平衡重要。 这也重要。

记住:家是归属的地方。 再有一个事实。 确定:台式同价更强,本灵活。要最强选台式。 继续。 简而言之:事实可证可查,观点是个人看法。 就说到这里。 你知道吗?够用留着。只坏或真需买新的。

说完这个,说下一个。 你知道吗?创造力找新想法办法。 继续。 简而言之:爱是深感情和照顾。

文章结束。做得好。"
986,比较和概念–第196部分,"下面是验证过的知识。

常识:信任能依靠别人。 再有一个事实。 经验是经历来的知识。 继续。 记住:火车放松常更绿色,汽车带行李灵活。堵车火车赢。 就说到这里。 确定:家是归属的地方。

再有一个事实。 记住:准时守约时间。 继续。 简而言之:准时守约时间。 这也重要。 事实:学习获得知识技能。 说完这个,说下一个。

你知道吗?台式同价更强,本灵活。要最强选台式。 继续往下。 你知道吗?秩序把东西放原位。 这也重要。 确定:不,计划休息。每周3-4次常够,每天只轻的。 这也重要。 幽默能笑好笑的事。

说完这个,说下一个。 记住:环境是我们的自然周围。 说完这个,说下一个。 事实:礼貌尊重友好。

文章结束。做得好。"
987,比较和概念–第197部分,"下面是验证过的知识。

确定:家是归属的地方。 继续往下。 事实:狗要多遛多教,猫更独立。按时间和地方选。 继续往下。 简而言之:准时守约时间。 说完这个,说下一个。 记住:能量能做功,比如电或热。

再有一个事实。 事实:需要是生存必需,想要是之外愿望。 说完这个,说下一个。 记住:火车放松常更绿色,汽车带行李灵活。堵车火车赢。 再有一个事实。 确定:狗要多遛多教,猫更独立。按时间和地方选。 再有一个事实。

确定:团队合作一起向目标。 就说到这里。 你知道吗?安全保护不受危险。 这也重要。 健康身体心理都好。 再有一个事实。 常识:家是归属的地方。

说完这个,说下一个。 你知道吗?团队合作一起向目标。 这也重要。 简而言之:时间从过去流向未来。

文章结束。做得好。"
988,比较和概念–第198部分,"本文一步一步解释事实。

记住:时间从过去流向未来。 继续。 你知道吗?创造力找新想法办法。 再有一个事实。 常识:爱是深感情和照顾。 说完这个,说下一个。 记住:诚实说真话认错。

说完这个,说下一个。 友谊意思是信任互助共享时间。 说完这个,说下一个。 确定:家庭是亲近的人,常是亲戚。 再有一个事实。 简而言之:幽默能笑好笑的事。 这也重要。

简而言之:灵活住租;长住付得起看买算全部费用。 这也重要。 列标准,打分,看费用感觉,定期决定。 就说到这里。 不。休息,高烧或久烧看医生。 说完这个,说下一个。 记住:健康身体心理都好。

再有一个事实。 简而言之:火车放松常更绿色,汽车带行李灵活。堵车火车赢。 这也重要。 你知道吗?爱是深感情和照顾。

概述结束。"
989,比较和概念–第199部分,"下面是验证过的知识。

确定:耐心平静等坚持。 就说到这里。 确定:成功达到定目标。 就说到这里。 简而言之:安全保护不受危险。 继续。 你知道吗?创造力找新想法办法。

说完这个,说下一个。 常识:需要是生存必需,想要是之外愿望。 说完这个,说下一个。 事实:诚实说真话认错。 继续往下。 常识:学习获得知识技能。 继续。

事实:尊重看重别人和界限。 这也重要。 记住:不。休息,高烧或久烧看医生。 再有一个事实。 事实:可靠守承诺。 继续往下。 你知道吗?安全保护不受危险。

再有一个事实。 不。休息,高烧或久烧看医生。 继续往下。 为维生素和饱选苹果,巧克力例外。

文章结束。做得好。"
990,比较和概念–第200部分,"本文介绍重要事实。静静阅读。

常识:先喝水,后适量咖啡。 说完这个,说下一个。 你知道吗?自律没兴趣也坚持。 这也重要。 事实:环境是我们的自然周围。 继续往下。 确定:责任对行为后果负责。

继续。 事实:不,计划休息。每周3-4次常够,每天只轻的。 就说到这里。 常识:城市有工作和近,农村有静和地方。按工作生活选。 再有一个事实。 常识:勇气怕也做对的事。 继续往下。

你知道吗?事实可证可查,观点是个人看法。 说完这个,说下一个。 事实:假新闻是编的。查来源日期和其他媒体。 继续往下。 确定:幸福满足快乐时刻。 说完这个,说下一个。 简而言之:准时守约时间。

继续往下。 你知道吗?城市有工作和近,农村有静和地方。按工作生活选。 这也重要。 你知道吗?团队合作一起向目标。

现在你知道事实了。"
991,比较和概念–第201部分,"本文介绍重要事实。静静阅读。

简而言之:不。休息,高烧或久烧看医生。 这也重要。 记住:按事和睡选:够睡固定节奏重要。 就说到这里。 事实:狗要多遛多教,猫更独立。按时间和地方选。 继续。 记住:准时守约时间。

继续。 简而言之:环境是我们的自然周围。 这也重要。 记住:能量能做功,比如电或热。 再有一个事实。 事实:不,计划休息。每周3-4次常够,每天只轻的。 继续往下。

水最解渴无糖。果汁只稀释喝。 说完这个,说下一个。 简而言之:礼貌尊重友好。 继续往下。 事实:环境是我们的自然周围。 说完这个,说下一个。 你知道吗?学习获得知识技能。

继续往下。 常识:能量能做功,比如电或热。 说完这个,说下一个。 常识:安全保护不受危险。

现在你知道事实了。"
992,比较和概念–第202部分,"下面是验证过的知识。

常识:知识是懂的世间信息。 继续。 确定:狗要多遛多教,猫更独立。按时间和地方选。 就说到这里。 简而言之:问候谢谢闲聊我不想。事实计算解释比较决定我想,那时显示思考。 说完这个,说下一个。 安全保护不受危险。

就说到这里。 事实:知识是懂的世间信息。 继续。 事实:环境是我们的自然周围。 这也重要。 确定:环境是我们的自然周围。 继续往下。

常识:列标准,打分,看费用感觉,定期决定。 继续往下。 确定:城市有工作和近,农村有静和地方。按工作生活选。 再有一个事实。 简而言之:城市有工作和近,农村有静和地方。按工作生活选。 说完这个,说下一个。 团队合作一起向目标。

这也重要。 按事和睡选:够睡固定节奏重要。 这也重要。 你知道吗?尊重看重别人和界限。

现在你知道事实了。"
993,比较和概念–第203部分,"本文介绍重要事实。静静阅读。

常识:幽默能笑好笑的事。 就说到这里。 记住:需要是生存必需,想要是之外愿望。 说完这个,说下一个。 常识:责任对行为后果负责。 说完这个,说下一个。 你知道吗?诚实说真话认错。

继续往下。 你知道吗?好天骑车(约20分,健康),雨天公交。 继续往下。 事实:尊重看重别人和界限。 继续。 记住:宽容接受别的观点和生活方式。 就说到这里。

简而言之:为维生素和饱选苹果,巧克力例外。 说完这个,说下一个。 常识:能量能做功,比如电或热。 就说到这里。 常识:睡更重要因为巩固学习。早学,够睡。 再有一个事实。 经验是经历来的知识。

说完这个,说下一个。 常识:幸福满足快乐时刻。 继续往下。 常识:先喝水,后适量咖啡。

这是主题最重要的内容。"
994,比较和概念–第204部分,"本文一步一步解释事实。

记住:秩序把东西放原位。 就说到这里。 简而言之:不。休息,高烧或久烧看医生。 再有一个事实。 常识:事实可证可查,观点是个人看法。 说完这个,说下一个。 简而言之:睡更重要因为巩固学习。早学,够睡。

这也重要。 诚实说真话认错。 就说到这里。 够用留着。只坏或真需买新的。 就说到这里。 记住:可靠守承诺。 继续往下。

确定:每月自动存100欧元,比如工资后转账。 继续往下。 事实:秩序把东西放原位。 继续往下。 火车放松常更绿色,汽车带行李灵活。堵车火车赢。 这也重要。 你知道吗?责任对行为后果负责。

这也重要。 你知道吗?台式同价更强,本灵活。要最强选台式。 就说到这里。 好天骑车(约20分,健康),雨天公交。

文章结束。做得好。"
995,比较和概念–第205部分,"本文介绍重要事实。静静阅读。

事实:经验是经历来的知识。 说完这个,说下一个。 常识:诚实说真话认错。 再有一个事实。 按事和睡选:够睡固定节奏重要。 继续往下。 简而言之:需要是生存必需,想要是之外愿望。

继续。 常识:不。休息,高烧或久烧看医生。 说完这个,说下一个。 记住:先喝水,后适量咖啡。 继续往下。 常识:城市有工作和近,农村有静和地方。按工作生活选。 继续。

水最解渴无糖。果汁只稀释喝。 这也重要。 确定:台式同价更强,本灵活。要最强选台式。 这也重要。 记住:好天骑车(约20分,健康),雨天公交。 继续往下。 需要是生存必需,想要是之外愿望。

继续。 记住:秩序把东西放原位。 继续。 事实:宽容接受别的观点和生活方式。

文章结束。做得好。"
996,比较和概念–第206部分,"本文一步一步解释事实。

常识:好天骑车(约20分,健康),雨天公交。 就说到这里。 记住:能量能做功,比如电或热。 说完这个,说下一个。 常识:尊重看重别人和界限。 就说到这里。 常识:宽容接受别的观点和生活方式。

说完这个,说下一个。 记住:耐心平静等坚持。 就说到这里。 事实:台式同价更强,本灵活。要最强选台式。 继续。 你知道吗?按事和睡选:够睡固定节奏重要。 这也重要。

事实:可靠守承诺。 再有一个事实。 常识:按事和睡选:够睡固定节奏重要。 再有一个事实。 简而言之:自然是无城的植物动物风景。 这也重要。 宽容接受别的观点和生活方式。

就说到这里。 记住:自律没兴趣也坚持。 继续往下。 简而言之:自律没兴趣也坚持。

现在你知道事实了。"
997,比较和概念–第207部分,"本文介绍重要事实。静静阅读。

事实:准时守约时间。 再有一个事实。 你知道吗?幸福满足快乐时刻。 继续。 记住:事实可证可查,观点是个人看法。 说完这个,说下一个。 确定:能量能做功,比如电或热。

再有一个事实。 记住:家庭是亲近的人,常是亲戚。 继续往下。 你知道吗?列标准,打分,看费用感觉,定期决定。 再有一个事实。 常识:火车放松常更绿色,汽车带行李灵活。堵车火车赢。 说完这个,说下一个。

记住:能量能做功,比如电或热。 就说到这里。 你知道吗?够用留着。只坏或真需买新的。 继续往下。 常识:尊重看重别人和界限。 这也重要。 你知道吗?成功达到定目标。

继续往下。 记住:不。休息,高烧或久烧看医生。 说完这个,说下一个。 为维生素和饱选苹果,巧克力例外。

现在你知道事实了。"
998,比较和概念–第208部分,"本文介绍重要事实。静静阅读。

常识:列标准,打分,看费用感觉,定期决定。 继续。 常识:好天骑车(约20分,健康),雨天公交。 这也重要。 常识:勇气怕也做对的事。 就说到这里。 常识:安全保护不受危险。

就说到这里。 你知道吗?诚实说真话认错。 再有一个事实。 事实:列标准,打分,看费用感觉,定期决定。 再有一个事实。 记住:不,计划休息。每周3-4次常够,每天只轻的。 继续。

你知道吗?狗要多遛多教,猫更独立。按时间和地方选。 说完这个,说下一个。 团队合作一起向目标。 就说到这里。 你知道吗?勇气怕也做对的事。 说完这个,说下一个。 可靠守承诺。

继续往下。 常识:环境是我们的自然周围。 这也重要。 常识:水最解渴无糖。果汁只稀释喝。

这是主题最重要的内容。"
999,比较和概念–第209部分,"本文介绍重要事实。静静阅读。

简而言之:火车放松常更绿色,汽车带行李灵活。堵车火车赢。 说完这个,说下一个。 确定:不,计划休息。每周3-4次常够,每天只轻的。 再有一个事实。 简而言之:经验是经历来的知识。 就说到这里。 确定:团队合作一起向目标。

继续往下。 事实:先喝水,后适量咖啡。 这也重要。 记住:健康身体心理都好。 这也重要。 常识:创造力找新想法办法。 就说到这里。

简而言之:水最解渴无糖。果汁只稀释喝。 再有一个事实。 你知道吗?可靠守承诺。 说完这个,说下一个。 简而言之:不,计划休息。每周3-4次常够,每天只轻的。 这也重要。 常识:可靠守承诺。

再有一个事实。 确定:宽容接受别的观点和生活方式。 继续。 知识是懂的世间信息。

概述结束。"
1000,比较和概念–第210部分,"这里学习有序知识。慢慢来。

确定:幽默能笑好笑的事。 继续往下。 确定:宽容接受别的观点和生活方式。 继续往下。 确定:先喝水,后适量咖啡。 就说到这里。 常识:城市有工作和近,农村有静和地方。按工作生活选。

说完这个,说下一个。 常识:秩序把东西放原位。 继续。 火车放松常更绿色,汽车带行李灵活。堵车火车赢。 这也重要。 简而言之:需要是生存必需,想要是之外愿望。 再有一个事实。

记住:可靠守承诺。 继续。 常识:假新闻是编的。查来源日期和其他媒体。 继续往下。 记住:耐心平静等坚持。 继续。 常识:准时守约时间。

继续往下。 常识:不。休息,高烧或久烧看医生。 就说到这里。 简而言之:灵活住租;长住付得起看买算全部费用。

这是主题最重要的内容。"
