id,title,text
1,A világ fővárosai – 1. rész,"Alább ellenőrzött tudást találsz.

Finnország fővárosa Helsinki. A következő pontra. Ausztria fővárosa Bécs. Még egy tény. Tény: Olaszország fővárosa Róma. Tovább. Tény: Görögország fővárosa Athén.

Még egy tény. Dánia fővárosa Koppenhága. Tovább. Biztos: Görögország fővárosa Athén. Tovább. Tudtad? USA fővárosa Washington D.C.. A következő pontra.

Biztos: Norvégia fővárosa Oslo. Még egy tény. Tény: Finnország fővárosa Helsinki. Még egy tény. Jegyezd meg: Egyesült Királyság fővárosa London. Ez is számít. Jegyezd meg: Svédország fővárosa Stockholm.

Tovább. Törökország fővárosa Ankara. Ez is számít. Biztos: Törökország fővárosa Ankara.

Most már ismered a tényeket."
2,A világ fővárosai – 2. rész,"Ez a szöveg fontos tényeket mutat be. Olvasd nyugodtan.

Csehország fővárosa Prága. Még egy tény. Brazília fővárosa Brazíliaváros. A következő pontra. Japán fővárosa Tokió. Még egy tény. Jegyezd meg: Törökország fővárosa Ankara.

A következő pontra. Tudtad? Csehország fővárosa Prága. Még egy tény. Jó tudni: Hollandia fővárosa Amszterdam. A következő pontra. Jó tudni: Svédország fővárosa Stockholm. Ennyi erről.

Tudtad? Kína fővárosa Peking. Folytatjuk. Röviden: Németország fővárosa Berlin. Még egy tény. Egyesült Királyság fővárosa London. Folytatjuk. Jegyezd meg: Ausztrália fővárosa Canberra.

Folytatjuk. Röviden: Brazília fővárosa Brazíliaváros. Tovább. Svájc fővárosa Bern.

Ez volt a lényeg."
3,A világ fővárosai – 3. rész,"Itt rendezett tudást tanulsz. Ne siess.

Jó tudni: Japán fővárosa Tokió. A következő pontra. Biztos: Csehország fővárosa Prága. Ez is számít. Finnország fővárosa Helsinki. Ez is számít. Biztos: Ausztria fővárosa Bécs.

Ennyi erről. Jó tudni: Dánia fővárosa Koppenhága. Még egy tény. Tudtad? Mexikó fővárosa Mexikóváros. A következő pontra. Tény: Magyarország fővárosa Budapest. Ennyi erről.

Biztos: Brazília fővárosa Brazíliaváros. Még egy tény. Röviden: Egyiptom fővárosa Kairó. Még egy tény. Jó tudni: Spanyolország fővárosa Madrid. Ez is számít. Argentína fővárosa Buenos Aires.

Tovább. Röviden: Norvégia fővárosa Oslo. Folytatjuk. Egyiptom fővárosa Kairó.

Most már ismered a tényeket."
4,A világ fővárosai – 4. rész,"Alább ellenőrzött tudást találsz.

Jegyezd meg: Svájc fővárosa Bern. A következő pontra. Tudtad? Brazília fővárosa Brazíliaváros. Ez is számít. Tudtad? Egyesült Királyság fővárosa London. A következő pontra. Biztos: Lengyelország fővárosa Varsó.

Ez is számít. Tény: Brazília fővárosa Brazíliaváros. Ennyi erről. Jó tudni: Írország fővárosa Dublin. Folytatjuk. Jegyezd meg: Svédország fővárosa Stockholm. Még egy tény.

Biztos: USA fővárosa Washington D.C.. Ez is számít. Biztos: Brazília fővárosa Brazíliaváros. Ennyi erről. Tény: Egyesült Királyság fővárosa London. A következő pontra. Belgium fővárosa Brüsszel.

Ez is számít. Tudtad? Egyiptom fővárosa Kairó. A következő pontra. Röviden: Belgium fővárosa Brüsszel.

Vége ennek az áttekintésnek."
5,A világ fővárosai – 5. rész,"Alább ellenőrzött tudást találsz.

Tény: Törökország fővárosa Ankara. Tovább. Biztos: Kína fővárosa Peking. Ez is számít. Tény: Lengyelország fővárosa Varsó. A következő pontra. Tudtad? Írország fővárosa Dublin.

Ez is számít. Biztos: Ausztrália fővárosa Canberra. A következő pontra. Biztos: Írország fővárosa Dublin. Tovább. Tény: Görögország fővárosa Athén. A következő pontra.

Röviden: Svájc fővárosa Bern. Még egy tény. Tény: Németország fővárosa Berlin. Ez is számít. Mexikó fővárosa Mexikóváros. Ez is számít. Egyiptom fővárosa Kairó.

Ez is számít. Tudtad? Görögország fővárosa Athén. Tovább. Jó tudni: Dánia fővárosa Koppenhága.

Vége ennek az áttekintésnek."
6,A világ fővárosai – 6. rész,"Alább ellenőrzött tudást találsz.

Röviden: Portugália fővárosa Lisszabon. Ez is számít. Jegyezd meg: Norvégia fővárosa Oslo. Tovább. Tudtad? Portugália fővárosa Lisszabon. Még egy tény. Jegyezd meg: Ausztria fővárosa Bécs.

Folytatjuk. Tudtad? USA fővárosa Washington D.C.. A következő pontra. Németország fővárosa Berlin. Ennyi erről. Röviden: Magyarország fővárosa Budapest. Tovább.

Írország fővárosa Dublin. Ez is számít. Jó tudni: Magyarország fővárosa Budapest. Tovább. Tudtad? Ausztrália fővárosa Canberra. Ez is számít. Biztos: Magyarország fővárosa Budapest.

Tovább. Tudtad? Csehország fővárosa Prága. Ennyi erről. Tudtad? Spanyolország fővárosa Madrid.

Ez volt a lényeg."
7,A világ fővárosai – 7. rész,"Itt rendezett tudást tanulsz. Ne siess.

Törökország fővárosa Ankara. Tovább. Jó tudni: Argentína fővárosa Buenos Aires. Ez is számít. Biztos: USA fővárosa Washington D.C.. Folytatjuk. Röviden: Dánia fővárosa Koppenhága.

Tovább. Röviden: Törökország fővárosa Ankara. Ennyi erről. Tény: USA fővárosa Washington D.C.. Ennyi erről. Röviden: Norvégia fővárosa Oslo. Ez is számít.

Franciaország fővárosa Párizs. Tovább. Röviden: Egyesült Királyság fővárosa London. Ez is számít. Tudtad? Finnország fővárosa Helsinki. A következő pontra. Biztos: Belgium fővárosa Brüsszel.

A következő pontra. Jegyezd meg: Ausztrália fővárosa Canberra. Folytatjuk. Jó tudni: Németország fővárosa Berlin.

A szöveg vége. Szép munka."
8,A világ fővárosai – 8. rész,"Itt rendezett tudást tanulsz. Ne siess.

Biztos: Egyiptom fővárosa Kairó. Tovább. Tény: Csehország fővárosa Prága. Ennyi erről. Röviden: Japán fővárosa Tokió. Ennyi erről. Tény: Finnország fővárosa Helsinki.

Még egy tény. Biztos: Írország fővárosa Dublin. Ennyi erről. Tudtad? Portugália fővárosa Lisszabon. A következő pontra. Biztos: Egyesült Királyság fővárosa London. Még egy tény.

Biztos: Spanyolország fővárosa Madrid. Még egy tény. Jegyezd meg: Kína fővárosa Peking. A következő pontra. Röviden: Franciaország fővárosa Párizs. A következő pontra. Jó tudni: Németország fővárosa Berlin.

Még egy tény. Jó tudni: Japán fővárosa Tokió. A következő pontra. Jegyezd meg: Brazília fővárosa Brazíliaváros.

Vége ennek az áttekintésnek."
9,A világ fővárosai – 9. rész,"Alább ellenőrzött tudást találsz.

Jó tudni: Németország fővárosa Berlin. Ez is számít. Jó tudni: Hollandia fővárosa Amszterdam. Folytatjuk. Hollandia fővárosa Amszterdam. Folytatjuk. Jegyezd meg: Törökország fővárosa Ankara.

Ez is számít. Biztos: India fővárosa Újdelhi. Folytatjuk. Jegyezd meg: Norvégia fővárosa Oslo. Tovább. Tény: Japán fővárosa Tokió. Még egy tény.

Tudtad? Portugália fővárosa Lisszabon. Ez is számít. Jó tudni: Magyarország fővárosa Budapest. Ez is számít. Tény: Norvégia fővárosa Oslo. Folytatjuk. Jó tudni: Kína fővárosa Peking.

Ennyi erről. Csehország fővárosa Prága. Tovább. Jó tudni: Portugália fővárosa Lisszabon.

Vége ennek az áttekintésnek."
10,A világ fővárosai – 10. rész,"Ez a szöveg fontos tényeket mutat be. Olvasd nyugodtan.

Biztos: Kanada fővárosa Ottawa. A következő pontra. Biztos: Ausztrália fővárosa Canberra. Folytatjuk. Tény: Svájc fővárosa Bern. Ez is számít. Görögország fővárosa Athén.

Ez is számít. Biztos: Finnország fővárosa Helsinki. Még egy tény. Biztos: Brazília fővárosa Brazíliaváros. Ez is számít. Jó tudni: Argentína fővárosa Buenos Aires. Még egy tény.

Tény: Argentína fővárosa Buenos Aires. Tovább. Tény: Portugália fővárosa Lisszabon. Ez is számít. Röviden: Finnország fővárosa Helsinki. Tovább. Olaszország fővárosa Róma.

Ez is számít. Tudtad? Svájc fővárosa Bern. A következő pontra. Röviden: Mexikó fővárosa Mexikóváros.

Ez volt a lényeg."
11,A világ fővárosai – 11. rész,"Ez a szöveg fontos tényeket mutat be. Olvasd nyugodtan.

Kanada fővárosa Ottawa. A következő pontra. Jegyezd meg: Hollandia fővárosa Amszterdam. Tovább. Argentína fővárosa Buenos Aires. Folytatjuk. Tény: USA fővárosa Washington D.C..

Még egy tény. Röviden: Spanyolország fővárosa Madrid. Még egy tény. Tudtad? India fővárosa Újdelhi. Folytatjuk. Biztos: Brazília fővárosa Brazíliaváros. A következő pontra.

Jegyezd meg: Írország fővárosa Dublin. Tovább. Röviden: Csehország fővárosa Prága. Ennyi erről. Tudtad? Lengyelország fővárosa Varsó. A következő pontra. Tény: Görögország fővárosa Athén.

Még egy tény. Tény: Egyiptom fővárosa Kairó. Ez is számít. Jegyezd meg: Svájc fővárosa Bern.

Ez volt a lényeg."
12,A világ fővárosai – 12. rész,"Ez a szöveg lépésről lépésre magyaráz.

Jó tudni: Brazília fővárosa Brazíliaváros. Ez is számít. Tudtad? Portugália fővárosa Lisszabon. Tovább. Röviden: Ausztrália fővárosa Canberra. Tovább. Jó tudni: Svájc fővárosa Bern.

Még egy tény. Jegyezd meg: Japán fővárosa Tokió. A következő pontra. Röviden: Írország fővárosa Dublin. Tovább. Kanada fővárosa Ottawa. A következő pontra.

Jó tudni: Argentína fővárosa Buenos Aires. A következő pontra. Biztos: Németország fővárosa Berlin. Még egy tény. Tudtad? Ausztria fővárosa Bécs. Még egy tény. Jegyezd meg: Norvégia fővárosa Oslo.

Még egy tény. Tény: Hollandia fővárosa Amszterdam. Tovább. Biztos: Írország fővárosa Dublin.

Ez volt a lényeg."
13,A világ fővárosai – 13. rész,"Itt rendezett tudást tanulsz. Ne siess.

Ausztrália fővárosa Canberra. Tovább. Tény: Japán fővárosa Tokió. A következő pontra. Tény: Svájc fővárosa Bern. Ez is számít. Jó tudni: Egyesült Királyság fővárosa London.

Tovább. Dánia fővárosa Koppenhága. Még egy tény. Görögország fővárosa Athén. Ez is számít. Tudtad? Csehország fővárosa Prága. Folytatjuk.

Magyarország fővárosa Budapest. Tovább. Japán fővárosa Tokió. A következő pontra. Kanada fővárosa Ottawa. Ennyi erről. Röviden: Norvégia fővárosa Oslo.

A következő pontra. Tudtad? Brazília fővárosa Brazíliaváros. Még egy tény. Jegyezd meg: USA fővárosa Washington D.C..

Vége ennek az áttekintésnek."
14,A világ fővárosai – 14. rész,"Itt rendezett tudást tanulsz. Ne siess.

Kanada fővárosa Ottawa. Ez is számít. Tény: USA fővárosa Washington D.C.. Ez is számít. Tény: Franciaország fővárosa Párizs. Tovább. Tény: Lengyelország fővárosa Varsó.

Folytatjuk. Tudtad? Csehország fővárosa Prága. Ennyi erről. Biztos: Egyiptom fővárosa Kairó. Még egy tény. Biztos: Dánia fővárosa Koppenhága. Folytatjuk.

Jó tudni: Németország fővárosa Berlin. Ez is számít. Jó tudni: Portugália fővárosa Lisszabon. Még egy tény. Tudtad? Ausztria fővárosa Bécs. Folytatjuk. Jó tudni: Finnország fővárosa Helsinki.

Ez is számít. Jegyezd meg: Olaszország fővárosa Róma. Ez is számít. Magyarország fővárosa Budapest.

Vége ennek az áttekintésnek."
15,A világ fővárosai – 15. rész,"Itt rendezett tudást tanulsz. Ne siess.

Tudtad? India fővárosa Újdelhi. Folytatjuk. Biztos: Hollandia fővárosa Amszterdam. Ennyi erről. Jegyezd meg: Argentína fővárosa Buenos Aires. Ennyi erről. Jegyezd meg: Svájc fővárosa Bern.

Ennyi erről. Tény: Hollandia fővárosa Amszterdam. Ez is számít. Biztos: Svájc fővárosa Bern. A következő pontra. Tény: Görögország fővárosa Athén. Még egy tény.

Jegyezd meg: Brazília fővárosa Brazíliaváros. A következő pontra. Biztos: Spanyolország fővárosa Madrid. A következő pontra. Tudtad? Csehország fővárosa Prága. A következő pontra. Franciaország fővárosa Párizs.

Folytatjuk. Biztos: Argentína fővárosa Buenos Aires. Tovább. Röviden: Brazília fővárosa Brazíliaváros.

Vége ennek az áttekintésnek."
16,A világ fővárosai – 16. rész,"Ez a szöveg lépésről lépésre magyaráz.

Tény: Argentína fővárosa Buenos Aires. Még egy tény. Jó tudni: Olaszország fővárosa Róma. A következő pontra. Tény: Spanyolország fővárosa Madrid. Ez is számít. Röviden: Spanyolország fővárosa Madrid.

Folytatjuk. Jegyezd meg: Írország fővárosa Dublin. A következő pontra. Jegyezd meg: USA fővárosa Washington D.C.. Folytatjuk. Tény: Ausztria fővárosa Bécs. Folytatjuk.

Biztos: Egyesült Királyság fővárosa London. Ez is számít. Jó tudni: Franciaország fővárosa Párizs. Ez is számít. Tudtad? Argentína fővárosa Buenos Aires. A következő pontra. Tudtad? Svájc fővárosa Bern.

Ennyi erről. Tény: Norvégia fővárosa Oslo. Folytatjuk. Biztos: Németország fővárosa Berlin.

Most már ismered a tényeket."
17,A világ fővárosai – 17. rész,"Ez a szöveg lépésről lépésre magyaráz.

Jó tudni: Norvégia fővárosa Oslo. Tovább. Röviden: Portugália fővárosa Lisszabon. Ennyi erről. Biztos: Ausztria fővárosa Bécs. Még egy tény. Norvégia fővárosa Oslo.

Még egy tény. Tudtad? USA fővárosa Washington D.C.. Tovább. Jegyezd meg: Mexikó fővárosa Mexikóváros. Ennyi erről. Jó tudni: Finnország fővárosa Helsinki. Még egy tény.

Egyesült Királyság fővárosa London. Még egy tény. Kanada fővárosa Ottawa. A következő pontra. Röviden: Japán fővárosa Tokió. Ez is számít. Franciaország fővárosa Párizs.

Ez is számít. Dánia fővárosa Koppenhága. Még egy tény. Jegyezd meg: Magyarország fővárosa Budapest.

Vége ennek az áttekintésnek."
18,A világ fővárosai – 18. rész,"Ez a szöveg fontos tényeket mutat be. Olvasd nyugodtan.

Tudtad? Svájc fővárosa Bern. Tovább. Jó tudni: Spanyolország fővárosa Madrid. Tovább. Jó tudni: Görögország fővárosa Athén. Ez is számít. Jegyezd meg: Norvégia fővárosa Oslo.

A következő pontra. Tény: Finnország fővárosa Helsinki. Ennyi erről. Biztos: Spanyolország fővárosa Madrid. Ennyi erről. Tudtad? Törökország fővárosa Ankara. A következő pontra.

Tudtad? Franciaország fővárosa Párizs. Ennyi erről. Tudtad? USA fővárosa Washington D.C.. Folytatjuk. Jó tudni: Kína fővárosa Peking. Még egy tény. Jegyezd meg: Hollandia fővárosa Amszterdam.

Ennyi erről. Biztos: Franciaország fővárosa Párizs. Ez is számít. Röviden: Egyesült Királyság fővárosa London.

Vége ennek az áttekintésnek."
19,A világ fővárosai – 19. rész,"Ez a szöveg fontos tényeket mutat be. Olvasd nyugodtan.

Röviden: Németország fővárosa Berlin. A következő pontra. Tény: Németország fővárosa Berlin. Ennyi erről. Jó tudni: Törökország fővárosa Ankara. Tovább. Röviden: Finnország fővárosa Helsinki.

Ez is számít. Biztos: India fővárosa Újdelhi. Még egy tény. Biztos: Lengyelország fővárosa Varsó. Ez is számít. Röviden: Egyiptom fővárosa Kairó. Tovább.

Biztos: Egyesült Királyság fővárosa London. Még egy tény. Biztos: Törökország fővárosa Ankara. A következő pontra. Jó tudni: Norvégia fővárosa Oslo. Folytatjuk. Jegyezd meg: Olaszország fővárosa Róma.

A következő pontra. Japán fővárosa Tokió. Ez is számít. Tudtad? Írország fővárosa Dublin.

A szöveg vége. Szép munka."
20,A világ fővárosai – 20. rész,"Ez a szöveg lépésről lépésre magyaráz.

Spanyolország fővárosa Madrid. Még egy tény. Tény: Argentína fővárosa Buenos Aires. Folytatjuk. Tudtad? Spanyolország fővárosa Madrid. Még egy tény. Tudtad? Kína fővárosa Peking.

Ez is számít. Röviden: Görögország fővárosa Athén. Folytatjuk. Tény: Csehország fővárosa Prága. Ennyi erről. Tény: India fővárosa Újdelhi. Tovább.

Tudtad? Egyiptom fővárosa Kairó. Ennyi erről. USA fővárosa Washington D.C.. Még egy tény. Jó tudni: Görögország fővárosa Athén. Tovább. Tény: Spanyolország fővárosa Madrid.

Folytatjuk. Jegyezd meg: Dánia fővárosa Koppenhága. A következő pontra. Biztos: Hollandia fővárosa Amszterdam.

Most már ismered a tényeket."
21,A világ fővárosai – 21. rész,"Itt rendezett tudást tanulsz. Ne siess.

Biztos: Kína fővárosa Peking. Ez is számít. Röviden: Ausztrália fővárosa Canberra. Folytatjuk. Biztos: Spanyolország fővárosa Madrid. Még egy tény. Tény: Svájc fővárosa Bern.

Ennyi erről. Jó tudni: USA fővárosa Washington D.C.. Tovább. Jegyezd meg: Ausztrália fővárosa Canberra. Folytatjuk. Tudtad? Magyarország fővárosa Budapest. Ez is számít.

Argentína fővárosa Buenos Aires. Ennyi erről. Jó tudni: Ausztrália fővárosa Canberra. Tovább. Röviden: Argentína fővárosa Buenos Aires. Még egy tény. Biztos: Belgium fővárosa Brüsszel.

Tovább. Tény: Belgium fővárosa Brüsszel. Ennyi erről. Röviden: USA fővárosa Washington D.C..

Ez volt a lényeg."
22,A világ fővárosai – 22. rész,"Alább ellenőrzött tudást találsz.

Portugália fővárosa Lisszabon. Ennyi erről. Röviden: Egyesült Királyság fővárosa London. Folytatjuk. Tudtad? Japán fővárosa Tokió. Ez is számít. Jó tudni: Ausztria fővárosa Bécs.

Folytatjuk. Tudtad? Portugália fővárosa Lisszabon. A következő pontra. Biztos: Kanada fővárosa Ottawa. A következő pontra. Röviden: Belgium fővárosa Brüsszel. Tovább.

Biztos: Csehország fővárosa Prága. A következő pontra. Jegyezd meg: USA fővárosa Washington D.C.. A következő pontra. Jó tudni: Portugália fővárosa Lisszabon. Még egy tény. Tudtad? Csehország fővárosa Prága.

Ez is számít. Jegyezd meg: Hollandia fővárosa Amszterdam. Ez is számít. Ausztrália fővárosa Canberra.

Ez volt a lényeg."
23,A világ fővárosai – 23. rész,"Itt rendezett tudást tanulsz. Ne siess.

Röviden: India fővárosa Újdelhi. Tovább. India fővárosa Újdelhi. Tovább. Franciaország fővárosa Párizs. Még egy tény. Tudtad? Olaszország fővárosa Róma.

Még egy tény. Jó tudni: USA fővárosa Washington D.C.. Ennyi erről. Biztos: Portugália fővárosa Lisszabon. Ez is számít. Tudtad? Svédország fővárosa Stockholm. Tovább.

Röviden: Brazília fővárosa Brazíliaváros. Még egy tény. Tudtad? Franciaország fővárosa Párizs. Tovább. Jegyezd meg: Egyiptom fővárosa Kairó. Folytatjuk. Tény: Hollandia fővárosa Amszterdam.

Ez is számít. Tény: India fővárosa Újdelhi. Még egy tény. Ausztrália fővárosa Canberra.

A szöveg vége. Szép munka."
24,A világ fővárosai – 24. rész,"Ez a szöveg fontos tényeket mutat be. Olvasd nyugodtan.

Biztos: Spanyolország fővárosa Madrid. Még egy tény. Jegyezd meg: Kanada fővárosa Ottawa. A következő pontra. Tény: Mexikó fővárosa Mexikóváros. Folytatjuk. Jegyezd meg: India fővárosa Újdelhi.

Még egy tény. Tény: Hollandia fővárosa Amszterdam. Ennyi erről. Röviden: Norvégia fővárosa Oslo. Folytatjuk. Tudtad? Spanyolország fővárosa Madrid. Még egy tény.

Biztos: Ausztrália fővárosa Canberra. Még egy tény. Jó tudni: Svédország fővárosa Stockholm. Ennyi erről. Hollandia fővárosa Amszterdam. A következő pontra. Biztos: Belgium fővárosa Brüsszel.

Tovább. Röviden: Csehország fővárosa Prága. Ez is számít. Röviden: Dánia fővárosa Koppenhága.

Vége ennek az áttekintésnek."
25,A világ fővárosai – 25. rész,"Alább ellenőrzött tudást találsz.

Ausztria fővárosa Bécs. Folytatjuk. Tény: Németország fővárosa Berlin. Folytatjuk. Jegyezd meg: Franciaország fővárosa Párizs. Ez is számít. Tény: Finnország fővárosa Helsinki.

Ennyi erről. Biztos: India fővárosa Újdelhi. Ez is számít. Biztos: USA fővárosa Washington D.C.. Ez is számít. Röviden: Svájc fővárosa Bern. Még egy tény.

Jegyezd meg: Belgium fővárosa Brüsszel. A következő pontra. Jegyezd meg: Csehország fővárosa Prága. Még egy tény. Tény: Kanada fővárosa Ottawa. Folytatjuk. Jó tudni: Olaszország fővárosa Róma.

A következő pontra. Tudtad? Ausztrália fővárosa Canberra. Folytatjuk. Tény: USA fővárosa Washington D.C..

Ez volt a lényeg."
26,A világ fővárosai – 26. rész,"Ez a szöveg lépésről lépésre magyaráz.

Biztos: Egyiptom fővárosa Kairó. Ez is számít. Tény: Írország fővárosa Dublin. A következő pontra. Röviden: Törökország fővárosa Ankara. Ez is számít. Tény: Kína fővárosa Peking.

A következő pontra. Tény: Argentína fővárosa Buenos Aires. Tovább. Röviden: India fővárosa Újdelhi. Még egy tény. Jegyezd meg: Olaszország fővárosa Róma. Tovább.

Jegyezd meg: Argentína fővárosa Buenos Aires. Még egy tény. Tény: Görögország fővárosa Athén. Folytatjuk. Jó tudni: Belgium fővárosa Brüsszel. Ennyi erről. Tudtad? Norvégia fővárosa Oslo.

Még egy tény. Hollandia fővárosa Amszterdam. Ennyi erről. Röviden: Csehország fővárosa Prága.

Vége ennek az áttekintésnek."
27,A világ fővárosai – 27. rész,"Ez a szöveg lépésről lépésre magyaráz.

Tény: Csehország fővárosa Prága. A következő pontra. Tudtad? Írország fővárosa Dublin. A következő pontra. Svédország fővárosa Stockholm. Ennyi erről. Tudtad? Görögország fővárosa Athén.

Ez is számít. Tény: Egyiptom fővárosa Kairó. Ennyi erről. Jegyezd meg: Írország fővárosa Dublin. Tovább. Tudtad? Spanyolország fővárosa Madrid. Ez is számít.

Franciaország fővárosa Párizs. A következő pontra. Tudtad? Lengyelország fővárosa Varsó. Folytatjuk. Röviden: Kína fővárosa Peking. Ennyi erről. Jó tudni: Spanyolország fővárosa Madrid.

Ennyi erről. Jegyezd meg: Csehország fővárosa Prága. A következő pontra. Törökország fővárosa Ankara.

Most már ismered a tényeket."
28,A világ fővárosai – 28. rész,"Itt rendezett tudást tanulsz. Ne siess.

Jegyezd meg: Norvégia fővárosa Oslo. Tovább. Tudtad? Franciaország fővárosa Párizs. Ennyi erről. Jó tudni: Norvégia fővárosa Oslo. A következő pontra. Németország fővárosa Berlin.

Folytatjuk. Biztos: Olaszország fővárosa Róma. Tovább. Jó tudni: Japán fővárosa Tokió. Tovább. Franciaország fővárosa Párizs. Még egy tény.

Tény: Belgium fővárosa Brüsszel. Ennyi erről. Jó tudni: Törökország fővárosa Ankara. A következő pontra. Jó tudni: USA fővárosa Washington D.C.. Ennyi erről. Röviden: Törökország fővárosa Ankara.

Folytatjuk. Röviden: Spanyolország fővárosa Madrid. Tovább. Biztos: Portugália fővárosa Lisszabon.

Vége ennek az áttekintésnek."
29,A világ fővárosai – 29. rész,"Alább ellenőrzött tudást találsz.

Röviden: Japán fővárosa Tokió. Tovább. Röviden: USA fővárosa Washington D.C.. A következő pontra. Tudtad? Olaszország fővárosa Róma. Még egy tény. Tudtad? Kanada fővárosa Ottawa.

Ennyi erről. Jó tudni: Ausztria fővárosa Bécs. Folytatjuk. Jó tudni: Mexikó fővárosa Mexikóváros. Folytatjuk. USA fővárosa Washington D.C.. Folytatjuk.

Mexikó fővárosa Mexikóváros. Ennyi erről. Ausztria fővárosa Bécs. Még egy tény. Biztos: Egyesült Királyság fővárosa London. Tovább. Tény: Spanyolország fővárosa Madrid.

Folytatjuk. Röviden: Írország fővárosa Dublin. Ennyi erről. Jegyezd meg: Belgium fővárosa Brüsszel.

Vége ennek az áttekintésnek."
30,A világ fővárosai – 30. rész,"Ez a szöveg lépésről lépésre magyaráz.

Svájc fővárosa Bern. A következő pontra. Tudtad? Hollandia fővárosa Amszterdam. Ez is számít. Biztos: Franciaország fővárosa Párizs. A következő pontra. Tudtad? Magyarország fővárosa Budapest.

Folytatjuk. Röviden: Mexikó fővárosa Mexikóváros. Folytatjuk. Csehország fővárosa Prága. A következő pontra. Mexikó fővárosa Mexikóváros. Tovább.

Tény: Japán fővárosa Tokió. Folytatjuk. Tudtad? Argentína fővárosa Buenos Aires. Tovább. Jegyezd meg: Magyarország fővárosa Budapest. Folytatjuk. Tény: Németország fővárosa Berlin.

A következő pontra. Biztos: Svédország fővárosa Stockholm. Még egy tény. Tény: Finnország fővárosa Helsinki.

Most már ismered a tényeket."
31,A világ fővárosai – 31. rész,"Itt rendezett tudást tanulsz. Ne siess.

Jegyezd meg: Finnország fővárosa Helsinki. Ennyi erről. Biztos: Lengyelország fővárosa Varsó. A következő pontra. Portugália fővárosa Lisszabon. A következő pontra. Tudtad? Törökország fővárosa Ankara.

Még egy tény. Jegyezd meg: Egyiptom fővárosa Kairó. A következő pontra. Biztos: Egyesült Királyság fővárosa London. Ennyi erről. Jó tudni: Belgium fővárosa Brüsszel. Tovább.

Tény: Finnország fővárosa Helsinki. Ennyi erről. Biztos: Spanyolország fővárosa Madrid. Még egy tény. Jó tudni: Ausztria fővárosa Bécs. Még egy tény. Tény: Spanyolország fővárosa Madrid.

A következő pontra. Röviden: Görögország fővárosa Athén. Folytatjuk. Tudtad? Mexikó fővárosa Mexikóváros.

A szöveg vége. Szép munka."
32,A világ fővárosai – 32. rész,"Itt rendezett tudást tanulsz. Ne siess.

Spanyolország fővárosa Madrid. Tovább. Jó tudni: Argentína fővárosa Buenos Aires. Folytatjuk. Röviden: Kína fővárosa Peking. Tovább. Jó tudni: Ausztrália fővárosa Canberra.

A következő pontra. Jó tudni: Portugália fővárosa Lisszabon. Folytatjuk. Jó tudni: Dánia fővárosa Koppenhága. Tovább. Magyarország fővárosa Budapest. Ez is számít.

Röviden: Svájc fővárosa Bern. Ez is számít. Röviden: Belgium fővárosa Brüsszel. Folytatjuk. Jegyezd meg: Kína fővárosa Peking. Még egy tény. Tény: Lengyelország fővárosa Varsó.

Még egy tény. Tény: Hollandia fővárosa Amszterdam. Még egy tény. Japán fővárosa Tokió.

Most már ismered a tényeket."
33,A világ fővárosai – 33. rész,"Itt rendezett tudást tanulsz. Ne siess.

Tény: Spanyolország fővárosa Madrid. Tovább. Jegyezd meg: Spanyolország fővárosa Madrid. Folytatjuk. Tény: Portugália fővárosa Lisszabon. Folytatjuk. Tudtad? Egyesült Királyság fővárosa London.

Még egy tény. Jegyezd meg: Csehország fővárosa Prága. Tovább. Jegyezd meg: Belgium fővárosa Brüsszel. A következő pontra. Jó tudni: Spanyolország fővárosa Madrid. Folytatjuk.

Jegyezd meg: Japán fővárosa Tokió. Még egy tény. Biztos: Németország fővárosa Berlin. A következő pontra. Tény: Svájc fővárosa Bern. A következő pontra. Röviden: Belgium fővárosa Brüsszel.

Még egy tény. Biztos: Norvégia fővárosa Oslo. Folytatjuk. Jegyezd meg: Portugália fővárosa Lisszabon.

A szöveg vége. Szép munka."
34,A világ fővárosai – 34. rész,"Itt rendezett tudást tanulsz. Ne siess.

Biztos: Belgium fővárosa Brüsszel. Ennyi erről. Röviden: Svájc fővárosa Bern. Folytatjuk. Röviden: Ausztria fővárosa Bécs. Tovább. Tudtad? Olaszország fővárosa Róma.

Ez is számít. Tény: Dánia fővárosa Koppenhága. Ez is számít. Jegyezd meg: Dánia fővárosa Koppenhága. Még egy tény. Tény: Norvégia fővárosa Oslo. Ez is számít.

Jó tudni: Ausztrália fővárosa Canberra. Ez is számít. Csehország fővárosa Prága. Tovább. Tény: Finnország fővárosa Helsinki. Ennyi erről. Tudtad? Mexikó fővárosa Mexikóváros.

Még egy tény. Tudtad? Argentína fővárosa Buenos Aires. A következő pontra. Biztos: Törökország fővárosa Ankara.

Vége ennek az áttekintésnek."
35,A világ fővárosai – 35. rész,"Alább ellenőrzött tudást találsz.

Tudtad? Finnország fővárosa Helsinki. A következő pontra. Tudtad? Kanada fővárosa Ottawa. Még egy tény. Jegyezd meg: Argentína fővárosa Buenos Aires. Folytatjuk. Tudtad? Mexikó fővárosa Mexikóváros.

Még egy tény. Jegyezd meg: Japán fővárosa Tokió. Ennyi erről. Biztos: Egyesült Királyság fővárosa London. Ennyi erről. Tudtad? USA fővárosa Washington D.C.. Még egy tény.

Jó tudni: Egyesült Királyság fővárosa London. Ez is számít. Belgium fővárosa Brüsszel. Ennyi erről. Tény: Spanyolország fővárosa Madrid. Tovább. Tény: Csehország fővárosa Prága.

Ez is számít. Röviden: Svájc fővárosa Bern. Folytatjuk. Röviden: Belgium fővárosa Brüsszel.

Vége ennek az áttekintésnek."
36,A világ fővárosai – 36. rész,"Ez a szöveg fontos tényeket mutat be. Olvasd nyugodtan.

USA fővárosa Washington D.C.. Tovább. Jó tudni: India fővárosa Újdelhi. A következő pontra. Jó tudni: USA fővárosa Washington D.C.. Tovább. Ausztrália fővárosa Canberra.

Még egy tény. Ausztria fővárosa Bécs. Tovább. Tény: Mexikó fővárosa Mexikóváros. Tovább. Tudtad? India fővárosa Újdelhi. Ennyi erről.

Tudtad? Brazília fővárosa Brazíliaváros. A következő pontra. Jegyezd meg: Egyesült Királyság fővárosa London. Ennyi erről. Jegyezd meg: Ausztria fővárosa Bécs. Folytatjuk. Tudtad? Magyarország fővárosa Budapest.

Tovább. Franciaország fővárosa Párizs. Még egy tény. Röviden: Lengyelország fővárosa Varsó.

Vége ennek az áttekintésnek."
37,A világ fővárosai – 37. rész,"Ez a szöveg fontos tényeket mutat be. Olvasd nyugodtan.

Tény: Lengyelország fővárosa Varsó. Ez is számít. Jó tudni: Hollandia fővárosa Amszterdam. Még egy tény. Röviden: Argentína fővárosa Buenos Aires. Folytatjuk. Tudtad? Dánia fővárosa Koppenhága.

Tovább. Biztos: Spanyolország fővárosa Madrid. Ennyi erről. Röviden: Norvégia fővárosa Oslo. Tovább. Tény: Franciaország fővárosa Párizs. Még egy tény.

Biztos: Kanada fővárosa Ottawa. Ennyi erről. Röviden: Törökország fővárosa Ankara. Ennyi erről. Tudtad? Németország fővárosa Berlin. A következő pontra. Tény: USA fővárosa Washington D.C..

A következő pontra. Görögország fővárosa Athén. Ennyi erről. Tudtad? Hollandia fővárosa Amszterdam.

Most már ismered a tényeket."
38,A világ fővárosai – 38. rész,"Ez a szöveg lépésről lépésre magyaráz.

Írország fővárosa Dublin. Ennyi erről. Tény: Norvégia fővárosa Oslo. Tovább. Jó tudni: Olaszország fővárosa Róma. Ennyi erről. Jegyezd meg: Egyiptom fővárosa Kairó.

Folytatjuk. Röviden: Brazília fővárosa Brazíliaváros. Még egy tény. Tudtad? Norvégia fővárosa Oslo. Folytatjuk. Röviden: Dánia fővárosa Koppenhága. A következő pontra.

Tény: Portugália fővárosa Lisszabon. A következő pontra. Röviden: Írország fővárosa Dublin. Tovább. Jó tudni: Németország fővárosa Berlin. Ennyi erről. Tudtad? Kanada fővárosa Ottawa.

Még egy tény. Biztos: Dánia fővárosa Koppenhága. Tovább. Röviden: Ausztrália fővárosa Canberra.

Ez volt a lényeg."
39,A világ fővárosai – 39. rész,"Itt rendezett tudást tanulsz. Ne siess.

Jegyezd meg: Görögország fővárosa Athén. Tovább. Röviden: Kína fővárosa Peking. Folytatjuk. Jó tudni: Japán fővárosa Tokió. Ez is számít. Röviden: Lengyelország fővárosa Varsó.

Tovább. Jegyezd meg: Franciaország fővárosa Párizs. Tovább. Röviden: Csehország fővárosa Prága. Ez is számít. Tény: Argentína fővárosa Buenos Aires. A következő pontra.

Finnország fővárosa Helsinki. Még egy tény. India fővárosa Újdelhi. Még egy tény. Tudtad? Argentína fővárosa Buenos Aires. Még egy tény. Jó tudni: Csehország fővárosa Prága.

Még egy tény. Biztos: Mexikó fővárosa Mexikóváros. Tovább. Biztos: Egyesült Királyság fővárosa London.

Vége ennek az áttekintésnek."
40,A világ fővárosai – 40. rész,"Ez a szöveg fontos tényeket mutat be. Olvasd nyugodtan.

Tény: Ausztrália fővárosa Canberra. Ez is számít. Jó tudni: Németország fővárosa Berlin. Ez is számít. Jó tudni: USA fővárosa Washington D.C.. Még egy tény. Tény: Egyiptom fővárosa Kairó.

A következő pontra. Tudtad? Írország fővárosa Dublin. Még egy tény. Jó tudni: India fővárosa Újdelhi. Folytatjuk. Röviden: Argentína fővárosa Buenos Aires. Ez is számít.

Tudtad? Magyarország fővárosa Budapest. A következő pontra. Tudtad? Csehország fővárosa Prága. Ez is számít. Röviden: India fővárosa Újdelhi. Tovább. Hollandia fővárosa Amszterdam.

Ez is számít. Tudtad? Törökország fővárosa Ankara. Folytatjuk. Tény: Franciaország fővárosa Párizs.

Most már ismered a tényeket."
41,A világ fővárosai – 41. rész,"Ez a szöveg fontos tényeket mutat be. Olvasd nyugodtan.

Tudtad? Németország fővárosa Berlin. A következő pontra. Tény: Norvégia fővárosa Oslo. Tovább. Biztos: Olaszország fővárosa Róma. A következő pontra. Jegyezd meg: Magyarország fővárosa Budapest.

Folytatjuk. Biztos: Japán fővárosa Tokió. Még egy tény. Röviden: Írország fővárosa Dublin. Tovább. Tudtad? Kanada fővárosa Ottawa. Még egy tény.

Tudtad? Dánia fővárosa Koppenhága. Ennyi erről. Tény: Németország fővárosa Berlin. Még egy tény. Jó tudni: Ausztria fővárosa Bécs. A következő pontra. Jegyezd meg: Törökország fővárosa Ankara.

Tovább. Jó tudni: Svédország fővárosa Stockholm. Ennyi erről. Jegyezd meg: Svájc fővárosa Bern.

Ez volt a lényeg."
42,A világ fővárosai – 42. rész,"Itt rendezett tudást tanulsz. Ne siess.

Tudtad? Svédország fővárosa Stockholm. Még egy tény. Tény: Finnország fővárosa Helsinki. Tovább. Jó tudni: Mexikó fővárosa Mexikóváros. Tovább. Biztos: Spanyolország fővárosa Madrid.

Ez is számít. Tény: Magyarország fővárosa Budapest. A következő pontra. Argentína fővárosa Buenos Aires. Ennyi erről. Tudtad? Ausztrália fővárosa Canberra. A következő pontra.

Tudtad? Spanyolország fővárosa Madrid. Tovább. Jegyezd meg: Mexikó fővárosa Mexikóváros. Ennyi erről. Jó tudni: Norvégia fővárosa Oslo. A következő pontra. Tény: Ausztrália fővárosa Canberra.

Folytatjuk. Tudtad? Belgium fővárosa Brüsszel. A következő pontra. Jó tudni: Németország fővárosa Berlin.

Most már ismered a tényeket."
43,A világ fővárosai – 43. rész,"Itt rendezett tudást tanulsz. Ne siess.

Tény: Németország fővárosa Berlin. Még egy tény. Biztos: Dánia fővárosa Koppenhága. A következő pontra. Röviden: Törökország fővárosa Ankara. Ez is számít. Tény: Argentína fővárosa Buenos Aires.

Tovább. Röviden: Lengyelország fővárosa Varsó. Tovább. Jó tudni: Ausztrália fővárosa Canberra. Ennyi erről. Jó tudni: Japán fővárosa Tokió. Tovább.

Jegyezd meg: Svédország fővárosa Stockholm. Tovább. Biztos: Lengyelország fővárosa Varsó. Ennyi erről. Jegyezd meg: Németország fővárosa Berlin. Tovább. Jó tudni: Olaszország fővárosa Róma.

Folytatjuk. Röviden: Kanada fővárosa Ottawa. Ennyi erről. Egyiptom fővárosa Kairó.

Ez volt a lényeg."
44,A világ fővárosai – 44. rész,"Alább ellenőrzött tudást találsz.

Jó tudni: Svédország fővárosa Stockholm. Ez is számít. Biztos: Franciaország fővárosa Párizs. Ez is számít. Tudtad? Írország fővárosa Dublin. Tovább. Jegyezd meg: USA fővárosa Washington D.C..

Tovább. India fővárosa Újdelhi. Ez is számít. Tény: Franciaország fővárosa Párizs. Még egy tény. Biztos: Görögország fővárosa Athén. Még egy tény.

Tény: USA fővárosa Washington D.C.. Még egy tény. Biztos: Japán fővárosa Tokió. Folytatjuk. Svájc fővárosa Bern. Tovább. Írország fővárosa Dublin.

Tovább. Görögország fővárosa Athén. Folytatjuk. Biztos: Magyarország fővárosa Budapest.

A szöveg vége. Szép munka."
45,A világ fővárosai – 45. rész,"Ez a szöveg fontos tényeket mutat be. Olvasd nyugodtan.

Tény: Japán fővárosa Tokió. A következő pontra. Olaszország fővárosa Róma. Tovább. Egyiptom fővárosa Kairó. Ennyi erről. Röviden: Svédország fővárosa Stockholm.

Tovább. Svájc fővárosa Bern. A következő pontra. Tudtad? Dánia fővárosa Koppenhága. Még egy tény. Jó tudni: Egyesült Királyság fővárosa London. Ez is számít.

Biztos: Kanada fővárosa Ottawa. Tovább. Jegyezd meg: Csehország fővárosa Prága. Ennyi erről. Tény: Svédország fővárosa Stockholm. Folytatjuk. Ausztria fővárosa Bécs.

Még egy tény. Röviden: India fővárosa Újdelhi. Tovább. Röviden: Ausztrália fővárosa Canberra.

Ez volt a lényeg."
46,A világ fővárosai – 46. rész,"Ez a szöveg fontos tényeket mutat be. Olvasd nyugodtan.

Jó tudni: Írország fővárosa Dublin. Folytatjuk. Jó tudni: Argentína fővárosa Buenos Aires. A következő pontra. Tény: Dánia fővárosa Koppenhága. A következő pontra. Jegyezd meg: Norvégia fővárosa Oslo.

Ennyi erről. Tudtad? Japán fővárosa Tokió. Ennyi erről. Tudtad? Argentína fővárosa Buenos Aires. Még egy tény. Röviden: Franciaország fővárosa Párizs. Ez is számít.

Röviden: Brazília fővárosa Brazíliaváros. Még egy tény. USA fővárosa Washington D.C.. A következő pontra. Ausztrália fővárosa Canberra. Még egy tény. Egyiptom fővárosa Kairó.

Tovább. Írország fővárosa Dublin. Ez is számít. Röviden: Kanada fővárosa Ottawa.

Vége ennek az áttekintésnek."
47,A világ fővárosai – 47. rész,"Ez a szöveg fontos tényeket mutat be. Olvasd nyugodtan.

Tény: Görögország fővárosa Athén. Ennyi erről. Röviden: India fővárosa Újdelhi. Még egy tény. Egyiptom fővárosa Kairó. Tovább. Jegyezd meg: Egyesült Királyság fővárosa London.

Tovább. Spanyolország fővárosa Madrid. Tovább. Biztos: Mexikó fővárosa Mexikóváros. Ennyi erről. Tény: Portugália fővárosa Lisszabon. Ennyi erről.

Tény: Dánia fővárosa Koppenhága. Folytatjuk. Jegyezd meg: Ausztrália fővárosa Canberra. Ennyi erről. Tény: Ausztrália fővárosa Canberra. Még egy tény. Tény: Japán fővárosa Tokió.

A következő pontra. Jegyezd meg: Németország fővárosa Berlin. Tovább. Jegyezd meg: USA fővárosa Washington D.C..

Most már ismered a tényeket."
48,A világ fővárosai – 48. rész,"Itt rendezett tudást tanulsz. Ne siess.

Jegyezd meg: Hollandia fővárosa Amszterdam. Tovább. Tény: Törökország fővárosa Ankara. A következő pontra. Biztos: India fővárosa Újdelhi. Ennyi erről. Tudtad? Dánia fővárosa Koppenhága.

Ennyi erről. Jegyezd meg: Belgium fővárosa Brüsszel. Még egy tény. Jegyezd meg: India fővárosa Újdelhi. Folytatjuk. Ausztrália fővárosa Canberra. Folytatjuk.

Tény: Portugália fővárosa Lisszabon. Ez is számít. Jegyezd meg: Görögország fővárosa Athén. A következő pontra. Röviden: Törökország fővárosa Ankara. Ennyi erről. Jó tudni: Kína fővárosa Peking.

Még egy tény. Jegyezd meg: Törökország fővárosa Ankara. Folytatjuk. Röviden: Brazília fővárosa Brazíliaváros.

Vége ennek az áttekintésnek."
49,A világ fővárosai – 49. rész,"Itt rendezett tudást tanulsz. Ne siess.

Röviden: Görögország fővárosa Athén. Tovább. Görögország fővárosa Athén. Ez is számít. Jegyezd meg: Görögország fővárosa Athén. A következő pontra. Norvégia fővárosa Oslo.

Ez is számít. Argentína fővárosa Buenos Aires. Folytatjuk. Röviden: Lengyelország fővárosa Varsó. Még egy tény. Röviden: Japán fővárosa Tokió. Folytatjuk.

Jegyezd meg: Finnország fővárosa Helsinki. Még egy tény. Jó tudni: Mexikó fővárosa Mexikóváros. Folytatjuk. Tény: Mexikó fővárosa Mexikóváros. Még egy tény. Jó tudni: India fővárosa Újdelhi.

Ennyi erről. Röviden: Törökország fővárosa Ankara. A következő pontra. Jegyezd meg: Svédország fővárosa Stockholm.

A szöveg vége. Szép munka."
50,A világ fővárosai – 50. rész,"Ez a szöveg fontos tényeket mutat be. Olvasd nyugodtan.

Biztos: Belgium fővárosa Brüsszel. Ennyi erről. Tudtad? Ausztria fővárosa Bécs. Tovább. Tény: Brazília fővárosa Brazíliaváros. A következő pontra. Tudtad? Csehország fővárosa Prága.

Ez is számít. Biztos: Finnország fővárosa Helsinki. Még egy tény. Jó tudni: Lengyelország fővárosa Varsó. Folytatjuk. Tudtad? Olaszország fővárosa Róma. Tovább.

Biztos: Lengyelország fővárosa Varsó. Még egy tény. Olaszország fővárosa Róma. A következő pontra. Jegyezd meg: Kína fővárosa Peking. Ennyi erről. Jegyezd meg: Finnország fővárosa Helsinki.

Ennyi erről. Jegyezd meg: Dánia fővárosa Koppenhága. Folytatjuk. Belgium fővárosa Brüsszel.

A szöveg vége. Szép munka."
51,A világ fővárosai – 51. rész,"Ez a szöveg lépésről lépésre magyaráz.

Tudtad? Olaszország fővárosa Róma. Tovább. Jegyezd meg: Csehország fővárosa Prága. Tovább. Jó tudni: Írország fővárosa Dublin. Ennyi erről. Jegyezd meg: Finnország fővárosa Helsinki.

Tovább. Jó tudni: Görögország fővárosa Athén. Ennyi erről. Tény: Spanyolország fővárosa Madrid. Ez is számít. Röviden: Írország fővárosa Dublin. A következő pontra.

Tudtad? Finnország fővárosa Helsinki. Folytatjuk. Jó tudni: Portugália fővárosa Lisszabon. Folytatjuk. Tudtad? Törökország fővárosa Ankara. Még egy tény. Egyiptom fővárosa Kairó.

Ennyi erről. Tudtad? Egyesült Királyság fővárosa London. Folytatjuk. Jegyezd meg: Hollandia fővárosa Amszterdam.

A szöveg vége. Szép munka."
52,A világ fővárosai – 52. rész,"Itt rendezett tudást tanulsz. Ne siess.

Jegyezd meg: Egyesült Királyság fővárosa London. Folytatjuk. Tény: Csehország fővárosa Prága. Ennyi erről. Jó tudni: Dánia fővárosa Koppenhága. Ez is számít. Jegyezd meg: Brazília fővárosa Brazíliaváros.

Még egy tény. Portugália fővárosa Lisszabon. Folytatjuk. Tudtad? Svédország fővárosa Stockholm. A következő pontra. Jó tudni: Egyiptom fővárosa Kairó. A következő pontra.

Írország fővárosa Dublin. Még egy tény. Biztos: USA fővárosa Washington D.C.. Ez is számít. Röviden: USA fővárosa Washington D.C.. Ez is számít. Tény: Portugália fővárosa Lisszabon.

Tovább. Tény: Spanyolország fővárosa Madrid. Még egy tény. Röviden: Magyarország fővárosa Budapest.

Ez volt a lényeg."
53,A világ fővárosai – 53. rész,"Ez a szöveg lépésről lépésre magyaráz.

Biztos: Dánia fővárosa Koppenhága. Még egy tény. Biztos: Svédország fővárosa Stockholm. A következő pontra. Argentína fővárosa Buenos Aires. Folytatjuk. Biztos: Görögország fővárosa Athén.

A következő pontra. Röviden: Ausztrália fővárosa Canberra. Ennyi erről. Jegyezd meg: Hollandia fővárosa Amszterdam. Ennyi erről. Jegyezd meg: Kanada fővárosa Ottawa. Ennyi erről.

Olaszország fővárosa Róma. Még egy tény. Biztos: Kanada fővárosa Ottawa. A következő pontra. Jegyezd meg: Törökország fővárosa Ankara. Tovább. Jó tudni: Dánia fővárosa Koppenhága.

Még egy tény. Lengyelország fővárosa Varsó. A következő pontra. Biztos: Brazília fővárosa Brazíliaváros.

Most már ismered a tényeket."
54,A világ fővárosai – 54. rész,"Alább ellenőrzött tudást találsz.

Finnország fővárosa Helsinki. Ez is számít. Tény: Görögország fővárosa Athén. Tovább. Biztos: Svédország fővárosa Stockholm. A következő pontra. Tény: Olaszország fővárosa Róma.

Ez is számít. Röviden: Magyarország fővárosa Budapest. A következő pontra. Jó tudni: Svédország fővárosa Stockholm. Ennyi erről. Biztos: Argentína fővárosa Buenos Aires. A következő pontra.

Jegyezd meg: Kanada fővárosa Ottawa. Folytatjuk. Magyarország fővárosa Budapest. A következő pontra. Tudtad? Törökország fővárosa Ankara. Még egy tény. Hollandia fővárosa Amszterdam.

Tovább. Tény: Kanada fővárosa Ottawa. Ez is számít. Jegyezd meg: Ausztrália fővárosa Canberra.

Ez volt a lényeg."
55,A világ fővárosai – 55. rész,"Ez a szöveg fontos tényeket mutat be. Olvasd nyugodtan.

Jó tudni: Norvégia fővárosa Oslo. Ennyi erről. Jegyezd meg: Kína fővárosa Peking. A következő pontra. Jó tudni: Egyiptom fővárosa Kairó. Folytatjuk. Jó tudni: Olaszország fővárosa Róma.

Folytatjuk. Tény: Csehország fővárosa Prága. A következő pontra. Tudtad? Görögország fővárosa Athén. Ez is számít. Tény: India fővárosa Újdelhi. Még egy tény.

Tudtad? Mexikó fővárosa Mexikóváros. Még egy tény. Jó tudni: Belgium fővárosa Brüsszel. Tovább. Tudtad? Törökország fővárosa Ankara. Ennyi erről. Biztos: Finnország fővárosa Helsinki.

Ez is számít. Tény: Portugália fővárosa Lisszabon. Ennyi erről. Tudtad? Svédország fővárosa Stockholm.

Most már ismered a tényeket."
56,A világ fővárosai – 56. rész,"Alább ellenőrzött tudást találsz.

Jegyezd meg: Dánia fővárosa Koppenhága. Folytatjuk. Biztos: Kína fővárosa Peking. Ez is számít. Jó tudni: Norvégia fővárosa Oslo. Még egy tény. Jó tudni: Belgium fővárosa Brüsszel.

Tovább. Tudtad? Dánia fővárosa Koppenhága. A következő pontra. Jegyezd meg: Magyarország fővárosa Budapest. Ez is számít. Tudtad? India fővárosa Újdelhi. Folytatjuk.

Jegyezd meg: Norvégia fővárosa Oslo. Ennyi erről. Tudtad? Argentína fővárosa Buenos Aires. Ez is számít. Tény: Csehország fővárosa Prága. Még egy tény. Röviden: Portugália fővárosa Lisszabon.

Még egy tény. Biztos: Ausztria fővárosa Bécs. Folytatjuk. Jó tudni: Mexikó fővárosa Mexikóváros.

A szöveg vége. Szép munka."
57,A világ fővárosai – 57. rész,"Ez a szöveg fontos tényeket mutat be. Olvasd nyugodtan.

Jó tudni: Németország fővárosa Berlin. Ez is számít. Franciaország fővárosa Párizs. Tovább. Spanyolország fővárosa Madrid. A következő pontra. Tény: Olaszország fővárosa Róma.

Még egy tény. Biztos: Írország fővárosa Dublin. Folytatjuk. Röviden: Finnország fővárosa Helsinki. Ennyi erről. Tény: Írország fővárosa Dublin. Ennyi erről.

Jegyezd meg: Svédország fővárosa Stockholm. Folytatjuk. Jegyezd meg: Argentína fővárosa Buenos Aires. Ennyi erről. Tudtad? Hollandia fővárosa Amszterdam. Tovább. Röviden: Lengyelország fővárosa Varsó.

Tovább. Tény: Németország fővárosa Berlin. A következő pontra. Röviden: Görögország fővárosa Athén.

A szöveg vége. Szép munka."
58,A világ fővárosai – 58. rész,"Itt rendezett tudást tanulsz. Ne siess.

Tény: Belgium fővárosa Brüsszel. Tovább. Tény: Dánia fővárosa Koppenhága. Ennyi erről. Jegyezd meg: Portugália fővárosa Lisszabon. Ennyi erről. Biztos: Németország fővárosa Berlin.

Tovább. Jó tudni: Hollandia fővárosa Amszterdam. A következő pontra. Röviden: Németország fővárosa Berlin. Ez is számít. Magyarország fővárosa Budapest. Még egy tény.

Röviden: Brazília fővárosa Brazíliaváros. Ennyi erről. Jegyezd meg: Írország fővárosa Dublin. A következő pontra. Röviden: Magyarország fővárosa Budapest. Folytatjuk. Jegyezd meg: Ausztria fővárosa Bécs.

A következő pontra. Röviden: Finnország fővárosa Helsinki. Ez is számít. Tény: India fővárosa Újdelhi.

Most már ismered a tényeket."
59,A világ fővárosai – 59. rész,"Alább ellenőrzött tudást találsz.

Jegyezd meg: Dánia fővárosa Koppenhága. Ennyi erről. Jegyezd meg: Argentína fővárosa Buenos Aires. Folytatjuk. Tudtad? Finnország fővárosa Helsinki. Még egy tény. Tény: Spanyolország fővárosa Madrid.

A következő pontra. Röviden: Japán fővárosa Tokió. Folytatjuk. Röviden: Norvégia fővárosa Oslo. Tovább. Tény: Norvégia fővárosa Oslo. Folytatjuk.

India fővárosa Újdelhi. Tovább. Jó tudni: Olaszország fővárosa Róma. Ez is számít. Tudtad? Japán fővárosa Tokió. Ez is számít. Jegyezd meg: Németország fővárosa Berlin.

Folytatjuk. Jegyezd meg: Kína fővárosa Peking. Folytatjuk. Tény: Mexikó fővárosa Mexikóváros.

A szöveg vége. Szép munka."
60,A világ fővárosai – 60. rész,"Alább ellenőrzött tudást találsz.

Jó tudni: Svédország fővárosa Stockholm. Ennyi erről. Jegyezd meg: Svédország fővárosa Stockholm. Folytatjuk. Argentína fővárosa Buenos Aires. Folytatjuk. Jegyezd meg: Argentína fővárosa Buenos Aires.

Folytatjuk. Jegyezd meg: Finnország fővárosa Helsinki. Ennyi erről. Jegyezd meg: Törökország fővárosa Ankara. A következő pontra. Tény: Csehország fővárosa Prága. Ennyi erről.

Tudtad? Egyesült Királyság fővárosa London. Ez is számít. Jó tudni: Brazília fővárosa Brazíliaváros. A következő pontra. Jó tudni: Hollandia fővárosa Amszterdam. Még egy tény. Biztos: Norvégia fővárosa Oslo.

Még egy tény. Kanada fővárosa Ottawa. Folytatjuk. Tény: Egyiptom fővárosa Kairó.

Ez volt a lényeg."
61,"Országok, nyelvek és rekordok – 1. rész","Itt rendezett tudást tanulsz. Ne siess.

Jó tudni: A világ legnagyobb állata a kék bálna. Ez is számít. Jó tudni: Brazília fővárosa Brazíliaváros. Ez is számít. Röviden: Brazília fővárosa Brazíliaváros. A következő pontra. Tény: Kanada fővárosa Ottawa.

Ennyi erről. Tudtad? Ausztrália fővárosa Canberra. Még egy tény. Ausztrália fővárosa Canberra. A következő pontra. Területre a világ legnagyobb országa Oroszország. A következő pontra.

Tény: Törökország fővárosa Ankara. Ennyi erről. Jegyezd meg: Németországnak 16 tartománya van. Ez is számít. Biztos: Ausztrália fővárosa Canberra. Ez is számít. Tény: Általában 7 kontinenst számolunk: Afrika, Antarktisz, Ázsia, Ausztrália, Európa, Észak-Amerika, Dél-Amerika.

Ennyi erről. Biztos: Törökország fővárosa Ankara. Még egy tény. Tudtad? A világ legnagyobb állata a kék bálna.

Most már ismered a tényeket."
62,"Országok, nyelvek és rekordok – 2. rész","Alább ellenőrzött tudást találsz.

Jó tudni: Területre a világ legnagyobb országa Oroszország. Még egy tény. Biztos: Németországnak 16 tartománya van. Még egy tény. Jegyezd meg: Ausztrália fővárosa Canberra. Tovább. Kanada fővárosa Ottawa.

Ez is számít. Tudtad? A világ legnagyobb állata a kék bálna. Folytatjuk. Biztos: Vitatott: általában Nílus és Amazonas, mindkettő 6500 km felett. Folytatjuk. Jó tudni: 5 óceán van: Atlanti, Csendes, Indiai, Déli és Jeges. Ez is számít.

Tény: Brazíliában portugálul beszélnek. Ez is számít. Biztos: Brazíliában portugálul beszélnek. Ennyi erről. Jó tudni: Törökország fővárosa Ankara. Még egy tény. Tudtad? Általában 7 kontinenst számolunk: Afrika, Antarktisz, Ázsia, Ausztrália, Európa, Észak-Amerika, Dél-Amerika.

Tovább. Biztos: 5 óceán van: Atlanti, Csendes, Indiai, Déli és Jeges. Folytatjuk. Területre a világ legnagyobb országa Oroszország.

Most már ismered a tényeket."
63,"Országok, nyelvek és rekordok – 3. rész","Ez a szöveg lépésről lépésre magyaráz.

Jegyezd meg: Területre a világ legnagyobb országa Oroszország. Tovább. Jegyezd meg: Vitatott: általában Nílus és Amazonas, mindkettő 6500 km felett. Még egy tény. Vitatott: általában Nílus és Amazonas, mindkettő 6500 km felett. Folytatjuk. Biztos: A világ legnagyobb állata a kék bálna.

A következő pontra. Általában 7 kontinenst számolunk: Afrika, Antarktisz, Ázsia, Ausztrália, Európa, Észak-Amerika, Dél-Amerika. Folytatjuk. Jegyezd meg: Brazíliában portugálul beszélnek. A következő pontra. Jegyezd meg: Brazília fővárosa Brazíliaváros. Ennyi erről.

Tény: A legmagasabb hegy az Everest, kb. 8848 méter. Még egy tény. A világ legnagyobb állata a kék bálna. Ennyi erről. Röviden: Törökország fővárosa Ankara. Tovább. Jegyezd meg: Általában 7 kontinenst számolunk: Afrika, Antarktisz, Ázsia, Ausztrália, Európa, Észak-Amerika, Dél-Amerika.

A következő pontra. Tény: Ausztrália fővárosa Canberra. Ez is számít. Biztos: Brazília fővárosa Brazíliaváros.

A szöveg vége. Szép munka."
64,"Országok, nyelvek és rekordok – 4. rész","Alább ellenőrzött tudást találsz.

Röviden: Törökország fővárosa Ankara. Ez is számít. Tudtad? Brazíliában portugálul beszélnek. Még egy tény. Tény: A világ legnagyobb állata a kék bálna. Még egy tény. Biztos: Általában 7 kontinenst számolunk: Afrika, Antarktisz, Ázsia, Ausztrália, Európa, Észak-Amerika, Dél-Amerika.

Ez is számít. Röviden: Németországban kb. 83-84 millió ember él. Még egy tény. Jó tudni: Brazíliában portugálul beszélnek. Ez is számít. Jegyezd meg: Törökország fővárosa Ankara. Ez is számít.

Jegyezd meg: Brazíliában portugálul beszélnek. A következő pontra. Ausztrália fővárosa Canberra. Ennyi erről. Biztos: Németországban kb. 83-84 millió ember él. Tovább. Németországban kb. 83-84 millió ember él.

Folytatjuk. Biztos: Területre a világ legnagyobb országa Oroszország. Folytatjuk. Brazíliában portugálul beszélnek.

Ez volt a lényeg."
65,"Országok, nyelvek és rekordok – 5. rész","Ez a szöveg lépésről lépésre magyaráz.

Jegyezd meg: A legmagasabb hegy az Everest, kb. 8848 méter. Folytatjuk. Jó tudni: A legmagasabb hegy az Everest, kb. 8848 méter. Ennyi erről. Kanada fővárosa Ottawa. A következő pontra. Tény: Területre a világ legnagyobb országa Oroszország.

Tovább. Jegyezd meg: Területre a világ legnagyobb országa Oroszország. Ennyi erről. Röviden: Vitatott: általában Nílus és Amazonas, mindkettő 6500 km felett. Ennyi erről. A legmagasabb hegy az Everest, kb. 8848 méter. Folytatjuk.

Biztos: Brazília fővárosa Brazíliaváros. Tovább. Jó tudni: Törökország fővárosa Ankara. Folytatjuk. Tény: A legmagasabb hegy az Everest, kb. 8848 méter. Ennyi erről. Röviden: Brazíliában portugálul beszélnek.

Ez is számít. Röviden: Törökország fővárosa Ankara. A következő pontra. Röviden: A legmagasabb hegy az Everest, kb. 8848 méter.

Most már ismered a tényeket."
66,"Országok, nyelvek és rekordok – 6. rész","Itt rendezett tudást tanulsz. Ne siess.

Tudtad? A világ legnagyobb állata a kék bálna. Folytatjuk. Általában 7 kontinenst számolunk: Afrika, Antarktisz, Ázsia, Ausztrália, Európa, Észak-Amerika, Dél-Amerika. Tovább. Jegyezd meg: Brazília fővárosa Brazíliaváros. Ez is számít. Biztos: Ausztrália fővárosa Canberra.

Ennyi erről. Röviden: A világ legnagyobb állata a kék bálna. Ennyi erről. Biztos: Törökország fővárosa Ankara. Ez is számít. Tudtad? Brazíliában portugálul beszélnek. Ennyi erről.

Tény: Az USA pénze az amerikai dollár. Ennyi erről. Biztos: A legmagasabb hegy az Everest, kb. 8848 méter. Folytatjuk. Jegyezd meg: Németországban kb. 83-84 millió ember él. A következő pontra. Biztos: 5 óceán van: Atlanti, Csendes, Indiai, Déli és Jeges.

Még egy tény. Jó tudni: Általában 7 kontinenst számolunk: Afrika, Antarktisz, Ázsia, Ausztrália, Európa, Észak-Amerika, Dél-Amerika. Tovább. Biztos: Az USA pénze az amerikai dollár.

Vége ennek az áttekintésnek."
67,"Országok, nyelvek és rekordok – 7. rész","Alább ellenőrzött tudást találsz.

Röviden: Németországnak 16 tartománya van. Még egy tény. Tény: Általában 7 kontinenst számolunk: Afrika, Antarktisz, Ázsia, Ausztrália, Európa, Észak-Amerika, Dél-Amerika. Még egy tény. Röviden: Németországban kb. 83-84 millió ember él. Tovább. Németországban kb. 83-84 millió ember él.

Folytatjuk. Röviden: Területre a világ legnagyobb országa Oroszország. A következő pontra. Jó tudni: A legmagasabb hegy az Everest, kb. 8848 méter. Folytatjuk. Tény: Németországnak 16 tartománya van. Még egy tény.

Törökország fővárosa Ankara. Folytatjuk. Jegyezd meg: Vitatott: általában Nílus és Amazonas, mindkettő 6500 km felett. Tovább. Biztos: Németországnak 16 tartománya van. Folytatjuk. Biztos: Brazíliában portugálul beszélnek.

A következő pontra. Általában 7 kontinenst számolunk: Afrika, Antarktisz, Ázsia, Ausztrália, Európa, Észak-Amerika, Dél-Amerika. A következő pontra. Tény: A legmagasabb hegy az Everest, kb. 8848 méter.

Most már ismered a tényeket."
68,"Országok, nyelvek és rekordok – 8. rész","Itt rendezett tudást tanulsz. Ne siess.

Tudtad? Vitatott: általában Nílus és Amazonas, mindkettő 6500 km felett. Ennyi erről. Tény: Brazília fővárosa Brazíliaváros. Ennyi erről. Biztos: Japán pénze a jen. Tovább. Tény: Németországnak 16 tartománya van.

Még egy tény. Tudtad? Brazília fővárosa Brazíliaváros. Ennyi erről. Röviden: Általában 7 kontinenst számolunk: Afrika, Antarktisz, Ázsia, Ausztrália, Európa, Észak-Amerika, Dél-Amerika. Folytatjuk. Biztos: Németországban kb. 83-84 millió ember él. Még egy tény.

Jó tudni: Az USA pénze az amerikai dollár. A következő pontra. Biztos: Brazília fővárosa Brazíliaváros. Folytatjuk. Tény: Kanada fővárosa Ottawa. Tovább. Területre a világ legnagyobb országa Oroszország.

Ennyi erről. Jegyezd meg: A legmagasabb hegy az Everest, kb. 8848 méter. Tovább. Röviden: Területre a világ legnagyobb országa Oroszország.

Vége ennek az áttekintésnek."
69,"Országok, nyelvek és rekordok – 9. rész","Alább ellenőrzött tudást találsz.

Röviden: Brazíliában portugálul beszélnek. Folytatjuk. Biztos: Ausztrália fővárosa Canberra. A következő pontra. Jegyezd meg: Németországnak 16 tartománya van. Tovább. Biztos: Általában 7 kontinenst számolunk: Afrika, Antarktisz, Ázsia, Ausztrália, Európa, Észak-Amerika, Dél-Amerika.

Tovább. Jó tudni: Az USA pénze az amerikai dollár. Tovább. Jó tudni: Japán pénze a jen. A következő pontra. Biztos: Kanada fővárosa Ottawa. Még egy tény.

5 óceán van: Atlanti, Csendes, Indiai, Déli és Jeges. Folytatjuk. Tény: A legmagasabb hegy az Everest, kb. 8848 méter. Még egy tény. Jegyezd meg: Ausztrália fővárosa Canberra. Ez is számít. Tudtad? Az USA pénze az amerikai dollár.

Ez is számít. Röviden: Ausztrália fővárosa Canberra. Folytatjuk. Tudtad? Németországnak 16 tartománya van.

Most már ismered a tényeket."
70,"Országok, nyelvek és rekordok – 10. rész","Ez a szöveg fontos tényeket mutat be. Olvasd nyugodtan.

Röviden: Általában 7 kontinenst számolunk: Afrika, Antarktisz, Ázsia, Ausztrália, Európa, Észak-Amerika, Dél-Amerika. Ennyi erről. Tudtad? A világ legnagyobb állata a kék bálna. Folytatjuk. Jegyezd meg: Törökország fővárosa Ankara. Tovább. Röviden: Brazília fővárosa Brazíliaváros.

Még egy tény. Tény: Brazília fővárosa Brazíliaváros. A következő pontra. Tudtad? A legmagasabb hegy az Everest, kb. 8848 méter. Ennyi erről. Tény: 5 óceán van: Atlanti, Csendes, Indiai, Déli és Jeges. Még egy tény.

Jegyezd meg: Általában 7 kontinenst számolunk: Afrika, Antarktisz, Ázsia, Ausztrália, Európa, Észak-Amerika, Dél-Amerika. Tovább. Jó tudni: Kanada fővárosa Ottawa. A következő pontra. Biztos: Brazília fővárosa Brazíliaváros. A következő pontra. Jó tudni: A világ legnagyobb állata a kék bálna.

Ennyi erről. Jó tudni: Az USA pénze az amerikai dollár. Ennyi erről. Németországban kb. 83-84 millió ember él.

Ez volt a lényeg."
71,"Országok, nyelvek és rekordok – 11. rész","Ez a szöveg fontos tényeket mutat be. Olvasd nyugodtan.

Röviden: Általában 7 kontinenst számolunk: Afrika, Antarktisz, Ázsia, Ausztrália, Európa, Észak-Amerika, Dél-Amerika. A következő pontra. A világ legnagyobb állata a kék bálna. Tovább. Az USA pénze az amerikai dollár. Folytatjuk. Tudtad? Németországnak 16 tartománya van.

A következő pontra. Tény: Területre a világ legnagyobb országa Oroszország. A következő pontra. Röviden: Németországnak 16 tartománya van. Folytatjuk. Biztos: Japán pénze a jen. Tovább.

Tudtad? 5 óceán van: Atlanti, Csendes, Indiai, Déli és Jeges. Folytatjuk. Jegyezd meg: A legmagasabb hegy az Everest, kb. 8848 méter. Folytatjuk. 5 óceán van: Atlanti, Csendes, Indiai, Déli és Jeges. Folytatjuk. Tudtad? Az USA pénze az amerikai dollár.

Tovább. Németországnak 16 tartománya van. Ez is számít. Jegyezd meg: Brazíliában portugálul beszélnek.

Ez volt a lényeg."
72,"Országok, nyelvek és rekordok – 12. rész","Itt rendezett tudást tanulsz. Ne siess.

Tudtad? Ausztrália fővárosa Canberra. Folytatjuk. Tudtad? Brazília fővárosa Brazíliaváros. Tovább. Jegyezd meg: Általában 7 kontinenst számolunk: Afrika, Antarktisz, Ázsia, Ausztrália, Európa, Észak-Amerika, Dél-Amerika. Még egy tény. Biztos: 5 óceán van: Atlanti, Csendes, Indiai, Déli és Jeges.

A következő pontra. Tudtad? Japán pénze a jen. A következő pontra. Biztos: Kanada fővárosa Ottawa. A következő pontra. Röviden: Brazília fővárosa Brazíliaváros. Ennyi erről.

Röviden: Területre a világ legnagyobb országa Oroszország. A következő pontra. Biztos: A legmagasabb hegy az Everest, kb. 8848 méter. Tovább. Területre a világ legnagyobb országa Oroszország. A következő pontra. Biztos: Területre a világ legnagyobb országa Oroszország.

Ez is számít. Tény: Brazília fővárosa Brazíliaváros. Ez is számít. Röviden: Vitatott: általában Nílus és Amazonas, mindkettő 6500 km felett.

Vége ennek az áttekintésnek."
73,"Országok, nyelvek és rekordok – 13. rész","Ez a szöveg fontos tényeket mutat be. Olvasd nyugodtan.

Tény: Törökország fővárosa Ankara. Folytatjuk. Tény: Az USA pénze az amerikai dollár. Ez is számít. Brazília fővárosa Brazíliaváros. Ennyi erről. Biztos: 5 óceán van: Atlanti, Csendes, Indiai, Déli és Jeges.

Tovább. Tudtad? Brazíliában portugálul beszélnek. A következő pontra. Biztos: Németországban kb. 83-84 millió ember él. Még egy tény. Jó tudni: Németországban kb. 83-84 millió ember él. Ennyi erről.

Biztos: Törökország fővárosa Ankara. Folytatjuk. Jegyezd meg: Kanada fővárosa Ottawa. Folytatjuk. Jegyezd meg: Németországban kb. 83-84 millió ember él. Folytatjuk. Kanada fővárosa Ottawa.

Tovább. Biztos: A legmagasabb hegy az Everest, kb. 8848 méter. A következő pontra. Tény: 5 óceán van: Atlanti, Csendes, Indiai, Déli és Jeges.

A szöveg vége. Szép munka."
74,"Országok, nyelvek és rekordok – 14. rész","Alább ellenőrzött tudást találsz.

Tény: Németországban kb. 83-84 millió ember él. Folytatjuk. Röviden: Vitatott: általában Nílus és Amazonas, mindkettő 6500 km felett. Ez is számít. Biztos: Ausztrália fővárosa Canberra. Ez is számít. Biztos: Japán pénze a jen.

Ez is számít. Brazília fővárosa Brazíliaváros. A következő pontra. Területre a világ legnagyobb országa Oroszország. A következő pontra. Tény: A világ legnagyobb állata a kék bálna. A következő pontra.

Tény: 5 óceán van: Atlanti, Csendes, Indiai, Déli és Jeges. Tovább. Tudtad? Brazília fővárosa Brazíliaváros. Ez is számít. Jó tudni: Vitatott: általában Nílus és Amazonas, mindkettő 6500 km felett. Ez is számít. Biztos: Törökország fővárosa Ankara.

Tovább. Jó tudni: Németországnak 16 tartománya van. Ez is számít. Röviden: Kanada fővárosa Ottawa.

Most már ismered a tényeket."
75,"Országok, nyelvek és rekordok – 15. rész","Itt rendezett tudást tanulsz. Ne siess.

Jegyezd meg: Kanada fővárosa Ottawa. A következő pontra. Tény: 5 óceán van: Atlanti, Csendes, Indiai, Déli és Jeges. Folytatjuk. Jegyezd meg: Németországban kb. 83-84 millió ember él. Még egy tény. Tudtad? Vitatott: általában Nílus és Amazonas, mindkettő 6500 km felett.

A következő pontra. Jó tudni: A világ legnagyobb állata a kék bálna. A következő pontra. Biztos: A világ legnagyobb állata a kék bálna. Ez is számít. Az USA pénze az amerikai dollár. Tovább.

Jó tudni: Az USA pénze az amerikai dollár. Folytatjuk. Biztos: Németországnak 16 tartománya van. A következő pontra. Biztos: Az USA pénze az amerikai dollár. Folytatjuk. Tudtad? Kanada fővárosa Ottawa.

Ennyi erről. Jegyezd meg: Németországnak 16 tartománya van. Ennyi erről. Tény: Ausztrália fővárosa Canberra.

Most már ismered a tényeket."
76,"Országok, nyelvek és rekordok – 16. rész","Ez a szöveg fontos tényeket mutat be. Olvasd nyugodtan.

Jó tudni: Németországban kb. 83-84 millió ember él. Tovább. Röviden: Ausztrália fővárosa Canberra. Folytatjuk. Jó tudni: 5 óceán van: Atlanti, Csendes, Indiai, Déli és Jeges. Tovább. Tény: Németországban kb. 83-84 millió ember él.

Még egy tény. Tudtad? Általában 7 kontinenst számolunk: Afrika, Antarktisz, Ázsia, Ausztrália, Európa, Észak-Amerika, Dél-Amerika. Ez is számít. Tény: Az USA pénze az amerikai dollár. Ennyi erről. Biztos: Törökország fővárosa Ankara. Ennyi erről.

Tudtad? 5 óceán van: Atlanti, Csendes, Indiai, Déli és Jeges. Tovább. Biztos: A világ legnagyobb állata a kék bálna. Ennyi erről. Területre a világ legnagyobb országa Oroszország. Folytatjuk. Röviden: Japán pénze a jen.

A következő pontra. Biztos: Általában 7 kontinenst számolunk: Afrika, Antarktisz, Ázsia, Ausztrália, Európa, Észak-Amerika, Dél-Amerika. A következő pontra. Jó tudni: A világ legnagyobb állata a kék bálna.

Ez volt a lényeg."
77,"Országok, nyelvek és rekordok – 17. rész","Ez a szöveg lépésről lépésre magyaráz.

Röviden: Törökország fővárosa Ankara. Ennyi erről. 5 óceán van: Atlanti, Csendes, Indiai, Déli és Jeges. Még egy tény. Röviden: A világ legnagyobb állata a kék bálna. Tovább. Tény: Japán pénze a jen.

A következő pontra. Tény: 5 óceán van: Atlanti, Csendes, Indiai, Déli és Jeges. Ennyi erről. Tudtad? Németországnak 16 tartománya van. Ennyi erről. Tudtad? A legmagasabb hegy az Everest, kb. 8848 méter. A következő pontra.

Röviden: Kanada fővárosa Ottawa. Folytatjuk. A világ legnagyobb állata a kék bálna. Ez is számít. Röviden: Ausztrália fővárosa Canberra. Tovább. Vitatott: általában Nílus és Amazonas, mindkettő 6500 km felett.

Folytatjuk. Jegyezd meg: Általában 7 kontinenst számolunk: Afrika, Antarktisz, Ázsia, Ausztrália, Európa, Észak-Amerika, Dél-Amerika. Tovább. Biztos: Területre a világ legnagyobb országa Oroszország.

A szöveg vége. Szép munka."
78,"Országok, nyelvek és rekordok – 18. rész","Alább ellenőrzött tudást találsz.

Tény: Németországban kb. 83-84 millió ember él. A következő pontra. Tudtad? 5 óceán van: Atlanti, Csendes, Indiai, Déli és Jeges. Még egy tény. Biztos: Japán pénze a jen. Folytatjuk. Törökország fővárosa Ankara.

Tovább. Tény: Általában 7 kontinenst számolunk: Afrika, Antarktisz, Ázsia, Ausztrália, Európa, Észak-Amerika, Dél-Amerika. A következő pontra. Tény: A legmagasabb hegy az Everest, kb. 8848 méter. Ennyi erről. Brazília fővárosa Brazíliaváros. Ez is számít.

Tény: Vitatott: általában Nílus és Amazonas, mindkettő 6500 km felett. A következő pontra. Röviden: Az USA pénze az amerikai dollár. Ennyi erről. Biztos: Vitatott: általában Nílus és Amazonas, mindkettő 6500 km felett. Tovább. Tény: Az USA pénze az amerikai dollár.

Folytatjuk. Jegyezd meg: Törökország fővárosa Ankara. Folytatjuk. Röviden: Vitatott: általában Nílus és Amazonas, mindkettő 6500 km felett.

Ez volt a lényeg."
79,"Országok, nyelvek és rekordok – 19. rész","Alább ellenőrzött tudást találsz.

Röviden: A világ legnagyobb állata a kék bálna. Folytatjuk. Tudtad? Kanada fővárosa Ottawa. A következő pontra. Jó tudni: Németországban kb. 83-84 millió ember él. Ez is számít. Jó tudni: Általában 7 kontinenst számolunk: Afrika, Antarktisz, Ázsia, Ausztrália, Európa, Észak-Amerika, Dél-Amerika.

Tovább. Biztos: Ausztrália fővárosa Canberra. Még egy tény. Tény: A legmagasabb hegy az Everest, kb. 8848 méter. Tovább. Röviden: Németországnak 16 tartománya van. Folytatjuk.

Tudtad? A legmagasabb hegy az Everest, kb. 8848 méter. Ennyi erről. Jó tudni: Japán pénze a jen. Ez is számít. Jó tudni: A legmagasabb hegy az Everest, kb. 8848 méter. Folytatjuk. Tudtad? 5 óceán van: Atlanti, Csendes, Indiai, Déli és Jeges.

Ez is számít. Jegyezd meg: Törökország fővárosa Ankara. Ennyi erről. Röviden: Vitatott: általában Nílus és Amazonas, mindkettő 6500 km felett.

Ez volt a lényeg."
80,"Országok, nyelvek és rekordok – 20. rész","Itt rendezett tudást tanulsz. Ne siess.

A világ legnagyobb állata a kék bálna. Ez is számít. Tény: Területre a világ legnagyobb országa Oroszország. Folytatjuk. Röviden: Területre a világ legnagyobb országa Oroszország. Még egy tény. Ausztrália fővárosa Canberra.

Ez is számít. Jegyezd meg: 5 óceán van: Atlanti, Csendes, Indiai, Déli és Jeges. Ez is számít. Röviden: Japán pénze a jen. Ez is számít. Németországnak 16 tartománya van. Még egy tény.

Jó tudni: Kanada fővárosa Ottawa. Ez is számít. Tudtad? Japán pénze a jen. Még egy tény. Tudtad? Németországban kb. 83-84 millió ember él. Ennyi erről. Tudtad? 5 óceán van: Atlanti, Csendes, Indiai, Déli és Jeges.

Még egy tény. Biztos: Vitatott: általában Nílus és Amazonas, mindkettő 6500 km felett. Tovább. Röviden: Brazília fővárosa Brazíliaváros.

Ez volt a lényeg."
81,"Országok, nyelvek és rekordok – 21. rész","Alább ellenőrzött tudást találsz.

Biztos: Törökország fővárosa Ankara. Ez is számít. Tudtad? Németországnak 16 tartománya van. Még egy tény. Vitatott: általában Nílus és Amazonas, mindkettő 6500 km felett. Még egy tény. Röviden: A legmagasabb hegy az Everest, kb. 8848 méter.

Még egy tény. Biztos: Németországban kb. 83-84 millió ember él. Ennyi erről. Németországban kb. 83-84 millió ember él. A következő pontra. Biztos: 5 óceán van: Atlanti, Csendes, Indiai, Déli és Jeges. Még egy tény.

Röviden: Az USA pénze az amerikai dollár. Ennyi erről. Röviden: A világ legnagyobb állata a kék bálna. Folytatjuk. Jegyezd meg: Törökország fővárosa Ankara. Ez is számít. Jó tudni: Brazíliában portugálul beszélnek.

Még egy tény. Tudtad? A világ legnagyobb állata a kék bálna. Ez is számít. Biztos: Brazília fővárosa Brazíliaváros.

Ez volt a lényeg."
82,"Országok, nyelvek és rekordok – 22. rész","Ez a szöveg lépésről lépésre magyaráz.

Biztos: Ausztrália fővárosa Canberra. A következő pontra. Tény: Vitatott: általában Nílus és Amazonas, mindkettő 6500 km felett. Tovább. Tény: Brazíliában portugálul beszélnek. Ennyi erről. Jó tudni: Németországban kb. 83-84 millió ember él.

Folytatjuk. Jó tudni: Az USA pénze az amerikai dollár. A következő pontra. Jó tudni: Brazília fővárosa Brazíliaváros. Ez is számít. Jegyezd meg: Vitatott: általában Nílus és Amazonas, mindkettő 6500 km felett. Még egy tény.

Biztos: Brazília fővárosa Brazíliaváros. Folytatjuk. Röviden: A legmagasabb hegy az Everest, kb. 8848 méter. A következő pontra. Jó tudni: Kanada fővárosa Ottawa. Folytatjuk. Röviden: A világ legnagyobb állata a kék bálna.

A következő pontra. Röviden: Vitatott: általában Nílus és Amazonas, mindkettő 6500 km felett. A következő pontra. Tudtad? A legmagasabb hegy az Everest, kb. 8848 méter.

Ez volt a lényeg."
83,"Országok, nyelvek és rekordok – 23. rész","Itt rendezett tudást tanulsz. Ne siess.

Röviden: Területre a világ legnagyobb országa Oroszország. Ennyi erről. Biztos: Kanada fővárosa Ottawa. Még egy tény. Jegyezd meg: Általában 7 kontinenst számolunk: Afrika, Antarktisz, Ázsia, Ausztrália, Európa, Észak-Amerika, Dél-Amerika. Ennyi erről. Biztos: Általában 7 kontinenst számolunk: Afrika, Antarktisz, Ázsia, Ausztrália, Európa, Észak-Amerika, Dél-Amerika.

Tovább. Röviden: Vitatott: általában Nílus és Amazonas, mindkettő 6500 km felett. Még egy tény. Tény: Németországban kb. 83-84 millió ember él. Még egy tény. Röviden: Németországban kb. 83-84 millió ember él. Ennyi erről.

Tudtad? Törökország fővárosa Ankara. Ez is számít. Tény: 5 óceán van: Atlanti, Csendes, Indiai, Déli és Jeges. Ennyi erről. Tudtad? 5 óceán van: Atlanti, Csendes, Indiai, Déli és Jeges. Folytatjuk. Jó tudni: Vitatott: általában Nílus és Amazonas, mindkettő 6500 km felett.

Még egy tény. Biztos: Brazília fővárosa Brazíliaváros. A következő pontra. Jegyezd meg: Japán pénze a jen.

Most már ismered a tényeket."
84,"Országok, nyelvek és rekordok – 24. rész","Ez a szöveg fontos tényeket mutat be. Olvasd nyugodtan.

Biztos: Vitatott: általában Nílus és Amazonas, mindkettő 6500 km felett. Még egy tény. Biztos: A legmagasabb hegy az Everest, kb. 8848 méter. A következő pontra. Jó tudni: Vitatott: általában Nílus és Amazonas, mindkettő 6500 km felett. A következő pontra. Biztos: Brazíliában portugálul beszélnek.

Még egy tény. Röviden: Az USA pénze az amerikai dollár. A következő pontra. Röviden: Általában 7 kontinenst számolunk: Afrika, Antarktisz, Ázsia, Ausztrália, Európa, Észak-Amerika, Dél-Amerika. A következő pontra. Jegyezd meg: Általában 7 kontinenst számolunk: Afrika, Antarktisz, Ázsia, Ausztrália, Európa, Észak-Amerika, Dél-Amerika. Tovább.

Tény: Vitatott: általában Nílus és Amazonas, mindkettő 6500 km felett. A következő pontra. Brazília fővárosa Brazíliaváros. Ez is számít. Tény: Japán pénze a jen. Ennyi erről. Biztos: Kanada fővárosa Ottawa.

Folytatjuk. Tény: Általában 7 kontinenst számolunk: Afrika, Antarktisz, Ázsia, Ausztrália, Európa, Észak-Amerika, Dél-Amerika. A következő pontra. Jó tudni: 5 óceán van: Atlanti, Csendes, Indiai, Déli és Jeges.

A szöveg vége. Szép munka."
85,"Országok, nyelvek és rekordok – 25. rész","Ez a szöveg lépésről lépésre magyaráz.

Jó tudni: A világ legnagyobb állata a kék bálna. Ennyi erről. Jó tudni: Japán pénze a jen. Még egy tény. Németországban kb. 83-84 millió ember él. Még egy tény. Jegyezd meg: A legmagasabb hegy az Everest, kb. 8848 méter.

Folytatjuk. Tény: Németországnak 16 tartománya van. Még egy tény. Jegyezd meg: Ausztrália fővárosa Canberra. Folytatjuk. Biztos: 5 óceán van: Atlanti, Csendes, Indiai, Déli és Jeges. A következő pontra.

Biztos: Brazília fővárosa Brazíliaváros. Még egy tény. Tudtad? Japán pénze a jen. Még egy tény. Jó tudni: Németországban kb. 83-84 millió ember él. Ez is számít. Röviden: Brazília fővárosa Brazíliaváros.

Ennyi erről. Tény: A legmagasabb hegy az Everest, kb. 8848 méter. Ez is számít. Jegyezd meg: Az USA pénze az amerikai dollár.

Vége ennek az áttekintésnek."
86,"Országok, nyelvek és rekordok – 26. rész","Ez a szöveg lépésről lépésre magyaráz.

Tény: Kanada fővárosa Ottawa. Ennyi erről. Röviden: Brazília fővárosa Brazíliaváros. A következő pontra. Jegyezd meg: Japán pénze a jen. Még egy tény. Röviden: Németországban kb. 83-84 millió ember él.

A következő pontra. Röviden: 5 óceán van: Atlanti, Csendes, Indiai, Déli és Jeges. Ez is számít. Biztos: Kanada fővárosa Ottawa. Tovább. Biztos: A legmagasabb hegy az Everest, kb. 8848 méter. Tovább.

Tudtad? Brazíliában portugálul beszélnek. Még egy tény. Biztos: Németországban kb. 83-84 millió ember él. Tovább. Általában 7 kontinenst számolunk: Afrika, Antarktisz, Ázsia, Ausztrália, Európa, Észak-Amerika, Dél-Amerika. Tovább. Röviden: Törökország fővárosa Ankara.

Tovább. Tény: Japán pénze a jen. Ennyi erről. Röviden: Brazíliában portugálul beszélnek.

Vége ennek az áttekintésnek."
87,"Országok, nyelvek és rekordok – 27. rész","Ez a szöveg lépésről lépésre magyaráz.

Jegyezd meg: A világ legnagyobb állata a kék bálna. Tovább. Jó tudni: Brazíliában portugálul beszélnek. Ez is számít. Tudtad? Németországban kb. 83-84 millió ember él. Ennyi erről. Jó tudni: Japán pénze a jen.

Folytatjuk. Jó tudni: Általában 7 kontinenst számolunk: Afrika, Antarktisz, Ázsia, Ausztrália, Európa, Észak-Amerika, Dél-Amerika. A következő pontra. Röviden: Németországban kb. 83-84 millió ember él. Tovább. Tény: Vitatott: általában Nílus és Amazonas, mindkettő 6500 km felett. Folytatjuk.

A világ legnagyobb állata a kék bálna. Még egy tény. Jó tudni: Németországnak 16 tartománya van. Tovább. Jegyezd meg: Németországban kb. 83-84 millió ember él. A következő pontra. Röviden: Általában 7 kontinenst számolunk: Afrika, Antarktisz, Ázsia, Ausztrália, Európa, Észak-Amerika, Dél-Amerika.

Ennyi erről. Jó tudni: Brazília fővárosa Brazíliaváros. Folytatjuk. Jegyezd meg: Brazília fővárosa Brazíliaváros.

Ez volt a lényeg."
88,"Országok, nyelvek és rekordok – 28. rész","Ez a szöveg lépésről lépésre magyaráz.

Biztos: Ausztrália fővárosa Canberra. Folytatjuk. Tény: Németországnak 16 tartománya van. Ez is számít. Biztos: Törökország fővárosa Ankara. Folytatjuk. Jegyezd meg: A világ legnagyobb állata a kék bálna.

Még egy tény. Tény: A legmagasabb hegy az Everest, kb. 8848 méter. Ez is számít. Területre a világ legnagyobb országa Oroszország. Tovább. Az USA pénze az amerikai dollár. Tovább.

Biztos: A legmagasabb hegy az Everest, kb. 8848 méter. Ez is számít. Jegyezd meg: Az USA pénze az amerikai dollár. A következő pontra. Tudtad? A világ legnagyobb állata a kék bálna. Ennyi erről. Röviden: Németországban kb. 83-84 millió ember él.

A következő pontra. Tudtad? Japán pénze a jen. Folytatjuk. Jó tudni: Brazíliában portugálul beszélnek.

Vége ennek az áttekintésnek."
89,"Országok, nyelvek és rekordok – 29. rész","Ez a szöveg fontos tényeket mutat be. Olvasd nyugodtan.

Biztos: A világ legnagyobb állata a kék bálna. Folytatjuk. Röviden: Japán pénze a jen. Folytatjuk. Tudtad? A világ legnagyobb állata a kék bálna. A következő pontra. Biztos: Németországnak 16 tartománya van.

Folytatjuk. Jó tudni: 5 óceán van: Atlanti, Csendes, Indiai, Déli és Jeges. A következő pontra. Kanada fővárosa Ottawa. Ennyi erről. Röviden: Ausztrália fővárosa Canberra. A következő pontra.

Röviden: Vitatott: általában Nílus és Amazonas, mindkettő 6500 km felett. Még egy tény. Biztos: Ausztrália fővárosa Canberra. Tovább. Röviden: Brazíliában portugálul beszélnek. Ennyi erről. Jó tudni: A világ legnagyobb állata a kék bálna.

Folytatjuk. Jegyezd meg: Japán pénze a jen. Ennyi erről. Jó tudni: Törökország fővárosa Ankara.

Most már ismered a tényeket."
90,"Országok, nyelvek és rekordok – 30. rész","Ez a szöveg lépésről lépésre magyaráz.

Jó tudni: Brazília fővárosa Brazíliaváros. A következő pontra. Tény: Japán pénze a jen. Tovább. Jó tudni: A világ legnagyobb állata a kék bálna. Még egy tény. Jó tudni: Általában 7 kontinenst számolunk: Afrika, Antarktisz, Ázsia, Ausztrália, Európa, Észak-Amerika, Dél-Amerika.

Folytatjuk. Tudtad? Területre a világ legnagyobb országa Oroszország. A következő pontra. Röviden: Brazíliában portugálul beszélnek. A következő pontra. Biztos: Kanada fővárosa Ottawa. Tovább.

Tudtad? Általában 7 kontinenst számolunk: Afrika, Antarktisz, Ázsia, Ausztrália, Európa, Észak-Amerika, Dél-Amerika. A következő pontra. Röviden: Németországban kb. 83-84 millió ember él. Még egy tény. Tudtad? 5 óceán van: Atlanti, Csendes, Indiai, Déli és Jeges. Folytatjuk. Tudtad? Az USA pénze az amerikai dollár.

Még egy tény. Röviden: Japán pénze a jen. A következő pontra. Röviden: Brazília fővárosa Brazíliaváros.

A szöveg vége. Szép munka."
91,"Országok, nyelvek és rekordok – 31. rész","Alább ellenőrzött tudást találsz.

Biztos: A világ legnagyobb állata a kék bálna. Még egy tény. Ausztrália fővárosa Canberra. Még egy tény. Jegyezd meg: Vitatott: általában Nílus és Amazonas, mindkettő 6500 km felett. Még egy tény. 5 óceán van: Atlanti, Csendes, Indiai, Déli és Jeges.

Ez is számít. Jegyezd meg: A világ legnagyobb állata a kék bálna. A következő pontra. Tény: Brazília fővárosa Brazíliaváros. Tovább. Röviden: Japán pénze a jen. Ennyi erről.

Röviden: 5 óceán van: Atlanti, Csendes, Indiai, Déli és Jeges. Folytatjuk. Tudtad? Ausztrália fővárosa Canberra. Tovább. Röviden: Területre a világ legnagyobb országa Oroszország. Folytatjuk. Jó tudni: Németországban kb. 83-84 millió ember él.

A következő pontra. Tény: Brazíliában portugálul beszélnek. A következő pontra. Röviden: Törökország fővárosa Ankara.

Most már ismered a tényeket."
92,"Országok, nyelvek és rekordok – 32. rész","Itt rendezett tudást tanulsz. Ne siess.

Tény: Általában 7 kontinenst számolunk: Afrika, Antarktisz, Ázsia, Ausztrália, Európa, Észak-Amerika, Dél-Amerika. Még egy tény. Tény: A világ legnagyobb állata a kék bálna. Ennyi erről. Az USA pénze az amerikai dollár. Folytatjuk. A legmagasabb hegy az Everest, kb. 8848 méter.

A következő pontra. Biztos: Brazíliában portugálul beszélnek. Ez is számít. Tudtad? A legmagasabb hegy az Everest, kb. 8848 méter. Ennyi erről. Röviden: Japán pénze a jen. Tovább.

Tudtad? Japán pénze a jen. A következő pontra. Kanada fővárosa Ottawa. Folytatjuk. Jó tudni: Japán pénze a jen. Ez is számít. Tény: Brazíliában portugálul beszélnek.

Még egy tény. Röviden: Vitatott: általában Nílus és Amazonas, mindkettő 6500 km felett. Ez is számít. Röviden: Németországnak 16 tartománya van.

Vége ennek az áttekintésnek."
93,"Országok, nyelvek és rekordok – 33. rész","Ez a szöveg lépésről lépésre magyaráz.

Jegyezd meg: A legmagasabb hegy az Everest, kb. 8848 méter. Folytatjuk. Röviden: Kanada fővárosa Ottawa. Ennyi erről. Biztos: Brazíliában portugálul beszélnek. Még egy tény. Tudtad? Az USA pénze az amerikai dollár.

Ez is számít. Tény: Németországban kb. 83-84 millió ember él. Ennyi erről. Jegyezd meg: Ausztrália fővárosa Canberra. Még egy tény. Röviden: Brazília fővárosa Brazíliaváros. A következő pontra.

Biztos: Általában 7 kontinenst számolunk: Afrika, Antarktisz, Ázsia, Ausztrália, Európa, Észak-Amerika, Dél-Amerika. A következő pontra. Röviden: Törökország fővárosa Ankara. Ennyi erről. 5 óceán van: Atlanti, Csendes, Indiai, Déli és Jeges. Ez is számít. Jegyezd meg: A világ legnagyobb állata a kék bálna.

Még egy tény. Jegyezd meg: Brazília fővárosa Brazíliaváros. A következő pontra. Jó tudni: Törökország fővárosa Ankara.

Most már ismered a tényeket."
94,"Országok, nyelvek és rekordok – 34. rész","Ez a szöveg lépésről lépésre magyaráz.

Röviden: Területre a világ legnagyobb országa Oroszország. Ez is számít. Tény: Vitatott: általában Nílus és Amazonas, mindkettő 6500 km felett. Ennyi erről. Biztos: Ausztrália fővárosa Canberra. Ez is számít. Tudtad? Törökország fővárosa Ankara.

Folytatjuk. Brazíliában portugálul beszélnek. Ez is számít. Biztos: Általában 7 kontinenst számolunk: Afrika, Antarktisz, Ázsia, Ausztrália, Európa, Észak-Amerika, Dél-Amerika. Ennyi erről. Röviden: Brazíliában portugálul beszélnek. Folytatjuk.

Tudtad? Kanada fővárosa Ottawa. A következő pontra. Röviden: A világ legnagyobb állata a kék bálna. Tovább. Tény: Ausztrália fővárosa Canberra. Még egy tény. Röviden: Németországban kb. 83-84 millió ember él.

Tovább. Tény: Kanada fővárosa Ottawa. A következő pontra. Tény: Területre a világ legnagyobb országa Oroszország.

Ez volt a lényeg."
95,"Országok, nyelvek és rekordok – 35. rész","Ez a szöveg fontos tényeket mutat be. Olvasd nyugodtan.

Németországban kb. 83-84 millió ember él. Tovább. Röviden: Területre a világ legnagyobb országa Oroszország. Tovább. Tény: Vitatott: általában Nílus és Amazonas, mindkettő 6500 km felett. A következő pontra. Biztos: Japán pénze a jen.

Ennyi erről. Röviden: 5 óceán van: Atlanti, Csendes, Indiai, Déli és Jeges. Ennyi erről. Jegyezd meg: Brazília fővárosa Brazíliaváros. A következő pontra. Tény: Az USA pénze az amerikai dollár. Tovább.

Japán pénze a jen. Tovább. Tudtad? Japán pénze a jen. Tovább. Jó tudni: Törökország fővárosa Ankara. Ennyi erről. Röviden: Ausztrália fővárosa Canberra.

Ennyi erről. Tény: Németországban kb. 83-84 millió ember él. Ez is számít. 5 óceán van: Atlanti, Csendes, Indiai, Déli és Jeges.

Ez volt a lényeg."
96,"Országok, nyelvek és rekordok – 36. rész","Ez a szöveg lépésről lépésre magyaráz.

Tudtad? Általában 7 kontinenst számolunk: Afrika, Antarktisz, Ázsia, Ausztrália, Európa, Észak-Amerika, Dél-Amerika. Folytatjuk. Röviden: Vitatott: általában Nílus és Amazonas, mindkettő 6500 km felett. Ez is számít. Tény: Területre a világ legnagyobb országa Oroszország. Ennyi erről. Röviden: Területre a világ legnagyobb országa Oroszország.

Folytatjuk. Biztos: Németországban kb. 83-84 millió ember él. Még egy tény. Tény: Japán pénze a jen. Folytatjuk. Tény: Brazília fővárosa Brazíliaváros. Folytatjuk.

Jó tudni: 5 óceán van: Atlanti, Csendes, Indiai, Déli és Jeges. A következő pontra. Biztos: Kanada fővárosa Ottawa. Folytatjuk. Jó tudni: Japán pénze a jen. A következő pontra. A világ legnagyobb állata a kék bálna.

Ez is számít. Jó tudni: Vitatott: általában Nílus és Amazonas, mindkettő 6500 km felett. Ez is számít. Jegyezd meg: A világ legnagyobb állata a kék bálna.

Vége ennek az áttekintésnek."
97,"Országok, nyelvek és rekordok – 37. rész","Ez a szöveg fontos tényeket mutat be. Olvasd nyugodtan.

Brazília fővárosa Brazíliaváros. Folytatjuk. Röviden: 5 óceán van: Atlanti, Csendes, Indiai, Déli és Jeges. Ez is számít. Biztos: Brazíliában portugálul beszélnek. Folytatjuk. Jó tudni: Általában 7 kontinenst számolunk: Afrika, Antarktisz, Ázsia, Ausztrália, Európa, Észak-Amerika, Dél-Amerika.

A következő pontra. Biztos: Kanada fővárosa Ottawa. A következő pontra. Jó tudni: Japán pénze a jen. Még egy tény. Röviden: Ausztrália fővárosa Canberra. Tovább.

Jó tudni: Brazíliában portugálul beszélnek. Ez is számít. Tény: Brazília fővárosa Brazíliaváros. Ennyi erről. Tudtad? Vitatott: általában Nílus és Amazonas, mindkettő 6500 km felett. A következő pontra. Biztos: Vitatott: általában Nílus és Amazonas, mindkettő 6500 km felett.

Ennyi erről. Tudtad? 5 óceán van: Atlanti, Csendes, Indiai, Déli és Jeges. Ennyi erről. Jegyezd meg: Törökország fővárosa Ankara.

Vége ennek az áttekintésnek."
98,"Országok, nyelvek és rekordok – 38. rész","Ez a szöveg lépésről lépésre magyaráz.

Jegyezd meg: Brazília fővárosa Brazíliaváros. Ennyi erről. Törökország fővárosa Ankara. Tovább. Jegyezd meg: Japán pénze a jen. A következő pontra. Jó tudni: A világ legnagyobb állata a kék bálna.

A következő pontra. Jó tudni: Németországban kb. 83-84 millió ember él. Ez is számít. Jó tudni: Az USA pénze az amerikai dollár. Ennyi erről. Jó tudni: 5 óceán van: Atlanti, Csendes, Indiai, Déli és Jeges. Ez is számít.

Tény: Ausztrália fővárosa Canberra. Folytatjuk. Tény: Brazília fővárosa Brazíliaváros. Folytatjuk. Tudtad? Kanada fővárosa Ottawa. Tovább. Tudtad? A világ legnagyobb állata a kék bálna.

Folytatjuk. Röviden: A legmagasabb hegy az Everest, kb. 8848 méter. Folytatjuk. Tény: Németországban kb. 83-84 millió ember él.

Ez volt a lényeg."
99,"Országok, nyelvek és rekordok – 39. rész","Ez a szöveg fontos tényeket mutat be. Olvasd nyugodtan.

Röviden: Az USA pénze az amerikai dollár. Ennyi erről. Jó tudni: Németországnak 16 tartománya van. Ennyi erről. Jegyezd meg: Brazília fővárosa Brazíliaváros. Ez is számít. Tény: Németországnak 16 tartománya van.

Még egy tény. Jegyezd meg: Ausztrália fővárosa Canberra. Ennyi erről. Jó tudni: Területre a világ legnagyobb országa Oroszország. A következő pontra. Németországban kb. 83-84 millió ember él. Ez is számít.

Jó tudni: Brazíliában portugálul beszélnek. Ez is számít. Tudtad? Területre a világ legnagyobb országa Oroszország. A következő pontra. Jegyezd meg: Japán pénze a jen. Tovább. Biztos: Az USA pénze az amerikai dollár.

A következő pontra. Jegyezd meg: A világ legnagyobb állata a kék bálna. Folytatjuk. Biztos: A legmagasabb hegy az Everest, kb. 8848 méter.

Ez volt a lényeg."
100,"Országok, nyelvek és rekordok – 40. rész","Alább ellenőrzött tudást találsz.

Németországban kb. 83-84 millió ember él. Ennyi erről. Jegyezd meg: Ausztrália fővárosa Canberra. Ez is számít. Röviden: Az USA pénze az amerikai dollár. A következő pontra. Biztos: Vitatott: általában Nílus és Amazonas, mindkettő 6500 km felett.

A következő pontra. Röviden: Ausztrália fővárosa Canberra. Még egy tény. Biztos: Általában 7 kontinenst számolunk: Afrika, Antarktisz, Ázsia, Ausztrália, Európa, Észak-Amerika, Dél-Amerika. Tovább. Tudtad? Területre a világ legnagyobb országa Oroszország. Még egy tény.

Röviden: Vitatott: általában Nílus és Amazonas, mindkettő 6500 km felett. Ennyi erről. Jó tudni: Németországnak 16 tartománya van. Tovább. Tény: Ausztrália fővárosa Canberra. Folytatjuk. Biztos: Törökország fővárosa Ankara.

Ez is számít. Jó tudni: Vitatott: általában Nílus és Amazonas, mindkettő 6500 km felett. Ennyi erről. Jó tudni: Ausztrália fővárosa Canberra.

Ez volt a lényeg."
101,"Országok, nyelvek és rekordok – 41. rész","Itt rendezett tudást tanulsz. Ne siess.

Tudtad? Brazíliában portugálul beszélnek. Tovább. Jó tudni: Általában 7 kontinenst számolunk: Afrika, Antarktisz, Ázsia, Ausztrália, Európa, Észak-Amerika, Dél-Amerika. Tovább. Tudtad? 5 óceán van: Atlanti, Csendes, Indiai, Déli és Jeges. Ez is számít. Tudtad? Kanada fővárosa Ottawa.

Folytatjuk. Röviden: Brazíliában portugálul beszélnek. Ez is számít. Jó tudni: Japán pénze a jen. A következő pontra. Jó tudni: A világ legnagyobb állata a kék bálna. A következő pontra.

Jegyezd meg: Brazília fővárosa Brazíliaváros. Folytatjuk. Biztos: Németországban kb. 83-84 millió ember él. Folytatjuk. Röviden: Brazília fővárosa Brazíliaváros. Még egy tény. Röviden: Németországban kb. 83-84 millió ember él.

Ennyi erről. Tény: Törökország fővárosa Ankara. Tovább. Jó tudni: Németországnak 16 tartománya van.

A szöveg vége. Szép munka."
102,"Országok, nyelvek és rekordok – 42. rész","Itt rendezett tudást tanulsz. Ne siess.

Röviden: Vitatott: általában Nílus és Amazonas, mindkettő 6500 km felett. Tovább. Tény: Területre a világ legnagyobb országa Oroszország. Folytatjuk. Jó tudni: 5 óceán van: Atlanti, Csendes, Indiai, Déli és Jeges. Ez is számít. Biztos: A legmagasabb hegy az Everest, kb. 8848 méter.

Folytatjuk. Tudtad? Törökország fővárosa Ankara. Ez is számít. Tény: Vitatott: általában Nílus és Amazonas, mindkettő 6500 km felett. Még egy tény. Japán pénze a jen. Még egy tény.

Röviden: Általában 7 kontinenst számolunk: Afrika, Antarktisz, Ázsia, Ausztrália, Európa, Észak-Amerika, Dél-Amerika. Ez is számít. Tény: A világ legnagyobb állata a kék bálna. A következő pontra. Jó tudni: A legmagasabb hegy az Everest, kb. 8848 méter. A következő pontra. Biztos: Általában 7 kontinenst számolunk: Afrika, Antarktisz, Ázsia, Ausztrália, Európa, Észak-Amerika, Dél-Amerika.

Tovább. Tudtad? Japán pénze a jen. A következő pontra. Röviden: A világ legnagyobb állata a kék bálna.

A szöveg vége. Szép munka."
103,"Országok, nyelvek és rekordok – 43. rész","Ez a szöveg fontos tényeket mutat be. Olvasd nyugodtan.

Biztos: Brazília fővárosa Brazíliaváros. Folytatjuk. Röviden: A legmagasabb hegy az Everest, kb. 8848 méter. Ennyi erről. Tény: Ausztrália fővárosa Canberra. A következő pontra. Tény: Németországnak 16 tartománya van.

Folytatjuk. Biztos: Területre a világ legnagyobb országa Oroszország. Folytatjuk. Vitatott: általában Nílus és Amazonas, mindkettő 6500 km felett. Ez is számít. Tudtad? Általában 7 kontinenst számolunk: Afrika, Antarktisz, Ázsia, Ausztrália, Európa, Észak-Amerika, Dél-Amerika. Még egy tény.

Röviden: Brazília fővárosa Brazíliaváros. Ez is számít. Területre a világ legnagyobb országa Oroszország. Még egy tény. Biztos: Németországnak 16 tartománya van. Ennyi erről. Jegyezd meg: Németországban kb. 83-84 millió ember él.

Ennyi erről. Tudtad? Brazíliában portugálul beszélnek. Ez is számít. A legmagasabb hegy az Everest, kb. 8848 méter.

Vége ennek az áttekintésnek."
104,"Országok, nyelvek és rekordok – 44. rész","Itt rendezett tudást tanulsz. Ne siess.

Vitatott: általában Nílus és Amazonas, mindkettő 6500 km felett. Folytatjuk. Tudtad? Japán pénze a jen. Ez is számít. Biztos: Törökország fővárosa Ankara. Folytatjuk. Jegyezd meg: Kanada fővárosa Ottawa.

Ennyi erről. Jó tudni: Az USA pénze az amerikai dollár. Ennyi erről. Tény: A világ legnagyobb állata a kék bálna. Folytatjuk. Jegyezd meg: Általában 7 kontinenst számolunk: Afrika, Antarktisz, Ázsia, Ausztrália, Európa, Észak-Amerika, Dél-Amerika. Ennyi erről.

Biztos: Brazíliában portugálul beszélnek. Ennyi erről. Röviden: Törökország fővárosa Ankara. Folytatjuk. Jó tudni: Japán pénze a jen. Folytatjuk. Jegyezd meg: Brazília fővárosa Brazíliaváros.

A következő pontra. A világ legnagyobb állata a kék bálna. Ennyi erről. Tudtad? Brazíliában portugálul beszélnek.

Vége ennek az áttekintésnek."
105,"Országok, nyelvek és rekordok – 45. rész","Itt rendezett tudást tanulsz. Ne siess.

Tény: Németországnak 16 tartománya van. Még egy tény. Röviden: 5 óceán van: Atlanti, Csendes, Indiai, Déli és Jeges. Még egy tény. Jó tudni: Japán pénze a jen. Ez is számít. Röviden: Kanada fővárosa Ottawa.

A következő pontra. Brazíliában portugálul beszélnek. Ez is számít. Jó tudni: A legmagasabb hegy az Everest, kb. 8848 méter. Tovább. Jegyezd meg: Japán pénze a jen. Ennyi erről.

Japán pénze a jen. Tovább. Jó tudni: Törökország fővárosa Ankara. Ez is számít. Jó tudni: Általában 7 kontinenst számolunk: Afrika, Antarktisz, Ázsia, Ausztrália, Európa, Észak-Amerika, Dél-Amerika. A következő pontra. Tény: 5 óceán van: Atlanti, Csendes, Indiai, Déli és Jeges.

Még egy tény. Tudtad? Japán pénze a jen. Ez is számít. Jegyezd meg: Területre a világ legnagyobb országa Oroszország.

Ez volt a lényeg."
106,"Országok, nyelvek és rekordok – 46. rész","Alább ellenőrzött tudást találsz.

Németországnak 16 tartománya van. Tovább. Jó tudni: 5 óceán van: Atlanti, Csendes, Indiai, Déli és Jeges. Ennyi erről. Tudtad? Brazília fővárosa Brazíliaváros. Ez is számít. Jegyezd meg: Az USA pénze az amerikai dollár.

Ennyi erről. Röviden: Az USA pénze az amerikai dollár. Még egy tény. Törökország fővárosa Ankara. Még egy tény. Tény: Brazíliában portugálul beszélnek. Ennyi erről.

Tény: Németországban kb. 83-84 millió ember él. Ez is számít. Jó tudni: Általában 7 kontinenst számolunk: Afrika, Antarktisz, Ázsia, Ausztrália, Európa, Észak-Amerika, Dél-Amerika. Tovább. Röviden: Japán pénze a jen. A következő pontra. Brazília fővárosa Brazíliaváros.

Még egy tény. Tény: Területre a világ legnagyobb országa Oroszország. Ez is számít. Jegyezd meg: Brazíliában portugálul beszélnek.

Most már ismered a tényeket."
107,"Országok, nyelvek és rekordok – 47. rész","Ez a szöveg fontos tényeket mutat be. Olvasd nyugodtan.

Tény: Brazíliában portugálul beszélnek. Még egy tény. Tény: A világ legnagyobb állata a kék bálna. Folytatjuk. Röviden: Általában 7 kontinenst számolunk: Afrika, Antarktisz, Ázsia, Ausztrália, Európa, Észak-Amerika, Dél-Amerika. Tovább. Röviden: Vitatott: általában Nílus és Amazonas, mindkettő 6500 km felett.

Még egy tény. Röviden: Területre a világ legnagyobb országa Oroszország. Ennyi erről. Biztos: Brazília fővárosa Brazíliaváros. Folytatjuk. Biztos: Vitatott: általában Nílus és Amazonas, mindkettő 6500 km felett. Még egy tény.

Tény: A legmagasabb hegy az Everest, kb. 8848 méter. Még egy tény. Tudtad? Területre a világ legnagyobb országa Oroszország. Még egy tény. Tény: Vitatott: általában Nílus és Amazonas, mindkettő 6500 km felett. Tovább. Tudtad? 5 óceán van: Atlanti, Csendes, Indiai, Déli és Jeges.

Folytatjuk. Röviden: Németországnak 16 tartománya van. A következő pontra. Biztos: A legmagasabb hegy az Everest, kb. 8848 méter.

Vége ennek az áttekintésnek."
108,"Országok, nyelvek és rekordok – 48. rész","Ez a szöveg lépésről lépésre magyaráz.

Röviden: Az USA pénze az amerikai dollár. Folytatjuk. Tudtad? Németországnak 16 tartománya van. A következő pontra. Biztos: Japán pénze a jen. Ennyi erről. Tény: Japán pénze a jen.

Ennyi erről. Kanada fővárosa Ottawa. Még egy tény. Tudtad? Vitatott: általában Nílus és Amazonas, mindkettő 6500 km felett. Ez is számít. Jegyezd meg: Az USA pénze az amerikai dollár. Folytatjuk.

Jó tudni: Az USA pénze az amerikai dollár. Még egy tény. Tény: Törökország fővárosa Ankara. Ennyi erről. Tudtad? Kanada fővárosa Ottawa. Ennyi erről. Röviden: Kanada fővárosa Ottawa.

Még egy tény. Jegyezd meg: Brazíliában portugálul beszélnek. Tovább. Tudtad? Általában 7 kontinenst számolunk: Afrika, Antarktisz, Ázsia, Ausztrália, Európa, Észak-Amerika, Dél-Amerika.

Most már ismered a tényeket."
109,"Országok, nyelvek és rekordok – 49. rész","Alább ellenőrzött tudást találsz.

Biztos: A világ legnagyobb állata a kék bálna. A következő pontra. Röviden: Brazília fővárosa Brazíliaváros. Ennyi erről. Tudtad? Vitatott: általában Nílus és Amazonas, mindkettő 6500 km felett. Ez is számít. Jegyezd meg: Törökország fővárosa Ankara.

A következő pontra. Tény: Brazíliában portugálul beszélnek. Ez is számít. Japán pénze a jen. Folytatjuk. Jó tudni: Kanada fővárosa Ottawa. Folytatjuk.

Tudtad? Általában 7 kontinenst számolunk: Afrika, Antarktisz, Ázsia, Ausztrália, Európa, Észak-Amerika, Dél-Amerika. Folytatjuk. Biztos: Kanada fővárosa Ottawa. Ez is számít. Jó tudni: Általában 7 kontinenst számolunk: Afrika, Antarktisz, Ázsia, Ausztrália, Európa, Észak-Amerika, Dél-Amerika. A következő pontra. Biztos: Vitatott: általában Nílus és Amazonas, mindkettő 6500 km felett.

Ennyi erről. Biztos: Ausztrália fővárosa Canberra. Ez is számít. Jegyezd meg: Területre a világ legnagyobb országa Oroszország.

Most már ismered a tényeket."
110,"Országok, nyelvek és rekordok – 50. rész","Ez a szöveg fontos tényeket mutat be. Olvasd nyugodtan.

Ausztrália fővárosa Canberra. Még egy tény. Röviden: Németországban kb. 83-84 millió ember él. Tovább. Jegyezd meg: Területre a világ legnagyobb országa Oroszország. Folytatjuk. Tény: Brazília fővárosa Brazíliaváros.

Ennyi erről. Biztos: A világ legnagyobb állata a kék bálna. Ez is számít. Biztos: Németországban kb. 83-84 millió ember él. A következő pontra. Általában 7 kontinenst számolunk: Afrika, Antarktisz, Ázsia, Ausztrália, Európa, Észak-Amerika, Dél-Amerika. Folytatjuk.

Jegyezd meg: Vitatott: általában Nílus és Amazonas, mindkettő 6500 km felett. Ez is számít. Jó tudni: Vitatott: általában Nílus és Amazonas, mindkettő 6500 km felett. Folytatjuk. Németországnak 16 tartománya van. Tovább. Biztos: Németországnak 16 tartománya van.

Folytatjuk. Biztos: 5 óceán van: Atlanti, Csendes, Indiai, Déli és Jeges. A következő pontra. Tudtad? Németországnak 16 tartománya van.

Ez volt a lényeg."
111,"Országok, nyelvek és rekordok – 51. rész","Alább ellenőrzött tudást találsz.

Tudtad? Brazíliában portugálul beszélnek. A következő pontra. Jó tudni: Területre a világ legnagyobb országa Oroszország. Még egy tény. Jegyezd meg: Japán pénze a jen. Ennyi erről. Röviden: 5 óceán van: Atlanti, Csendes, Indiai, Déli és Jeges.

Folytatjuk. Tudtad? Általában 7 kontinenst számolunk: Afrika, Antarktisz, Ázsia, Ausztrália, Európa, Észak-Amerika, Dél-Amerika. A következő pontra. Biztos: Vitatott: általában Nílus és Amazonas, mindkettő 6500 km felett. Ennyi erről. Tudtad? A világ legnagyobb állata a kék bálna. Ennyi erről.

Jegyezd meg: Vitatott: általában Nílus és Amazonas, mindkettő 6500 km felett. Még egy tény. Tudtad? Brazília fővárosa Brazíliaváros. Ez is számít. Jegyezd meg: Általában 7 kontinenst számolunk: Afrika, Antarktisz, Ázsia, Ausztrália, Európa, Észak-Amerika, Dél-Amerika. A következő pontra. Területre a világ legnagyobb országa Oroszország.

Ennyi erről. Biztos: Ausztrália fővárosa Canberra. Folytatjuk. Biztos: Brazília fővárosa Brazíliaváros.

Vége ennek az áttekintésnek."
112,"Országok, nyelvek és rekordok – 52. rész","Alább ellenőrzött tudást találsz.

Jegyezd meg: Brazília fővárosa Brazíliaváros. Ennyi erről. Általában 7 kontinenst számolunk: Afrika, Antarktisz, Ázsia, Ausztrália, Európa, Észak-Amerika, Dél-Amerika. Ez is számít. Németországnak 16 tartománya van. Még egy tény. Tény: Törökország fővárosa Ankara.

Tovább. Tény: Kanada fővárosa Ottawa. Ennyi erről. Biztos: Ausztrália fővárosa Canberra. Ez is számít. Röviden: Ausztrália fővárosa Canberra. Ez is számít.

Biztos: Vitatott: általában Nílus és Amazonas, mindkettő 6500 km felett. Tovább. Röviden: 5 óceán van: Atlanti, Csendes, Indiai, Déli és Jeges. A következő pontra. Röviden: Japán pénze a jen. Folytatjuk. Jó tudni: Kanada fővárosa Ottawa.

Tovább. Biztos: Brazíliában portugálul beszélnek. Ennyi erről. Biztos: Kanada fővárosa Ottawa.

Ez volt a lényeg."
113,"Országok, nyelvek és rekordok – 53. rész","Ez a szöveg lépésről lépésre magyaráz.

Tény: Az USA pénze az amerikai dollár. A következő pontra. Biztos: Brazíliában portugálul beszélnek. Tovább. Az USA pénze az amerikai dollár. Ennyi erről. Jó tudni: Vitatott: általában Nílus és Amazonas, mindkettő 6500 km felett.

Ennyi erről. Tudtad? Brazília fővárosa Brazíliaváros. Ennyi erről. Tudtad? Japán pénze a jen. Ez is számít. Biztos: Törökország fővárosa Ankara. Ez is számít.

Tudtad? A legmagasabb hegy az Everest, kb. 8848 méter. Még egy tény. Tudtad? Területre a világ legnagyobb országa Oroszország. Folytatjuk. Jó tudni: Brazília fővárosa Brazíliaváros. Folytatjuk. A világ legnagyobb állata a kék bálna.

Ennyi erről. Tudtad? Törökország fővárosa Ankara. Ennyi erről. Biztos: Japán pénze a jen.

Most már ismered a tényeket."
114,"Országok, nyelvek és rekordok – 54. rész","Alább ellenőrzött tudást találsz.

Tudtad? Japán pénze a jen. Ennyi erről. Jegyezd meg: Japán pénze a jen. Tovább. Jegyezd meg: Németországnak 16 tartománya van. Még egy tény. Vitatott: általában Nílus és Amazonas, mindkettő 6500 km felett.

Folytatjuk. Jó tudni: Általában 7 kontinenst számolunk: Afrika, Antarktisz, Ázsia, Ausztrália, Európa, Észak-Amerika, Dél-Amerika. Tovább. A legmagasabb hegy az Everest, kb. 8848 méter. A következő pontra. Tudtad? Németországban kb. 83-84 millió ember él. A következő pontra.

Jó tudni: Ausztrália fővárosa Canberra. Ez is számít. Jó tudni: A legmagasabb hegy az Everest, kb. 8848 méter. Tovább. Biztos: Vitatott: általában Nílus és Amazonas, mindkettő 6500 km felett. Még egy tény. Tény: Általában 7 kontinenst számolunk: Afrika, Antarktisz, Ázsia, Ausztrália, Európa, Észak-Amerika, Dél-Amerika.

Ennyi erről. Jegyezd meg: Ausztrália fővárosa Canberra. Még egy tény. Jó tudni: Kanada fővárosa Ottawa.

Ez volt a lényeg."
115,"Országok, nyelvek és rekordok – 55. rész","Ez a szöveg lépésről lépésre magyaráz.

Jó tudni: 5 óceán van: Atlanti, Csendes, Indiai, Déli és Jeges. Tovább. Biztos: Az USA pénze az amerikai dollár. Még egy tény. Jegyezd meg: Általában 7 kontinenst számolunk: Afrika, Antarktisz, Ázsia, Ausztrália, Európa, Észak-Amerika, Dél-Amerika. A következő pontra. Németországban kb. 83-84 millió ember él.

Még egy tény. Jegyezd meg: Ausztrália fővárosa Canberra. Ez is számít. Általában 7 kontinenst számolunk: Afrika, Antarktisz, Ázsia, Ausztrália, Európa, Észak-Amerika, Dél-Amerika. Ennyi erről. Tudtad? Ausztrália fővárosa Canberra. Ennyi erről.

5 óceán van: Atlanti, Csendes, Indiai, Déli és Jeges. Tovább. A világ legnagyobb állata a kék bálna. Ennyi erről. Tény: Kanada fővárosa Ottawa. Ennyi erről. Németországnak 16 tartománya van.

Még egy tény. Biztos: Németországban kb. 83-84 millió ember él. Folytatjuk. Biztos: Japán pénze a jen.

Most már ismered a tényeket."
116,"Országok, nyelvek és rekordok – 56. rész","Alább ellenőrzött tudást találsz.

Tény: Németországban kb. 83-84 millió ember él. Ez is számít. Biztos: Brazília fővárosa Brazíliaváros. Tovább. Tény: Területre a világ legnagyobb országa Oroszország. Tovább. Jó tudni: A legmagasabb hegy az Everest, kb. 8848 méter.

Ennyi erről. Biztos: 5 óceán van: Atlanti, Csendes, Indiai, Déli és Jeges. Folytatjuk. Röviden: Németországban kb. 83-84 millió ember él. Tovább. Jegyezd meg: Ausztrália fővárosa Canberra. Tovább.

Röviden: Törökország fővárosa Ankara. Még egy tény. Jó tudni: Általában 7 kontinenst számolunk: Afrika, Antarktisz, Ázsia, Ausztrália, Európa, Észak-Amerika, Dél-Amerika. Még egy tény. A legmagasabb hegy az Everest, kb. 8848 méter. Tovább. Biztos: Ausztrália fővárosa Canberra.

A következő pontra. Jegyezd meg: Japán pénze a jen. Még egy tény. Vitatott: általában Nílus és Amazonas, mindkettő 6500 km felett.

A szöveg vége. Szép munka."
117,"Országok, nyelvek és rekordok – 57. rész","Ez a szöveg fontos tényeket mutat be. Olvasd nyugodtan.

Tény: Japán pénze a jen. Ez is számít. Jó tudni: A legmagasabb hegy az Everest, kb. 8848 méter. Tovább. Biztos: Németországban kb. 83-84 millió ember él. Még egy tény. Röviden: Ausztrália fővárosa Canberra.

A következő pontra. Tény: Németországnak 16 tartománya van. Ez is számít. A világ legnagyobb állata a kék bálna. Még egy tény. Biztos: A legmagasabb hegy az Everest, kb. 8848 méter. Tovább.

Röviden: Általában 7 kontinenst számolunk: Afrika, Antarktisz, Ázsia, Ausztrália, Európa, Észak-Amerika, Dél-Amerika. Ennyi erről. Jegyezd meg: Kanada fővárosa Ottawa. Folytatjuk. Biztos: Japán pénze a jen. Tovább. Jegyezd meg: Az USA pénze az amerikai dollár.

Folytatjuk. A legmagasabb hegy az Everest, kb. 8848 méter. Ez is számít. Jó tudni: Kanada fővárosa Ottawa.

Most már ismered a tényeket."
118,"Országok, nyelvek és rekordok – 58. rész","Ez a szöveg lépésről lépésre magyaráz.

Röviden: Törökország fővárosa Ankara. Folytatjuk. Jegyezd meg: Németországban kb. 83-84 millió ember él. A következő pontra. Kanada fővárosa Ottawa. Tovább. Tény: 5 óceán van: Atlanti, Csendes, Indiai, Déli és Jeges.

Folytatjuk. Jegyezd meg: Brazíliában portugálul beszélnek. Ez is számít. Tudtad? Brazília fővárosa Brazíliaváros. Folytatjuk. Biztos: Japán pénze a jen. Tovább.

Jó tudni: Területre a világ legnagyobb országa Oroszország. A következő pontra. Brazíliában portugálul beszélnek. Ez is számít. Röviden: Területre a világ legnagyobb országa Oroszország. Ez is számít. Biztos: 5 óceán van: Atlanti, Csendes, Indiai, Déli és Jeges.

Folytatjuk. Röviden: Japán pénze a jen. Ennyi erről. Jó tudni: Brazíliában portugálul beszélnek.

Vége ennek az áttekintésnek."
119,"Országok, nyelvek és rekordok – 59. rész","Alább ellenőrzött tudást találsz.

Jegyezd meg: Kanada fővárosa Ottawa. Folytatjuk. Tudtad? Vitatott: általában Nílus és Amazonas, mindkettő 6500 km felett. Ennyi erről. Jó tudni: Japán pénze a jen. Ennyi erről. Tudtad? Ausztrália fővárosa Canberra.

Tovább. Kanada fővárosa Ottawa. Ennyi erről. Tény: Ausztrália fővárosa Canberra. A következő pontra. Jegyezd meg: Brazíliában portugálul beszélnek. Ennyi erről.

Jó tudni: Vitatott: általában Nílus és Amazonas, mindkettő 6500 km felett. Folytatjuk. Tudtad? Brazília fővárosa Brazíliaváros. Tovább. Tény: A világ legnagyobb állata a kék bálna. Tovább. Biztos: Németországban kb. 83-84 millió ember él.

Ennyi erről. Biztos: Brazília fővárosa Brazíliaváros. A következő pontra. Jó tudni: Brazíliában portugálul beszélnek.

Most már ismered a tényeket."
120,"Országok, nyelvek és rekordok – 60. rész","Ez a szöveg fontos tényeket mutat be. Olvasd nyugodtan.

Röviden: Törökország fővárosa Ankara. Tovább. Tudtad? Brazíliában portugálul beszélnek. Tovább. Tudtad? Vitatott: általában Nílus és Amazonas, mindkettő 6500 km felett. A következő pontra. Biztos: Törökország fővárosa Ankara.

Még egy tény. Tény: Németországnak 16 tartománya van. Tovább. Tudtad? Ausztrália fővárosa Canberra. A következő pontra. Röviden: 5 óceán van: Atlanti, Csendes, Indiai, Déli és Jeges. Tovább.

Jegyezd meg: Brazíliában portugálul beszélnek. Tovább. Jegyezd meg: A világ legnagyobb állata a kék bálna. Folytatjuk. Brazíliában portugálul beszélnek. A következő pontra. Biztos: A világ legnagyobb állata a kék bálna.

Folytatjuk. Röviden: Az USA pénze az amerikai dollár. Tovább. Törökország fővárosa Ankara.

Vége ennek az áttekintésnek."
121,Történelem röviden – 1. rész,"Itt rendezett tudást tanulsz. Ne siess.

Jó tudni: Az első világháború 1914-től 1918-ig tartott. Tovább. Tény: Az Alaptörvény Németország alkotmánya, 1949 óta érvényes. A következő pontra. Röviden: A zaklatás ismétlődő vegzálás. Beszélj megbízhatókkal, őrizz bizonyítékot, kérj segítséget. Még egy tény. Biztos: Marie Curie a radioaktivitást kutatta és két Nobelt nyert.

Még egy tény. Jó tudni: A második világháború 1939-től 1945-ig tartott. Tovább. Tudtad? Leonardo da Vinci olasz művész és feltaláló volt, Mona Lisáról híres. Ennyi erről. Jó tudni: Az infláció azt jelenti, hogy az árak nőnek és a pénz értéket veszít. Ennyi erről.

Tudtad? A zaklatás ismétlődő vegzálás. Beszélj megbízhatókkal, őrizz bizonyítékot, kérj segítséget. Folytatjuk. Jó tudni: Az első Holdra szállás 1969-ben volt Apollo 11-gyel. Még egy tény. Tény: Az infláció azt jelenti, hogy az árak nőnek és a pénz értéket veszít. Tovább. Tudtad? Az első Holdra szállás 1969-ben volt Apollo 11-gyel.

Tovább. Röviden: A béke háború és erőszak nélküli együttélést jelenti. A következő pontra. Jó tudni: A középkor kb. 500-tól 1500-ig tartott, ókor és újkor között.

Ez volt a lényeg."
122,Történelem röviden – 2. rész,"Itt rendezett tudást tanulsz. Ne siess.

Röviden: A Bundestagba 18 éves kortól. Az EP-választáson Németországban 16-tól. Folytatjuk. Jegyezd meg: Marie Curie a radioaktivitást kutatta és két Nobelt nyert. A következő pontra. Tudtad? Az autót Carl Benz találta fel 1886-os kocsival. Még egy tény. Tudtad? A Bundestagba 18 éves kortól. Az EP-választáson Németországban 16-tól.

Folytatjuk. Röviden: Az Alaptörvény Németország alkotmánya, 1949 óta érvényes. Folytatjuk. Tény: Diktatúrában egy személy vagy csoport kormányoz szabad választások nélkül; demokráciában a hatalom a néptől jön. Tovább. Tudtad? Diktatúrában egy személy vagy csoport kormányoz szabad választások nélkül; demokráciában a hatalom a néptől jön. A következő pontra.

Jó tudni: A demokrácia a nép uralmát jelenti, általában szabad választásokkal és alapjogokkal. A következő pontra. Röviden: Az első Holdra szállás 1969-ben volt Apollo 11-gyel. Ez is számít. Tény: Az első motoros repülést a Wright fivérek végezték 1903-ban. A következő pontra. Biztos: Az EU-nak 27 tagállama van.

Ennyi erről. Biztos: A demokrácia a nép uralmát jelenti, általában szabad választásokkal és alapjogokkal. Ennyi erről. Jó tudni: Az emberi jogok mindenki alapjogai, mint élet, szabadság és egyenlőség.

A szöveg vége. Szép munka."
123,Történelem röviden – 3. rész,"Itt rendezett tudást tanulsz. Ne siess.

Jegyezd meg: Az EU európai államok uniója egységes piaccal és közös intézményekkel. Folytatjuk. Tudtad? Az infláció azt jelenti, hogy az árak nőnek és a pénz értéket veszít. Ez is számít. Az emberi jogok mindenki alapjogai, mint élet, szabadság és egyenlőség. Még egy tény. Jó tudni: Az EU-nak 27 tagállama van.

Ez is számít. Tudtad? A középkor kb. 500-tól 1500-ig tartott, ókor és újkor között. Ez is számít. Az EU-nak 27 tagállama van. A következő pontra. Biztos: A második világháború 1939-től 1945-ig tartott. Még egy tény.

Röviden: A francia forradalom 1789 óta megdöntötte a monarchiát szabadság, egyenlőség, testvériség alatt. Még egy tény. Jó tudni: Németország 1990-ben egyesült újra. Még egy tény. Jegyezd meg: Az emberi jogok mindenki alapjogai, mint élet, szabadság és egyenlőség. Tovább. Biztos: A Bundestagba 18 éves kortól. Az EP-választáson Németországban 16-tól.

Folytatjuk. Tudtad? A Bundestagba 18 éves kortól. Az EP-választáson Németországban 16-tól. Ez is számít. Biztos: Az iparosítás a gépekre és gyárakra való átállás volt a 18. századtól.

Most már ismered a tényeket."
124,Történelem röviden – 4. rész,"Ez a szöveg fontos tényeket mutat be. Olvasd nyugodtan.

Tudtad? Marie Curie a radioaktivitást kutatta és két Nobelt nyert. Folytatjuk. Röviden: Az alapok ARPANET 1969-ben, a Web 1989 óta. Még egy tény. Röviden: A berlini fal 1961-től 1989-ig Kelet- és Nyugat-Berlin erődített határa volt. Ennyi erről. Röviden: Az iparosítás a gépekre és gyárakra való átállás volt a 18. századtól.

Ez is számít. Az EU európai államok uniója egységes piaccal és közös intézményekkel. Ez is számít. Jegyezd meg: A berlini fal 1989. november 9-én omlott le. Ennyi erről. Az első Holdra szállás 1969-ben volt Apollo 11-gyel. Ez is számít.

Tény: A zaklatás ismétlődő vegzálás. Beszélj megbízhatókkal, őrizz bizonyítékot, kérj segítséget. Folytatjuk. Jegyezd meg: Az igazságosság mindenkinek igazságos és egyenlő bánást jelent. Még egy tény. Jegyezd meg: Az EU-nak 27 tagállama van. Még egy tény. Tény: Az EU-nak 27 tagállama van.

Folytatjuk. Biztos: A fenntarthatóság azt jelenti, hogy úgy élünk, hogy a jövő nemzedékeknek is legyen erőforrása. Még egy tény. Tény: A francia forradalom 1789 óta megdöntötte a monarchiát szabadság, egyenlőség, testvériség alatt.

Ez volt a lényeg."
125,Történelem röviden – 5. rész,"Ez a szöveg fontos tényeket mutat be. Olvasd nyugodtan.

Tudtad? Az Alaptörvény Németország alkotmánya, 1949 óta érvényes. A következő pontra. Biztos: Az Alaptörvény Németország alkotmánya, 1949 óta érvényes. Tovább. Biztos: A fenntarthatóság azt jelenti, hogy úgy élünk, hogy a jövő nemzedékeknek is legyen erőforrása. Tovább. Tény: Az első Holdra szállás 1969-ben volt Apollo 11-gyel.

Ez is számít. Az első világháború 1914-től 1918-ig tartott. A következő pontra. Jegyezd meg: A zaklatás ismétlődő vegzálás. Beszélj megbízhatókkal, őrizz bizonyítékot, kérj segítséget. Tovább. Biztos: Az első Holdra szállás 1969-ben volt Apollo 11-gyel. A következő pontra.

Leonardo da Vinci olasz művész és feltaláló volt, Mona Lisáról híres. Még egy tény. Biztos: A zaklatás ismétlődő vegzálás. Beszélj megbízhatókkal, őrizz bizonyítékot, kérj segítséget. Folytatjuk. Jegyezd meg: A telefont Alexander Graham Bell szabadalmaztatta 1876-ban, Antonio Meucci úttörő munkájával. A következő pontra. Jó tudni: A szabadság azt jelenti, hogy szabadon élünk mások sérelme nélkül.

Ez is számít. Biztos: A béke háború és erőszak nélküli együttélést jelenti. A következő pontra. Tudtad? A demokrácia a nép uralmát jelenti, általában szabad választásokkal és alapjogokkal.

Vége ennek az áttekintésnek."
126,Történelem röviden – 6. rész,"Alább ellenőrzött tudást találsz.

Tény: Németország 1990-ben egyesült újra. Folytatjuk. Jegyezd meg: A Bundestagba 18 éves kortól. Az EP-választáson Németországban 16-tól. Ez is számít. Tény: Az autót Carl Benz találta fel 1886-os kocsival. Ez is számít. Tudtad? Az emberi jogok mindenki alapjogai, mint élet, szabadság és egyenlőség.

Tovább. Röviden: Az első Holdra szállás 1969-ben volt Apollo 11-gyel. Tovább. Röviden: Az autót Carl Benz találta fel 1886-os kocsival. A következő pontra. Jegyezd meg: Diktatúrában egy személy vagy csoport kormányoz szabad választások nélkül; demokráciában a hatalom a néptől jön. Ennyi erről.

Jegyezd meg: Az EU-nak 27 tagállama van. A következő pontra. Biztos: Az EU-nak 27 tagállama van. Folytatjuk. Röviden: A telefont Alexander Graham Bell szabadalmaztatta 1876-ban, Antonio Meucci úttörő munkájával. Tovább. Jegyezd meg: Leonardo da Vinci olasz művész és feltaláló volt, Mona Lisáról híres.

Tovább. Röviden: Az EU-nak 27 tagállama van. Ez is számít. Jó tudni: A fenntarthatóság azt jelenti, hogy úgy élünk, hogy a jövő nemzedékeknek is legyen erőforrása.

Ez volt a lényeg."
127,Történelem röviden – 7. rész,"Itt rendezett tudást tanulsz. Ne siess.

Jegyezd meg: A béke háború és erőszak nélküli együttélést jelenti. A következő pontra. Röviden: A második világháború 1939-től 1945-ig tartott. Tovább. Tény: Az emberi jogok mindenki alapjogai, mint élet, szabadság és egyenlőség. Ez is számít. Röviden: Az infláció azt jelenti, hogy az árak nőnek és a pénz értéket veszít.

Ennyi erről. Jegyezd meg: A választók szavaznak, a szavazatokat számolják és a mandátumokat eredmény szerint osztják. Még egy tény. Tény: A zaklatás ismétlődő vegzálás. Beszélj megbízhatókkal, őrizz bizonyítékot, kérj segítséget. Folytatjuk. Tény: A berlini fal 1961-től 1989-ig Kelet- és Nyugat-Berlin erődített határa volt. A következő pontra.

A béke háború és erőszak nélküli együttélést jelenti. Még egy tény. Röviden: Az első Holdra szállás 1969-ben volt Apollo 11-gyel. Ennyi erről. Biztos: Az emberi jogok mindenki alapjogai, mint élet, szabadság és egyenlőség. Még egy tény. Jegyezd meg: Az iparosítás a gépekre és gyárakra való átállás volt a 18. századtól.

A következő pontra. Jegyezd meg: Marie Curie a radioaktivitást kutatta és két Nobelt nyert. Ez is számít. Biztos: Az alapok ARPANET 1969-ben, a Web 1989 óta.

Vége ennek az áttekintésnek."
128,Történelem röviden – 8. rész,"Alább ellenőrzött tudást találsz.

Tudtad? A második világháború 1939-től 1945-ig tartott. Folytatjuk. A berlini fal 1989. november 9-én omlott le. Ennyi erről. Jó tudni: Az autót Carl Benz találta fel 1886-os kocsival. Még egy tény. Tudtad? Az Alaptörvény Németország alkotmánya, 1949 óta érvényes.

Ennyi erről. A második világháború 1939-től 1945-ig tartott. Ez is számít. Jó tudni: Diktatúrában egy személy vagy csoport kormányoz szabad választások nélkül; demokráciában a hatalom a néptől jön. Még egy tény. Röviden: A fenntarthatóság azt jelenti, hogy úgy élünk, hogy a jövő nemzedékeknek is legyen erőforrása. Még egy tény.

Tény: A berlini fal 1989. november 9-én omlott le. Ez is számít. Jó tudni: A berlini fal 1989. november 9-én omlott le. Tovább. Tény: A berlini fal 1961-től 1989-ig Kelet- és Nyugat-Berlin erődített határa volt. A következő pontra. Jó tudni: A francia forradalom 1789 óta megdöntötte a monarchiát szabadság, egyenlőség, testvériség alatt.

Folytatjuk. Jó tudni: Az első Holdra szállás 1969-ben volt Apollo 11-gyel. A következő pontra. A választók szavaznak, a szavazatokat számolják és a mandátumokat eredmény szerint osztják.

A szöveg vége. Szép munka."
129,Történelem röviden – 9. rész,"Itt rendezett tudást tanulsz. Ne siess.

Tudtad? A középkor kb. 500-tól 1500-ig tartott, ókor és újkor között. Ez is számít. Jegyezd meg: Diktatúrában egy személy vagy csoport kormányoz szabad választások nélkül; demokráciában a hatalom a néptől jön. Ennyi erről. A második világháború 1939-től 1945-ig tartott. Folytatjuk. Az első motoros repülést a Wright fivérek végezték 1903-ban.

A következő pontra. Tudtad? Az infláció azt jelenti, hogy az árak nőnek és a pénz értéket veszít. A következő pontra. Jegyezd meg: Az első motoros repülést a Wright fivérek végezték 1903-ban. Tovább. Tény: A választók szavaznak, a szavazatokat számolják és a mandátumokat eredmény szerint osztják. Ez is számít.

Jegyezd meg: A berlini fal 1961-től 1989-ig Kelet- és Nyugat-Berlin erődített határa volt. A következő pontra. Tudtad? A relativitást Albert Einstein dolgozta ki. Ez is számít. Röviden: Az első motoros repülést a Wright fivérek végezték 1903-ban. Ez is számít. Jó tudni: A béke háború és erőszak nélküli együttélést jelenti.

Tovább. Biztos: A berlini fal 1989. november 9-én omlott le. Ez is számít. Tudtad? Az Alaptörvény Németország alkotmánya, 1949 óta érvényes.

Most már ismered a tényeket."
130,Történelem röviden – 10. rész,"Alább ellenőrzött tudást találsz.

Tudtad? A középkor kb. 500-tól 1500-ig tartott, ókor és újkor között. Ez is számít. Jegyezd meg: A berlini fal 1989. november 9-én omlott le. Még egy tény. Jó tudni: Az igazságosság mindenkinek igazságos és egyenlő bánást jelent. A következő pontra. Jegyezd meg: A választók szavaznak, a szavazatokat számolják és a mandátumokat eredmény szerint osztják.

A következő pontra. Tény: A zaklatás ismétlődő vegzálás. Beszélj megbízhatókkal, őrizz bizonyítékot, kérj segítséget. Ennyi erről. Biztos: A berlini fal 1961-től 1989-ig Kelet- és Nyugat-Berlin erődített határa volt. Még egy tény. Tudtad? Az EU európai államok uniója egységes piaccal és közös intézményekkel. Tovább.

Tény: Az infláció azt jelenti, hogy az árak nőnek és a pénz értéket veszít. A következő pontra. Röviden: Az első motoros repülést a Wright fivérek végezték 1903-ban. Még egy tény. Tudtad? A francia forradalom 1789 óta megdöntötte a monarchiát szabadság, egyenlőség, testvériség alatt. Ez is számít. Tény: A berlini fal 1961-től 1989-ig Kelet- és Nyugat-Berlin erődített határa volt.

Ennyi erről. Tény: A béke háború és erőszak nélküli együttélést jelenti. Tovább. Jó tudni: Az EU európai államok uniója egységes piaccal és közös intézményekkel.

Most már ismered a tényeket."
131,Történelem röviden – 11. rész,"Itt rendezett tudást tanulsz. Ne siess.

Marie Curie a radioaktivitást kutatta és két Nobelt nyert. Tovább. Tény: A fenntarthatóság azt jelenti, hogy úgy élünk, hogy a jövő nemzedékeknek is legyen erőforrása. Tovább. Tudtad? A választók szavaznak, a szavazatokat számolják és a mandátumokat eredmény szerint osztják. A következő pontra. Tudtad? Az első Holdra szállás 1969-ben volt Apollo 11-gyel.

Ennyi erről. Tudtad? A berlini fal 1961-től 1989-ig Kelet- és Nyugat-Berlin erődített határa volt. Folytatjuk. Röviden: A berlini fal 1989. november 9-én omlott le. A következő pontra. Jegyezd meg: A szabadság azt jelenti, hogy szabadon élünk mások sérelme nélkül. Folytatjuk.

Tény: A Bundestagba 18 éves kortól. Az EP-választáson Németországban 16-tól. Ennyi erről. Röviden: Németország 1990-ben egyesült újra. A következő pontra. Az infláció azt jelenti, hogy az árak nőnek és a pénz értéket veszít. Ez is számít. Tény: A középkor kb. 500-tól 1500-ig tartott, ókor és újkor között.

Még egy tény. Röviden: Az első Holdra szállás 1969-ben volt Apollo 11-gyel. Folytatjuk. Jó tudni: A berlini fal 1961-től 1989-ig Kelet- és Nyugat-Berlin erődített határa volt.

Most már ismered a tényeket."
132,Történelem röviden – 12. rész,"Ez a szöveg fontos tényeket mutat be. Olvasd nyugodtan.

A demokrácia a nép uralmát jelenti, általában szabad választásokkal és alapjogokkal. Ez is számít. Biztos: Az iparosítás a gépekre és gyárakra való átállás volt a 18. századtól. A következő pontra. Röviden: A demokrácia a nép uralmát jelenti, általában szabad választásokkal és alapjogokkal. Folytatjuk. Röviden: Az első Holdra szállás 1969-ben volt Apollo 11-gyel.

A következő pontra. Tudtad? A zaklatás ismétlődő vegzálás. Beszélj megbízhatókkal, őrizz bizonyítékot, kérj segítséget. Még egy tény. Jegyezd meg: Az EU európai államok uniója egységes piaccal és közös intézményekkel. Tovább. Jegyezd meg: Az első világháború 1914-től 1918-ig tartott. Tovább.

Jó tudni: A zaklatás ismétlődő vegzálás. Beszélj megbízhatókkal, őrizz bizonyítékot, kérj segítséget. Ez is számít. Röviden: A fenntarthatóság azt jelenti, hogy úgy élünk, hogy a jövő nemzedékeknek is legyen erőforrása. Folytatjuk. Biztos: Az infláció azt jelenti, hogy az árak nőnek és a pénz értéket veszít. A következő pontra. Tudtad? Az első Holdra szállás 1969-ben volt Apollo 11-gyel.

Még egy tény. Biztos: A zaklatás ismétlődő vegzálás. Beszélj megbízhatókkal, őrizz bizonyítékot, kérj segítséget. A következő pontra. A zaklatás ismétlődő vegzálás. Beszélj megbízhatókkal, őrizz bizonyítékot, kérj segítséget.

A szöveg vége. Szép munka."
133,Történelem röviden – 13. rész,"Ez a szöveg fontos tényeket mutat be. Olvasd nyugodtan.

Jó tudni: Leonardo da Vinci olasz művész és feltaláló volt, Mona Lisáról híres. Még egy tény. Tudtad? A szabadság azt jelenti, hogy szabadon élünk mások sérelme nélkül. Tovább. Jó tudni: Az EU európai államok uniója egységes piaccal és közös intézményekkel. Ez is számít. Jó tudni: A választók szavaznak, a szavazatokat számolják és a mandátumokat eredmény szerint osztják.

Tovább. Biztos: A berlini fal 1961-től 1989-ig Kelet- és Nyugat-Berlin erődített határa volt. Ez is számít. Röviden: Az Alaptörvény Németország alkotmánya, 1949 óta érvényes. A következő pontra. Tudtad? A telefont Alexander Graham Bell szabadalmaztatta 1876-ban, Antonio Meucci úttörő munkájával. Folytatjuk.

Jegyezd meg: A francia forradalom 1789 óta megdöntötte a monarchiát szabadság, egyenlőség, testvériség alatt. Folytatjuk. Tudtad? Az Alaptörvény Németország alkotmánya, 1949 óta érvényes. Ez is számít. Jegyezd meg: Az autót Carl Benz találta fel 1886-os kocsival. Tovább. Tudtad? Az első Holdra szállás 1969-ben volt Apollo 11-gyel.

Tovább. Jó tudni: Marie Curie a radioaktivitást kutatta és két Nobelt nyert. Ennyi erről. Tudtad? A zaklatás ismétlődő vegzálás. Beszélj megbízhatókkal, őrizz bizonyítékot, kérj segítséget.

A szöveg vége. Szép munka."
134,Történelem röviden – 14. rész,"Itt rendezett tudást tanulsz. Ne siess.

Tudtad? Az igazságosság mindenkinek igazságos és egyenlő bánást jelent. Ennyi erről. Marie Curie a radioaktivitást kutatta és két Nobelt nyert. Még egy tény. Az EU-nak 27 tagállama van. Folytatjuk. Biztos: Az Alaptörvény Németország alkotmánya, 1949 óta érvényes.

Ennyi erről. Tudtad? Németország 1990-ben egyesült újra. Ennyi erről. Jó tudni: Az első motoros repülést a Wright fivérek végezték 1903-ban. Még egy tény. Tény: Diktatúrában egy személy vagy csoport kormányoz szabad választások nélkül; demokráciában a hatalom a néptől jön. Ez is számít.

Jó tudni: Az alapok ARPANET 1969-ben, a Web 1989 óta. Folytatjuk. Jegyezd meg: Az iparosítás a gépekre és gyárakra való átállás volt a 18. századtól. Tovább. Az első motoros repülést a Wright fivérek végezték 1903-ban. Tovább. Röviden: A telefont Alexander Graham Bell szabadalmaztatta 1876-ban, Antonio Meucci úttörő munkájával.

A következő pontra. Tudtad? Az első Holdra szállás 1969-ben volt Apollo 11-gyel. Még egy tény. Röviden: Az első motoros repülést a Wright fivérek végezték 1903-ban.

Vége ennek az áttekintésnek."
135,Történelem röviden – 15. rész,"Alább ellenőrzött tudást találsz.

Biztos: Leonardo da Vinci olasz művész és feltaláló volt, Mona Lisáról híres. Ez is számít. Jó tudni: Leonardo da Vinci olasz művész és feltaláló volt, Mona Lisáról híres. Tovább. Tudtad? A választók szavaznak, a szavazatokat számolják és a mandátumokat eredmény szerint osztják. Ennyi erről. Jegyezd meg: A Bundestagba 18 éves kortól. Az EP-választáson Németországban 16-tól.

Tovább. Jegyezd meg: A telefont Alexander Graham Bell szabadalmaztatta 1876-ban, Antonio Meucci úttörő munkájával. Ennyi erről. Az infláció azt jelenti, hogy az árak nőnek és a pénz értéket veszít. Tovább. Tudtad? Az első Holdra szállás 1969-ben volt Apollo 11-gyel. A következő pontra.

Jegyezd meg: Németország 1990-ben egyesült újra. Tovább. A francia forradalom 1789 óta megdöntötte a monarchiát szabadság, egyenlőség, testvériség alatt. Tovább. Biztos: A fenntarthatóság azt jelenti, hogy úgy élünk, hogy a jövő nemzedékeknek is legyen erőforrása. Ez is számít. Tudtad? Az emberi jogok mindenki alapjogai, mint élet, szabadság és egyenlőség.

A következő pontra. Tény: Az alapok ARPANET 1969-ben, a Web 1989 óta. A következő pontra. Jegyezd meg: A fenntarthatóság azt jelenti, hogy úgy élünk, hogy a jövő nemzedékeknek is legyen erőforrása.

Ez volt a lényeg."
136,Történelem röviden – 16. rész,"Ez a szöveg fontos tényeket mutat be. Olvasd nyugodtan.

A második világháború 1939-től 1945-ig tartott. Ez is számít. Jegyezd meg: Diktatúrában egy személy vagy csoport kormányoz szabad választások nélkül; demokráciában a hatalom a néptől jön. Ez is számít. Tény: Az EU-nak 27 tagállama van. Tovább. Jegyezd meg: A demokrácia a nép uralmát jelenti, általában szabad választásokkal és alapjogokkal.

Tovább. Tudtad? Az első Holdra szállás 1969-ben volt Apollo 11-gyel. Tovább. Tudtad? A zaklatás ismétlődő vegzálás. Beszélj megbízhatókkal, őrizz bizonyítékot, kérj segítséget. Ez is számít. Tény: Az iparosítás a gépekre és gyárakra való átállás volt a 18. századtól. Ez is számít.

Tény: Az első Holdra szállás 1969-ben volt Apollo 11-gyel. A következő pontra. Röviden: A zaklatás ismétlődő vegzálás. Beszélj megbízhatókkal, őrizz bizonyítékot, kérj segítséget. A következő pontra. Röviden: Az Alaptörvény Németország alkotmánya, 1949 óta érvényes. Ennyi erről. Tény: Az autót Carl Benz találta fel 1886-os kocsival.

Még egy tény. Tudtad? Az iparosítás a gépekre és gyárakra való átállás volt a 18. századtól. Tovább. Jó tudni: Az Alaptörvény Németország alkotmánya, 1949 óta érvényes.

Most már ismered a tényeket."
137,Történelem röviden – 17. rész,"Ez a szöveg fontos tényeket mutat be. Olvasd nyugodtan.

A berlini fal 1989. november 9-én omlott le. Még egy tény. Jegyezd meg: A berlini fal 1989. november 9-én omlott le. Ez is számít. A telefont Alexander Graham Bell szabadalmaztatta 1876-ban, Antonio Meucci úttörő munkájával. Ez is számít. Röviden: A választók szavaznak, a szavazatokat számolják és a mandátumokat eredmény szerint osztják.

Ennyi erről. Biztos: Az EU európai államok uniója egységes piaccal és közös intézményekkel. Még egy tény. Jegyezd meg: Leonardo da Vinci olasz művész és feltaláló volt, Mona Lisáról híres. Még egy tény. Tudtad? A Bundestagba 18 éves kortól. Az EP-választáson Németországban 16-tól. Ez is számít.

Biztos: A szabadság azt jelenti, hogy szabadon élünk mások sérelme nélkül. Ennyi erről. Tudtad? A szabadság azt jelenti, hogy szabadon élünk mások sérelme nélkül. Még egy tény. Jegyezd meg: Az EU-nak 27 tagállama van. Még egy tény. Jegyezd meg: A berlini fal 1961-től 1989-ig Kelet- és Nyugat-Berlin erődített határa volt.

Ennyi erről. Biztos: Az infláció azt jelenti, hogy az árak nőnek és a pénz értéket veszít. Még egy tény. A relativitást Albert Einstein dolgozta ki.

Vége ennek az áttekintésnek."
138,Történelem röviden – 18. rész,"Ez a szöveg lépésről lépésre magyaráz.

Jó tudni: A béke háború és erőszak nélküli együttélést jelenti. A következő pontra. A második világháború 1939-től 1945-ig tartott. Tovább. Röviden: A zaklatás ismétlődő vegzálás. Beszélj megbízhatókkal, őrizz bizonyítékot, kérj segítséget. Még egy tény. Leonardo da Vinci olasz művész és feltaláló volt, Mona Lisáról híres.

Folytatjuk. Tény: Németország 1990-ben egyesült újra. Folytatjuk. Biztos: Az első világháború 1914-től 1918-ig tartott. Ennyi erről. Jegyezd meg: A szabadság azt jelenti, hogy szabadon élünk mások sérelme nélkül. Folytatjuk.

Jó tudni: Az Alaptörvény Németország alkotmánya, 1949 óta érvényes. Ez is számít. Tény: A francia forradalom 1789 óta megdöntötte a monarchiát szabadság, egyenlőség, testvériség alatt. A következő pontra. Biztos: Leonardo da Vinci olasz művész és feltaláló volt, Mona Lisáról híres. A következő pontra. Az EU európai államok uniója egységes piaccal és közös intézményekkel.

Ennyi erről. Tudtad? Az Alaptörvény Németország alkotmánya, 1949 óta érvényes. Ez is számít. Jegyezd meg: Németország 1990-ben egyesült újra.

Most már ismered a tényeket."
139,Történelem röviden – 19. rész,"Alább ellenőrzött tudást találsz.

Biztos: A második világháború 1939-től 1945-ig tartott. Tovább. Jó tudni: Az autót Carl Benz találta fel 1886-os kocsival. Ez is számít. Jó tudni: Leonardo da Vinci olasz művész és feltaláló volt, Mona Lisáról híres. A következő pontra. Röviden: Az első Holdra szállás 1969-ben volt Apollo 11-gyel.

A következő pontra. Az iparosítás a gépekre és gyárakra való átállás volt a 18. századtól. A következő pontra. Röviden: Az első motoros repülést a Wright fivérek végezték 1903-ban. Tovább. Biztos: Az EU-nak 27 tagállama van. Folytatjuk.

Tudtad? A demokrácia a nép uralmát jelenti, általában szabad választásokkal és alapjogokkal. Ez is számít. Biztos: Az EU európai államok uniója egységes piaccal és közös intézményekkel. Ez is számít. Tudtad? A telefont Alexander Graham Bell szabadalmaztatta 1876-ban, Antonio Meucci úttörő munkájával. Tovább. Tudtad? Az első világháború 1914-től 1918-ig tartott.

Tovább. Marie Curie a radioaktivitást kutatta és két Nobelt nyert. Folytatjuk. Tudtad? A választók szavaznak, a szavazatokat számolják és a mandátumokat eredmény szerint osztják.

A szöveg vége. Szép munka."
140,Történelem röviden – 20. rész,"Ez a szöveg lépésről lépésre magyaráz.

Tény: A választók szavaznak, a szavazatokat számolják és a mandátumokat eredmény szerint osztják. A következő pontra. Leonardo da Vinci olasz művész és feltaláló volt, Mona Lisáról híres. Ez is számít. Biztos: Az EU-nak 27 tagállama van. A következő pontra. Tény: A telefont Alexander Graham Bell szabadalmaztatta 1876-ban, Antonio Meucci úttörő munkájával.

Ennyi erről. Röviden: A zaklatás ismétlődő vegzálás. Beszélj megbízhatókkal, őrizz bizonyítékot, kérj segítséget. Ennyi erről. Jegyezd meg: Az emberi jogok mindenki alapjogai, mint élet, szabadság és egyenlőség. Még egy tény. Tudtad? Az Alaptörvény Németország alkotmánya, 1949 óta érvényes. Folytatjuk.

Tudtad? A demokrácia a nép uralmát jelenti, általában szabad választásokkal és alapjogokkal. Még egy tény. Tudtad? A francia forradalom 1789 óta megdöntötte a monarchiát szabadság, egyenlőség, testvériség alatt. Ez is számít. Tény: Az első világháború 1914-től 1918-ig tartott. Még egy tény. Biztos: A berlini fal 1989. november 9-én omlott le.

Még egy tény. Röviden: Az első Holdra szállás 1969-ben volt Apollo 11-gyel. A következő pontra. Jó tudni: Az iparosítás a gépekre és gyárakra való átállás volt a 18. századtól.

Vége ennek az áttekintésnek."
141,Történelem röviden – 21. rész,"Ez a szöveg lépésről lépésre magyaráz.

Röviden: Az Alaptörvény Németország alkotmánya, 1949 óta érvényes. Tovább. Tény: Marie Curie a radioaktivitást kutatta és két Nobelt nyert. Még egy tény. A relativitást Albert Einstein dolgozta ki. Ennyi erről. Jegyezd meg: Az Alaptörvény Németország alkotmánya, 1949 óta érvényes.

Még egy tény. Biztos: Az infláció azt jelenti, hogy az árak nőnek és a pénz értéket veszít. Tovább. A fenntarthatóság azt jelenti, hogy úgy élünk, hogy a jövő nemzedékeknek is legyen erőforrása. Ez is számít. Tudtad? A Bundestagba 18 éves kortól. Az EP-választáson Németországban 16-tól. Ez is számít.

A választók szavaznak, a szavazatokat számolják és a mandátumokat eredmény szerint osztják. Tovább. Az Alaptörvény Németország alkotmánya, 1949 óta érvényes. Ennyi erről. Tudtad? A középkor kb. 500-tól 1500-ig tartott, ókor és újkor között. A következő pontra. Jó tudni: A középkor kb. 500-tól 1500-ig tartott, ókor és újkor között.

Folytatjuk. Tudtad? Marie Curie a radioaktivitást kutatta és két Nobelt nyert. Még egy tény. Jegyezd meg: A második világháború 1939-től 1945-ig tartott.

Ez volt a lényeg."
142,Történelem röviden – 22. rész,"Ez a szöveg lépésről lépésre magyaráz.

Röviden: A zaklatás ismétlődő vegzálás. Beszélj megbízhatókkal, őrizz bizonyítékot, kérj segítséget. Ennyi erről. Tény: A berlini fal 1961-től 1989-ig Kelet- és Nyugat-Berlin erődített határa volt. Folytatjuk. Jegyezd meg: A második világháború 1939-től 1945-ig tartott. A következő pontra. A francia forradalom 1789 óta megdöntötte a monarchiát szabadság, egyenlőség, testvériség alatt.

Tovább. Tény: Az első Holdra szállás 1969-ben volt Apollo 11-gyel. Még egy tény. Jegyezd meg: Az EU-nak 27 tagállama van. Ennyi erről. A berlini fal 1989. november 9-én omlott le. Folytatjuk.

Biztos: A demokrácia a nép uralmát jelenti, általában szabad választásokkal és alapjogokkal. Még egy tény. Jegyezd meg: A szabadság azt jelenti, hogy szabadon élünk mások sérelme nélkül. Ez is számít. Jó tudni: Az első motoros repülést a Wright fivérek végezték 1903-ban. Ez is számít. Tény: A Bundestagba 18 éves kortól. Az EP-választáson Németországban 16-tól.

Folytatjuk. Jegyezd meg: A zaklatás ismétlődő vegzálás. Beszélj megbízhatókkal, őrizz bizonyítékot, kérj segítséget. Még egy tény. Röviden: A berlini fal 1961-től 1989-ig Kelet- és Nyugat-Berlin erődített határa volt.

Vége ennek az áttekintésnek."
143,Történelem röviden – 23. rész,"Alább ellenőrzött tudást találsz.

Tény: Az EU európai államok uniója egységes piaccal és közös intézményekkel. Ez is számít. Tudtad? A középkor kb. 500-tól 1500-ig tartott, ókor és újkor között. Ennyi erről. Jó tudni: Az EU-nak 27 tagállama van. Még egy tény. Tudtad? Az első motoros repülést a Wright fivérek végezték 1903-ban.

Tovább. Röviden: A berlini fal 1961-től 1989-ig Kelet- és Nyugat-Berlin erődített határa volt. Még egy tény. Jó tudni: Az infláció azt jelenti, hogy az árak nőnek és a pénz értéket veszít. A következő pontra. Tény: Marie Curie a radioaktivitást kutatta és két Nobelt nyert. Folytatjuk.

Biztos: A francia forradalom 1789 óta megdöntötte a monarchiát szabadság, egyenlőség, testvériség alatt. A következő pontra. Röviden: Az autót Carl Benz találta fel 1886-os kocsival. Folytatjuk. Tudtad? A választók szavaznak, a szavazatokat számolják és a mandátumokat eredmény szerint osztják. Még egy tény. Jegyezd meg: Az igazságosság mindenkinek igazságos és egyenlő bánást jelent.

Még egy tény. Az Alaptörvény Németország alkotmánya, 1949 óta érvényes. Ennyi erről. Az infláció azt jelenti, hogy az árak nőnek és a pénz értéket veszít.

Ez volt a lényeg."
144,Történelem röviden – 24. rész,"Ez a szöveg lépésről lépésre magyaráz.

Tudtad? A berlini fal 1989. november 9-én omlott le. A következő pontra. Tudtad? A szabadság azt jelenti, hogy szabadon élünk mások sérelme nélkül. A következő pontra. Biztos: A választók szavaznak, a szavazatokat számolják és a mandátumokat eredmény szerint osztják. Tovább. Az iparosítás a gépekre és gyárakra való átállás volt a 18. századtól.

Még egy tény. Tudtad? Diktatúrában egy személy vagy csoport kormányoz szabad választások nélkül; demokráciában a hatalom a néptől jön. A következő pontra. Jó tudni: A berlini fal 1989. november 9-én omlott le. Tovább. Tudtad? A relativitást Albert Einstein dolgozta ki. Tovább.

Biztos: A Bundestagba 18 éves kortól. Az EP-választáson Németországban 16-tól. Ennyi erről. Az emberi jogok mindenki alapjogai, mint élet, szabadság és egyenlőség. Ennyi erről. A béke háború és erőszak nélküli együttélést jelenti. Tovább. Biztos: A demokrácia a nép uralmát jelenti, általában szabad választásokkal és alapjogokkal.

Ennyi erről. Jó tudni: A második világháború 1939-től 1945-ig tartott. Ennyi erről. Tény: A berlini fal 1961-től 1989-ig Kelet- és Nyugat-Berlin erődített határa volt.

Ez volt a lényeg."
145,Történelem röviden – 25. rész,"Alább ellenőrzött tudást találsz.

Jegyezd meg: A fenntarthatóság azt jelenti, hogy úgy élünk, hogy a jövő nemzedékeknek is legyen erőforrása. Folytatjuk. Tudtad? Az EU-nak 27 tagállama van. Még egy tény. Tény: A Bundestagba 18 éves kortól. Az EP-választáson Németországban 16-tól. Tovább. Biztos: Az Alaptörvény Németország alkotmánya, 1949 óta érvényes.

Még egy tény. Tudtad? A középkor kb. 500-tól 1500-ig tartott, ókor és újkor között. Még egy tény. Röviden: Marie Curie a radioaktivitást kutatta és két Nobelt nyert. Ennyi erről. Jó tudni: Diktatúrában egy személy vagy csoport kormányoz szabad választások nélkül; demokráciában a hatalom a néptől jön. Folytatjuk.

Jó tudni: A demokrácia a nép uralmát jelenti, általában szabad választásokkal és alapjogokkal. Még egy tény. Biztos: Az igazságosság mindenkinek igazságos és egyenlő bánást jelent. Ez is számít. Az EU európai államok uniója egységes piaccal és közös intézményekkel. Ennyi erről. Röviden: Az alapok ARPANET 1969-ben, a Web 1989 óta.

Ez is számít. Jegyezd meg: Az alapok ARPANET 1969-ben, a Web 1989 óta. Ez is számít. Jó tudni: A berlini fal 1961-től 1989-ig Kelet- és Nyugat-Berlin erődített határa volt.

Most már ismered a tényeket."
146,Történelem röviden – 26. rész,"Alább ellenőrzött tudást találsz.

Az EU-nak 27 tagállama van. A következő pontra. Az alapok ARPANET 1969-ben, a Web 1989 óta. Még egy tény. Jegyezd meg: Az autót Carl Benz találta fel 1886-os kocsival. Folytatjuk. A berlini fal 1989. november 9-én omlott le.

Még egy tény. A relativitást Albert Einstein dolgozta ki. Tovább. Tény: Az autót Carl Benz találta fel 1886-os kocsival. A következő pontra. Jegyezd meg: Diktatúrában egy személy vagy csoport kormányoz szabad választások nélkül; demokráciában a hatalom a néptől jön. Folytatjuk.

Tény: Az első motoros repülést a Wright fivérek végezték 1903-ban. A következő pontra. Röviden: A második világháború 1939-től 1945-ig tartott. A következő pontra. Tudtad? Az alapok ARPANET 1969-ben, a Web 1989 óta. Még egy tény. Jó tudni: A választók szavaznak, a szavazatokat számolják és a mandátumokat eredmény szerint osztják.

Ez is számít. Röviden: A középkor kb. 500-tól 1500-ig tartott, ókor és újkor között. Ennyi erről. Biztos: A demokrácia a nép uralmát jelenti, általában szabad választásokkal és alapjogokkal.

A szöveg vége. Szép munka."
147,Történelem röviden – 27. rész,"Ez a szöveg lépésről lépésre magyaráz.

Biztos: Az igazságosság mindenkinek igazságos és egyenlő bánást jelent. Ennyi erről. Biztos: A relativitást Albert Einstein dolgozta ki. Folytatjuk. Tény: Az első Holdra szállás 1969-ben volt Apollo 11-gyel. Ennyi erről. Tény: Az autót Carl Benz találta fel 1886-os kocsival.

Tovább. Röviden: A berlini fal 1961-től 1989-ig Kelet- és Nyugat-Berlin erődített határa volt. Tovább. Tény: Az EU európai államok uniója egységes piaccal és közös intézményekkel. A következő pontra. Jó tudni: A fenntarthatóság azt jelenti, hogy úgy élünk, hogy a jövő nemzedékeknek is legyen erőforrása. Ez is számít.

Röviden: Leonardo da Vinci olasz művész és feltaláló volt, Mona Lisáról híres. Ez is számít. Biztos: A zaklatás ismétlődő vegzálás. Beszélj megbízhatókkal, őrizz bizonyítékot, kérj segítséget. A következő pontra. Jó tudni: A telefont Alexander Graham Bell szabadalmaztatta 1876-ban, Antonio Meucci úttörő munkájával. Folytatjuk. Jegyezd meg: A telefont Alexander Graham Bell szabadalmaztatta 1876-ban, Antonio Meucci úttörő munkájával.

Ez is számít. Tény: Az Alaptörvény Németország alkotmánya, 1949 óta érvényes. Ez is számít. Tény: Az emberi jogok mindenki alapjogai, mint élet, szabadság és egyenlőség.

A szöveg vége. Szép munka."
148,Történelem röviden – 28. rész,"Itt rendezett tudást tanulsz. Ne siess.

Biztos: A második világháború 1939-től 1945-ig tartott. Ez is számít. Tény: Az EU-nak 27 tagállama van. Tovább. Röviden: Az alapok ARPANET 1969-ben, a Web 1989 óta. Folytatjuk. Röviden: A demokrácia a nép uralmát jelenti, általában szabad választásokkal és alapjogokkal.

Folytatjuk. Az igazságosság mindenkinek igazságos és egyenlő bánást jelent. Folytatjuk. Biztos: Leonardo da Vinci olasz művész és feltaláló volt, Mona Lisáról híres. Ennyi erről. Röviden: Az igazságosság mindenkinek igazságos és egyenlő bánást jelent. Tovább.

Tény: A béke háború és erőszak nélküli együttélést jelenti. Ennyi erről. Jó tudni: A fenntarthatóság azt jelenti, hogy úgy élünk, hogy a jövő nemzedékeknek is legyen erőforrása. Folytatjuk. Jó tudni: Az alapok ARPANET 1969-ben, a Web 1989 óta. Tovább. Tudtad? Az infláció azt jelenti, hogy az árak nőnek és a pénz értéket veszít.

Ennyi erről. Tény: Az EU európai államok uniója egységes piaccal és közös intézményekkel. Tovább. Az Alaptörvény Németország alkotmánya, 1949 óta érvényes.

Vége ennek az áttekintésnek."
149,Történelem röviden – 29. rész,"Alább ellenőrzött tudást találsz.

Röviden: A relativitást Albert Einstein dolgozta ki. Még egy tény. A berlini fal 1961-től 1989-ig Kelet- és Nyugat-Berlin erődített határa volt. Még egy tény. Tudtad? Marie Curie a radioaktivitást kutatta és két Nobelt nyert. Ez is számít. Jó tudni: Az első Holdra szállás 1969-ben volt Apollo 11-gyel.

Ennyi erről. Jegyezd meg: A második világháború 1939-től 1945-ig tartott. Ennyi erről. Az EU-nak 27 tagállama van. Tovább. Röviden: A szabadság azt jelenti, hogy szabadon élünk mások sérelme nélkül. Ez is számít.

Biztos: Diktatúrában egy személy vagy csoport kormányoz szabad választások nélkül; demokráciában a hatalom a néptől jön. Ez is számít. Jegyezd meg: A telefont Alexander Graham Bell szabadalmaztatta 1876-ban, Antonio Meucci úttörő munkájával. Tovább. Tudtad? Németország 1990-ben egyesült újra. Még egy tény. Biztos: A szabadság azt jelenti, hogy szabadon élünk mások sérelme nélkül.

Ennyi erről. Jegyezd meg: Az Alaptörvény Németország alkotmánya, 1949 óta érvényes. Még egy tény. Biztos: A demokrácia a nép uralmát jelenti, általában szabad választásokkal és alapjogokkal.

Most már ismered a tényeket."
150,Történelem röviden – 30. rész,"Ez a szöveg lépésről lépésre magyaráz.

Tény: A Bundestagba 18 éves kortól. Az EP-választáson Németországban 16-tól. Ennyi erről. Röviden: A választók szavaznak, a szavazatokat számolják és a mandátumokat eredmény szerint osztják. Ez is számít. Tudtad? Az autót Carl Benz találta fel 1886-os kocsival. Még egy tény. Jegyezd meg: A relativitást Albert Einstein dolgozta ki.

A következő pontra. Röviden: Az EU európai államok uniója egységes piaccal és közös intézményekkel. A következő pontra. A berlini fal 1989. november 9-én omlott le. Ennyi erről. Jó tudni: Leonardo da Vinci olasz művész és feltaláló volt, Mona Lisáról híres. Ez is számít.

Biztos: Az infláció azt jelenti, hogy az árak nőnek és a pénz értéket veszít. Folytatjuk. Tudtad? A berlini fal 1961-től 1989-ig Kelet- és Nyugat-Berlin erődített határa volt. Ez is számít. Tudtad? Diktatúrában egy személy vagy csoport kormányoz szabad választások nélkül; demokráciában a hatalom a néptől jön. A következő pontra. Röviden: A berlini fal 1989. november 9-én omlott le.

A következő pontra. Tudtad? Az Alaptörvény Németország alkotmánya, 1949 óta érvényes. A következő pontra. Diktatúrában egy személy vagy csoport kormányoz szabad választások nélkül; demokráciában a hatalom a néptől jön.

Most már ismered a tényeket."
151,Történelem röviden – 31. rész,"Ez a szöveg lépésről lépésre magyaráz.

Tény: Az EU-nak 27 tagállama van. Még egy tény. Biztos: Az alapok ARPANET 1969-ben, a Web 1989 óta. Még egy tény. Jó tudni: A francia forradalom 1789 óta megdöntötte a monarchiát szabadság, egyenlőség, testvériség alatt. Ennyi erről. Röviden: A béke háború és erőszak nélküli együttélést jelenti.

Ennyi erről. Tudtad? A szabadság azt jelenti, hogy szabadon élünk mások sérelme nélkül. Még egy tény. Jó tudni: Az autót Carl Benz találta fel 1886-os kocsival. Tovább. Jegyezd meg: Az igazságosság mindenkinek igazságos és egyenlő bánást jelent. Folytatjuk.

Tudtad? Az autót Carl Benz találta fel 1886-os kocsival. Ennyi erről. Tény: Leonardo da Vinci olasz művész és feltaláló volt, Mona Lisáról híres. Ennyi erről. Tudtad? A berlini fal 1961-től 1989-ig Kelet- és Nyugat-Berlin erődített határa volt. A következő pontra. Röviden: Az EU-nak 27 tagállama van.

Még egy tény. Jegyezd meg: Leonardo da Vinci olasz művész és feltaláló volt, Mona Lisáról híres. Tovább. Jegyezd meg: Az autót Carl Benz találta fel 1886-os kocsival.

A szöveg vége. Szép munka."
152,Történelem röviden – 32. rész,"Ez a szöveg lépésről lépésre magyaráz.

Biztos: Az EU-nak 27 tagállama van. Tovább. Biztos: A második világháború 1939-től 1945-ig tartott. Tovább. A béke háború és erőszak nélküli együttélést jelenti. Tovább. Biztos: Marie Curie a radioaktivitást kutatta és két Nobelt nyert.

Tovább. Jó tudni: A középkor kb. 500-tól 1500-ig tartott, ókor és újkor között. Tovább. Röviden: Az infláció azt jelenti, hogy az árak nőnek és a pénz értéket veszít. Ez is számít. Jegyezd meg: A középkor kb. 500-tól 1500-ig tartott, ókor és újkor között. Ennyi erről.

Röviden: Az alapok ARPANET 1969-ben, a Web 1989 óta. Ennyi erről. Röviden: Az Alaptörvény Németország alkotmánya, 1949 óta érvényes. Ennyi erről. Tudtad? Az EU európai államok uniója egységes piaccal és közös intézményekkel. Még egy tény. Röviden: A Bundestagba 18 éves kortól. Az EP-választáson Németországban 16-tól.

Ennyi erről. Tény: Leonardo da Vinci olasz művész és feltaláló volt, Mona Lisáról híres. Ennyi erről. Röviden: Az első világháború 1914-től 1918-ig tartott.

Vége ennek az áttekintésnek."
153,Történelem röviden – 33. rész,"Alább ellenőrzött tudást találsz.

Röviden: A francia forradalom 1789 óta megdöntötte a monarchiát szabadság, egyenlőség, testvériség alatt. Ennyi erről. Tény: Az első Holdra szállás 1969-ben volt Apollo 11-gyel. Tovább. Jegyezd meg: Diktatúrában egy személy vagy csoport kormányoz szabad választások nélkül; demokráciában a hatalom a néptől jön. A következő pontra. A berlini fal 1989. november 9-én omlott le.

A következő pontra. Tudtad? A telefont Alexander Graham Bell szabadalmaztatta 1876-ban, Antonio Meucci úttörő munkájával. A következő pontra. Röviden: A szabadság azt jelenti, hogy szabadon élünk mások sérelme nélkül. Ez is számít. Jegyezd meg: Németország 1990-ben egyesült újra. Ennyi erről.

Biztos: A berlini fal 1961-től 1989-ig Kelet- és Nyugat-Berlin erődített határa volt. Még egy tény. Tény: Az igazságosság mindenkinek igazságos és egyenlő bánást jelent. A következő pontra. Röviden: Leonardo da Vinci olasz művész és feltaláló volt, Mona Lisáról híres. Még egy tény. Tény: A középkor kb. 500-tól 1500-ig tartott, ókor és újkor között.

Folytatjuk. Jó tudni: Az autót Carl Benz találta fel 1886-os kocsival. A következő pontra. Jó tudni: A béke háború és erőszak nélküli együttélést jelenti.

A szöveg vége. Szép munka."
154,Történelem röviden – 34. rész,"Ez a szöveg lépésről lépésre magyaráz.

Jegyezd meg: Az emberi jogok mindenki alapjogai, mint élet, szabadság és egyenlőség. Tovább. Jegyezd meg: A zaklatás ismétlődő vegzálás. Beszélj megbízhatókkal, őrizz bizonyítékot, kérj segítséget. Ez is számít. Röviden: A szabadság azt jelenti, hogy szabadon élünk mások sérelme nélkül. Ennyi erről. Jó tudni: Az első motoros repülést a Wright fivérek végezték 1903-ban.

Ez is számít. Tény: A választók szavaznak, a szavazatokat számolják és a mandátumokat eredmény szerint osztják. Még egy tény. Tény: A béke háború és erőszak nélküli együttélést jelenti. Még egy tény. Jegyezd meg: Az EU-nak 27 tagállama van. A következő pontra.

Jegyezd meg: A szabadság azt jelenti, hogy szabadon élünk mások sérelme nélkül. Ez is számít. Jó tudni: A középkor kb. 500-tól 1500-ig tartott, ókor és újkor között. Tovább. Röviden: Az EU-nak 27 tagállama van. Még egy tény. Tény: Az EU európai államok uniója egységes piaccal és közös intézményekkel.

A következő pontra. Jó tudni: A relativitást Albert Einstein dolgozta ki. Tovább. Tudtad? Az első Holdra szállás 1969-ben volt Apollo 11-gyel.

Vége ennek az áttekintésnek."
155,Történelem röviden – 35. rész,"Itt rendezett tudást tanulsz. Ne siess.

Jó tudni: Diktatúrában egy személy vagy csoport kormányoz szabad választások nélkül; demokráciában a hatalom a néptől jön. A következő pontra. Tény: Az igazságosság mindenkinek igazságos és egyenlő bánást jelent. Ez is számít. Biztos: A szabadság azt jelenti, hogy szabadon élünk mások sérelme nélkül. Ez is számít. Jegyezd meg: A szabadság azt jelenti, hogy szabadon élünk mások sérelme nélkül.

A következő pontra. A berlini fal 1961-től 1989-ig Kelet- és Nyugat-Berlin erődített határa volt. Még egy tény. A zaklatás ismétlődő vegzálás. Beszélj megbízhatókkal, őrizz bizonyítékot, kérj segítséget. Ez is számít. Jegyezd meg: Az igazságosság mindenkinek igazságos és egyenlő bánást jelent. A következő pontra.

Röviden: Marie Curie a radioaktivitást kutatta és két Nobelt nyert. Még egy tény. A francia forradalom 1789 óta megdöntötte a monarchiát szabadság, egyenlőség, testvériség alatt. Tovább. Tudtad? Leonardo da Vinci olasz művész és feltaláló volt, Mona Lisáról híres. Ennyi erről. Tény: A telefont Alexander Graham Bell szabadalmaztatta 1876-ban, Antonio Meucci úttörő munkájával.

Még egy tény. Biztos: A középkor kb. 500-tól 1500-ig tartott, ókor és újkor között. Tovább. Jegyezd meg: A béke háború és erőszak nélküli együttélést jelenti.

Most már ismered a tényeket."
156,Történelem röviden – 36. rész,"Ez a szöveg lépésről lépésre magyaráz.

Jó tudni: Leonardo da Vinci olasz művész és feltaláló volt, Mona Lisáról híres. Még egy tény. Az első Holdra szállás 1969-ben volt Apollo 11-gyel. Ennyi erről. Tény: A választók szavaznak, a szavazatokat számolják és a mandátumokat eredmény szerint osztják. Tovább. Az első motoros repülést a Wright fivérek végezték 1903-ban.

Még egy tény. A Bundestagba 18 éves kortól. Az EP-választáson Németországban 16-tól. Tovább. Jó tudni: Az igazságosság mindenkinek igazságos és egyenlő bánást jelent. Folytatjuk. Jó tudni: A szabadság azt jelenti, hogy szabadon élünk mások sérelme nélkül. Folytatjuk.

Tudtad? Marie Curie a radioaktivitást kutatta és két Nobelt nyert. Tovább. Jó tudni: A fenntarthatóság azt jelenti, hogy úgy élünk, hogy a jövő nemzedékeknek is legyen erőforrása. Még egy tény. Tudtad? A berlini fal 1989. november 9-én omlott le. Még egy tény. Tény: Az igazságosság mindenkinek igazságos és egyenlő bánást jelent.

Még egy tény. Biztos: A francia forradalom 1789 óta megdöntötte a monarchiát szabadság, egyenlőség, testvériség alatt. Ennyi erről. Tény: Az első motoros repülést a Wright fivérek végezték 1903-ban.

Ez volt a lényeg."
157,Történelem röviden – 37. rész,"Ez a szöveg lépésről lépésre magyaráz.

Tény: A Bundestagba 18 éves kortól. Az EP-választáson Németországban 16-tól. Tovább. Jó tudni: A demokrácia a nép uralmát jelenti, általában szabad választásokkal és alapjogokkal. A következő pontra. Jó tudni: Az EU-nak 27 tagállama van. A következő pontra. Röviden: Az első világháború 1914-től 1918-ig tartott.

Ez is számít. Az alapok ARPANET 1969-ben, a Web 1989 óta. Ennyi erről. Röviden: Az EU európai államok uniója egységes piaccal és közös intézményekkel. A következő pontra. Jó tudni: A választók szavaznak, a szavazatokat számolják és a mandátumokat eredmény szerint osztják. Folytatjuk.

Röviden: A második világháború 1939-től 1945-ig tartott. Ez is számít. Tudtad? Németország 1990-ben egyesült újra. Ez is számít. Röviden: Az iparosítás a gépekre és gyárakra való átállás volt a 18. századtól. Ez is számít. Biztos: Az EU-nak 27 tagállama van.

Tovább. Röviden: A berlini fal 1961-től 1989-ig Kelet- és Nyugat-Berlin erődített határa volt. Ez is számít. Tudtad? Az EU-nak 27 tagállama van.

Most már ismered a tényeket."
158,Történelem röviden – 38. rész,"Ez a szöveg lépésről lépésre magyaráz.

Biztos: Diktatúrában egy személy vagy csoport kormányoz szabad választások nélkül; demokráciában a hatalom a néptől jön. Ez is számít. Röviden: Az alapok ARPANET 1969-ben, a Web 1989 óta. Még egy tény. Jó tudni: Az első világháború 1914-től 1918-ig tartott. Ennyi erről. Jó tudni: A berlini fal 1961-től 1989-ig Kelet- és Nyugat-Berlin erődített határa volt.

Folytatjuk. Tudtad? Az emberi jogok mindenki alapjogai, mint élet, szabadság és egyenlőség. Még egy tény. Jegyezd meg: A szabadság azt jelenti, hogy szabadon élünk mások sérelme nélkül. Ennyi erről. Biztos: A második világháború 1939-től 1945-ig tartott. Folytatjuk.

A fenntarthatóság azt jelenti, hogy úgy élünk, hogy a jövő nemzedékeknek is legyen erőforrása. Folytatjuk. Biztos: Az igazságosság mindenkinek igazságos és egyenlő bánást jelent. A következő pontra. Tény: Marie Curie a radioaktivitást kutatta és két Nobelt nyert. A következő pontra. Jegyezd meg: Az első Holdra szállás 1969-ben volt Apollo 11-gyel.

Ennyi erről. Biztos: A francia forradalom 1789 óta megdöntötte a monarchiát szabadság, egyenlőség, testvériség alatt. Ennyi erről. Tudtad? Az EU európai államok uniója egységes piaccal és közös intézményekkel.

Vége ennek az áttekintésnek."
159,Történelem röviden – 39. rész,"Ez a szöveg lépésről lépésre magyaráz.

Jegyezd meg: A második világháború 1939-től 1945-ig tartott. A következő pontra. Jó tudni: A választók szavaznak, a szavazatokat számolják és a mandátumokat eredmény szerint osztják. Folytatjuk. Biztos: A demokrácia a nép uralmát jelenti, általában szabad választásokkal és alapjogokkal. Folytatjuk. Jegyezd meg: A szabadság azt jelenti, hogy szabadon élünk mások sérelme nélkül.

Folytatjuk. Tény: A választók szavaznak, a szavazatokat számolják és a mandátumokat eredmény szerint osztják. Ez is számít. Tény: A szabadság azt jelenti, hogy szabadon élünk mások sérelme nélkül. Ez is számít. Röviden: Marie Curie a radioaktivitást kutatta és két Nobelt nyert. Tovább.

Biztos: Az első motoros repülést a Wright fivérek végezték 1903-ban. Még egy tény. Röviden: Az iparosítás a gépekre és gyárakra való átállás volt a 18. századtól. Ez is számít. Tudtad? Leonardo da Vinci olasz művész és feltaláló volt, Mona Lisáról híres. Tovább. Jegyezd meg: Marie Curie a radioaktivitást kutatta és két Nobelt nyert.

Folytatjuk. Biztos: Az Alaptörvény Németország alkotmánya, 1949 óta érvényes. Még egy tény. Jegyezd meg: A relativitást Albert Einstein dolgozta ki.

Ez volt a lényeg."
160,Történelem röviden – 40. rész,"Alább ellenőrzött tudást találsz.

Jó tudni: A francia forradalom 1789 óta megdöntötte a monarchiát szabadság, egyenlőség, testvériség alatt. Ennyi erről. Jó tudni: A fenntarthatóság azt jelenti, hogy úgy élünk, hogy a jövő nemzedékeknek is legyen erőforrása. A következő pontra. Röviden: A Bundestagba 18 éves kortól. Az EP-választáson Németországban 16-tól. Tovább. Tudtad? Marie Curie a radioaktivitást kutatta és két Nobelt nyert.

Ennyi erről. Biztos: Az első Holdra szállás 1969-ben volt Apollo 11-gyel. Ez is számít. Tudtad? A választók szavaznak, a szavazatokat számolják és a mandátumokat eredmény szerint osztják. Tovább. Az alapok ARPANET 1969-ben, a Web 1989 óta. A következő pontra.

Biztos: A Bundestagba 18 éves kortól. Az EP-választáson Németországban 16-tól. Tovább. Röviden: Az első motoros repülést a Wright fivérek végezték 1903-ban. Ennyi erről. Jegyezd meg: Az első motoros repülést a Wright fivérek végezték 1903-ban. Még egy tény. Jó tudni: A választók szavaznak, a szavazatokat számolják és a mandátumokat eredmény szerint osztják.

Még egy tény. Az Alaptörvény Németország alkotmánya, 1949 óta érvényes. Folytatjuk. Biztos: A telefont Alexander Graham Bell szabadalmaztatta 1876-ban, Antonio Meucci úttörő munkájával.

Ez volt a lényeg."
161,Történelem röviden – 41. rész,"Itt rendezett tudást tanulsz. Ne siess.

Az EU-nak 27 tagállama van. Tovább. Jó tudni: Az infláció azt jelenti, hogy az árak nőnek és a pénz értéket veszít. Ennyi erről. Jegyezd meg: Az emberi jogok mindenki alapjogai, mint élet, szabadság és egyenlőség. Ennyi erről. Röviden: A második világháború 1939-től 1945-ig tartott.

Még egy tény. Biztos: A Bundestagba 18 éves kortól. Az EP-választáson Németországban 16-tól. A következő pontra. Röviden: Az EU európai államok uniója egységes piaccal és közös intézményekkel. Tovább. A béke háború és erőszak nélküli együttélést jelenti. A következő pontra.

Tudtad? Az első motoros repülést a Wright fivérek végezték 1903-ban. Ez is számít. Tudtad? Leonardo da Vinci olasz művész és feltaláló volt, Mona Lisáról híres. Tovább. Jó tudni: Az első világháború 1914-től 1918-ig tartott. Ez is számít. Röviden: A szabadság azt jelenti, hogy szabadon élünk mások sérelme nélkül.

Még egy tény. Tudtad? Az első Holdra szállás 1969-ben volt Apollo 11-gyel. Ez is számít. A zaklatás ismétlődő vegzálás. Beszélj megbízhatókkal, őrizz bizonyítékot, kérj segítséget.

A szöveg vége. Szép munka."
162,Történelem röviden – 42. rész,"Ez a szöveg fontos tényeket mutat be. Olvasd nyugodtan.

Jegyezd meg: Az első világháború 1914-től 1918-ig tartott. Folytatjuk. Jegyezd meg: A francia forradalom 1789 óta megdöntötte a monarchiát szabadság, egyenlőség, testvériség alatt. Folytatjuk. Jó tudni: A francia forradalom 1789 óta megdöntötte a monarchiát szabadság, egyenlőség, testvériség alatt. Még egy tény. Tudtad? Az első motoros repülést a Wright fivérek végezték 1903-ban.

Még egy tény. Tény: A Bundestagba 18 éves kortól. Az EP-választáson Németországban 16-tól. Folytatjuk. Tény: Az emberi jogok mindenki alapjogai, mint élet, szabadság és egyenlőség. Ennyi erről. Röviden: Az első motoros repülést a Wright fivérek végezték 1903-ban. A következő pontra.

Jó tudni: Az emberi jogok mindenki alapjogai, mint élet, szabadság és egyenlőség. Még egy tény. Tény: A demokrácia a nép uralmát jelenti, általában szabad választásokkal és alapjogokkal. Folytatjuk. Jó tudni: Az első motoros repülést a Wright fivérek végezték 1903-ban. Tovább. Tudtad? Az emberi jogok mindenki alapjogai, mint élet, szabadság és egyenlőség.

Még egy tény. Tudtad? Az autót Carl Benz találta fel 1886-os kocsival. Folytatjuk. Az alapok ARPANET 1969-ben, a Web 1989 óta.

Most már ismered a tényeket."
163,Történelem röviden – 43. rész,"Ez a szöveg lépésről lépésre magyaráz.

Jegyezd meg: A középkor kb. 500-tól 1500-ig tartott, ókor és újkor között. A következő pontra. A középkor kb. 500-tól 1500-ig tartott, ókor és újkor között. Ennyi erről. Tény: A telefont Alexander Graham Bell szabadalmaztatta 1876-ban, Antonio Meucci úttörő munkájával. Ez is számít. Jegyezd meg: A választók szavaznak, a szavazatokat számolják és a mandátumokat eredmény szerint osztják.

Ez is számít. Jó tudni: A berlini fal 1961-től 1989-ig Kelet- és Nyugat-Berlin erődített határa volt. Tovább. Tudtad? Az első motoros repülést a Wright fivérek végezték 1903-ban. Ez is számít. Tény: A választók szavaznak, a szavazatokat számolják és a mandátumokat eredmény szerint osztják. Ez is számít.

Jó tudni: Az EU európai államok uniója egységes piaccal és közös intézményekkel. Ennyi erről. Jegyezd meg: Az igazságosság mindenkinek igazságos és egyenlő bánást jelent. Ennyi erről. Jegyezd meg: Az első világháború 1914-től 1918-ig tartott. A következő pontra. Tény: A relativitást Albert Einstein dolgozta ki.

Még egy tény. Biztos: A relativitást Albert Einstein dolgozta ki. Folytatjuk. Röviden: A szabadság azt jelenti, hogy szabadon élünk mások sérelme nélkül.

Vége ennek az áttekintésnek."
164,Történelem röviden – 44. rész,"Itt rendezett tudást tanulsz. Ne siess.

Tudtad? Az első világháború 1914-től 1918-ig tartott. Ennyi erről. Röviden: A francia forradalom 1789 óta megdöntötte a monarchiát szabadság, egyenlőség, testvériség alatt. Tovább. Biztos: Az igazságosság mindenkinek igazságos és egyenlő bánást jelent. Tovább. Jegyezd meg: A választók szavaznak, a szavazatokat számolják és a mandátumokat eredmény szerint osztják.

Ennyi erről. Tudtad? Az első Holdra szállás 1969-ben volt Apollo 11-gyel. Ennyi erről. Jó tudni: A zaklatás ismétlődő vegzálás. Beszélj megbízhatókkal, őrizz bizonyítékot, kérj segítséget. Ez is számít. Jó tudni: A telefont Alexander Graham Bell szabadalmaztatta 1876-ban, Antonio Meucci úttörő munkájával. A következő pontra.

Biztos: A berlini fal 1961-től 1989-ig Kelet- és Nyugat-Berlin erődített határa volt. Folytatjuk. Jegyezd meg: Az első világháború 1914-től 1918-ig tartott. Ez is számít. Jegyezd meg: Az első motoros repülést a Wright fivérek végezték 1903-ban. Folytatjuk. Tény: A második világháború 1939-től 1945-ig tartott.

Ennyi erről. Röviden: A zaklatás ismétlődő vegzálás. Beszélj megbízhatókkal, őrizz bizonyítékot, kérj segítséget. Tovább. Tudtad? A relativitást Albert Einstein dolgozta ki.

Most már ismered a tényeket."
165,Történelem röviden – 45. rész,"Ez a szöveg fontos tényeket mutat be. Olvasd nyugodtan.

Tudtad? A berlini fal 1989. november 9-én omlott le. A következő pontra. Jó tudni: Az autót Carl Benz találta fel 1886-os kocsival. Folytatjuk. Az első világháború 1914-től 1918-ig tartott. Tovább. Röviden: Az emberi jogok mindenki alapjogai, mint élet, szabadság és egyenlőség.

Ennyi erről. Jó tudni: A választók szavaznak, a szavazatokat számolják és a mandátumokat eredmény szerint osztják. Ez is számít. Tény: A berlini fal 1961-től 1989-ig Kelet- és Nyugat-Berlin erődített határa volt. Még egy tény. Biztos: Németország 1990-ben egyesült újra. Ennyi erről.

Az Alaptörvény Németország alkotmánya, 1949 óta érvényes. Folytatjuk. Jó tudni: Az első Holdra szállás 1969-ben volt Apollo 11-gyel. Még egy tény. Biztos: A telefont Alexander Graham Bell szabadalmaztatta 1876-ban, Antonio Meucci úttörő munkájával. Folytatjuk. Tény: Az emberi jogok mindenki alapjogai, mint élet, szabadság és egyenlőség.

Folytatjuk. Biztos: Az infláció azt jelenti, hogy az árak nőnek és a pénz értéket veszít. Ennyi erről. A berlini fal 1989. november 9-én omlott le.

Most már ismered a tényeket."
166,Történelem röviden – 46. rész,"Ez a szöveg lépésről lépésre magyaráz.

Jegyezd meg: Németország 1990-ben egyesült újra. Folytatjuk. Tény: Az alapok ARPANET 1969-ben, a Web 1989 óta. Még egy tény. Jegyezd meg: Diktatúrában egy személy vagy csoport kormányoz szabad választások nélkül; demokráciában a hatalom a néptől jön. Tovább. Biztos: A zaklatás ismétlődő vegzálás. Beszélj megbízhatókkal, őrizz bizonyítékot, kérj segítséget.

Ennyi erről. Jó tudni: Az EU európai államok uniója egységes piaccal és közös intézményekkel. Folytatjuk. Tudtad? A relativitást Albert Einstein dolgozta ki. Tovább. Tudtad? A középkor kb. 500-tól 1500-ig tartott, ókor és újkor között. Folytatjuk.

Jegyezd meg: A berlini fal 1961-től 1989-ig Kelet- és Nyugat-Berlin erődített határa volt. Még egy tény. Tudtad? A berlini fal 1961-től 1989-ig Kelet- és Nyugat-Berlin erődített határa volt. A következő pontra. Röviden: Az EU európai államok uniója egységes piaccal és közös intézményekkel. A következő pontra. Tudtad? Az infláció azt jelenti, hogy az árak nőnek és a pénz értéket veszít.

Még egy tény. Röviden: A relativitást Albert Einstein dolgozta ki. Tovább. Tény: A béke háború és erőszak nélküli együttélést jelenti.

A szöveg vége. Szép munka."
167,Történelem röviden – 47. rész,"Itt rendezett tudást tanulsz. Ne siess.

Röviden: Az EU-nak 27 tagállama van. A következő pontra. Tudtad? A Bundestagba 18 éves kortól. Az EP-választáson Németországban 16-tól. Ez is számít. Jó tudni: A második világháború 1939-től 1945-ig tartott. A következő pontra. Jegyezd meg: Diktatúrában egy személy vagy csoport kormányoz szabad választások nélkül; demokráciában a hatalom a néptől jön.

Még egy tény. Tény: Marie Curie a radioaktivitást kutatta és két Nobelt nyert. Tovább. Jegyezd meg: Az első világháború 1914-től 1918-ig tartott. Ennyi erről. Jó tudni: Az emberi jogok mindenki alapjogai, mint élet, szabadság és egyenlőség. Még egy tény.

Tény: A Bundestagba 18 éves kortól. Az EP-választáson Németországban 16-tól. Tovább. A szabadság azt jelenti, hogy szabadon élünk mások sérelme nélkül. Még egy tény. Tény: Az igazságosság mindenkinek igazságos és egyenlő bánást jelent. A következő pontra. Tudtad? Az első motoros repülést a Wright fivérek végezték 1903-ban.

A következő pontra. Jó tudni: Az infláció azt jelenti, hogy az árak nőnek és a pénz értéket veszít. Folytatjuk. Röviden: Az igazságosság mindenkinek igazságos és egyenlő bánást jelent.

A szöveg vége. Szép munka."
168,Történelem röviden – 48. rész,"Ez a szöveg fontos tényeket mutat be. Olvasd nyugodtan.

Tény: Marie Curie a radioaktivitást kutatta és két Nobelt nyert. Ez is számít. Biztos: Diktatúrában egy személy vagy csoport kormányoz szabad választások nélkül; demokráciában a hatalom a néptől jön. Tovább. Jegyezd meg: Az igazságosság mindenkinek igazságos és egyenlő bánást jelent. A következő pontra. Biztos: Németország 1990-ben egyesült újra.

A következő pontra. Az első Holdra szállás 1969-ben volt Apollo 11-gyel. Ez is számít. Tény: A berlini fal 1961-től 1989-ig Kelet- és Nyugat-Berlin erődített határa volt. Folytatjuk. Jó tudni: A második világháború 1939-től 1945-ig tartott. Tovább.

Tény: A fenntarthatóság azt jelenti, hogy úgy élünk, hogy a jövő nemzedékeknek is legyen erőforrása. Még egy tény. Tény: Az igazságosság mindenkinek igazságos és egyenlő bánást jelent. Ennyi erről. Jó tudni: A középkor kb. 500-tól 1500-ig tartott, ókor és újkor között. A következő pontra. Jegyezd meg: A fenntarthatóság azt jelenti, hogy úgy élünk, hogy a jövő nemzedékeknek is legyen erőforrása.

Tovább. Jegyezd meg: Az autót Carl Benz találta fel 1886-os kocsival. A következő pontra. A berlini fal 1989. november 9-én omlott le.

A szöveg vége. Szép munka."
169,Történelem röviden – 49. rész,"Ez a szöveg lépésről lépésre magyaráz.

Biztos: Az EU európai államok uniója egységes piaccal és közös intézményekkel. Folytatjuk. Jó tudni: A második világháború 1939-től 1945-ig tartott. Még egy tény. Röviden: A Bundestagba 18 éves kortól. Az EP-választáson Németországban 16-tól. Ez is számít. Jegyezd meg: A relativitást Albert Einstein dolgozta ki.

Ez is számít. Jegyezd meg: Az EU európai államok uniója egységes piaccal és közös intézményekkel. Ez is számít. Biztos: Az első Holdra szállás 1969-ben volt Apollo 11-gyel. Tovább. Jó tudni: A berlini fal 1989. november 9-én omlott le. Ennyi erről.

Jegyezd meg: Az EU-nak 27 tagállama van. Ennyi erről. Röviden: Az alapok ARPANET 1969-ben, a Web 1989 óta. Még egy tény. Biztos: A béke háború és erőszak nélküli együttélést jelenti. Ez is számít. Jó tudni: Az infláció azt jelenti, hogy az árak nőnek és a pénz értéket veszít.

A következő pontra. Jegyezd meg: A fenntarthatóság azt jelenti, hogy úgy élünk, hogy a jövő nemzedékeknek is legyen erőforrása. A következő pontra. Tudtad? Leonardo da Vinci olasz művész és feltaláló volt, Mona Lisáról híres.

Most már ismered a tényeket."
170,Történelem röviden – 50. rész,"Alább ellenőrzött tudást találsz.

Jegyezd meg: Németország 1990-ben egyesült újra. Tovább. Tény: A középkor kb. 500-tól 1500-ig tartott, ókor és újkor között. Folytatjuk. Tény: Az első motoros repülést a Wright fivérek végezték 1903-ban. Ez is számít. Röviden: A berlini fal 1989. november 9-én omlott le.

Még egy tény. Biztos: Az igazságosság mindenkinek igazságos és egyenlő bánást jelent. Ez is számít. Az emberi jogok mindenki alapjogai, mint élet, szabadság és egyenlőség. Ennyi erről. Tudtad? Az EU-nak 27 tagállama van. A következő pontra.

Jegyezd meg: A második világháború 1939-től 1945-ig tartott. Tovább. Jó tudni: Az első világháború 1914-től 1918-ig tartott. Még egy tény. Biztos: A Bundestagba 18 éves kortól. Az EP-választáson Németországban 16-tól. Még egy tény. A berlini fal 1989. november 9-én omlott le.

Folytatjuk. Tény: Az autót Carl Benz találta fel 1886-os kocsival. A következő pontra. Biztos: Marie Curie a radioaktivitást kutatta és két Nobelt nyert.

Most már ismered a tényeket."
171,Történelem röviden – 51. rész,"Ez a szöveg lépésről lépésre magyaráz.

Jegyezd meg: A középkor kb. 500-tól 1500-ig tartott, ókor és újkor között. Tovább. Röviden: Németország 1990-ben egyesült újra. Ennyi erről. Biztos: A zaklatás ismétlődő vegzálás. Beszélj megbízhatókkal, őrizz bizonyítékot, kérj segítséget. Tovább. Tény: Diktatúrában egy személy vagy csoport kormányoz szabad választások nélkül; demokráciában a hatalom a néptől jön.

Ez is számít. Biztos: A relativitást Albert Einstein dolgozta ki. Tovább. Tény: Németország 1990-ben egyesült újra. Folytatjuk. Az első motoros repülést a Wright fivérek végezték 1903-ban. Ez is számít.

Biztos: Az autót Carl Benz találta fel 1886-os kocsival. Ez is számít. Tudtad? A béke háború és erőszak nélküli együttélést jelenti. Folytatjuk. Jó tudni: A második világháború 1939-től 1945-ig tartott. Még egy tény. Az autót Carl Benz találta fel 1886-os kocsival.

A következő pontra. Tény: A fenntarthatóság azt jelenti, hogy úgy élünk, hogy a jövő nemzedékeknek is legyen erőforrása. Még egy tény. Tudtad? Diktatúrában egy személy vagy csoport kormányoz szabad választások nélkül; demokráciában a hatalom a néptől jön.

Most már ismered a tényeket."
172,Történelem röviden – 52. rész,"Itt rendezett tudást tanulsz. Ne siess.

Röviden: A francia forradalom 1789 óta megdöntötte a monarchiát szabadság, egyenlőség, testvériség alatt. Még egy tény. Tény: Az EU európai államok uniója egységes piaccal és közös intézményekkel. Tovább. Tény: A második világháború 1939-től 1945-ig tartott. Ennyi erről. Jó tudni: A telefont Alexander Graham Bell szabadalmaztatta 1876-ban, Antonio Meucci úttörő munkájával.

Folytatjuk. Biztos: Az Alaptörvény Németország alkotmánya, 1949 óta érvényes. Ez is számít. Jó tudni: A berlini fal 1989. november 9-én omlott le. Ennyi erről. Jegyezd meg: Az iparosítás a gépekre és gyárakra való átállás volt a 18. századtól. Tovább.

Tudtad? A telefont Alexander Graham Bell szabadalmaztatta 1876-ban, Antonio Meucci úttörő munkájával. Folytatjuk. Röviden: A szabadság azt jelenti, hogy szabadon élünk mások sérelme nélkül. Ez is számít. Tudtad? Leonardo da Vinci olasz művész és feltaláló volt, Mona Lisáról híres. Ez is számít. Jó tudni: A szabadság azt jelenti, hogy szabadon élünk mások sérelme nélkül.

Ennyi erről. Tény: A Bundestagba 18 éves kortól. Az EP-választáson Németországban 16-tól. Tovább. Jegyezd meg: A második világháború 1939-től 1945-ig tartott.

A szöveg vége. Szép munka."
173,Történelem röviden – 53. rész,"Alább ellenőrzött tudást találsz.

A relativitást Albert Einstein dolgozta ki. Folytatjuk. Az EU európai államok uniója egységes piaccal és közös intézményekkel. Tovább. Jó tudni: A zaklatás ismétlődő vegzálás. Beszélj megbízhatókkal, őrizz bizonyítékot, kérj segítséget. Folytatjuk. Biztos: A relativitást Albert Einstein dolgozta ki.

Ennyi erről. Jegyezd meg: Diktatúrában egy személy vagy csoport kormányoz szabad választások nélkül; demokráciában a hatalom a néptől jön. A következő pontra. Jó tudni: Az első motoros repülést a Wright fivérek végezték 1903-ban. Ennyi erről. Tudtad? Leonardo da Vinci olasz művész és feltaláló volt, Mona Lisáról híres. Ez is számít.

Jó tudni: A fenntarthatóság azt jelenti, hogy úgy élünk, hogy a jövő nemzedékeknek is legyen erőforrása. Folytatjuk. Diktatúrában egy személy vagy csoport kormányoz szabad választások nélkül; demokráciában a hatalom a néptől jön. Folytatjuk. Jegyezd meg: A választók szavaznak, a szavazatokat számolják és a mandátumokat eredmény szerint osztják. Tovább. Biztos: A telefont Alexander Graham Bell szabadalmaztatta 1876-ban, Antonio Meucci úttörő munkájával.

A következő pontra. Tény: A béke háború és erőszak nélküli együttélést jelenti. Még egy tény. Jó tudni: Leonardo da Vinci olasz művész és feltaláló volt, Mona Lisáról híres.

Vége ennek az áttekintésnek."
174,Történelem röviden – 54. rész,"Alább ellenőrzött tudást találsz.

A második világháború 1939-től 1945-ig tartott. Tovább. Röviden: Leonardo da Vinci olasz művész és feltaláló volt, Mona Lisáról híres. Folytatjuk. Tény: Leonardo da Vinci olasz művész és feltaláló volt, Mona Lisáról híres. Ennyi erről. Jegyezd meg: A berlini fal 1989. november 9-én omlott le.

Ennyi erről. Tény: A zaklatás ismétlődő vegzálás. Beszélj megbízhatókkal, őrizz bizonyítékot, kérj segítséget. Ennyi erről. Jó tudni: A relativitást Albert Einstein dolgozta ki. A következő pontra. Az emberi jogok mindenki alapjogai, mint élet, szabadság és egyenlőség. Még egy tény.

Az infláció azt jelenti, hogy az árak nőnek és a pénz értéket veszít. Ennyi erről. Röviden: A fenntarthatóság azt jelenti, hogy úgy élünk, hogy a jövő nemzedékeknek is legyen erőforrása. Még egy tény. Tudtad? A francia forradalom 1789 óta megdöntötte a monarchiát szabadság, egyenlőség, testvériség alatt. Ez is számít. Röviden: A relativitást Albert Einstein dolgozta ki.

Folytatjuk. Tény: Az első Holdra szállás 1969-ben volt Apollo 11-gyel. Folytatjuk. Jó tudni: A béke háború és erőszak nélküli együttélést jelenti.

Ez volt a lényeg."
175,Történelem röviden – 55. rész,"Ez a szöveg fontos tényeket mutat be. Olvasd nyugodtan.

Jó tudni: Az első világháború 1914-től 1918-ig tartott. Folytatjuk. Jó tudni: Az alapok ARPANET 1969-ben, a Web 1989 óta. Még egy tény. Leonardo da Vinci olasz művész és feltaláló volt, Mona Lisáról híres. Ez is számít. Jó tudni: Az EU európai államok uniója egységes piaccal és közös intézményekkel.

Ez is számít. Marie Curie a radioaktivitást kutatta és két Nobelt nyert. Folytatjuk. Jó tudni: A telefont Alexander Graham Bell szabadalmaztatta 1876-ban, Antonio Meucci úttörő munkájával. A következő pontra. Biztos: Az emberi jogok mindenki alapjogai, mint élet, szabadság és egyenlőség. Folytatjuk.

Tudtad? Az EU európai államok uniója egységes piaccal és közös intézményekkel. A következő pontra. Biztos: A demokrácia a nép uralmát jelenti, általában szabad választásokkal és alapjogokkal. Ennyi erről. Röviden: Az Alaptörvény Németország alkotmánya, 1949 óta érvényes. A következő pontra. Tény: Leonardo da Vinci olasz művész és feltaláló volt, Mona Lisáról híres.

Még egy tény. Biztos: Az EU-nak 27 tagállama van. Még egy tény. Tudtad? A telefont Alexander Graham Bell szabadalmaztatta 1876-ban, Antonio Meucci úttörő munkájával.

Ez volt a lényeg."
176,Történelem röviden – 56. rész,"Ez a szöveg lépésről lépésre magyaráz.

Diktatúrában egy személy vagy csoport kormányoz szabad választások nélkül; demokráciában a hatalom a néptől jön. Folytatjuk. Az igazságosság mindenkinek igazságos és egyenlő bánást jelent. Még egy tény. Röviden: Marie Curie a radioaktivitást kutatta és két Nobelt nyert. A következő pontra. Az autót Carl Benz találta fel 1886-os kocsival.

Ez is számít. Biztos: Az alapok ARPANET 1969-ben, a Web 1989 óta. Ennyi erről. A választók szavaznak, a szavazatokat számolják és a mandátumokat eredmény szerint osztják. A következő pontra. Tény: Az alapok ARPANET 1969-ben, a Web 1989 óta. Ennyi erről.

Jegyezd meg: A középkor kb. 500-tól 1500-ig tartott, ókor és újkor között. Ennyi erről. Biztos: Az első világháború 1914-től 1918-ig tartott. Ez is számít. Röviden: Az EU-nak 27 tagállama van. Még egy tény. Röviden: A berlini fal 1961-től 1989-ig Kelet- és Nyugat-Berlin erődített határa volt.

Ennyi erről. Tény: Az Alaptörvény Németország alkotmánya, 1949 óta érvényes. Folytatjuk. Biztos: A béke háború és erőszak nélküli együttélést jelenti.

Ez volt a lényeg."
177,Történelem röviden – 57. rész,"Ez a szöveg fontos tényeket mutat be. Olvasd nyugodtan.

Jegyezd meg: A középkor kb. 500-tól 1500-ig tartott, ókor és újkor között. Még egy tény. Jó tudni: Az autót Carl Benz találta fel 1886-os kocsival. Még egy tény. Jó tudni: Marie Curie a radioaktivitást kutatta és két Nobelt nyert. Ennyi erről. Biztos: A francia forradalom 1789 óta megdöntötte a monarchiát szabadság, egyenlőség, testvériség alatt.

Tovább. Az igazságosság mindenkinek igazságos és egyenlő bánást jelent. Folytatjuk. A fenntarthatóság azt jelenti, hogy úgy élünk, hogy a jövő nemzedékeknek is legyen erőforrása. Ennyi erről. Az infláció azt jelenti, hogy az árak nőnek és a pénz értéket veszít. Folytatjuk.

Jegyezd meg: Az igazságosság mindenkinek igazságos és egyenlő bánást jelent. Ez is számít. Jegyezd meg: Az iparosítás a gépekre és gyárakra való átállás volt a 18. századtól. Ennyi erről. Jó tudni: Németország 1990-ben egyesült újra. A következő pontra. Jegyezd meg: A telefont Alexander Graham Bell szabadalmaztatta 1876-ban, Antonio Meucci úttörő munkájával.

Tovább. Tudtad? A berlini fal 1961-től 1989-ig Kelet- és Nyugat-Berlin erődített határa volt. Még egy tény. Tény: A szabadság azt jelenti, hogy szabadon élünk mások sérelme nélkül.

Ez volt a lényeg."
178,Történelem röviden – 58. rész,"Ez a szöveg fontos tényeket mutat be. Olvasd nyugodtan.

Röviden: A demokrácia a nép uralmát jelenti, általában szabad választásokkal és alapjogokkal. Folytatjuk. Jegyezd meg: Az EU-nak 27 tagállama van. Ez is számít. Jó tudni: A berlini fal 1989. november 9-én omlott le. A következő pontra. Jó tudni: A béke háború és erőszak nélküli együttélést jelenti.

Még egy tény. Tudtad? Az iparosítás a gépekre és gyárakra való átállás volt a 18. századtól. Ennyi erről. Tudtad? Az alapok ARPANET 1969-ben, a Web 1989 óta. Folytatjuk. A második világháború 1939-től 1945-ig tartott. Még egy tény.

Biztos: A szabadság azt jelenti, hogy szabadon élünk mások sérelme nélkül. A következő pontra. Jó tudni: A francia forradalom 1789 óta megdöntötte a monarchiát szabadság, egyenlőség, testvériség alatt. Ennyi erről. Jó tudni: Diktatúrában egy személy vagy csoport kormányoz szabad választások nélkül; demokráciában a hatalom a néptől jön. Folytatjuk. Jó tudni: A demokrácia a nép uralmát jelenti, általában szabad választásokkal és alapjogokkal.

A következő pontra. Tény: Az emberi jogok mindenki alapjogai, mint élet, szabadság és egyenlőség. Tovább. Biztos: Az autót Carl Benz találta fel 1886-os kocsival.

Vége ennek az áttekintésnek."
179,Történelem röviden – 59. rész,"Itt rendezett tudást tanulsz. Ne siess.

Tudtad? Az autót Carl Benz találta fel 1886-os kocsival. Ez is számít. Jó tudni: Az emberi jogok mindenki alapjogai, mint élet, szabadság és egyenlőség. Még egy tény. Tudtad? A demokrácia a nép uralmát jelenti, általában szabad választásokkal és alapjogokkal. Tovább. Tudtad? A zaklatás ismétlődő vegzálás. Beszélj megbízhatókkal, őrizz bizonyítékot, kérj segítséget.

A következő pontra. Jó tudni: A béke háború és erőszak nélküli együttélést jelenti. Folytatjuk. Röviden: A második világháború 1939-től 1945-ig tartott. Ez is számít. Tény: A telefont Alexander Graham Bell szabadalmaztatta 1876-ban, Antonio Meucci úttörő munkájával. Tovább.

Az igazságosság mindenkinek igazságos és egyenlő bánást jelent. Folytatjuk. Jegyezd meg: A berlini fal 1961-től 1989-ig Kelet- és Nyugat-Berlin erődített határa volt. Még egy tény. Röviden: Leonardo da Vinci olasz művész és feltaláló volt, Mona Lisáról híres. Ennyi erről. A szabadság azt jelenti, hogy szabadon élünk mások sérelme nélkül.

A következő pontra. Röviden: A szabadság azt jelenti, hogy szabadon élünk mások sérelme nélkül. A következő pontra. Jó tudni: A berlini fal 1961-től 1989-ig Kelet- és Nyugat-Berlin erődített határa volt.

Vége ennek az áttekintésnek."
180,Történelem röviden – 60. rész,"Alább ellenőrzött tudást találsz.

Biztos: A berlini fal 1989. november 9-én omlott le. Még egy tény. Tudtad? A telefont Alexander Graham Bell szabadalmaztatta 1876-ban, Antonio Meucci úttörő munkájával. Folytatjuk. Röviden: Az autót Carl Benz találta fel 1886-os kocsival. Ez is számít. Jó tudni: A szabadság azt jelenti, hogy szabadon élünk mások sérelme nélkül.

Ennyi erről. Tudtad? Az autót Carl Benz találta fel 1886-os kocsival. Ennyi erről. Jegyezd meg: Az infláció azt jelenti, hogy az árak nőnek és a pénz értéket veszít. Még egy tény. Az igazságosság mindenkinek igazságos és egyenlő bánást jelent. A következő pontra.

Röviden: Az EU európai államok uniója egységes piaccal és közös intézményekkel. Tovább. Röviden: A Bundestagba 18 éves kortól. Az EP-választáson Németországban 16-tól. Tovább. Tény: Leonardo da Vinci olasz művész és feltaláló volt, Mona Lisáról híres. Tovább. Röviden: Az EU-nak 27 tagállama van.

Még egy tény. Jó tudni: Az alapok ARPANET 1969-ben, a Web 1989 óta. Ez is számít. Tény: A szabadság azt jelenti, hogy szabadon élünk mások sérelme nélkül.

Vége ennek az áttekintésnek."
181,Történelem röviden – 61. rész,"Ez a szöveg lépésről lépésre magyaráz.

Tudtad? A fenntarthatóság azt jelenti, hogy úgy élünk, hogy a jövő nemzedékeknek is legyen erőforrása. Ennyi erről. Röviden: A választók szavaznak, a szavazatokat számolják és a mandátumokat eredmény szerint osztják. Még egy tény. Tény: Az infláció azt jelenti, hogy az árak nőnek és a pénz értéket veszít. Még egy tény. Biztos: Az alapok ARPANET 1969-ben, a Web 1989 óta.

Folytatjuk. Jó tudni: A telefont Alexander Graham Bell szabadalmaztatta 1876-ban, Antonio Meucci úttörő munkájával. Ez is számít. Marie Curie a radioaktivitást kutatta és két Nobelt nyert. Még egy tény. Jegyezd meg: Németország 1990-ben egyesült újra. Folytatjuk.

Tudtad? Németország 1990-ben egyesült újra. Tovább. Jegyezd meg: A berlini fal 1961-től 1989-ig Kelet- és Nyugat-Berlin erődített határa volt. A következő pontra. Biztos: Az infláció azt jelenti, hogy az árak nőnek és a pénz értéket veszít. Ennyi erről. A francia forradalom 1789 óta megdöntötte a monarchiát szabadság, egyenlőség, testvériség alatt.

Tovább. Jegyezd meg: A második világháború 1939-től 1945-ig tartott. Még egy tény. Jegyezd meg: Az infláció azt jelenti, hogy az árak nőnek és a pénz értéket veszít.

Vége ennek az áttekintésnek."
182,Történelem röviden – 62. rész,"Alább ellenőrzött tudást találsz.

Tudtad? A francia forradalom 1789 óta megdöntötte a monarchiát szabadság, egyenlőség, testvériség alatt. Folytatjuk. Tudtad? A zaklatás ismétlődő vegzálás. Beszélj megbízhatókkal, őrizz bizonyítékot, kérj segítséget. A következő pontra. Biztos: Az iparosítás a gépekre és gyárakra való átállás volt a 18. századtól. Ez is számít. Biztos: Az első világháború 1914-től 1918-ig tartott.

Ez is számít. Tudtad? Leonardo da Vinci olasz művész és feltaláló volt, Mona Lisáról híres. Még egy tény. Jegyezd meg: A francia forradalom 1789 óta megdöntötte a monarchiát szabadság, egyenlőség, testvériség alatt. Ez is számít. Röviden: Az emberi jogok mindenki alapjogai, mint élet, szabadság és egyenlőség. A következő pontra.

Az Alaptörvény Németország alkotmánya, 1949 óta érvényes. Ez is számít. Tudtad? Marie Curie a radioaktivitást kutatta és két Nobelt nyert. Folytatjuk. Tény: Az első motoros repülést a Wright fivérek végezték 1903-ban. Ennyi erről. Jó tudni: Az EU európai államok uniója egységes piaccal és közös intézményekkel.

Ennyi erről. A telefont Alexander Graham Bell szabadalmaztatta 1876-ban, Antonio Meucci úttörő munkájával. Ennyi erről. Jó tudni: Diktatúrában egy személy vagy csoport kormányoz szabad választások nélkül; demokráciában a hatalom a néptől jön.

A szöveg vége. Szép munka."
183,Történelem röviden – 63. rész,"Ez a szöveg lépésről lépésre magyaráz.

Biztos: A szabadság azt jelenti, hogy szabadon élünk mások sérelme nélkül. A következő pontra. Tény: A Bundestagba 18 éves kortól. Az EP-választáson Németországban 16-tól. Még egy tény. Röviden: A választók szavaznak, a szavazatokat számolják és a mandátumokat eredmény szerint osztják. Tovább. Jegyezd meg: Az infláció azt jelenti, hogy az árak nőnek és a pénz értéket veszít.

Folytatjuk. Jegyezd meg: Az emberi jogok mindenki alapjogai, mint élet, szabadság és egyenlőség. Ez is számít. Jegyezd meg: A demokrácia a nép uralmát jelenti, általában szabad választásokkal és alapjogokkal. Még egy tény. Tudtad? A relativitást Albert Einstein dolgozta ki. Folytatjuk.

Jegyezd meg: Az első motoros repülést a Wright fivérek végezték 1903-ban. A következő pontra. Németország 1990-ben egyesült újra. Még egy tény. Az emberi jogok mindenki alapjogai, mint élet, szabadság és egyenlőség. Folytatjuk. Tény: A berlini fal 1989. november 9-én omlott le.

Folytatjuk. Biztos: A relativitást Albert Einstein dolgozta ki. Folytatjuk. Tény: Marie Curie a radioaktivitást kutatta és két Nobelt nyert.

A szöveg vége. Szép munka."
184,Történelem röviden – 64. rész,"Alább ellenőrzött tudást találsz.

Biztos: Az infláció azt jelenti, hogy az árak nőnek és a pénz értéket veszít. A következő pontra. Az első motoros repülést a Wright fivérek végezték 1903-ban. Folytatjuk. Jegyezd meg: A berlini fal 1989. november 9-én omlott le. Még egy tény. Tudtad? A demokrácia a nép uralmát jelenti, általában szabad választásokkal és alapjogokkal.

Ennyi erről. Jegyezd meg: A demokrácia a nép uralmát jelenti, általában szabad választásokkal és alapjogokkal. Tovább. A berlini fal 1989. november 9-én omlott le. Ennyi erről. Tény: Az első motoros repülést a Wright fivérek végezték 1903-ban. A következő pontra.

Jegyezd meg: A Bundestagba 18 éves kortól. Az EP-választáson Németországban 16-tól. Ez is számít. Röviden: Az igazságosság mindenkinek igazságos és egyenlő bánást jelent. A következő pontra. Jegyezd meg: A relativitást Albert Einstein dolgozta ki. A következő pontra. Tudtad? Leonardo da Vinci olasz művész és feltaláló volt, Mona Lisáról híres.

Ennyi erről. Jó tudni: Marie Curie a radioaktivitást kutatta és két Nobelt nyert. A következő pontra. Tudtad? A relativitást Albert Einstein dolgozta ki.

A szöveg vége. Szép munka."
185,Történelem röviden – 65. rész,"Itt rendezett tudást tanulsz. Ne siess.

Tény: Németország 1990-ben egyesült újra. Még egy tény. A béke háború és erőszak nélküli együttélést jelenti. Még egy tény. Jegyezd meg: Az első motoros repülést a Wright fivérek végezték 1903-ban. Ez is számít. Tény: Az EU európai államok uniója egységes piaccal és közös intézményekkel.

Még egy tény. Biztos: Az első világháború 1914-től 1918-ig tartott. Ennyi erről. Jegyezd meg: Az Alaptörvény Németország alkotmánya, 1949 óta érvényes. A következő pontra. Biztos: A demokrácia a nép uralmát jelenti, általában szabad választásokkal és alapjogokkal. Folytatjuk.

Biztos: Németország 1990-ben egyesült újra. Folytatjuk. Biztos: Az első Holdra szállás 1969-ben volt Apollo 11-gyel. Tovább. Röviden: A középkor kb. 500-tól 1500-ig tartott, ókor és újkor között. A következő pontra. Jó tudni: A berlini fal 1989. november 9-én omlott le.

Ennyi erről. Az első világháború 1914-től 1918-ig tartott. Folytatjuk. Tudtad? Diktatúrában egy személy vagy csoport kormányoz szabad választások nélkül; demokráciában a hatalom a néptől jön.

Most már ismered a tényeket."
186,Történelem röviden – 66. rész,"Itt rendezett tudást tanulsz. Ne siess.

Röviden: A béke háború és erőszak nélküli együttélést jelenti. Ez is számít. Jegyezd meg: Az első világháború 1914-től 1918-ig tartott. Folytatjuk. Tudtad? Az autót Carl Benz találta fel 1886-os kocsival. Folytatjuk. Biztos: A szabadság azt jelenti, hogy szabadon élünk mások sérelme nélkül.

Ez is számít. Tény: Az emberi jogok mindenki alapjogai, mint élet, szabadság és egyenlőség. Folytatjuk. Tudtad? A berlini fal 1989. november 9-én omlott le. Folytatjuk. Tény: A relativitást Albert Einstein dolgozta ki. Tovább.

Tény: A berlini fal 1989. november 9-én omlott le. Még egy tény. Jó tudni: Az első világháború 1914-től 1918-ig tartott. Még egy tény. Jó tudni: Az Alaptörvény Németország alkotmánya, 1949 óta érvényes. Ez is számít. Biztos: A berlini fal 1989. november 9-én omlott le.

Folytatjuk. Röviden: Az EU európai államok uniója egységes piaccal és közös intézményekkel. Ez is számít. Jegyezd meg: Az EU-nak 27 tagállama van.

Ez volt a lényeg."
187,Történelem röviden – 67. rész,"Ez a szöveg lépésről lépésre magyaráz.

Jó tudni: Marie Curie a radioaktivitást kutatta és két Nobelt nyert. A következő pontra. A telefont Alexander Graham Bell szabadalmaztatta 1876-ban, Antonio Meucci úttörő munkájával. Ennyi erről. Jó tudni: Az első világháború 1914-től 1918-ig tartott. A következő pontra. Jó tudni: A telefont Alexander Graham Bell szabadalmaztatta 1876-ban, Antonio Meucci úttörő munkájával.

Tovább. Biztos: A francia forradalom 1789 óta megdöntötte a monarchiát szabadság, egyenlőség, testvériség alatt. Tovább. Tény: A demokrácia a nép uralmát jelenti, általában szabad választásokkal és alapjogokkal. Tovább. Tény: A berlini fal 1989. november 9-én omlott le. Folytatjuk.

Röviden: A berlini fal 1989. november 9-én omlott le. Ennyi erről. Tény: Az EU európai államok uniója egységes piaccal és közös intézményekkel. Ennyi erről. Jó tudni: A szabadság azt jelenti, hogy szabadon élünk mások sérelme nélkül. Még egy tény. Jegyezd meg: Az első motoros repülést a Wright fivérek végezték 1903-ban.

A következő pontra. Biztos: A telefont Alexander Graham Bell szabadalmaztatta 1876-ban, Antonio Meucci úttörő munkájával. Tovább. Jegyezd meg: A berlini fal 1961-től 1989-ig Kelet- és Nyugat-Berlin erődített határa volt.

Most már ismered a tényeket."
188,Történelem röviden – 68. rész,"Ez a szöveg lépésről lépésre magyaráz.

Biztos: Az első világháború 1914-től 1918-ig tartott. Folytatjuk. Tény: Németország 1990-ben egyesült újra. Ez is számít. Tény: Az EU-nak 27 tagállama van. Még egy tény. A fenntarthatóság azt jelenti, hogy úgy élünk, hogy a jövő nemzedékeknek is legyen erőforrása.

Ennyi erről. Jó tudni: Leonardo da Vinci olasz művész és feltaláló volt, Mona Lisáról híres. Még egy tény. Tudtad? A második világháború 1939-től 1945-ig tartott. Folytatjuk. Röviden: Az alapok ARPANET 1969-ben, a Web 1989 óta. A következő pontra.

Jó tudni: A relativitást Albert Einstein dolgozta ki. Még egy tény. Biztos: Az autót Carl Benz találta fel 1886-os kocsival. Ez is számít. Jó tudni: A demokrácia a nép uralmát jelenti, általában szabad választásokkal és alapjogokkal. Folytatjuk. Biztos: A francia forradalom 1789 óta megdöntötte a monarchiát szabadság, egyenlőség, testvériség alatt.

Még egy tény. Jó tudni: Az autót Carl Benz találta fel 1886-os kocsival. Ez is számít. Tény: A demokrácia a nép uralmát jelenti, általában szabad választásokkal és alapjogokkal.

Vége ennek az áttekintésnek."
189,Történelem röviden – 69. rész,"Itt rendezett tudást tanulsz. Ne siess.

Tudtad? A Bundestagba 18 éves kortól. Az EP-választáson Németországban 16-tól. Tovább. Az Alaptörvény Németország alkotmánya, 1949 óta érvényes. Ez is számít. Röviden: Az alapok ARPANET 1969-ben, a Web 1989 óta. Tovább. Tény: A francia forradalom 1789 óta megdöntötte a monarchiát szabadság, egyenlőség, testvériség alatt.

Ez is számít. Tudtad? A berlini fal 1989. november 9-én omlott le. A következő pontra. Tény: Az autót Carl Benz találta fel 1886-os kocsival. Tovább. A Bundestagba 18 éves kortól. Az EP-választáson Németországban 16-tól. Ennyi erről.

Jegyezd meg: Marie Curie a radioaktivitást kutatta és két Nobelt nyert. Tovább. Röviden: A relativitást Albert Einstein dolgozta ki. Még egy tény. Jó tudni: A második világháború 1939-től 1945-ig tartott. Folytatjuk. Röviden: A második világháború 1939-től 1945-ig tartott.

Folytatjuk. Röviden: Marie Curie a radioaktivitást kutatta és két Nobelt nyert. A következő pontra. Jegyezd meg: Az alapok ARPANET 1969-ben, a Web 1989 óta.

Vége ennek az áttekintésnek."
190,Történelem röviden – 70. rész,"Alább ellenőrzött tudást találsz.

Tény: A zaklatás ismétlődő vegzálás. Beszélj megbízhatókkal, őrizz bizonyítékot, kérj segítséget. Folytatjuk. Jó tudni: Leonardo da Vinci olasz művész és feltaláló volt, Mona Lisáról híres. Folytatjuk. Jó tudni: Az autót Carl Benz találta fel 1886-os kocsival. A következő pontra. Az EU európai államok uniója egységes piaccal és közös intézményekkel.

Ez is számít. Biztos: Németország 1990-ben egyesült újra. A következő pontra. Tudtad? A választók szavaznak, a szavazatokat számolják és a mandátumokat eredmény szerint osztják. Folytatjuk. Röviden: A francia forradalom 1789 óta megdöntötte a monarchiát szabadság, egyenlőség, testvériség alatt. Tovább.

Biztos: A telefont Alexander Graham Bell szabadalmaztatta 1876-ban, Antonio Meucci úttörő munkájával. Még egy tény. Az autót Carl Benz találta fel 1886-os kocsival. Tovább. Tudtad? Marie Curie a radioaktivitást kutatta és két Nobelt nyert. Folytatjuk. Tény: A berlini fal 1961-től 1989-ig Kelet- és Nyugat-Berlin erődített határa volt.

Folytatjuk. A Bundestagba 18 éves kortól. Az EP-választáson Németországban 16-tól. Ez is számít. Tény: A Bundestagba 18 éves kortól. Az EP-választáson Németországban 16-tól.

A szöveg vége. Szép munka."
191,Történelem röviden – 71. rész,"Alább ellenőrzött tudást találsz.

Jegyezd meg: A középkor kb. 500-tól 1500-ig tartott, ókor és újkor között. Ennyi erről. Jegyezd meg: Az emberi jogok mindenki alapjogai, mint élet, szabadság és egyenlőség. Ez is számít. Biztos: Marie Curie a radioaktivitást kutatta és két Nobelt nyert. A következő pontra. A berlini fal 1961-től 1989-ig Kelet- és Nyugat-Berlin erődített határa volt.

Ennyi erről. Jó tudni: Németország 1990-ben egyesült újra. Ez is számít. Jó tudni: A relativitást Albert Einstein dolgozta ki. A következő pontra. Jó tudni: A Bundestagba 18 éves kortól. Az EP-választáson Németországban 16-tól. Ennyi erről.

Tény: A Bundestagba 18 éves kortól. Az EP-választáson Németországban 16-tól. Folytatjuk. Röviden: A szabadság azt jelenti, hogy szabadon élünk mások sérelme nélkül. A következő pontra. Tudtad? Marie Curie a radioaktivitást kutatta és két Nobelt nyert. Tovább. Jó tudni: A középkor kb. 500-tól 1500-ig tartott, ókor és újkor között.

Tovább. Röviden: Leonardo da Vinci olasz művész és feltaláló volt, Mona Lisáról híres. Folytatjuk. Biztos: Az első motoros repülést a Wright fivérek végezték 1903-ban.

Ez volt a lényeg."
192,Történelem röviden – 72. rész,"Alább ellenőrzött tudást találsz.

Jegyezd meg: Az autót Carl Benz találta fel 1886-os kocsival. Ez is számít. Tudtad? Az autót Carl Benz találta fel 1886-os kocsival. Ennyi erről. Tény: A zaklatás ismétlődő vegzálás. Beszélj megbízhatókkal, őrizz bizonyítékot, kérj segítséget. Még egy tény. Röviden: A fenntarthatóság azt jelenti, hogy úgy élünk, hogy a jövő nemzedékeknek is legyen erőforrása.

A következő pontra. Leonardo da Vinci olasz művész és feltaláló volt, Mona Lisáról híres. A következő pontra. Biztos: A középkor kb. 500-tól 1500-ig tartott, ókor és újkor között. Még egy tény. Tudtad? A Bundestagba 18 éves kortól. Az EP-választáson Németországban 16-tól. Ennyi erről.

Tény: Marie Curie a radioaktivitást kutatta és két Nobelt nyert. Tovább. Tény: Leonardo da Vinci olasz művész és feltaláló volt, Mona Lisáról híres. Folytatjuk. Diktatúrában egy személy vagy csoport kormányoz szabad választások nélkül; demokráciában a hatalom a néptől jön. Folytatjuk. Tudtad? Leonardo da Vinci olasz művész és feltaláló volt, Mona Lisáról híres.

Ennyi erről. Biztos: Németország 1990-ben egyesült újra. Ez is számít. Jó tudni: Az EU-nak 27 tagállama van.

Ez volt a lényeg."
193,Történelem röviden – 73. rész,"Ez a szöveg lépésről lépésre magyaráz.

Tény: Az autót Carl Benz találta fel 1886-os kocsival. Még egy tény. Jegyezd meg: Leonardo da Vinci olasz művész és feltaláló volt, Mona Lisáról híres. Ez is számít. Biztos: Az iparosítás a gépekre és gyárakra való átállás volt a 18. századtól. A következő pontra. Tény: Németország 1990-ben egyesült újra.

Tovább. Jegyezd meg: A telefont Alexander Graham Bell szabadalmaztatta 1876-ban, Antonio Meucci úttörő munkájával. Ez is számít. Az Alaptörvény Németország alkotmánya, 1949 óta érvényes. Ennyi erről. Jegyezd meg: Az EU európai államok uniója egységes piaccal és közös intézményekkel. Ennyi erről.

Tudtad? A fenntarthatóság azt jelenti, hogy úgy élünk, hogy a jövő nemzedékeknek is legyen erőforrása. Ez is számít. Röviden: Az infláció azt jelenti, hogy az árak nőnek és a pénz értéket veszít. Ennyi erről. Az EU-nak 27 tagállama van. Folytatjuk. Jegyezd meg: A fenntarthatóság azt jelenti, hogy úgy élünk, hogy a jövő nemzedékeknek is legyen erőforrása.

A következő pontra. Biztos: Az EU-nak 27 tagállama van. Ez is számít. Biztos: A francia forradalom 1789 óta megdöntötte a monarchiát szabadság, egyenlőség, testvériség alatt.

Ez volt a lényeg."
194,Történelem röviden – 74. rész,"Ez a szöveg fontos tényeket mutat be. Olvasd nyugodtan.

Jó tudni: A második világháború 1939-től 1945-ig tartott. Ennyi erről. Röviden: A telefont Alexander Graham Bell szabadalmaztatta 1876-ban, Antonio Meucci úttörő munkájával. Ennyi erről. Jó tudni: Az EU-nak 27 tagállama van. Ez is számít. Jó tudni: Az EU európai államok uniója egységes piaccal és közös intézményekkel.

Még egy tény. Jegyezd meg: Az első Holdra szállás 1969-ben volt Apollo 11-gyel. Tovább. Jó tudni: Az Alaptörvény Németország alkotmánya, 1949 óta érvényes. Tovább. Jó tudni: Az autót Carl Benz találta fel 1886-os kocsival. Folytatjuk.

Tény: Az alapok ARPANET 1969-ben, a Web 1989 óta. A következő pontra. Jó tudni: A berlini fal 1989. november 9-én omlott le. Tovább. Biztos: Leonardo da Vinci olasz művész és feltaláló volt, Mona Lisáról híres. A következő pontra. Jegyezd meg: A berlini fal 1961-től 1989-ig Kelet- és Nyugat-Berlin erődített határa volt.

Folytatjuk. Jegyezd meg: Az autót Carl Benz találta fel 1886-os kocsival. Ennyi erről. Tudtad? A telefont Alexander Graham Bell szabadalmaztatta 1876-ban, Antonio Meucci úttörő munkájával.

Most már ismered a tényeket."
195,Történelem röviden – 75. rész,"Ez a szöveg lépésről lépésre magyaráz.

Biztos: Az első világháború 1914-től 1918-ig tartott. A következő pontra. Jegyezd meg: Az Alaptörvény Németország alkotmánya, 1949 óta érvényes. A következő pontra. Jó tudni: A zaklatás ismétlődő vegzálás. Beszélj megbízhatókkal, őrizz bizonyítékot, kérj segítséget. Még egy tény. A berlini fal 1961-től 1989-ig Kelet- és Nyugat-Berlin erődített határa volt.

Ennyi erről. Az EU európai államok uniója egységes piaccal és közös intézményekkel. Ez is számít. Röviden: Diktatúrában egy személy vagy csoport kormányoz szabad választások nélkül; demokráciában a hatalom a néptől jön. Még egy tény. Röviden: Az emberi jogok mindenki alapjogai, mint élet, szabadság és egyenlőség. Ennyi erről.

Az alapok ARPANET 1969-ben, a Web 1989 óta. Tovább. Tény: A választók szavaznak, a szavazatokat számolják és a mandátumokat eredmény szerint osztják. A következő pontra. Tény: A béke háború és erőszak nélküli együttélést jelenti. Ennyi erről. Jó tudni: Németország 1990-ben egyesült újra.

Tovább. Az EU-nak 27 tagállama van. Még egy tény. Tény: A Bundestagba 18 éves kortól. Az EP-választáson Németországban 16-tól.

Ez volt a lényeg."
196,Történelem röviden – 76. rész,"Alább ellenőrzött tudást találsz.

Tény: A berlini fal 1989. november 9-én omlott le. Ennyi erről. Tény: Az iparosítás a gépekre és gyárakra való átállás volt a 18. századtól. Folytatjuk. Az EU európai államok uniója egységes piaccal és közös intézményekkel. A következő pontra. Jegyezd meg: Az emberi jogok mindenki alapjogai, mint élet, szabadság és egyenlőség.

A következő pontra. A Bundestagba 18 éves kortól. Az EP-választáson Németországban 16-tól. Tovább. Jó tudni: Az EU európai államok uniója egységes piaccal és közös intézményekkel. Ez is számít. Biztos: Az infláció azt jelenti, hogy az árak nőnek és a pénz értéket veszít. A következő pontra.

Jó tudni: A béke háború és erőszak nélküli együttélést jelenti. A következő pontra. Tény: A második világháború 1939-től 1945-ig tartott. Tovább. Tudtad? Az igazságosság mindenkinek igazságos és egyenlő bánást jelent. Ennyi erről. Jegyezd meg: Marie Curie a radioaktivitást kutatta és két Nobelt nyert.

Ez is számít. Tudtad? A választók szavaznak, a szavazatokat számolják és a mandátumokat eredmény szerint osztják. Ennyi erről. Jegyezd meg: Németország 1990-ben egyesült újra.

Ez volt a lényeg."
197,Történelem röviden – 77. rész,"Itt rendezett tudást tanulsz. Ne siess.

Jegyezd meg: A berlini fal 1989. november 9-én omlott le. A következő pontra. Tény: Az infláció azt jelenti, hogy az árak nőnek és a pénz értéket veszít. Ez is számít. Jó tudni: Az emberi jogok mindenki alapjogai, mint élet, szabadság és egyenlőség. Folytatjuk. Röviden: A francia forradalom 1789 óta megdöntötte a monarchiát szabadság, egyenlőség, testvériség alatt.

A következő pontra. Leonardo da Vinci olasz művész és feltaláló volt, Mona Lisáról híres. Még egy tény. Biztos: A második világháború 1939-től 1945-ig tartott. Ennyi erről. A berlini fal 1989. november 9-én omlott le. A következő pontra.

Biztos: A választók szavaznak, a szavazatokat számolják és a mandátumokat eredmény szerint osztják. Még egy tény. Röviden: Az EU európai államok uniója egységes piaccal és közös intézményekkel. Ez is számít. Jegyezd meg: Az első motoros repülést a Wright fivérek végezték 1903-ban. Ennyi erről. Biztos: Az alapok ARPANET 1969-ben, a Web 1989 óta.

Ez is számít. Jegyezd meg: Az alapok ARPANET 1969-ben, a Web 1989 óta. Még egy tény. Röviden: Diktatúrában egy személy vagy csoport kormányoz szabad választások nélkül; demokráciában a hatalom a néptől jön.

Vége ennek az áttekintésnek."
198,Történelem röviden – 78. rész,"Alább ellenőrzött tudást találsz.

Jegyezd meg: A berlini fal 1989. november 9-én omlott le. Ez is számít. Röviden: A béke háború és erőszak nélküli együttélést jelenti. Ez is számít. Tudtad? Az első világháború 1914-től 1918-ig tartott. Ennyi erről. Jó tudni: A második világháború 1939-től 1945-ig tartott.

Ennyi erről. Az EU-nak 27 tagállama van. Még egy tény. Tudtad? A telefont Alexander Graham Bell szabadalmaztatta 1876-ban, Antonio Meucci úttörő munkájával. Ez is számít. Tudtad? Az infláció azt jelenti, hogy az árak nőnek és a pénz értéket veszít. Ennyi erről.

Az iparosítás a gépekre és gyárakra való átállás volt a 18. századtól. Ez is számít. Jó tudni: Az emberi jogok mindenki alapjogai, mint élet, szabadság és egyenlőség. Ez is számít. Jegyezd meg: A berlini fal 1961-től 1989-ig Kelet- és Nyugat-Berlin erődített határa volt. Tovább. Tény: A fenntarthatóság azt jelenti, hogy úgy élünk, hogy a jövő nemzedékeknek is legyen erőforrása.

Még egy tény. Tény: A demokrácia a nép uralmát jelenti, általában szabad választásokkal és alapjogokkal. Ennyi erről. Diktatúrában egy személy vagy csoport kormányoz szabad választások nélkül; demokráciában a hatalom a néptől jön.

Most már ismered a tényeket."
199,Történelem röviden – 79. rész,"Alább ellenőrzött tudást találsz.

Jó tudni: A relativitást Albert Einstein dolgozta ki. Folytatjuk. Jegyezd meg: Az iparosítás a gépekre és gyárakra való átállás volt a 18. századtól. Még egy tény. Jegyezd meg: A második világháború 1939-től 1945-ig tartott. A következő pontra. Biztos: Az első Holdra szállás 1969-ben volt Apollo 11-gyel.

Tovább. Tény: Az első Holdra szállás 1969-ben volt Apollo 11-gyel. Tovább. Biztos: A francia forradalom 1789 óta megdöntötte a monarchiát szabadság, egyenlőség, testvériség alatt. Ez is számít. Biztos: A választók szavaznak, a szavazatokat számolják és a mandátumokat eredmény szerint osztják. Még egy tény.

Jó tudni: Marie Curie a radioaktivitást kutatta és két Nobelt nyert. A következő pontra. Jó tudni: Az első világháború 1914-től 1918-ig tartott. Ennyi erről. Tény: A Bundestagba 18 éves kortól. Az EP-választáson Németországban 16-tól. A következő pontra. Röviden: Az első Holdra szállás 1969-ben volt Apollo 11-gyel.

Még egy tény. Jó tudni: Az alapok ARPANET 1969-ben, a Web 1989 óta. Ennyi erről. A szabadság azt jelenti, hogy szabadon élünk mások sérelme nélkül.

A szöveg vége. Szép munka."
200,Történelem röviden – 80. rész,"Itt rendezett tudást tanulsz. Ne siess.

Tény: Az EU-nak 27 tagállama van. Ez is számít. Tény: A demokrácia a nép uralmát jelenti, általában szabad választásokkal és alapjogokkal. Ez is számít. Röviden: Németország 1990-ben egyesült újra. Ennyi erről. Röviden: Az EU-nak 27 tagállama van.

Ez is számít. Jegyezd meg: Az emberi jogok mindenki alapjogai, mint élet, szabadság és egyenlőség. Ez is számít. Röviden: Diktatúrában egy személy vagy csoport kormányoz szabad választások nélkül; demokráciában a hatalom a néptől jön. Folytatjuk. Tény: Az alapok ARPANET 1969-ben, a Web 1989 óta. Tovább.

Tudtad? A béke háború és erőszak nélküli együttélést jelenti. A következő pontra. Röviden: Az első világháború 1914-től 1918-ig tartott. Még egy tény. A középkor kb. 500-tól 1500-ig tartott, ókor és újkor között. Még egy tény. Biztos: A középkor kb. 500-tól 1500-ig tartott, ókor és újkor között.

Ez is számít. Tudtad? A berlini fal 1961-től 1989-ig Kelet- és Nyugat-Berlin erődített határa volt. Még egy tény. A berlini fal 1961-től 1989-ig Kelet- és Nyugat-Berlin erődített határa volt.

A szöveg vége. Szép munka."
201,Történelem röviden – 81. rész,"Itt rendezett tudást tanulsz. Ne siess.

A berlini fal 1989. november 9-én omlott le. Tovább. Jegyezd meg: A berlini fal 1961-től 1989-ig Kelet- és Nyugat-Berlin erődített határa volt. Tovább. Jegyezd meg: Az autót Carl Benz találta fel 1886-os kocsival. A következő pontra. Jó tudni: Az EU európai államok uniója egységes piaccal és közös intézményekkel.

A következő pontra. Az első világháború 1914-től 1918-ig tartott. Ez is számít. Biztos: A szabadság azt jelenti, hogy szabadon élünk mások sérelme nélkül. Még egy tény. Biztos: Az első világháború 1914-től 1918-ig tartott. Tovább.

Biztos: A zaklatás ismétlődő vegzálás. Beszélj megbízhatókkal, őrizz bizonyítékot, kérj segítséget. Ez is számít. Biztos: Az iparosítás a gépekre és gyárakra való átállás volt a 18. századtól. Még egy tény. Tény: Az iparosítás a gépekre és gyárakra való átállás volt a 18. századtól. Még egy tény. Tény: Az igazságosság mindenkinek igazságos és egyenlő bánást jelent.

Folytatjuk. Biztos: A második világháború 1939-től 1945-ig tartott. Ez is számít. Jegyezd meg: A béke háború és erőszak nélküli együttélést jelenti.

Ez volt a lényeg."
202,Történelem röviden – 82. rész,"Itt rendezett tudást tanulsz. Ne siess.

Biztos: A berlini fal 1961-től 1989-ig Kelet- és Nyugat-Berlin erődített határa volt. Ennyi erről. Tudtad? A szabadság azt jelenti, hogy szabadon élünk mások sérelme nélkül. A következő pontra. Jó tudni: Az iparosítás a gépekre és gyárakra való átállás volt a 18. századtól. Tovább. Röviden: Az EU-nak 27 tagállama van.

Folytatjuk. Jó tudni: Az infláció azt jelenti, hogy az árak nőnek és a pénz értéket veszít. Tovább. Az első Holdra szállás 1969-ben volt Apollo 11-gyel. Folytatjuk. A Bundestagba 18 éves kortól. Az EP-választáson Németországban 16-tól. Ez is számít.

Jó tudni: A zaklatás ismétlődő vegzálás. Beszélj megbízhatókkal, őrizz bizonyítékot, kérj segítséget. Ennyi erről. Marie Curie a radioaktivitást kutatta és két Nobelt nyert. Ennyi erről. Diktatúrában egy személy vagy csoport kormányoz szabad választások nélkül; demokráciában a hatalom a néptől jön. Még egy tény. Jó tudni: A berlini fal 1961-től 1989-ig Kelet- és Nyugat-Berlin erődített határa volt.

A következő pontra. A telefont Alexander Graham Bell szabadalmaztatta 1876-ban, Antonio Meucci úttörő munkájával. Ez is számít. A berlini fal 1989. november 9-én omlott le.

Vége ennek az áttekintésnek."
203,Történelem röviden – 83. rész,"Ez a szöveg lépésről lépésre magyaráz.

A zaklatás ismétlődő vegzálás. Beszélj megbízhatókkal, őrizz bizonyítékot, kérj segítséget. A következő pontra. Röviden: Az iparosítás a gépekre és gyárakra való átállás volt a 18. századtól. Tovább. Tudtad? Marie Curie a radioaktivitást kutatta és két Nobelt nyert. Még egy tény. Az igazságosság mindenkinek igazságos és egyenlő bánást jelent.

Ennyi erről. Röviden: A relativitást Albert Einstein dolgozta ki. A következő pontra. Röviden: Az alapok ARPANET 1969-ben, a Web 1989 óta. Tovább. Az infláció azt jelenti, hogy az árak nőnek és a pénz értéket veszít. Ez is számít.

Biztos: A szabadság azt jelenti, hogy szabadon élünk mások sérelme nélkül. Folytatjuk. Tény: Az első motoros repülést a Wright fivérek végezték 1903-ban. Folytatjuk. A relativitást Albert Einstein dolgozta ki. A következő pontra. Jegyezd meg: A relativitást Albert Einstein dolgozta ki.

Még egy tény. Jegyezd meg: A választók szavaznak, a szavazatokat számolják és a mandátumokat eredmény szerint osztják. Ez is számít. Tény: A relativitást Albert Einstein dolgozta ki.

Most már ismered a tényeket."
204,Történelem röviden – 84. rész,"Ez a szöveg fontos tényeket mutat be. Olvasd nyugodtan.

Marie Curie a radioaktivitást kutatta és két Nobelt nyert. Folytatjuk. Jegyezd meg: A francia forradalom 1789 óta megdöntötte a monarchiát szabadság, egyenlőség, testvériség alatt. Ennyi erről. Jegyezd meg: A relativitást Albert Einstein dolgozta ki. Ennyi erről. Jegyezd meg: Leonardo da Vinci olasz művész és feltaláló volt, Mona Lisáról híres.

Ennyi erről. Tény: Az igazságosság mindenkinek igazságos és egyenlő bánást jelent. A következő pontra. Biztos: A demokrácia a nép uralmát jelenti, általában szabad választásokkal és alapjogokkal. A következő pontra. Biztos: A szabadság azt jelenti, hogy szabadon élünk mások sérelme nélkül. Még egy tény.

Az alapok ARPANET 1969-ben, a Web 1989 óta. Folytatjuk. Biztos: Az első motoros repülést a Wright fivérek végezték 1903-ban. Még egy tény. Röviden: A telefont Alexander Graham Bell szabadalmaztatta 1876-ban, Antonio Meucci úttörő munkájával. A következő pontra. A szabadság azt jelenti, hogy szabadon élünk mások sérelme nélkül.

Még egy tény. Tény: Az emberi jogok mindenki alapjogai, mint élet, szabadság és egyenlőség. Még egy tény. Tudtad? A zaklatás ismétlődő vegzálás. Beszélj megbízhatókkal, őrizz bizonyítékot, kérj segítséget.

Vége ennek az áttekintésnek."
205,Történelem röviden – 85. rész,"Ez a szöveg fontos tényeket mutat be. Olvasd nyugodtan.

Tudtad? Diktatúrában egy személy vagy csoport kormányoz szabad választások nélkül; demokráciában a hatalom a néptől jön. Még egy tény. Tény: A telefont Alexander Graham Bell szabadalmaztatta 1876-ban, Antonio Meucci úttörő munkájával. Ennyi erről. Tény: A berlini fal 1989. november 9-én omlott le. Még egy tény. Jegyezd meg: A középkor kb. 500-tól 1500-ig tartott, ókor és újkor között.

Ez is számít. Jó tudni: Az autót Carl Benz találta fel 1886-os kocsival. Ennyi erről. Jegyezd meg: A Bundestagba 18 éves kortól. Az EP-választáson Németországban 16-tól. Ennyi erről. Tény: Az első motoros repülést a Wright fivérek végezték 1903-ban. Még egy tény.

Tudtad? Marie Curie a radioaktivitást kutatta és két Nobelt nyert. Még egy tény. Biztos: Az első Holdra szállás 1969-ben volt Apollo 11-gyel. Tovább. Tudtad? A szabadság azt jelenti, hogy szabadon élünk mások sérelme nélkül. Folytatjuk. Az első motoros repülést a Wright fivérek végezték 1903-ban.

Ennyi erről. Jó tudni: A szabadság azt jelenti, hogy szabadon élünk mások sérelme nélkül. Folytatjuk. A relativitást Albert Einstein dolgozta ki.

Most már ismered a tényeket."
206,Történelem röviden – 86. rész,"Itt rendezett tudást tanulsz. Ne siess.

Jó tudni: Az autót Carl Benz találta fel 1886-os kocsival. Ez is számít. Biztos: A demokrácia a nép uralmát jelenti, általában szabad választásokkal és alapjogokkal. Tovább. Biztos: Az Alaptörvény Németország alkotmánya, 1949 óta érvényes. Ennyi erről. Tudtad? Leonardo da Vinci olasz művész és feltaláló volt, Mona Lisáról híres.

Tovább. Tudtad? Az alapok ARPANET 1969-ben, a Web 1989 óta. Még egy tény. A berlini fal 1989. november 9-én omlott le. Tovább. Biztos: Az alapok ARPANET 1969-ben, a Web 1989 óta. Ez is számít.

Tudtad? Az infláció azt jelenti, hogy az árak nőnek és a pénz értéket veszít. Ez is számít. Tudtad? A zaklatás ismétlődő vegzálás. Beszélj megbízhatókkal, őrizz bizonyítékot, kérj segítséget. Még egy tény. Jegyezd meg: Marie Curie a radioaktivitást kutatta és két Nobelt nyert. Még egy tény. Röviden: A középkor kb. 500-tól 1500-ig tartott, ókor és újkor között.

Még egy tény. Jó tudni: A zaklatás ismétlődő vegzálás. Beszélj megbízhatókkal, őrizz bizonyítékot, kérj segítséget. A következő pontra. Tudtad? A demokrácia a nép uralmát jelenti, általában szabad választásokkal és alapjogokkal.

Vége ennek az áttekintésnek."
207,Történelem röviden – 87. rész,"Ez a szöveg lépésről lépésre magyaráz.

Biztos: Diktatúrában egy személy vagy csoport kormányoz szabad választások nélkül; demokráciában a hatalom a néptől jön. Még egy tény. Jegyezd meg: A középkor kb. 500-tól 1500-ig tartott, ókor és újkor között. Tovább. Jegyezd meg: Az autót Carl Benz találta fel 1886-os kocsival. Folytatjuk. Röviden: Az Alaptörvény Németország alkotmánya, 1949 óta érvényes.

Ennyi erről. Jegyezd meg: A demokrácia a nép uralmát jelenti, általában szabad választásokkal és alapjogokkal. A következő pontra. Tény: A telefont Alexander Graham Bell szabadalmaztatta 1876-ban, Antonio Meucci úttörő munkájával. Tovább. Tény: Az infláció azt jelenti, hogy az árak nőnek és a pénz értéket veszít. Még egy tény.

A francia forradalom 1789 óta megdöntötte a monarchiát szabadság, egyenlőség, testvériség alatt. Ez is számít. Az alapok ARPANET 1969-ben, a Web 1989 óta. A következő pontra. Jó tudni: Az alapok ARPANET 1969-ben, a Web 1989 óta. Tovább. Az infláció azt jelenti, hogy az árak nőnek és a pénz értéket veszít.

A következő pontra. Biztos: Az EU európai államok uniója egységes piaccal és közös intézményekkel. Ez is számít. Jegyezd meg: A szabadság azt jelenti, hogy szabadon élünk mások sérelme nélkül.

Ez volt a lényeg."
208,Történelem röviden – 88. rész,"Ez a szöveg fontos tényeket mutat be. Olvasd nyugodtan.

Jegyezd meg: Az első világháború 1914-től 1918-ig tartott. Még egy tény. Jó tudni: A telefont Alexander Graham Bell szabadalmaztatta 1876-ban, Antonio Meucci úttörő munkájával. A következő pontra. Röviden: Az első motoros repülést a Wright fivérek végezték 1903-ban. Ez is számít. Röviden: A középkor kb. 500-tól 1500-ig tartott, ókor és újkor között.

Ennyi erről. A Bundestagba 18 éves kortól. Az EP-választáson Németországban 16-tól. Még egy tény. Leonardo da Vinci olasz művész és feltaláló volt, Mona Lisáról híres. Ennyi erről. Tény: Marie Curie a radioaktivitást kutatta és két Nobelt nyert. A következő pontra.

Tudtad? A középkor kb. 500-tól 1500-ig tartott, ókor és újkor között. Ez is számít. Tudtad? Az első Holdra szállás 1969-ben volt Apollo 11-gyel. Ennyi erről. Biztos: Az EU európai államok uniója egységes piaccal és közös intézményekkel. A következő pontra. Jó tudni: Az infláció azt jelenti, hogy az árak nőnek és a pénz értéket veszít.

Folytatjuk. Tény: A második világháború 1939-től 1945-ig tartott. Ennyi erről. Röviden: Diktatúrában egy személy vagy csoport kormányoz szabad választások nélkül; demokráciában a hatalom a néptől jön.

Ez volt a lényeg."
209,Történelem röviden – 89. rész,"Alább ellenőrzött tudást találsz.

Röviden: Az emberi jogok mindenki alapjogai, mint élet, szabadság és egyenlőség. Ez is számít. Jó tudni: Az emberi jogok mindenki alapjogai, mint élet, szabadság és egyenlőség. Még egy tény. Röviden: Az igazságosság mindenkinek igazságos és egyenlő bánást jelent. Még egy tény. Jegyezd meg: Az autót Carl Benz találta fel 1886-os kocsival.

Ez is számít. Jó tudni: A választók szavaznak, a szavazatokat számolják és a mandátumokat eredmény szerint osztják. Ez is számít. Jó tudni: Leonardo da Vinci olasz művész és feltaláló volt, Mona Lisáról híres. Ennyi erről. Tudtad? Az első Holdra szállás 1969-ben volt Apollo 11-gyel. Folytatjuk.

Röviden: Az első világháború 1914-től 1918-ig tartott. Még egy tény. Jó tudni: Az autót Carl Benz találta fel 1886-os kocsival. Ez is számít. Jó tudni: A berlini fal 1961-től 1989-ig Kelet- és Nyugat-Berlin erődített határa volt. Folytatjuk. Leonardo da Vinci olasz művész és feltaláló volt, Mona Lisáról híres.

Tovább. Röviden: Németország 1990-ben egyesült újra. Tovább. A berlini fal 1989. november 9-én omlott le.

Vége ennek az áttekintésnek."
210,Történelem röviden – 90. rész,"Ez a szöveg lépésről lépésre magyaráz.

Tudtad? Az EU-nak 27 tagállama van. Folytatjuk. Tudtad? Az autót Carl Benz találta fel 1886-os kocsival. Tovább. Tudtad? Az infláció azt jelenti, hogy az árak nőnek és a pénz értéket veszít. Ennyi erről. Jó tudni: Az első világháború 1914-től 1918-ig tartott.

Ez is számít. Tudtad? Az Alaptörvény Németország alkotmánya, 1949 óta érvényes. A következő pontra. Biztos: Az első világháború 1914-től 1918-ig tartott. Folytatjuk. Jó tudni: A Bundestagba 18 éves kortól. Az EP-választáson Németországban 16-tól. Ennyi erről.

Tény: A fenntarthatóság azt jelenti, hogy úgy élünk, hogy a jövő nemzedékeknek is legyen erőforrása. Még egy tény. Jó tudni: A második világháború 1939-től 1945-ig tartott. A következő pontra. Tény: Az első motoros repülést a Wright fivérek végezték 1903-ban. Még egy tény. Az Alaptörvény Németország alkotmánya, 1949 óta érvényes.

Folytatjuk. Jegyezd meg: Marie Curie a radioaktivitást kutatta és két Nobelt nyert. Még egy tény. Biztos: A béke háború és erőszak nélküli együttélést jelenti.

Most már ismered a tényeket."
211,Történelem röviden – 91. rész,"Ez a szöveg fontos tényeket mutat be. Olvasd nyugodtan.

Tudtad? A választók szavaznak, a szavazatokat számolják és a mandátumokat eredmény szerint osztják. A következő pontra. Tény: Az Alaptörvény Németország alkotmánya, 1949 óta érvényes. Ez is számít. Jó tudni: Marie Curie a radioaktivitást kutatta és két Nobelt nyert. Ez is számít. Az igazságosság mindenkinek igazságos és egyenlő bánást jelent.

Tovább. Tudtad? Leonardo da Vinci olasz művész és feltaláló volt, Mona Lisáról híres. Ez is számít. Jegyezd meg: A fenntarthatóság azt jelenti, hogy úgy élünk, hogy a jövő nemzedékeknek is legyen erőforrása. A következő pontra. Jó tudni: Diktatúrában egy személy vagy csoport kormányoz szabad választások nélkül; demokráciában a hatalom a néptől jön. Folytatjuk.

Németország 1990-ben egyesült újra. Még egy tény. Jegyezd meg: A Bundestagba 18 éves kortól. Az EP-választáson Németországban 16-tól. Még egy tény. Biztos: Az alapok ARPANET 1969-ben, a Web 1989 óta. Még egy tény. Jó tudni: Az infláció azt jelenti, hogy az árak nőnek és a pénz értéket veszít.

Folytatjuk. Röviden: Az autót Carl Benz találta fel 1886-os kocsival. Ennyi erről. Jó tudni: Az első motoros repülést a Wright fivérek végezték 1903-ban.

Ez volt a lényeg."
212,Történelem röviden – 92. rész,"Itt rendezett tudást tanulsz. Ne siess.

Jegyezd meg: A telefont Alexander Graham Bell szabadalmaztatta 1876-ban, Antonio Meucci úttörő munkájával. Ennyi erről. Jegyezd meg: Az alapok ARPANET 1969-ben, a Web 1989 óta. Ennyi erről. Jó tudni: Az EU-nak 27 tagállama van. Tovább. Röviden: A Bundestagba 18 éves kortól. Az EP-választáson Németországban 16-tól.

Még egy tény. Tudtad? A második világháború 1939-től 1945-ig tartott. A következő pontra. Jegyezd meg: Leonardo da Vinci olasz művész és feltaláló volt, Mona Lisáról híres. A következő pontra. Németország 1990-ben egyesült újra. Tovább.

Biztos: A fenntarthatóság azt jelenti, hogy úgy élünk, hogy a jövő nemzedékeknek is legyen erőforrása. Még egy tény. Leonardo da Vinci olasz művész és feltaláló volt, Mona Lisáról híres. A következő pontra. Tudtad? Az EU európai államok uniója egységes piaccal és közös intézményekkel. A következő pontra. Biztos: Az első motoros repülést a Wright fivérek végezték 1903-ban.

Még egy tény. Tény: A berlini fal 1961-től 1989-ig Kelet- és Nyugat-Berlin erődített határa volt. A következő pontra. Tudtad? A telefont Alexander Graham Bell szabadalmaztatta 1876-ban, Antonio Meucci úttörő munkájával.

Most már ismered a tényeket."
213,Történelem röviden – 93. rész,"Alább ellenőrzött tudást találsz.

Röviden: A berlini fal 1961-től 1989-ig Kelet- és Nyugat-Berlin erődített határa volt. Folytatjuk. Az EU európai államok uniója egységes piaccal és közös intézményekkel. Ez is számít. Biztos: Az első Holdra szállás 1969-ben volt Apollo 11-gyel. Folytatjuk. Jó tudni: A berlini fal 1989. november 9-én omlott le.

Ez is számít. Jó tudni: A szabadság azt jelenti, hogy szabadon élünk mások sérelme nélkül. Ennyi erről. Röviden: Az alapok ARPANET 1969-ben, a Web 1989 óta. Folytatjuk. Az igazságosság mindenkinek igazságos és egyenlő bánást jelent. Ennyi erről.

Jó tudni: Leonardo da Vinci olasz művész és feltaláló volt, Mona Lisáról híres. Ez is számít. Tény: Az első motoros repülést a Wright fivérek végezték 1903-ban. Még egy tény. Röviden: Az infláció azt jelenti, hogy az árak nőnek és a pénz értéket veszít. Ennyi erről. Tény: Az EU európai államok uniója egységes piaccal és közös intézményekkel.

Ez is számít. Röviden: Az első világháború 1914-től 1918-ig tartott. Folytatjuk. A szabadság azt jelenti, hogy szabadon élünk mások sérelme nélkül.

Ez volt a lényeg."
214,Történelem röviden – 94. rész,"Alább ellenőrzött tudást találsz.

Jó tudni: Marie Curie a radioaktivitást kutatta és két Nobelt nyert. A következő pontra. Jó tudni: A demokrácia a nép uralmát jelenti, általában szabad választásokkal és alapjogokkal. Még egy tény. Biztos: A berlini fal 1989. november 9-én omlott le. Még egy tény. Tény: A választók szavaznak, a szavazatokat számolják és a mandátumokat eredmény szerint osztják.

Folytatjuk. Jegyezd meg: Az autót Carl Benz találta fel 1886-os kocsival. Folytatjuk. Jó tudni: A béke háború és erőszak nélküli együttélést jelenti. A következő pontra. A berlini fal 1961-től 1989-ig Kelet- és Nyugat-Berlin erődített határa volt. Ennyi erről.

Tudtad? Marie Curie a radioaktivitást kutatta és két Nobelt nyert. Még egy tény. Jegyezd meg: A béke háború és erőszak nélküli együttélést jelenti. Folytatjuk. Marie Curie a radioaktivitást kutatta és két Nobelt nyert. Tovább. Leonardo da Vinci olasz művész és feltaláló volt, Mona Lisáról híres.

Még egy tény. Jó tudni: A szabadság azt jelenti, hogy szabadon élünk mások sérelme nélkül. A következő pontra. Biztos: Leonardo da Vinci olasz művész és feltaláló volt, Mona Lisáról híres.

A szöveg vége. Szép munka."
215,Történelem röviden – 95. rész,"Ez a szöveg fontos tényeket mutat be. Olvasd nyugodtan.

Röviden: Az alapok ARPANET 1969-ben, a Web 1989 óta. Tovább. Röviden: A demokrácia a nép uralmát jelenti, általában szabad választásokkal és alapjogokkal. Folytatjuk. Tudtad? A béke háború és erőszak nélküli együttélést jelenti. Ennyi erről. Jó tudni: Az Alaptörvény Németország alkotmánya, 1949 óta érvényes.

Ez is számít. Tény: Diktatúrában egy személy vagy csoport kormányoz szabad választások nélkül; demokráciában a hatalom a néptől jön. Ennyi erről. Tudtad? A relativitást Albert Einstein dolgozta ki. Tovább. Az Alaptörvény Németország alkotmánya, 1949 óta érvényes. Tovább.

Az infláció azt jelenti, hogy az árak nőnek és a pénz értéket veszít. Még egy tény. Biztos: A választók szavaznak, a szavazatokat számolják és a mandátumokat eredmény szerint osztják. Tovább. Tény: Az igazságosság mindenkinek igazságos és egyenlő bánást jelent. Folytatjuk. Biztos: Az igazságosság mindenkinek igazságos és egyenlő bánást jelent.

Ez is számít. Tény: Az iparosítás a gépekre és gyárakra való átállás volt a 18. századtól. Ennyi erről. Az első motoros repülést a Wright fivérek végezték 1903-ban.

Ez volt a lényeg."
216,Történelem röviden – 96. rész,"Ez a szöveg fontos tényeket mutat be. Olvasd nyugodtan.

Tudtad? A középkor kb. 500-tól 1500-ig tartott, ókor és újkor között. Még egy tény. Biztos: A Bundestagba 18 éves kortól. Az EP-választáson Németországban 16-tól. Ez is számít. Tény: A berlini fal 1961-től 1989-ig Kelet- és Nyugat-Berlin erődített határa volt. Folytatjuk. Tudtad? A zaklatás ismétlődő vegzálás. Beszélj megbízhatókkal, őrizz bizonyítékot, kérj segítséget.

A következő pontra. Jegyezd meg: A zaklatás ismétlődő vegzálás. Beszélj megbízhatókkal, őrizz bizonyítékot, kérj segítséget. Folytatjuk. Jegyezd meg: Az Alaptörvény Németország alkotmánya, 1949 óta érvényes. Még egy tény. Biztos: Az első világháború 1914-től 1918-ig tartott. Folytatjuk.

Jegyezd meg: Leonardo da Vinci olasz művész és feltaláló volt, Mona Lisáról híres. Tovább. Az emberi jogok mindenki alapjogai, mint élet, szabadság és egyenlőség. Ez is számít. Röviden: A zaklatás ismétlődő vegzálás. Beszélj megbízhatókkal, őrizz bizonyítékot, kérj segítséget. Ennyi erről. Jegyezd meg: A francia forradalom 1789 óta megdöntötte a monarchiát szabadság, egyenlőség, testvériség alatt.

Ennyi erről. Tudtad? Az infláció azt jelenti, hogy az árak nőnek és a pénz értéket veszít. Még egy tény. Tudtad? Az alapok ARPANET 1969-ben, a Web 1989 óta.

Most már ismered a tényeket."
217,Történelem röviden – 97. rész,"Ez a szöveg lépésről lépésre magyaráz.

Tény: A demokrácia a nép uralmát jelenti, általában szabad választásokkal és alapjogokkal. A következő pontra. Tény: A béke háború és erőszak nélküli együttélést jelenti. Ez is számít. Tudtad? A második világháború 1939-től 1945-ig tartott. Ez is számít. Tudtad? Marie Curie a radioaktivitást kutatta és két Nobelt nyert.

A következő pontra. Jó tudni: A fenntarthatóság azt jelenti, hogy úgy élünk, hogy a jövő nemzedékeknek is legyen erőforrása. Még egy tény. Biztos: Az infláció azt jelenti, hogy az árak nőnek és a pénz értéket veszít. Tovább. A relativitást Albert Einstein dolgozta ki. Folytatjuk.

Az EU európai államok uniója egységes piaccal és közös intézményekkel. A következő pontra. Jó tudni: A béke háború és erőszak nélküli együttélést jelenti. A következő pontra. Az iparosítás a gépekre és gyárakra való átállás volt a 18. századtól. A következő pontra. Röviden: Leonardo da Vinci olasz művész és feltaláló volt, Mona Lisáról híres.

A következő pontra. Jó tudni: Az EU európai államok uniója egységes piaccal és közös intézményekkel. Folytatjuk. Biztos: A demokrácia a nép uralmát jelenti, általában szabad választásokkal és alapjogokkal.

Vége ennek az áttekintésnek."
218,Történelem röviden – 98. rész,"Ez a szöveg fontos tényeket mutat be. Olvasd nyugodtan.

Biztos: Az iparosítás a gépekre és gyárakra való átállás volt a 18. századtól. Még egy tény. Biztos: A zaklatás ismétlődő vegzálás. Beszélj megbízhatókkal, őrizz bizonyítékot, kérj segítséget. Még egy tény. Jó tudni: A berlini fal 1961-től 1989-ig Kelet- és Nyugat-Berlin erődített határa volt. Ennyi erről. Tudtad? A demokrácia a nép uralmát jelenti, általában szabad választásokkal és alapjogokkal.

Ennyi erről. Röviden: Leonardo da Vinci olasz művész és feltaláló volt, Mona Lisáról híres. Ez is számít. Jegyezd meg: A választók szavaznak, a szavazatokat számolják és a mandátumokat eredmény szerint osztják. Még egy tény. Jegyezd meg: A középkor kb. 500-tól 1500-ig tartott, ókor és újkor között. Tovább.

Jó tudni: Az első világháború 1914-től 1918-ig tartott. Ez is számít. Tény: Leonardo da Vinci olasz művész és feltaláló volt, Mona Lisáról híres. Folytatjuk. A relativitást Albert Einstein dolgozta ki. Ez is számít. Jegyezd meg: A berlini fal 1989. november 9-én omlott le.

A következő pontra. Biztos: A relativitást Albert Einstein dolgozta ki. Folytatjuk. A demokrácia a nép uralmát jelenti, általában szabad választásokkal és alapjogokkal.

Ez volt a lényeg."
219,Történelem röviden – 99. rész,"Alább ellenőrzött tudást találsz.

Biztos: A relativitást Albert Einstein dolgozta ki. Folytatjuk. Jó tudni: A demokrácia a nép uralmát jelenti, általában szabad választásokkal és alapjogokkal. A következő pontra. Jó tudni: A Bundestagba 18 éves kortól. Az EP-választáson Németországban 16-tól. Még egy tény. Németország 1990-ben egyesült újra.

Ez is számít. Az autót Carl Benz találta fel 1886-os kocsival. Folytatjuk. Jó tudni: Az első motoros repülést a Wright fivérek végezték 1903-ban. Tovább. Röviden: A berlini fal 1989. november 9-én omlott le. Ez is számít.

Röviden: Az EU-nak 27 tagállama van. Még egy tény. Tény: A középkor kb. 500-tól 1500-ig tartott, ókor és újkor között. Tovább. A Bundestagba 18 éves kortól. Az EP-választáson Németországban 16-tól. Még egy tény. Biztos: A berlini fal 1961-től 1989-ig Kelet- és Nyugat-Berlin erődített határa volt.

Folytatjuk. Biztos: Az első motoros repülést a Wright fivérek végezték 1903-ban. Tovább. Röviden: Az autót Carl Benz találta fel 1886-os kocsival.

A szöveg vége. Szép munka."
220,Történelem röviden – 100. rész,"Ez a szöveg fontos tényeket mutat be. Olvasd nyugodtan.

Tény: Az első Holdra szállás 1969-ben volt Apollo 11-gyel. Még egy tény. Röviden: A telefont Alexander Graham Bell szabadalmaztatta 1876-ban, Antonio Meucci úttörő munkájával. Még egy tény. Jegyezd meg: Diktatúrában egy személy vagy csoport kormányoz szabad választások nélkül; demokráciában a hatalom a néptől jön. Még egy tény. Biztos: A szabadság azt jelenti, hogy szabadon élünk mások sérelme nélkül.

A következő pontra. Tény: Az autót Carl Benz találta fel 1886-os kocsival. Ennyi erről. Az első motoros repülést a Wright fivérek végezték 1903-ban. Ennyi erről. Tudtad? A telefont Alexander Graham Bell szabadalmaztatta 1876-ban, Antonio Meucci úttörő munkájával. Ez is számít.

Röviden: Az EU európai államok uniója egységes piaccal és közös intézményekkel. Folytatjuk. Jegyezd meg: Az Alaptörvény Németország alkotmánya, 1949 óta érvényes. Ez is számít. Jó tudni: A szabadság azt jelenti, hogy szabadon élünk mások sérelme nélkül. Ennyi erről. Diktatúrában egy személy vagy csoport kormányoz szabad választások nélkül; demokráciában a hatalom a néptől jön.

Még egy tény. Biztos: Az első motoros repülést a Wright fivérek végezték 1903-ban. Ennyi erről. Röviden: A demokrácia a nép uralmát jelenti, általában szabad választásokkal és alapjogokkal.

Most már ismered a tényeket."
221,Történelem röviden – 101. rész,"Ez a szöveg lépésről lépésre magyaráz.

Jegyezd meg: Németország 1990-ben egyesült újra. Tovább. Biztos: A második világháború 1939-től 1945-ig tartott. A következő pontra. Röviden: A relativitást Albert Einstein dolgozta ki. Folytatjuk. Jó tudni: Németország 1990-ben egyesült újra.

Ez is számít. Jó tudni: Marie Curie a radioaktivitást kutatta és két Nobelt nyert. Ennyi erről. Jegyezd meg: Az EU-nak 27 tagállama van. Még egy tény. Tény: Az első motoros repülést a Wright fivérek végezték 1903-ban. Ennyi erről.

Tudtad? A berlini fal 1961-től 1989-ig Kelet- és Nyugat-Berlin erődített határa volt. Tovább. Tudtad? A második világháború 1939-től 1945-ig tartott. Folytatjuk. Biztos: A telefont Alexander Graham Bell szabadalmaztatta 1876-ban, Antonio Meucci úttörő munkájával. Tovább. Röviden: Az igazságosság mindenkinek igazságos és egyenlő bánást jelent.

Ez is számít. Az iparosítás a gépekre és gyárakra való átállás volt a 18. századtól. Ennyi erről. Az infláció azt jelenti, hogy az árak nőnek és a pénz értéket veszít.

A szöveg vége. Szép munka."
222,Történelem röviden – 102. rész,"Ez a szöveg fontos tényeket mutat be. Olvasd nyugodtan.

Az autót Carl Benz találta fel 1886-os kocsival. Még egy tény. Jó tudni: A telefont Alexander Graham Bell szabadalmaztatta 1876-ban, Antonio Meucci úttörő munkájával. Még egy tény. A Bundestagba 18 éves kortól. Az EP-választáson Németországban 16-tól. Tovább. Röviden: Az EU európai államok uniója egységes piaccal és közös intézményekkel.

Ennyi erről. Jó tudni: Az igazságosság mindenkinek igazságos és egyenlő bánást jelent. Ennyi erről. Tudtad? Az első világháború 1914-től 1918-ig tartott. Ennyi erről. Biztos: A szabadság azt jelenti, hogy szabadon élünk mások sérelme nélkül. Tovább.

Röviden: A berlini fal 1989. november 9-én omlott le. Még egy tény. Jegyezd meg: A Bundestagba 18 éves kortól. Az EP-választáson Németországban 16-tól. A következő pontra. Tudtad? Az első motoros repülést a Wright fivérek végezték 1903-ban. Ez is számít. Röviden: Az iparosítás a gépekre és gyárakra való átállás volt a 18. századtól.

A következő pontra. Jegyezd meg: Németország 1990-ben egyesült újra. Tovább. Az első világháború 1914-től 1918-ig tartott.

Most már ismered a tényeket."
223,Történelem röviden – 103. rész,"Ez a szöveg lépésről lépésre magyaráz.

Tudtad? Az EU európai államok uniója egységes piaccal és közös intézményekkel. A következő pontra. Tudtad? Az első világháború 1914-től 1918-ig tartott. Még egy tény. Tény: A berlini fal 1989. november 9-én omlott le. Még egy tény. Röviden: Az igazságosság mindenkinek igazságos és egyenlő bánást jelent.

Még egy tény. Jegyezd meg: A francia forradalom 1789 óta megdöntötte a monarchiát szabadság, egyenlőség, testvériség alatt. Ez is számít. Biztos: A relativitást Albert Einstein dolgozta ki. Folytatjuk. Tény: A béke háború és erőszak nélküli együttélést jelenti. Ennyi erről.

Jó tudni: A telefont Alexander Graham Bell szabadalmaztatta 1876-ban, Antonio Meucci úttörő munkájával. Még egy tény. Jegyezd meg: Az EU európai államok uniója egységes piaccal és közös intézményekkel. Ennyi erről. Tény: A választók szavaznak, a szavazatokat számolják és a mandátumokat eredmény szerint osztják. Tovább. Jó tudni: A fenntarthatóság azt jelenti, hogy úgy élünk, hogy a jövő nemzedékeknek is legyen erőforrása.

Folytatjuk. Tudtad? A francia forradalom 1789 óta megdöntötte a monarchiát szabadság, egyenlőség, testvériség alatt. A következő pontra. Tudtad? Leonardo da Vinci olasz művész és feltaláló volt, Mona Lisáról híres.

Vége ennek az áttekintésnek."
224,Történelem röviden – 104. rész,"Alább ellenőrzött tudást találsz.

Tény: Az autót Carl Benz találta fel 1886-os kocsival. A következő pontra. Tudtad? A Bundestagba 18 éves kortól. Az EP-választáson Németországban 16-tól. Még egy tény. Röviden: Marie Curie a radioaktivitást kutatta és két Nobelt nyert. Ennyi erről. Röviden: A második világháború 1939-től 1945-ig tartott.

Folytatjuk. Biztos: Az igazságosság mindenkinek igazságos és egyenlő bánást jelent. Tovább. Jegyezd meg: Az autót Carl Benz találta fel 1886-os kocsival. Tovább. Röviden: A Bundestagba 18 éves kortól. Az EP-választáson Németországban 16-tól. A következő pontra.

Jegyezd meg: Németország 1990-ben egyesült újra. Ennyi erről. Jó tudni: Diktatúrában egy személy vagy csoport kormányoz szabad választások nélkül; demokráciában a hatalom a néptől jön. Ennyi erről. Tudtad? Marie Curie a radioaktivitást kutatta és két Nobelt nyert. Tovább. Biztos: Diktatúrában egy személy vagy csoport kormányoz szabad választások nélkül; demokráciában a hatalom a néptől jön.

Ez is számít. Röviden: A francia forradalom 1789 óta megdöntötte a monarchiát szabadság, egyenlőség, testvériség alatt. Tovább. Jegyezd meg: A telefont Alexander Graham Bell szabadalmaztatta 1876-ban, Antonio Meucci úttörő munkájával.

Ez volt a lényeg."
225,Történelem röviden – 105. rész,"Ez a szöveg lépésről lépésre magyaráz.

A demokrácia a nép uralmát jelenti, általában szabad választásokkal és alapjogokkal. Ez is számít. Röviden: Az autót Carl Benz találta fel 1886-os kocsival. A következő pontra. Biztos: Az első Holdra szállás 1969-ben volt Apollo 11-gyel. Tovább. A telefont Alexander Graham Bell szabadalmaztatta 1876-ban, Antonio Meucci úttörő munkájával.

Még egy tény. Biztos: Az Alaptörvény Németország alkotmánya, 1949 óta érvényes. Tovább. Tény: A francia forradalom 1789 óta megdöntötte a monarchiát szabadság, egyenlőség, testvériség alatt. A következő pontra. Jó tudni: A telefont Alexander Graham Bell szabadalmaztatta 1876-ban, Antonio Meucci úttörő munkájával. Ennyi erről.

Biztos: A Bundestagba 18 éves kortól. Az EP-választáson Németországban 16-tól. Folytatjuk. Tudtad? Az igazságosság mindenkinek igazságos és egyenlő bánást jelent. A következő pontra. Biztos: A francia forradalom 1789 óta megdöntötte a monarchiát szabadság, egyenlőség, testvériség alatt. Ennyi erről. Tudtad? Az EU európai államok uniója egységes piaccal és közös intézményekkel.

Ennyi erről. Tudtad? Az első világháború 1914-től 1918-ig tartott. Tovább. Biztos: A relativitást Albert Einstein dolgozta ki.

Most már ismered a tényeket."
226,Történelem röviden – 106. rész,"Ez a szöveg lépésről lépésre magyaráz.

Röviden: Az infláció azt jelenti, hogy az árak nőnek és a pénz értéket veszít. Tovább. Biztos: A demokrácia a nép uralmát jelenti, általában szabad választásokkal és alapjogokkal. Folytatjuk. A választók szavaznak, a szavazatokat számolják és a mandátumokat eredmény szerint osztják. Ennyi erről. Biztos: Marie Curie a radioaktivitást kutatta és két Nobelt nyert.

Ennyi erről. Biztos: Az infláció azt jelenti, hogy az árak nőnek és a pénz értéket veszít. Folytatjuk. Jegyezd meg: A relativitást Albert Einstein dolgozta ki. Még egy tény. Tudtad? A fenntarthatóság azt jelenti, hogy úgy élünk, hogy a jövő nemzedékeknek is legyen erőforrása. Ez is számít.

Röviden: A második világháború 1939-től 1945-ig tartott. Még egy tény. Tudtad? Az alapok ARPANET 1969-ben, a Web 1989 óta. Még egy tény. Tudtad? A berlini fal 1961-től 1989-ig Kelet- és Nyugat-Berlin erődített határa volt. Még egy tény. Biztos: Diktatúrában egy személy vagy csoport kormányoz szabad választások nélkül; demokráciában a hatalom a néptől jön.

Még egy tény. Jó tudni: Az autót Carl Benz találta fel 1886-os kocsival. Még egy tény. Tény: Az iparosítás a gépekre és gyárakra való átállás volt a 18. századtól.

Ez volt a lényeg."
227,Történelem röviden – 107. rész,"Itt rendezett tudást tanulsz. Ne siess.

Az emberi jogok mindenki alapjogai, mint élet, szabadság és egyenlőség. Még egy tény. Tény: Az infláció azt jelenti, hogy az árak nőnek és a pénz értéket veszít. Folytatjuk. Jegyezd meg: Az Alaptörvény Németország alkotmánya, 1949 óta érvényes. Folytatjuk. Jó tudni: Az EU európai államok uniója egységes piaccal és közös intézményekkel.

Ennyi erről. Jó tudni: Az alapok ARPANET 1969-ben, a Web 1989 óta. A következő pontra. Biztos: Az iparosítás a gépekre és gyárakra való átállás volt a 18. századtól. Tovább. Tény: Az alapok ARPANET 1969-ben, a Web 1989 óta. Tovább.

Röviden: Az iparosítás a gépekre és gyárakra való átállás volt a 18. századtól. A következő pontra. Jó tudni: A fenntarthatóság azt jelenti, hogy úgy élünk, hogy a jövő nemzedékeknek is legyen erőforrása. Ez is számít. Biztos: Az első világháború 1914-től 1918-ig tartott. Folytatjuk. Tény: Az autót Carl Benz találta fel 1886-os kocsival.

Ennyi erről. A szabadság azt jelenti, hogy szabadon élünk mások sérelme nélkül. Ez is számít. Jegyezd meg: A középkor kb. 500-tól 1500-ig tartott, ókor és újkor között.

Vége ennek az áttekintésnek."
228,Történelem röviden – 108. rész,"Alább ellenőrzött tudást találsz.

Tudtad? Marie Curie a radioaktivitást kutatta és két Nobelt nyert. Ennyi erről. Biztos: A második világháború 1939-től 1945-ig tartott. A következő pontra. Tény: A szabadság azt jelenti, hogy szabadon élünk mások sérelme nélkül. A következő pontra. Jó tudni: Az autót Carl Benz találta fel 1886-os kocsival.

Tovább. Tény: Az első Holdra szállás 1969-ben volt Apollo 11-gyel. A következő pontra. Tudtad? Az első világháború 1914-től 1918-ig tartott. A következő pontra. Jó tudni: A demokrácia a nép uralmát jelenti, általában szabad választásokkal és alapjogokkal. Folytatjuk.

Jó tudni: Az EU európai államok uniója egységes piaccal és közös intézményekkel. Ennyi erről. Biztos: Az első világháború 1914-től 1918-ig tartott. Ennyi erről. A béke háború és erőszak nélküli együttélést jelenti. Ez is számít. Tudtad? A béke háború és erőszak nélküli együttélést jelenti.

Ez is számít. Jegyezd meg: Az igazságosság mindenkinek igazságos és egyenlő bánást jelent. Még egy tény. Jó tudni: A szabadság azt jelenti, hogy szabadon élünk mások sérelme nélkül.

Ez volt a lényeg."
229,Történelem röviden – 109. rész,"Itt rendezett tudást tanulsz. Ne siess.

Röviden: A második világháború 1939-től 1945-ig tartott. Folytatjuk. Biztos: Németország 1990-ben egyesült újra. Ennyi erről. Jegyezd meg: Leonardo da Vinci olasz művész és feltaláló volt, Mona Lisáról híres. Ez is számít. A relativitást Albert Einstein dolgozta ki.

Ennyi erről. Tudtad? Az autót Carl Benz találta fel 1886-os kocsival. Tovább. Jó tudni: A francia forradalom 1789 óta megdöntötte a monarchiát szabadság, egyenlőség, testvériség alatt. Tovább. Röviden: Az EU-nak 27 tagállama van. Folytatjuk.

Tény: Diktatúrában egy személy vagy csoport kormányoz szabad választások nélkül; demokráciában a hatalom a néptől jön. Ez is számít. Biztos: Leonardo da Vinci olasz művész és feltaláló volt, Mona Lisáról híres. Ez is számít. Jó tudni: Az iparosítás a gépekre és gyárakra való átállás volt a 18. századtól. A következő pontra. Tudtad? A középkor kb. 500-tól 1500-ig tartott, ókor és újkor között.

Ez is számít. Tény: Az Alaptörvény Németország alkotmánya, 1949 óta érvényes. Még egy tény. Tudtad? Az első világháború 1914-től 1918-ig tartott.

A szöveg vége. Szép munka."
230,Történelem röviden – 110. rész,"Ez a szöveg lépésről lépésre magyaráz.

Biztos: Az első Holdra szállás 1969-ben volt Apollo 11-gyel. Ennyi erről. Az Alaptörvény Németország alkotmánya, 1949 óta érvényes. Még egy tény. Biztos: Az alapok ARPANET 1969-ben, a Web 1989 óta. Tovább. Biztos: Az Alaptörvény Németország alkotmánya, 1949 óta érvényes.

Ennyi erről. Jó tudni: A francia forradalom 1789 óta megdöntötte a monarchiát szabadság, egyenlőség, testvériség alatt. Még egy tény. Tény: A középkor kb. 500-tól 1500-ig tartott, ókor és újkor között. Ez is számít. Tény: Németország 1990-ben egyesült újra. Még egy tény.

Jegyezd meg: Az első világháború 1914-től 1918-ig tartott. Ez is számít. Az EU európai államok uniója egységes piaccal és közös intézményekkel. Még egy tény. Tény: Leonardo da Vinci olasz művész és feltaláló volt, Mona Lisáról híres. Folytatjuk. Röviden: Az EU-nak 27 tagállama van.

Még egy tény. Röviden: Leonardo da Vinci olasz művész és feltaláló volt, Mona Lisáról híres. Ez is számít. Jó tudni: A zaklatás ismétlődő vegzálás. Beszélj megbízhatókkal, őrizz bizonyítékot, kérj segítséget.

Ez volt a lényeg."
231,Történelem röviden – 111. rész,"Ez a szöveg fontos tényeket mutat be. Olvasd nyugodtan.

A Bundestagba 18 éves kortól. Az EP-választáson Németországban 16-tól. Tovább. Jegyezd meg: A szabadság azt jelenti, hogy szabadon élünk mások sérelme nélkül. Ennyi erről. Röviden: A demokrácia a nép uralmát jelenti, általában szabad választásokkal és alapjogokkal. Még egy tény. Tény: A zaklatás ismétlődő vegzálás. Beszélj megbízhatókkal, őrizz bizonyítékot, kérj segítséget.

A következő pontra. Németország 1990-ben egyesült újra. A következő pontra. Röviden: Diktatúrában egy személy vagy csoport kormányoz szabad választások nélkül; demokráciában a hatalom a néptől jön. Ez is számít. Tény: Az első motoros repülést a Wright fivérek végezték 1903-ban. Ez is számít.

Röviden: Leonardo da Vinci olasz művész és feltaláló volt, Mona Lisáról híres. A következő pontra. Röviden: Az első motoros repülést a Wright fivérek végezték 1903-ban. A következő pontra. Röviden: Németország 1990-ben egyesült újra. Ez is számít. Tudtad? Az iparosítás a gépekre és gyárakra való átállás volt a 18. századtól.

Folytatjuk. Jegyezd meg: A zaklatás ismétlődő vegzálás. Beszélj megbízhatókkal, őrizz bizonyítékot, kérj segítséget. Ez is számít. Jegyezd meg: A telefont Alexander Graham Bell szabadalmaztatta 1876-ban, Antonio Meucci úttörő munkájával.

Most már ismered a tényeket."
232,Történelem röviden – 112. rész,"Itt rendezett tudást tanulsz. Ne siess.

Biztos: A Bundestagba 18 éves kortól. Az EP-választáson Németországban 16-tól. Még egy tény. Tudtad? Az infláció azt jelenti, hogy az árak nőnek és a pénz értéket veszít. Ennyi erről. Röviden: Az iparosítás a gépekre és gyárakra való átállás volt a 18. századtól. Folytatjuk. Tudtad? A berlini fal 1989. november 9-én omlott le.

Ez is számít. Tudtad? Az első világháború 1914-től 1918-ig tartott. A következő pontra. Leonardo da Vinci olasz művész és feltaláló volt, Mona Lisáról híres. Tovább. Biztos: A francia forradalom 1789 óta megdöntötte a monarchiát szabadság, egyenlőség, testvériség alatt. Tovább.

Az EU-nak 27 tagállama van. Folytatjuk. Az EU európai államok uniója egységes piaccal és közös intézményekkel. Ez is számít. Jó tudni: A telefont Alexander Graham Bell szabadalmaztatta 1876-ban, Antonio Meucci úttörő munkájával. A következő pontra. Jegyezd meg: A telefont Alexander Graham Bell szabadalmaztatta 1876-ban, Antonio Meucci úttörő munkájával.

A következő pontra. Jó tudni: Az autót Carl Benz találta fel 1886-os kocsival. Ennyi erről. A berlini fal 1961-től 1989-ig Kelet- és Nyugat-Berlin erődített határa volt.

A szöveg vége. Szép munka."
233,Történelem röviden – 113. rész,"Itt rendezett tudást tanulsz. Ne siess.

Jó tudni: A fenntarthatóság azt jelenti, hogy úgy élünk, hogy a jövő nemzedékeknek is legyen erőforrása. A következő pontra. Tény: Az iparosítás a gépekre és gyárakra való átállás volt a 18. századtól. Ez is számít. Jegyezd meg: Az első motoros repülést a Wright fivérek végezték 1903-ban. Még egy tény. Jó tudni: A választók szavaznak, a szavazatokat számolják és a mandátumokat eredmény szerint osztják.

A következő pontra. Tudtad? Az Alaptörvény Németország alkotmánya, 1949 óta érvényes. Folytatjuk. Tény: Diktatúrában egy személy vagy csoport kormányoz szabad választások nélkül; demokráciában a hatalom a néptől jön. Ez is számít. Jegyezd meg: Az első világháború 1914-től 1918-ig tartott. Folytatjuk.

Biztos: Az EU európai államok uniója egységes piaccal és közös intézményekkel. Ez is számít. Biztos: Az első világháború 1914-től 1918-ig tartott. Ez is számít. Jó tudni: Az alapok ARPANET 1969-ben, a Web 1989 óta. Tovább. Biztos: Az Alaptörvény Németország alkotmánya, 1949 óta érvényes.

Ennyi erről. A berlini fal 1989. november 9-én omlott le. Tovább. Az első Holdra szállás 1969-ben volt Apollo 11-gyel.

Most már ismered a tényeket."
234,Történelem röviden – 114. rész,"Alább ellenőrzött tudást találsz.

Röviden: Az első Holdra szállás 1969-ben volt Apollo 11-gyel. Még egy tény. Tény: Az infláció azt jelenti, hogy az árak nőnek és a pénz értéket veszít. A következő pontra. Jó tudni: A telefont Alexander Graham Bell szabadalmaztatta 1876-ban, Antonio Meucci úttörő munkájával. Ennyi erről. Tudtad? A középkor kb. 500-tól 1500-ig tartott, ókor és újkor között.

Ez is számít. Tudtad? A telefont Alexander Graham Bell szabadalmaztatta 1876-ban, Antonio Meucci úttörő munkájával. Ennyi erről. A középkor kb. 500-tól 1500-ig tartott, ókor és újkor között. Tovább. Tény: Leonardo da Vinci olasz művész és feltaláló volt, Mona Lisáról híres. Még egy tény.

Az iparosítás a gépekre és gyárakra való átállás volt a 18. századtól. Ennyi erről. Biztos: Leonardo da Vinci olasz művész és feltaláló volt, Mona Lisáról híres. Még egy tény. Tudtad? A második világháború 1939-től 1945-ig tartott. Ennyi erről. A szabadság azt jelenti, hogy szabadon élünk mások sérelme nélkül.

A következő pontra. Biztos: A választók szavaznak, a szavazatokat számolják és a mandátumokat eredmény szerint osztják. Folytatjuk. Jó tudni: Az iparosítás a gépekre és gyárakra való átállás volt a 18. századtól.

Ez volt a lényeg."
235,Történelem röviden – 115. rész,"Ez a szöveg fontos tényeket mutat be. Olvasd nyugodtan.

Tudtad? Az iparosítás a gépekre és gyárakra való átállás volt a 18. századtól. Folytatjuk. Jegyezd meg: A francia forradalom 1789 óta megdöntötte a monarchiát szabadság, egyenlőség, testvériség alatt. Ennyi erről. Tény: A berlini fal 1961-től 1989-ig Kelet- és Nyugat-Berlin erődített határa volt. Ez is számít. Jó tudni: A relativitást Albert Einstein dolgozta ki.

Ez is számít. A szabadság azt jelenti, hogy szabadon élünk mások sérelme nélkül. Folytatjuk. Az igazságosság mindenkinek igazságos és egyenlő bánást jelent. Ennyi erről. Röviden: Az EU-nak 27 tagállama van. Ez is számít.

Jó tudni: Marie Curie a radioaktivitást kutatta és két Nobelt nyert. Még egy tény. A fenntarthatóság azt jelenti, hogy úgy élünk, hogy a jövő nemzedékeknek is legyen erőforrása. Ennyi erről. Röviden: A fenntarthatóság azt jelenti, hogy úgy élünk, hogy a jövő nemzedékeknek is legyen erőforrása. Még egy tény. Tény: Az első Holdra szállás 1969-ben volt Apollo 11-gyel.

A következő pontra. A Bundestagba 18 éves kortól. Az EP-választáson Németországban 16-tól. Folytatjuk. Röviden: Az Alaptörvény Németország alkotmánya, 1949 óta érvényes.

Ez volt a lényeg."
236,Történelem röviden – 116. rész,"Itt rendezett tudást tanulsz. Ne siess.

Tény: A demokrácia a nép uralmát jelenti, általában szabad választásokkal és alapjogokkal. A következő pontra. Jó tudni: Az emberi jogok mindenki alapjogai, mint élet, szabadság és egyenlőség. Ez is számít. Biztos: Leonardo da Vinci olasz művész és feltaláló volt, Mona Lisáról híres. Még egy tény. Jó tudni: A középkor kb. 500-tól 1500-ig tartott, ókor és újkor között.

Még egy tény. Biztos: Az első motoros repülést a Wright fivérek végezték 1903-ban. Folytatjuk. Jó tudni: A választók szavaznak, a szavazatokat számolják és a mandátumokat eredmény szerint osztják. Folytatjuk. Tény: Az igazságosság mindenkinek igazságos és egyenlő bánást jelent. A következő pontra.

Jegyezd meg: A második világháború 1939-től 1945-ig tartott. Folytatjuk. Jó tudni: Diktatúrában egy személy vagy csoport kormányoz szabad választások nélkül; demokráciában a hatalom a néptől jön. Még egy tény. Biztos: Az emberi jogok mindenki alapjogai, mint élet, szabadság és egyenlőség. A következő pontra. A relativitást Albert Einstein dolgozta ki.

Ez is számít. Röviden: Az igazságosság mindenkinek igazságos és egyenlő bánást jelent. Ez is számít. Tudtad? A választók szavaznak, a szavazatokat számolják és a mandátumokat eredmény szerint osztják.

Vége ennek az áttekintésnek."
237,Történelem röviden – 117. rész,"Alább ellenőrzött tudást találsz.

Tudtad? A szabadság azt jelenti, hogy szabadon élünk mások sérelme nélkül. A következő pontra. Az infláció azt jelenti, hogy az árak nőnek és a pénz értéket veszít. Még egy tény. Jó tudni: A zaklatás ismétlődő vegzálás. Beszélj megbízhatókkal, őrizz bizonyítékot, kérj segítséget. Még egy tény. Tudtad? A Bundestagba 18 éves kortól. Az EP-választáson Németországban 16-tól.

A következő pontra. Röviden: A fenntarthatóság azt jelenti, hogy úgy élünk, hogy a jövő nemzedékeknek is legyen erőforrása. Folytatjuk. Tény: A Bundestagba 18 éves kortól. Az EP-választáson Németországban 16-tól. Még egy tény. Marie Curie a radioaktivitást kutatta és két Nobelt nyert. Ez is számít.

Tény: A berlini fal 1961-től 1989-ig Kelet- és Nyugat-Berlin erődített határa volt. Tovább. Biztos: A zaklatás ismétlődő vegzálás. Beszélj megbízhatókkal, őrizz bizonyítékot, kérj segítséget. Ez is számít. Röviden: A telefont Alexander Graham Bell szabadalmaztatta 1876-ban, Antonio Meucci úttörő munkájával. Ennyi erről. Röviden: Az iparosítás a gépekre és gyárakra való átállás volt a 18. századtól.

Ez is számít. Jegyezd meg: Az autót Carl Benz találta fel 1886-os kocsival. Ennyi erről. Jegyezd meg: Az első motoros repülést a Wright fivérek végezték 1903-ban.

Ez volt a lényeg."
238,Történelem röviden – 118. rész,"Itt rendezett tudást tanulsz. Ne siess.

Röviden: Az alapok ARPANET 1969-ben, a Web 1989 óta. Tovább. Tudtad? A berlini fal 1961-től 1989-ig Kelet- és Nyugat-Berlin erődített határa volt. Ennyi erről. Jó tudni: Az infláció azt jelenti, hogy az árak nőnek és a pénz értéket veszít. Tovább. Jó tudni: A második világháború 1939-től 1945-ig tartott.

Ez is számít. Jegyezd meg: A berlini fal 1961-től 1989-ig Kelet- és Nyugat-Berlin erődített határa volt. Tovább. Röviden: Az emberi jogok mindenki alapjogai, mint élet, szabadság és egyenlőség. Tovább. Röviden: A középkor kb. 500-tól 1500-ig tartott, ókor és újkor között. A következő pontra.

Jegyezd meg: A középkor kb. 500-tól 1500-ig tartott, ókor és újkor között. Folytatjuk. Tudtad? Marie Curie a radioaktivitást kutatta és két Nobelt nyert. Tovább. Tény: A fenntarthatóság azt jelenti, hogy úgy élünk, hogy a jövő nemzedékeknek is legyen erőforrása. Még egy tény. Jegyezd meg: Az iparosítás a gépekre és gyárakra való átállás volt a 18. századtól.

Még egy tény. Tudtad? Az alapok ARPANET 1969-ben, a Web 1989 óta. Ennyi erről. Az első világháború 1914-től 1918-ig tartott.

Ez volt a lényeg."
239,Történelem röviden – 119. rész,"Ez a szöveg fontos tényeket mutat be. Olvasd nyugodtan.

Jegyezd meg: Az első Holdra szállás 1969-ben volt Apollo 11-gyel. Ennyi erről. Biztos: Az infláció azt jelenti, hogy az árak nőnek és a pénz értéket veszít. A következő pontra. Röviden: Az első Holdra szállás 1969-ben volt Apollo 11-gyel. Ez is számít. Jó tudni: A szabadság azt jelenti, hogy szabadon élünk mások sérelme nélkül.

A következő pontra. Biztos: Az első Holdra szállás 1969-ben volt Apollo 11-gyel. A következő pontra. Jegyezd meg: A telefont Alexander Graham Bell szabadalmaztatta 1876-ban, Antonio Meucci úttörő munkájával. Még egy tény. Az első Holdra szállás 1969-ben volt Apollo 11-gyel. Ennyi erről.

Biztos: Az EU-nak 27 tagállama van. Még egy tény. Tudtad? A demokrácia a nép uralmát jelenti, általában szabad választásokkal és alapjogokkal. Még egy tény. Jegyezd meg: Az igazságosság mindenkinek igazságos és egyenlő bánást jelent. Még egy tény. A középkor kb. 500-tól 1500-ig tartott, ókor és újkor között.

Ez is számít. Tudtad? A fenntarthatóság azt jelenti, hogy úgy élünk, hogy a jövő nemzedékeknek is legyen erőforrása. Tovább. Tudtad? Az igazságosság mindenkinek igazságos és egyenlő bánást jelent.

Ez volt a lényeg."
240,Történelem röviden – 120. rész,"Ez a szöveg fontos tényeket mutat be. Olvasd nyugodtan.

A fenntarthatóság azt jelenti, hogy úgy élünk, hogy a jövő nemzedékeknek is legyen erőforrása. Folytatjuk. A második világháború 1939-től 1945-ig tartott. A következő pontra. Jó tudni: Diktatúrában egy személy vagy csoport kormányoz szabad választások nélkül; demokráciában a hatalom a néptől jön. A következő pontra. Tudtad? Marie Curie a radioaktivitást kutatta és két Nobelt nyert.

A következő pontra. Jegyezd meg: Az első motoros repülést a Wright fivérek végezték 1903-ban. Ez is számít. Az iparosítás a gépekre és gyárakra való átállás volt a 18. századtól. A következő pontra. Jegyezd meg: A berlini fal 1961-től 1989-ig Kelet- és Nyugat-Berlin erődített határa volt. Ez is számít.

Tény: Az alapok ARPANET 1969-ben, a Web 1989 óta. A következő pontra. Tény: A relativitást Albert Einstein dolgozta ki. Tovább. Biztos: A választók szavaznak, a szavazatokat számolják és a mandátumokat eredmény szerint osztják. Ennyi erről. Jó tudni: Az iparosítás a gépekre és gyárakra való átállás volt a 18. századtól.

A következő pontra. Az első motoros repülést a Wright fivérek végezték 1903-ban. Tovább. Németország 1990-ben egyesült újra.

A szöveg vége. Szép munka."
241,"Természet, tudomány és technika – 1. rész","Itt rendezett tudást tanulsz. Ne siess.

Jó tudni: A fotoszintézis fényből, vízből és CO2-ből cukrot és oxigént készít. Még egy tény. Jegyezd meg: Az alvás segíti a regenerálódást, a memóriát és az immunitást. Ez is számít. Biztos: A felhő szerverek az interneten, ahol adatot tartasz és szolgáltatást használsz. Még egy tény. Jó tudni: Az erős jelszó hosszú, szolgáltatásonként egyedi és kezelőben tartott.

Ennyi erről. Tény: Kb. 2 percig, naponta kétszer. Tovább. A hűtő hőt pumpál belülről kifelé hűtőközeggel: belül elpárolog, hőt felvesz, kint lead. Ennyi erről. Jegyezd meg: A gravitáció tömegek vonzása. A Föld mindent lefelé vonz, ezért esnek a dolgok. Ennyi erről.

Tény: A fotoszintézis fényből, vízből és CO2-ből cukrot és oxigént készít. Ez is számít. Jegyezd meg: Nappal és éjjel azért van, mert a Föld forog. A napos oldal nappal, a másik éjjel. Ennyi erről. Tény: A víz stabilizálja a keringést és a fókuszt, segíti a vesét és a bőrt, megelőzi a fejfájást. Folytatjuk. Röviden: A víz H2O, hidrogén és oxigén vegyülete.

Még egy tény. Jegyezd meg: Az üvegházhatás tartja a hőt. Túl sok gáz melegíti az éghajlatot. Ennyi erről. Jó tudni: Az app program, általában telefonra, pl. üzenetek, fotók vagy játékok.

Ez volt a lényeg."
242,"Természet, tudomány és technika – 2. rész","Ez a szöveg fontos tényeket mutat be. Olvasd nyugodtan.

Biztos: Az újrahasznosítás hulladékot gyűjt, hogy új termékeket készítsen. Ennyi erről. Biztos: Kb. 2 percig, naponta kétszer. Ennyi erről. Biztos: A hűtő hőt pumpál belülről kifelé hűtőközeggel: belül elpárolog, hőt felvesz, kint lead. Ennyi erről. Biztos: Az atom az anyag legkisebb egysége, magból és elektronokból.

Folytatjuk. Jó tudni: A felhő szerverek az interneten, ahol adatot tartasz és szolgáltatást használsz. Ez is számít. Jegyezd meg: A mézet a méhek virágnektárból készítik. A következő pontra. Röviden: A böngésző a program, amivel weboldalakat nyitsz, pl. Chrome, Firefox, Edge vagy Safari. Folytatjuk.

Jegyezd meg: A műanyag alig bomlik, szemeteli a természetet és tengereket, mikroműanyaggá válik. Ez is számít. Röviden: A Hold azért világít, mert a Nap fényét tükrözi. Tovább. Jegyezd meg: A láz emelkedett testhőmérséklet, gyakran fertőzések elleni védekezés. Még egy tény. Biztos: A mézet a méhek virágnektárból készítik.

Folytatjuk. Röviden: Földrengés akkor van, amikor a lemezek hirtelen mozognak és energiát szabadítanak. Ennyi erről. Az atom az anyag legkisebb egysége, magból és elektronokból.

Vége ennek az áttekintésnek."
243,"Természet, tudomány és technika – 3. rész","Alább ellenőrzött tudást találsz.

Jó tudni: A víz H2O, hidrogén és oxigén vegyülete. Ez is számít. Tény: A vírus terjedő és károsító káros program. Védd frissítésekkel és óvatossággal. Még egy tény. Röviden: Az erős jelszó hosszú, szolgáltatásonként egyedi és kezelőben tartott. Tovább. A fotoszintézis fényből, vízből és CO2-ből cukrot és oxigént készít.

Ennyi erről. Röviden: Az évszakok a tengely dőléséből jönnek: mindegyik félteke felváltva dől a Nap felé. Ez is számít. A gravitáció tömegek vonzása. A Föld mindent lefelé vonz, ezért esnek a dolgok. A következő pontra. Biztos: Az eső párolgással keletkezik: víz felszáll, hűl, felhőt képez és cseppekben esik. A következő pontra.

Röviden: A mesterséges intelligencia adatokból tanuló, mintákat felismerő és feladatokat megoldó programok. Tovább. Biztos: A Nap forró gázcsillag, fényt és hőt ad. Ennyi erről. Biztos: A levelek zöldek klorofill miatt, a fotoszintézis pigmentje. Ennyi erről. Biztos: A méhek beporozzák a növényeket, biztosítva terméseket és sokféleséget.

Még egy tény. Jegyezd meg: Az erős jelszó hosszú, szolgáltatásonként egyedi és kezelőben tartott. Ennyi erről. Tudtad? Az elem kémiai energiát alakít elektromossá.

Most már ismered a tényeket."
244,"Természet, tudomány és technika – 4. rész","Itt rendezett tudást tanulsz. Ne siess.

A gravitáció tömegek vonzása. A Föld mindent lefelé vonz, ezért esnek a dolgok. Ennyi erről. Jegyezd meg: Az elem kémiai energiát alakít elektromossá. A következő pontra. Tény: Az atom az anyag legkisebb egysége, magból és elektronokból. Ennyi erről. Jó tudni: A felhő szerverek az interneten, ahol adatot tartasz és szolgáltatást használsz.

A következő pontra. Tény: A láz emelkedett testhőmérséklet, gyakran fertőzések elleni védekezés. Ennyi erről. Biztos: A gravitáció tömegek vonzása. A Föld mindent lefelé vonz, ezért esnek a dolgok. A következő pontra. A Nap forró gázcsillag, fényt és hőt ad. A következő pontra.

Tudtad? A Hold azért világít, mert a Nap fényét tükrözi. A következő pontra. Biztos: A hűtő hőt pumpál belülről kifelé hűtőközeggel: belül elpárolog, hőt felvesz, kint lead. A következő pontra. Biztos: A vírus terjedő és károsító káros program. Védd frissítésekkel és óvatossággal. Folytatjuk. Az áram egyszerűen töltések irányított mozgása, általában vezetékben elektronok.

Még egy tény. Jegyezd meg: Az áram egyszerűen töltések irányított mozgása, általában vezetékben elektronok. Tovább. Tény: A méhek beporozzák a növényeket, biztosítva terméseket és sokféleséget.

Most már ismered a tényeket."
245,"Természet, tudomány és technika – 5. rész","Ez a szöveg fontos tényeket mutat be. Olvasd nyugodtan.

Jó tudni: Kb. 2 percig, naponta kétszer. Tovább. Biztos: A vírus terjedő és károsító káros program. Védd frissítésekkel és óvatossággal. A következő pontra. Tény: Az atom az anyag legkisebb egysége, magból és elektronokból. Folytatjuk. Jegyezd meg: A felhő szerverek az interneten, ahol adatot tartasz és szolgáltatást használsz.

Ennyi erről. Jegyezd meg: A víz H2O, hidrogén és oxigén vegyülete. Folytatjuk. Biztos: A hűtő hőt pumpál belülről kifelé hűtőközeggel: belül elpárolog, hőt felvesz, kint lead. Folytatjuk. Jó tudni: A böngésző a program, amivel weboldalakat nyitsz, pl. Chrome, Firefox, Edge vagy Safari. Ez is számít.

Tudtad? A láz emelkedett testhőmérséklet, gyakran fertőzések elleni védekezés. Ez is számít. Tudtad? Az üvegházhatás tartja a hőt. Túl sok gáz melegíti az éghajlatot. Tovább. Jegyezd meg: A szív vért pumpál az egész testben. A következő pontra. Tudtad? Az újrahasznosítás hulladékot gyűjt, hogy új termékeket készítsen.

Ez is számít. Röviden: A felhő szerverek az interneten, ahol adatot tartasz és szolgáltatást használsz. Még egy tény. Jó tudni: A Wi-Fi vezeték nélküli helyi háló internetre kábelek nélkül.

Most már ismered a tényeket."
246,"Természet, tudomány és technika – 6. rész","Ez a szöveg lépésről lépésre magyaráz.

A szív vért pumpál az egész testben. Tovább. Röviden: Kb. 2 percig, naponta kétszer. Ennyi erről. Biztos: Az erős jelszó hosszú, szolgáltatásonként egyedi és kezelőben tartott. A következő pontra. Az atom az anyag legkisebb egysége, magból és elektronokból.

Ennyi erről. Tény: A levegő gázkeverék, főleg nitrogén és oxigén. A következő pontra. Röviden: A böngésző a program, amivel weboldalakat nyitsz, pl. Chrome, Firefox, Edge vagy Safari. A következő pontra. Tény: Az elem kémiai energiát alakít elektromossá. Folytatjuk.

Tudtad? Az évszakok a tengely dőléséből jönnek: mindegyik félteke felváltva dől a Nap felé. Ennyi erről. Biztos: A GPS műholdjelekből és utazási idejükből találja a pozíciót. Ez is számít. Biztos: Az alvás segíti a regenerálódást, a memóriát és az immunitást. Folytatjuk. Az elem kémiai energiát alakít elektromossá.

A következő pontra. Biztos: A fotoszintézis fényből, vízből és CO2-ből cukrot és oxigént készít. Ennyi erről. A gravitáció tömegek vonzása. A Föld mindent lefelé vonz, ezért esnek a dolgok.

A szöveg vége. Szép munka."
247,"Természet, tudomány és technika – 7. rész","Itt rendezett tudást tanulsz. Ne siess.

Tudtad? A műanyag alig bomlik, szemeteli a természetet és tengereket, mikroműanyaggá válik. Ez is számít. Röviden: Az áram egyszerűen töltések irányított mozgása, általában vezetékben elektronok. A következő pontra. Jó tudni: A műanyag alig bomlik, szemeteli a természetet és tengereket, mikroműanyaggá válik. Ennyi erről. Jegyezd meg: A láz emelkedett testhőmérséklet, gyakran fertőzések elleni védekezés.

A következő pontra. Jegyezd meg: Naprendszerünkben 8 bolygó van: Merkúr, Vénusz, Föld, Mars, Jupiter, Szaturnusz, Uránusz, Neptunusz. Még egy tény. Tény: A szív vért pumpál az egész testben. Ennyi erről. Jegyezd meg: Földrengés akkor van, amikor a lemezek hirtelen mozognak és energiát szabadítanak. Folytatjuk.

Biztos: Kb. 2 percig, naponta kétszer. Még egy tény. Tudtad? Az app program, általában telefonra, pl. üzenetek, fotók vagy játékok. A következő pontra. Biztos: A levelek zöldek klorofill miatt, a fotoszintézis pigmentje. A következő pontra. A Nap forró gázcsillag, fényt és hőt ad.

Ez is számít. A méhek beporozzák a növényeket, biztosítva terméseket és sokféleséget. Tovább. Tény: A Nap forró gázcsillag, fényt és hőt ad.

Vége ennek az áttekintésnek."
248,"Természet, tudomány és technika – 8. rész","Alább ellenőrzött tudást találsz.

Biztos: Az üvegházhatás tartja a hőt. Túl sok gáz melegíti az éghajlatot. Ennyi erről. Biztos: Az emlősöknek szőrük van, élő utódot szülnek és tejjel táplálják. A következő pontra. Tény: A GPS műholdjelekből és utazási idejükből találja a pozíciót. Folytatjuk. Tudtad? A hűtő hőt pumpál belülről kifelé hűtőközeggel: belül elpárolog, hőt felvesz, kint lead.

Tovább. Tudtad? A láz emelkedett testhőmérséklet, gyakran fertőzések elleni védekezés. Ez is számít. Jegyezd meg: A Hold azért világít, mert a Nap fényét tükrözi. Ennyi erről. Tudtad? A levelek zöldek klorofill miatt, a fotoszintézis pigmentje. Ennyi erről.

Biztos: Naprendszerünkben 8 bolygó van: Merkúr, Vénusz, Föld, Mars, Jupiter, Szaturnusz, Uránusz, Neptunusz. A következő pontra. Biztos: A víz stabilizálja a keringést és a fókuszt, segíti a vesét és a bőrt, megelőzi a fejfájást. A következő pontra. A böngésző a program, amivel weboldalakat nyitsz, pl. Chrome, Firefox, Edge vagy Safari. Ennyi erről. Röviden: Az üvegházhatás tartja a hőt. Túl sok gáz melegíti az éghajlatot.

Ez is számít. Biztos: Az elem kémiai energiát alakít elektromossá. A következő pontra. Naprendszerünkben 8 bolygó van: Merkúr, Vénusz, Föld, Mars, Jupiter, Szaturnusz, Uránusz, Neptunusz.

Vége ennek az áttekintésnek."
249,"Természet, tudomány és technika – 9. rész","Alább ellenőrzött tudást találsz.

Röviden: Az app program, általában telefonra, pl. üzenetek, fotók vagy játékok. Tovább. Jó tudni: Az újrahasznosítás hulladékot gyűjt, hogy új termékeket készítsen. Tovább. Jó tudni: Nappal és éjjel azért van, mert a Föld forog. A napos oldal nappal, a másik éjjel. A következő pontra. A műanyag alig bomlik, szemeteli a természetet és tengereket, mikroműanyaggá válik.

Még egy tény. Jegyezd meg: A levelek zöldek klorofill miatt, a fotoszintézis pigmentje. Folytatjuk. Az eső párolgással keletkezik: víz felszáll, hűl, felhőt képez és cseppekben esik. Ennyi erről. Az ég kék Rayleigh-szórás miatt: a kék fény jobban szóródik mint a vörös. A következő pontra.

Tudtad? Az eső párolgással keletkezik: víz felszáll, hűl, felhőt képez és cseppekben esik. Még egy tény. Jó tudni: A méhek beporozzák a növényeket, biztosítva terméseket és sokféleséget. Folytatjuk. Az alvás segíti a regenerálódást, a memóriát és az immunitást. Ennyi erről. Tény: Az áram egyszerűen töltések irányított mozgása, általában vezetékben elektronok.

Még egy tény. Tudtad? Az évszakok a tengely dőléséből jönnek: mindegyik félteke felváltva dől a Nap felé. Folytatjuk. Röviden: Az elem kémiai energiát alakít elektromossá.

A szöveg vége. Szép munka."
250,"Természet, tudomány és technika – 10. rész","Alább ellenőrzött tudást találsz.

Tudtad? Az újrahasznosítás hulladékot gyűjt, hogy új termékeket készítsen. Ez is számít. Tudtad? Az atom az anyag legkisebb egysége, magból és elektronokból. A következő pontra. Tudtad? A böngésző a program, amivel weboldalakat nyitsz, pl. Chrome, Firefox, Edge vagy Safari. Folytatjuk. Röviden: A hűtő hőt pumpál belülről kifelé hűtőközeggel: belül elpárolog, hőt felvesz, kint lead.

Ennyi erről. Röviden: A Hold azért világít, mert a Nap fényét tükrözi. Ez is számít. Tudtad? Az áram egyszerűen töltések irányított mozgása, általában vezetékben elektronok. Ennyi erről. Földrengés akkor van, amikor a lemezek hirtelen mozognak és energiát szabadítanak. Ennyi erről.

Röviden: Az újrahasznosítás hulladékot gyűjt, hogy új termékeket készítsen. Ennyi erről. Jegyezd meg: A Hold azért világít, mert a Nap fényét tükrözi. A következő pontra. Tény: A szív vért pumpál az egész testben. Folytatjuk. Tudtad? A GPS műholdjelekből és utazási idejükből találja a pozíciót.

Ennyi erről. Jó tudni: Az alvás segíti a regenerálódást, a memóriát és az immunitást. Ennyi erről. Tudtad? Az alvás segíti a regenerálódást, a memóriát és az immunitást.

Ez volt a lényeg."
251,"Természet, tudomány és technika – 11. rész","Alább ellenőrzött tudást találsz.

Röviden: Az app program, általában telefonra, pl. üzenetek, fotók vagy játékok. Ez is számít. Röviden: A víz H2O, hidrogén és oxigén vegyülete. Ennyi erről. Tény: Az emlősöknek szőrük van, élő utódot szülnek és tejjel táplálják. Folytatjuk. Jó tudni: A Nap forró gázcsillag, fényt és hőt ad.

Folytatjuk. Röviden: A levelek zöldek klorofill miatt, a fotoszintézis pigmentje. Folytatjuk. Biztos: A szív vért pumpál az egész testben. Még egy tény. Tény: Az áram egyszerűen töltések irányított mozgása, általában vezetékben elektronok. Ez is számít.

Röviden: A műanyag alig bomlik, szemeteli a természetet és tengereket, mikroműanyaggá válik. A következő pontra. Tény: A Hold azért világít, mert a Nap fényét tükrözi. A következő pontra. Biztos: A víz stabilizálja a keringést és a fókuszt, segíti a vesét és a bőrt, megelőzi a fejfájást. Ez is számít. Jegyezd meg: A levegő gázkeverék, főleg nitrogén és oxigén.

Tovább. Tény: A víz stabilizálja a keringést és a fókuszt, segíti a vesét és a bőrt, megelőzi a fejfájást. A következő pontra. Röviden: Az erős jelszó hosszú, szolgáltatásonként egyedi és kezelőben tartott.

A szöveg vége. Szép munka."
252,"Természet, tudomány és technika – 12. rész","Itt rendezett tudást tanulsz. Ne siess.

Biztos: A fotoszintézis fényből, vízből és CO2-ből cukrot és oxigént készít. A következő pontra. Tény: A fotoszintézis fényből, vízből és CO2-ből cukrot és oxigént készít. Folytatjuk. Jegyezd meg: A műanyag alig bomlik, szemeteli a természetet és tengereket, mikroműanyaggá válik. Ez is számít. Biztos: Az atom az anyag legkisebb egysége, magból és elektronokból.

Ez is számít. Biztos: Nappal és éjjel azért van, mert a Föld forog. A napos oldal nappal, a másik éjjel. Ez is számít. Jegyezd meg: A mesterséges intelligencia adatokból tanuló, mintákat felismerő és feladatokat megoldó programok. Folytatjuk. Az atom az anyag legkisebb egysége, magból és elektronokból. Folytatjuk.

Röviden: A hűtő hőt pumpál belülről kifelé hűtőközeggel: belül elpárolog, hőt felvesz, kint lead. Ennyi erről. Biztos: A szív vért pumpál az egész testben. Ennyi erről. Biztos: A napelemek a fényt közvetlenül árammá alakítják. A következő pontra. Biztos: A méhek beporozzák a növényeket, biztosítva terméseket és sokféleséget.

Tovább. Tény: A Hold azért világít, mert a Nap fényét tükrözi. Még egy tény. Tudtad? Az évszakok a tengely dőléséből jönnek: mindegyik félteke felváltva dől a Nap felé.

Ez volt a lényeg."
253,"Természet, tudomány és technika – 13. rész","Ez a szöveg lépésről lépésre magyaráz.

Jó tudni: A Wi-Fi vezeték nélküli helyi háló internetre kábelek nélkül. Ennyi erről. Biztos: Az erős jelszó hosszú, szolgáltatásonként egyedi és kezelőben tartott. Ez is számít. Jegyezd meg: Földrengés akkor van, amikor a lemezek hirtelen mozognak és energiát szabadítanak. Még egy tény. Röviden: A tüdő oxigént vesz fel és szén-dioxidot ad le.

A következő pontra. Röviden: Az ég kék Rayleigh-szórás miatt: a kék fény jobban szóródik mint a vörös. Ez is számít. Jó tudni: Az erős jelszó hosszú, szolgáltatásonként egyedi és kezelőben tartott. A következő pontra. Biztos: A tüdő oxigént vesz fel és szén-dioxidot ad le. Ennyi erről.

Jegyezd meg: Az app program, általában telefonra, pl. üzenetek, fotók vagy játékok. Ez is számít. Jó tudni: A felhő szerverek az interneten, ahol adatot tartasz és szolgáltatást használsz. Még egy tény. Röviden: Az emlősöknek szőrük van, élő utódot szülnek és tejjel táplálják. Ez is számít. Jó tudni: A víz H2O, hidrogén és oxigén vegyülete.

Ennyi erről. Röviden: Az app program, általában telefonra, pl. üzenetek, fotók vagy játékok. Még egy tény. Jegyezd meg: Az újrahasznosítás hulladékot gyűjt, hogy új termékeket készítsen.

A szöveg vége. Szép munka."
254,"Természet, tudomány és technika – 14. rész","Ez a szöveg lépésről lépésre magyaráz.

Tény: Az atom az anyag legkisebb egysége, magból és elektronokból. Még egy tény. Röviden: A felhő szerverek az interneten, ahol adatot tartasz és szolgáltatást használsz. Ez is számít. Jó tudni: Az erős jelszó hosszú, szolgáltatásonként egyedi és kezelőben tartott. Még egy tény. Az elem kémiai energiát alakít elektromossá.

Még egy tény. Tudtad? A méhek beporozzák a növényeket, biztosítva terméseket és sokféleséget. Tovább. Jegyezd meg: A mézet a méhek virágnektárból készítik. Tovább. Tény: Az alvás segíti a regenerálódást, a memóriát és az immunitást. Ez is számít.

Az app program, általában telefonra, pl. üzenetek, fotók vagy játékok. Még egy tény. Röviden: Az időjárás rövid állapot; az éghajlat kb. 30 év átlaga. Még egy tény. Jó tudni: A víz H2O, hidrogén és oxigén vegyülete. Ennyi erről. Jó tudni: Az atom az anyag legkisebb egysége, magból és elektronokból.

Tovább. Biztos: Az alvás segíti a regenerálódást, a memóriát és az immunitást. Tovább. Kb. 2 percig, naponta kétszer.

Ez volt a lényeg."
255,"Természet, tudomány és technika – 15. rész","Itt rendezett tudást tanulsz. Ne siess.

Biztos: Nappal és éjjel azért van, mert a Föld forog. A napos oldal nappal, a másik éjjel. A következő pontra. A víz stabilizálja a keringést és a fókuszt, segíti a vesét és a bőrt, megelőzi a fejfájást. Ennyi erről. Tudtad? Az eső párolgással keletkezik: víz felszáll, hűl, felhőt képez és cseppekben esik. Ez is számít. Biztos: A levegő gázkeverék, főleg nitrogén és oxigén.

Folytatjuk. Biztos: A hűtő hőt pumpál belülről kifelé hűtőközeggel: belül elpárolog, hőt felvesz, kint lead. Még egy tény. Biztos: Az elem kémiai energiát alakít elektromossá. Ez is számít. Tény: Az atom az anyag legkisebb egysége, magból és elektronokból. Ennyi erről.

Az évszakok a tengely dőléséből jönnek: mindegyik félteke felváltva dől a Nap felé. Ennyi erről. Röviden: A méhek beporozzák a növényeket, biztosítva terméseket és sokféleséget. Folytatjuk. Tudtad? Az áram egyszerűen töltések irányított mozgása, általában vezetékben elektronok. Ez is számít. Jegyezd meg: A mézet a méhek virágnektárból készítik.

Tovább. Az erős jelszó hosszú, szolgáltatásonként egyedi és kezelőben tartott. Tovább. Jó tudni: A hűtő hőt pumpál belülről kifelé hűtőközeggel: belül elpárolog, hőt felvesz, kint lead.

Most már ismered a tényeket."
256,"Természet, tudomány és technika – 16. rész","Itt rendezett tudást tanulsz. Ne siess.

Tudtad? A műanyag alig bomlik, szemeteli a természetet és tengereket, mikroműanyaggá válik. Ennyi erről. A napelemek a fényt közvetlenül árammá alakítják. Még egy tény. Jegyezd meg: Az évszakok a tengely dőléséből jönnek: mindegyik félteke felváltva dől a Nap felé. Folytatjuk. Az időjárás rövid állapot; az éghajlat kb. 30 év átlaga.

Tovább. Tudtad? Az ég kék Rayleigh-szórás miatt: a kék fény jobban szóródik mint a vörös. Ez is számít. Jegyezd meg: Az újrahasznosítás hulladékot gyűjt, hogy új termékeket készítsen. Folytatjuk. Röviden: Az áram egyszerűen töltések irányított mozgása, általában vezetékben elektronok. Még egy tény.

Jó tudni: A mézet a méhek virágnektárból készítik. Tovább. Röviden: A gravitáció tömegek vonzása. A Föld mindent lefelé vonz, ezért esnek a dolgok. Még egy tény. Jegyezd meg: A böngésző a program, amivel weboldalakat nyitsz, pl. Chrome, Firefox, Edge vagy Safari. A következő pontra. Röviden: Az ég kék Rayleigh-szórás miatt: a kék fény jobban szóródik mint a vörös.

Ez is számít. Tudtad? A víz stabilizálja a keringést és a fókuszt, segíti a vesét és a bőrt, megelőzi a fejfájást. Ennyi erről. A műanyag alig bomlik, szemeteli a természetet és tengereket, mikroműanyaggá válik.

Most már ismered a tényeket."
257,"Természet, tudomány és technika – 17. rész","Alább ellenőrzött tudást találsz.

A gravitáció tömegek vonzása. A Föld mindent lefelé vonz, ezért esnek a dolgok. Még egy tény. Tény: A Wi-Fi vezeték nélküli helyi háló internetre kábelek nélkül. Ennyi erről. Az évszakok a tengely dőléséből jönnek: mindegyik félteke felváltva dől a Nap felé. Még egy tény. A szív vért pumpál az egész testben.

Ez is számít. Tudtad? A víz H2O, hidrogén és oxigén vegyülete. Folytatjuk. Jó tudni: Az áram egyszerűen töltések irányított mozgása, általában vezetékben elektronok. Folytatjuk. Tény: Az elem kémiai energiát alakít elektromossá. Még egy tény.

Tudtad? Az atom az anyag legkisebb egysége, magból és elektronokból. Tovább. Az elem kémiai energiát alakít elektromossá. Még egy tény. Tudtad? Az erős jelszó hosszú, szolgáltatásonként egyedi és kezelőben tartott. Tovább. Jegyezd meg: Az elem kémiai energiát alakít elektromossá.

A következő pontra. Jegyezd meg: A műanyag alig bomlik, szemeteli a természetet és tengereket, mikroműanyaggá válik. Ez is számít. Tudtad? A vírus terjedő és károsító káros program. Védd frissítésekkel és óvatossággal.

Vége ennek az áttekintésnek."
258,"Természet, tudomány és technika – 18. rész","Itt rendezett tudást tanulsz. Ne siess.

Jó tudni: Nappal és éjjel azért van, mert a Föld forog. A napos oldal nappal, a másik éjjel. Tovább. Jó tudni: Az áram egyszerűen töltések irányított mozgása, általában vezetékben elektronok. A következő pontra. Tudtad? Az ég kék Rayleigh-szórás miatt: a kék fény jobban szóródik mint a vörös. Még egy tény. Jegyezd meg: A víz H2O, hidrogén és oxigén vegyülete.

Ennyi erről. A vírus apró kórokozó, amely gazdasejt nélkül nem szaporodik. Tovább. Tény: Az évszakok a tengely dőléséből jönnek: mindegyik félteke felváltva dől a Nap felé. Ez is számít. Jó tudni: A műanyag alig bomlik, szemeteli a természetet és tengereket, mikroműanyaggá válik. Ez is számít.

Röviden: A szív vért pumpál az egész testben. Tovább. Tudtad? A Hold azért világít, mert a Nap fényét tükrözi. A következő pontra. Jegyezd meg: Az emlősöknek szőrük van, élő utódot szülnek és tejjel táplálják. Ennyi erről. Röviden: A víz stabilizálja a keringést és a fókuszt, segíti a vesét és a bőrt, megelőzi a fejfájást.

Ez is számít. Jegyezd meg: A mesterséges intelligencia adatokból tanuló, mintákat felismerő és feladatokat megoldó programok. Folytatjuk. A vírus terjedő és károsító káros program. Védd frissítésekkel és óvatossággal.

A szöveg vége. Szép munka."
259,"Természet, tudomány és technika – 19. rész","Itt rendezett tudást tanulsz. Ne siess.

Jegyezd meg: A Hold azért világít, mert a Nap fényét tükrözi. A következő pontra. Tény: Naprendszerünkben 8 bolygó van: Merkúr, Vénusz, Föld, Mars, Jupiter, Szaturnusz, Uránusz, Neptunusz. Ennyi erről. Jegyezd meg: A levelek zöldek klorofill miatt, a fotoszintézis pigmentje. Folytatjuk. Földrengés akkor van, amikor a lemezek hirtelen mozognak és energiát szabadítanak.

Folytatjuk. Tény: Az emlősöknek szőrük van, élő utódot szülnek és tejjel táplálják. Ennyi erről. Jó tudni: Az app program, általában telefonra, pl. üzenetek, fotók vagy játékok. Tovább. Tény: Az ég kék Rayleigh-szórás miatt: a kék fény jobban szóródik mint a vörös. A következő pontra.

Tudtad? Az erős jelszó hosszú, szolgáltatásonként egyedi és kezelőben tartott. Még egy tény. Röviden: Az alvás segíti a regenerálódást, a memóriát és az immunitást. Tovább. Jegyezd meg: Kb. 2 percig, naponta kétszer. Tovább. Naprendszerünkben 8 bolygó van: Merkúr, Vénusz, Föld, Mars, Jupiter, Szaturnusz, Uránusz, Neptunusz.

Ennyi erről. Biztos: Földrengés akkor van, amikor a lemezek hirtelen mozognak és energiát szabadítanak. Ez is számít. Tudtad? A víz stabilizálja a keringést és a fókuszt, segíti a vesét és a bőrt, megelőzi a fejfájást.

Ez volt a lényeg."
260,"Természet, tudomány és technika – 20. rész","Ez a szöveg fontos tényeket mutat be. Olvasd nyugodtan.

Biztos: Az újrahasznosítás hulladékot gyűjt, hogy új termékeket készítsen. Még egy tény. Biztos: A napelemek a fényt közvetlenül árammá alakítják. Ez is számít. Röviden: Az emlősöknek szőrük van, élő utódot szülnek és tejjel táplálják. A következő pontra. Jó tudni: A Hold azért világít, mert a Nap fényét tükrözi.

Még egy tény. A fotoszintézis fényből, vízből és CO2-ből cukrot és oxigént készít. Tovább. Jó tudni: Kb. 2 percig, naponta kétszer. Tovább. Jegyezd meg: Az üvegházhatás tartja a hőt. Túl sok gáz melegíti az éghajlatot. Folytatjuk.

Jegyezd meg: Kb. 2 percig, naponta kétszer. Ez is számít. Jegyezd meg: Az áram egyszerűen töltések irányított mozgása, általában vezetékben elektronok. A következő pontra. Tudtad? A műanyag alig bomlik, szemeteli a természetet és tengereket, mikroműanyaggá válik. A következő pontra. Tény: Az app program, általában telefonra, pl. üzenetek, fotók vagy játékok.

Tovább. Röviden: A mesterséges intelligencia adatokból tanuló, mintákat felismerő és feladatokat megoldó programok. Tovább. Tény: A szív vért pumpál az egész testben.

Ez volt a lényeg."
261,"Természet, tudomány és technika – 21. rész","Alább ellenőrzött tudást találsz.

Jegyezd meg: A láz emelkedett testhőmérséklet, gyakran fertőzések elleni védekezés. A következő pontra. Tény: A felhő szerverek az interneten, ahol adatot tartasz és szolgáltatást használsz. Ez is számít. A vírus apró kórokozó, amely gazdasejt nélkül nem szaporodik. A következő pontra. Biztos: Az áram egyszerűen töltések irányított mozgása, általában vezetékben elektronok.

A következő pontra. Tudtad? Az üvegházhatás tartja a hőt. Túl sok gáz melegíti az éghajlatot. Ez is számít. A mézet a méhek virágnektárból készítik. A következő pontra. Tudtad? A mesterséges intelligencia adatokból tanuló, mintákat felismerő és feladatokat megoldó programok. Folytatjuk.

Az erős jelszó hosszú, szolgáltatásonként egyedi és kezelőben tartott. Tovább. Tény: A méhek beporozzák a növényeket, biztosítva terméseket és sokféleséget. Folytatjuk. Jó tudni: Az alvás segíti a regenerálódást, a memóriát és az immunitást. Ez is számít. Az évszakok a tengely dőléséből jönnek: mindegyik félteke felváltva dől a Nap felé.

Tovább. Röviden: A fotoszintézis fényből, vízből és CO2-ből cukrot és oxigént készít. Folytatjuk. Tény: A vírus apró kórokozó, amely gazdasejt nélkül nem szaporodik.

Vége ennek az áttekintésnek."
262,"Természet, tudomány és technika – 22. rész","Ez a szöveg fontos tényeket mutat be. Olvasd nyugodtan.

A levelek zöldek klorofill miatt, a fotoszintézis pigmentje. Ez is számít. Röviden: A Hold azért világít, mert a Nap fényét tükrözi. Ennyi erről. A mesterséges intelligencia adatokból tanuló, mintákat felismerő és feladatokat megoldó programok. Még egy tény. Röviden: Naprendszerünkben 8 bolygó van: Merkúr, Vénusz, Föld, Mars, Jupiter, Szaturnusz, Uránusz, Neptunusz.

Tovább. Tény: A műanyag alig bomlik, szemeteli a természetet és tengereket, mikroműanyaggá válik. A következő pontra. A böngésző a program, amivel weboldalakat nyitsz, pl. Chrome, Firefox, Edge vagy Safari. Folytatjuk. Tény: A Nap forró gázcsillag, fényt és hőt ad. Ennyi erről.

Tudtad? Kb. 2 percig, naponta kétszer. Tovább. Röviden: A szív vért pumpál az egész testben. Ez is számít. Jó tudni: Az évszakok a tengely dőléséből jönnek: mindegyik félteke felváltva dől a Nap felé. Ez is számít. Röviden: Az évszakok a tengely dőléséből jönnek: mindegyik félteke felváltva dől a Nap felé.

Még egy tény. Jegyezd meg: A felhő szerverek az interneten, ahol adatot tartasz és szolgáltatást használsz. Folytatjuk. Biztos: Az atom az anyag legkisebb egysége, magból és elektronokból.

Vége ennek az áttekintésnek."
263,"Természet, tudomány és technika – 23. rész","Alább ellenőrzött tudást találsz.

Jó tudni: A gravitáció tömegek vonzása. A Föld mindent lefelé vonz, ezért esnek a dolgok. Tovább. Biztos: Az ég kék Rayleigh-szórás miatt: a kék fény jobban szóródik mint a vörös. Folytatjuk. Tudtad? A levegő gázkeverék, főleg nitrogén és oxigén. Folytatjuk. Jegyezd meg: Az eső párolgással keletkezik: víz felszáll, hűl, felhőt képez és cseppekben esik.

A következő pontra. Röviden: A gravitáció tömegek vonzása. A Föld mindent lefelé vonz, ezért esnek a dolgok. Ennyi erről. Jó tudni: Az alvás segíti a regenerálódást, a memóriát és az immunitást. Még egy tény. Az alvás segíti a regenerálódást, a memóriát és az immunitást. Ennyi erről.

Röviden: A láz emelkedett testhőmérséklet, gyakran fertőzések elleni védekezés. Tovább. Röviden: A vírus apró kórokozó, amely gazdasejt nélkül nem szaporodik. Ennyi erről. Röviden: A Hold azért világít, mert a Nap fényét tükrözi. Még egy tény. A napelemek a fényt közvetlenül árammá alakítják.

Folytatjuk. Jegyezd meg: A szív vért pumpál az egész testben. Tovább. Jó tudni: A műanyag alig bomlik, szemeteli a természetet és tengereket, mikroműanyaggá válik.

Vége ennek az áttekintésnek."
264,"Természet, tudomány és technika – 24. rész","Itt rendezett tudást tanulsz. Ne siess.

Biztos: A tüdő oxigént vesz fel és szén-dioxidot ad le. A következő pontra. Röviden: A mézet a méhek virágnektárból készítik. A következő pontra. Röviden: Az elem kémiai energiát alakít elektromossá. Tovább. Röviden: A böngésző a program, amivel weboldalakat nyitsz, pl. Chrome, Firefox, Edge vagy Safari.

Még egy tény. Jó tudni: A víz stabilizálja a keringést és a fókuszt, segíti a vesét és a bőrt, megelőzi a fejfájást. Folytatjuk. Jó tudni: A felhő szerverek az interneten, ahol adatot tartasz és szolgáltatást használsz. Folytatjuk. Tudtad? A levelek zöldek klorofill miatt, a fotoszintézis pigmentje. Tovább.

Biztos: Az atom az anyag legkisebb egysége, magból és elektronokból. A következő pontra. Jó tudni: Az időjárás rövid állapot; az éghajlat kb. 30 év átlaga. Ez is számít. Tudtad? Az üvegházhatás tartja a hőt. Túl sok gáz melegíti az éghajlatot. Ennyi erről. Tény: A felhő szerverek az interneten, ahol adatot tartasz és szolgáltatást használsz.

A következő pontra. Tény: A Hold azért világít, mert a Nap fényét tükrözi. A következő pontra. Röviden: A Nap forró gázcsillag, fényt és hőt ad.

A szöveg vége. Szép munka."
265,"Természet, tudomány és technika – 25. rész","Ez a szöveg lépésről lépésre magyaráz.

Jegyezd meg: A víz H2O, hidrogén és oxigén vegyülete. A következő pontra. A vírus apró kórokozó, amely gazdasejt nélkül nem szaporodik. Tovább. Tudtad? A láz emelkedett testhőmérséklet, gyakran fertőzések elleni védekezés. Ennyi erről. A GPS műholdjelekből és utazási idejükből találja a pozíciót.

Ez is számít. Tény: A vírus terjedő és károsító káros program. Védd frissítésekkel és óvatossággal. Ez is számít. Jegyezd meg: Az újrahasznosítás hulladékot gyűjt, hogy új termékeket készítsen. Még egy tény. Jegyezd meg: A mesterséges intelligencia adatokból tanuló, mintákat felismerő és feladatokat megoldó programok. Még egy tény.

Jó tudni: A láz emelkedett testhőmérséklet, gyakran fertőzések elleni védekezés. Ennyi erről. Jegyezd meg: A műanyag alig bomlik, szemeteli a természetet és tengereket, mikroműanyaggá válik. Folytatjuk. Biztos: Az évszakok a tengely dőléséből jönnek: mindegyik félteke felváltva dől a Nap felé. Tovább. Tény: A hűtő hőt pumpál belülről kifelé hűtőközeggel: belül elpárolog, hőt felvesz, kint lead.

Még egy tény. Tény: Az üvegházhatás tartja a hőt. Túl sok gáz melegíti az éghajlatot. Folytatjuk. Tény: Kb. 2 percig, naponta kétszer.

Most már ismered a tényeket."
266,"Természet, tudomány és technika – 26. rész","Itt rendezett tudást tanulsz. Ne siess.

Röviden: A napelemek a fényt közvetlenül árammá alakítják. Ennyi erről. Jó tudni: A műanyag alig bomlik, szemeteli a természetet és tengereket, mikroműanyaggá válik. Tovább. Az emlősöknek szőrük van, élő utódot szülnek és tejjel táplálják. Tovább. Tudtad? Az eső párolgással keletkezik: víz felszáll, hűl, felhőt képez és cseppekben esik.

Ennyi erről. Biztos: Az erős jelszó hosszú, szolgáltatásonként egyedi és kezelőben tartott. Még egy tény. Tény: Az ég kék Rayleigh-szórás miatt: a kék fény jobban szóródik mint a vörös. A következő pontra. Jó tudni: A vírus apró kórokozó, amely gazdasejt nélkül nem szaporodik. Ennyi erről.

Röviden: Az áram egyszerűen töltések irányított mozgása, általában vezetékben elektronok. Még egy tény. Röviden: Az eső párolgással keletkezik: víz felszáll, hűl, felhőt képez és cseppekben esik. A következő pontra. A víz stabilizálja a keringést és a fókuszt, segíti a vesét és a bőrt, megelőzi a fejfájást. Ennyi erről. Röviden: A felhő szerverek az interneten, ahol adatot tartasz és szolgáltatást használsz.

Ennyi erről. A mézet a méhek virágnektárból készítik. Folytatjuk. Röviden: Nappal és éjjel azért van, mert a Föld forog. A napos oldal nappal, a másik éjjel.

Vége ennek az áttekintésnek."
267,"Természet, tudomány és technika – 27. rész","Alább ellenőrzött tudást találsz.

Röviden: Naprendszerünkben 8 bolygó van: Merkúr, Vénusz, Föld, Mars, Jupiter, Szaturnusz, Uránusz, Neptunusz. Ez is számít. Az alvás segíti a regenerálódást, a memóriát és az immunitást. Még egy tény. Tény: Az app program, általában telefonra, pl. üzenetek, fotók vagy játékok. Ez is számít. Tény: Az emlősöknek szőrük van, élő utódot szülnek és tejjel táplálják.

Folytatjuk. Röviden: Az eső párolgással keletkezik: víz felszáll, hűl, felhőt képez és cseppekben esik. Ennyi erről. Röviden: A levelek zöldek klorofill miatt, a fotoszintézis pigmentje. Tovább. Tény: Az újrahasznosítás hulladékot gyűjt, hogy új termékeket készítsen. Folytatjuk.

Röviden: A böngésző a program, amivel weboldalakat nyitsz, pl. Chrome, Firefox, Edge vagy Safari. A következő pontra. Jó tudni: Földrengés akkor van, amikor a lemezek hirtelen mozognak és energiát szabadítanak. Ez is számít. Biztos: Nappal és éjjel azért van, mert a Föld forog. A napos oldal nappal, a másik éjjel. Tovább. Biztos: Az app program, általában telefonra, pl. üzenetek, fotók vagy játékok.

Még egy tény. Jegyezd meg: A láz emelkedett testhőmérséklet, gyakran fertőzések elleni védekezés. Folytatjuk. Tudtad? A láz emelkedett testhőmérséklet, gyakran fertőzések elleni védekezés.

Vége ennek az áttekintésnek."
268,"Természet, tudomány és technika – 28. rész","Alább ellenőrzött tudást találsz.

Tudtad? A Wi-Fi vezeték nélküli helyi háló internetre kábelek nélkül. Még egy tény. Az elem kémiai energiát alakít elektromossá. Még egy tény. Tény: Az eső párolgással keletkezik: víz felszáll, hűl, felhőt képez és cseppekben esik. Ez is számít. Röviden: A Nap forró gázcsillag, fényt és hőt ad.

Folytatjuk. Jegyezd meg: A méhek beporozzák a növényeket, biztosítva terméseket és sokféleséget. Ennyi erről. Tudtad? Az időjárás rövid állapot; az éghajlat kb. 30 év átlaga. Ennyi erről. Tény: A GPS műholdjelekből és utazási idejükből találja a pozíciót. Ennyi erről.

Röviden: A víz H2O, hidrogén és oxigén vegyülete. Ez is számít. Jó tudni: A mesterséges intelligencia adatokból tanuló, mintákat felismerő és feladatokat megoldó programok. Még egy tény. Tény: A hűtő hőt pumpál belülről kifelé hűtőközeggel: belül elpárolog, hőt felvesz, kint lead. Folytatjuk. Az atom az anyag legkisebb egysége, magból és elektronokból.

Tovább. Tény: A vírus apró kórokozó, amely gazdasejt nélkül nem szaporodik. Ennyi erről. Tudtad? A mézet a méhek virágnektárból készítik.

Most már ismered a tényeket."
269,"Természet, tudomány és technika – 29. rész","Ez a szöveg lépésről lépésre magyaráz.

Jó tudni: A felhő szerverek az interneten, ahol adatot tartasz és szolgáltatást használsz. A következő pontra. Tudtad? Az időjárás rövid állapot; az éghajlat kb. 30 év átlaga. Még egy tény. Biztos: A tüdő oxigént vesz fel és szén-dioxidot ad le. Ez is számít. Tény: Földrengés akkor van, amikor a lemezek hirtelen mozognak és energiát szabadítanak.

Ennyi erről. A vírus apró kórokozó, amely gazdasejt nélkül nem szaporodik. Ez is számít. Röviden: A víz stabilizálja a keringést és a fókuszt, segíti a vesét és a bőrt, megelőzi a fejfájást. Még egy tény. A mézet a méhek virágnektárból készítik. Tovább.

Röviden: A mesterséges intelligencia adatokból tanuló, mintákat felismerő és feladatokat megoldó programok. A következő pontra. Biztos: A GPS műholdjelekből és utazási idejükből találja a pozíciót. Folytatjuk. Jegyezd meg: A víz stabilizálja a keringést és a fókuszt, segíti a vesét és a bőrt, megelőzi a fejfájást. Ez is számít. Röviden: Az emlősöknek szőrük van, élő utódot szülnek és tejjel táplálják.

A következő pontra. Jegyezd meg: A Nap forró gázcsillag, fényt és hőt ad. A következő pontra. Jó tudni: A gravitáció tömegek vonzása. A Föld mindent lefelé vonz, ezért esnek a dolgok.

Vége ennek az áttekintésnek."
270,"Természet, tudomány és technika – 30. rész","Itt rendezett tudást tanulsz. Ne siess.

Jó tudni: A víz H2O, hidrogén és oxigén vegyülete. Még egy tény. Az ég kék Rayleigh-szórás miatt: a kék fény jobban szóródik mint a vörös. Ez is számít. Röviden: A mesterséges intelligencia adatokból tanuló, mintákat felismerő és feladatokat megoldó programok. Még egy tény. Tény: A napelemek a fényt közvetlenül árammá alakítják.

Ennyi erről. Röviden: A műanyag alig bomlik, szemeteli a természetet és tengereket, mikroműanyaggá válik. Tovább. Jó tudni: A böngésző a program, amivel weboldalakat nyitsz, pl. Chrome, Firefox, Edge vagy Safari. A következő pontra. Tudtad? Az ég kék Rayleigh-szórás miatt: a kék fény jobban szóródik mint a vörös. Tovább.

Jó tudni: A vírus terjedő és károsító káros program. Védd frissítésekkel és óvatossággal. Ennyi erről. Röviden: A víz H2O, hidrogén és oxigén vegyülete. Még egy tény. Biztos: A méhek beporozzák a növényeket, biztosítva terméseket és sokféleséget. Folytatjuk. Az emlősöknek szőrük van, élő utódot szülnek és tejjel táplálják.

Ez is számít. A mesterséges intelligencia adatokból tanuló, mintákat felismerő és feladatokat megoldó programok. Ennyi erről. Jegyezd meg: A méhek beporozzák a növényeket, biztosítva terméseket és sokféleséget.

Ez volt a lényeg."
271,"Természet, tudomány és technika – 31. rész","Ez a szöveg fontos tényeket mutat be. Olvasd nyugodtan.

Az újrahasznosítás hulladékot gyűjt, hogy új termékeket készítsen. Tovább. Biztos: Az áram egyszerűen töltések irányított mozgása, általában vezetékben elektronok. A következő pontra. Röviden: Az újrahasznosítás hulladékot gyűjt, hogy új termékeket készítsen. Tovább. Az alvás segíti a regenerálódást, a memóriát és az immunitást.

A következő pontra. Jegyezd meg: A Hold azért világít, mert a Nap fényét tükrözi. Ez is számít. Tény: Az évszakok a tengely dőléséből jönnek: mindegyik félteke felváltva dől a Nap felé. Még egy tény. Tudtad? A hűtő hőt pumpál belülről kifelé hűtőközeggel: belül elpárolog, hőt felvesz, kint lead. Ez is számít.

Tudtad? A levelek zöldek klorofill miatt, a fotoszintézis pigmentje. Még egy tény. Tény: Az elem kémiai energiát alakít elektromossá. Még egy tény. Röviden: Az app program, általában telefonra, pl. üzenetek, fotók vagy játékok. Folytatjuk. A böngésző a program, amivel weboldalakat nyitsz, pl. Chrome, Firefox, Edge vagy Safari.

Folytatjuk. Tudtad? A felhő szerverek az interneten, ahol adatot tartasz és szolgáltatást használsz. Ez is számít. Biztos: A mézet a méhek virágnektárból készítik.

A szöveg vége. Szép munka."
272,"Természet, tudomány és technika – 32. rész","Ez a szöveg fontos tényeket mutat be. Olvasd nyugodtan.

Röviden: Az alvás segíti a regenerálódást, a memóriát és az immunitást. Még egy tény. Jegyezd meg: A levegő gázkeverék, főleg nitrogén és oxigén. Ez is számít. Röviden: A hűtő hőt pumpál belülről kifelé hűtőközeggel: belül elpárolog, hőt felvesz, kint lead. A következő pontra. Röviden: A láz emelkedett testhőmérséklet, gyakran fertőzések elleni védekezés.

Ennyi erről. Biztos: Kb. 2 percig, naponta kétszer. Folytatjuk. Tény: A levegő gázkeverék, főleg nitrogén és oxigén. Folytatjuk. Jegyezd meg: A vírus apró kórokozó, amely gazdasejt nélkül nem szaporodik. A következő pontra.

Tény: Az újrahasznosítás hulladékot gyűjt, hogy új termékeket készítsen. Ez is számít. Tudtad? Az üvegházhatás tartja a hőt. Túl sok gáz melegíti az éghajlatot. Még egy tény. Tény: Az emlősöknek szőrük van, élő utódot szülnek és tejjel táplálják. Ez is számít. Jó tudni: Az elem kémiai energiát alakít elektromossá.

Ez is számít. Biztos: Az eső párolgással keletkezik: víz felszáll, hűl, felhőt képez és cseppekben esik. Ez is számít. Jó tudni: A napelemek a fényt közvetlenül árammá alakítják.

Vége ennek az áttekintésnek."
273,"Természet, tudomány és technika – 33. rész","Ez a szöveg lépésről lépésre magyaráz.

Tény: Az erős jelszó hosszú, szolgáltatásonként egyedi és kezelőben tartott. Tovább. Biztos: A Wi-Fi vezeték nélküli helyi háló internetre kábelek nélkül. Folytatjuk. Jó tudni: A láz emelkedett testhőmérséklet, gyakran fertőzések elleni védekezés. Folytatjuk. Jegyezd meg: Az app program, általában telefonra, pl. üzenetek, fotók vagy játékok.

Még egy tény. Tudtad? A méhek beporozzák a növényeket, biztosítva terméseket és sokféleséget. Még egy tény. Tudtad? A napelemek a fényt közvetlenül árammá alakítják. Tovább. Tény: Az évszakok a tengely dőléséből jönnek: mindegyik félteke felváltva dől a Nap felé. Tovább.

Röviden: A fotoszintézis fényből, vízből és CO2-ből cukrot és oxigént készít. A következő pontra. Jó tudni: A levelek zöldek klorofill miatt, a fotoszintézis pigmentje. Folytatjuk. Biztos: Naprendszerünkben 8 bolygó van: Merkúr, Vénusz, Föld, Mars, Jupiter, Szaturnusz, Uránusz, Neptunusz. Ez is számít. Jegyezd meg: Az elem kémiai energiát alakít elektromossá.

Tovább. Jegyezd meg: Az áram egyszerűen töltések irányított mozgása, általában vezetékben elektronok. Ez is számít. Az emlősöknek szőrük van, élő utódot szülnek és tejjel táplálják.

Most már ismered a tényeket."
274,"Természet, tudomány és technika – 34. rész","Itt rendezett tudást tanulsz. Ne siess.

Tudtad? A tüdő oxigént vesz fel és szén-dioxidot ad le. Folytatjuk. Röviden: Földrengés akkor van, amikor a lemezek hirtelen mozognak és energiát szabadítanak. A következő pontra. Tudtad? A láz emelkedett testhőmérséklet, gyakran fertőzések elleni védekezés. Még egy tény. A vírus apró kórokozó, amely gazdasejt nélkül nem szaporodik.

Ennyi erről. Jó tudni: A láz emelkedett testhőmérséklet, gyakran fertőzések elleni védekezés. Még egy tény. Tudtad? Nappal és éjjel azért van, mert a Föld forog. A napos oldal nappal, a másik éjjel. Tovább. Biztos: Az atom az anyag legkisebb egysége, magból és elektronokból. Ez is számít.

A böngésző a program, amivel weboldalakat nyitsz, pl. Chrome, Firefox, Edge vagy Safari. Még egy tény. A levelek zöldek klorofill miatt, a fotoszintézis pigmentje. Még egy tény. Tudtad? A Wi-Fi vezeték nélküli helyi háló internetre kábelek nélkül. Folytatjuk. Jó tudni: Az elem kémiai energiát alakít elektromossá.

Még egy tény. Tény: Az eső párolgással keletkezik: víz felszáll, hűl, felhőt képez és cseppekben esik. Ez is számít. Tudtad? A vírus apró kórokozó, amely gazdasejt nélkül nem szaporodik.

Ez volt a lényeg."
275,"Természet, tudomány és technika – 35. rész","Ez a szöveg fontos tényeket mutat be. Olvasd nyugodtan.

Az ég kék Rayleigh-szórás miatt: a kék fény jobban szóródik mint a vörös. Tovább. Jegyezd meg: Naprendszerünkben 8 bolygó van: Merkúr, Vénusz, Föld, Mars, Jupiter, Szaturnusz, Uránusz, Neptunusz. Folytatjuk. Az atom az anyag legkisebb egysége, magból és elektronokból. Ennyi erről. Jó tudni: A Wi-Fi vezeték nélküli helyi háló internetre kábelek nélkül.

Még egy tény. Biztos: A vírus terjedő és károsító káros program. Védd frissítésekkel és óvatossággal. A következő pontra. Tény: Az időjárás rövid állapot; az éghajlat kb. 30 év átlaga. Ez is számít. Jó tudni: A böngésző a program, amivel weboldalakat nyitsz, pl. Chrome, Firefox, Edge vagy Safari. Tovább.

Jó tudni: A mézet a méhek virágnektárból készítik. A következő pontra. Jegyezd meg: A levegő gázkeverék, főleg nitrogén és oxigén. Ennyi erről. Röviden: A Wi-Fi vezeték nélküli helyi háló internetre kábelek nélkül. Ez is számít. Tudtad? Az eső párolgással keletkezik: víz felszáll, hűl, felhőt képez és cseppekben esik.

A következő pontra. Biztos: Az atom az anyag legkisebb egysége, magból és elektronokból. Ennyi erről. Biztos: A műanyag alig bomlik, szemeteli a természetet és tengereket, mikroműanyaggá válik.

Most már ismered a tényeket."
276,"Természet, tudomány és technika – 36. rész","Ez a szöveg fontos tényeket mutat be. Olvasd nyugodtan.

Tény: Nappal és éjjel azért van, mert a Föld forog. A napos oldal nappal, a másik éjjel. A következő pontra. Biztos: A Hold azért világít, mert a Nap fényét tükrözi. Folytatjuk. Tény: A levegő gázkeverék, főleg nitrogén és oxigén. Folytatjuk. Biztos: Az évszakok a tengely dőléséből jönnek: mindegyik félteke felváltva dől a Nap felé.

Folytatjuk. Röviden: A vírus apró kórokozó, amely gazdasejt nélkül nem szaporodik. Tovább. Biztos: Az újrahasznosítás hulladékot gyűjt, hogy új termékeket készítsen. Ez is számít. Tudtad? Az újrahasznosítás hulladékot gyűjt, hogy új termékeket készítsen. Folytatjuk.

Jó tudni: Naprendszerünkben 8 bolygó van: Merkúr, Vénusz, Föld, Mars, Jupiter, Szaturnusz, Uránusz, Neptunusz. Ennyi erről. Röviden: A Wi-Fi vezeték nélküli helyi háló internetre kábelek nélkül. Még egy tény. Tény: A mesterséges intelligencia adatokból tanuló, mintákat felismerő és feladatokat megoldó programok. A következő pontra. Tudtad? A Nap forró gázcsillag, fényt és hőt ad.

Még egy tény. Tény: A Hold azért világít, mert a Nap fényét tükrözi. A következő pontra. Tény: Az évszakok a tengely dőléséből jönnek: mindegyik félteke felváltva dől a Nap felé.

Most már ismered a tényeket."
277,"Természet, tudomány és technika – 37. rész","Ez a szöveg fontos tényeket mutat be. Olvasd nyugodtan.

Jó tudni: Az emlősöknek szőrük van, élő utódot szülnek és tejjel táplálják. Folytatjuk. Biztos: A böngésző a program, amivel weboldalakat nyitsz, pl. Chrome, Firefox, Edge vagy Safari. Ennyi erről. Tény: Az atom az anyag legkisebb egysége, magból és elektronokból. A következő pontra. Tudtad? Az áram egyszerűen töltések irányított mozgása, általában vezetékben elektronok.

Még egy tény. A láz emelkedett testhőmérséklet, gyakran fertőzések elleni védekezés. Folytatjuk. Tudtad? A napelemek a fényt közvetlenül árammá alakítják. Folytatjuk. Tudtad? A műanyag alig bomlik, szemeteli a természetet és tengereket, mikroműanyaggá válik. Folytatjuk.

Tény: A GPS műholdjelekből és utazási idejükből találja a pozíciót. Tovább. Tény: Naprendszerünkben 8 bolygó van: Merkúr, Vénusz, Föld, Mars, Jupiter, Szaturnusz, Uránusz, Neptunusz. Folytatjuk. Röviden: A víz stabilizálja a keringést és a fókuszt, segíti a vesét és a bőrt, megelőzi a fejfájást. Tovább. Jegyezd meg: Az időjárás rövid állapot; az éghajlat kb. 30 év átlaga.

Ennyi erről. Jegyezd meg: A láz emelkedett testhőmérséklet, gyakran fertőzések elleni védekezés. Ennyi erről. Röviden: A méhek beporozzák a növényeket, biztosítva terméseket és sokféleséget.

A szöveg vége. Szép munka."
278,"Természet, tudomány és technika – 38. rész","Ez a szöveg lépésről lépésre magyaráz.

Tény: Az elem kémiai energiát alakít elektromossá. Folytatjuk. Biztos: A víz stabilizálja a keringést és a fókuszt, segíti a vesét és a bőrt, megelőzi a fejfájást. Még egy tény. Jegyezd meg: A gravitáció tömegek vonzása. A Föld mindent lefelé vonz, ezért esnek a dolgok. Ennyi erről. Jó tudni: A gravitáció tömegek vonzása. A Föld mindent lefelé vonz, ezért esnek a dolgok.

Ez is számít. Tudtad? Nappal és éjjel azért van, mert a Föld forog. A napos oldal nappal, a másik éjjel. Tovább. Jó tudni: A hűtő hőt pumpál belülről kifelé hűtőközeggel: belül elpárolog, hőt felvesz, kint lead. Folytatjuk. Jegyezd meg: A fotoszintézis fényből, vízből és CO2-ből cukrot és oxigént készít. Tovább.

Jó tudni: A mesterséges intelligencia adatokból tanuló, mintákat felismerő és feladatokat megoldó programok. A következő pontra. Röviden: A méhek beporozzák a növényeket, biztosítva terméseket és sokféleséget. Folytatjuk. Röviden: Az üvegházhatás tartja a hőt. Túl sok gáz melegíti az éghajlatot. Még egy tény. Tudtad? A napelemek a fényt közvetlenül árammá alakítják.

A következő pontra. Biztos: Az időjárás rövid állapot; az éghajlat kb. 30 év átlaga. Ez is számít. Tény: Nappal és éjjel azért van, mert a Föld forog. A napos oldal nappal, a másik éjjel.

A szöveg vége. Szép munka."
279,"Természet, tudomány és technika – 39. rész","Itt rendezett tudást tanulsz. Ne siess.

Az erős jelszó hosszú, szolgáltatásonként egyedi és kezelőben tartott. Ennyi erről. Biztos: A vírus apró kórokozó, amely gazdasejt nélkül nem szaporodik. Ennyi erről. Röviden: A méhek beporozzák a növényeket, biztosítva terméseket és sokféleséget. A következő pontra. Jegyezd meg: A levegő gázkeverék, főleg nitrogén és oxigén.

Tovább. A Hold azért világít, mert a Nap fényét tükrözi. Még egy tény. A napelemek a fényt közvetlenül árammá alakítják. Még egy tény. Tény: A mézet a méhek virágnektárból készítik. Folytatjuk.

Jó tudni: A víz stabilizálja a keringést és a fókuszt, segíti a vesét és a bőrt, megelőzi a fejfájást. Folytatjuk. Röviden: Az újrahasznosítás hulladékot gyűjt, hogy új termékeket készítsen. Tovább. Tudtad? Nappal és éjjel azért van, mert a Föld forog. A napos oldal nappal, a másik éjjel. Tovább. Tény: A láz emelkedett testhőmérséklet, gyakran fertőzések elleni védekezés.

Tovább. Tudtad? Az elem kémiai energiát alakít elektromossá. Tovább. Jegyezd meg: A méhek beporozzák a növényeket, biztosítva terméseket és sokféleséget.

A szöveg vége. Szép munka."
280,"Természet, tudomány és technika – 40. rész","Ez a szöveg lépésről lépésre magyaráz.

Jó tudni: A szív vért pumpál az egész testben. Még egy tény. Tény: A Nap forró gázcsillag, fényt és hőt ad. Folytatjuk. Jegyezd meg: A Hold azért világít, mert a Nap fényét tükrözi. Ennyi erről. Tudtad? Az atom az anyag legkisebb egysége, magból és elektronokból.

Ez is számít. Tény: A Wi-Fi vezeték nélküli helyi háló internetre kábelek nélkül. Ez is számít. A mesterséges intelligencia adatokból tanuló, mintákat felismerő és feladatokat megoldó programok. Ennyi erről. Jegyezd meg: A szív vért pumpál az egész testben. Tovább.

Tudtad? A műanyag alig bomlik, szemeteli a természetet és tengereket, mikroműanyaggá válik. Ennyi erről. Jegyezd meg: A napelemek a fényt közvetlenül árammá alakítják. Ennyi erről. Röviden: A víz stabilizálja a keringést és a fókuszt, segíti a vesét és a bőrt, megelőzi a fejfájást. Ez is számít. Jó tudni: Az időjárás rövid állapot; az éghajlat kb. 30 év átlaga.

Még egy tény. Röviden: A GPS műholdjelekből és utazási idejükből találja a pozíciót. Tovább. Biztos: Nappal és éjjel azért van, mert a Föld forog. A napos oldal nappal, a másik éjjel.

Most már ismered a tényeket."
281,"Természet, tudomány és technika – 41. rész","Ez a szöveg fontos tényeket mutat be. Olvasd nyugodtan.

Jegyezd meg: A felhő szerverek az interneten, ahol adatot tartasz és szolgáltatást használsz. Ennyi erről. Röviden: Az alvás segíti a regenerálódást, a memóriát és az immunitást. Ennyi erről. Tény: A víz H2O, hidrogén és oxigén vegyülete. A következő pontra. Jegyezd meg: A Nap forró gázcsillag, fényt és hőt ad.

A következő pontra. Jó tudni: A tüdő oxigént vesz fel és szén-dioxidot ad le. A következő pontra. A GPS műholdjelekből és utazási idejükből találja a pozíciót. A következő pontra. Jegyezd meg: Az alvás segíti a regenerálódást, a memóriát és az immunitást. Ez is számít.

Tény: Az erős jelszó hosszú, szolgáltatásonként egyedi és kezelőben tartott. Tovább. Jó tudni: Az elem kémiai energiát alakít elektromossá. Még egy tény. Biztos: Az ég kék Rayleigh-szórás miatt: a kék fény jobban szóródik mint a vörös. Még egy tény. Röviden: A szív vért pumpál az egész testben.

Még egy tény. Tudtad? A műanyag alig bomlik, szemeteli a természetet és tengereket, mikroműanyaggá válik. Tovább. Az atom az anyag legkisebb egysége, magból és elektronokból.

A szöveg vége. Szép munka."
282,"Természet, tudomány és technika – 42. rész","Alább ellenőrzött tudást találsz.

Jó tudni: Az alvás segíti a regenerálódást, a memóriát és az immunitást. Ez is számít. Biztos: Az atom az anyag legkisebb egysége, magból és elektronokból. Ennyi erről. Jegyezd meg: A napelemek a fényt közvetlenül árammá alakítják. Tovább. Jegyezd meg: A böngésző a program, amivel weboldalakat nyitsz, pl. Chrome, Firefox, Edge vagy Safari.

Ez is számít. Biztos: A levelek zöldek klorofill miatt, a fotoszintézis pigmentje. Folytatjuk. Röviden: Az évszakok a tengely dőléséből jönnek: mindegyik félteke felváltva dől a Nap felé. Folytatjuk. A fotoszintézis fényből, vízből és CO2-ből cukrot és oxigént készít. Még egy tény.

Biztos: Az ég kék Rayleigh-szórás miatt: a kék fény jobban szóródik mint a vörös. Ennyi erről. Tény: A méhek beporozzák a növényeket, biztosítva terméseket és sokféleséget. Ez is számít. Tény: A levegő gázkeverék, főleg nitrogén és oxigén. Ennyi erről. Jegyezd meg: A felhő szerverek az interneten, ahol adatot tartasz és szolgáltatást használsz.

Még egy tény. Tudtad? A mesterséges intelligencia adatokból tanuló, mintákat felismerő és feladatokat megoldó programok. Folytatjuk. A böngésző a program, amivel weboldalakat nyitsz, pl. Chrome, Firefox, Edge vagy Safari.

Ez volt a lényeg."
283,"Természet, tudomány és technika – 43. rész","Alább ellenőrzött tudást találsz.

Röviden: Az ég kék Rayleigh-szórás miatt: a kék fény jobban szóródik mint a vörös. Még egy tény. Jó tudni: A láz emelkedett testhőmérséklet, gyakran fertőzések elleni védekezés. Ez is számít. Tény: A Wi-Fi vezeték nélküli helyi háló internetre kábelek nélkül. Még egy tény. Jó tudni: A levegő gázkeverék, főleg nitrogén és oxigén.

Tovább. Röviden: Az app program, általában telefonra, pl. üzenetek, fotók vagy játékok. Tovább. Tudtad? Az elem kémiai energiát alakít elektromossá. Tovább. Röviden: Az újrahasznosítás hulladékot gyűjt, hogy új termékeket készítsen. Folytatjuk.

Jegyezd meg: Földrengés akkor van, amikor a lemezek hirtelen mozognak és energiát szabadítanak. Ennyi erről. Tény: Az évszakok a tengely dőléséből jönnek: mindegyik félteke felváltva dől a Nap felé. A következő pontra. Jó tudni: Nappal és éjjel azért van, mert a Föld forog. A napos oldal nappal, a másik éjjel. Ennyi erről. Jegyezd meg: Az évszakok a tengely dőléséből jönnek: mindegyik félteke felváltva dől a Nap felé.

Tovább. Röviden: A tüdő oxigént vesz fel és szén-dioxidot ad le. Folytatjuk. Nappal és éjjel azért van, mert a Föld forog. A napos oldal nappal, a másik éjjel.

A szöveg vége. Szép munka."
284,"Természet, tudomány és technika – 44. rész","Ez a szöveg fontos tényeket mutat be. Olvasd nyugodtan.

Tudtad? Az app program, általában telefonra, pl. üzenetek, fotók vagy játékok. A következő pontra. Röviden: Az erős jelszó hosszú, szolgáltatásonként egyedi és kezelőben tartott. Ez is számít. Jó tudni: Az elem kémiai energiát alakít elektromossá. Tovább. Jegyezd meg: A felhő szerverek az interneten, ahol adatot tartasz és szolgáltatást használsz.

A következő pontra. Biztos: A víz H2O, hidrogén és oxigén vegyülete. Tovább. Tudtad? A levelek zöldek klorofill miatt, a fotoszintézis pigmentje. Tovább. Az app program, általában telefonra, pl. üzenetek, fotók vagy játékok. A következő pontra.

Röviden: A víz stabilizálja a keringést és a fókuszt, segíti a vesét és a bőrt, megelőzi a fejfájást. Ennyi erről. Naprendszerünkben 8 bolygó van: Merkúr, Vénusz, Föld, Mars, Jupiter, Szaturnusz, Uránusz, Neptunusz. Még egy tény. Tény: Az ég kék Rayleigh-szórás miatt: a kék fény jobban szóródik mint a vörös. Ez is számít. A Hold azért világít, mert a Nap fényét tükrözi.

Ez is számít. Jegyezd meg: Nappal és éjjel azért van, mert a Föld forog. A napos oldal nappal, a másik éjjel. Folytatjuk. Tény: Az app program, általában telefonra, pl. üzenetek, fotók vagy játékok.

Most már ismered a tényeket."
285,"Természet, tudomány és technika – 45. rész","Itt rendezett tudást tanulsz. Ne siess.

Tudtad? Naprendszerünkben 8 bolygó van: Merkúr, Vénusz, Föld, Mars, Jupiter, Szaturnusz, Uránusz, Neptunusz. Ennyi erről. Röviden: A vírus apró kórokozó, amely gazdasejt nélkül nem szaporodik. A következő pontra. Tudtad? Az alvás segíti a regenerálódást, a memóriát és az immunitást. A következő pontra. Jegyezd meg: A fotoszintézis fényből, vízből és CO2-ből cukrot és oxigént készít.

Ennyi erről. Jó tudni: Az üvegházhatás tartja a hőt. Túl sok gáz melegíti az éghajlatot. Tovább. Jegyezd meg: A böngésző a program, amivel weboldalakat nyitsz, pl. Chrome, Firefox, Edge vagy Safari. Tovább. Tudtad? Az atom az anyag legkisebb egysége, magból és elektronokból. Ennyi erről.

Röviden: A víz stabilizálja a keringést és a fókuszt, segíti a vesét és a bőrt, megelőzi a fejfájást. Ennyi erről. Röviden: Az emlősöknek szőrük van, élő utódot szülnek és tejjel táplálják. Folytatjuk. Jó tudni: Földrengés akkor van, amikor a lemezek hirtelen mozognak és energiát szabadítanak. Ez is számít. Jegyezd meg: A vírus apró kórokozó, amely gazdasejt nélkül nem szaporodik.

Tovább. Jó tudni: Az évszakok a tengely dőléséből jönnek: mindegyik félteke felváltva dől a Nap felé. Ennyi erről. Jegyezd meg: A levegő gázkeverék, főleg nitrogén és oxigén.

Vége ennek az áttekintésnek."
286,"Természet, tudomány és technika – 46. rész","Itt rendezett tudást tanulsz. Ne siess.

Az áram egyszerűen töltések irányított mozgása, általában vezetékben elektronok. Ez is számít. Jó tudni: Az alvás segíti a regenerálódást, a memóriát és az immunitást. A következő pontra. Az atom az anyag legkisebb egysége, magból és elektronokból. Ennyi erről. A mézet a méhek virágnektárból készítik.

A következő pontra. A Hold azért világít, mert a Nap fényét tükrözi. Tovább. Jó tudni: Az eső párolgással keletkezik: víz felszáll, hűl, felhőt képez és cseppekben esik. Még egy tény. A víz H2O, hidrogén és oxigén vegyülete. Folytatjuk.

Biztos: A felhő szerverek az interneten, ahol adatot tartasz és szolgáltatást használsz. Folytatjuk. Jegyezd meg: A Hold azért világít, mert a Nap fényét tükrözi. Még egy tény. Tudtad? A Nap forró gázcsillag, fényt és hőt ad. Tovább. Tény: Kb. 2 percig, naponta kétszer.

Tovább. Jó tudni: Az üvegházhatás tartja a hőt. Túl sok gáz melegíti az éghajlatot. Még egy tény. Röviden: Nappal és éjjel azért van, mert a Föld forog. A napos oldal nappal, a másik éjjel.

Ez volt a lényeg."
287,"Természet, tudomány és technika – 47. rész","Itt rendezett tudást tanulsz. Ne siess.

A böngésző a program, amivel weboldalakat nyitsz, pl. Chrome, Firefox, Edge vagy Safari. Még egy tény. Jegyezd meg: A víz stabilizálja a keringést és a fókuszt, segíti a vesét és a bőrt, megelőzi a fejfájást. Ennyi erről. Biztos: A hűtő hőt pumpál belülről kifelé hűtőközeggel: belül elpárolog, hőt felvesz, kint lead. A következő pontra. Jó tudni: Az újrahasznosítás hulladékot gyűjt, hogy új termékeket készítsen.

Még egy tény. Röviden: A műanyag alig bomlik, szemeteli a természetet és tengereket, mikroműanyaggá válik. Ennyi erről. Biztos: Az emlősöknek szőrük van, élő utódot szülnek és tejjel táplálják. Folytatjuk. Jó tudni: Az atom az anyag legkisebb egysége, magból és elektronokból. Ez is számít.

Tény: A méhek beporozzák a növényeket, biztosítva terméseket és sokféleséget. Tovább. Tény: A vírus terjedő és károsító káros program. Védd frissítésekkel és óvatossággal. Még egy tény. Biztos: A méhek beporozzák a növényeket, biztosítva terméseket és sokféleséget. Ez is számít. Biztos: Az újrahasznosítás hulladékot gyűjt, hogy új termékeket készítsen.

Még egy tény. Tény: A fotoszintézis fényből, vízből és CO2-ből cukrot és oxigént készít. Ez is számít. Jegyezd meg: A gravitáció tömegek vonzása. A Föld mindent lefelé vonz, ezért esnek a dolgok.

A szöveg vége. Szép munka."
288,"Természet, tudomány és technika – 48. rész","Ez a szöveg lépésről lépésre magyaráz.

Jegyezd meg: Az alvás segíti a regenerálódást, a memóriát és az immunitást. Ennyi erről. Jó tudni: A szív vért pumpál az egész testben. Ennyi erről. Jó tudni: Kb. 2 percig, naponta kétszer. Ennyi erről. Tudtad? A víz H2O, hidrogén és oxigén vegyülete.

Ennyi erről. Jegyezd meg: A levelek zöldek klorofill miatt, a fotoszintézis pigmentje. Ez is számít. Tudtad? Az atom az anyag legkisebb egysége, magból és elektronokból. Ennyi erről. Tény: A GPS műholdjelekből és utazási idejükből találja a pozíciót. A következő pontra.

Jó tudni: A láz emelkedett testhőmérséklet, gyakran fertőzések elleni védekezés. Tovább. Nappal és éjjel azért van, mert a Föld forog. A napos oldal nappal, a másik éjjel. Folytatjuk. Az üvegházhatás tartja a hőt. Túl sok gáz melegíti az éghajlatot. Még egy tény. Jó tudni: A Wi-Fi vezeték nélküli helyi háló internetre kábelek nélkül.

Folytatjuk. Biztos: A vírus apró kórokozó, amely gazdasejt nélkül nem szaporodik. Folytatjuk. Tudtad? A gravitáció tömegek vonzása. A Föld mindent lefelé vonz, ezért esnek a dolgok.

A szöveg vége. Szép munka."
289,"Természet, tudomány és technika – 49. rész","Ez a szöveg lépésről lépésre magyaráz.

Tudtad? Az erős jelszó hosszú, szolgáltatásonként egyedi és kezelőben tartott. Még egy tény. Jó tudni: A mézet a méhek virágnektárból készítik. Ez is számít. Jegyezd meg: A vírus apró kórokozó, amely gazdasejt nélkül nem szaporodik. A következő pontra. Jegyezd meg: A napelemek a fényt közvetlenül árammá alakítják.

Folytatjuk. A GPS műholdjelekből és utazási idejükből találja a pozíciót. A következő pontra. Jegyezd meg: Az erős jelszó hosszú, szolgáltatásonként egyedi és kezelőben tartott. Tovább. Jó tudni: A böngésző a program, amivel weboldalakat nyitsz, pl. Chrome, Firefox, Edge vagy Safari. Folytatjuk.

Tény: A Hold azért világít, mert a Nap fényét tükrözi. A következő pontra. Jegyezd meg: A böngésző a program, amivel weboldalakat nyitsz, pl. Chrome, Firefox, Edge vagy Safari. Ennyi erről. Tudtad? A Nap forró gázcsillag, fényt és hőt ad. Tovább. Jó tudni: Nappal és éjjel azért van, mert a Föld forog. A napos oldal nappal, a másik éjjel.

Tovább. Biztos: Az időjárás rövid állapot; az éghajlat kb. 30 év átlaga. A következő pontra. Jegyezd meg: Az áram egyszerűen töltések irányított mozgása, általában vezetékben elektronok.

Vége ennek az áttekintésnek."
290,"Természet, tudomány és technika – 50. rész","Alább ellenőrzött tudást találsz.

Tudtad? A vírus apró kórokozó, amely gazdasejt nélkül nem szaporodik. Folytatjuk. A víz H2O, hidrogén és oxigén vegyülete. Ennyi erről. Jegyezd meg: Az erős jelszó hosszú, szolgáltatásonként egyedi és kezelőben tartott. Tovább. A láz emelkedett testhőmérséklet, gyakran fertőzések elleni védekezés.

Még egy tény. Jó tudni: A mézet a méhek virágnektárból készítik. Ennyi erről. Tudtad? A böngésző a program, amivel weboldalakat nyitsz, pl. Chrome, Firefox, Edge vagy Safari. Tovább. A böngésző a program, amivel weboldalakat nyitsz, pl. Chrome, Firefox, Edge vagy Safari. Még egy tény.

Biztos: Naprendszerünkben 8 bolygó van: Merkúr, Vénusz, Föld, Mars, Jupiter, Szaturnusz, Uránusz, Neptunusz. A következő pontra. Biztos: A Nap forró gázcsillag, fényt és hőt ad. Ennyi erről. Tudtad? Az üvegházhatás tartja a hőt. Túl sok gáz melegíti az éghajlatot. Ez is számít. Tény: Az időjárás rövid állapot; az éghajlat kb. 30 év átlaga.

Tovább. Jegyezd meg: A Wi-Fi vezeték nélküli helyi háló internetre kábelek nélkül. Még egy tény. Röviden: A levelek zöldek klorofill miatt, a fotoszintézis pigmentje.

Ez volt a lényeg."
291,"Természet, tudomány és technika – 51. rész","Itt rendezett tudást tanulsz. Ne siess.

Az újrahasznosítás hulladékot gyűjt, hogy új termékeket készítsen. Ez is számít. A hűtő hőt pumpál belülről kifelé hűtőközeggel: belül elpárolog, hőt felvesz, kint lead. Ez is számít. Tudtad? A böngésző a program, amivel weboldalakat nyitsz, pl. Chrome, Firefox, Edge vagy Safari. Folytatjuk. Tény: Az eső párolgással keletkezik: víz felszáll, hűl, felhőt képez és cseppekben esik.

Ez is számít. Az ég kék Rayleigh-szórás miatt: a kék fény jobban szóródik mint a vörös. A következő pontra. Jegyezd meg: A vírus terjedő és károsító káros program. Védd frissítésekkel és óvatossággal. Még egy tény. Röviden: Nappal és éjjel azért van, mert a Föld forog. A napos oldal nappal, a másik éjjel. Ez is számít.

Röviden: A hűtő hőt pumpál belülről kifelé hűtőközeggel: belül elpárolog, hőt felvesz, kint lead. Még egy tény. Jegyezd meg: A levegő gázkeverék, főleg nitrogén és oxigén. Tovább. Jó tudni: Az alvás segíti a regenerálódást, a memóriát és az immunitást. Folytatjuk. Jegyezd meg: A Wi-Fi vezeték nélküli helyi háló internetre kábelek nélkül.

Folytatjuk. Tény: Az atom az anyag legkisebb egysége, magból és elektronokból. Ez is számít. Tény: Az üvegházhatás tartja a hőt. Túl sok gáz melegíti az éghajlatot.

Ez volt a lényeg."
292,"Természet, tudomány és technika – 52. rész","Itt rendezett tudást tanulsz. Ne siess.

Jó tudni: Az ég kék Rayleigh-szórás miatt: a kék fény jobban szóródik mint a vörös. Még egy tény. A felhő szerverek az interneten, ahol adatot tartasz és szolgáltatást használsz. Ennyi erről. Jegyezd meg: A méhek beporozzák a növényeket, biztosítva terméseket és sokféleséget. A következő pontra. Jegyezd meg: Az erős jelszó hosszú, szolgáltatásonként egyedi és kezelőben tartott.

Ennyi erről. Tény: A GPS műholdjelekből és utazási idejükből találja a pozíciót. Tovább. Biztos: Az újrahasznosítás hulladékot gyűjt, hogy új termékeket készítsen. Tovább. Biztos: A műanyag alig bomlik, szemeteli a természetet és tengereket, mikroműanyaggá válik. Folytatjuk.

Az újrahasznosítás hulladékot gyűjt, hogy új termékeket készítsen. Folytatjuk. Tény: A mesterséges intelligencia adatokból tanuló, mintákat felismerő és feladatokat megoldó programok. Folytatjuk. Biztos: Nappal és éjjel azért van, mert a Föld forog. A napos oldal nappal, a másik éjjel. Ennyi erről. Tudtad? A Wi-Fi vezeték nélküli helyi háló internetre kábelek nélkül.

Ez is számít. Tudtad? Az alvás segíti a regenerálódást, a memóriát és az immunitást. A következő pontra. Tudtad? A böngésző a program, amivel weboldalakat nyitsz, pl. Chrome, Firefox, Edge vagy Safari.

Vége ennek az áttekintésnek."
293,"Természet, tudomány és technika – 53. rész","Itt rendezett tudást tanulsz. Ne siess.

Biztos: A levelek zöldek klorofill miatt, a fotoszintézis pigmentje. Ennyi erről. A levelek zöldek klorofill miatt, a fotoszintézis pigmentje. Ennyi erről. Röviden: A tüdő oxigént vesz fel és szén-dioxidot ad le. Ez is számít. Tény: A gravitáció tömegek vonzása. A Föld mindent lefelé vonz, ezért esnek a dolgok.

Tovább. Tény: A hűtő hőt pumpál belülről kifelé hűtőközeggel: belül elpárolog, hőt felvesz, kint lead. A következő pontra. Tény: A víz stabilizálja a keringést és a fókuszt, segíti a vesét és a bőrt, megelőzi a fejfájást. A következő pontra. Biztos: Kb. 2 percig, naponta kétszer. Ennyi erről.

Jó tudni: Az áram egyszerűen töltések irányított mozgása, általában vezetékben elektronok. Ez is számít. Biztos: A fotoszintézis fényből, vízből és CO2-ből cukrot és oxigént készít. A következő pontra. Az ég kék Rayleigh-szórás miatt: a kék fény jobban szóródik mint a vörös. A következő pontra. Az atom az anyag legkisebb egysége, magból és elektronokból.

Ez is számít. Tény: Az időjárás rövid állapot; az éghajlat kb. 30 év átlaga. Még egy tény. Tény: Az üvegházhatás tartja a hőt. Túl sok gáz melegíti az éghajlatot.

A szöveg vége. Szép munka."
294,"Természet, tudomány és technika – 54. rész","Ez a szöveg lépésről lépésre magyaráz.

Tudtad? Az időjárás rövid állapot; az éghajlat kb. 30 év átlaga. Tovább. Jó tudni: A Hold azért világít, mert a Nap fényét tükrözi. A következő pontra. Jó tudni: Nappal és éjjel azért van, mert a Föld forog. A napos oldal nappal, a másik éjjel. Tovább. Röviden: A mézet a méhek virágnektárból készítik.

Ennyi erről. Röviden: Nappal és éjjel azért van, mert a Föld forog. A napos oldal nappal, a másik éjjel. A következő pontra. Röviden: Az újrahasznosítás hulladékot gyűjt, hogy új termékeket készítsen. A következő pontra. Tudtad? Kb. 2 percig, naponta kétszer. Ez is számít.

Jegyezd meg: Nappal és éjjel azért van, mert a Föld forog. A napos oldal nappal, a másik éjjel. Még egy tény. Jó tudni: A vírus terjedő és károsító káros program. Védd frissítésekkel és óvatossággal. A következő pontra. Tudtad? Az áram egyszerűen töltések irányított mozgása, általában vezetékben elektronok. Ennyi erről. Tudtad? A láz emelkedett testhőmérséklet, gyakran fertőzések elleni védekezés.

Ez is számít. Röviden: Az ég kék Rayleigh-szórás miatt: a kék fény jobban szóródik mint a vörös. Tovább. Az atom az anyag legkisebb egysége, magból és elektronokból.

Vége ennek az áttekintésnek."
295,"Természet, tudomány és technika – 55. rész","Alább ellenőrzött tudást találsz.

Biztos: A levegő gázkeverék, főleg nitrogén és oxigén. Tovább. Biztos: A levelek zöldek klorofill miatt, a fotoszintézis pigmentje. Folytatjuk. Jó tudni: Az ég kék Rayleigh-szórás miatt: a kék fény jobban szóródik mint a vörös. Tovább. Jó tudni: Kb. 2 percig, naponta kétszer.

Még egy tény. Tudtad? A gravitáció tömegek vonzása. A Föld mindent lefelé vonz, ezért esnek a dolgok. A következő pontra. Tudtad? A vírus apró kórokozó, amely gazdasejt nélkül nem szaporodik. Tovább. Kb. 2 percig, naponta kétszer. Tovább.

Röviden: A Hold azért világít, mert a Nap fényét tükrözi. Folytatjuk. Jó tudni: Földrengés akkor van, amikor a lemezek hirtelen mozognak és energiát szabadítanak. Tovább. Biztos: Nappal és éjjel azért van, mert a Föld forog. A napos oldal nappal, a másik éjjel. Ennyi erről. Jegyezd meg: A szív vért pumpál az egész testben.

A következő pontra. Jegyezd meg: Az ég kék Rayleigh-szórás miatt: a kék fény jobban szóródik mint a vörös. Ennyi erről. Biztos: A víz stabilizálja a keringést és a fókuszt, segíti a vesét és a bőrt, megelőzi a fejfájást.

A szöveg vége. Szép munka."
296,"Természet, tudomány és technika – 56. rész","Ez a szöveg lépésről lépésre magyaráz.

Röviden: Az app program, általában telefonra, pl. üzenetek, fotók vagy játékok. Ennyi erről. Tudtad? A levegő gázkeverék, főleg nitrogén és oxigén. Folytatjuk. Röviden: A levegő gázkeverék, főleg nitrogén és oxigén. Ennyi erről. Jegyezd meg: A GPS műholdjelekből és utazási idejükből találja a pozíciót.

Ez is számít. Jó tudni: A vírus apró kórokozó, amely gazdasejt nélkül nem szaporodik. Folytatjuk. Tény: A vírus terjedő és károsító káros program. Védd frissítésekkel és óvatossággal. A következő pontra. Tudtad? A levelek zöldek klorofill miatt, a fotoszintézis pigmentje. Ennyi erről.

Biztos: A GPS műholdjelekből és utazási idejükből találja a pozíciót. A következő pontra. Jegyezd meg: A levelek zöldek klorofill miatt, a fotoszintézis pigmentje. Ez is számít. Jegyezd meg: A víz stabilizálja a keringést és a fókuszt, segíti a vesét és a bőrt, megelőzi a fejfájást. A következő pontra. Biztos: Az app program, általában telefonra, pl. üzenetek, fotók vagy játékok.

Ez is számít. Tudtad? A mézet a méhek virágnektárból készítik. Tovább. Röviden: A Hold azért világít, mert a Nap fényét tükrözi.

Most már ismered a tényeket."
297,"Természet, tudomány és technika – 57. rész","Ez a szöveg fontos tényeket mutat be. Olvasd nyugodtan.

Tudtad? A mesterséges intelligencia adatokból tanuló, mintákat felismerő és feladatokat megoldó programok. Tovább. Az erős jelszó hosszú, szolgáltatásonként egyedi és kezelőben tartott. Ez is számít. Az időjárás rövid állapot; az éghajlat kb. 30 év átlaga. A következő pontra. Jó tudni: A böngésző a program, amivel weboldalakat nyitsz, pl. Chrome, Firefox, Edge vagy Safari.

A következő pontra. Jegyezd meg: A vírus terjedő és károsító káros program. Védd frissítésekkel és óvatossággal. A következő pontra. Tudtad? Az elem kémiai energiát alakít elektromossá. Ennyi erről. Biztos: A vírus apró kórokozó, amely gazdasejt nélkül nem szaporodik. Ez is számít.

Jegyezd meg: A mézet a méhek virágnektárból készítik. A következő pontra. Jó tudni: Az eső párolgással keletkezik: víz felszáll, hűl, felhőt képez és cseppekben esik. Ez is számít. Biztos: A fotoszintézis fényből, vízből és CO2-ből cukrot és oxigént készít. Tovább. Röviden: Az erős jelszó hosszú, szolgáltatásonként egyedi és kezelőben tartott.

Folytatjuk. Tudtad? Az időjárás rövid állapot; az éghajlat kb. 30 év átlaga. Még egy tény. Jegyezd meg: A mesterséges intelligencia adatokból tanuló, mintákat felismerő és feladatokat megoldó programok.

Ez volt a lényeg."
298,"Természet, tudomány és technika – 58. rész","Ez a szöveg fontos tényeket mutat be. Olvasd nyugodtan.

Röviden: A Nap forró gázcsillag, fényt és hőt ad. Ennyi erről. Röviden: Földrengés akkor van, amikor a lemezek hirtelen mozognak és energiát szabadítanak. Tovább. Jó tudni: A láz emelkedett testhőmérséklet, gyakran fertőzések elleni védekezés. Még egy tény. Jó tudni: A méhek beporozzák a növényeket, biztosítva terméseket és sokféleséget.

A következő pontra. Tudtad? A láz emelkedett testhőmérséklet, gyakran fertőzések elleni védekezés. Még egy tény. Röviden: Az alvás segíti a regenerálódást, a memóriát és az immunitást. Folytatjuk. Jó tudni: Az eső párolgással keletkezik: víz felszáll, hűl, felhőt képez és cseppekben esik. A következő pontra.

Jegyezd meg: A tüdő oxigént vesz fel és szén-dioxidot ad le. Folytatjuk. Jegyezd meg: A vírus apró kórokozó, amely gazdasejt nélkül nem szaporodik. Ez is számít. A vírus apró kórokozó, amely gazdasejt nélkül nem szaporodik. Még egy tény. Tudtad? A gravitáció tömegek vonzása. A Föld mindent lefelé vonz, ezért esnek a dolgok.

Még egy tény. Tény: A gravitáció tömegek vonzása. A Föld mindent lefelé vonz, ezért esnek a dolgok. Folytatjuk. Tudtad? A fotoszintézis fényből, vízből és CO2-ből cukrot és oxigént készít.

Vége ennek az áttekintésnek."
299,"Természet, tudomány és technika – 59. rész","Itt rendezett tudást tanulsz. Ne siess.

Az app program, általában telefonra, pl. üzenetek, fotók vagy játékok. Folytatjuk. Biztos: Az eső párolgással keletkezik: víz felszáll, hűl, felhőt képez és cseppekben esik. Még egy tény. Tény: A GPS műholdjelekből és utazási idejükből találja a pozíciót. Ennyi erről. Tudtad? Az erős jelszó hosszú, szolgáltatásonként egyedi és kezelőben tartott.

A következő pontra. Röviden: Az emlősöknek szőrük van, élő utódot szülnek és tejjel táplálják. Folytatjuk. Röviden: Az alvás segíti a regenerálódást, a memóriát és az immunitást. Tovább. Röviden: A víz stabilizálja a keringést és a fókuszt, segíti a vesét és a bőrt, megelőzi a fejfájást. Ennyi erről.

Jó tudni: A tüdő oxigént vesz fel és szén-dioxidot ad le. Még egy tény. Tudtad? Az időjárás rövid állapot; az éghajlat kb. 30 év átlaga. Ez is számít. Röviden: Naprendszerünkben 8 bolygó van: Merkúr, Vénusz, Föld, Mars, Jupiter, Szaturnusz, Uránusz, Neptunusz. Tovább. Az áram egyszerűen töltések irányított mozgása, általában vezetékben elektronok.

Ez is számít. Tudtad? A GPS műholdjelekből és utazási idejükből találja a pozíciót. Folytatjuk. Biztos: Az évszakok a tengely dőléséből jönnek: mindegyik félteke felváltva dől a Nap felé.

Most már ismered a tényeket."
300,"Természet, tudomány és technika – 60. rész","Itt rendezett tudást tanulsz. Ne siess.

Tudtad? Az eső párolgással keletkezik: víz felszáll, hűl, felhőt képez és cseppekben esik. Még egy tény. Jegyezd meg: Földrengés akkor van, amikor a lemezek hirtelen mozognak és energiát szabadítanak. Ennyi erről. Jegyezd meg: A tüdő oxigént vesz fel és szén-dioxidot ad le. Folytatjuk. Tudtad? A víz H2O, hidrogén és oxigén vegyülete.

Ennyi erről. Biztos: Az emlősöknek szőrük van, élő utódot szülnek és tejjel táplálják. Tovább. Jegyezd meg: A böngésző a program, amivel weboldalakat nyitsz, pl. Chrome, Firefox, Edge vagy Safari. Tovább. Röviden: A láz emelkedett testhőmérséklet, gyakran fertőzések elleni védekezés. Ez is számít.

Jegyezd meg: Az évszakok a tengely dőléséből jönnek: mindegyik félteke felváltva dől a Nap felé. Ez is számít. Jegyezd meg: A vírus apró kórokozó, amely gazdasejt nélkül nem szaporodik. Tovább. Tény: A Hold azért világít, mert a Nap fényét tükrözi. Folytatjuk. Az emlősöknek szőrük van, élő utódot szülnek és tejjel táplálják.

Még egy tény. Jó tudni: Az időjárás rövid állapot; az éghajlat kb. 30 év átlaga. Még egy tény. Tudtad? A műanyag alig bomlik, szemeteli a természetet és tengereket, mikroműanyaggá válik.

Vége ennek az áttekintésnek."
301,"Természet, tudomány és technika – 61. rész","Alább ellenőrzött tudást találsz.

Jó tudni: A műanyag alig bomlik, szemeteli a természetet és tengereket, mikroműanyaggá válik. A következő pontra. Jó tudni: A GPS műholdjelekből és utazási idejükből találja a pozíciót. A következő pontra. Tény: A felhő szerverek az interneten, ahol adatot tartasz és szolgáltatást használsz. A következő pontra. Röviden: A levegő gázkeverék, főleg nitrogén és oxigén.

Tovább. Röviden: Az időjárás rövid állapot; az éghajlat kb. 30 év átlaga. Még egy tény. Tudtad? A Nap forró gázcsillag, fényt és hőt ad. Még egy tény. Jegyezd meg: Földrengés akkor van, amikor a lemezek hirtelen mozognak és energiát szabadítanak. Még egy tény.

Röviden: A tüdő oxigént vesz fel és szén-dioxidot ad le. Tovább. A tüdő oxigént vesz fel és szén-dioxidot ad le. Tovább. Jegyezd meg: Az app program, általában telefonra, pl. üzenetek, fotók vagy játékok. Folytatjuk. Jegyezd meg: A levelek zöldek klorofill miatt, a fotoszintézis pigmentje.

Tovább. Röviden: A fotoszintézis fényből, vízből és CO2-ből cukrot és oxigént készít. Tovább. Biztos: A méhek beporozzák a növényeket, biztosítva terméseket és sokféleséget.

Ez volt a lényeg."
302,"Természet, tudomány és technika – 62. rész","Ez a szöveg lépésről lépésre magyaráz.

Tudtad? A levegő gázkeverék, főleg nitrogén és oxigén. A következő pontra. Biztos: Az eső párolgással keletkezik: víz felszáll, hűl, felhőt képez és cseppekben esik. Még egy tény. Tudtad? A böngésző a program, amivel weboldalakat nyitsz, pl. Chrome, Firefox, Edge vagy Safari. Ez is számít. Biztos: Az időjárás rövid állapot; az éghajlat kb. 30 év átlaga.

Ennyi erről. Tény: Az elem kémiai energiát alakít elektromossá. Ez is számít. Röviden: A gravitáció tömegek vonzása. A Föld mindent lefelé vonz, ezért esnek a dolgok. Ennyi erről. A méhek beporozzák a növényeket, biztosítva terméseket és sokféleséget. A következő pontra.

A víz stabilizálja a keringést és a fókuszt, segíti a vesét és a bőrt, megelőzi a fejfájást. Tovább. Tény: A méhek beporozzák a növényeket, biztosítva terméseket és sokféleséget. Ennyi erről. Tudtad? A vírus apró kórokozó, amely gazdasejt nélkül nem szaporodik. Ez is számít. Tény: A levegő gázkeverék, főleg nitrogén és oxigén.

Folytatjuk. Röviden: Nappal és éjjel azért van, mert a Föld forog. A napos oldal nappal, a másik éjjel. Ennyi erről. Röviden: Az áram egyszerűen töltések irányított mozgása, általában vezetékben elektronok.

Vége ennek az áttekintésnek."
303,"Természet, tudomány és technika – 63. rész","Ez a szöveg fontos tényeket mutat be. Olvasd nyugodtan.

Tudtad? Az ég kék Rayleigh-szórás miatt: a kék fény jobban szóródik mint a vörös. Még egy tény. Tény: Az elem kémiai energiát alakít elektromossá. Ez is számít. Biztos: A böngésző a program, amivel weboldalakat nyitsz, pl. Chrome, Firefox, Edge vagy Safari. Még egy tény. A levegő gázkeverék, főleg nitrogén és oxigén.

Még egy tény. Jegyezd meg: Az évszakok a tengely dőléséből jönnek: mindegyik félteke felváltva dől a Nap felé. Ez is számít. Biztos: Az alvás segíti a regenerálódást, a memóriát és az immunitást. A következő pontra. Jegyezd meg: Az emlősöknek szőrük van, élő utódot szülnek és tejjel táplálják. A következő pontra.

Tény: A víz H2O, hidrogén és oxigén vegyülete. Ennyi erről. Jó tudni: A napelemek a fényt közvetlenül árammá alakítják. Még egy tény. A levelek zöldek klorofill miatt, a fotoszintézis pigmentje. A következő pontra. Az eső párolgással keletkezik: víz felszáll, hűl, felhőt képez és cseppekben esik.

A következő pontra. Tény: A böngésző a program, amivel weboldalakat nyitsz, pl. Chrome, Firefox, Edge vagy Safari. Tovább. Jó tudni: A műanyag alig bomlik, szemeteli a természetet és tengereket, mikroműanyaggá válik.

Vége ennek az áttekintésnek."
304,"Természet, tudomány és technika – 64. rész","Ez a szöveg lépésről lépésre magyaráz.

Tudtad? A levelek zöldek klorofill miatt, a fotoszintézis pigmentje. Tovább. Biztos: A gravitáció tömegek vonzása. A Föld mindent lefelé vonz, ezért esnek a dolgok. Ennyi erről. Röviden: A mesterséges intelligencia adatokból tanuló, mintákat felismerő és feladatokat megoldó programok. Ez is számít. Biztos: Az eső párolgással keletkezik: víz felszáll, hűl, felhőt képez és cseppekben esik.

Ez is számít. Tudtad? A mesterséges intelligencia adatokból tanuló, mintákat felismerő és feladatokat megoldó programok. Ennyi erről. Jegyezd meg: A Nap forró gázcsillag, fényt és hőt ad. Még egy tény. Jó tudni: A napelemek a fényt közvetlenül árammá alakítják. A következő pontra.

Tény: Naprendszerünkben 8 bolygó van: Merkúr, Vénusz, Föld, Mars, Jupiter, Szaturnusz, Uránusz, Neptunusz. A következő pontra. Jegyezd meg: A levegő gázkeverék, főleg nitrogén és oxigén. Ennyi erről. Biztos: A felhő szerverek az interneten, ahol adatot tartasz és szolgáltatást használsz. Folytatjuk. A Wi-Fi vezeték nélküli helyi háló internetre kábelek nélkül.

Folytatjuk. Röviden: Az atom az anyag legkisebb egysége, magból és elektronokból. Folytatjuk. Jegyezd meg: Az évszakok a tengely dőléséből jönnek: mindegyik félteke felváltva dől a Nap felé.

Vége ennek az áttekintésnek."
305,"Természet, tudomány és technika – 65. rész","Itt rendezett tudást tanulsz. Ne siess.

Biztos: A méhek beporozzák a növényeket, biztosítva terméseket és sokféleséget. Tovább. Jó tudni: Az app program, általában telefonra, pl. üzenetek, fotók vagy játékok. A következő pontra. Jó tudni: A levegő gázkeverék, főleg nitrogén és oxigén. Ez is számít. Tudtad? A Hold azért világít, mert a Nap fényét tükrözi.

Folytatjuk. Biztos: Naprendszerünkben 8 bolygó van: Merkúr, Vénusz, Föld, Mars, Jupiter, Szaturnusz, Uránusz, Neptunusz. Ennyi erről. Jó tudni: A levelek zöldek klorofill miatt, a fotoszintézis pigmentje. Még egy tény. Tény: A levelek zöldek klorofill miatt, a fotoszintézis pigmentje. Tovább.

Jegyezd meg: A műanyag alig bomlik, szemeteli a természetet és tengereket, mikroműanyaggá válik. Ez is számít. Röviden: A GPS műholdjelekből és utazási idejükből találja a pozíciót. Folytatjuk. Biztos: A gravitáció tömegek vonzása. A Föld mindent lefelé vonz, ezért esnek a dolgok. A következő pontra. Jegyezd meg: Az időjárás rövid állapot; az éghajlat kb. 30 év átlaga.

Ez is számít. A Wi-Fi vezeték nélküli helyi háló internetre kábelek nélkül. Ez is számít. Röviden: A felhő szerverek az interneten, ahol adatot tartasz és szolgáltatást használsz.

Ez volt a lényeg."
306,"Természet, tudomány és technika – 66. rész","Alább ellenőrzött tudást találsz.

Tudtad? Az újrahasznosítás hulladékot gyűjt, hogy új termékeket készítsen. A következő pontra. Jó tudni: A láz emelkedett testhőmérséklet, gyakran fertőzések elleni védekezés. Tovább. Tény: Naprendszerünkben 8 bolygó van: Merkúr, Vénusz, Föld, Mars, Jupiter, Szaturnusz, Uránusz, Neptunusz. Ennyi erről. Jó tudni: A Nap forró gázcsillag, fényt és hőt ad.

Folytatjuk. Biztos: A gravitáció tömegek vonzása. A Föld mindent lefelé vonz, ezért esnek a dolgok. A következő pontra. Tudtad? A Nap forró gázcsillag, fényt és hőt ad. Ez is számít. Tudtad? A napelemek a fényt közvetlenül árammá alakítják. Ez is számít.

A mesterséges intelligencia adatokból tanuló, mintákat felismerő és feladatokat megoldó programok. Még egy tény. Tény: Az eső párolgással keletkezik: víz felszáll, hűl, felhőt képez és cseppekben esik. Folytatjuk. Röviden: A GPS műholdjelekből és utazási idejükből találja a pozíciót. Ennyi erről. Naprendszerünkben 8 bolygó van: Merkúr, Vénusz, Föld, Mars, Jupiter, Szaturnusz, Uránusz, Neptunusz.

Ennyi erről. Jegyezd meg: A vírus terjedő és károsító káros program. Védd frissítésekkel és óvatossággal. Még egy tény. Tény: A levelek zöldek klorofill miatt, a fotoszintézis pigmentje.

Most már ismered a tényeket."
307,"Természet, tudomány és technika – 67. rész","Alább ellenőrzött tudást találsz.

Tény: A vírus apró kórokozó, amely gazdasejt nélkül nem szaporodik. Tovább. A GPS műholdjelekből és utazási idejükből találja a pozíciót. Folytatjuk. A láz emelkedett testhőmérséklet, gyakran fertőzések elleni védekezés. Ennyi erről. Jó tudni: A levegő gázkeverék, főleg nitrogén és oxigén.

Ennyi erről. Nappal és éjjel azért van, mert a Föld forog. A napos oldal nappal, a másik éjjel. Folytatjuk. Tudtad? A Wi-Fi vezeték nélküli helyi háló internetre kábelek nélkül. Folytatjuk. Biztos: A GPS műholdjelekből és utazási idejükből találja a pozíciót. Folytatjuk.

Röviden: A víz H2O, hidrogén és oxigén vegyülete. Folytatjuk. Jegyezd meg: A gravitáció tömegek vonzása. A Föld mindent lefelé vonz, ezért esnek a dolgok. Ennyi erről. Tudtad? A víz stabilizálja a keringést és a fókuszt, segíti a vesét és a bőrt, megelőzi a fejfájást. Tovább. Jegyezd meg: Nappal és éjjel azért van, mert a Föld forog. A napos oldal nappal, a másik éjjel.

Tovább. Tény: Az emlősöknek szőrük van, élő utódot szülnek és tejjel táplálják. Folytatjuk. Röviden: A felhő szerverek az interneten, ahol adatot tartasz és szolgáltatást használsz.

Vége ennek az áttekintésnek."
308,"Természet, tudomány és technika – 68. rész","Itt rendezett tudást tanulsz. Ne siess.

Röviden: Az elem kémiai energiát alakít elektromossá. Folytatjuk. Tény: Naprendszerünkben 8 bolygó van: Merkúr, Vénusz, Föld, Mars, Jupiter, Szaturnusz, Uránusz, Neptunusz. Folytatjuk. Tény: Az eső párolgással keletkezik: víz felszáll, hűl, felhőt képez és cseppekben esik. Még egy tény. Tudtad? A napelemek a fényt közvetlenül árammá alakítják.

Ennyi erről. Jegyezd meg: A felhő szerverek az interneten, ahol adatot tartasz és szolgáltatást használsz. Ez is számít. Tény: Az emlősöknek szőrük van, élő utódot szülnek és tejjel táplálják. Tovább. Tudtad? Földrengés akkor van, amikor a lemezek hirtelen mozognak és energiát szabadítanak. Folytatjuk.

Röviden: A fotoszintézis fényből, vízből és CO2-ből cukrot és oxigént készít. Ennyi erről. Biztos: Naprendszerünkben 8 bolygó van: Merkúr, Vénusz, Föld, Mars, Jupiter, Szaturnusz, Uránusz, Neptunusz. Ez is számít. Tudtad? A víz H2O, hidrogén és oxigén vegyülete. A következő pontra. Röviden: Földrengés akkor van, amikor a lemezek hirtelen mozognak és energiát szabadítanak.

Tovább. Jó tudni: Az ég kék Rayleigh-szórás miatt: a kék fény jobban szóródik mint a vörös. Ez is számít. A tüdő oxigént vesz fel és szén-dioxidot ad le.

Vége ennek az áttekintésnek."
309,"Természet, tudomány és technika – 69. rész","Itt rendezett tudást tanulsz. Ne siess.

Jegyezd meg: A Hold azért világít, mert a Nap fényét tükrözi. Ez is számít. Az atom az anyag legkisebb egysége, magból és elektronokból. Ez is számít. Röviden: A böngésző a program, amivel weboldalakat nyitsz, pl. Chrome, Firefox, Edge vagy Safari. Ennyi erről. Jó tudni: A vírus apró kórokozó, amely gazdasejt nélkül nem szaporodik.

Ennyi erről. Az erős jelszó hosszú, szolgáltatásonként egyedi és kezelőben tartott. Tovább. Jegyezd meg: A levelek zöldek klorofill miatt, a fotoszintézis pigmentje. Ez is számít. Biztos: A tüdő oxigént vesz fel és szén-dioxidot ad le. Tovább.

Röviden: A szív vért pumpál az egész testben. A következő pontra. Biztos: Az áram egyszerűen töltések irányított mozgása, általában vezetékben elektronok. Még egy tény. Kb. 2 percig, naponta kétszer. Tovább. Röviden: Az időjárás rövid állapot; az éghajlat kb. 30 év átlaga.

Ez is számít. A levelek zöldek klorofill miatt, a fotoszintézis pigmentje. Még egy tény. Tudtad? A napelemek a fényt közvetlenül árammá alakítják.

Most már ismered a tényeket."
310,"Természet, tudomány és technika – 70. rész","Ez a szöveg lépésről lépésre magyaráz.

Jó tudni: Az erős jelszó hosszú, szolgáltatásonként egyedi és kezelőben tartott. Folytatjuk. Jegyezd meg: A böngésző a program, amivel weboldalakat nyitsz, pl. Chrome, Firefox, Edge vagy Safari. Még egy tény. Jegyezd meg: A Hold azért világít, mert a Nap fényét tükrözi. Ez is számít. Tény: A szív vért pumpál az egész testben.

Folytatjuk. Röviden: A mézet a méhek virágnektárból készítik. A következő pontra. Tudtad? A levegő gázkeverék, főleg nitrogén és oxigén. Folytatjuk. Jegyezd meg: A hűtő hőt pumpál belülről kifelé hűtőközeggel: belül elpárolog, hőt felvesz, kint lead. A következő pontra.

Tudtad? Az app program, általában telefonra, pl. üzenetek, fotók vagy játékok. Folytatjuk. Tudtad? A Nap forró gázcsillag, fényt és hőt ad. A következő pontra. Tudtad? A vírus terjedő és károsító káros program. Védd frissítésekkel és óvatossággal. Még egy tény. Az újrahasznosítás hulladékot gyűjt, hogy új termékeket készítsen.

Tovább. Naprendszerünkben 8 bolygó van: Merkúr, Vénusz, Föld, Mars, Jupiter, Szaturnusz, Uránusz, Neptunusz. Még egy tény. Jó tudni: Az atom az anyag legkisebb egysége, magból és elektronokból.

Vége ennek az áttekintésnek."
311,"Természet, tudomány és technika – 71. rész","Alább ellenőrzött tudást találsz.

Jegyezd meg: A mesterséges intelligencia adatokból tanuló, mintákat felismerő és feladatokat megoldó programok. Tovább. Jó tudni: A levegő gázkeverék, főleg nitrogén és oxigén. Ennyi erről. Tudtad? A levelek zöldek klorofill miatt, a fotoszintézis pigmentje. Tovább. Jegyezd meg: Az atom az anyag legkisebb egysége, magból és elektronokból.

A következő pontra. Röviden: Az ég kék Rayleigh-szórás miatt: a kék fény jobban szóródik mint a vörös. Még egy tény. A Wi-Fi vezeték nélküli helyi háló internetre kábelek nélkül. Még egy tény. Jó tudni: A Wi-Fi vezeték nélküli helyi háló internetre kábelek nélkül. Még egy tény.

Biztos: A mézet a méhek virágnektárból készítik. Folytatjuk. Az újrahasznosítás hulladékot gyűjt, hogy új termékeket készítsen. Ennyi erről. Jegyezd meg: Az üvegházhatás tartja a hőt. Túl sok gáz melegíti az éghajlatot. Tovább. Tény: Az időjárás rövid állapot; az éghajlat kb. 30 év átlaga.

Tovább. Tudtad? A méhek beporozzák a növényeket, biztosítva terméseket és sokféleséget. Folytatjuk. Röviden: A szív vért pumpál az egész testben.

Most már ismered a tényeket."
312,"Természet, tudomány és technika – 72. rész","Itt rendezett tudást tanulsz. Ne siess.

Tudtad? A víz stabilizálja a keringést és a fókuszt, segíti a vesét és a bőrt, megelőzi a fejfájást. Ennyi erről. Tudtad? Nappal és éjjel azért van, mert a Föld forog. A napos oldal nappal, a másik éjjel. Ennyi erről. Tény: Az atom az anyag legkisebb egysége, magból és elektronokból. A következő pontra. A Nap forró gázcsillag, fényt és hőt ad.

Folytatjuk. Biztos: A mesterséges intelligencia adatokból tanuló, mintákat felismerő és feladatokat megoldó programok. A következő pontra. Jó tudni: A gravitáció tömegek vonzása. A Föld mindent lefelé vonz, ezért esnek a dolgok. Tovább. Röviden: A napelemek a fényt közvetlenül árammá alakítják. A következő pontra.

Jegyezd meg: Az újrahasznosítás hulladékot gyűjt, hogy új termékeket készítsen. Tovább. Tudtad? A fotoszintézis fényből, vízből és CO2-ből cukrot és oxigént készít. Folytatjuk. Tény: A napelemek a fényt közvetlenül árammá alakítják. Még egy tény. Tudtad? A láz emelkedett testhőmérséklet, gyakran fertőzések elleni védekezés.

Tovább. Tény: A tüdő oxigént vesz fel és szén-dioxidot ad le. Ez is számít. Tudtad? A hűtő hőt pumpál belülről kifelé hűtőközeggel: belül elpárolog, hőt felvesz, kint lead.

Vége ennek az áttekintésnek."
313,"Természet, tudomány és technika – 73. rész","Ez a szöveg fontos tényeket mutat be. Olvasd nyugodtan.

A napelemek a fényt közvetlenül árammá alakítják. Ennyi erről. Tudtad? A levegő gázkeverék, főleg nitrogén és oxigén. A következő pontra. A felhő szerverek az interneten, ahol adatot tartasz és szolgáltatást használsz. Ennyi erről. Jó tudni: Kb. 2 percig, naponta kétszer.

Még egy tény. Tudtad? A napelemek a fényt közvetlenül árammá alakítják. Ez is számít. Biztos: A tüdő oxigént vesz fel és szén-dioxidot ad le. A következő pontra. Tudtad? Az atom az anyag legkisebb egysége, magból és elektronokból. Ez is számít.

Tudtad? Az alvás segíti a regenerálódást, a memóriát és az immunitást. Tovább. Az emlősöknek szőrük van, élő utódot szülnek és tejjel táplálják. Ez is számít. Az app program, általában telefonra, pl. üzenetek, fotók vagy játékok. Tovább. Röviden: A levegő gázkeverék, főleg nitrogén és oxigén.

Tovább. Jegyezd meg: Az elem kémiai energiát alakít elektromossá. Ez is számít. Az üvegházhatás tartja a hőt. Túl sok gáz melegíti az éghajlatot.

Vége ennek az áttekintésnek."
314,"Természet, tudomány és technika – 74. rész","Alább ellenőrzött tudást találsz.

A napelemek a fényt közvetlenül árammá alakítják. Folytatjuk. Biztos: Naprendszerünkben 8 bolygó van: Merkúr, Vénusz, Föld, Mars, Jupiter, Szaturnusz, Uránusz, Neptunusz. Folytatjuk. Jegyezd meg: A műanyag alig bomlik, szemeteli a természetet és tengereket, mikroműanyaggá válik. Tovább. Jegyezd meg: Az újrahasznosítás hulladékot gyűjt, hogy új termékeket készítsen.

Ez is számít. Biztos: Az erős jelszó hosszú, szolgáltatásonként egyedi és kezelőben tartott. Ennyi erről. Jó tudni: A műanyag alig bomlik, szemeteli a természetet és tengereket, mikroműanyaggá válik. Még egy tény. Tudtad? A méhek beporozzák a növényeket, biztosítva terméseket és sokféleséget. Ez is számít.

Biztos: A napelemek a fényt közvetlenül árammá alakítják. Tovább. A mesterséges intelligencia adatokból tanuló, mintákat felismerő és feladatokat megoldó programok. Még egy tény. Tény: Az eső párolgással keletkezik: víz felszáll, hűl, felhőt képez és cseppekben esik. A következő pontra. Biztos: Nappal és éjjel azért van, mert a Föld forog. A napos oldal nappal, a másik éjjel.

A következő pontra. Tudtad? Az üvegházhatás tartja a hőt. Túl sok gáz melegíti az éghajlatot. Folytatjuk. Biztos: A vírus terjedő és károsító káros program. Védd frissítésekkel és óvatossággal.

A szöveg vége. Szép munka."
315,"Természet, tudomány és technika – 75. rész","Ez a szöveg fontos tényeket mutat be. Olvasd nyugodtan.

Tudtad? A Nap forró gázcsillag, fényt és hőt ad. Ez is számít. Tény: A levegő gázkeverék, főleg nitrogén és oxigén. Tovább. Az atom az anyag legkisebb egysége, magból és elektronokból. Tovább. Jó tudni: A levelek zöldek klorofill miatt, a fotoszintézis pigmentje.

A következő pontra. Röviden: Az atom az anyag legkisebb egysége, magból és elektronokból. Tovább. Jó tudni: A láz emelkedett testhőmérséklet, gyakran fertőzések elleni védekezés. A következő pontra. Biztos: Kb. 2 percig, naponta kétszer. Ez is számít.

Röviden: Nappal és éjjel azért van, mert a Föld forog. A napos oldal nappal, a másik éjjel. Még egy tény. Tény: Az erős jelszó hosszú, szolgáltatásonként egyedi és kezelőben tartott. Ez is számít. Tény: A víz H2O, hidrogén és oxigén vegyülete. A következő pontra. A Nap forró gázcsillag, fényt és hőt ad.

A következő pontra. Tény: A vírus apró kórokozó, amely gazdasejt nélkül nem szaporodik. Még egy tény. Röviden: A szív vért pumpál az egész testben.

Ez volt a lényeg."
316,"Természet, tudomány és technika – 76. rész","Alább ellenőrzött tudást találsz.

Tudtad? Nappal és éjjel azért van, mert a Föld forog. A napos oldal nappal, a másik éjjel. Folytatjuk. Jó tudni: A Hold azért világít, mert a Nap fényét tükrözi. A következő pontra. Jó tudni: Földrengés akkor van, amikor a lemezek hirtelen mozognak és energiát szabadítanak. Ez is számít. Tudtad? Az áram egyszerűen töltések irányított mozgása, általában vezetékben elektronok.

Még egy tény. Tudtad? A hűtő hőt pumpál belülről kifelé hűtőközeggel: belül elpárolog, hőt felvesz, kint lead. Ennyi erről. Jegyezd meg: Az ég kék Rayleigh-szórás miatt: a kék fény jobban szóródik mint a vörös. Tovább. Röviden: Az üvegházhatás tartja a hőt. Túl sok gáz melegíti az éghajlatot. Ez is számít.

Jó tudni: Az újrahasznosítás hulladékot gyűjt, hogy új termékeket készítsen. Ez is számít. Jó tudni: A gravitáció tömegek vonzása. A Föld mindent lefelé vonz, ezért esnek a dolgok. Ez is számít. Tudtad? Földrengés akkor van, amikor a lemezek hirtelen mozognak és energiát szabadítanak. Folytatjuk. Jó tudni: A böngésző a program, amivel weboldalakat nyitsz, pl. Chrome, Firefox, Edge vagy Safari.

Még egy tény. Tudtad? A víz stabilizálja a keringést és a fókuszt, segíti a vesét és a bőrt, megelőzi a fejfájást. Még egy tény. Biztos: Az ég kék Rayleigh-szórás miatt: a kék fény jobban szóródik mint a vörös.

Most már ismered a tényeket."
317,"Természet, tudomány és technika – 77. rész","Ez a szöveg fontos tényeket mutat be. Olvasd nyugodtan.

Jegyezd meg: Az emlősöknek szőrük van, élő utódot szülnek és tejjel táplálják. Folytatjuk. Jegyezd meg: Az eső párolgással keletkezik: víz felszáll, hűl, felhőt képez és cseppekben esik. A következő pontra. Jegyezd meg: A hűtő hőt pumpál belülről kifelé hűtőközeggel: belül elpárolog, hőt felvesz, kint lead. Ez is számít. Röviden: A gravitáció tömegek vonzása. A Föld mindent lefelé vonz, ezért esnek a dolgok.

Tovább. Röviden: Az atom az anyag legkisebb egysége, magból és elektronokból. A következő pontra. Tény: Az ég kék Rayleigh-szórás miatt: a kék fény jobban szóródik mint a vörös. A következő pontra. Tudtad? Naprendszerünkben 8 bolygó van: Merkúr, Vénusz, Föld, Mars, Jupiter, Szaturnusz, Uránusz, Neptunusz. A következő pontra.

Jegyezd meg: Földrengés akkor van, amikor a lemezek hirtelen mozognak és energiát szabadítanak. Tovább. Jó tudni: Az emlősöknek szőrük van, élő utódot szülnek és tejjel táplálják. Folytatjuk. Az üvegházhatás tartja a hőt. Túl sok gáz melegíti az éghajlatot. Még egy tény. Röviden: A felhő szerverek az interneten, ahol adatot tartasz és szolgáltatást használsz.

Folytatjuk. Jó tudni: A műanyag alig bomlik, szemeteli a természetet és tengereket, mikroműanyaggá válik. Még egy tény. Biztos: A Nap forró gázcsillag, fényt és hőt ad.

A szöveg vége. Szép munka."
318,"Természet, tudomány és technika – 78. rész","Itt rendezett tudást tanulsz. Ne siess.

Röviden: Az app program, általában telefonra, pl. üzenetek, fotók vagy játékok. Ennyi erről. Tudtad? Nappal és éjjel azért van, mert a Föld forog. A napos oldal nappal, a másik éjjel. Tovább. Biztos: Az ég kék Rayleigh-szórás miatt: a kék fény jobban szóródik mint a vörös. Ez is számít. A napelemek a fényt közvetlenül árammá alakítják.

Tovább. Az app program, általában telefonra, pl. üzenetek, fotók vagy játékok. Ez is számít. Tény: A mesterséges intelligencia adatokból tanuló, mintákat felismerő és feladatokat megoldó programok. A következő pontra. Röviden: Az erős jelszó hosszú, szolgáltatásonként egyedi és kezelőben tartott. Még egy tény.

Jegyezd meg: A láz emelkedett testhőmérséklet, gyakran fertőzések elleni védekezés. Folytatjuk. Jegyezd meg: Az emlősöknek szőrük van, élő utódot szülnek és tejjel táplálják. A következő pontra. Biztos: Az áram egyszerűen töltések irányított mozgása, általában vezetékben elektronok. Folytatjuk. Jegyezd meg: Földrengés akkor van, amikor a lemezek hirtelen mozognak és energiát szabadítanak.

Ez is számít. Tény: A vírus apró kórokozó, amely gazdasejt nélkül nem szaporodik. Tovább. Jegyezd meg: A vírus apró kórokozó, amely gazdasejt nélkül nem szaporodik.

Vége ennek az áttekintésnek."
319,"Természet, tudomány és technika – 79. rész","Ez a szöveg lépésről lépésre magyaráz.

Röviden: Nappal és éjjel azért van, mert a Föld forog. A napos oldal nappal, a másik éjjel. Ennyi erről. Jegyezd meg: Naprendszerünkben 8 bolygó van: Merkúr, Vénusz, Föld, Mars, Jupiter, Szaturnusz, Uránusz, Neptunusz. Ennyi erről. A víz H2O, hidrogén és oxigén vegyülete. Ennyi erről. Jó tudni: Az üvegházhatás tartja a hőt. Túl sok gáz melegíti az éghajlatot.

Folytatjuk. Jegyezd meg: A méhek beporozzák a növényeket, biztosítva terméseket és sokféleséget. Ennyi erről. Röviden: A GPS műholdjelekből és utazási idejükből találja a pozíciót. Tovább. Jó tudni: Az alvás segíti a regenerálódást, a memóriát és az immunitást. Ennyi erről.

Biztos: Az alvás segíti a regenerálódást, a memóriát és az immunitást. A következő pontra. Röviden: A Wi-Fi vezeték nélküli helyi háló internetre kábelek nélkül. Még egy tény. Röviden: Földrengés akkor van, amikor a lemezek hirtelen mozognak és energiát szabadítanak. Tovább. Jegyezd meg: A tüdő oxigént vesz fel és szén-dioxidot ad le.

Ennyi erről. Jó tudni: A napelemek a fényt közvetlenül árammá alakítják. Ennyi erről. Jegyezd meg: Nappal és éjjel azért van, mert a Föld forog. A napos oldal nappal, a másik éjjel.

A szöveg vége. Szép munka."
320,"Természet, tudomány és technika – 80. rész","Ez a szöveg fontos tényeket mutat be. Olvasd nyugodtan.

Biztos: A méhek beporozzák a növényeket, biztosítva terméseket és sokféleséget. Még egy tény. Az alvás segíti a regenerálódást, a memóriát és az immunitást. Ennyi erről. Tudtad? Az emlősöknek szőrük van, élő utódot szülnek és tejjel táplálják. Folytatjuk. A víz stabilizálja a keringést és a fókuszt, segíti a vesét és a bőrt, megelőzi a fejfájást.

Folytatjuk. Tény: Az elem kémiai energiát alakít elektromossá. Ez is számít. Jegyezd meg: A vírus terjedő és károsító káros program. Védd frissítésekkel és óvatossággal. A következő pontra. Röviden: A vírus apró kórokozó, amely gazdasejt nélkül nem szaporodik. Folytatjuk.

Tény: Az újrahasznosítás hulladékot gyűjt, hogy új termékeket készítsen. Még egy tény. A méhek beporozzák a növényeket, biztosítva terméseket és sokféleséget. A következő pontra. Jó tudni: Az ég kék Rayleigh-szórás miatt: a kék fény jobban szóródik mint a vörös. Ez is számít. Tudtad? Az alvás segíti a regenerálódást, a memóriát és az immunitást.

Ennyi erről. Jegyezd meg: Az eső párolgással keletkezik: víz felszáll, hűl, felhőt képez és cseppekben esik. Folytatjuk. Jegyezd meg: A láz emelkedett testhőmérséklet, gyakran fertőzések elleni védekezés.

Most már ismered a tényeket."
321,"Természet, tudomány és technika – 81. rész","Ez a szöveg fontos tényeket mutat be. Olvasd nyugodtan.

Tény: Az alvás segíti a regenerálódást, a memóriát és az immunitást. Tovább. Jó tudni: A vírus terjedő és károsító káros program. Védd frissítésekkel és óvatossággal. A következő pontra. Tény: A fotoszintézis fényből, vízből és CO2-ből cukrot és oxigént készít. A következő pontra. Tény: A mézet a méhek virágnektárból készítik.

Tovább. Jegyezd meg: A Nap forró gázcsillag, fényt és hőt ad. Ez is számít. Az eső párolgással keletkezik: víz felszáll, hűl, felhőt képez és cseppekben esik. Folytatjuk. Jó tudni: Naprendszerünkben 8 bolygó van: Merkúr, Vénusz, Föld, Mars, Jupiter, Szaturnusz, Uránusz, Neptunusz. Még egy tény.

Tudtad? Az emlősöknek szőrük van, élő utódot szülnek és tejjel táplálják. Tovább. A láz emelkedett testhőmérséklet, gyakran fertőzések elleni védekezés. Ennyi erről. Röviden: A mesterséges intelligencia adatokból tanuló, mintákat felismerő és feladatokat megoldó programok. Ez is számít. Jó tudni: A gravitáció tömegek vonzása. A Föld mindent lefelé vonz, ezért esnek a dolgok.

Tovább. Tudtad? A gravitáció tömegek vonzása. A Föld mindent lefelé vonz, ezért esnek a dolgok. Még egy tény. Jegyezd meg: A tüdő oxigént vesz fel és szén-dioxidot ad le.

A szöveg vége. Szép munka."
322,"Természet, tudomány és technika – 82. rész","Ez a szöveg lépésről lépésre magyaráz.

Röviden: Az áram egyszerűen töltések irányított mozgása, általában vezetékben elektronok. Még egy tény. Jegyezd meg: A böngésző a program, amivel weboldalakat nyitsz, pl. Chrome, Firefox, Edge vagy Safari. Folytatjuk. Az emlősöknek szőrük van, élő utódot szülnek és tejjel táplálják. Ez is számít. Jegyezd meg: Az időjárás rövid állapot; az éghajlat kb. 30 év átlaga.

Tovább. Tudtad? A víz stabilizálja a keringést és a fókuszt, segíti a vesét és a bőrt, megelőzi a fejfájást. Folytatjuk. A tüdő oxigént vesz fel és szén-dioxidot ad le. Folytatjuk. Tény: A gravitáció tömegek vonzása. A Föld mindent lefelé vonz, ezért esnek a dolgok. Ennyi erről.

Jegyezd meg: Az üvegházhatás tartja a hőt. Túl sok gáz melegíti az éghajlatot. Még egy tény. A vírus terjedő és károsító káros program. Védd frissítésekkel és óvatossággal. Ennyi erről. Tudtad? Az elem kémiai energiát alakít elektromossá. A következő pontra. Tény: A műanyag alig bomlik, szemeteli a természetet és tengereket, mikroműanyaggá válik.

Még egy tény. Biztos: A mézet a méhek virágnektárból készítik. Ez is számít. Jegyezd meg: A szív vért pumpál az egész testben.

A szöveg vége. Szép munka."
323,"Természet, tudomány és technika – 83. rész","Ez a szöveg fontos tényeket mutat be. Olvasd nyugodtan.

Biztos: A GPS műholdjelekből és utazási idejükből találja a pozíciót. A következő pontra. Jegyezd meg: Kb. 2 percig, naponta kétszer. Ez is számít. Jó tudni: A vírus apró kórokozó, amely gazdasejt nélkül nem szaporodik. Ez is számít. Jegyezd meg: A vírus apró kórokozó, amely gazdasejt nélkül nem szaporodik.

Folytatjuk. Tudtad? Az alvás segíti a regenerálódást, a memóriát és az immunitást. A következő pontra. Biztos: A levelek zöldek klorofill miatt, a fotoszintézis pigmentje. Ennyi erről. Biztos: A műanyag alig bomlik, szemeteli a természetet és tengereket, mikroműanyaggá válik. Még egy tény.

A levelek zöldek klorofill miatt, a fotoszintézis pigmentje. Ennyi erről. Jegyezd meg: Földrengés akkor van, amikor a lemezek hirtelen mozognak és energiát szabadítanak. A következő pontra. Tudtad? A GPS műholdjelekből és utazási idejükből találja a pozíciót. Ennyi erről. Tény: Az eső párolgással keletkezik: víz felszáll, hűl, felhőt képez és cseppekben esik.

Ennyi erről. Biztos: Az időjárás rövid állapot; az éghajlat kb. 30 év átlaga. Ennyi erről. A Hold azért világít, mert a Nap fényét tükrözi.

Ez volt a lényeg."
324,"Természet, tudomány és technika – 84. rész","Ez a szöveg lépésről lépésre magyaráz.

Jegyezd meg: Az app program, általában telefonra, pl. üzenetek, fotók vagy játékok. Még egy tény. Biztos: A hűtő hőt pumpál belülről kifelé hűtőközeggel: belül elpárolog, hőt felvesz, kint lead. A következő pontra. Röviden: A szív vért pumpál az egész testben. A következő pontra. Biztos: Az atom az anyag legkisebb egysége, magból és elektronokból.

Ennyi erről. Jegyezd meg: A vírus terjedő és károsító káros program. Védd frissítésekkel és óvatossággal. Folytatjuk. Tudtad? Az időjárás rövid állapot; az éghajlat kb. 30 év átlaga. Ennyi erről. Jegyezd meg: A levegő gázkeverék, főleg nitrogén és oxigén. Még egy tény.

Jó tudni: Naprendszerünkben 8 bolygó van: Merkúr, Vénusz, Föld, Mars, Jupiter, Szaturnusz, Uránusz, Neptunusz. A következő pontra. Tudtad? Az atom az anyag legkisebb egysége, magból és elektronokból. Tovább. Jó tudni: A szív vért pumpál az egész testben. A következő pontra. Biztos: A Nap forró gázcsillag, fényt és hőt ad.

Ennyi erről. Tény: Földrengés akkor van, amikor a lemezek hirtelen mozognak és energiát szabadítanak. Még egy tény. Jegyezd meg: A műanyag alig bomlik, szemeteli a természetet és tengereket, mikroműanyaggá válik.

Ez volt a lényeg."
325,"Természet, tudomány és technika – 85. rész","Ez a szöveg fontos tényeket mutat be. Olvasd nyugodtan.

A tüdő oxigént vesz fel és szén-dioxidot ad le. Folytatjuk. Röviden: A hűtő hőt pumpál belülről kifelé hűtőközeggel: belül elpárolog, hőt felvesz, kint lead. Még egy tény. Jegyezd meg: Nappal és éjjel azért van, mert a Föld forog. A napos oldal nappal, a másik éjjel. Folytatjuk. Jegyezd meg: A víz stabilizálja a keringést és a fókuszt, segíti a vesét és a bőrt, megelőzi a fejfájást.

Folytatjuk. Jó tudni: Az erős jelszó hosszú, szolgáltatásonként egyedi és kezelőben tartott. Ez is számít. Biztos: Az elem kémiai energiát alakít elektromossá. Ez is számít. Az újrahasznosítás hulladékot gyűjt, hogy új termékeket készítsen. Folytatjuk.

Tény: A napelemek a fényt közvetlenül árammá alakítják. A következő pontra. Jegyezd meg: A napelemek a fényt közvetlenül árammá alakítják. A következő pontra. Tény: A Nap forró gázcsillag, fényt és hőt ad. Folytatjuk. Jó tudni: A levegő gázkeverék, főleg nitrogén és oxigén.

Tovább. Jegyezd meg: A szív vért pumpál az egész testben. A következő pontra. Jó tudni: Az időjárás rövid állapot; az éghajlat kb. 30 év átlaga.

Vége ennek az áttekintésnek."
326,"Természet, tudomány és technika – 86. rész","Itt rendezett tudást tanulsz. Ne siess.

Tény: Az emlősöknek szőrük van, élő utódot szülnek és tejjel táplálják. Folytatjuk. Jó tudni: A szív vért pumpál az egész testben. A következő pontra. A gravitáció tömegek vonzása. A Föld mindent lefelé vonz, ezért esnek a dolgok. A következő pontra. Jó tudni: A Wi-Fi vezeték nélküli helyi háló internetre kábelek nélkül.

Ez is számít. Jegyezd meg: A méhek beporozzák a növényeket, biztosítva terméseket és sokféleséget. Tovább. Tény: Az áram egyszerűen töltések irányított mozgása, általában vezetékben elektronok. Folytatjuk. Biztos: Az atom az anyag legkisebb egysége, magból és elektronokból. Még egy tény.

Tény: A szív vért pumpál az egész testben. Ennyi erről. Tény: A felhő szerverek az interneten, ahol adatot tartasz és szolgáltatást használsz. Ennyi erről. Biztos: Az időjárás rövid állapot; az éghajlat kb. 30 év átlaga. A következő pontra. Biztos: Az erős jelszó hosszú, szolgáltatásonként egyedi és kezelőben tartott.

Folytatjuk. Tény: A GPS műholdjelekből és utazási idejükből találja a pozíciót. Ennyi erről. Biztos: A műanyag alig bomlik, szemeteli a természetet és tengereket, mikroműanyaggá válik.

A szöveg vége. Szép munka."
327,"Természet, tudomány és technika – 87. rész","Ez a szöveg fontos tényeket mutat be. Olvasd nyugodtan.

Jegyezd meg: A Wi-Fi vezeték nélküli helyi háló internetre kábelek nélkül. Tovább. Tény: Naprendszerünkben 8 bolygó van: Merkúr, Vénusz, Föld, Mars, Jupiter, Szaturnusz, Uránusz, Neptunusz. Folytatjuk. Jó tudni: A felhő szerverek az interneten, ahol adatot tartasz és szolgáltatást használsz. Folytatjuk. Tudtad? Az app program, általában telefonra, pl. üzenetek, fotók vagy játékok.

A következő pontra. Az erős jelszó hosszú, szolgáltatásonként egyedi és kezelőben tartott. Ennyi erről. Biztos: A felhő szerverek az interneten, ahol adatot tartasz és szolgáltatást használsz. Tovább. A mesterséges intelligencia adatokból tanuló, mintákat felismerő és feladatokat megoldó programok. A következő pontra.

Tudtad? A Nap forró gázcsillag, fényt és hőt ad. Még egy tény. Tudtad? A napelemek a fényt közvetlenül árammá alakítják. A következő pontra. A vírus apró kórokozó, amely gazdasejt nélkül nem szaporodik. Folytatjuk. Jegyezd meg: Az eső párolgással keletkezik: víz felszáll, hűl, felhőt képez és cseppekben esik.

Folytatjuk. A víz stabilizálja a keringést és a fókuszt, segíti a vesét és a bőrt, megelőzi a fejfájást. Ez is számít. Röviden: A víz H2O, hidrogén és oxigén vegyülete.

Vége ennek az áttekintésnek."
328,"Természet, tudomány és technika – 88. rész","Ez a szöveg fontos tényeket mutat be. Olvasd nyugodtan.

Jó tudni: Az újrahasznosítás hulladékot gyűjt, hogy új termékeket készítsen. Ez is számít. A méhek beporozzák a növényeket, biztosítva terméseket és sokféleséget. Ennyi erről. Tény: A gravitáció tömegek vonzása. A Föld mindent lefelé vonz, ezért esnek a dolgok. Tovább. Jó tudni: Az elem kémiai energiát alakít elektromossá.

Ez is számít. Röviden: Kb. 2 percig, naponta kétszer. Tovább. Jó tudni: Az üvegházhatás tartja a hőt. Túl sok gáz melegíti az éghajlatot. Még egy tény. Biztos: Az újrahasznosítás hulladékot gyűjt, hogy új termékeket készítsen. Ez is számít.

Biztos: A méhek beporozzák a növényeket, biztosítva terméseket és sokféleséget. Ennyi erről. Tudtad? A Nap forró gázcsillag, fényt és hőt ad. A következő pontra. Röviden: A fotoszintézis fényből, vízből és CO2-ből cukrot és oxigént készít. A következő pontra. Jegyezd meg: A víz H2O, hidrogén és oxigén vegyülete.

Folytatjuk. Tény: Az ég kék Rayleigh-szórás miatt: a kék fény jobban szóródik mint a vörös. A következő pontra. Az ég kék Rayleigh-szórás miatt: a kék fény jobban szóródik mint a vörös.

Ez volt a lényeg."
329,"Természet, tudomány és technika – 89. rész","Ez a szöveg lépésről lépésre magyaráz.

Jó tudni: A szív vért pumpál az egész testben. Folytatjuk. Biztos: A szív vért pumpál az egész testben. Még egy tény. Biztos: A méhek beporozzák a növényeket, biztosítva terméseket és sokféleséget. Tovább. Jegyezd meg: Az atom az anyag legkisebb egysége, magból és elektronokból.

A következő pontra. Röviden: A böngésző a program, amivel weboldalakat nyitsz, pl. Chrome, Firefox, Edge vagy Safari. Tovább. Az emlősöknek szőrük van, élő utódot szülnek és tejjel táplálják. Ennyi erről. Tudtad? A Nap forró gázcsillag, fényt és hőt ad. Folytatjuk.

Röviden: Az erős jelszó hosszú, szolgáltatásonként egyedi és kezelőben tartott. Még egy tény. Jegyezd meg: A gravitáció tömegek vonzása. A Föld mindent lefelé vonz, ezért esnek a dolgok. A következő pontra. Jegyezd meg: Az ég kék Rayleigh-szórás miatt: a kék fény jobban szóródik mint a vörös. Ez is számít. Biztos: Az időjárás rövid állapot; az éghajlat kb. 30 év átlaga.

Még egy tény. Naprendszerünkben 8 bolygó van: Merkúr, Vénusz, Föld, Mars, Jupiter, Szaturnusz, Uránusz, Neptunusz. A következő pontra. Az eső párolgással keletkezik: víz felszáll, hűl, felhőt képez és cseppekben esik.

Vége ennek az áttekintésnek."
330,"Természet, tudomány és technika – 90. rész","Itt rendezett tudást tanulsz. Ne siess.

Biztos: A levelek zöldek klorofill miatt, a fotoszintézis pigmentje. Ennyi erről. Jó tudni: A Nap forró gázcsillag, fényt és hőt ad. Ez is számít. Jegyezd meg: A víz H2O, hidrogén és oxigén vegyülete. Folytatjuk. Tény: A felhő szerverek az interneten, ahol adatot tartasz és szolgáltatást használsz.

Folytatjuk. Tény: A Wi-Fi vezeték nélküli helyi háló internetre kábelek nélkül. Folytatjuk. Tény: A vírus apró kórokozó, amely gazdasejt nélkül nem szaporodik. Ez is számít. Tény: A gravitáció tömegek vonzása. A Föld mindent lefelé vonz, ezért esnek a dolgok. Ennyi erről.

Az évszakok a tengely dőléséből jönnek: mindegyik félteke felváltva dől a Nap felé. Ennyi erről. Biztos: A tüdő oxigént vesz fel és szén-dioxidot ad le. Ez is számít. Röviden: A méhek beporozzák a növényeket, biztosítva terméseket és sokféleséget. Ez is számít. Jegyezd meg: Az üvegházhatás tartja a hőt. Túl sok gáz melegíti az éghajlatot.

Tovább. Jó tudni: Az alvás segíti a regenerálódást, a memóriát és az immunitást. Tovább. Biztos: A GPS műholdjelekből és utazási idejükből találja a pozíciót.

Vége ennek az áttekintésnek."
331,"Természet, tudomány és technika – 91. rész","Itt rendezett tudást tanulsz. Ne siess.

Biztos: A napelemek a fényt közvetlenül árammá alakítják. Folytatjuk. Jegyezd meg: Az erős jelszó hosszú, szolgáltatásonként egyedi és kezelőben tartott. Ez is számít. Jegyezd meg: A napelemek a fényt közvetlenül árammá alakítják. Még egy tény. Tény: Az ég kék Rayleigh-szórás miatt: a kék fény jobban szóródik mint a vörös.

Tovább. Röviden: Földrengés akkor van, amikor a lemezek hirtelen mozognak és energiát szabadítanak. Folytatjuk. Tudtad? Az évszakok a tengely dőléséből jönnek: mindegyik félteke felváltva dől a Nap felé. Még egy tény. Tudtad? A Hold azért világít, mert a Nap fényét tükrözi. A következő pontra.

Biztos: A Wi-Fi vezeték nélküli helyi háló internetre kábelek nélkül. Ez is számít. Röviden: A hűtő hőt pumpál belülről kifelé hűtőközeggel: belül elpárolog, hőt felvesz, kint lead. Tovább. Tény: Az app program, általában telefonra, pl. üzenetek, fotók vagy játékok. Tovább. A levelek zöldek klorofill miatt, a fotoszintézis pigmentje.

Ez is számít. Az üvegházhatás tartja a hőt. Túl sok gáz melegíti az éghajlatot. Ez is számít. Az elem kémiai energiát alakít elektromossá.

Vége ennek az áttekintésnek."
332,"Természet, tudomány és technika – 92. rész","Ez a szöveg lépésről lépésre magyaráz.

Jó tudni: A láz emelkedett testhőmérséklet, gyakran fertőzések elleni védekezés. Még egy tény. Tény: A mesterséges intelligencia adatokból tanuló, mintákat felismerő és feladatokat megoldó programok. Ez is számít. Tény: A szív vért pumpál az egész testben. Ennyi erről. Tudtad? A vírus terjedő és károsító káros program. Védd frissítésekkel és óvatossággal.

Ennyi erről. Jegyezd meg: A GPS műholdjelekből és utazási idejükből találja a pozíciót. Még egy tény. Biztos: Az újrahasznosítás hulladékot gyűjt, hogy új termékeket készítsen. Folytatjuk. Jó tudni: A Wi-Fi vezeték nélküli helyi háló internetre kábelek nélkül. Ez is számít.

Jegyezd meg: Az áram egyszerűen töltések irányított mozgása, általában vezetékben elektronok. A következő pontra. Tudtad? A vírus apró kórokozó, amely gazdasejt nélkül nem szaporodik. Ez is számít. Röviden: A vírus apró kórokozó, amely gazdasejt nélkül nem szaporodik. Ez is számít. Biztos: A műanyag alig bomlik, szemeteli a természetet és tengereket, mikroműanyaggá válik.

Ez is számít. Röviden: Nappal és éjjel azért van, mert a Föld forog. A napos oldal nappal, a másik éjjel. Ennyi erről. Röviden: Az ég kék Rayleigh-szórás miatt: a kék fény jobban szóródik mint a vörös.

Most már ismered a tényeket."
333,"Természet, tudomány és technika – 93. rész","Ez a szöveg fontos tényeket mutat be. Olvasd nyugodtan.

Az alvás segíti a regenerálódást, a memóriát és az immunitást. A következő pontra. Jó tudni: A levelek zöldek klorofill miatt, a fotoszintézis pigmentje. Még egy tény. Tudtad? Kb. 2 percig, naponta kétszer. A következő pontra. Jó tudni: A gravitáció tömegek vonzása. A Föld mindent lefelé vonz, ezért esnek a dolgok.

Még egy tény. A vírus terjedő és károsító káros program. Védd frissítésekkel és óvatossággal. Még egy tény. Röviden: A tüdő oxigént vesz fel és szén-dioxidot ad le. Ez is számít. Jó tudni: A Hold azért világít, mert a Nap fényét tükrözi. Még egy tény.

Jegyezd meg: Az ég kék Rayleigh-szórás miatt: a kék fény jobban szóródik mint a vörös. Ennyi erről. Tudtad? Az ég kék Rayleigh-szórás miatt: a kék fény jobban szóródik mint a vörös. Ez is számít. Földrengés akkor van, amikor a lemezek hirtelen mozognak és energiát szabadítanak. Tovább. Röviden: A műanyag alig bomlik, szemeteli a természetet és tengereket, mikroműanyaggá válik.

A következő pontra. Jó tudni: Az app program, általában telefonra, pl. üzenetek, fotók vagy játékok. Tovább. Tény: Nappal és éjjel azért van, mert a Föld forog. A napos oldal nappal, a másik éjjel.

Most már ismered a tényeket."
334,"Természet, tudomány és technika – 94. rész","Itt rendezett tudást tanulsz. Ne siess.

Biztos: Naprendszerünkben 8 bolygó van: Merkúr, Vénusz, Föld, Mars, Jupiter, Szaturnusz, Uránusz, Neptunusz. Tovább. A mézet a méhek virágnektárból készítik. Ez is számít. Tudtad? A hűtő hőt pumpál belülről kifelé hűtőközeggel: belül elpárolog, hőt felvesz, kint lead. Ennyi erről. Az időjárás rövid állapot; az éghajlat kb. 30 év átlaga.

Folytatjuk. Tény: Az áram egyszerűen töltések irányított mozgása, általában vezetékben elektronok. Folytatjuk. Tény: A mézet a méhek virágnektárból készítik. Ez is számít. Tény: A gravitáció tömegek vonzása. A Föld mindent lefelé vonz, ezért esnek a dolgok. Még egy tény.

Biztos: A Nap forró gázcsillag, fényt és hőt ad. Ennyi erről. Biztos: Az ég kék Rayleigh-szórás miatt: a kék fény jobban szóródik mint a vörös. Folytatjuk. A levelek zöldek klorofill miatt, a fotoszintézis pigmentje. Ez is számít. Jegyezd meg: A víz stabilizálja a keringést és a fókuszt, segíti a vesét és a bőrt, megelőzi a fejfájást.

Folytatjuk. Biztos: A mézet a méhek virágnektárból készítik. Még egy tény. Tény: A felhő szerverek az interneten, ahol adatot tartasz és szolgáltatást használsz.

Ez volt a lényeg."
335,"Természet, tudomány és technika – 95. rész","Ez a szöveg lépésről lépésre magyaráz.

Tudtad? Az erős jelszó hosszú, szolgáltatásonként egyedi és kezelőben tartott. Még egy tény. Jegyezd meg: Az időjárás rövid állapot; az éghajlat kb. 30 év átlaga. Tovább. Tény: A méhek beporozzák a növényeket, biztosítva terméseket és sokféleséget. A következő pontra. Tudtad? Naprendszerünkben 8 bolygó van: Merkúr, Vénusz, Föld, Mars, Jupiter, Szaturnusz, Uránusz, Neptunusz.

Ez is számít. A Wi-Fi vezeték nélküli helyi háló internetre kábelek nélkül. Ez is számít. Tudtad? A láz emelkedett testhőmérséklet, gyakran fertőzések elleni védekezés. Ennyi erről. Biztos: Az eső párolgással keletkezik: víz felszáll, hűl, felhőt képez és cseppekben esik. Ez is számít.

Tudtad? A napelemek a fényt közvetlenül árammá alakítják. Még egy tény. Jó tudni: Az erős jelszó hosszú, szolgáltatásonként egyedi és kezelőben tartott. Ez is számít. Jó tudni: A gravitáció tömegek vonzása. A Föld mindent lefelé vonz, ezért esnek a dolgok. Tovább. Röviden: Az időjárás rövid állapot; az éghajlat kb. 30 év átlaga.

A következő pontra. A hűtő hőt pumpál belülről kifelé hűtőközeggel: belül elpárolog, hőt felvesz, kint lead. Folytatjuk. Jegyezd meg: A napelemek a fényt közvetlenül árammá alakítják.

Vége ennek az áttekintésnek."
336,"Természet, tudomány és technika – 96. rész","Itt rendezett tudást tanulsz. Ne siess.

Biztos: Az áram egyszerűen töltések irányított mozgása, általában vezetékben elektronok. Ez is számít. Röviden: A műanyag alig bomlik, szemeteli a természetet és tengereket, mikroműanyaggá válik. Ennyi erről. Jegyezd meg: A méhek beporozzák a növényeket, biztosítva terméseket és sokféleséget. Folytatjuk. A Nap forró gázcsillag, fényt és hőt ad.

Ez is számít. Biztos: A levelek zöldek klorofill miatt, a fotoszintézis pigmentje. Még egy tény. Röviden: A napelemek a fényt közvetlenül árammá alakítják. Ennyi erről. Tudtad? Az évszakok a tengely dőléséből jönnek: mindegyik félteke felváltva dől a Nap felé. Tovább.

A vírus apró kórokozó, amely gazdasejt nélkül nem szaporodik. A következő pontra. Röviden: A víz H2O, hidrogén és oxigén vegyülete. A következő pontra. Az emlősöknek szőrük van, élő utódot szülnek és tejjel táplálják. Ez is számít. Tény: Az alvás segíti a regenerálódást, a memóriát és az immunitást.

Ennyi erről. Tény: A víz H2O, hidrogén és oxigén vegyülete. Ennyi erről. A levegő gázkeverék, főleg nitrogén és oxigén.

Vége ennek az áttekintésnek."
337,"Természet, tudomány és technika – 97. rész","Alább ellenőrzött tudást találsz.

Tudtad? A műanyag alig bomlik, szemeteli a természetet és tengereket, mikroműanyaggá válik. Ez is számít. Biztos: A víz stabilizálja a keringést és a fókuszt, segíti a vesét és a bőrt, megelőzi a fejfájást. Még egy tény. Jegyezd meg: A vírus terjedő és károsító káros program. Védd frissítésekkel és óvatossággal. Ennyi erről. Tudtad? Az erős jelszó hosszú, szolgáltatásonként egyedi és kezelőben tartott.

Tovább. Jó tudni: A láz emelkedett testhőmérséklet, gyakran fertőzések elleni védekezés. Folytatjuk. Biztos: A GPS műholdjelekből és utazási idejükből találja a pozíciót. Még egy tény. Röviden: A GPS műholdjelekből és utazási idejükből találja a pozíciót. A következő pontra.

Tudtad? A szív vért pumpál az egész testben. A következő pontra. Jó tudni: A levegő gázkeverék, főleg nitrogén és oxigén. Ez is számít. Az újrahasznosítás hulladékot gyűjt, hogy új termékeket készítsen. Még egy tény. Tudtad? A hűtő hőt pumpál belülről kifelé hűtőközeggel: belül elpárolog, hőt felvesz, kint lead.

Tovább. Az alvás segíti a regenerálódást, a memóriát és az immunitást. Ez is számít. A vírus terjedő és károsító káros program. Védd frissítésekkel és óvatossággal.

Ez volt a lényeg."
338,"Természet, tudomány és technika – 98. rész","Ez a szöveg lépésről lépésre magyaráz.

Az erős jelszó hosszú, szolgáltatásonként egyedi és kezelőben tartott. Ennyi erről. Jegyezd meg: A napelemek a fényt közvetlenül árammá alakítják. Ez is számít. Jó tudni: Az ég kék Rayleigh-szórás miatt: a kék fény jobban szóródik mint a vörös. Folytatjuk. Biztos: Nappal és éjjel azért van, mert a Föld forog. A napos oldal nappal, a másik éjjel.

Ennyi erről. Tény: Földrengés akkor van, amikor a lemezek hirtelen mozognak és energiát szabadítanak. Még egy tény. A böngésző a program, amivel weboldalakat nyitsz, pl. Chrome, Firefox, Edge vagy Safari. Tovább. Jó tudni: Az évszakok a tengely dőléséből jönnek: mindegyik félteke felváltva dől a Nap felé. Ennyi erről.

Jegyezd meg: Az üvegházhatás tartja a hőt. Túl sok gáz melegíti az éghajlatot. Még egy tény. A mézet a méhek virágnektárból készítik. Folytatjuk. Jegyezd meg: A fotoszintézis fényből, vízből és CO2-ből cukrot és oxigént készít. Folytatjuk. Biztos: A fotoszintézis fényből, vízből és CO2-ből cukrot és oxigént készít.

Tovább. Jó tudni: A mesterséges intelligencia adatokból tanuló, mintákat felismerő és feladatokat megoldó programok. Ez is számít. Jó tudni: Az app program, általában telefonra, pl. üzenetek, fotók vagy játékok.

A szöveg vége. Szép munka."
339,"Természet, tudomány és technika – 99. rész","Ez a szöveg lépésről lépésre magyaráz.

Tény: Az eső párolgással keletkezik: víz felszáll, hűl, felhőt képez és cseppekben esik. Folytatjuk. Biztos: Naprendszerünkben 8 bolygó van: Merkúr, Vénusz, Föld, Mars, Jupiter, Szaturnusz, Uránusz, Neptunusz. Még egy tény. Tudtad? Az elem kémiai energiát alakít elektromossá. Folytatjuk. Röviden: Az üvegházhatás tartja a hőt. Túl sok gáz melegíti az éghajlatot.

Ez is számít. Tény: A GPS műholdjelekből és utazási idejükből találja a pozíciót. Még egy tény. Jegyezd meg: Az évszakok a tengely dőléséből jönnek: mindegyik félteke felváltva dől a Nap felé. Folytatjuk. Biztos: A mézet a méhek virágnektárból készítik. Folytatjuk.

Jó tudni: A felhő szerverek az interneten, ahol adatot tartasz és szolgáltatást használsz. Folytatjuk. Jó tudni: A böngésző a program, amivel weboldalakat nyitsz, pl. Chrome, Firefox, Edge vagy Safari. Még egy tény. Biztos: A Nap forró gázcsillag, fényt és hőt ad. A következő pontra. Tény: Az alvás segíti a regenerálódást, a memóriát és az immunitást.

Ez is számít. Tény: Az atom az anyag legkisebb egysége, magból és elektronokból. A következő pontra. Biztos: A tüdő oxigént vesz fel és szén-dioxidot ad le.

Vége ennek az áttekintésnek."
340,"Természet, tudomány és technika – 100. rész","Alább ellenőrzött tudást találsz.

Röviden: A Wi-Fi vezeték nélküli helyi háló internetre kábelek nélkül. Folytatjuk. Az újrahasznosítás hulladékot gyűjt, hogy új termékeket készítsen. Folytatjuk. Tény: A fotoszintézis fényből, vízből és CO2-ből cukrot és oxigént készít. Még egy tény. Jó tudni: A Wi-Fi vezeték nélküli helyi háló internetre kábelek nélkül.

Ez is számít. Jó tudni: A víz stabilizálja a keringést és a fókuszt, segíti a vesét és a bőrt, megelőzi a fejfájást. Ez is számít. Biztos: A Hold azért világít, mert a Nap fényét tükrözi. Még egy tény. Az áram egyszerűen töltések irányított mozgása, általában vezetékben elektronok. Folytatjuk.

Tudtad? Az eső párolgással keletkezik: víz felszáll, hűl, felhőt képez és cseppekben esik. Folytatjuk. Jó tudni: A gravitáció tömegek vonzása. A Föld mindent lefelé vonz, ezért esnek a dolgok. Ennyi erről. Biztos: A tüdő oxigént vesz fel és szén-dioxidot ad le. Ez is számít. Röviden: Nappal és éjjel azért van, mert a Föld forog. A napos oldal nappal, a másik éjjel.

Még egy tény. Tudtad? Az emlősöknek szőrük van, élő utódot szülnek és tejjel táplálják. Folytatjuk. Jó tudni: A levegő gázkeverék, főleg nitrogén és oxigén.

Most már ismered a tényeket."
341,"Természet, tudomány és technika – 101. rész","Itt rendezett tudást tanulsz. Ne siess.

Az évszakok a tengely dőléséből jönnek: mindegyik félteke felváltva dől a Nap felé. Folytatjuk. Röviden: Az időjárás rövid állapot; az éghajlat kb. 30 év átlaga. A következő pontra. Röviden: Az újrahasznosítás hulladékot gyűjt, hogy új termékeket készítsen. Ez is számít. Röviden: Az app program, általában telefonra, pl. üzenetek, fotók vagy játékok.

A következő pontra. Jegyezd meg: A gravitáció tömegek vonzása. A Föld mindent lefelé vonz, ezért esnek a dolgok. Tovább. Jó tudni: A víz H2O, hidrogén és oxigén vegyülete. A következő pontra. Biztos: A láz emelkedett testhőmérséklet, gyakran fertőzések elleni védekezés. Még egy tény.

Tudtad? A Wi-Fi vezeték nélküli helyi háló internetre kábelek nélkül. Tovább. Tény: A mesterséges intelligencia adatokból tanuló, mintákat felismerő és feladatokat megoldó programok. A következő pontra. Tudtad? Az ég kék Rayleigh-szórás miatt: a kék fény jobban szóródik mint a vörös. Ez is számít. Jegyezd meg: Az újrahasznosítás hulladékot gyűjt, hogy új termékeket készítsen.

Folytatjuk. Tudtad? Az újrahasznosítás hulladékot gyűjt, hogy új termékeket készítsen. Ennyi erről. Röviden: Az eső párolgással keletkezik: víz felszáll, hűl, felhőt képez és cseppekben esik.

Vége ennek az áttekintésnek."
342,"Természet, tudomány és technika – 102. rész","Itt rendezett tudást tanulsz. Ne siess.

Tény: A levegő gázkeverék, főleg nitrogén és oxigén. A következő pontra. Naprendszerünkben 8 bolygó van: Merkúr, Vénusz, Föld, Mars, Jupiter, Szaturnusz, Uránusz, Neptunusz. Még egy tény. Röviden: A felhő szerverek az interneten, ahol adatot tartasz és szolgáltatást használsz. Folytatjuk. Az eső párolgással keletkezik: víz felszáll, hűl, felhőt képez és cseppekben esik.

Ez is számít. A méhek beporozzák a növényeket, biztosítva terméseket és sokféleséget. Ennyi erről. Röviden: Az erős jelszó hosszú, szolgáltatásonként egyedi és kezelőben tartott. Folytatjuk. Biztos: A vírus terjedő és károsító káros program. Védd frissítésekkel és óvatossággal. Folytatjuk.

Jegyezd meg: Az alvás segíti a regenerálódást, a memóriát és az immunitást. Ennyi erről. Tény: Naprendszerünkben 8 bolygó van: Merkúr, Vénusz, Föld, Mars, Jupiter, Szaturnusz, Uránusz, Neptunusz. Ennyi erről. Biztos: A böngésző a program, amivel weboldalakat nyitsz, pl. Chrome, Firefox, Edge vagy Safari. Tovább. Jó tudni: A GPS műholdjelekből és utazási idejükből találja a pozíciót.

Ez is számít. Tudtad? A Nap forró gázcsillag, fényt és hőt ad. A következő pontra. Jegyezd meg: Az eső párolgással keletkezik: víz felszáll, hűl, felhőt képez és cseppekben esik.

Most már ismered a tényeket."
343,"Természet, tudomány és technika – 103. rész","Ez a szöveg lépésről lépésre magyaráz.

Az áram egyszerűen töltések irányított mozgása, általában vezetékben elektronok. Tovább. Tény: A vírus apró kórokozó, amely gazdasejt nélkül nem szaporodik. Folytatjuk. Biztos: Az áram egyszerűen töltések irányított mozgása, általában vezetékben elektronok. Folytatjuk. Tudtad? Az ég kék Rayleigh-szórás miatt: a kék fény jobban szóródik mint a vörös.

Ez is számít. Biztos: A hűtő hőt pumpál belülről kifelé hűtőközeggel: belül elpárolog, hőt felvesz, kint lead. A következő pontra. Jó tudni: Az emlősöknek szőrük van, élő utódot szülnek és tejjel táplálják. Még egy tény. Tudtad? Az erős jelszó hosszú, szolgáltatásonként egyedi és kezelőben tartott. A következő pontra.

Jegyezd meg: A mesterséges intelligencia adatokból tanuló, mintákat felismerő és feladatokat megoldó programok. Még egy tény. Tudtad? A víz stabilizálja a keringést és a fókuszt, segíti a vesét és a bőrt, megelőzi a fejfájást. Tovább. Röviden: A mesterséges intelligencia adatokból tanuló, mintákat felismerő és feladatokat megoldó programok. Tovább. Tény: A GPS műholdjelekből és utazási idejükből találja a pozíciót.

Tovább. Tény: A böngésző a program, amivel weboldalakat nyitsz, pl. Chrome, Firefox, Edge vagy Safari. Ez is számít. A levegő gázkeverék, főleg nitrogén és oxigén.

Most már ismered a tényeket."
344,"Természet, tudomány és technika – 104. rész","Alább ellenőrzött tudást találsz.

Jegyezd meg: A böngésző a program, amivel weboldalakat nyitsz, pl. Chrome, Firefox, Edge vagy Safari. Folytatjuk. Tény: Nappal és éjjel azért van, mert a Föld forog. A napos oldal nappal, a másik éjjel. A következő pontra. Biztos: A levelek zöldek klorofill miatt, a fotoszintézis pigmentje. A következő pontra. Tény: Az áram egyszerűen töltések irányított mozgása, általában vezetékben elektronok.

Ennyi erről. Röviden: Naprendszerünkben 8 bolygó van: Merkúr, Vénusz, Föld, Mars, Jupiter, Szaturnusz, Uránusz, Neptunusz. Tovább. Tudtad? Az üvegházhatás tartja a hőt. Túl sok gáz melegíti az éghajlatot. Ez is számít. Tény: A vírus terjedő és károsító káros program. Védd frissítésekkel és óvatossággal. Ennyi erről.

Jó tudni: A műanyag alig bomlik, szemeteli a természetet és tengereket, mikroműanyaggá válik. Ez is számít. Tény: A mesterséges intelligencia adatokból tanuló, mintákat felismerő és feladatokat megoldó programok. Még egy tény. Jó tudni: A Nap forró gázcsillag, fényt és hőt ad. Folytatjuk. Röviden: Az app program, általában telefonra, pl. üzenetek, fotók vagy játékok.

Folytatjuk. Tény: A műanyag alig bomlik, szemeteli a természetet és tengereket, mikroműanyaggá válik. Még egy tény. Tudtad? Az áram egyszerűen töltések irányított mozgása, általában vezetékben elektronok.

Ez volt a lényeg."
345,"Természet, tudomány és technika – 105. rész","Ez a szöveg fontos tényeket mutat be. Olvasd nyugodtan.

Röviden: Földrengés akkor van, amikor a lemezek hirtelen mozognak és energiát szabadítanak. Még egy tény. Az emlősöknek szőrük van, élő utódot szülnek és tejjel táplálják. Folytatjuk. Jó tudni: A tüdő oxigént vesz fel és szén-dioxidot ad le. Folytatjuk. Az áram egyszerűen töltések irányított mozgása, általában vezetékben elektronok.

Ennyi erről. Biztos: A méhek beporozzák a növényeket, biztosítva terméseket és sokféleséget. Tovább. Tény: A mézet a méhek virágnektárból készítik. Folytatjuk. A víz H2O, hidrogén és oxigén vegyülete. Ez is számít.

Röviden: A böngésző a program, amivel weboldalakat nyitsz, pl. Chrome, Firefox, Edge vagy Safari. Folytatjuk. Az időjárás rövid állapot; az éghajlat kb. 30 év átlaga. Folytatjuk. Jegyezd meg: Az üvegházhatás tartja a hőt. Túl sok gáz melegíti az éghajlatot. A következő pontra. Jó tudni: Az újrahasznosítás hulladékot gyűjt, hogy új termékeket készítsen.

Folytatjuk. Tudtad? A fotoszintézis fényből, vízből és CO2-ből cukrot és oxigént készít. Folytatjuk. Jó tudni: Az időjárás rövid állapot; az éghajlat kb. 30 év átlaga.

Vége ennek az áttekintésnek."
346,"Természet, tudomány és technika – 106. rész","Ez a szöveg lépésről lépésre magyaráz.

Röviden: A levegő gázkeverék, főleg nitrogén és oxigén. A következő pontra. Tény: Az emlősöknek szőrük van, élő utódot szülnek és tejjel táplálják. Tovább. Jó tudni: A Hold azért világít, mert a Nap fényét tükrözi. Még egy tény. Biztos: Az üvegházhatás tartja a hőt. Túl sok gáz melegíti az éghajlatot.

Ez is számít. Röviden: A vírus terjedő és károsító káros program. Védd frissítésekkel és óvatossággal. Folytatjuk. Röviden: A felhő szerverek az interneten, ahol adatot tartasz és szolgáltatást használsz. Ennyi erről. Tény: A fotoszintézis fényből, vízből és CO2-ből cukrot és oxigént készít. A következő pontra.

Tény: A méhek beporozzák a növényeket, biztosítva terméseket és sokféleséget. A következő pontra. Biztos: A levelek zöldek klorofill miatt, a fotoszintézis pigmentje. Folytatjuk. Jegyezd meg: A láz emelkedett testhőmérséklet, gyakran fertőzések elleni védekezés. Ennyi erről. Röviden: Az alvás segíti a regenerálódást, a memóriát és az immunitást.

Tovább. Biztos: A szív vért pumpál az egész testben. Ez is számít. Tudtad? A fotoszintézis fényből, vízből és CO2-ből cukrot és oxigént készít.

Most már ismered a tényeket."
347,"Természet, tudomány és technika – 107. rész","Ez a szöveg fontos tényeket mutat be. Olvasd nyugodtan.

Tudtad? Nappal és éjjel azért van, mert a Föld forog. A napos oldal nappal, a másik éjjel. Folytatjuk. Tudtad? A levelek zöldek klorofill miatt, a fotoszintézis pigmentje. A következő pontra. Jó tudni: A tüdő oxigént vesz fel és szén-dioxidot ad le. Tovább. Röviden: Az erős jelszó hosszú, szolgáltatásonként egyedi és kezelőben tartott.

Tovább. Röviden: Az üvegházhatás tartja a hőt. Túl sok gáz melegíti az éghajlatot. A következő pontra. Tudtad? A böngésző a program, amivel weboldalakat nyitsz, pl. Chrome, Firefox, Edge vagy Safari. Folytatjuk. Jegyezd meg: Az áram egyszerűen töltések irányított mozgása, általában vezetékben elektronok. Tovább.

Tény: A napelemek a fényt közvetlenül árammá alakítják. Ez is számít. A Wi-Fi vezeték nélküli helyi háló internetre kábelek nélkül. Tovább. Röviden: A műanyag alig bomlik, szemeteli a természetet és tengereket, mikroműanyaggá válik. Folytatjuk. Jegyezd meg: A mézet a méhek virágnektárból készítik.

Még egy tény. Röviden: Az eső párolgással keletkezik: víz felszáll, hűl, felhőt képez és cseppekben esik. A következő pontra. Tény: A tüdő oxigént vesz fel és szén-dioxidot ad le.

Ez volt a lényeg."
348,"Természet, tudomány és technika – 108. rész","Itt rendezett tudást tanulsz. Ne siess.

A Nap forró gázcsillag, fényt és hőt ad. Ez is számít. Tudtad? A mesterséges intelligencia adatokból tanuló, mintákat felismerő és feladatokat megoldó programok. Ennyi erről. Tény: Az ég kék Rayleigh-szórás miatt: a kék fény jobban szóródik mint a vörös. Ennyi erről. Tudtad? Az üvegházhatás tartja a hőt. Túl sok gáz melegíti az éghajlatot.

Ennyi erről. Jegyezd meg: Az újrahasznosítás hulladékot gyűjt, hogy új termékeket készítsen. Ennyi erről. Tény: Földrengés akkor van, amikor a lemezek hirtelen mozognak és energiát szabadítanak. Még egy tény. Biztos: A Wi-Fi vezeték nélküli helyi háló internetre kábelek nélkül. Tovább.

A gravitáció tömegek vonzása. A Föld mindent lefelé vonz, ezért esnek a dolgok. Még egy tény. Biztos: A láz emelkedett testhőmérséklet, gyakran fertőzések elleni védekezés. Ennyi erről. Biztos: A hűtő hőt pumpál belülről kifelé hűtőközeggel: belül elpárolog, hőt felvesz, kint lead. Még egy tény. A felhő szerverek az interneten, ahol adatot tartasz és szolgáltatást használsz.

Még egy tény. Jó tudni: Az eső párolgással keletkezik: víz felszáll, hűl, felhőt képez és cseppekben esik. Folytatjuk. Tény: A levegő gázkeverék, főleg nitrogén és oxigén.

Vége ennek az áttekintésnek."
349,"Természet, tudomány és technika – 109. rész","Itt rendezett tudást tanulsz. Ne siess.

Jegyezd meg: A Wi-Fi vezeték nélküli helyi háló internetre kábelek nélkül. Még egy tény. Jó tudni: A levelek zöldek klorofill miatt, a fotoszintézis pigmentje. Még egy tény. Biztos: Az évszakok a tengely dőléséből jönnek: mindegyik félteke felváltva dől a Nap felé. A következő pontra. A Nap forró gázcsillag, fényt és hőt ad.

Tovább. Biztos: A víz H2O, hidrogén és oxigén vegyülete. Még egy tény. Röviden: Az üvegházhatás tartja a hőt. Túl sok gáz melegíti az éghajlatot. Folytatjuk. Az időjárás rövid állapot; az éghajlat kb. 30 év átlaga. Még egy tény.

Jó tudni: A mézet a méhek virágnektárból készítik. Még egy tény. Jegyezd meg: A Nap forró gázcsillag, fényt és hőt ad. Ez is számít. Röviden: Az atom az anyag legkisebb egysége, magból és elektronokból. A következő pontra. Jó tudni: A műanyag alig bomlik, szemeteli a természetet és tengereket, mikroműanyaggá válik.

Tovább. Az erős jelszó hosszú, szolgáltatásonként egyedi és kezelőben tartott. Még egy tény. Az üvegházhatás tartja a hőt. Túl sok gáz melegíti az éghajlatot.

Ez volt a lényeg."
350,"Természet, tudomány és technika – 110. rész","Ez a szöveg fontos tényeket mutat be. Olvasd nyugodtan.

Tény: Az évszakok a tengely dőléséből jönnek: mindegyik félteke felváltva dől a Nap felé. Még egy tény. Jó tudni: Kb. 2 percig, naponta kétszer. Folytatjuk. Az atom az anyag legkisebb egysége, magból és elektronokból. Folytatjuk. A fotoszintézis fényből, vízből és CO2-ből cukrot és oxigént készít.

Folytatjuk. Tudtad? Az alvás segíti a regenerálódást, a memóriát és az immunitást. Ez is számít. Tény: Naprendszerünkben 8 bolygó van: Merkúr, Vénusz, Föld, Mars, Jupiter, Szaturnusz, Uránusz, Neptunusz. Folytatjuk. Tény: A Nap forró gázcsillag, fényt és hőt ad. Tovább.

Tudtad? A levelek zöldek klorofill miatt, a fotoszintézis pigmentje. Ez is számít. Röviden: Az ég kék Rayleigh-szórás miatt: a kék fény jobban szóródik mint a vörös. Még egy tény. Jó tudni: Földrengés akkor van, amikor a lemezek hirtelen mozognak és energiát szabadítanak. Ez is számít. Jó tudni: Az eső párolgással keletkezik: víz felszáll, hűl, felhőt képez és cseppekben esik.

Ennyi erről. Tény: A műanyag alig bomlik, szemeteli a természetet és tengereket, mikroműanyaggá válik. Még egy tény. A víz stabilizálja a keringést és a fókuszt, segíti a vesét és a bőrt, megelőzi a fejfájást.

Vége ennek az áttekintésnek."
351,"Természet, tudomány és technika – 111. rész","Itt rendezett tudást tanulsz. Ne siess.

Az atom az anyag legkisebb egysége, magból és elektronokból. Ennyi erről. Röviden: Az eső párolgással keletkezik: víz felszáll, hűl, felhőt képez és cseppekben esik. Még egy tény. Tény: Az újrahasznosítás hulladékot gyűjt, hogy új termékeket készítsen. Ez is számít. Biztos: A Hold azért világít, mert a Nap fényét tükrözi.

Folytatjuk. Jó tudni: Földrengés akkor van, amikor a lemezek hirtelen mozognak és energiát szabadítanak. A következő pontra. Az évszakok a tengely dőléséből jönnek: mindegyik félteke felváltva dől a Nap felé. Tovább. A mézet a méhek virágnektárból készítik. Ez is számít.

Biztos: Naprendszerünkben 8 bolygó van: Merkúr, Vénusz, Föld, Mars, Jupiter, Szaturnusz, Uránusz, Neptunusz. Tovább. Tudtad? A mézet a méhek virágnektárból készítik. Ennyi erről. Tény: A böngésző a program, amivel weboldalakat nyitsz, pl. Chrome, Firefox, Edge vagy Safari. Ennyi erről. Biztos: A vírus apró kórokozó, amely gazdasejt nélkül nem szaporodik.

Folytatjuk. Jegyezd meg: A napelemek a fényt közvetlenül árammá alakítják. Tovább. Röviden: Az alvás segíti a regenerálódást, a memóriát és az immunitást.

Vége ennek az áttekintésnek."
352,"Természet, tudomány és technika – 112. rész","Ez a szöveg lépésről lépésre magyaráz.

Tudtad? Az elem kémiai energiát alakít elektromossá. A következő pontra. Jegyezd meg: A Hold azért világít, mert a Nap fényét tükrözi. A következő pontra. Jegyezd meg: Naprendszerünkben 8 bolygó van: Merkúr, Vénusz, Föld, Mars, Jupiter, Szaturnusz, Uránusz, Neptunusz. Ennyi erről. Biztos: A Hold azért világít, mert a Nap fényét tükrözi.

A következő pontra. Röviden: A műanyag alig bomlik, szemeteli a természetet és tengereket, mikroműanyaggá válik. Folytatjuk. Röviden: A Wi-Fi vezeték nélküli helyi háló internetre kábelek nélkül. Tovább. Röviden: A fotoszintézis fényből, vízből és CO2-ből cukrot és oxigént készít. Tovább.

Naprendszerünkben 8 bolygó van: Merkúr, Vénusz, Föld, Mars, Jupiter, Szaturnusz, Uránusz, Neptunusz. Ennyi erről. Jegyezd meg: A tüdő oxigént vesz fel és szén-dioxidot ad le. Folytatjuk. Jó tudni: Az üvegházhatás tartja a hőt. Túl sok gáz melegíti az éghajlatot. Folytatjuk. Jó tudni: A levegő gázkeverék, főleg nitrogén és oxigén.

Folytatjuk. Jegyezd meg: A gravitáció tömegek vonzása. A Föld mindent lefelé vonz, ezért esnek a dolgok. Ennyi erről. Tény: A láz emelkedett testhőmérséklet, gyakran fertőzések elleni védekezés.

Ez volt a lényeg."
353,"Természet, tudomány és technika – 113. rész","Ez a szöveg lépésről lépésre magyaráz.

Az elem kémiai energiát alakít elektromossá. A következő pontra. Tudtad? A víz H2O, hidrogén és oxigén vegyülete. Ennyi erről. Jó tudni: A Wi-Fi vezeték nélküli helyi háló internetre kábelek nélkül. Tovább. Jegyezd meg: Az alvás segíti a regenerálódást, a memóriát és az immunitást.

Folytatjuk. Jó tudni: A vírus terjedő és károsító káros program. Védd frissítésekkel és óvatossággal. A következő pontra. Tény: Az évszakok a tengely dőléséből jönnek: mindegyik félteke felváltva dől a Nap felé. Ennyi erről. Jó tudni: Az ég kék Rayleigh-szórás miatt: a kék fény jobban szóródik mint a vörös. A következő pontra.

Tény: Az erős jelszó hosszú, szolgáltatásonként egyedi és kezelőben tartott. Folytatjuk. A levegő gázkeverék, főleg nitrogén és oxigén. A következő pontra. Tudtad? Az időjárás rövid állapot; az éghajlat kb. 30 év átlaga. Még egy tény. Jegyezd meg: Az eső párolgással keletkezik: víz felszáll, hűl, felhőt képez és cseppekben esik.

Még egy tény. Jó tudni: A méhek beporozzák a növényeket, biztosítva terméseket és sokféleséget. A következő pontra. Tudtad? A szív vért pumpál az egész testben.

Most már ismered a tényeket."
354,"Természet, tudomány és technika – 114. rész","Ez a szöveg fontos tényeket mutat be. Olvasd nyugodtan.

Jó tudni: A hűtő hőt pumpál belülről kifelé hűtőközeggel: belül elpárolog, hőt felvesz, kint lead. A következő pontra. Jó tudni: A GPS műholdjelekből és utazási idejükből találja a pozíciót. A következő pontra. Tény: A mesterséges intelligencia adatokból tanuló, mintákat felismerő és feladatokat megoldó programok. Folytatjuk. Biztos: A GPS műholdjelekből és utazási idejükből találja a pozíciót.

Folytatjuk. Tény: Az eső párolgással keletkezik: víz felszáll, hűl, felhőt képez és cseppekben esik. Még egy tény. Biztos: A műanyag alig bomlik, szemeteli a természetet és tengereket, mikroműanyaggá válik. Tovább. Tudtad? Az áram egyszerűen töltések irányított mozgása, általában vezetékben elektronok. Tovább.

Biztos: A vírus terjedő és károsító káros program. Védd frissítésekkel és óvatossággal. Folytatjuk. Biztos: Az időjárás rövid állapot; az éghajlat kb. 30 év átlaga. Tovább. Jegyezd meg: A Hold azért világít, mert a Nap fényét tükrözi. Ez is számít. Tény: Az alvás segíti a regenerálódást, a memóriát és az immunitást.

Ez is számít. Jegyezd meg: Az újrahasznosítás hulladékot gyűjt, hogy új termékeket készítsen. Még egy tény. Jó tudni: Az elem kémiai energiát alakít elektromossá.

A szöveg vége. Szép munka."
355,"Természet, tudomány és technika – 115. rész","Ez a szöveg lépésről lépésre magyaráz.

Tény: A felhő szerverek az interneten, ahol adatot tartasz és szolgáltatást használsz. Ennyi erről. Röviden: Az ég kék Rayleigh-szórás miatt: a kék fény jobban szóródik mint a vörös. Ennyi erről. Jegyezd meg: Az atom az anyag legkisebb egysége, magból és elektronokból. A következő pontra. Tény: Nappal és éjjel azért van, mert a Föld forog. A napos oldal nappal, a másik éjjel.

A következő pontra. Jegyezd meg: Az alvás segíti a regenerálódást, a memóriát és az immunitást. Folytatjuk. Tény: A levelek zöldek klorofill miatt, a fotoszintézis pigmentje. Ennyi erről. Röviden: Az elem kémiai energiát alakít elektromossá. Tovább.

Tény: Az erős jelszó hosszú, szolgáltatásonként egyedi és kezelőben tartott. Még egy tény. Az atom az anyag legkisebb egysége, magból és elektronokból. Ez is számít. Röviden: Az eső párolgással keletkezik: víz felszáll, hűl, felhőt képez és cseppekben esik. Még egy tény. Tudtad? A napelemek a fényt közvetlenül árammá alakítják.

Ennyi erről. Jó tudni: A napelemek a fényt közvetlenül árammá alakítják. A következő pontra. Tudtad? Az atom az anyag legkisebb egysége, magból és elektronokból.

Most már ismered a tényeket."
356,"Természet, tudomány és technika – 116. rész","Ez a szöveg fontos tényeket mutat be. Olvasd nyugodtan.

Jegyezd meg: A böngésző a program, amivel weboldalakat nyitsz, pl. Chrome, Firefox, Edge vagy Safari. Ez is számít. Biztos: A műanyag alig bomlik, szemeteli a természetet és tengereket, mikroműanyaggá válik. Ennyi erről. Jó tudni: A Hold azért világít, mert a Nap fényét tükrözi. Folytatjuk. Tudtad? Az app program, általában telefonra, pl. üzenetek, fotók vagy játékok.

Ennyi erről. Jegyezd meg: Földrengés akkor van, amikor a lemezek hirtelen mozognak és energiát szabadítanak. Ennyi erről. Tudtad? A vírus terjedő és károsító káros program. Védd frissítésekkel és óvatossággal. Ez is számít. Röviden: A tüdő oxigént vesz fel és szén-dioxidot ad le. Ez is számít.

Az évszakok a tengely dőléséből jönnek: mindegyik félteke felváltva dől a Nap felé. Ez is számít. Biztos: Az áram egyszerűen töltések irányított mozgása, általában vezetékben elektronok. Ez is számít. Jó tudni: A tüdő oxigént vesz fel és szén-dioxidot ad le. Folytatjuk. A víz stabilizálja a keringést és a fókuszt, segíti a vesét és a bőrt, megelőzi a fejfájást.

Még egy tény. Jó tudni: A böngésző a program, amivel weboldalakat nyitsz, pl. Chrome, Firefox, Edge vagy Safari. Folytatjuk. Az áram egyszerűen töltések irányított mozgása, általában vezetékben elektronok.

Vége ennek az áttekintésnek."
357,"Természet, tudomány és technika – 117. rész","Itt rendezett tudást tanulsz. Ne siess.

Röviden: A mézet a méhek virágnektárból készítik. Tovább. Az újrahasznosítás hulladékot gyűjt, hogy új termékeket készítsen. Ennyi erről. Jó tudni: Az erős jelszó hosszú, szolgáltatásonként egyedi és kezelőben tartott. A következő pontra. Biztos: Nappal és éjjel azért van, mert a Föld forog. A napos oldal nappal, a másik éjjel.

Még egy tény. Tudtad? Az áram egyszerűen töltések irányított mozgása, általában vezetékben elektronok. Még egy tény. Az elem kémiai energiát alakít elektromossá. Folytatjuk. Tény: Az elem kémiai energiát alakít elektromossá. Folytatjuk.

Jó tudni: Az üvegházhatás tartja a hőt. Túl sok gáz melegíti az éghajlatot. A következő pontra. Jó tudni: Az emlősöknek szőrük van, élő utódot szülnek és tejjel táplálják. Ez is számít. Tény: Naprendszerünkben 8 bolygó van: Merkúr, Vénusz, Föld, Mars, Jupiter, Szaturnusz, Uránusz, Neptunusz. Ennyi erről. Jegyezd meg: A Wi-Fi vezeték nélküli helyi háló internetre kábelek nélkül.

Ez is számít. Tudtad? A tüdő oxigént vesz fel és szén-dioxidot ad le. A következő pontra. Röviden: Az újrahasznosítás hulladékot gyűjt, hogy új termékeket készítsen.

Ez volt a lényeg."
358,"Természet, tudomány és technika – 118. rész","Ez a szöveg lépésről lépésre magyaráz.

Tudtad? A víz stabilizálja a keringést és a fókuszt, segíti a vesét és a bőrt, megelőzi a fejfájást. Ez is számít. Jegyezd meg: A felhő szerverek az interneten, ahol adatot tartasz és szolgáltatást használsz. Ez is számít. Jegyezd meg: Az újrahasznosítás hulladékot gyűjt, hogy új termékeket készítsen. Tovább. Röviden: Az évszakok a tengely dőléséből jönnek: mindegyik félteke felváltva dől a Nap felé.

A következő pontra. Nappal és éjjel azért van, mert a Föld forog. A napos oldal nappal, a másik éjjel. Még egy tény. A GPS műholdjelekből és utazási idejükből találja a pozíciót. A következő pontra. Röviden: A levegő gázkeverék, főleg nitrogén és oxigén. Ennyi erről.

Jó tudni: Az időjárás rövid állapot; az éghajlat kb. 30 év átlaga. Ennyi erről. Tudtad? A víz H2O, hidrogén és oxigén vegyülete. Ennyi erről. Biztos: A víz H2O, hidrogén és oxigén vegyülete. Ez is számít. Tény: Az erős jelszó hosszú, szolgáltatásonként egyedi és kezelőben tartott.

Ennyi erről. Jó tudni: Az emlősöknek szőrük van, élő utódot szülnek és tejjel táplálják. A következő pontra. Jegyezd meg: A Hold azért világít, mert a Nap fényét tükrözi.

Ez volt a lényeg."
359,"Természet, tudomány és technika – 119. rész","Ez a szöveg fontos tényeket mutat be. Olvasd nyugodtan.

Röviden: Földrengés akkor van, amikor a lemezek hirtelen mozognak és energiát szabadítanak. Folytatjuk. Tudtad? Az áram egyszerűen töltések irányított mozgása, általában vezetékben elektronok. Tovább. Röviden: Az időjárás rövid állapot; az éghajlat kb. 30 év átlaga. Még egy tény. Tény: Az app program, általában telefonra, pl. üzenetek, fotók vagy játékok.

Tovább. A vírus apró kórokozó, amely gazdasejt nélkül nem szaporodik. Még egy tény. Tény: A GPS műholdjelekből és utazási idejükből találja a pozíciót. Ez is számít. Jegyezd meg: A víz stabilizálja a keringést és a fókuszt, segíti a vesét és a bőrt, megelőzi a fejfájást. A következő pontra.

Biztos: Nappal és éjjel azért van, mert a Föld forog. A napos oldal nappal, a másik éjjel. Ez is számít. Tudtad? A víz stabilizálja a keringést és a fókuszt, segíti a vesét és a bőrt, megelőzi a fejfájást. Ez is számít. Röviden: A láz emelkedett testhőmérséklet, gyakran fertőzések elleni védekezés. A következő pontra. Röviden: A mézet a méhek virágnektárból készítik.

Még egy tény. Tudtad? A Hold azért világít, mert a Nap fényét tükrözi. Folytatjuk. A víz stabilizálja a keringést és a fókuszt, segíti a vesét és a bőrt, megelőzi a fejfájást.

Vége ennek az áttekintésnek."
360,"Természet, tudomány és technika – 120. rész","Alább ellenőrzött tudást találsz.

Biztos: Az üvegházhatás tartja a hőt. Túl sok gáz melegíti az éghajlatot. Még egy tény. Jegyezd meg: Az atom az anyag legkisebb egysége, magból és elektronokból. Tovább. Biztos: Az atom az anyag legkisebb egysége, magból és elektronokból. Folytatjuk. A Nap forró gázcsillag, fényt és hőt ad.

Még egy tény. A tüdő oxigént vesz fel és szén-dioxidot ad le. Ez is számít. Biztos: A Nap forró gázcsillag, fényt és hőt ad. Ez is számít. Tény: Az atom az anyag legkisebb egysége, magból és elektronokból. A következő pontra.

Tény: Az időjárás rövid állapot; az éghajlat kb. 30 év átlaga. Ennyi erről. Röviden: A mézet a méhek virágnektárból készítik. Még egy tény. Röviden: Földrengés akkor van, amikor a lemezek hirtelen mozognak és energiát szabadítanak. A következő pontra. Röviden: A Hold azért világít, mert a Nap fényét tükrözi.

Még egy tény. Jó tudni: Az alvás segíti a regenerálódást, a memóriát és az immunitást. Ez is számít. Jó tudni: Az elem kémiai energiát alakít elektromossá.

Vége ennek az áttekintésnek."
361,"Természet, tudomány és technika – 121. rész","Ez a szöveg lépésről lépésre magyaráz.

Tudtad? A Wi-Fi vezeték nélküli helyi háló internetre kábelek nélkül. A következő pontra. Röviden: A mézet a méhek virágnektárból készítik. Folytatjuk. Jó tudni: A böngésző a program, amivel weboldalakat nyitsz, pl. Chrome, Firefox, Edge vagy Safari. Folytatjuk. A Nap forró gázcsillag, fényt és hőt ad.

Tovább. A műanyag alig bomlik, szemeteli a természetet és tengereket, mikroműanyaggá válik. Tovább. Tudtad? A levelek zöldek klorofill miatt, a fotoszintézis pigmentje. Tovább. Biztos: A böngésző a program, amivel weboldalakat nyitsz, pl. Chrome, Firefox, Edge vagy Safari. Még egy tény.

Biztos: A víz H2O, hidrogén és oxigén vegyülete. Tovább. Tény: Az eső párolgással keletkezik: víz felszáll, hűl, felhőt képez és cseppekben esik. A következő pontra. Tudtad? A hűtő hőt pumpál belülről kifelé hűtőközeggel: belül elpárolog, hőt felvesz, kint lead. A következő pontra. Jegyezd meg: Földrengés akkor van, amikor a lemezek hirtelen mozognak és energiát szabadítanak.

Ez is számít. Jó tudni: Az erős jelszó hosszú, szolgáltatásonként egyedi és kezelőben tartott. Ez is számít. Tudtad? Az app program, általában telefonra, pl. üzenetek, fotók vagy játékok.

A szöveg vége. Szép munka."
362,"Természet, tudomány és technika – 122. rész","Alább ellenőrzött tudást találsz.

Tudtad? Földrengés akkor van, amikor a lemezek hirtelen mozognak és energiát szabadítanak. Még egy tény. Jó tudni: Az erős jelszó hosszú, szolgáltatásonként egyedi és kezelőben tartott. Ez is számít. Jó tudni: A hűtő hőt pumpál belülről kifelé hűtőközeggel: belül elpárolog, hőt felvesz, kint lead. Még egy tény. A levelek zöldek klorofill miatt, a fotoszintézis pigmentje.

Ennyi erről. Jegyezd meg: A vírus apró kórokozó, amely gazdasejt nélkül nem szaporodik. Folytatjuk. A víz stabilizálja a keringést és a fókuszt, segíti a vesét és a bőrt, megelőzi a fejfájást. Tovább. Röviden: A Hold azért világít, mert a Nap fényét tükrözi. A következő pontra.

Tudtad? A műanyag alig bomlik, szemeteli a természetet és tengereket, mikroműanyaggá válik. Tovább. Jó tudni: Az elem kémiai energiát alakít elektromossá. A következő pontra. Jegyezd meg: A hűtő hőt pumpál belülről kifelé hűtőközeggel: belül elpárolog, hőt felvesz, kint lead. Tovább. Röviden: A tüdő oxigént vesz fel és szén-dioxidot ad le.

A következő pontra. Biztos: Az üvegházhatás tartja a hőt. Túl sok gáz melegíti az éghajlatot. Ez is számít. A GPS műholdjelekből és utazási idejükből találja a pozíciót.

Most már ismered a tényeket."
363,"Természet, tudomány és technika – 123. rész","Itt rendezett tudást tanulsz. Ne siess.

Biztos: Az időjárás rövid állapot; az éghajlat kb. 30 év átlaga. A következő pontra. A hűtő hőt pumpál belülről kifelé hűtőközeggel: belül elpárolog, hőt felvesz, kint lead. Ez is számít. Tény: A mézet a méhek virágnektárból készítik. Ennyi erről. Röviden: Földrengés akkor van, amikor a lemezek hirtelen mozognak és energiát szabadítanak.

Még egy tény. Röviden: A vírus terjedő és károsító káros program. Védd frissítésekkel és óvatossággal. A következő pontra. Tudtad? Az alvás segíti a regenerálódást, a memóriát és az immunitást. Folytatjuk. Röviden: Nappal és éjjel azért van, mert a Föld forog. A napos oldal nappal, a másik éjjel. Még egy tény.

A levelek zöldek klorofill miatt, a fotoszintézis pigmentje. A következő pontra. Tudtad? A műanyag alig bomlik, szemeteli a természetet és tengereket, mikroműanyaggá válik. Ennyi erről. Röviden: A láz emelkedett testhőmérséklet, gyakran fertőzések elleni védekezés. A következő pontra. Tény: Nappal és éjjel azért van, mert a Föld forog. A napos oldal nappal, a másik éjjel.

Ennyi erről. Tudtad? Az emlősöknek szőrük van, élő utódot szülnek és tejjel táplálják. Ez is számít. Tény: Az ég kék Rayleigh-szórás miatt: a kék fény jobban szóródik mint a vörös.

Most már ismered a tényeket."
364,"Természet, tudomány és technika – 124. rész","Ez a szöveg lépésről lépésre magyaráz.

Röviden: A víz H2O, hidrogén és oxigén vegyülete. Még egy tény. Jó tudni: A hűtő hőt pumpál belülről kifelé hűtőközeggel: belül elpárolog, hőt felvesz, kint lead. Folytatjuk. Tény: Az app program, általában telefonra, pl. üzenetek, fotók vagy játékok. A következő pontra. Tudtad? A mézet a méhek virágnektárból készítik.

Ennyi erről. Jegyezd meg: A méhek beporozzák a növényeket, biztosítva terméseket és sokféleséget. Tovább. Biztos: Az időjárás rövid állapot; az éghajlat kb. 30 év átlaga. Még egy tény. Tény: A méhek beporozzák a növényeket, biztosítva terméseket és sokféleséget. Még egy tény.

Jegyezd meg: A levegő gázkeverék, főleg nitrogén és oxigén. Ez is számít. Jegyezd meg: A víz H2O, hidrogén és oxigén vegyülete. Tovább. Röviden: Az évszakok a tengely dőléséből jönnek: mindegyik félteke felváltva dől a Nap felé. Folytatjuk. Biztos: A vírus apró kórokozó, amely gazdasejt nélkül nem szaporodik.

Folytatjuk. Jó tudni: Az áram egyszerűen töltések irányított mozgása, általában vezetékben elektronok. Ennyi erről. Biztos: Az áram egyszerűen töltések irányított mozgása, általában vezetékben elektronok.

Most már ismered a tényeket."
365,"Természet, tudomány és technika – 125. rész","Ez a szöveg fontos tényeket mutat be. Olvasd nyugodtan.

Tény: A levelek zöldek klorofill miatt, a fotoszintézis pigmentje. Ez is számít. Tudtad? Az időjárás rövid állapot; az éghajlat kb. 30 év átlaga. Ez is számít. Jegyezd meg: A műanyag alig bomlik, szemeteli a természetet és tengereket, mikroműanyaggá válik. Még egy tény. Jó tudni: Az áram egyszerűen töltések irányított mozgása, általában vezetékben elektronok.

Tovább. Röviden: A szív vért pumpál az egész testben. Ez is számít. Jó tudni: A levelek zöldek klorofill miatt, a fotoszintézis pigmentje. Folytatjuk. Tudtad? Az emlősöknek szőrük van, élő utódot szülnek és tejjel táplálják. Ennyi erről.

Jó tudni: A Wi-Fi vezeték nélküli helyi háló internetre kábelek nélkül. A következő pontra. Biztos: Az atom az anyag legkisebb egysége, magból és elektronokból. A következő pontra. Biztos: Naprendszerünkben 8 bolygó van: Merkúr, Vénusz, Föld, Mars, Jupiter, Szaturnusz, Uránusz, Neptunusz. Tovább. Az app program, általában telefonra, pl. üzenetek, fotók vagy játékok.

A következő pontra. Jó tudni: A napelemek a fényt közvetlenül árammá alakítják. Még egy tény. Jó tudni: A GPS műholdjelekből és utazási idejükből találja a pozíciót.

A szöveg vége. Szép munka."
366,"Természet, tudomány és technika – 126. rész","Ez a szöveg lépésről lépésre magyaráz.

Az időjárás rövid állapot; az éghajlat kb. 30 év átlaga. Ez is számít. Biztos: Az eső párolgással keletkezik: víz felszáll, hűl, felhőt képez és cseppekben esik. Még egy tény. Biztos: Az emlősöknek szőrük van, élő utódot szülnek és tejjel táplálják. Folytatjuk. Röviden: A GPS műholdjelekből és utazási idejükből találja a pozíciót.

Folytatjuk. Tudtad? A Wi-Fi vezeték nélküli helyi háló internetre kábelek nélkül. Még egy tény. Földrengés akkor van, amikor a lemezek hirtelen mozognak és energiát szabadítanak. A következő pontra. Tény: Az erős jelszó hosszú, szolgáltatásonként egyedi és kezelőben tartott. Ennyi erről.

Tény: A méhek beporozzák a növényeket, biztosítva terméseket és sokféleséget. Még egy tény. Jó tudni: Földrengés akkor van, amikor a lemezek hirtelen mozognak és energiát szabadítanak. Még egy tény. Biztos: A műanyag alig bomlik, szemeteli a természetet és tengereket, mikroműanyaggá válik. Még egy tény. Röviden: Az alvás segíti a regenerálódást, a memóriát és az immunitást.

Ez is számít. Tudtad? A gravitáció tömegek vonzása. A Föld mindent lefelé vonz, ezért esnek a dolgok. Ez is számít. Jó tudni: Az időjárás rövid állapot; az éghajlat kb. 30 év átlaga.

Most már ismered a tényeket."
367,"Természet, tudomány és technika – 127. rész","Ez a szöveg fontos tényeket mutat be. Olvasd nyugodtan.

Jegyezd meg: A mesterséges intelligencia adatokból tanuló, mintákat felismerő és feladatokat megoldó programok. Ez is számít. Jegyezd meg: A fotoszintézis fényből, vízből és CO2-ből cukrot és oxigént készít. Még egy tény. Jó tudni: A műanyag alig bomlik, szemeteli a természetet és tengereket, mikroműanyaggá válik. Tovább. Jegyezd meg: Az app program, általában telefonra, pl. üzenetek, fotók vagy játékok.

Folytatjuk. A vírus terjedő és károsító káros program. Védd frissítésekkel és óvatossággal. A következő pontra. Biztos: Az atom az anyag legkisebb egysége, magból és elektronokból. Folytatjuk. Biztos: Az eső párolgással keletkezik: víz felszáll, hűl, felhőt képez és cseppekben esik. Folytatjuk.

Az emlősöknek szőrük van, élő utódot szülnek és tejjel táplálják. Ennyi erről. Tudtad? Az időjárás rövid állapot; az éghajlat kb. 30 év átlaga. Folytatjuk. Jegyezd meg: A szív vért pumpál az egész testben. A következő pontra. Jó tudni: A felhő szerverek az interneten, ahol adatot tartasz és szolgáltatást használsz.

Tovább. A műanyag alig bomlik, szemeteli a természetet és tengereket, mikroműanyaggá válik. A következő pontra. Jó tudni: A mézet a méhek virágnektárból készítik.

Vége ennek az áttekintésnek."
368,"Természet, tudomány és technika – 128. rész","Itt rendezett tudást tanulsz. Ne siess.

Biztos: Naprendszerünkben 8 bolygó van: Merkúr, Vénusz, Föld, Mars, Jupiter, Szaturnusz, Uránusz, Neptunusz. Tovább. Tudtad? Nappal és éjjel azért van, mert a Föld forog. A napos oldal nappal, a másik éjjel. A következő pontra. Tény: A víz H2O, hidrogén és oxigén vegyülete. Ez is számít. Jegyezd meg: Az áram egyszerűen töltések irányított mozgása, általában vezetékben elektronok.

Ennyi erről. Jegyezd meg: Nappal és éjjel azért van, mert a Föld forog. A napos oldal nappal, a másik éjjel. Még egy tény. Tudtad? Az üvegházhatás tartja a hőt. Túl sok gáz melegíti az éghajlatot. Még egy tény. Jegyezd meg: A levegő gázkeverék, főleg nitrogén és oxigén. Folytatjuk.

Jegyezd meg: Földrengés akkor van, amikor a lemezek hirtelen mozognak és energiát szabadítanak. A következő pontra. Jegyezd meg: A víz H2O, hidrogén és oxigén vegyülete. Ez is számít. Biztos: A Nap forró gázcsillag, fényt és hőt ad. Ez is számít. Jó tudni: A Hold azért világít, mert a Nap fényét tükrözi.

A következő pontra. Tudtad? Földrengés akkor van, amikor a lemezek hirtelen mozognak és energiát szabadítanak. Ez is számít. Röviden: A levelek zöldek klorofill miatt, a fotoszintézis pigmentje.

A szöveg vége. Szép munka."
369,"Természet, tudomány és technika – 129. rész","Ez a szöveg lépésről lépésre magyaráz.

Jegyezd meg: Az ég kék Rayleigh-szórás miatt: a kék fény jobban szóródik mint a vörös. Ennyi erről. Tény: A gravitáció tömegek vonzása. A Föld mindent lefelé vonz, ezért esnek a dolgok. Még egy tény. Tény: A hűtő hőt pumpál belülről kifelé hűtőközeggel: belül elpárolog, hőt felvesz, kint lead. Tovább. Jó tudni: A láz emelkedett testhőmérséklet, gyakran fertőzések elleni védekezés.

Még egy tény. Tény: Az erős jelszó hosszú, szolgáltatásonként egyedi és kezelőben tartott. Ez is számít. Tudtad? A láz emelkedett testhőmérséklet, gyakran fertőzések elleni védekezés. Folytatjuk. Biztos: A szív vért pumpál az egész testben. Ez is számít.

Jegyezd meg: A műanyag alig bomlik, szemeteli a természetet és tengereket, mikroműanyaggá válik. Folytatjuk. Jegyezd meg: Földrengés akkor van, amikor a lemezek hirtelen mozognak és energiát szabadítanak. Még egy tény. Biztos: Naprendszerünkben 8 bolygó van: Merkúr, Vénusz, Föld, Mars, Jupiter, Szaturnusz, Uránusz, Neptunusz. Tovább. Jó tudni: Az app program, általában telefonra, pl. üzenetek, fotók vagy játékok.

Ennyi erről. Jó tudni: A fotoszintézis fényből, vízből és CO2-ből cukrot és oxigént készít. Még egy tény. Biztos: Az alvás segíti a regenerálódást, a memóriát és az immunitást.

Ez volt a lényeg."
370,"Természet, tudomány és technika – 130. rész","Alább ellenőrzött tudást találsz.

Jó tudni: Az időjárás rövid állapot; az éghajlat kb. 30 év átlaga. Ez is számít. Röviden: Az atom az anyag legkisebb egysége, magból és elektronokból. Tovább. Biztos: Az újrahasznosítás hulladékot gyűjt, hogy új termékeket készítsen. Ez is számít. Tudtad? Az üvegházhatás tartja a hőt. Túl sok gáz melegíti az éghajlatot.

Még egy tény. Tudtad? A Nap forró gázcsillag, fényt és hőt ad. Ez is számít. Tény: A szív vért pumpál az egész testben. A következő pontra. Tény: A tüdő oxigént vesz fel és szén-dioxidot ad le. A következő pontra.

Tény: A vírus apró kórokozó, amely gazdasejt nélkül nem szaporodik. Ennyi erről. Az áram egyszerűen töltések irányított mozgása, általában vezetékben elektronok. A következő pontra. A víz H2O, hidrogén és oxigén vegyülete. A következő pontra. Tudtad? Az évszakok a tengely dőléséből jönnek: mindegyik félteke felváltva dől a Nap felé.

Ennyi erről. Biztos: A tüdő oxigént vesz fel és szén-dioxidot ad le. Ez is számít. Röviden: A láz emelkedett testhőmérséklet, gyakran fertőzések elleni védekezés.

Vége ennek az áttekintésnek."
371,"Természet, tudomány és technika – 131. rész","Itt rendezett tudást tanulsz. Ne siess.

A levegő gázkeverék, főleg nitrogén és oxigén. Folytatjuk. Jegyezd meg: Földrengés akkor van, amikor a lemezek hirtelen mozognak és energiát szabadítanak. Ez is számít. Röviden: A böngésző a program, amivel weboldalakat nyitsz, pl. Chrome, Firefox, Edge vagy Safari. Tovább. Jegyezd meg: Az áram egyszerűen töltések irányított mozgása, általában vezetékben elektronok.

Tovább. Biztos: A gravitáció tömegek vonzása. A Föld mindent lefelé vonz, ezért esnek a dolgok. Ennyi erről. Tény: A vírus apró kórokozó, amely gazdasejt nélkül nem szaporodik. A következő pontra. Tény: A víz stabilizálja a keringést és a fókuszt, segíti a vesét és a bőrt, megelőzi a fejfájást. Folytatjuk.

Jó tudni: Kb. 2 percig, naponta kétszer. Ez is számít. Jó tudni: A Hold azért világít, mert a Nap fényét tükrözi. Folytatjuk. Jó tudni: A fotoszintézis fényből, vízből és CO2-ből cukrot és oxigént készít. A következő pontra. Tény: A felhő szerverek az interneten, ahol adatot tartasz és szolgáltatást használsz.

Ez is számít. Tudtad? Az üvegházhatás tartja a hőt. Túl sok gáz melegíti az éghajlatot. Folytatjuk. Jegyezd meg: A napelemek a fényt közvetlenül árammá alakítják.

Most már ismered a tényeket."
372,"Természet, tudomány és technika – 132. rész","Alább ellenőrzött tudást találsz.

Jegyezd meg: A felhő szerverek az interneten, ahol adatot tartasz és szolgáltatást használsz. Ennyi erről. Tudtad? A felhő szerverek az interneten, ahol adatot tartasz és szolgáltatást használsz. A következő pontra. Tudtad? A fotoszintézis fényből, vízből és CO2-ből cukrot és oxigént készít. Tovább. Tény: Kb. 2 percig, naponta kétszer.

Folytatjuk. Jegyezd meg: A Hold azért világít, mert a Nap fényét tükrözi. Még egy tény. Röviden: A hűtő hőt pumpál belülről kifelé hűtőközeggel: belül elpárolog, hőt felvesz, kint lead. Folytatjuk. Jegyezd meg: Az évszakok a tengely dőléséből jönnek: mindegyik félteke felváltva dől a Nap felé. Még egy tény.

Tudtad? Az emlősöknek szőrük van, élő utódot szülnek és tejjel táplálják. Még egy tény. Jegyezd meg: Az erős jelszó hosszú, szolgáltatásonként egyedi és kezelőben tartott. Ez is számít. A mézet a méhek virágnektárból készítik. Folytatjuk. A levegő gázkeverék, főleg nitrogén és oxigén.

Ez is számít. Biztos: Nappal és éjjel azért van, mert a Föld forog. A napos oldal nappal, a másik éjjel. A következő pontra. Röviden: Az erős jelszó hosszú, szolgáltatásonként egyedi és kezelőben tartott.

Most már ismered a tényeket."
373,"Természet, tudomány és technika – 133. rész","Ez a szöveg fontos tényeket mutat be. Olvasd nyugodtan.

Tény: A gravitáció tömegek vonzása. A Föld mindent lefelé vonz, ezért esnek a dolgok. Tovább. Jó tudni: A méhek beporozzák a növényeket, biztosítva terméseket és sokféleséget. Tovább. Jó tudni: A napelemek a fényt közvetlenül árammá alakítják. A következő pontra. Jegyezd meg: Az üvegházhatás tartja a hőt. Túl sok gáz melegíti az éghajlatot.

Még egy tény. Tudtad? Földrengés akkor van, amikor a lemezek hirtelen mozognak és energiát szabadítanak. Ennyi erről. Biztos: A felhő szerverek az interneten, ahol adatot tartasz és szolgáltatást használsz. Folytatjuk. Jó tudni: A levelek zöldek klorofill miatt, a fotoszintézis pigmentje. Még egy tény.

Biztos: A mézet a méhek virágnektárból készítik. Még egy tény. Biztos: A Wi-Fi vezeték nélküli helyi háló internetre kábelek nélkül. A következő pontra. Biztos: A szív vért pumpál az egész testben. Ez is számít. Röviden: A méhek beporozzák a növényeket, biztosítva terméseket és sokféleséget.

Ennyi erről. Biztos: A víz H2O, hidrogén és oxigén vegyülete. Ennyi erről. Az újrahasznosítás hulladékot gyűjt, hogy új termékeket készítsen.

Ez volt a lényeg."
374,"Természet, tudomány és technika – 134. rész","Alább ellenőrzött tudást találsz.

Röviden: Az eső párolgással keletkezik: víz felszáll, hűl, felhőt képez és cseppekben esik. Még egy tény. Tudtad? Az ég kék Rayleigh-szórás miatt: a kék fény jobban szóródik mint a vörös. Folytatjuk. Jegyezd meg: A szív vért pumpál az egész testben. Még egy tény. Jó tudni: A napelemek a fényt közvetlenül árammá alakítják.

Ez is számít. Tudtad? Az alvás segíti a regenerálódást, a memóriát és az immunitást. Még egy tény. Biztos: A víz stabilizálja a keringést és a fókuszt, segíti a vesét és a bőrt, megelőzi a fejfájást. Ez is számít. Az időjárás rövid állapot; az éghajlat kb. 30 év átlaga. Folytatjuk.

Biztos: Az eső párolgással keletkezik: víz felszáll, hűl, felhőt képez és cseppekben esik. Ez is számít. Biztos: Az évszakok a tengely dőléséből jönnek: mindegyik félteke felváltva dől a Nap felé. Ennyi erről. Biztos: A láz emelkedett testhőmérséklet, gyakran fertőzések elleni védekezés. A következő pontra. Tudtad? A GPS műholdjelekből és utazási idejükből találja a pozíciót.

Folytatjuk. Tudtad? Kb. 2 percig, naponta kétszer. A következő pontra. Tény: A felhő szerverek az interneten, ahol adatot tartasz és szolgáltatást használsz.

Ez volt a lényeg."
375,"Természet, tudomány és technika – 135. rész","Ez a szöveg fontos tényeket mutat be. Olvasd nyugodtan.

Tudtad? A műanyag alig bomlik, szemeteli a természetet és tengereket, mikroműanyaggá válik. Ennyi erről. Tudtad? Az alvás segíti a regenerálódást, a memóriát és az immunitást. Ennyi erről. Jó tudni: Az időjárás rövid állapot; az éghajlat kb. 30 év átlaga. A következő pontra. Röviden: Az app program, általában telefonra, pl. üzenetek, fotók vagy játékok.

Folytatjuk. Jó tudni: Az évszakok a tengely dőléséből jönnek: mindegyik félteke felváltva dől a Nap felé. Még egy tény. Röviden: A mézet a méhek virágnektárból készítik. Ennyi erről. Tény: Az ég kék Rayleigh-szórás miatt: a kék fény jobban szóródik mint a vörös. Folytatjuk.

A méhek beporozzák a növényeket, biztosítva terméseket és sokféleséget. Még egy tény. Biztos: Az app program, általában telefonra, pl. üzenetek, fotók vagy játékok. Még egy tény. Biztos: Az időjárás rövid állapot; az éghajlat kb. 30 év átlaga. Ez is számít. Röviden: A vírus apró kórokozó, amely gazdasejt nélkül nem szaporodik.

Ez is számít. Röviden: Az ég kék Rayleigh-szórás miatt: a kék fény jobban szóródik mint a vörös. Tovább. Jegyezd meg: Az atom az anyag legkisebb egysége, magból és elektronokból.

Ez volt a lényeg."
376,"Természet, tudomány és technika – 136. rész","Ez a szöveg lépésről lépésre magyaráz.

Röviden: A vírus terjedő és károsító káros program. Védd frissítésekkel és óvatossággal. Folytatjuk. Jó tudni: A Wi-Fi vezeték nélküli helyi háló internetre kábelek nélkül. Ennyi erről. Röviden: Az atom az anyag legkisebb egysége, magból és elektronokból. A következő pontra. Kb. 2 percig, naponta kétszer.

Ennyi erről. Jó tudni: A Nap forró gázcsillag, fényt és hőt ad. Ennyi erről. A víz stabilizálja a keringést és a fókuszt, segíti a vesét és a bőrt, megelőzi a fejfájást. Tovább. Röviden: Az eső párolgással keletkezik: víz felszáll, hűl, felhőt képez és cseppekben esik. Tovább.

Biztos: A Wi-Fi vezeték nélküli helyi háló internetre kábelek nélkül. Folytatjuk. Biztos: A Hold azért világít, mert a Nap fényét tükrözi. Tovább. Röviden: Naprendszerünkben 8 bolygó van: Merkúr, Vénusz, Föld, Mars, Jupiter, Szaturnusz, Uránusz, Neptunusz. Folytatjuk. Röviden: A vírus apró kórokozó, amely gazdasejt nélkül nem szaporodik.

Ez is számít. Nappal és éjjel azért van, mert a Föld forog. A napos oldal nappal, a másik éjjel. A következő pontra. A mézet a méhek virágnektárból készítik.

Most már ismered a tényeket."
377,"Természet, tudomány és technika – 137. rész","Ez a szöveg fontos tényeket mutat be. Olvasd nyugodtan.

Az időjárás rövid állapot; az éghajlat kb. 30 év átlaga. Ennyi erről. Tudtad? Földrengés akkor van, amikor a lemezek hirtelen mozognak és energiát szabadítanak. A következő pontra. Jegyezd meg: A gravitáció tömegek vonzása. A Föld mindent lefelé vonz, ezért esnek a dolgok. Még egy tény. Tudtad? A levegő gázkeverék, főleg nitrogén és oxigén.

Még egy tény. Biztos: A vírus apró kórokozó, amely gazdasejt nélkül nem szaporodik. Folytatjuk. Röviden: A fotoszintézis fényből, vízből és CO2-ből cukrot és oxigént készít. Tovább. Az alvás segíti a regenerálódást, a memóriát és az immunitást. Tovább.

Röviden: A Hold azért világít, mert a Nap fényét tükrözi. A következő pontra. Tudtad? Az évszakok a tengely dőléséből jönnek: mindegyik félteke felváltva dől a Nap felé. Folytatjuk. Tény: Az eső párolgással keletkezik: víz felszáll, hűl, felhőt képez és cseppekben esik. Ez is számít. Jegyezd meg: A napelemek a fényt közvetlenül árammá alakítják.

Tovább. Röviden: Az erős jelszó hosszú, szolgáltatásonként egyedi és kezelőben tartott. Még egy tény. Jó tudni: Az erős jelszó hosszú, szolgáltatásonként egyedi és kezelőben tartott.

A szöveg vége. Szép munka."
378,"Természet, tudomány és technika – 138. rész","Ez a szöveg fontos tényeket mutat be. Olvasd nyugodtan.

Jegyezd meg: A méhek beporozzák a növényeket, biztosítva terméseket és sokféleséget. Folytatjuk. Jegyezd meg: Az üvegházhatás tartja a hőt. Túl sok gáz melegíti az éghajlatot. Ennyi erről. Biztos: A napelemek a fényt közvetlenül árammá alakítják. Ennyi erről. Jegyezd meg: A mézet a méhek virágnektárból készítik.

Ennyi erről. Jegyezd meg: A gravitáció tömegek vonzása. A Föld mindent lefelé vonz, ezért esnek a dolgok. Ez is számít. Biztos: A Hold azért világít, mert a Nap fényét tükrözi. Tovább. Röviden: Naprendszerünkben 8 bolygó van: Merkúr, Vénusz, Föld, Mars, Jupiter, Szaturnusz, Uránusz, Neptunusz. Ennyi erről.

A levelek zöldek klorofill miatt, a fotoszintézis pigmentje. Még egy tény. Az atom az anyag legkisebb egysége, magból és elektronokból. A következő pontra. Röviden: A vírus apró kórokozó, amely gazdasejt nélkül nem szaporodik. Még egy tény. Jegyezd meg: A Wi-Fi vezeték nélküli helyi háló internetre kábelek nélkül.

Folytatjuk. Jó tudni: A GPS műholdjelekből és utazási idejükből találja a pozíciót. Még egy tény. Jó tudni: Nappal és éjjel azért van, mert a Föld forog. A napos oldal nappal, a másik éjjel.

Vége ennek az áttekintésnek."
379,"Természet, tudomány és technika – 139. rész","Itt rendezett tudást tanulsz. Ne siess.

Tény: A mézet a méhek virágnektárból készítik. Folytatjuk. Jegyezd meg: Az alvás segíti a regenerálódást, a memóriát és az immunitást. A következő pontra. Röviden: A víz H2O, hidrogén és oxigén vegyülete. Ez is számít. Tény: Az időjárás rövid állapot; az éghajlat kb. 30 év átlaga.

Tovább. A Nap forró gázcsillag, fényt és hőt ad. Folytatjuk. A méhek beporozzák a növényeket, biztosítva terméseket és sokféleséget. A következő pontra. Röviden: Naprendszerünkben 8 bolygó van: Merkúr, Vénusz, Föld, Mars, Jupiter, Szaturnusz, Uránusz, Neptunusz. A következő pontra.

Jó tudni: A láz emelkedett testhőmérséklet, gyakran fertőzések elleni védekezés. Ez is számít. Biztos: A levelek zöldek klorofill miatt, a fotoszintézis pigmentje. Tovább. Tudtad? Az újrahasznosítás hulladékot gyűjt, hogy új termékeket készítsen. Ez is számít. Röviden: A méhek beporozzák a növényeket, biztosítva terméseket és sokféleséget.

Ez is számít. Tény: A GPS műholdjelekből és utazási idejükből találja a pozíciót. A következő pontra. Tudtad? A víz H2O, hidrogén és oxigén vegyülete.

A szöveg vége. Szép munka."
380,"Természet, tudomány és technika – 140. rész","Ez a szöveg lépésről lépésre magyaráz.

A GPS műholdjelekből és utazási idejükből találja a pozíciót. Folytatjuk. Jegyezd meg: A felhő szerverek az interneten, ahol adatot tartasz és szolgáltatást használsz. Ennyi erről. Tudtad? Az erős jelszó hosszú, szolgáltatásonként egyedi és kezelőben tartott. Folytatjuk. Röviden: A GPS műholdjelekből és utazási idejükből találja a pozíciót.

Ez is számít. Jó tudni: A víz H2O, hidrogén és oxigén vegyülete. Még egy tény. Tény: A víz stabilizálja a keringést és a fókuszt, segíti a vesét és a bőrt, megelőzi a fejfájást. Még egy tény. Jegyezd meg: Az évszakok a tengely dőléséből jönnek: mindegyik félteke felváltva dől a Nap felé. Folytatjuk.

Tudtad? Az emlősöknek szőrük van, élő utódot szülnek és tejjel táplálják. Ennyi erről. Biztos: Az atom az anyag legkisebb egysége, magból és elektronokból. Ez is számít. Jegyezd meg: A gravitáció tömegek vonzása. A Föld mindent lefelé vonz, ezért esnek a dolgok. Ez is számít. Biztos: A GPS műholdjelekből és utazási idejükből találja a pozíciót.

Tovább. Tény: Az áram egyszerűen töltések irányított mozgása, általában vezetékben elektronok. Még egy tény. Röviden: Az elem kémiai energiát alakít elektromossá.

A szöveg vége. Szép munka."
381,"Természet, tudomány és technika – 141. rész","Ez a szöveg fontos tényeket mutat be. Olvasd nyugodtan.

Tény: A víz H2O, hidrogén és oxigén vegyülete. A következő pontra. Tudtad? Az eső párolgással keletkezik: víz felszáll, hűl, felhőt képez és cseppekben esik. Ennyi erről. Tény: Az atom az anyag legkisebb egysége, magból és elektronokból. A következő pontra. Röviden: A méhek beporozzák a növényeket, biztosítva terméseket és sokféleséget.

Ez is számít. A hűtő hőt pumpál belülről kifelé hűtőközeggel: belül elpárolog, hőt felvesz, kint lead. A következő pontra. Biztos: A vírus terjedő és károsító káros program. Védd frissítésekkel és óvatossággal. Folytatjuk. Tudtad? Az áram egyszerűen töltések irányított mozgása, általában vezetékben elektronok. Tovább.

Az atom az anyag legkisebb egysége, magból és elektronokból. A következő pontra. Röviden: Nappal és éjjel azért van, mert a Föld forog. A napos oldal nappal, a másik éjjel. A következő pontra. Jegyezd meg: Az újrahasznosítás hulladékot gyűjt, hogy új termékeket készítsen. Ez is számít. A gravitáció tömegek vonzása. A Föld mindent lefelé vonz, ezért esnek a dolgok.

Folytatjuk. A vírus apró kórokozó, amely gazdasejt nélkül nem szaporodik. A következő pontra. Biztos: A hűtő hőt pumpál belülről kifelé hűtőközeggel: belül elpárolog, hőt felvesz, kint lead.

Most már ismered a tényeket."
382,"Természet, tudomány és technika – 142. rész","Itt rendezett tudást tanulsz. Ne siess.

Biztos: Az alvás segíti a regenerálódást, a memóriát és az immunitást. Ez is számít. Röviden: Az emlősöknek szőrük van, élő utódot szülnek és tejjel táplálják. Tovább. Jegyezd meg: A felhő szerverek az interneten, ahol adatot tartasz és szolgáltatást használsz. A következő pontra. Jegyezd meg: Az eső párolgással keletkezik: víz felszáll, hűl, felhőt képez és cseppekben esik.

Tovább. Tény: A vírus apró kórokozó, amely gazdasejt nélkül nem szaporodik. Tovább. Röviden: Az elem kémiai energiát alakít elektromossá. Még egy tény. Jegyezd meg: Az újrahasznosítás hulladékot gyűjt, hogy új termékeket készítsen. Tovább.

Biztos: A mézet a méhek virágnektárból készítik. Folytatjuk. Tudtad? A láz emelkedett testhőmérséklet, gyakran fertőzések elleni védekezés. Tovább. Biztos: Az áram egyszerűen töltések irányított mozgása, általában vezetékben elektronok. Ennyi erről. Biztos: A fotoszintézis fényből, vízből és CO2-ből cukrot és oxigént készít.

Ennyi erről. Az évszakok a tengely dőléséből jönnek: mindegyik félteke felváltva dől a Nap felé. Még egy tény. Biztos: Az üvegházhatás tartja a hőt. Túl sok gáz melegíti az éghajlatot.

Ez volt a lényeg."
383,"Természet, tudomány és technika – 143. rész","Ez a szöveg fontos tényeket mutat be. Olvasd nyugodtan.

Jegyezd meg: A Nap forró gázcsillag, fényt és hőt ad. A következő pontra. Biztos: Az újrahasznosítás hulladékot gyűjt, hogy új termékeket készítsen. Tovább. Az alvás segíti a regenerálódást, a memóriát és az immunitást. Még egy tény. Tény: Az időjárás rövid állapot; az éghajlat kb. 30 év átlaga.

Folytatjuk. Röviden: Az üvegházhatás tartja a hőt. Túl sok gáz melegíti az éghajlatot. Ez is számít. Jó tudni: Nappal és éjjel azért van, mert a Föld forog. A napos oldal nappal, a másik éjjel. Ennyi erről. Jegyezd meg: A méhek beporozzák a növényeket, biztosítva terméseket és sokféleséget. A következő pontra.

Röviden: A levelek zöldek klorofill miatt, a fotoszintézis pigmentje. Még egy tény. Tény: Az újrahasznosítás hulladékot gyűjt, hogy új termékeket készítsen. Folytatjuk. Tudtad? Az emlősöknek szőrük van, élő utódot szülnek és tejjel táplálják. Ennyi erről. Jó tudni: A láz emelkedett testhőmérséklet, gyakran fertőzések elleni védekezés.

Ennyi erről. Biztos: A szív vért pumpál az egész testben. A következő pontra. Biztos: A levelek zöldek klorofill miatt, a fotoszintézis pigmentje.

Vége ennek az áttekintésnek."
384,"Természet, tudomány és technika – 144. rész","Ez a szöveg lépésről lépésre magyaráz.

Tény: A víz H2O, hidrogén és oxigén vegyülete. A következő pontra. Jegyezd meg: A műanyag alig bomlik, szemeteli a természetet és tengereket, mikroműanyaggá válik. A következő pontra. Tudtad? A méhek beporozzák a növényeket, biztosítva terméseket és sokféleséget. Még egy tény. Jegyezd meg: Az üvegházhatás tartja a hőt. Túl sok gáz melegíti az éghajlatot.

Tovább. Tény: A méhek beporozzák a növényeket, biztosítva terméseket és sokféleséget. Ez is számít. A gravitáció tömegek vonzása. A Föld mindent lefelé vonz, ezért esnek a dolgok. Még egy tény. Röviden: A mesterséges intelligencia adatokból tanuló, mintákat felismerő és feladatokat megoldó programok. A következő pontra.

Biztos: Az évszakok a tengely dőléséből jönnek: mindegyik félteke felváltva dől a Nap felé. A következő pontra. Biztos: A láz emelkedett testhőmérséklet, gyakran fertőzések elleni védekezés. Ez is számít. Tény: A levegő gázkeverék, főleg nitrogén és oxigén. Ennyi erről. A műanyag alig bomlik, szemeteli a természetet és tengereket, mikroműanyaggá válik.

Még egy tény. Tudtad? A levegő gázkeverék, főleg nitrogén és oxigén. Folytatjuk. Röviden: A levelek zöldek klorofill miatt, a fotoszintézis pigmentje.

Vége ennek az áttekintésnek."
385,"Természet, tudomány és technika – 145. rész","Ez a szöveg fontos tényeket mutat be. Olvasd nyugodtan.

Tény: Az emlősöknek szőrük van, élő utódot szülnek és tejjel táplálják. Tovább. Az áram egyszerűen töltések irányított mozgása, általában vezetékben elektronok. Folytatjuk. Tudtad? A felhő szerverek az interneten, ahol adatot tartasz és szolgáltatást használsz. Ez is számít. Tudtad? Az app program, általában telefonra, pl. üzenetek, fotók vagy játékok.

A következő pontra. Biztos: Naprendszerünkben 8 bolygó van: Merkúr, Vénusz, Föld, Mars, Jupiter, Szaturnusz, Uránusz, Neptunusz. Folytatjuk. Biztos: Az emlősöknek szőrük van, élő utódot szülnek és tejjel táplálják. Ennyi erről. Biztos: A víz H2O, hidrogén és oxigén vegyülete. Tovább.

Tény: A mesterséges intelligencia adatokból tanuló, mintákat felismerő és feladatokat megoldó programok. Folytatjuk. Biztos: A láz emelkedett testhőmérséklet, gyakran fertőzések elleni védekezés. Tovább. Biztos: A szív vért pumpál az egész testben. A következő pontra. Jegyezd meg: Az áram egyszerűen töltések irányított mozgása, általában vezetékben elektronok.

Ennyi erről. Tudtad? A mézet a méhek virágnektárból készítik. Tovább. Tudtad? Az újrahasznosítás hulladékot gyűjt, hogy új termékeket készítsen.

Ez volt a lényeg."
386,"Természet, tudomány és technika – 146. rész","Itt rendezett tudást tanulsz. Ne siess.

A mesterséges intelligencia adatokból tanuló, mintákat felismerő és feladatokat megoldó programok. Tovább. Jegyezd meg: A Hold azért világít, mert a Nap fényét tükrözi. Még egy tény. Jegyezd meg: Kb. 2 percig, naponta kétszer. Folytatjuk. Biztos: A napelemek a fényt közvetlenül árammá alakítják.

Tovább. Tény: A böngésző a program, amivel weboldalakat nyitsz, pl. Chrome, Firefox, Edge vagy Safari. Ez is számít. Tény: Az atom az anyag legkisebb egysége, magból és elektronokból. Még egy tény. Röviden: A láz emelkedett testhőmérséklet, gyakran fertőzések elleni védekezés. A következő pontra.

Jó tudni: Az ég kék Rayleigh-szórás miatt: a kék fény jobban szóródik mint a vörös. A következő pontra. Tény: A Nap forró gázcsillag, fényt és hőt ad. Ennyi erről. Tudtad? Az elem kémiai energiát alakít elektromossá. Tovább. Tény: Az üvegházhatás tartja a hőt. Túl sok gáz melegíti az éghajlatot.

Tovább. Jegyezd meg: A méhek beporozzák a növényeket, biztosítva terméseket és sokféleséget. A következő pontra. Tény: A levelek zöldek klorofill miatt, a fotoszintézis pigmentje.

Vége ennek az áttekintésnek."
387,"Természet, tudomány és technika – 147. rész","Ez a szöveg fontos tényeket mutat be. Olvasd nyugodtan.

A GPS műholdjelekből és utazási idejükből találja a pozíciót. Ennyi erről. Jegyezd meg: A műanyag alig bomlik, szemeteli a természetet és tengereket, mikroműanyaggá válik. A következő pontra. Tudtad? A méhek beporozzák a növényeket, biztosítva terméseket és sokféleséget. A következő pontra. Tény: Nappal és éjjel azért van, mert a Föld forog. A napos oldal nappal, a másik éjjel.

Ennyi erről. Jegyezd meg: A fotoszintézis fényből, vízből és CO2-ből cukrot és oxigént készít. A következő pontra. Röviden: Az app program, általában telefonra, pl. üzenetek, fotók vagy játékok. Folytatjuk. Az erős jelszó hosszú, szolgáltatásonként egyedi és kezelőben tartott. Folytatjuk.

A napelemek a fényt közvetlenül árammá alakítják. Ennyi erről. Jó tudni: Az app program, általában telefonra, pl. üzenetek, fotók vagy játékok. A következő pontra. Jó tudni: A méhek beporozzák a növényeket, biztosítva terméseket és sokféleséget. Ennyi erről. Az áram egyszerűen töltések irányított mozgása, általában vezetékben elektronok.

Ennyi erről. Tény: A víz stabilizálja a keringést és a fókuszt, segíti a vesét és a bőrt, megelőzi a fejfájást. Ennyi erről. Jó tudni: A GPS műholdjelekből és utazási idejükből találja a pozíciót.

A szöveg vége. Szép munka."
388,"Természet, tudomány és technika – 148. rész","Itt rendezett tudást tanulsz. Ne siess.

Tudtad? Az atom az anyag legkisebb egysége, magból és elektronokból. Ez is számít. Jegyezd meg: A szív vért pumpál az egész testben. Folytatjuk. Biztos: A Wi-Fi vezeték nélküli helyi háló internetre kábelek nélkül. Folytatjuk. Tudtad? Az erős jelszó hosszú, szolgáltatásonként egyedi és kezelőben tartott.

A következő pontra. Jegyezd meg: A vírus apró kórokozó, amely gazdasejt nélkül nem szaporodik. Folytatjuk. A víz stabilizálja a keringést és a fókuszt, segíti a vesét és a bőrt, megelőzi a fejfájást. A következő pontra. Biztos: A Nap forró gázcsillag, fényt és hőt ad. Még egy tény.

Tudtad? Az eső párolgással keletkezik: víz felszáll, hűl, felhőt képez és cseppekben esik. Tovább. A böngésző a program, amivel weboldalakat nyitsz, pl. Chrome, Firefox, Edge vagy Safari. Tovább. Jó tudni: Nappal és éjjel azért van, mert a Föld forog. A napos oldal nappal, a másik éjjel. Ennyi erről. A hűtő hőt pumpál belülről kifelé hűtőközeggel: belül elpárolog, hőt felvesz, kint lead.

A következő pontra. Tény: A levegő gázkeverék, főleg nitrogén és oxigén. Ez is számít. Röviden: A víz stabilizálja a keringést és a fókuszt, segíti a vesét és a bőrt, megelőzi a fejfájást.

Ez volt a lényeg."
389,"Természet, tudomány és technika – 149. rész","Itt rendezett tudást tanulsz. Ne siess.

Röviden: A víz stabilizálja a keringést és a fókuszt, segíti a vesét és a bőrt, megelőzi a fejfájást. Tovább. Az időjárás rövid állapot; az éghajlat kb. 30 év átlaga. Még egy tény. Tudtad? Az időjárás rövid állapot; az éghajlat kb. 30 év átlaga. Még egy tény. Jó tudni: A víz H2O, hidrogén és oxigén vegyülete.

Még egy tény. Tudtad? A mesterséges intelligencia adatokból tanuló, mintákat felismerő és feladatokat megoldó programok. Folytatjuk. Jegyezd meg: A fotoszintézis fényből, vízből és CO2-ből cukrot és oxigént készít. Folytatjuk. Jegyezd meg: Az atom az anyag legkisebb egysége, magból és elektronokból. Még egy tény.

Jó tudni: A Wi-Fi vezeték nélküli helyi háló internetre kábelek nélkül. A következő pontra. Biztos: A hűtő hőt pumpál belülről kifelé hűtőközeggel: belül elpárolog, hőt felvesz, kint lead. A következő pontra. Biztos: Az alvás segíti a regenerálódást, a memóriát és az immunitást. A következő pontra. Jó tudni: A fotoszintézis fényből, vízből és CO2-ből cukrot és oxigént készít.

Ez is számít. Tudtad? Az app program, általában telefonra, pl. üzenetek, fotók vagy játékok. Még egy tény. Röviden: Az atom az anyag legkisebb egysége, magból és elektronokból.

A szöveg vége. Szép munka."
390,"Természet, tudomány és technika – 150. rész","Ez a szöveg fontos tényeket mutat be. Olvasd nyugodtan.

Jó tudni: Az időjárás rövid állapot; az éghajlat kb. 30 év átlaga. Még egy tény. Jegyezd meg: Kb. 2 percig, naponta kétszer. Még egy tény. Biztos: A fotoszintézis fényből, vízből és CO2-ből cukrot és oxigént készít. A következő pontra. A felhő szerverek az interneten, ahol adatot tartasz és szolgáltatást használsz.

Ennyi erről. Jó tudni: A méhek beporozzák a növényeket, biztosítva terméseket és sokféleséget. A következő pontra. Jegyezd meg: Az évszakok a tengely dőléséből jönnek: mindegyik félteke felváltva dől a Nap felé. Tovább. Biztos: A mézet a méhek virágnektárból készítik. Még egy tény.

Jegyezd meg: Az időjárás rövid állapot; az éghajlat kb. 30 év átlaga. A következő pontra. Tény: A vírus apró kórokozó, amely gazdasejt nélkül nem szaporodik. Még egy tény. Jó tudni: A Nap forró gázcsillag, fényt és hőt ad. A következő pontra. A GPS műholdjelekből és utazási idejükből találja a pozíciót.

Folytatjuk. Tudtad? Az időjárás rövid állapot; az éghajlat kb. 30 év átlaga. Tovább. Jó tudni: Földrengés akkor van, amikor a lemezek hirtelen mozognak és energiát szabadítanak.

Vége ennek az áttekintésnek."
391,Mindennapi számolás – 1. rész,"Itt rendezett tudást tanulsz. Ne siess.

Jó tudni: 56 mínusz 28 az 28. Tovább. Tény: 19:30-kor végzel. Még egy tény. 33 osztva 11 az 3. Ez is számít. Tudtad? 220 osztva 10 az 22.

A következő pontra. Jó tudni: 65 mínusz 57 az 8. Ez is számít. Jegyezd meg: 2-szer 19 az 38. Még egy tény. Tény: 13-szer 4 az 52. Tovább.

Tudtad? 78 mínusz 11 az 67. Ennyi erről. Jó tudni: 12 mínusz 9 az 3. Tovább. Jegyezd meg: 81 osztva 3 az 27. Tovább. Jegyezd meg: 83 plusz 11 az 94.

A következő pontra. Röviden: 100 10%-a 10. Tovább. Jegyezd meg: 17-szer 3 az 51.

Vége ennek az áttekintésnek."
392,Mindennapi számolás – 2. rész,"Itt rendezett tudást tanulsz. Ne siess.

Biztos: 86 plusz 36 az 122. Tovább. Röviden: 22 osztva 2 az 11. Ez is számít. Jegyezd meg: 7-szer 18 az 126. Még egy tény. Biztos: 270 osztva 18 az 15.

Folytatjuk. Jó tudni: 10-szer 11 az 110. A következő pontra. Tény: 400 50%-a 200. A következő pontra. Tudtad? 220 osztva 10 az 22. Még egy tény.

Jegyezd meg: 7-szer 15 az 105. Folytatjuk. Röviden: 9 mínusz 7 az 2. Még egy tény. 10-szer 13 az 130. Folytatjuk. Biztos: 81 plusz 20 az 101.

Ennyi erről. Jó tudni: 10-szer 7 az 70. A következő pontra. Röviden: 464 osztva 16 az 29.

Ez volt a lényeg."
393,Mindennapi számolás – 3. rész,"Alább ellenőrzött tudást találsz.

Jó tudni: 57 plusz 9 az 66. Még egy tény. Jegyezd meg: 49 mínusz 43 az 6. Még egy tény. Jó tudni: 80 osztva 10 az 8. Tovább. Jegyezd meg: 69 osztva 3 az 23.

A következő pontra. Tudtad? 7-szer 14 az 98. Ez is számít. Biztos: 260 osztva 20 az 13. Tovább. Röviden: 60 plusz 10 az 70. Még egy tény.

Tudtad? 65 mínusz 57 az 8. Ez is számít. Tény: 84 plusz 82 az 166. Ennyi erről. Tudtad? 100 20%-a 20. A következő pontra. Jegyezd meg: 260 osztva 10 az 26.

A következő pontra. Jegyezd meg: 247 osztva 19 az 13. Ez is számít. Biztos: 12-szer 4 az 48.

Most már ismered a tényeket."
394,Mindennapi számolás – 4. rész,"Ez a szöveg lépésről lépésre magyaráz.

Jegyezd meg: 48 osztva 8 az 6. Még egy tény. Tudtad? 5 plusz 26 az 31. Tovább. Tudtad? 78 plusz 95 az 173. A következő pontra. Tudtad? 1000 20%-a 200.

Ennyi erről. 98 mínusz 76 az 22. Ez is számít. Biztos: 10-szer 13 az 130. Folytatjuk. 125 osztva 5 az 25. Ennyi erről.

Röviden: 40 mínusz 35 az 5. Tovább. Jó tudni: 322 osztva 14 az 23. Ez is számít. Tény: 7-szer 14 az 98. Ez is számít. Jó tudni: 58 osztva 2 az 29.

Tovább. Tudtad? 12-szer 4 az 48. Ez is számít. Tény: 7-szer 15 az 105.

Most már ismered a tényeket."
395,Mindennapi számolás – 5. rész,"Ez a szöveg fontos tényeket mutat be. Olvasd nyugodtan.

Tudtad? 77 mínusz 8 az 69. Ez is számít. Röviden: 7-szer 5 az 35. Ez is számít. 40 osztva 4 az 10. Ennyi erről. Jegyezd meg: 300 20%-a 60.

Ez is számít. Tény: 288 osztva 12 az 24. Ennyi erről. Röviden: 88 plusz 42 az 130. Ennyi erről. Jegyezd meg: 32 mínusz 11 az 21. Ez is számít.

Biztos: 3 plusz 46 az 49. Ennyi erről. Tudtad? 68 plusz 8 az 76. A következő pontra. Biztos: 2 alma marad. Tovább. Tudtad? 57 mínusz 42 az 15.

Még egy tény. Jegyezd meg: 4-szer 6 az 24. A következő pontra. Jó tudni: 5-szer 17 az 85.

Vége ennek az áttekintésnek."
396,Mindennapi számolás – 6. rész,"Itt rendezett tudást tanulsz. Ne siess.

Röviden: 21 plusz 4 az 25. Tovább. 20-szer 7 az 140. Még egy tény. Biztos: 3 plusz 46 az 49. Folytatjuk. Tudtad? 61 plusz 35 az 96.

A következő pontra. Jó tudni: 81 osztva 3 az 27. Ez is számít. Jó tudni: 43 plusz 38 az 81. Ez is számít. Jó tudni: 19-szer 18 az 342. A következő pontra.

Röviden: 54 mínusz 12 az 42. Tovább. 17 plusz 82 az 99. Ez is számít. Jó tudni: 42 mínusz 11 az 31. Ennyi erről. Jó tudni: 67 mínusz 28 az 39.

Folytatjuk. Tény: 9 mínusz 4 az 5. Folytatjuk. 86 plusz 36 az 122.

Ez volt a lényeg."
397,Mindennapi számolás – 7. rész,"Itt rendezett tudást tanulsz. Ne siess.

Biztos: 13-szer 18 az 234. Folytatjuk. Tény: 7-szer 14 az 98. Folytatjuk. Jó tudni: 500 25%-a 125. Folytatjuk. Jegyezd meg: 83 plusz 11 az 94.

Tovább. Biztos: 8-szer 15 az 120. Tovább. Röviden: 49 mínusz 37 az 12. Ez is számít. Jegyezd meg: 98 mínusz 54 az 44. Tovább.

Tudtad? 182 osztva 14 az 13. A következő pontra. Röviden: 209 osztva 19 az 11. Tovább. Röviden: 8-szer 15 az 120. Ez is számít. Tudtad? 84 osztva 7 az 12.

Ennyi erről. 7-szer 5 az 35. A következő pontra. Tény: 48 plusz 59 az 107.

Ez volt a lényeg."
398,Mindennapi számolás – 8. rész,"Ez a szöveg lépésről lépésre magyaráz.

Röviden: 56 mínusz 28 az 28. Tovább. Jegyezd meg: 14-szer 15 az 210. Ennyi erről. Tény: 87 osztva 3 az 29. Folytatjuk. Tudtad? Egy perc 60 másodperc.

Tovább. Jó tudni: 95 plusz 78 az 173. A következő pontra. Jegyezd meg: 14-szer 12 az 168. Tovább. Jegyezd meg: 459 osztva 17 az 27. Még egy tény.

Biztos: 7 mínusz 5 az 2. Tovább. Jó tudni: 4 osztva 2 az 2. Ez is számít. Jó tudni: 36 osztva 18 az 2. A következő pontra. Biztos: 45 mínusz 42 az 3.

Ennyi erről. Röviden: 67 mínusz 28 az 39. Ez is számít. Biztos: 64 plusz 45 az 109.

A szöveg vége. Szép munka."
399,Mindennapi számolás – 9. rész,"Alább ellenőrzött tudást találsz.

Röviden: 36 osztva 18 az 2. Tovább. Jegyezd meg: 66 plusz 5 az 71. Ennyi erről. 17-szer 9 az 153. A következő pontra. Röviden: 2-szer 12 az 24.

Folytatjuk. Röviden: 192 osztva 8 az 24. Folytatjuk. Biztos: 16 mínusz 11 az 5. Folytatjuk. Jegyezd meg: 87 osztva 3 az 29. Tovább.

12-szer 17 az 204. Ez is számít. Jegyezd meg: 2-szer 12 az 24. Ez is számít. Jó tudni: 83 plusz 11 az 94. Ez is számít. Tény: 83 mínusz 8 az 75.

Még egy tény. 7-szer 10 az 70. Ennyi erről. Tudtad? 12-szer 17 az 204.

Ez volt a lényeg."
400,Mindennapi számolás – 10. rész,"Alább ellenőrzött tudást találsz.

Jó tudni: 400 10%-a 40. Folytatjuk. 20-szer 11 az 220. Még egy tény. Tudtad? Az 66. Még egy tény. Jó tudni: 400 25%-a 100.

Ennyi erről. Jó tudni: 17 mínusz 10 az 7. Ez is számít. Röviden: 92 osztva 4 az 23. A következő pontra. Tény: 288 osztva 12 az 24. Folytatjuk.

Jegyezd meg: 14-szer 3 az 42. Tovább. Biztos: 247 osztva 19 az 13. Ez is számít. Tudtad? 10 mínusz 7 az 3. Tovább. Jó tudni: 391 osztva 17 az 23.

Ez is számít. Tény: 81 osztva 3 az 27. Folytatjuk. Tény: 300 20%-a 60.

A szöveg vége. Szép munka."
401,Mindennapi számolás – 11. rész,"Alább ellenőrzött tudást találsz.

Röviden: 31 plusz 2 az 33. Ez is számít. Jegyezd meg: 2000 10%-a 200. Ennyi erről. Tudtad? 24 plusz 22 az 46. A következő pontra. Tudtad? 89 mínusz 43 az 46.

Még egy tény. Jegyezd meg: 22 osztva 2 az 11. Folytatjuk. 72 mínusz 43 az 29. Ennyi erről. Jó tudni: 42 plusz 95 az 137. A következő pontra.

Röviden: 54 osztva 18 az 3. A következő pontra. Röviden: 75 mínusz 9 az 66. Ennyi erről. 7-szer 10 az 70. Folytatjuk. Jegyezd meg: 2-szer 19 az 38.

Ez is számít. Tény: 44 osztva 4 az 11. Ez is számít. 14 mínusz 9 az 5.

Vége ennek az áttekintésnek."
402,Mindennapi számolás – 12. rész,"Alább ellenőrzött tudást találsz.

7 mínusz 5 az 2. A következő pontra. 40 osztva 4 az 10. A következő pontra. Tény: 44 plusz 61 az 105. Ez is számít. Jegyezd meg: 57 mínusz 42 az 15.

Tovább. Biztos: 12-szer 4 az 48. Folytatjuk. Jó tudni: 255 osztva 17 az 15. Folytatjuk. Tény: 81 plusz 12 az 93. Folytatjuk.

Jó tudni: 89 plusz 8 az 97. Ennyi erről. Jegyezd meg: 25 mínusz 18 az 7. Folytatjuk. Jegyezd meg: 5-szer 15 az 75. Ennyi erről. 10-szer 13 az 130.

A következő pontra. Jegyezd meg: 16:45-kor érkezik. Még egy tény. Jó tudni: 98 mínusz 76 az 22.

Vége ennek az áttekintésnek."
403,Mindennapi számolás – 13. rész,"Ez a szöveg fontos tényeket mutat be. Olvasd nyugodtan.

Tudtad? 1000 5%-a 50. Ez is számít. Jó tudni: 17:05-kor kész. A következő pontra. Jó tudni: 11-szer 19 az 209. Még egy tény. Biztos: 2 alma marad.

Ez is számít. Tudtad? 8-szer 7 az 56. Folytatjuk. Röviden: 14 plusz 20 az 34. A következő pontra. Jó tudni: 36 plusz 22 az 58. Tovább.

Tény: 209 osztva 19 az 11. A következő pontra. 57 plusz 38 az 95. Folytatjuk. Biztos: 40 plusz 43 az 83. Ennyi erről. Jegyezd meg: 58 mínusz 31 az 27.

Folytatjuk. Tény: 260 osztva 10 az 26. A következő pontra. Tudtad? 25 plusz 97 az 122.

Ez volt a lényeg."
404,Mindennapi számolás – 14. rész,"Itt rendezett tudást tanulsz. Ne siess.

Jegyezd meg: 75 mínusz 24 az 51. Ez is számít. Tény: 23 plusz 81 az 104. Még egy tény. Jó tudni: 72 mínusz 26 az 46. Ez is számít. Röviden: 10-szer 13 az 130.

Folytatjuk. Biztos: 68 mínusz 50 az 18. Még egy tény. Jegyezd meg: 2000 20%-a 400. Folytatjuk. 54 osztva 9 az 6. Tovább.

36 osztva 18 az 2. A következő pontra. Jegyezd meg: 86 mínusz 62 az 24. Még egy tény. Röviden: 9-szer 4 az 36. Tovább. Tudtad? 209 osztva 19 az 11.

Tovább. 12-szer 5 az 60. Ennyi erről. Jegyezd meg: 8 osztva 4 az 2.

A szöveg vége. Szép munka."
405,Mindennapi számolás – 15. rész,"Alább ellenőrzött tudást találsz.

Jegyezd meg: 4-szer 6 az 24. Ennyi erről. Tény: 400 75%-a 300. Ez is számít. Tudtad? 500 50%-a 250. A következő pontra. Tény: 61 plusz 4 az 65.

Ennyi erről. Jó tudni: 80 osztva 10 az 8. A következő pontra. Tudtad? 14-szer 12 az 168. Folytatjuk. Tény: 76 osztva 4 az 19. Még egy tény.

Tény: 400 25%-a 100. Folytatjuk. Jó tudni: 72 mínusz 17 az 55. Folytatjuk. Jó tudni: 323 osztva 19 az 17. Még egy tény. Tudtad? 50 plusz 73 az 123.

Tovább. Tudtad? 3 plusz 46 az 49. A következő pontra. Röviden: 10 mínusz 3 az 7.

Vége ennek az áttekintésnek."
406,Mindennapi számolás – 16. rész,"Itt rendezett tudást tanulsz. Ne siess.

Jegyezd meg: 78 plusz 95 az 173. Ennyi erről. Jó tudni: 89 plusz 59 az 148. Ez is számít. Tény: 500 5%-a 25. Tovább. 58 osztva 2 az 29.

Ennyi erről. Tudtad? 152 osztva 19 az 8. Ennyi erről. Jó tudni: 10-szer 10 az 100. Tovább. Tény: 58 plusz 78 az 136. Ennyi erről.

Tény: 7 mínusz 5 az 2. Folytatjuk. Röviden: 17-szer 9 az 153. A következő pontra. 48 plusz 59 az 107. Még egy tény. Röviden: 87 mínusz 72 az 15.

Tovább. Biztos: 3-szer 9 az 27. Folytatjuk. Biztos: 216 osztva 18 az 12.

Ez volt a lényeg."
407,Mindennapi számolás – 17. rész,"Alább ellenőrzött tudást találsz.

83 plusz 51 az 134. Folytatjuk. Tény: 2000 75%-a 1500. Még egy tény. Jó tudni: 100 15%-a 15. Még egy tény. Jegyezd meg: 300 10%-a 30.

Még egy tény. Biztos: 81 plusz 20 az 101. Ennyi erről. Jegyezd meg: 94 plusz 86 az 180. Még egy tény. Tudtad? 29 plusz 16 az 45. Folytatjuk.

Jegyezd meg: 10-szer 16 az 160. Még egy tény. Tény: 16 osztva 4 az 4. Tovább. 12 mínusz 11 az 1. Még egy tény. 12 mínusz 9 az 3.

A következő pontra. Röviden: 6-szer 2 az 12. Ez is számít. Jegyezd meg: 12 osztva 3 az 4.

Most már ismered a tényeket."
408,Mindennapi számolás – 18. rész,"Ez a szöveg fontos tényeket mutat be. Olvasd nyugodtan.

Jegyezd meg: 24 plusz 22 az 46. A következő pontra. Röviden: 55 mínusz 45 az 10. Tovább. Jegyezd meg: 36 plusz 73 az 109. Még egy tény. Röviden: 19-szer 2 az 38.

Folytatjuk. Röviden: 19-szer 8 az 152. Ennyi erről. Röviden: 66 osztva 11 az 6. Folytatjuk. Röviden: 48 plusz 51 az 99. Tovább.

Biztos: 72 plusz 67 az 139. Ennyi erről. Tény: 58 mínusz 31 az 27. A következő pontra. Tény: 5-szer 4 az 20. A következő pontra. Jó tudni: 360 osztva 15 az 24.

Folytatjuk. Biztos: 16 osztva 8 az 2. Ez is számít. 72 osztva 12 az 6.

Ez volt a lényeg."
409,Mindennapi számolás – 19. rész,"Ez a szöveg lépésről lépésre magyaráz.

Biztos: 200 12%-a 24. A következő pontra. Tény: 51 osztva 17 az 3. Folytatjuk. Tudtad? 2000 50%-a 1000. A következő pontra. Röviden: 12 osztva 3 az 4.

Ennyi erről. 20-szer 15 az 300. A következő pontra. Tudtad? 94 plusz 86 az 180. A következő pontra. Jegyezd meg: 51 osztva 3 az 17. A következő pontra.

Jó tudni: 90 osztva 6 az 15. Ennyi erről. Biztos: 3-szer 2 az 6. Folytatjuk. Tény: 2-szer 12 az 24. Ennyi erről. Tény: 10-szer 16 az 160.

Még egy tény. Tudtad? 3 plusz 49 az 52. Ennyi erről. Jegyezd meg: 14-szer 15 az 210.

A szöveg vége. Szép munka."
410,Mindennapi számolás – 20. rész,"Itt rendezett tudást tanulsz. Ne siess.

Röviden: 12-szer 4 az 48. A következő pontra. Tény: 15-szer 10 az 150. Ez is számít. Jegyezd meg: 500 25%-a 125. Tovább. Tudtad? 67 plusz 35 az 102.

Ez is számít. Biztos: 86 plusz 78 az 164. Ez is számít. 72 mínusz 17 az 55. Tovább. 100 5%-a 5. Tovább.

1000 10%-a 100. Még egy tény. Tudtad? 3-szer 9 az 27. Tovább. Röviden: 58 plusz 78 az 136. Folytatjuk. Röviden: 54 osztva 18 az 3.

Ennyi erről. Biztos: 10-szer 5 az 50. Tovább. Jó tudni: 5-szer 4 az 20.

A szöveg vége. Szép munka."
411,Mindennapi számolás – 21. rész,"Ez a szöveg fontos tényeket mutat be. Olvasd nyugodtan.

Jó tudni: 87 mínusz 72 az 15. Folytatjuk. Tudtad? 3-szer 9 az 27. Ez is számít. Jegyezd meg: 61 plusz 31 az 92. Folytatjuk. Tény: 24 osztva 8 az 3.

Ennyi erről. Tudtad? 10-szer 5 az 50. Tovább. Tudtad? 29 plusz 16 az 45. Tovább. Biztos: 12-szer 5 az 60. Folytatjuk.

Jegyezd meg: 9-szer 12 az 108. Tovább. Tudtad? 14 mínusz 9 az 5. Ez is számít. 89 mínusz 43 az 46. A következő pontra. Jegyezd meg: 78 mínusz 11 az 67.

Még egy tény. Biztos: 36 plusz 22 az 58. Még egy tény. Biztos: 270 osztva 18 az 15.

Vége ennek az áttekintésnek."
412,Mindennapi számolás – 22. rész,"Ez a szöveg lépésről lépésre magyaráz.

Tény: 7 plusz 23 az 30. A következő pontra. Biztos: 57 mínusz 42 az 15. Ennyi erről. Tudtad? 13-szer 4 az 52. Ennyi erről. Jó tudni: 61 plusz 4 az 65.

Ennyi erről. Jegyezd meg: 73 mínusz 14 az 59. Még egy tény. Jó tudni: 5 plusz 26 az 31. Tovább. 17 plusz 82 az 99. Ennyi erről.

Biztos: 60 mínusz 31 az 29. Még egy tény. Tudtad? 12-szer 5 az 60. Ennyi erről. Jegyezd meg: 65 mínusz 51 az 14. Tovább. Tudtad? 10-szer 5 az 50.

A következő pontra. Röviden: 2 alma marad. Ez is számít. Tény: 25 plusz 28 az 53.

Most már ismered a tényeket."
413,Mindennapi számolás – 23. rész,"Ez a szöveg fontos tényeket mutat be. Olvasd nyugodtan.

Röviden: 400 50%-a 200. Tovább. Jó tudni: 94 plusz 14 az 108. Még egy tény. Tény: 3-szer 2 az 6. A következő pontra. Tudtad? 61 plusz 4 az 65.

Még egy tény. Tény: A találkozó 12:30-kor. Ennyi erről. Tény: 10-szer 5 az 50. Még egy tény. Tudtad? 10-szer 16 az 160. Tovább.

Röviden: 6-szer 8 az 48. Ennyi erről. Biztos: 17-szer 13 az 221. Folytatjuk. Tudtad? 18-szer 16 az 288. A következő pontra. Röviden: 154 osztva 14 az 11.

Folytatjuk. Tény: 50 plusz 73 az 123. Folytatjuk. 62 mínusz 28 az 34.

Most már ismered a tényeket."
414,Mindennapi számolás – 24. rész,"Ez a szöveg lépésről lépésre magyaráz.

56 mínusz 28 az 28. Ez is számít. Tudtad? 200 5%-a 10. Ez is számít. 276 osztva 12 az 23. A következő pontra. Jegyezd meg: 18 mínusz 14 az 4.

Ennyi erről. Biztos: 182 osztva 14 az 13. Még egy tény. Jegyezd meg: 176 osztva 8 az 22. Ennyi erről. 100 75%-a 75. Tovább.

Tény: 288 osztva 12 az 24. Még egy tény. Jegyezd meg: 3-szer 2 az 6. A következő pontra. Jegyezd meg: 54 mínusz 52 az 2. Ez is számít. Tudtad? 60 plusz 10 az 70.

A következő pontra. 8-szer 20 az 160. Folytatjuk. Biztos: 59 plusz 10 az 69.

Ez volt a lényeg."
415,Mindennapi számolás – 25. rész,"Itt rendezett tudást tanulsz. Ne siess.

Röviden: 24 osztva 2 az 12. A következő pontra. Biztos: 7 plusz 23 az 30. Tovább. Röviden: 32 mínusz 11 az 21. Még egy tény. Tudtad? 8-szer 15 az 120.

Ez is számít. Tudtad? 6-szer 3 az 18. Folytatjuk. Jegyezd meg: 32 plusz 66 az 98. Folytatjuk. Biztos: 70 mínusz 14 az 56. Ez is számít.

Jegyezd meg: 220 osztva 20 az 11. Tovább. Biztos: 38 mínusz 23 az 15. Tovább. Jegyezd meg: 78 mínusz 11 az 67. Még egy tény. Jegyezd meg: 17-szer 3 az 51.

Még egy tény. Jegyezd meg: 360 osztva 15 az 24. Ez is számít. Tény: 67 mínusz 28 az 39.

A szöveg vége. Szép munka."
416,Mindennapi számolás – 26. rész,"Alább ellenőrzött tudást találsz.

Biztos: 54 mínusz 12 az 42. Ez is számít. Tudtad? 10-szer 11 az 110. A következő pontra. 18 mínusz 14 az 4. Még egy tény. Tudtad? 95 plusz 78 az 173.

Tovább. Tény: 6-szer 3 az 18. Ennyi erről. Tudtad? 500 15%-a 75. Folytatjuk. Tudtad? 44 osztva 4 az 11. Ez is számít.

Röviden: 31 plusz 85 az 116. Még egy tény. Jó tudni: A találkozó 12:30-kor. Ez is számít. 220 osztva 10 az 22. Ennyi erről. Tény: 26 mínusz 22 az 4.

Folytatjuk. Jó tudni: 88 mínusz 14 az 74. Ez is számít. Tény: 8-szer 7 az 56.

A szöveg vége. Szép munka."
417,Mindennapi számolás – 27. rész,"Ez a szöveg lépésről lépésre magyaráz.

125 osztva 5 az 25. A következő pontra. Jegyezd meg: 176 osztva 8 az 22. Még egy tény. Biztos: A találkozó 12:30-kor. Ez is számít. Tudtad? 49 mínusz 16 az 33.

Tovább. 459 osztva 17 az 27. Folytatjuk. Tudtad? 61 mínusz 53 az 8. Ez is számít. 3 plusz 49 az 52. Tovább.

Jó tudni: 2-szer 12 az 24. A következő pontra. Biztos: 28 plusz 83 az 111. Folytatjuk. Jó tudni: 88 plusz 84 az 172. Még egy tény. Röviden: 84 osztva 7 az 12.

Ennyi erről. Biztos: 200 15%-a 30. Ez is számít. Jó tudni: 54 mínusz 12 az 42.

A szöveg vége. Szép munka."
418,Mindennapi számolás – 28. rész,"Ez a szöveg lépésről lépésre magyaráz.

Tudtad? 5-szer 4 az 20. A következő pontra. Tény: 7-szer 20 az 140. Ez is számít. Jó tudni: Egy év 365 napos, szökőév 366. Folytatjuk. Röviden: 400 50%-a 200.

Folytatjuk. 57 plusz 9 az 66. Ennyi erről. Jegyezd meg: 27 mínusz 17 az 10. Ennyi erről. Tudtad? 4 osztva 2 az 2. Ennyi erről.

Röviden: 67 mínusz 28 az 39. Ez is számít. Jegyezd meg: 14-szer 14 az 196. Tovább. Jó tudni: 95 plusz 87 az 182. Ez is számít. Röviden: 100 15%-a 15.

Ez is számít. Biztos: 45 mínusz 10 az 35. A következő pontra. Biztos: 88 mínusz 4 az 84.

A szöveg vége. Szép munka."
419,Mindennapi számolás – 29. rész,"Itt rendezett tudást tanulsz. Ne siess.

Tény: 6-szer 9 az 54. Még egy tény. Tény: 200 5%-a 10. Folytatjuk. Röviden: 62 mínusz 28 az 34. Még egy tény. Tény: 36 osztva 18 az 2.

A következő pontra. Tudtad? 81 plusz 20 az 101. Tovább. Jegyezd meg: 20-szer 12 az 240. Ez is számít. Biztos: 100 50%-a 50. A következő pontra.

Jegyezd meg: 36 plusz 22 az 58. Folytatjuk. 12 mínusz 11 az 1. Még egy tény. Röviden: 61 plusz 31 az 92. Ez is számít. Röviden: 48 mínusz 29 az 19.

Ennyi erről. 29 mínusz 21 az 8. A következő pontra. Tudtad? 100 osztva 20 az 5.

A szöveg vége. Szép munka."
420,Mindennapi számolás – 30. rész,"Ez a szöveg lépésről lépésre magyaráz.

Biztos: 10-szer 16 az 160. Ennyi erről. Röviden: 65 mínusz 57 az 8. Folytatjuk. 46 mínusz 39 az 7. A következő pontra. Jó tudni: 16:45-kor érkezik.

Tovább. Biztos: 8 osztva 4 az 2. Ez is számít. Jegyezd meg: 83 plusz 70 az 153. A következő pontra. Tény: 12-szer 3 az 36. Folytatjuk.

Tény: 61 plusz 31 az 92. A következő pontra. Röviden: 86 plusz 36 az 122. Ennyi erről. Jegyezd meg: 58 osztva 2 az 29. Ez is számít. Jegyezd meg: 1000 5%-a 50.

Ez is számít. 513 osztva 19 az 27. A következő pontra. Tudtad? 220 osztva 10 az 22.

Most már ismered a tényeket."
421,Mindennapi számolás – 31. rész,"Ez a szöveg fontos tényeket mutat be. Olvasd nyugodtan.

Tény: 176 osztva 8 az 22. Ennyi erről. Röviden: 1000 50%-a 500. Ez is számít. Jegyezd meg: 67 plusz 35 az 102. Folytatjuk. Jegyezd meg: 42 mínusz 11 az 31.

Még egy tény. Tudtad? 13-szer 3 az 39. Ez is számít. Tény: 9 mínusz 7 az 2. Ez is számít. Biztos: Mindenki 25 eurót kap. Még egy tény.

Jegyezd meg: 323 osztva 19 az 17. Ez is számít. Röviden: 35 mínusz 18 az 17. Még egy tény. Tény: 182 osztva 14 az 13. Tovább. Jó tudni: 78 mínusz 11 az 67.

Tovább. Jó tudni: 62 mínusz 51 az 11. Tovább. Röviden: 19-szer 8 az 152.

Most már ismered a tényeket."
422,Mindennapi számolás – 32. rész,"Itt rendezett tudást tanulsz. Ne siess.

Tudtad? 10-szer 13 az 130. Még egy tény. Jó tudni: 55 plusz 83 az 138. Ez is számít. Biztos: 48 mínusz 29 az 19. Tovább. Biztos: 10-szer 8 az 80.

Még egy tény. Röviden: 14-szer 3 az 42. Még egy tény. Röviden: 27 mínusz 17 az 10. Tovább. 11-szer 19 az 209. Még egy tény.

Röviden: 10 mínusz 3 az 7. Folytatjuk. Röviden: 18-szer 12 az 216. Még egy tény. 17 mínusz 8 az 9. Ennyi erről. Tudtad? 90 osztva 6 az 15.

Folytatjuk. 38 mínusz 23 az 15. Folytatjuk. Jó tudni: 500 10%-a 50.

Most már ismered a tényeket."
423,Mindennapi számolás – 33. rész,"Ez a szöveg lépésről lépésre magyaráz.

Jegyezd meg: 18-szer 12 az 216. Tovább. Biztos: 2 alma marad. Tovább. Biztos: 200 5%-a 10. Még egy tény. Biztos: 14-szer 5 az 70.

A következő pontra. Jó tudni: 72 mínusz 43 az 29. A következő pontra. 40 osztva 4 az 10. Ez is számít. Tudtad? 11-szer 15 az 165. Ez is számít.

Jó tudni: 54 mínusz 52 az 2. Folytatjuk. Tudtad? Egy év 365 napos, szökőév 366. Ez is számít. Jegyezd meg: 86 mínusz 62 az 24. Ez is számít. Tudtad? 33 osztva 11 az 3.

Tovább. Jegyezd meg: 7-szer 15 az 105. Tovább. Biztos: 15-szer 4 az 60.

Ez volt a lényeg."
424,Mindennapi számolás – 34. rész,"Ez a szöveg lépésről lépésre magyaráz.

Tény: 11-szer 17 az 187. A következő pontra. Röviden: 200 5%-a 10. Még egy tény. Biztos: 5 óra 15 percig tart. Ennyi erről. 51 mínusz 25 az 26.

Ez is számít. Tény: 69 osztva 3 az 23. Ez is számít. Tény: 391 osztva 17 az 23. Még egy tény. Biztos: 72 mínusz 43 az 29. Még egy tény.

Jó tudni: 40 plusz 43 az 83. Még egy tény. Tény: 90 osztva 6 az 15. Még egy tény. Tudtad? 81 osztva 3 az 27. Folytatjuk. Röviden: 58 osztva 2 az 29.

Ez is számít. Jegyezd meg: 27 plusz 51 az 78. Ez is számít. Röviden: 100 20%-a 20.

Most már ismered a tényeket."
425,Mindennapi számolás – 35. rész,"Itt rendezett tudást tanulsz. Ne siess.

Röviden: 29 mínusz 21 az 8. Tovább. Jegyezd meg: 64 mínusz 47 az 17. A következő pontra. Tény: 24 plusz 22 az 46. Még egy tény. Jegyezd meg: 94 plusz 86 az 180.

Ez is számít. Röviden: 9 mínusz 7 az 2. Folytatjuk. Tény: 16-szer 5 az 80. Folytatjuk. 95 plusz 87 az 182. Ez is számít.

Biztos: 364 osztva 13 az 28. Ennyi erről. Tény: 90 plusz 23 az 113. Ennyi erről. 33 mínusz 17 az 16. Ennyi erről. Biztos: 20 mínusz 11 az 9.

Tovább. 500 5%-a 25. A következő pontra. Biztos: 14-szer 3 az 42.

Most már ismered a tényeket."
426,Mindennapi számolás – 36. rész,"Alább ellenőrzött tudást találsz.

Tény: 27 mínusz 26 az 1. Ez is számít. Tény: 10 mínusz 3 az 7. A következő pontra. Röviden: 49 plusz 6 az 55. Folytatjuk. Jegyezd meg: 14-szer 14 az 196.

Folytatjuk. Jó tudni: 81 osztva 3 az 27. Ez is számít. Biztos: 21 plusz 47 az 68. Még egy tény. Tudtad? 42 plusz 95 az 137. Még egy tény.

Röviden: 53 plusz 65 az 118. Ennyi erről. Tudtad? 78 plusz 96 az 174. Ez is számít. Tény: 2-szer 18 az 36. Folytatjuk. Röviden: 88 plusz 84 az 172.

A következő pontra. Tudtad? 88 plusz 84 az 172. Ennyi erről. Tény: 14-szer 3 az 42.

Ez volt a lényeg."
427,Mindennapi számolás – 37. rész,"Ez a szöveg fontos tényeket mutat be. Olvasd nyugodtan.

Jegyezd meg: 100 75%-a 75. Még egy tény. Röviden: 27 mínusz 17 az 10. Ennyi erről. 88 plusz 84 az 172. Folytatjuk. Röviden: 55 plusz 83 az 138.

Folytatjuk. Jegyezd meg: 10-szer 10 az 100. Tovább. Röviden: 500 20%-a 100. Tovább. Jó tudni: 510 osztva 17 az 30. Folytatjuk.

Jó tudni: 2000 75%-a 1500. Ez is számít. Röviden: 260 osztva 10 az 26. A következő pontra. Röviden: 500 75%-a 375. Ennyi erről. Jó tudni: 61 plusz 92 az 153.

Ez is számít. Biztos: 14-szer 15 az 210. Folytatjuk. Biztos: 89 plusz 59 az 148.

Ez volt a lényeg."
428,Mindennapi számolás – 38. rész,"Itt rendezett tudást tanulsz. Ne siess.

Tény: 5-szer 9 az 45. A következő pontra. Tény: 247 osztva 19 az 13. Tovább. Tudtad? 2000 10%-a 200. A következő pontra. Tudtad? 100 75%-a 75.

Folytatjuk. Jó tudni: 6-szer 8 az 48. Ez is számít. Tudtad? 87 osztva 3 az 29. Ennyi erről. Jó tudni: 20-szer 11 az 220. Folytatjuk.

Biztos: 323 osztva 19 az 17. A következő pontra. Tény: 85 mínusz 64 az 21. Folytatjuk. Jó tudni: 27 mínusz 4 az 23. Ez is számít. Tény: 56 mínusz 28 az 28.

A következő pontra. Jegyezd meg: 54 plusz 71 az 125. Ez is számít. 85 mínusz 64 az 21.

A szöveg vége. Szép munka."
429,Mindennapi számolás – 39. rész,"Ez a szöveg fontos tényeket mutat be. Olvasd nyugodtan.

Jegyezd meg: 17-szer 4 az 68. Még egy tény. Biztos: 9 mínusz 4 az 5. Tovább. Röviden: 72 plusz 67 az 139. A következő pontra. Tudtad? 46 mínusz 13 az 33.

Ennyi erről. Jegyezd meg: 18-szer 16 az 288. A következő pontra. Jegyezd meg: 11-szer 18 az 198. Még egy tény. Jegyezd meg: 60 plusz 10 az 70. Folytatjuk.

Biztos: 72 plusz 67 az 139. Ennyi erről. Tény: 1000 50%-a 500. A következő pontra. Tudtad? 72 plusz 67 az 139. Ez is számít. Tény: 71 plusz 71 az 142.

Ez is számít. Biztos: 72 plusz 2 az 74. Folytatjuk. Biztos: 364 osztva 13 az 28.

A szöveg vége. Szép munka."
430,Mindennapi számolás – 40. rész,"Ez a szöveg lépésről lépésre magyaráz.

Röviden: 14-szer 17 az 238. Tovább. Tudtad? 46 mínusz 13 az 33. Még egy tény. Jó tudni: 24 osztva 8 az 3. Még egy tény. 16 mínusz 11 az 5.

Folytatjuk. Tudtad? 40 osztva 4 az 10. A következő pontra. 36 plusz 95 az 131. Folytatjuk. Jó tudni: 2000 5%-a 100. Ennyi erről.

17 plusz 19 az 36. Ez is számít. 12-szer 15 az 180. Még egy tény. Tudtad? 83 mínusz 2 az 81. Ennyi erről. Tény: Mindenki 25 eurót kap.

Folytatjuk. Jegyezd meg: 48 osztva 4 az 12. A következő pontra. Jó tudni: 69 osztva 3 az 23.

Most már ismered a tényeket."
431,Mindennapi számolás – 41. rész,"Alább ellenőrzött tudást találsz.

48 osztva 8 az 6. Ez is számít. Röviden: 36 plusz 22 az 58. Még egy tény. Jó tudni: 154 osztva 14 az 11. A következő pontra. Jegyezd meg: 44 osztva 4 az 11.

Még egy tény. Tudtad? 87 mínusz 72 az 15. A következő pontra. Röviden: 48 plusz 59 az 107. Ennyi erről. Röviden: 145 osztva 5 az 29. A következő pontra.

Biztos: 16 osztva 8 az 2. Ez is számít. Tudtad? 40 osztva 4 az 10. Ennyi erről. Biztos: 81 plusz 12 az 93. Ez is számít. 31 plusz 85 az 116.

Folytatjuk. Jó tudni: 37 mínusz 28 az 9. Folytatjuk. Tény: 6-szer 3 az 18.

Most már ismered a tényeket."
432,Mindennapi számolás – 42. rész,"Itt rendezett tudást tanulsz. Ne siess.

Tudtad? 80 plusz 62 az 142. Folytatjuk. Röviden: 26 plusz 52 az 78. Ennyi erről. Jegyezd meg: 65 mínusz 51 az 14. Még egy tény. Biztos: 89 plusz 8 az 97.

Tovább. Röviden: 7-szer 5 az 35. Folytatjuk. 22 osztva 2 az 11. Ez is számít. Tény: 416 osztva 16 az 26. Ez is számít.

Jó tudni: 4 osztva 2 az 2. A következő pontra. Röviden: 61 plusz 35 az 96. A következő pontra. Tudtad? 36 osztva 18 az 2. Tovább. Jó tudni: 20-szer 11 az 220.

A következő pontra. Jó tudni: 10-szer 7 az 70. Folytatjuk. Jegyezd meg: 11-szer 7 az 77.

Most már ismered a tényeket."
433,Mindennapi számolás – 43. rész,"Itt rendezett tudást tanulsz. Ne siess.

Tény: 6-szer 9 az 54. Folytatjuk. 322 osztva 14 az 23. Tovább. Jó tudni: 89 mínusz 43 az 46. Még egy tény. Röviden: 220 osztva 20 az 11.

Még egy tény. Tudtad? 75 mínusz 24 az 51. Ennyi erről. Jegyezd meg: 61 plusz 44 az 105. Ez is számít. Tudtad? 8 órát alszol. Ennyi erről.

Biztos: 100 20%-a 20. Folytatjuk. Röviden: 44 plusz 61 az 105. Tovább. Biztos: 87 osztva 3 az 29. Tovább. Biztos: 21 plusz 61 az 82.

Még egy tény. Biztos: 16-szer 5 az 80. Folytatjuk. Biztos: 28 mínusz 2 az 26.

Ez volt a lényeg."
434,Mindennapi számolás – 44. rész,"Alább ellenőrzött tudást találsz.

Biztos: 74 plusz 9 az 83. Ez is számít. Tudtad? 61 plusz 92 az 153. Tovább. Jó tudni: 74 plusz 9 az 83. A következő pontra. Tudtad? 300 20%-a 60.

Folytatjuk. Jó tudni: 400 25%-a 100. A következő pontra. Tény: 18-szer 12 az 216. Ennyi erről. Röviden: 49 mínusz 16 az 33. Folytatjuk.

Röviden: 51 osztva 3 az 17. Még egy tény. 5 óra 15 percig tart. Ennyi erről. Röviden: 12 plusz 37 az 49. Ez is számít. Röviden: 88 plusz 84 az 172.

Folytatjuk. Jegyezd meg: 48 mínusz 29 az 19. Még egy tény. Jó tudni: 14 plusz 20 az 34.

Most már ismered a tényeket."
435,Mindennapi számolás – 45. rész,"Ez a szöveg lépésről lépésre magyaráz.

Röviden: 78 plusz 96 az 174. Ez is számít. 18-szer 12 az 216. Folytatjuk. Tény: 49 plusz 6 az 55. Folytatjuk. Jegyezd meg: 87 osztva 3 az 29.

Még egy tény. Jó tudni: 72 plusz 75 az 147. Ez is számít. Tény: 4-szer 6 az 24. A következő pontra. 73 mínusz 14 az 59. Tovább.

Tudtad? 8-szer 20 az 160. Folytatjuk. Tudtad? 7-szer 18 az 126. Még egy tény. Tény: 44 osztva 4 az 11. A következő pontra. Jegyezd meg: 4-szer 2 az 8.

Még egy tény. Tudtad? 9 mínusz 4 az 5. Ez is számít. Biztos: 364 osztva 13 az 28.

A szöveg vége. Szép munka."
436,Mindennapi számolás – 46. rész,"Ez a szöveg lépésről lépésre magyaráz.

Röviden: 18-szer 16 az 288. Ennyi erről. Röviden: 40 plusz 43 az 83. Folytatjuk. Jó tudni: 12-szer 5 az 60. Tovább. Röviden: 200 15%-a 30.

Tovább. Jó tudni: 435 osztva 15 az 29. Folytatjuk. Biztos: 78 plusz 96 az 174. Még egy tény. Jó tudni: 81 plusz 20 az 101. Ez is számít.

Jó tudni: 58 mínusz 32 az 26. A következő pontra. Tudtad? 13-szer 16 az 208. A következő pontra. Tudtad? 25 mínusz 18 az 7. Tovább. Biztos: 29 plusz 16 az 45.

Folytatjuk. Biztos: 62 mínusz 28 az 34. Folytatjuk. 25 plusz 28 az 53.

Most már ismered a tényeket."
437,Mindennapi számolás – 47. rész,"Itt rendezett tudást tanulsz. Ne siess.

Biztos: 14-szer 15 az 210. A következő pontra. Tudtad? 92 mínusz 46 az 46. Tovább. Jó tudni: 48 plusz 59 az 107. Ez is számít. Tény: 270 osztva 18 az 15.

Még egy tény. Röviden: 400 75%-a 300. Ez is számít. Jegyezd meg: 18-szer 19 az 342. A következő pontra. Tudtad? 20-szer 12 az 240. Ez is számít.

Tudtad? 18-szer 12 az 216. A következő pontra. Tény: 500 20%-a 100. Tovább. 20-szer 7 az 140. Ennyi erről. Tény: 54 osztva 18 az 3.

Folytatjuk. Röviden: 14-szer 13 az 182. Tovább. Jegyezd meg: 83 plusz 70 az 153.

Most már ismered a tényeket."
438,Mindennapi számolás – 48. rész,"Alább ellenőrzött tudást találsz.

Jegyezd meg: 42 mínusz 11 az 31. Ez is számít. Tudtad? 25 mínusz 18 az 7. Ez is számít. Tény: 2000 10%-a 200. Ez is számít. Tény: 95 plusz 62 az 157.

Ennyi erről. Tudtad? 89 plusz 59 az 148. Ez is számít. Jegyezd meg: 37 mínusz 28 az 9. Ennyi erről. Biztos: 38 mínusz 23 az 15. A következő pontra.

Röviden: 95 plusz 78 az 173. Tovább. 92 osztva 4 az 23. Még egy tény. Jó tudni: 100 osztva 20 az 5. Még egy tény. 200 20%-a 40.

Folytatjuk. Jegyezd meg: 17 plusz 19 az 36. Még egy tény. Biztos: 56 mínusz 28 az 28.

Most már ismered a tényeket."
439,Mindennapi számolás – 49. rész,"Alább ellenőrzött tudást találsz.

Tudtad? 2000 50%-a 1000. Tovább. Biztos: 44 osztva 2 az 22. Ennyi erről. Röviden: 66 osztva 11 az 6. A következő pontra. Jegyezd meg: 200 75%-a 150.

Ez is számít. 14-szer 12 az 168. Ez is számít. Jegyezd meg: 45 mínusz 42 az 3. Ez is számít. Jó tudni: 270 osztva 18 az 15. A következő pontra.

Tény: 14 mínusz 11 az 3. Még egy tény. Jegyezd meg: 176 osztva 8 az 22. Ez is számít. Biztos: 143 osztva 13 az 11. Tovább. Jegyezd meg: 18-szer 16 az 288.

Ez is számít. 54 osztva 9 az 6. Folytatjuk. 143 osztva 13 az 11.

Most már ismered a tényeket."
440,Mindennapi számolás – 50. rész,"Itt rendezett tudást tanulsz. Ne siess.

Jegyezd meg: 33 plusz 9 az 42. Folytatjuk. Tudtad? 500 15%-a 75. A következő pontra. 10-szer 16 az 160. Tovább. Biztos: 8-szer 10 az 80.

Folytatjuk. 22 osztva 2 az 11. Ez is számít. Röviden: 10-szer 16 az 160. Folytatjuk. Röviden: 72 plusz 2 az 74. Ez is számít.

78 plusz 96 az 174. Ez is számít. Tény: 83 plusz 70 az 153. Ez is számít. Jegyezd meg: 95 plusz 87 az 182. Ennyi erről. Jó tudni: 24 osztva 8 az 3.

Ennyi erről. Tudtad? 11-szer 13 az 143. A következő pontra. 36 plusz 95 az 131.

Ez volt a lényeg."
441,Mindennapi számolás – 51. rész,"Alább ellenőrzött tudást találsz.

Röviden: 1000 20%-a 200. Ennyi erről. Tény: 2000 50%-a 1000. Még egy tény. Biztos: 10-szer 5 az 50. Ennyi erről. Tény: 100 75%-a 75.

Folytatjuk. Biztos: 43 plusz 38 az 81. Folytatjuk. Biztos: 49 plusz 6 az 55. Ez is számít. 500 25%-a 125. Tovább.

Jegyezd meg: 78 plusz 95 az 173. Tovább. Jegyezd meg: 196 osztva 7 az 28. A következő pontra. Röviden: 78 plusz 97 az 175. A következő pontra. Tudtad? 13-szer 16 az 208.

Ez is számít. Jegyezd meg: 154 osztva 14 az 11. Ez is számít. Jegyezd meg: 20-szer 7 az 140.

A szöveg vége. Szép munka."
442,Mindennapi számolás – 52. rész,"Itt rendezett tudást tanulsz. Ne siess.

Jegyezd meg: 12-szer 14 az 168. Ennyi erről. Tudtad? 77 mínusz 8 az 69. Tovább. Biztos: 100 15%-a 15. Ez is számít. Röviden: 200 15%-a 30.

Folytatjuk. Jegyezd meg: 8-szer 7 az 56. Ennyi erről. Jegyezd meg: 68 plusz 8 az 76. Ez is számít. Röviden: 56 mínusz 28 az 28. Ez is számít.

Biztos: 31 plusz 2 az 33. Folytatjuk. Röviden: 72 mínusz 26 az 46. Ennyi erről. Tény: 14-szer 12 az 168. Folytatjuk. Jegyezd meg: 247 osztva 19 az 13.

A következő pontra. Tudtad? 72 mínusz 26 az 46. Ennyi erről. Röviden: 53 plusz 65 az 118.

Most már ismered a tényeket."
443,Mindennapi számolás – 53. rész,"Itt rendezett tudást tanulsz. Ne siess.

Jó tudni: 20 mínusz 11 az 9. Tovább. Jegyezd meg: 125 osztva 5 az 25. Folytatjuk. Röviden: 1000 10%-a 100. A következő pontra. Tudtad? 1000 50%-a 500.

Tovább. Jó tudni: 10-szer 16 az 160. Folytatjuk. 48 osztva 4 az 12. A következő pontra. 20-szer 11 az 220. Ez is számít.

Röviden: 17-szer 13 az 221. Még egy tény. Jegyezd meg: 11-szer 19 az 209. Folytatjuk. Röviden: 55 plusz 83 az 138. Tovább. Biztos: 400 25%-a 100.

Folytatjuk. Röviden: 7-szer 10 az 70. Tovább. 21 plusz 47 az 68.

Ez volt a lényeg."
444,Mindennapi számolás – 54. rész,"Ez a szöveg lépésről lépésre magyaráz.

72 osztva 12 az 6. Tovább. Jegyezd meg: 323 osztva 19 az 17. A következő pontra. Tudtad? 500 15%-a 75. Tovább. Biztos: 20-szer 7 az 140.

A következő pontra. Röviden: 42 plusz 95 az 137. A következő pontra. Tudtad? 255 osztva 17 az 15. A következő pontra. Jegyezd meg: 34 osztva 2 az 17. Tovább.

Tudtad? 14-szer 17 az 238. Ennyi erről. Biztos: 3-szer 2 az 6. Ennyi erről. Tény: 14-szer 12 az 168. Ennyi erről. Tény: 10 mínusz 7 az 3.

Folytatjuk. Biztos: 10 mínusz 3 az 7. Tovább. Jó tudni: 500 25%-a 125.

A szöveg vége. Szép munka."
445,Mindennapi számolás – 55. rész,"Alább ellenőrzött tudást találsz.

Röviden: 22 osztva 2 az 11. Folytatjuk. Biztos: 60 mínusz 31 az 29. Folytatjuk. Tudtad? 72 plusz 2 az 74. Még egy tény. Tudtad? 24 osztva 8 az 3.

Folytatjuk. Tudtad? 72 mínusz 43 az 29. A következő pontra. Jó tudni: A találkozó 12:30-kor. A következő pontra. Röviden: 55 mínusz 45 az 10. A következő pontra.

Jegyezd meg: 500 5%-a 25. Ennyi erről. Jó tudni: 8-szer 7 az 56. A következő pontra. Biztos: 500 25%-a 125. Folytatjuk. Röviden: 27 mínusz 4 az 23.

A következő pontra. Jó tudni: 68 plusz 63 az 131. Még egy tény. Jegyezd meg: 154 osztva 14 az 11.

Most már ismered a tényeket."
446,Mindennapi számolás – 56. rész,"Alább ellenőrzött tudást találsz.

Röviden: 7 plusz 23 az 30. Ez is számít. Tény: 12-szer 17 az 204. A következő pontra. Biztos: 5-szer 9 az 45. Még egy tény. Jegyezd meg: 37 plusz 48 az 85.

Tovább. Röviden: 33 osztva 11 az 3. Ez is számít. Biztos: 59 plusz 89 az 148. A következő pontra. 94 plusz 86 az 180. Ennyi erről.

55 plusz 83 az 138. Ennyi erről. Jó tudni: 247 osztva 19 az 13. Ennyi erről. 2000 75%-a 1500. Folytatjuk. Biztos: 9-szer 4 az 36.

A következő pontra. Röviden: 2000 15%-a 300. Még egy tény. Tény: 10-szer 11 az 110.

Most már ismered a tényeket."
447,Mindennapi számolás – 57. rész,"Ez a szöveg lépésről lépésre magyaráz.

Jegyezd meg: 48 plusz 59 az 107. Ez is számít. Tény: 51 mínusz 25 az 26. Folytatjuk. Tudtad? 22 osztva 2 az 11. Tovább. 94 plusz 14 az 108.

Még egy tény. Tény: 24 plusz 22 az 46. Tovább. Jó tudni: 88 plusz 42 az 130. Tovább. Biztos: 18-szer 12 az 216. A következő pontra.

17-szer 4 az 68. Ez is számít. Biztos: 4-szer 6 az 24. Ez is számít. Tény: 17-szer 4 az 68. Ez is számít. Jó tudni: 62 mínusz 28 az 34.

Tovább. Jegyezd meg: 54 plusz 71 az 125. Ennyi erről. Jó tudni: 20-szer 5 az 100.

A szöveg vége. Szép munka."
448,Mindennapi számolás – 58. rész,"Alább ellenőrzött tudást találsz.

Tudtad? 56 osztva 14 az 4. Ez is számít. 95 plusz 62 az 157. A következő pontra. Jegyezd meg: 85 mínusz 14 az 71. Ennyi erről. 176 osztva 8 az 22.

Ennyi erről. Jegyezd meg: 57 mínusz 42 az 15. Még egy tény. Biztos: Egy év 365 napos, szökőév 366. Folytatjuk. Tudtad? 27 plusz 51 az 78. Ez is számít.

Tény: 7-szer 20 az 140. Folytatjuk. Jegyezd meg: 98 mínusz 76 az 22. A következő pontra. 300 20%-a 60. Ez is számít. Jegyezd meg: 40 plusz 43 az 83.

Még egy tény. Tudtad? 72 mínusz 43 az 29. Ez is számít. Jegyezd meg: 29 plusz 16 az 45.

Most már ismered a tényeket."
449,Mindennapi számolás – 59. rész,"Alább ellenőrzött tudást találsz.

Biztos: 27 mínusz 4 az 23. Folytatjuk. Biztos: 1000 20%-a 200. Ennyi erről. 8 osztva 4 az 2. Folytatjuk. Biztos: 13-szer 11 az 143.

A következő pontra. Röviden: 5-szer 9 az 45. Folytatjuk. Jegyezd meg: 46 mínusz 39 az 7. A következő pontra. Biztos: 99 plusz 42 az 141. Még egy tény.

Jegyezd meg: 216 osztva 18 az 12. Tovább. Jegyezd meg: 300 50%-a 150. Ez is számít. Biztos: 8-szer 10 az 80. Tovább. Tudtad? 25 mínusz 18 az 7.

Folytatjuk. Jó tudni: 61 plusz 92 az 153. Ez is számít. Jó tudni: 100 75%-a 75.

Most már ismered a tényeket."
450,Mindennapi számolás – 60. rész,"Ez a szöveg fontos tényeket mutat be. Olvasd nyugodtan.

Jó tudni: Egy perc 60 másodperc. Még egy tény. 145 osztva 5 az 29. Még egy tény. Tudtad? 92 osztva 4 az 23. Ez is számít. Tudtad? 13-szer 3 az 39.

A következő pontra. Biztos: 86 plusz 78 az 164. A következő pontra. Tudtad? 45 plusz 90 az 135. Folytatjuk. Tény: 11-szer 15 az 165. Tovább.

Röviden: 288 osztva 12 az 24. Még egy tény. 86 mínusz 62 az 24. A következő pontra. Jó tudni: 322 osztva 14 az 23. Ennyi erről. Röviden: 62 mínusz 18 az 44.

A következő pontra. Jó tudni: 4 osztva 2 az 2. Tovább. Tény: 85 mínusz 14 az 71.

A szöveg vége. Szép munka."
451,Mindennapi számolás – 61. rész,"Ez a szöveg lépésről lépésre magyaráz.

Tudtad? 40 mínusz 35 az 5. Még egy tény. Tudtad? 100 osztva 20 az 5. Még egy tény. Röviden: 19-szer 8 az 152. Ez is számít. Röviden: 43 plusz 38 az 81.

Még egy tény. Tény: Mindenki 25 eurót kap. A következő pontra. Tény: 18 mínusz 14 az 4. Ez is számít. Tény: 78 plusz 96 az 174. Tovább.

Jó tudni: 58 osztva 2 az 29. Még egy tény. Jó tudni: 7-szer 15 az 105. Ennyi erről. Biztos: 1000 20%-a 200. A következő pontra. Röviden: 94 plusz 14 az 108.

A következő pontra. Jegyezd meg: 78 plusz 96 az 174. Még egy tény. 20-szer 15 az 300.

A szöveg vége. Szép munka."
452,Mindennapi számolás – 62. rész,"Itt rendezett tudást tanulsz. Ne siess.

Tudtad? 17-szer 13 az 221. Tovább. Tudtad? 83 mínusz 2 az 81. Ez is számít. Tény: 83 mínusz 8 az 75. Folytatjuk. Tény: 95 plusz 78 az 173.

A következő pontra. Jegyezd meg: 17 plusz 19 az 36. Tovább. Jó tudni: 7-szer 6 az 42. Tovább. Biztos: 20 mínusz 11 az 9. Még egy tény.

Tény: 37 plusz 48 az 85. Még egy tény. Biztos: 1000 20%-a 200. Ez is számít. Biztos: 48 osztva 4 az 12. Ez is számít. Jegyezd meg: 4-szer 2 az 8.

Folytatjuk. Tény: 28 plusz 30 az 58. Ez is számít. Tény: 24 osztva 8 az 3.

Most már ismered a tényeket."
453,Mindennapi számolás – 63. rész,"Itt rendezett tudást tanulsz. Ne siess.

Tudtad? 67 mínusz 28 az 39. A következő pontra. Biztos: 12-szer 3 az 36. Ez is számít. Biztos: 49 mínusz 43 az 6. Folytatjuk. Biztos: 62 mínusz 18 az 44.

Ennyi erről. Biztos: 13-szer 16 az 208. Ez is számít. Jó tudni: 17 plusz 82 az 99. Ez is számít. 154 osztva 14 az 11. Tovább.

Biztos: 88 mínusz 4 az 84. Ez is számít. 8 órát alszol. Ez is számít. Biztos: 13-szer 3 az 39. Folytatjuk. Tény: 340 osztva 17 az 20.

Folytatjuk. 89 plusz 8 az 97. Ez is számít. Tény: 72 osztva 4 az 18.

Most már ismered a tényeket."
454,Mindennapi számolás – 64. rész,"Ez a szöveg lépésről lépésre magyaráz.

Jegyezd meg: 10-szer 10 az 100. Még egy tény. Biztos: 88 plusz 42 az 130. Folytatjuk. Jegyezd meg: 21 plusz 47 az 68. A következő pontra. Tudtad? 145 osztva 5 az 29.

Ennyi erről. Röviden: 71 plusz 71 az 142. Ez is számít. Tény: 5-szer 4 az 20. Folytatjuk. Röviden: 20 plusz 6 az 26. A következő pontra.

Tény: 510 osztva 17 az 30. Tovább. Röviden: 54 osztva 18 az 3. Folytatjuk. Tény: 17 mínusz 8 az 9. Folytatjuk. Jegyezd meg: 4 osztva 2 az 2.

Ennyi erről. Biztos: Mindenki 25 eurót kap. Ennyi erről. Tény: 34 osztva 2 az 17.

Vége ennek az áttekintésnek."
455,Mindennapi számolás – 65. rész,"Ez a szöveg lépésről lépésre magyaráz.

80 osztva 20 az 4. Ennyi erről. Biztos: 16 osztva 8 az 2. A következő pontra. Tudtad? 260 osztva 13 az 20. Folytatjuk. Tudtad? 9-szer 5 az 45.

Ez is számít. Röviden: 464 osztva 16 az 29. Tovább. Tudtad? 18 mínusz 14 az 4. Ez is számít. Jegyezd meg: 19-szer 18 az 342. A következő pontra.

Jó tudni: 500 10%-a 50. Ez is számít. Tény: 29 plusz 16 az 45. Ennyi erről. Egy év 365 napos, szökőév 366. Ennyi erről. 7-szer 10 az 70.

Ennyi erről. Biztos: 25-ször 4 az 100. Ez is számít. 8-szer 5 az 40.

Vége ennek az áttekintésnek."
456,Mindennapi számolás – 66. rész,"Alább ellenőrzött tudást találsz.

Röviden: 104 osztva 8 az 13. A következő pontra. Jegyezd meg: 72 mínusz 26 az 46. Ennyi erről. Röviden: 7-szer 7 az 49. Ennyi erről. Jó tudni: 16-szer 10 az 160.

Tovább. Jegyezd meg: 25 plusz 97 az 122. Még egy tény. Jegyezd meg: 176 osztva 8 az 22. A következő pontra. 90 plusz 23 az 113. Folytatjuk.

Jegyezd meg: 24 osztva 2 az 12. Még egy tény. Jegyezd meg: 513 osztva 19 az 27. Folytatjuk. Röviden: 20 mínusz 11 az 9. Ez is számít. Jó tudni: 20 mínusz 11 az 9.

Ez is számít. Tény: 7 mínusz 5 az 2. A következő pontra. Biztos: 38 mínusz 23 az 15.

Most már ismered a tényeket."
457,Mindennapi számolás – 67. rész,"Alább ellenőrzött tudást találsz.

Jó tudni: 182 osztva 14 az 13. Tovább. Jó tudni: 1000 10%-a 100. Ennyi erről. 288 osztva 12 az 24. Ennyi erről. Jegyezd meg: 24 plusz 22 az 46.

A következő pontra. Biztos: 19-szer 2 az 38. A következő pontra. Jó tudni: 61 plusz 4 az 65. Tovább. 3-szer 2 az 6. Tovább.

Jó tudni: 95 plusz 62 az 157. Ennyi erről. Biztos: 25-ször 4 az 100. Ennyi erről. 20-szer 7 az 140. A következő pontra. 21 plusz 61 az 82.

Folytatjuk. Tudtad? 72 mínusz 26 az 46. Még egy tény. Jegyezd meg: 3-szer 16 az 48.

Vége ennek az áttekintésnek."
458,Mindennapi számolás – 68. rész,"Ez a szöveg lépésről lépésre magyaráz.

Tény: 7 plusz 23 az 30. A következő pontra. Tény: 42 plusz 95 az 137. Tovább. Jegyezd meg: 9 mínusz 4 az 5. Folytatjuk. Tudtad? 29 mínusz 21 az 8.

A következő pontra. Biztos: 55 mínusz 45 az 10. A következő pontra. Tudtad? 2-szer 18 az 36. Ez is számít. Tény: 87 osztva 3 az 29. Ez is számít.

Jegyezd meg: 73 plusz 72 az 145. A következő pontra. 38 mínusz 21 az 17. Ez is számít. Jó tudni: 16 mínusz 11 az 5. Tovább. Jó tudni: 182 osztva 14 az 13.

A következő pontra. Röviden: 210 osztva 7 az 30. Ez is számít. Biztos: 19:30-kor végzel.

A szöveg vége. Szép munka."
459,Mindennapi számolás – 69. rész,"Alább ellenőrzött tudást találsz.

Jegyezd meg: 23 mínusz 20 az 3. Tovább. 7-szer 14 az 98. Folytatjuk. Röviden: 104 osztva 8 az 13. Ennyi erről. 247 osztva 19 az 13.

Folytatjuk. Jó tudni: 21 plusz 61 az 82. Ez is számít. Tudtad? 80 plusz 62 az 142. Még egy tény. Jegyezd meg: 270 osztva 18 az 15. Tovább.

38 mínusz 23 az 15. Ez is számít. Tény: 72 plusz 67 az 139. A következő pontra. Jó tudni: 13-szer 11 az 143. Ennyi erről. Jó tudni: 8 plusz 19 az 27.

Még egy tény. 3-szer 2 az 6. Ennyi erről. Tény: 288 osztva 12 az 24.

Vége ennek az áttekintésnek."
460,Mindennapi számolás – 70. rész,"Alább ellenőrzött tudást találsz.

Tény: 12 plusz 37 az 49. A következő pontra. Jó tudni: 500 5%-a 25. Ez is számít. Tudtad? 81 plusz 12 az 93. Ennyi erről. Tény: 9-szer 20 az 180.

Folytatjuk. Jó tudni: 14-szer 13 az 182. A következő pontra. Biztos: 6-szer 8 az 48. A következő pontra. 57 mínusz 42 az 15. Ennyi erről.

Jegyezd meg: 33 osztva 11 az 3. Ez is számít. 12 plusz 37 az 49. Tovább. Jegyezd meg: 364 osztva 14 az 26. A következő pontra. Jó tudni: 14 mínusz 9 az 5.

Tovább. Jó tudni: 12-szer 4 az 48. A következő pontra. Tudtad? 25 plusz 28 az 53.

Vége ennek az áttekintésnek."
461,Mindennapi számolás – 71. rész,"Alább ellenőrzött tudást találsz.

Tudtad? 12-szer 14 az 168. Folytatjuk. Röviden: 46 mínusz 39 az 7. Ez is számít. Biztos: 6 plusz 95 az 101. Ennyi erről. Tény: 40 plusz 43 az 83.

Ennyi erről. Jó tudni: 16 osztva 4 az 4. Folytatjuk. Biztos: 5-szer 9 az 45. Tovább. Röviden: 59 plusz 50 az 109. Ennyi erről.

32 plusz 66 az 98. Folytatjuk. 59 plusz 50 az 109. Folytatjuk. Röviden: 2-szer 19 az 38. Tovább. Röviden: 88 plusz 42 az 130.

Ez is számít. 180 osztva 18 az 10. Folytatjuk. 100 20%-a 20.

Vége ennek az áttekintésnek."
462,Mindennapi számolás – 72. rész,"Alább ellenőrzött tudást találsz.

Jegyezd meg: 500 20%-a 100. Folytatjuk. Röviden: 7-szer 7 az 49. Ez is számít. 2000 50%-a 1000. Folytatjuk. Biztos: 56 osztva 14 az 4.

A következő pontra. Tény: 12-szer 15 az 180. Még egy tény. Röviden: 9-szer 12 az 108. Ennyi erről. Röviden: 88 plusz 84 az 172. Még egy tény.

Biztos: 500 25%-a 125. Tovább. Tény: 10 mínusz 7 az 3. A következő pontra. Tudtad? 51 osztva 17 az 3. Ennyi erről. Tény: 500 5%-a 25.

Még egy tény. Jegyezd meg: 10-szer 16 az 160. Ennyi erről. Biztos: 26 plusz 52 az 78.

Ez volt a lényeg."
463,Mindennapi számolás – 73. rész,"Itt rendezett tudást tanulsz. Ne siess.

Jó tudni: 2000 10%-a 200. Ennyi erről. Tény: 59 plusz 89 az 148. Ennyi erről. Röviden: 100 10%-a 10. A következő pontra. Tény: 14-szer 5 az 70.

Tovább. Tény: 37 mínusz 28 az 9. Tovább. Biztos: 90 plusz 23 az 113. Tovább. Röviden: 513 osztva 19 az 27. Ennyi erről.

Röviden: 29 plusz 16 az 45. Tovább. Jó tudni: 11-szer 19 az 209. Tovább. Tény: 36 osztva 18 az 2. Még egy tény. Tudtad? 8-szer 7 az 56.

Ez is számít. 8-szer 20 az 160. Tovább. Jó tudni: 25 mínusz 18 az 7.

Vége ennek az áttekintésnek."
464,Mindennapi számolás – 74. rész,"Alább ellenőrzött tudást találsz.

Tudtad? 61 plusz 31 az 92. Tovább. Tény: 66 plusz 5 az 71. Ennyi erről. Biztos: 17-szer 3 az 51. Még egy tény. Tudtad? 98 mínusz 54 az 44.

Még egy tény. Röviden: 32 mínusz 11 az 21. Ennyi erről. Tény: 19-szer 18 az 342. Tovább. Tény: 12-szer 14 az 168. Ez is számít.

Tény: 74 plusz 9 az 83. Ez is számít. 15-szer 10 az 150. Még egy tény. 4-szer 12 az 48. Ez is számít. Röviden: 5-szer 15 az 75.

A következő pontra. Biztos: 220 osztva 10 az 22. Tovább. Biztos: 13-szer 3 az 39.

Ez volt a lényeg."
465,Mindennapi számolás – 75. rész,"Alább ellenőrzött tudást találsz.

Jegyezd meg: 62 mínusz 51 az 11. Ez is számít. Jegyezd meg: 14-szer 18 az 252. Tovább. Röviden: 17 mínusz 10 az 7. Tovább. Jó tudni: 15-szer 15 az 225.

Még egy tény. Jó tudni: 416 osztva 16 az 26. Ez is számít. Jegyezd meg: 6-szer 9 az 54. Ez is számít. Biztos: 67 plusz 35 az 102. A következő pontra.

Jegyezd meg: 1000 5%-a 50. Ez is számít. Jó tudni: 52 mínusz 27 az 25. Még egy tény. Tudtad? 500 15%-a 75. Még egy tény. Tény: 18 mínusz 14 az 4.

Ennyi erről. Tény: 51 mínusz 25 az 26. Még egy tény. Tudtad? 12-szer 15 az 180.

Most már ismered a tényeket."
466,Mindennapi számolás – 76. rész,"Ez a szöveg fontos tényeket mutat be. Olvasd nyugodtan.

Biztos: 56 mínusz 28 az 28. Még egy tény. Jegyezd meg: 18-szer 16 az 288. Ez is számít. Tény: 38 mínusz 21 az 17. Folytatjuk. Tény: 32 mínusz 11 az 21.

A következő pontra. Biztos: 152 osztva 19 az 8. Folytatjuk. Röviden: 49 mínusz 37 az 12. Folytatjuk. Jegyezd meg: 100 osztva 20 az 5. Tovább.

Jó tudni: 6-szer 19 az 114. A következő pontra. Jó tudni: 220 osztva 10 az 22. A következő pontra. Biztos: 19-szer 8 az 152. Ennyi erről. Jó tudni: 3 plusz 49 az 52.

Tovább. Tény: 416 osztva 16 az 26. Még egy tény. 52 mínusz 27 az 25.

A szöveg vége. Szép munka."
467,Mindennapi számolás – 77. rész,"Itt rendezett tudást tanulsz. Ne siess.

Tudtad? 38 mínusz 23 az 15. Ez is számít. Röviden: 322 osztva 14 az 23. A következő pontra. Jegyezd meg: 2000 15%-a 300. A következő pontra. Tudtad? 11-szer 18 az 198.

Tovább. Tudtad? 459 osztva 17 az 27. Ennyi erről. Röviden: 32 osztva 2 az 16. Ez is számít. Biztos: 391 osztva 17 az 23. Ez is számít.

Tudtad? 96 osztva 6 az 16. Ez is számít. 2-szer 18 az 36. Még egy tény. Röviden: 7-szer 18 az 126. Folytatjuk. Jegyezd meg: 10-szer 10 az 100.

Tovább. Tény: 75 mínusz 9 az 66. Folytatjuk. Tudtad? 27 plusz 51 az 78.

Most már ismered a tényeket."
468,Mindennapi számolás – 78. rész,"Ez a szöveg fontos tényeket mutat be. Olvasd nyugodtan.

Biztos: 12-szer 3 az 36. Ez is számít. Jegyezd meg: 21 plusz 47 az 68. Még egy tény. Tudtad? 20 plusz 6 az 26. Tovább. Tudtad? 500 20%-a 100.

Folytatjuk. Röviden: 62 mínusz 18 az 44. Folytatjuk. Jegyezd meg: 247 osztva 19 az 13. Ez is számít. Jó tudni: 10 mínusz 7 az 3. Folytatjuk.

Tény: 25-ször 4 az 100. A következő pontra. Röviden: 400 75%-a 300. Tovább. Biztos: 10-szer 13 az 130. A következő pontra. Tudtad? 15-szer 10 az 150.

Tovább. Biztos: 58 mínusz 31 az 27. Ennyi erről. Röviden: 56 osztva 14 az 4.

Vége ennek az áttekintésnek."
469,Mindennapi számolás – 79. rész,"Alább ellenőrzött tudást találsz.

Jó tudni: 276 osztva 12 az 23. Folytatjuk. Jó tudni: 100 5%-a 5. Még egy tény. Jó tudni: 88 mínusz 4 az 84. Ez is számít. Biztos: 67 plusz 35 az 102.

A következő pontra. Tudtad? 22 osztva 2 az 11. Még egy tény. Biztos: 49 plusz 6 az 55. Folytatjuk. Tudtad? 17:05-kor kész. Még egy tény.

Röviden: 10-szer 10 az 100. A következő pontra. Röviden: 42 plusz 95 az 137. A következő pontra. 14-szer 14 az 196. Ez is számít. Röviden: 16 osztva 4 az 4.

Ennyi erről. 17:05-kor kész. Folytatjuk. Röviden: 58 plusz 78 az 136.

Vége ennek az áttekintésnek."
470,Mindennapi számolás – 80. rész,"Ez a szöveg lépésről lépésre magyaráz.

Tény: 8-szer 15 az 120. Folytatjuk. Tény: 200 15%-a 30. Ez is számít. Jó tudni: 10-szer 5 az 50. Folytatjuk. Jó tudni: 22 osztva 2 az 11.

Ez is számít. Tény: 70 mínusz 14 az 56. Folytatjuk. Jó tudni: 55 plusz 83 az 138. Még egy tény. 12 mínusz 11 az 1. Ennyi erről.

Jegyezd meg: 1000 20%-a 200. Tovább. Jegyezd meg: 2000 50%-a 1000. Ez is számít. Jó tudni: 89 plusz 8 az 97. Ennyi erről. Jegyezd meg: 513 osztva 19 az 27.

Ez is számít. Jegyezd meg: 364 osztva 14 az 26. Még egy tény. Tudtad? 5-szer 15 az 75.

Ez volt a lényeg."
471,Mindennapi számolás – 81. rész,"Alább ellenőrzött tudást találsz.

Tény: 46 mínusz 39 az 7. A következő pontra. Jó tudni: 7 mínusz 5 az 2. Folytatjuk. Tény: 81 osztva 3 az 27. Ez is számít. Röviden: 86 plusz 78 az 164.

Tovább. Tény: 54 mínusz 12 az 42. Tovább. Jegyezd meg: 12-szer 3 az 36. Ennyi erről. Biztos: 6-szer 9 az 54. A következő pontra.

Biztos: 20-szer 12 az 240. A következő pontra. Tény: 1000 10%-a 100. Folytatjuk. Tudtad? 7-szer 15 az 105. Ennyi erről. Jó tudni: 81 mínusz 6 az 75.

Ez is számít. Jó tudni: 14-szer 5 az 70. Tovább. Biztos: 300 25%-a 75.

Most már ismered a tényeket."
472,Mindennapi számolás – 82. rész,"Ez a szöveg fontos tényeket mutat be. Olvasd nyugodtan.

Röviden: 45 mínusz 10 az 35. A következő pontra. Tudtad? 83 plusz 51 az 134. Ez is számít. Tudtad? 10-szer 11 az 110. Tovább. Tény: 11-szer 7 az 77.

Tovább. Biztos: 10 mínusz 3 az 7. Még egy tény. Jó tudni: 2000 5%-a 100. Ennyi erről. Tudtad? 98 mínusz 76 az 22. Tovább.

Tudtad? 46 mínusz 39 az 7. Tovább. Tudtad? 364 osztva 13 az 28. Folytatjuk. Biztos: 182 osztva 14 az 13. Ennyi erről. Röviden: 84 plusz 68 az 152.

Ez is számít. Röviden: 89 plusz 59 az 148. Folytatjuk. Tény: 29 mínusz 21 az 8.

A szöveg vége. Szép munka."
473,Mindennapi számolás – 83. rész,"Itt rendezett tudást tanulsz. Ne siess.

Röviden: 4-szer 2 az 8. Folytatjuk. Tudtad? 89 plusz 8 az 97. Ez is számít. 20-szer 4 az 80. Még egy tény. Jegyezd meg: 61 mínusz 53 az 8.

Tovább. Jegyezd meg: 68 plusz 8 az 76. Még egy tény. Jó tudni: 220 osztva 20 az 11. Ennyi erről. Tudtad? 143 osztva 13 az 11. Folytatjuk.

Röviden: 28 plusz 83 az 111. A következő pontra. Jegyezd meg: 84 plusz 68 az 152. Ez is számít. Jó tudni: 58 mínusz 31 az 27. Még egy tény. Biztos: 35 mínusz 18 az 17.

Tovább. Tudtad? 125 osztva 5 az 25. Folytatjuk. Jó tudni: 54 mínusz 12 az 42.

Vége ennek az áttekintésnek."
474,Mindennapi számolás – 84. rész,"Ez a szöveg fontos tényeket mutat be. Olvasd nyugodtan.

8-szer 15 az 120. Tovább. Biztos: 88 mínusz 4 az 84. Folytatjuk. Tudtad? 7-szer 14 az 98. Tovább. 2000 50%-a 1000.

Még egy tény. 100 10%-a 10. Folytatjuk. Röviden: 58 osztva 2 az 29. Ennyi erről. Jegyezd meg: 100 10%-a 10. Még egy tény.

Röviden: 83 plusz 11 az 94. Ez is számít. 300 20%-a 60. Még egy tény. Röviden: 14-szer 17 az 238. Folytatjuk. Tudtad? 100 75%-a 75.

A következő pontra. 31 plusz 2 az 33. Még egy tény. 25 mínusz 18 az 7.

Ez volt a lényeg."
475,Mindennapi számolás – 85. rész,"Ez a szöveg lépésről lépésre magyaráz.

Jegyezd meg: 143 osztva 13 az 11. Ennyi erről. Röviden: 64 plusz 34 az 98. Tovább. Biztos: 2000 5%-a 100. Ennyi erről. Jó tudni: 44 osztva 2 az 22.

A következő pontra. Biztos: 13-szer 18 az 234. A következő pontra. 4-szer 6 az 24. Ennyi erről. 69 osztva 3 az 23. Tovább.

Biztos: 9 mínusz 7 az 2. Tovább. Jegyezd meg: 54 plusz 39 az 93. Még egy tény. Jó tudni: 72 osztva 4 az 18. Ennyi erről. 82 plusz 18 az 100.

Ennyi erről. Jó tudni: 288 osztva 12 az 24. A következő pontra. 54 mínusz 52 az 2.

Ez volt a lényeg."
476,Mindennapi számolás – 86. rész,"Ez a szöveg fontos tényeket mutat be. Olvasd nyugodtan.

Tény: 20 plusz 59 az 79. Ennyi erről. 24 osztva 8 az 3. A következő pontra. Röviden: 28 plusz 83 az 111. Tovább. Tudtad? 9 mínusz 7 az 2.

Folytatjuk. Tény: 32 plusz 66 az 98. Még egy tény. Tény: 33 osztva 11 az 3. Tovább. Jó tudni: 44 osztva 4 az 11. Ez is számít.

Biztos: 270 osztva 18 az 15. Ez is számít. Tény: 80 plusz 62 az 142. Tovább. Röviden: 36 plusz 22 az 58. Tovább. 2000 15%-a 300.

Ennyi erről. Tény: 9-szer 12 az 108. Ennyi erről. Röviden: 28 mínusz 2 az 26.

Most már ismered a tényeket."
477,Mindennapi számolás – 87. rész,"Alább ellenőrzött tudást találsz.

Röviden: 78 plusz 95 az 173. Tovább. Jó tudni: 61 plusz 44 az 105. Folytatjuk. Biztos: 72 plusz 67 az 139. Ennyi erről. Jegyezd meg: 50 plusz 73 az 123.

Ez is számít. Tudtad? 322 osztva 14 az 23. A következő pontra. Tény: 5-szer 17 az 85. Ennyi erről. Röviden: 75 mínusz 9 az 66. Tovább.

58 mínusz 32 az 26. Folytatjuk. 98 mínusz 76 az 22. Ennyi erről. Tudtad? 7-szer 20 az 140. A következő pontra. Tudtad? 56 osztva 14 az 4.

Ez is számít. Jó tudni: 20 mínusz 11 az 9. Folytatjuk. Röviden: 5-szer 9 az 45.

Ez volt a lényeg."
478,Mindennapi számolás – 88. rész,"Ez a szöveg lépésről lépésre magyaráz.

Jó tudni: 15-szer 15 az 225. Még egy tény. Tudtad? 12 mínusz 11 az 1. Ez is számít. Biztos: 69 osztva 3 az 23. Ennyi erről. 216 osztva 18 az 12.

Folytatjuk. Biztos: 400 25%-a 100. Tovább. Tudtad? 58 mínusz 31 az 27. Még egy tény. Tudtad? 400 10%-a 40. Ez is számít.

Jó tudni: 69 plusz 35 az 104. Még egy tény. Jegyezd meg: 7 plusz 23 az 30. Folytatjuk. Biztos: 84 plusz 68 az 152. Folytatjuk. Tény: 32 mínusz 11 az 21.

Folytatjuk. Biztos: 7-szer 18 az 126. Ez is számít. 48 plusz 59 az 107.

Vége ennek az áttekintésnek."
479,Mindennapi számolás – 89. rész,"Itt rendezett tudást tanulsz. Ne siess.

Biztos: 23 mínusz 20 az 3. Még egy tény. Tudtad? 340 osztva 17 az 20. Ennyi erről. Tény: 95 plusz 87 az 182. Folytatjuk. Tény: 56 mínusz 28 az 28.

Ez is számít. Tény: 1000 50%-a 500. Még egy tény. Jegyezd meg: 98 mínusz 83 az 15. Ez is számít. 1000 5%-a 50. Ez is számít.

Tény: 100 osztva 20 az 5. Folytatjuk. Biztos: 210 osztva 7 az 30. A következő pontra. Jó tudni: 11-szer 7 az 77. Még egy tény. Jegyezd meg: 20-szer 12 az 240.

Ez is számít. Tudtad? 21 plusz 4 az 25. Folytatjuk. Jegyezd meg: Egy perc 60 másodperc.

Ez volt a lényeg."
480,Mindennapi számolás – 90. rész,"Ez a szöveg fontos tényeket mutat be. Olvasd nyugodtan.

Jegyezd meg: 209 osztva 19 az 11. Még egy tény. Tény: 288 osztva 12 az 24. Folytatjuk. Biztos: 90 osztva 6 az 15. Még egy tény. Röviden: 11-szer 7 az 77.

Még egy tény. Biztos: 10-szer 7 az 70. A következő pontra. Tény: 12-szer 4 az 48. Ez is számít. Tény: 20-szer 15 az 300. A következő pontra.

Jó tudni: 1000 20%-a 200. Tovább. Jó tudni: 500 25%-a 125. Még egy tény. Tudtad? 80 plusz 62 az 142. Folytatjuk. 10-szer 11 az 110.

Folytatjuk. Röviden: 31 plusz 85 az 116. Folytatjuk. Biztos: 2-szer 18 az 36.

A szöveg vége. Szép munka."
481,Mindennapi számolás – 91. rész,"Itt rendezett tudást tanulsz. Ne siess.

Tudtad? 150 osztva 6 az 25. Folytatjuk. Röviden: 68 plusz 8 az 76. Tovább. Jó tudni: 125 osztva 5 az 25. Még egy tény. Jegyezd meg: 48 plusz 59 az 107.

Még egy tény. Tudtad? 69 osztva 3 az 23. A következő pontra. Tudtad? 14-szer 6 az 84. Folytatjuk. 500 10%-a 50. Folytatjuk.

Jó tudni: 11-szer 18 az 198. Folytatjuk. Biztos: 10-szer 8 az 80. Ez is számít. Jó tudni: 87 osztva 3 az 29. Ennyi erről. Tudtad? 99 plusz 42 az 141.

Ez is számít. Jó tudni: 33 mínusz 17 az 16. Ennyi erről. Tudtad? 11-szer 13 az 143.

Ez volt a lényeg."
482,Mindennapi számolás – 92. rész,"Itt rendezett tudást tanulsz. Ne siess.

Jegyezd meg: 220 osztva 20 az 11. Ennyi erről. Jegyezd meg: 20 plusz 6 az 26. Tovább. Tudtad? 45 mínusz 42 az 3. Ennyi erről. 97 plusz 8 az 105.

Még egy tény. Biztos: 46 mínusz 13 az 33. Ennyi erről. Jegyezd meg: 81 plusz 20 az 101. Folytatjuk. Jó tudni: 100 osztva 20 az 5. Tovább.

Tény: 270 osztva 18 az 15. Folytatjuk. Jó tudni: 66 osztva 11 az 6. Ez is számít. Jó tudni: 92 osztva 4 az 23. Még egy tény. Jegyezd meg: 27 plusz 51 az 78.

Tovább. Az 66. Folytatjuk. Tudtad? 156 osztva 13 az 12.

Ez volt a lényeg."
483,Mindennapi számolás – 93. rész,"Itt rendezett tudást tanulsz. Ne siess.

Biztos: 14-szer 6 az 84. Folytatjuk. Biztos: 83 plusz 70 az 153. Folytatjuk. Tény: 11-szer 13 az 143. Ez is számít. Jegyezd meg: 17-szer 4 az 68.

Tovább. Tény: 59 plusz 10 az 69. Ez is számít. Biztos: 27 mínusz 26 az 1. Még egy tény. Jegyezd meg: 27 plusz 51 az 78. Még egy tény.

Jó tudni: 33 osztva 11 az 3. Ez is számít. Röviden: 220 osztva 20 az 11. Még egy tény. Tény: 16 osztva 4 az 4. Még egy tény. Tény: 31 plusz 85 az 116.

Ennyi erről. Tény: 9-szer 5 az 45. Folytatjuk. Biztos: 24 osztva 8 az 3.

Most már ismered a tényeket."
484,Mindennapi számolás – 94. rész,"Alább ellenőrzött tudást találsz.

Röviden: A találkozó 12:30-kor. Ennyi erről. Tény: 81 mínusz 6 az 75. Ennyi erről. Tény: 11-szer 19 az 209. Még egy tény. 36 plusz 22 az 58.

Ez is számít. Tudtad? 45 mínusz 10 az 35. Még egy tény. Röviden: 300 50%-a 150. Ez is számít. Tudtad? 48 osztva 8 az 6. Folytatjuk.

Jó tudni: 59 plusz 50 az 109. Ennyi erről. 5 óra 15 percig tart. Tovább. Jó tudni: 36 osztva 18 az 2. Tovább. Jegyezd meg: 200 5%-a 10.

Tovább. Tény: 16:45-kor érkezik. Még egy tény. Röviden: 200 15%-a 30.

A szöveg vége. Szép munka."
485,Mindennapi számolás – 95. rész,"Ez a szöveg lépésről lépésre magyaráz.

44 osztva 4 az 11. Még egy tény. Jegyezd meg: 14-szer 6 az 84. Ez is számít. Tény: 1000 10%-a 100. Ennyi erről. Tény: 43 plusz 38 az 81.

Tovább. Tény: 65 mínusz 57 az 8. Ennyi erről. Tény: 72 plusz 2 az 74. A következő pontra. Jegyezd meg: 29 mínusz 21 az 8. Folytatjuk.

Biztos: 500 50%-a 250. Ennyi erről. Jegyezd meg: 19 plusz 70 az 89. Még egy tény. Jó tudni: 58 mínusz 31 az 27. Ennyi erről. Tény: 88 mínusz 4 az 84.

Folytatjuk. 49 plusz 6 az 55. Ez is számít. Röviden: 16 osztva 8 az 2.

Ez volt a lényeg."
486,Mindennapi számolás – 96. rész,"Itt rendezett tudást tanulsz. Ne siess.

Tudtad? 48 plusz 51 az 99. A következő pontra. Biztos: 92 osztva 4 az 23. A következő pontra. Tény: 95 plusz 78 az 173. Ez is számít. 64 mínusz 47 az 17.

A következő pontra. Jegyezd meg: 54 osztva 9 az 6. A következő pontra. Tudtad? 125 osztva 5 az 25. Ez is számít. Tény: 14-szer 5 az 70. Tovább.

Jegyezd meg: 11-szer 18 az 198. Tovább. Tudtad? 300 50%-a 150. Folytatjuk. 61 mínusz 53 az 8. Ez is számít. Röviden: 74 plusz 9 az 83.

Ez is számít. Tény: 1000 20%-a 200. A következő pontra. Tény: 88 plusz 84 az 172.

A szöveg vége. Szép munka."
487,Mindennapi számolás – 97. rész,"Ez a szöveg lépésről lépésre magyaráz.

Jegyezd meg: 9-szer 4 az 36. A következő pontra. Röviden: 12-szer 17 az 204. Ennyi erről. Tény: 21 plusz 47 az 68. Ez is számít. 16-szer 10 az 160.

Tovább. Jó tudni: 4-szer 19 az 76. Még egy tény. Biztos: 27 mínusz 17 az 10. Tovább. Jó tudni: 9 plusz 63 az 72. Ez is számít.

Tény: 1000 50%-a 500. Tovább. 13-szer 3 az 39. Még egy tény. Jó tudni: 84 osztva 7 az 12. Tovább. Biztos: 21 plusz 47 az 68.

Tovább. Jegyezd meg: 29 plusz 16 az 45. Tovább. Röviden: 7-szer 7 az 49.

Vége ennek az áttekintésnek."
488,Mindennapi számolás – 98. rész,"Ez a szöveg fontos tényeket mutat be. Olvasd nyugodtan.

Röviden: 13-szer 11 az 143. Ez is számít. Tudtad? 13-szer 18 az 234. Tovább. Tény: 20-szer 5 az 100. Ez is számít. Biztos: 59 plusz 10 az 69.

Ez is számít. Jegyezd meg: 42 plusz 95 az 137. Még egy tény. Jó tudni: 11-szer 13 az 143. Folytatjuk. Tudtad? 10-szer 11 az 110. Ez is számít.

Tény: 98 mínusz 83 az 15. A következő pontra. Röviden: 44 osztva 4 az 11. Még egy tény. Tudtad? 54 plusz 71 az 125. A következő pontra. Röviden: 13-szer 16 az 208.

Ez is számít. Jó tudni: 51 mínusz 25 az 26. Tovább. Jó tudni: 12 mínusz 9 az 3.

A szöveg vége. Szép munka."
489,Mindennapi számolás – 99. rész,"Ez a szöveg lépésről lépésre magyaráz.

59 plusz 89 az 148. Folytatjuk. Jegyezd meg: 66 osztva 11 az 6. Ez is számít. Tudtad? 29 mínusz 21 az 8. Még egy tény. Jegyezd meg: 391 osztva 17 az 23.

Folytatjuk. 17 mínusz 8 az 9. Tovább. Tudtad? 84 plusz 82 az 166. Tovább. 36 plusz 22 az 58. Ennyi erről.

Tudtad? 62 mínusz 18 az 44. Folytatjuk. Tudtad? 73 plusz 72 az 145. Még egy tény. Tény: 16-szer 5 az 80. Ennyi erről. Biztos: 1000 50%-a 500.

Folytatjuk. 323 osztva 19 az 17. Ez is számít. 17 plusz 82 az 99.

Ez volt a lényeg."
490,Mindennapi számolás – 100. rész,"Alább ellenőrzött tudást találsz.

Biztos: 2000 75%-a 1500. Folytatjuk. Tény: 20-szer 11 az 220. Még egy tény. Jegyezd meg: 2 alma marad. A következő pontra. Tény: 14-szer 5 az 70.

Folytatjuk. Tudtad? 88 plusz 42 az 130. A következő pontra. Tudtad? 68 plusz 63 az 131. Ennyi erről. Jegyezd meg: 2-szer 12 az 24. Folytatjuk.

Jó tudni: 17-szer 3 az 51. A következő pontra. Jó tudni: 8 osztva 4 az 2. Ez is számít. 3 plusz 49 az 52. A következő pontra. Biztos: 5 óra 15 percig tart.

Ez is számít. Tudtad? 19-szer 2 az 38. A következő pontra. Tény: 100 50%-a 50.

A szöveg vége. Szép munka."
491,Mindennapi számolás – 101. rész,"Ez a szöveg lépésről lépésre magyaráz.

Röviden: 510 osztva 17 az 30. Ez is számít. Jó tudni: 6-szer 9 az 54. A következő pontra. Tudtad? 9-szer 20 az 180. Még egy tény. Tény: 2000 5%-a 100.

Tovább. Röviden: 5-szer 18 az 90. Még egy tény. Biztos: 8 osztva 4 az 2. A következő pontra. Jegyezd meg: 260 osztva 13 az 20. A következő pontra.

Tény: 25 osztva 5 az 5. Tovább. Biztos: 83 plusz 19 az 102. Tovább. Tény: 400 25%-a 100. Ennyi erről. 11-szer 13 az 143.

Még egy tény. Jegyezd meg: 260 osztva 10 az 26. Még egy tény. Jegyezd meg: 1000 5%-a 50.

Most már ismered a tényeket."
492,Mindennapi számolás – 102. rész,"Ez a szöveg lépésről lépésre magyaráz.

Jegyezd meg: 20 plusz 6 az 26. Tovább. Tudtad? 32 mínusz 11 az 21. Tovább. Jó tudni: 300 20%-a 60. Ez is számít. Tény: 72 plusz 67 az 139.

Tovább. Biztos: 48 osztva 8 az 6. Ennyi erről. Tény: 104 osztva 8 az 13. Még egy tény. 18-szer 16 az 288. Tovább.

Biztos: 1000 5%-a 50. Tovább. Jó tudni: 83 plusz 19 az 102. Folytatjuk. Tudtad? 6 plusz 95 az 101. Ennyi erről. Tudtad? 49 mínusz 43 az 6.

Ez is számít. Tény: 19-szer 8 az 152. Még egy tény. Jegyezd meg: 72 plusz 2 az 74.

Ez volt a lényeg."
493,Mindennapi számolás – 103. rész,"Ez a szöveg fontos tényeket mutat be. Olvasd nyugodtan.

89 mínusz 43 az 46. Folytatjuk. Röviden: 29 plusz 16 az 45. Ennyi erről. Tény: 81 plusz 12 az 93. Még egy tény. 21 plusz 4 az 25.

Még egy tény. Tudtad? 67 plusz 35 az 102. A következő pontra. Jó tudni: 11-szer 19 az 209. Még egy tény. Tudtad? 61 plusz 31 az 92. Ennyi erről.

Tény: 41 plusz 25 az 66. Tovább. 45 plusz 90 az 135. A következő pontra. 44 plusz 61 az 105. Még egy tény. Röviden: 83 mínusz 8 az 75.

Folytatjuk. Tény: 57 plusz 9 az 66. Tovább. Jó tudni: 16 osztva 4 az 4.

A szöveg vége. Szép munka."
494,Mindennapi számolás – 104. rész,"Itt rendezett tudást tanulsz. Ne siess.

Tudtad? 150 osztva 6 az 25. A következő pontra. Jegyezd meg: 58 plusz 78 az 136. Még egy tény. Jegyezd meg: 81 plusz 20 az 101. A következő pontra. Biztos: 9 mínusz 7 az 2.

Ez is számít. Jegyezd meg: 1000 5%-a 50. A következő pontra. Röviden: 61 plusz 31 az 92. A következő pontra. 25 mínusz 18 az 7. Ennyi erről.

Tudtad? 2 óra 120 perc. Ennyi erről. Jegyezd meg: 10-szer 13 az 130. Még egy tény. Jó tudni: 500 5%-a 25. Ennyi erről. 7-szer 5 az 35.

Ez is számít. Tény: 9-szer 12 az 108. Még egy tény. Jegyezd meg: 182 osztva 14 az 13.

Ez volt a lényeg."
495,Mindennapi számolás – 105. rész,"Alább ellenőrzött tudást találsz.

Röviden: 29 mínusz 21 az 8. Ez is számít. Tudtad? 21:45-kor ér véget. Ez is számít. Röviden: 20-szer 11 az 220. Folytatjuk. Jegyezd meg: 60 mínusz 31 az 29.

Ez is számít. Röviden: 7 plusz 23 az 30. A következő pontra. Tudtad? 68 mínusz 50 az 18. A következő pontra. Tény: 40 osztva 4 az 10. Még egy tény.

Biztos: 30 plusz 46 az 76. Ez is számít. Jó tudni: 89 mínusz 43 az 46. Ez is számít. Jó tudni: 12-szer 3 az 36. Még egy tény. Jegyezd meg: 2000 75%-a 1500.

Tovább. Jegyezd meg: 61 plusz 31 az 92. Tovább. Jó tudni: 8-szer 15 az 120.

Vége ennek az áttekintésnek."
496,Mindennapi számolás – 106. rész,"Itt rendezett tudást tanulsz. Ne siess.

Röviden: 85 mínusz 64 az 21. Még egy tény. Tény: 7-szer 15 az 105. Még egy tény. 21 plusz 61 az 82. Ez is számít. 8-szer 7 az 56.

Folytatjuk. Tény: 88 plusz 42 az 130. A következő pontra. Jegyezd meg: 16:45-kor érkezik. Még egy tény. Tény: 13-szer 15 az 195. Folytatjuk.

5 óra 15 percig tart. Tovább. 54 mínusz 12 az 42. A következő pontra. 19-szer 18 az 342. Folytatjuk. Tudtad? 46 mínusz 13 az 33.

Ennyi erről. Tudtad? 72 mínusz 17 az 55. Ez is számít. Biztos: 220 osztva 10 az 22.

Vége ennek az áttekintésnek."
497,Mindennapi számolás – 107. rész,"Itt rendezett tudást tanulsz. Ne siess.

Jegyezd meg: 2000 10%-a 200. Ez is számít. Biztos: 2000 20%-a 400. Tovább. Jegyezd meg: 69 plusz 53 az 122. Még egy tény. Tény: 100 75%-a 75.

Ennyi erről. Röviden: 391 osztva 17 az 23. Folytatjuk. Biztos: 200 75%-a 150. Ez is számít. Biztos: 86 plusz 78 az 164. Ennyi erről.

Jegyezd meg: 61 mínusz 53 az 8. Ez is számít. Jegyezd meg: 12-szer 14 az 168. A következő pontra. Röviden: 89 mínusz 43 az 46. Tovább. Jegyezd meg: 14 mínusz 11 az 3.

Ennyi erről. Tény: 220 osztva 20 az 11. Ez is számít. Tudtad? 9-szer 5 az 45.

Ez volt a lényeg."
498,Mindennapi számolás – 108. rész,"Ez a szöveg fontos tényeket mutat be. Olvasd nyugodtan.

Tény: 12-szer 14 az 168. Ennyi erről. Tudtad? 9 plusz 63 az 72. Ennyi erről. Jegyezd meg: 69 plusz 53 az 122. Ez is számít. Röviden: 220 osztva 10 az 22.

Ez is számít. Biztos: 1000 5%-a 50. Még egy tény. Tudtad? 12 mínusz 11 az 1. Tovább. Röviden: 88 plusz 42 az 130. Tovább.

Jegyezd meg: 72 plusz 75 az 147. Folytatjuk. Röviden: 81 plusz 12 az 93. Ennyi erről. Tény: 68 mínusz 50 az 18. Tovább. Biztos: 400 25%-a 100.

Ez is számít. Jó tudni: 87 mínusz 72 az 15. Ennyi erről. 34 osztva 2 az 17.

Vége ennek az áttekintésnek."
499,Mindennapi számolás – 109. rész,"Ez a szöveg fontos tényeket mutat be. Olvasd nyugodtan.

Tudtad? 7-szer 6 az 42. Ennyi erről. Jegyezd meg: 28 mínusz 2 az 26. A következő pontra. Jó tudni: 19-szer 8 az 152. Ez is számít. Jó tudni: 89 mínusz 43 az 46.

Még egy tény. Tény: 14 mínusz 11 az 3. A következő pontra. Jó tudni: 216 osztva 18 az 12. Ennyi erről. Röviden: 16 mínusz 11 az 5. Még egy tény.

Röviden: 13-szer 16 az 208. Tovább. 4-szer 2 az 8. A következő pontra. Tudtad? 62 mínusz 28 az 34. Tovább. Jó tudni: 97 plusz 8 az 105.

Még egy tény. 20-szer 5 az 100. Tovább. Tény: 12 plusz 37 az 49.

Most már ismered a tényeket."
500,Mindennapi számolás – 110. rész,"Itt rendezett tudást tanulsz. Ne siess.

Tudtad? 49 mínusz 16 az 33. Még egy tény. Tudtad? 81 mínusz 6 az 75. Még egy tény. Tudtad? 64 mínusz 47 az 17. Ennyi erről. Biztos: 6 plusz 95 az 101.

Tovább. Röviden: 26 mínusz 22 az 4. A következő pontra. Jó tudni: 19 plusz 70 az 89. Folytatjuk. Biztos: 95 plusz 62 az 157. Ennyi erről.

Biztos: 17 plusz 82 az 99. Ennyi erről. Tény: 36 plusz 73 az 109. Ez is számít. Jegyezd meg: 5-szer 18 az 90. Tovább. Tény: 82 plusz 18 az 100.

Folytatjuk. 2-szer 19 az 38. Folytatjuk. Tény: 45 mínusz 42 az 3.

Vége ennek az áttekintésnek."
501,Mindennapi számolás – 111. rész,"Itt rendezett tudást tanulsz. Ne siess.

Röviden: 12 osztva 3 az 4. Folytatjuk. Jegyezd meg: 11-szer 18 az 198. Tovább. Jó tudni: 75 mínusz 9 az 66. Tovább. Jegyezd meg: 98 mínusz 76 az 22.

Tovább. Tudtad? 364 osztva 13 az 28. Ez is számít. 67 mínusz 28 az 39. Folytatjuk. Jegyezd meg: 2000 20%-a 400. Ez is számít.

Tény: 62 mínusz 51 az 11. A következő pontra. Jó tudni: 72 osztva 4 az 18. Még egy tény. Tény: 300 25%-a 75. Folytatjuk. Tény: 16-szer 5 az 80.

Folytatjuk. Röviden: 17-szer 9 az 153. A következő pontra. Röviden: 81 plusz 12 az 93.

Most már ismered a tényeket."
502,Mindennapi számolás – 112. rész,"Alább ellenőrzött tudást találsz.

Röviden: 81 mínusz 6 az 75. Ez is számít. 66 plusz 5 az 71. Ez is számít. Jó tudni: 435 osztva 15 az 29. Folytatjuk. Jó tudni: 16 osztva 4 az 4.

Ennyi erről. Jó tudni: 94 plusz 14 az 108. A következő pontra. Tudtad? 100 50%-a 50. Tovább. Biztos: 23 mínusz 20 az 3. Még egy tény.

Röviden: 61 plusz 31 az 92. A következő pontra. Tény: 27 mínusz 17 az 10. Folytatjuk. Tény: 22 osztva 2 az 11. Ez is számít. Tudtad? 5-szer 9 az 45.

Még egy tény. Tudtad? 9 plusz 63 az 72. A következő pontra. Tudtad? 13-szer 16 az 208.

Vége ennek az áttekintésnek."
503,Mindennapi számolás – 113. rész,"Ez a szöveg lépésről lépésre magyaráz.

Tény: 11-szer 19 az 209. Tovább. Röviden: 1000 5%-a 50. Ennyi erről. 17 plusz 82 az 99. Még egy tény. Jegyezd meg: 72 mínusz 34 az 38.

Folytatjuk. Biztos: 2-szer 18 az 36. A következő pontra. 216 osztva 18 az 12. Még egy tény. Biztos: 6-szer 19 az 114. Tovább.

100 osztva 20 az 5. Ez is számít. Röviden: 29 plusz 16 az 45. Ez is számít. Jó tudni: 25 osztva 5 az 5. Ez is számít. Röviden: 59 plusz 50 az 109.

Folytatjuk. Tudtad? 100 75%-a 75. Még egy tény. Tudtad? 98 mínusz 83 az 15.

Most már ismered a tényeket."
504,Mindennapi számolás – 114. rész,"Ez a szöveg lépésről lépésre magyaráz.

Jegyezd meg: 10-szer 16 az 160. Folytatjuk. Jó tudni: 260 osztva 20 az 13. Folytatjuk. Jegyezd meg: 60 mínusz 31 az 29. Még egy tény. Röviden: 33 osztva 11 az 3.

A következő pontra. Röviden: 45 plusz 90 az 135. A következő pontra. 84 plusz 82 az 166. Még egy tény. Tény: 84 plusz 68 az 152. Tovább.

Jó tudni: 7-szer 10 az 70. Folytatjuk. 57 plusz 9 az 66. Folytatjuk. 75 mínusz 24 az 51. Ennyi erről. Jó tudni: 58 mínusz 32 az 26.

Folytatjuk. Jegyezd meg: 20-szer 5 az 100. Folytatjuk. 54 mínusz 52 az 2.

Most már ismered a tényeket."
505,Mindennapi számolás – 115. rész,"Ez a szöveg fontos tényeket mutat be. Olvasd nyugodtan.

Tudtad? 15-szer 15 az 225. Tovább. Röviden: 88 plusz 42 az 130. A következő pontra. Tudtad? 10-szer 7 az 70. Ez is számít. Biztos: 28 plusz 83 az 111.

A következő pontra. Röviden: 100 25%-a 25. Tovább. Tudtad? 14-szer 3 az 42. Folytatjuk. 100 osztva 20 az 5. Még egy tény.

Tény: 80 osztva 20 az 4. Még egy tény. Jegyezd meg: 76 osztva 4 az 19. A következő pontra. Röviden: 37 mínusz 28 az 9. Ennyi erről. Jó tudni: 220 osztva 10 az 22.

Ennyi erről. 400 50%-a 200. Ez is számít. Jó tudni: 255 osztva 17 az 15.

Most már ismered a tényeket."
506,Mindennapi számolás – 116. rész,"Alább ellenőrzött tudást találsz.

Biztos: 11-szer 18 az 198. Tovább. Jó tudni: 20-szer 15 az 300. Ez is számít. Jó tudni: 72 mínusz 43 az 29. Tovább. Tudtad? 56 osztva 14 az 4.

Folytatjuk. Biztos: 7 plusz 23 az 30. Még egy tény. Biztos: 84 osztva 7 az 12. A következő pontra. 13-szer 15 az 195. Folytatjuk.

Biztos: 1000 5%-a 50. Ez is számít. Tudtad? 391 osztva 17 az 23. Ez is számít. Biztos: 24 osztva 2 az 12. Ez is számít. Tudtad? 80 osztva 20 az 4.

Ez is számít. Röviden: 464 osztva 16 az 29. A következő pontra. Jó tudni: 11-szer 7 az 77.

Ez volt a lényeg."
507,Mindennapi számolás – 117. rész,"Ez a szöveg fontos tényeket mutat be. Olvasd nyugodtan.

Röviden: 400 75%-a 300. Ez is számít. Tény: 78 plusz 96 az 174. A következő pontra. Jegyezd meg: 2-szer 19 az 38. A következő pontra. Biztos: 156 osztva 13 az 12.

Még egy tény. Jó tudni: 14-szer 12 az 168. Ennyi erről. Jegyezd meg: 7-szer 10 az 70. Ennyi erről. Jó tudni: 72 mínusz 43 az 29. Tovább.

Tudtad? 33 plusz 9 az 42. Folytatjuk. Jó tudni: 12-szer 15 az 180. Folytatjuk. Biztos: 67 mínusz 28 az 39. Ennyi erről. Tudtad? 260 osztva 13 az 20.

Ez is számít. Jegyezd meg: 435 osztva 15 az 29. Folytatjuk. Tudtad? 51 osztva 17 az 3.

A szöveg vége. Szép munka."
508,Mindennapi számolás – 118. rész,"Alább ellenőrzött tudást találsz.

Jegyezd meg: 38 mínusz 21 az 17. Ez is számít. Tudtad? 83 mínusz 8 az 75. Tovább. Tudtad? 49 mínusz 37 az 12. Tovább. Tudtad? Egy perc 60 másodperc.

A következő pontra. Jó tudni: 58 mínusz 32 az 26. A következő pontra. 7 mínusz 5 az 2. Ez is számít. Jó tudni: 20-szer 4 az 80. Még egy tény.

200 75%-a 150. Ez is számít. Tény: 12 mínusz 11 az 1. A következő pontra. Biztos: 41 plusz 25 az 66. Tovább. Tény: 41 plusz 25 az 66.

Folytatjuk. Röviden: 87 mínusz 72 az 15. Még egy tény. 51 mínusz 25 az 26.

Ez volt a lényeg."
509,Mindennapi számolás – 119. rész,"Ez a szöveg lépésről lépésre magyaráz.

Röviden: 36 plusz 22 az 58. Ennyi erről. Biztos: 8-szer 10 az 80. Még egy tény. Tény: 17-szer 3 az 51. Ez is számít. Tény: Egy perc 60 másodperc.

A következő pontra. Tény: 15-szer 4 az 60. A következő pontra. Röviden: 78 mínusz 11 az 67. Folytatjuk. Jegyezd meg: 40 osztva 4 az 10. Még egy tény.

Tény: 10 mínusz 7 az 3. A következő pontra. 11-szer 7 az 77. Tovább. Tudtad? 54 plusz 39 az 93. Ez is számít. 18 mínusz 14 az 4.

Ez is számít. Jó tudni: 6-szer 19 az 114. A következő pontra. 2-szer 19 az 38.

Vége ennek az áttekintésnek."
510,Mindennapi számolás – 120. rész,"Ez a szöveg lépésről lépésre magyaráz.

Tény: 44 osztva 2 az 22. Ez is számít. 38 mínusz 21 az 17. Ennyi erről. Biztos: 8-szer 10 az 80. Tovább. Tudtad? 11-szer 7 az 77.

Még egy tény. Biztos: 36 plusz 22 az 58. Tovább. Röviden: 42 plusz 95 az 137. Tovább. Jegyezd meg: 100 25%-a 25. Még egy tény.

Jó tudni: 62 mínusz 51 az 11. Még egy tény. 25 plusz 28 az 53. Tovább. Jegyezd meg: 5 plusz 26 az 31. Még egy tény. Jó tudni: 10-szer 10 az 100.

A következő pontra. Jó tudni: 54 plusz 71 az 125. A következő pontra. Jó tudni: 54 mínusz 52 az 2.

A szöveg vége. Szép munka."
511,Mindennapi számolás – 121. rész,"Alább ellenőrzött tudást találsz.

Tudtad? 83 plusz 70 az 153. Ennyi erről. Jó tudni: 182 osztva 14 az 13. Ennyi erről. Tény: 210 osztva 7 az 30. Folytatjuk. Biztos: 83 plusz 11 az 94.

Még egy tény. 13-szer 20 az 260. Még egy tény. 18-szer 16 az 288. Még egy tény. Tény: 31 mínusz 23 az 8. Ennyi erről.

Jegyezd meg: 26 plusz 52 az 78. Tovább. Jó tudni: 20-szer 4 az 80. A következő pontra. Tudtad? 8-szer 20 az 160. Folytatjuk. Jegyezd meg: 70 mínusz 14 az 56.

Tovább. 2-szer 18 az 36. A következő pontra. Jó tudni: 156 osztva 13 az 12.

Vége ennek az áttekintésnek."
512,Mindennapi számolás – 122. rész,"Ez a szöveg fontos tényeket mutat be. Olvasd nyugodtan.

Biztos: 36 plusz 95 az 131. Ennyi erről. Röviden: 2-szer 19 az 38. Ennyi erről. Tudtad? 12-szer 5 az 60. A következő pontra. Tény: 300 20%-a 60.

Folytatjuk. Tudtad? 31 plusz 85 az 116. Folytatjuk. 500 10%-a 50. Ennyi erről. Jegyezd meg: 6 plusz 95 az 101. Tovább.

Biztos: 8-szer 15 az 120. Ez is számít. Jó tudni: 104 osztva 8 az 13. Tovább. Röviden: 14-szer 15 az 210. A következő pontra. 19-szer 8 az 152.

Ez is számít. Tudtad? 72 mínusz 26 az 46. Még egy tény. Jegyezd meg: 2000 75%-a 1500.

A szöveg vége. Szép munka."
513,Mindennapi számolás – 123. rész,"Ez a szöveg lépésről lépésre magyaráz.

36 plusz 73 az 109. Tovább. Jó tudni: 1000 5%-a 50. A következő pontra. Röviden: 200 12%-a 24. Tovább. Jegyezd meg: 20-szer 11 az 220.

Ez is számít. Biztos: 54 plusz 39 az 93. Tovább. 90 osztva 6 az 15. Ez is számít. Jó tudni: 29 plusz 16 az 45. Még egy tény.

Biztos: 69 osztva 3 az 23. A következő pontra. Tény: 38 mínusz 21 az 17. Tovább. Jó tudni: 33 plusz 9 az 42. Folytatjuk. Tudtad? 12-szer 5 az 60.

Ennyi erről. Tudtad? 9 plusz 63 az 72. Ez is számít. Röviden: 81 plusz 12 az 93.

A szöveg vége. Szép munka."
514,Mindennapi számolás – 124. rész,"Itt rendezett tudást tanulsz. Ne siess.

Tudtad? 78 plusz 96 az 174. Ez is számít. 513 osztva 19 az 27. Ez is számít. Tudtad? 37 plusz 48 az 85. A következő pontra. Tudtad? 11-szer 17 az 187.

Ennyi erről. 4-szer 19 az 76. Tovább. Röviden: 19-szer 10 az 190. A következő pontra. 13-szer 11 az 143. Még egy tény.

Jó tudni: 8-szer 15 az 120. Ez is számít. Jegyezd meg: 100 5%-a 5. Ennyi erről. Biztos: 80 osztva 20 az 4. Tovább. Jegyezd meg: 16:45-kor érkezik.

Tovább. Jegyezd meg: 43 plusz 38 az 81. Folytatjuk. Tudtad? 150 osztva 6 az 25.

Most már ismered a tényeket."
515,Mindennapi számolás – 125. rész,"Ez a szöveg fontos tényeket mutat be. Olvasd nyugodtan.

Jegyezd meg: 87 osztva 3 az 29. Folytatjuk. Röviden: 5 plusz 26 az 31. Ez is számít. 44 osztva 4 az 11. A következő pontra. Jegyezd meg: 14-szer 14 az 196.

Tovább. Biztos: 56 mínusz 8 az 48. Folytatjuk. Tudtad? 288 osztva 12 az 24. A következő pontra. Biztos: 84 plusz 68 az 152. A következő pontra.

Röviden: 19-szer 10 az 190. Még egy tény. Tény: 80 osztva 20 az 4. Ennyi erről. Tény: 9 mínusz 7 az 2. Ennyi erről. Jegyezd meg: 8-szer 20 az 160.

Ennyi erről. Röviden: 17 mínusz 8 az 9. Ez is számít. Jó tudni: 36 plusz 73 az 109.

Ez volt a lényeg."
516,Mindennapi számolás – 126. rész,"Ez a szöveg fontos tényeket mutat be. Olvasd nyugodtan.

Biztos: 12-szer 14 az 168. Még egy tény. Tudtad? 30 plusz 46 az 76. A következő pontra. 12 mínusz 9 az 3. Tovább. Jó tudni: 54 mínusz 12 az 42.

Még egy tény. 13-szer 16 az 208. Ennyi erről. Röviden: 18-szer 16 az 288. Folytatjuk. Jegyezd meg: 44 plusz 61 az 105. Tovább.

Jó tudni: 73 plusz 72 az 145. Ez is számít. Tény: 2 óra 120 perc. Folytatjuk. Jó tudni: 464 osztva 16 az 29. Ennyi erről. Jegyezd meg: 100 50%-a 50.

Ennyi erről. 49 mínusz 43 az 6. Még egy tény. Biztos: 11-szer 13 az 143.

A szöveg vége. Szép munka."
517,Mindennapi számolás – 127. rész,"Alább ellenőrzött tudást találsz.

50 plusz 73 az 123. Folytatjuk. Jó tudni: 72 plusz 67 az 139. Ez is számít. Jegyezd meg: 300 25%-a 75. Ez is számít. Jó tudni: 8-szer 10 az 80.

Tovább. Tény: 49 plusz 6 az 55. Ennyi erről. 85 mínusz 14 az 71. Ez is számít. Tény: 28 plusz 30 az 58. Ennyi erről.

Tudtad? 67 plusz 35 az 102. A következő pontra. Biztos: 5-szer 15 az 75. Ez is számít. Biztos: 25 plusz 28 az 53. Ez is számít. Tény: 83 mínusz 2 az 81.

Még egy tény. Tény: 31 plusz 85 az 116. Tovább. Röviden: 12-szer 14 az 168.

A szöveg vége. Szép munka."
518,Mindennapi számolás – 128. rész,"Ez a szöveg fontos tényeket mutat be. Olvasd nyugodtan.

Röviden: 4 osztva 2 az 2. Ennyi erről. Tudtad? 84 plusz 82 az 166. Folytatjuk. Jó tudni: 72 plusz 2 az 74. Ez is számít. Jó tudni: 100 10%-a 10.

A következő pontra. Jegyezd meg: 8 órát alszol. A következő pontra. Jó tudni: 30 plusz 46 az 76. Még egy tény. Jó tudni: 61 plusz 92 az 153. Tovább.

Tény: 216 osztva 18 az 12. Ennyi erről. 61 plusz 44 az 105. Tovább. Röviden: 21 plusz 4 az 25. Tovább. Jó tudni: 220 osztva 20 az 11.

A következő pontra. 21:45-kor ér véget. Ez is számít. Tudtad? 55 plusz 83 az 138.

Vége ennek az áttekintésnek."
519,Mindennapi számolás – 129. rész,"Itt rendezett tudást tanulsz. Ne siess.

Biztos: 51 osztva 3 az 17. A következő pontra. 18-szer 12 az 216. Tovább. Tudtad? 210 osztva 7 az 30. Folytatjuk. Röviden: 24 osztva 8 az 3.

Folytatjuk. Biztos: 154 osztva 14 az 11. Tovább. 9 plusz 63 az 72. Tovább. Jegyezd meg: 17 plusz 82 az 99. Ez is számít.

Jó tudni: 58 plusz 78 az 136. Még egy tény. 54 plusz 39 az 93. Folytatjuk. Tény: 25 mínusz 18 az 7. Ennyi erről. Tudtad? 29 mínusz 21 az 8.

Folytatjuk. Röviden: 10-szer 16 az 160. Tovább. Biztos: 81 mínusz 6 az 75.

Most már ismered a tényeket."
520,Mindennapi számolás – 130. rész,"Itt rendezett tudást tanulsz. Ne siess.

Tudtad? 2 alma marad. Még egy tény. Röviden: 12 osztva 3 az 4. Még egy tény. Jegyezd meg: 17 mínusz 10 az 7. Tovább. Tudtad? 6-szer 8 az 48.

Ennyi erről. Tudtad? 62 mínusz 28 az 34. Folytatjuk. 2-szer 18 az 36. A következő pontra. Röviden: 85 mínusz 64 az 21. A következő pontra.

Tény: 43 plusz 38 az 81. Még egy tény. 500 25%-a 125. Ennyi erről. Tény: 13-szer 18 az 234. A következő pontra. Tény: 26 plusz 52 az 78.

Folytatjuk. Tudtad? 94 plusz 86 az 180. Tovább. Jegyezd meg: 77 mínusz 8 az 69.

Ez volt a lényeg."
521,Mindennapi számolás – 131. rész,"Itt rendezett tudást tanulsz. Ne siess.

Jegyezd meg: 100 25%-a 25. Tovább. Biztos: 19-szer 8 az 152. A következő pontra. Tény: Egy perc 60 másodperc. Még egy tény. Jegyezd meg: 435 osztva 15 az 29.

Folytatjuk. Tény: 100 75%-a 75. Még egy tény. Jegyezd meg: 513 osztva 19 az 27. Folytatjuk. Tudtad? 80 osztva 20 az 4. Még egy tény.

Biztos: 14-szer 15 az 210. Ez is számít. A találkozó 12:30-kor. Tovább. Tudtad? 38 mínusz 23 az 15. Ez is számít. Tény: 200 75%-a 150.

Ez is számít. Tudtad? 21 plusz 61 az 82. Tovább. Jó tudni: 10-szer 16 az 160.

Ez volt a lényeg."
522,Mindennapi számolás – 132. rész,"Ez a szöveg lépésről lépésre magyaráz.

Tény: 1000 5%-a 50. A következő pontra. Biztos: 32 plusz 66 az 98. Még egy tény. Jó tudni: 14-szer 15 az 210. Még egy tény. Röviden: 150 osztva 5 az 30.

Még egy tény. Jegyezd meg: 73 mínusz 14 az 59. Ez is számít. Biztos: 44 osztva 4 az 11. Folytatjuk. 3 plusz 46 az 49. Ez is számít.

255 osztva 17 az 15. Tovább. Jó tudni: 12 osztva 3 az 4. Ennyi erről. Tudtad? 210 osztva 7 az 30. Még egy tény. Tény: 500 10%-a 50.

Folytatjuk. Tény: 64 plusz 34 az 98. A következő pontra. Jó tudni: 1000 50%-a 500.

A szöveg vége. Szép munka."
523,Mindennapi számolás – 133. rész,"Ez a szöveg lépésről lépésre magyaráz.

Jegyezd meg: 36 plusz 22 az 58. Folytatjuk. Biztos: 7-szer 20 az 140. A következő pontra. Tény: 58 osztva 2 az 29. Tovább. Tény: 48 mínusz 29 az 19.

Folytatjuk. 6-szer 9 az 54. Folytatjuk. Jó tudni: 32 mínusz 11 az 21. Folytatjuk. Tény: 86 plusz 36 az 122. Még egy tény.

9-szer 20 az 180. Folytatjuk. Tény: 8 órát alszol. Még egy tény. Tény: 2-szer 10 az 20. Ez is számít. Tudtad? 89 mínusz 43 az 46.

Tovább. Jó tudni: 200 75%-a 150. Folytatjuk. Tudtad? 200 5%-a 10.

A szöveg vége. Szép munka."
524,Mindennapi számolás – 134. rész,"Ez a szöveg lépésről lépésre magyaráz.

Biztos: 7-szer 7 az 49. Ez is számít. Röviden: 54 plusz 39 az 93. Ennyi erről. Biztos: 62 mínusz 28 az 34. Ez is számít. Tény: 20-szer 5 az 100.

A következő pontra. Jó tudni: 10-szer 10 az 100. Ennyi erről. Jegyezd meg: 270 osztva 18 az 15. Ennyi erről. Biztos: 40 plusz 43 az 83. Folytatjuk.

Jegyezd meg: 16 osztva 8 az 2. Még egy tény. Röviden: 2-szer 10 az 20. Ez is számít. Tudtad? 210 osztva 7 az 30. Ennyi erről. Röviden: 14 plusz 20 az 34.

Még egy tény. Jegyezd meg: 64 mínusz 47 az 17. Tovább. Jegyezd meg: 43 plusz 38 az 81.

Most már ismered a tényeket."
525,Mindennapi számolás – 135. rész,"Alább ellenőrzött tudást találsz.

Jegyezd meg: 8-szer 10 az 80. Folytatjuk. Biztos: 49 mínusz 43 az 6. Ennyi erről. Röviden: 31 plusz 2 az 33. A következő pontra. Tény: 8 plusz 19 az 27.

Tovább. Röviden: 96 osztva 6 az 16. Még egy tény. Jegyezd meg: Egy év 365 napos, szökőév 366. Folytatjuk. Tudtad? 24 osztva 2 az 12. Ez is számít.

Jó tudni: 500 25%-a 125. Még egy tény. 31 mínusz 23 az 8. Ennyi erről. Tény: 19-szer 2 az 38. Ez is számít. Biztos: 89 mínusz 43 az 46.

Ez is számít. Röviden: 54 mínusz 12 az 42. A következő pontra. 49 mínusz 43 az 6.

A szöveg vége. Szép munka."
526,Mindennapi számolás – 136. rész,"Ez a szöveg fontos tényeket mutat be. Olvasd nyugodtan.

Biztos: 58 osztva 2 az 29. Ez is számít. Tény: 73 plusz 72 az 145. Még egy tény. Jegyezd meg: 3 plusz 49 az 52. Tovább. 69 plusz 35 az 104.

Folytatjuk. Tény: 27 mínusz 17 az 10. Ez is számít. Tény: 220 osztva 10 az 22. Még egy tény. Biztos: 13-szer 18 az 234. Még egy tény.

Jegyezd meg: 71 plusz 71 az 142. Ennyi erről. Biztos: 52 mínusz 27 az 25. A következő pontra. Röviden: 12-szer 17 az 204. Tovább. Biztos: 7 mínusz 5 az 2.

Ez is számít. Tudtad? 54 mínusz 52 az 2. Tovább. Jegyezd meg: 9-szer 5 az 45.

Ez volt a lényeg."
527,Mindennapi számolás – 137. rész,"Itt rendezett tudást tanulsz. Ne siess.

Röviden: 16-szer 5 az 80. Tovább. 61 plusz 31 az 92. Tovább. Tény: 33 mínusz 17 az 16. Tovább. 26 mínusz 22 az 4.

Ez is számít. Tény: 54 mínusz 12 az 42. Tovább. 22 osztva 2 az 11. A következő pontra. Jegyezd meg: 26 mínusz 22 az 4. Ennyi erről.

Biztos: 200 12%-a 24. Ez is számít. 9-szer 20 az 180. A következő pontra. Jó tudni: 55 plusz 83 az 138. Ez is számít. Tudtad? 300 20%-a 60.

Még egy tény. Röviden: 12-szer 3 az 36. Tovább. Röviden: 3-szer 9 az 27.

A szöveg vége. Szép munka."
528,Mindennapi számolás – 138. rész,"Ez a szöveg lépésről lépésre magyaráz.

Röviden: 18-szer 19 az 342. Ez is számít. Jegyezd meg: 92 osztva 4 az 23. Folytatjuk. Tény: 200 20%-a 40. A következő pontra. Biztos: 80 plusz 62 az 142.

Ennyi erről. Jó tudni: 400 75%-a 300. Ennyi erről. Tény: 3-szer 9 az 27. A következő pontra. Röviden: 57 plusz 38 az 95. A következő pontra.

Biztos: 152 osztva 19 az 8. Ennyi erről. Tény: 20 mínusz 11 az 9. Ennyi erről. Tény: 25 plusz 97 az 122. A következő pontra. Jegyezd meg: 21 plusz 61 az 82.

Folytatjuk. Tény: 500 75%-a 375. Tovább. Jó tudni: 28 plusz 83 az 111.

Vége ennek az áttekintésnek."
529,Mindennapi számolás – 139. rész,"Ez a szöveg lépésről lépésre magyaráz.

Jó tudni: 6-szer 9 az 54. Ez is számít. Jegyezd meg: 14-szer 13 az 182. Ennyi erről. 85 mínusz 14 az 71. Tovább. Tény: 69 plusz 53 az 122.

A következő pontra. Biztos: 10-szer 16 az 160. Tovább. Röviden: 17 mínusz 8 az 9. Folytatjuk. Röviden: 15-szer 10 az 150. Tovább.

Jó tudni: 11-szer 15 az 165. Folytatjuk. Jó tudni: 100 50%-a 50. Tovább. Jegyezd meg: 400 75%-a 300. Ez is számít. Biztos: 52 plusz 82 az 134.

A következő pontra. Röviden: 73 plusz 72 az 145. Még egy tény. Tény: 40 mínusz 35 az 5.

A szöveg vége. Szép munka."
530,Mindennapi számolás – 140. rész,"Alább ellenőrzött tudást találsz.

Jegyezd meg: 340 osztva 17 az 20. Ez is számít. Tény: 38 mínusz 23 az 15. Tovább. Jó tudni: 15-szer 15 az 225. Még egy tény. Tény: 74 plusz 9 az 83.

Ennyi erről. Jó tudni: 72 mínusz 17 az 55. Ennyi erről. Röviden: 26 mínusz 22 az 4. Folytatjuk. Jegyezd meg: 77 mínusz 8 az 69. Folytatjuk.

Jegyezd meg: 90 plusz 23 az 113. Tovább. Jó tudni: 2000 5%-a 100. A következő pontra. Biztos: 100 osztva 20 az 5. Ez is számít. Tudtad? 54 mínusz 52 az 2.

A következő pontra. Jegyezd meg: 38 mínusz 23 az 15. Ennyi erről. 17 plusz 82 az 99.

Most már ismered a tényeket."
531,Mindennapi számolás – 141. rész,"Alább ellenőrzött tudást találsz.

Jó tudni: 14-szer 17 az 238. Még egy tény. Jó tudni: 96 osztva 6 az 16. Ez is számít. 7-szer 14 az 98. Folytatjuk. Jegyezd meg: 10-szer 11 az 110.

Folytatjuk. Jegyezd meg: 156 osztva 13 az 12. Még egy tény. Tudtad? 36 osztva 18 az 2. Ez is számít. Tény: 500 15%-a 75. Ennyi erről.

100 75%-a 75. Ez is számít. Tény: 83 mínusz 2 az 81. Még egy tény. Röviden: 10-szer 7 az 70. Ez is számít. Tudtad? 210 osztva 7 az 30.

Ez is számít. Tudtad? 52 mínusz 27 az 25. Ennyi erről. Biztos: 98 mínusz 83 az 15.

Vége ennek az áttekintésnek."
532,Mindennapi számolás – 142. rész,"Itt rendezett tudást tanulsz. Ne siess.

Tény: 14-szer 6 az 84. A következő pontra. Tudtad? 3 plusz 46 az 49. A következő pontra. Tudtad? 88 mínusz 4 az 84. Még egy tény. Röviden: 61 plusz 92 az 153.

Tovább. Tény: 43 plusz 38 az 81. Még egy tény. 2-szer 10 az 20. Tovább. Biztos: 12 plusz 37 az 49. Még egy tény.

Jó tudni: 12-szer 5 az 60. Tovább. 300 10%-a 30. Ennyi erről. Biztos: 500 5%-a 25. Még egy tény. Röviden: 49 mínusz 43 az 6.

Folytatjuk. Jó tudni: 20-szer 12 az 240. A következő pontra. 8 plusz 19 az 27.

Vége ennek az áttekintésnek."
533,Mindennapi számolás – 143. rész,"Alább ellenőrzött tudást találsz.

Jó tudni: 76 osztva 4 az 19. Még egy tény. Biztos: 100 20%-a 20. Folytatjuk. Jegyezd meg: 2000 75%-a 1500. Folytatjuk. Biztos: 72 osztva 12 az 6.

Még egy tény. Tudtad? 40 plusz 43 az 83. Még egy tény. Tudtad? 53 plusz 65 az 118. Tovább. Jó tudni: 55 mínusz 45 az 10. Tovább.

2000 75%-a 1500. Tovább. Tény: 3-szer 9 az 27. Ez is számít. Röviden: 20-szer 7 az 140. Még egy tény. Jegyezd meg: 100 50%-a 50.

Még egy tény. Jó tudni: 26 mínusz 22 az 4. Ennyi erről. Jó tudni: 81 osztva 3 az 27.

A szöveg vége. Szép munka."
534,Mindennapi számolás – 144. rész,"Alább ellenőrzött tudást találsz.

Biztos: 27 mínusz 4 az 23. Tovább. Jegyezd meg: 7-szer 10 az 70. Ez is számít. Biztos: 91 mínusz 21 az 70. Folytatjuk. Biztos: 8 osztva 4 az 2.

Ennyi erről. Biztos: 35 mínusz 18 az 17. Folytatjuk. Röviden: 2-szer 12 az 24. Tovább. 104 osztva 8 az 13. Tovább.

14-szer 12 az 168. Ez is számít. Tény: 56 mínusz 28 az 28. A következő pontra. 95 plusz 87 az 182. Még egy tény. Biztos: 83 plusz 70 az 153.

Tovább. Tény: 54 plusz 71 az 125. Ennyi erről. 73 plusz 72 az 145.

A szöveg vége. Szép munka."
535,Mindennapi számolás – 145. rész,"Ez a szöveg fontos tényeket mutat be. Olvasd nyugodtan.

Tény: 364 osztva 14 az 26. Ennyi erről. 85 mínusz 14 az 71. Még egy tény. 61 plusz 92 az 153. Folytatjuk. Röviden: 510 osztva 17 az 30.

Ennyi erről. 83 plusz 70 az 153. Ennyi erről. Jó tudni: 61 plusz 35 az 96. Ennyi erről. Röviden: 81 plusz 20 az 101. A következő pontra.

30 plusz 46 az 76. Ez is számít. Tény: 7-szer 15 az 105. Folytatjuk. Tudtad? 152 osztva 19 az 8. Tovább. Tény: 24 osztva 8 az 3.

Ennyi erről. 400 50%-a 200. Folytatjuk. Jó tudni: 15-szer 4 az 60.

Ez volt a lényeg."
536,Mindennapi számolás – 146. rész,"Alább ellenőrzött tudást találsz.

Biztos: 72 mínusz 43 az 29. Ez is számít. Tudtad? 20 plusz 6 az 26. Folytatjuk. Biztos: 91 mínusz 21 az 70. Tovább. 11-szer 15 az 165.

Ennyi erről. Röviden: 72 mínusz 17 az 55. Ennyi erről. Tény: 82 plusz 18 az 100. Ennyi erről. Biztos: 60 plusz 10 az 70. A következő pontra.

Röviden: 9-szer 5 az 45. Még egy tény. Jegyezd meg: 10-szer 11 az 110. Ennyi erről. Jegyezd meg: Az 66. Folytatjuk. Jegyezd meg: 323 osztva 19 az 17.

Még egy tény. Tudtad? 12-szer 15 az 180. Ez is számít. Tény: 8 osztva 4 az 2.

Vége ennek az áttekintésnek."
537,Mindennapi számolás – 147. rész,"Itt rendezett tudást tanulsz. Ne siess.

Tény: 4-szer 2 az 8. A következő pontra. Röviden: 209 osztva 19 az 11. A következő pontra. Jegyezd meg: 61 plusz 31 az 92. Ennyi erről. Röviden: 270 osztva 18 az 15.

Ennyi erről. Jó tudni: 17-szer 9 az 153. A következő pontra. 18-szer 16 az 288. Ennyi erről. Röviden: 500 75%-a 375. Tovább.

Biztos: 54 mínusz 52 az 2. A következő pontra. Jó tudni: 45 mínusz 42 az 3. Még egy tény. Tudtad? 20-szer 11 az 220. A következő pontra. Tudtad? 3 plusz 49 az 52.

Folytatjuk. Jó tudni: 2000 10%-a 200. Ez is számít. Jó tudni: 500 50%-a 250.

A szöveg vége. Szép munka."
538,Mindennapi számolás – 148. rész,"Ez a szöveg fontos tényeket mutat be. Olvasd nyugodtan.

8 osztva 4 az 2. Tovább. Jó tudni: 14-szer 13 az 182. Tovább. 37 plusz 48 az 85. Tovább. Röviden: 68 mínusz 50 az 18.

Folytatjuk. Jó tudni: 459 osztva 17 az 27. A következő pontra. Tény: 322 osztva 14 az 23. A következő pontra. 21 plusz 47 az 68. Ennyi erről.

Jó tudni: 200 12%-a 24. Még egy tény. Tény: 49 mínusz 37 az 12. A következő pontra. Tény: 86 plusz 36 az 122. Tovább. Röviden: 62 mínusz 51 az 11.

Ennyi erről. Biztos: 81 plusz 20 az 101. Ennyi erről. Jó tudni: 10-szer 10 az 100.

Most már ismered a tényeket."
539,Mindennapi számolás – 149. rész,"Itt rendezett tudást tanulsz. Ne siess.

18-szer 19 az 342. Tovább. Jegyezd meg: 21:45-kor ér véget. Folytatjuk. Biztos: 10 mínusz 3 az 7. Folytatjuk. Biztos: 7-szer 5 az 35.

Még egy tény. Biztos: 24 osztva 2 az 12. Folytatjuk. Jó tudni: 98 mínusz 76 az 22. Ez is számít. 7-szer 18 az 126. Tovább.

Tény: 61 plusz 44 az 105. A következő pontra. Jó tudni: 21 plusz 47 az 68. Ez is számít. 323 osztva 19 az 17. Tovább. Biztos: 44 osztva 2 az 22.

Tovább. Tudtad? 51 mínusz 25 az 26. Folytatjuk. Tudtad? 78 plusz 95 az 173.

A szöveg vége. Szép munka."
540,Mindennapi számolás – 150. rész,"Itt rendezett tudást tanulsz. Ne siess.

400 75%-a 300. Még egy tény. Röviden: 46 mínusz 39 az 7. Tovább. Röviden: 300 50%-a 150. A következő pontra. Jó tudni: 180 osztva 18 az 10.

Tovább. Jegyezd meg: 75 mínusz 9 az 66. Tovább. Biztos: 64 mínusz 47 az 17. A következő pontra. Röviden: 8 órát alszol. Még egy tény.

Biztos: 20 plusz 59 az 79. Még egy tény. Biztos: 72 mínusz 26 az 46. Ez is számít. Jó tudni: 260 osztva 20 az 13. Ennyi erről. 86 plusz 36 az 122.

Tovább. Tudtad? 42 mínusz 11 az 31. Ez is számít. Tudtad? 20 mínusz 11 az 9.

Ez volt a lényeg."
541,Mindennapi számolás – 151. rész,"Ez a szöveg lépésről lépésre magyaráz.

Röviden: 67 plusz 35 az 102. A következő pontra. Tudtad? 276 osztva 12 az 23. Ennyi erről. Tudtad? 220 osztva 20 az 11. Ez is számít. Jegyezd meg: 57 mínusz 42 az 15.

Ez is számít. Jó tudni: 83 mínusz 8 az 75. Folytatjuk. Biztos: 11-szer 19 az 209. Tovább. Tudtad? 86 plusz 78 az 164. Még egy tény.

Tény: 416 osztva 16 az 26. Folytatjuk. Biztos: 180 osztva 18 az 10. Ez is számít. Tudtad? 91 mínusz 21 az 70. Ennyi erről. Röviden: 75 mínusz 24 az 51.

Ez is számít. Tudtad? 24 osztva 8 az 3. Tovább. Biztos: 20 plusz 59 az 79.

A szöveg vége. Szép munka."
542,Mindennapi számolás – 152. rész,"Itt rendezett tudást tanulsz. Ne siess.

Jó tudni: 2 óra 120 perc. Folytatjuk. Tudtad? 10-szer 10 az 100. Folytatjuk. Jegyezd meg: 62 mínusz 51 az 11. Még egy tény. Tény: 7-szer 15 az 105.

A következő pontra. 75 mínusz 24 az 51. A következő pontra. Tudtad? 12-szer 15 az 180. Tovább. Jó tudni: 72 mínusz 34 az 38. Ennyi erről.

Jegyezd meg: 68 plusz 8 az 76. Ennyi erről. Biztos: 59 plusz 50 az 109. Még egy tény. Jó tudni: 5-szer 4 az 20. Ennyi erről. Jegyezd meg: 75 mínusz 24 az 51.

Folytatjuk. Jegyezd meg: 200 15%-a 30. Ez is számít. Röviden: 78 plusz 95 az 173.

Most már ismered a tényeket."
543,Mindennapi számolás – 153. rész,"Itt rendezett tudást tanulsz. Ne siess.

Tény: 16:45-kor érkezik. Tovább. Jegyezd meg: 7-szer 7 az 49. Tovább. Biztos: 7-szer 18 az 126. Tovább. Jó tudni: 64 plusz 34 az 98.

Tovább. Biztos: 72 mínusz 34 az 38. Tovább. Tény: 5-szer 4 az 20. Ennyi erről. Röviden: 17-szer 4 az 68. A következő pontra.

Jó tudni: 14-szer 17 az 238. Folytatjuk. 176 osztva 8 az 22. Folytatjuk. Röviden: 364 osztva 13 az 28. Folytatjuk. Jó tudni: 46 mínusz 39 az 7.

Ez is számít. Tudtad? 14 mínusz 9 az 5. A következő pontra. Röviden: 88 plusz 42 az 130.

Ez volt a lényeg."
544,Mindennapi számolás – 154. rész,"Alább ellenőrzött tudást találsz.

Tény: Egy év 365 napos, szökőév 366. Még egy tény. Tudtad? 23 mínusz 20 az 3. Tovább. Tudtad? 6-szer 9 az 54. Ez is számít. Jegyezd meg: 32 osztva 2 az 16.

Ez is számít. Röviden: 18-szer 16 az 288. Folytatjuk. Jó tudni: 49 mínusz 43 az 6. Ez is számít. Röviden: 43 plusz 38 az 81. Folytatjuk.

Jegyezd meg: 68 plusz 8 az 76. Még egy tény. Biztos: 5 plusz 26 az 31. Még egy tény. Tény: 98 mínusz 83 az 15. Még egy tény. Tudtad? 84 plusz 82 az 166.

Folytatjuk. Tudtad? 81 mínusz 6 az 75. Még egy tény. Tudtad? 20-szer 5 az 100.

Ez volt a lényeg."
545,Mindennapi számolás – 155. rész,"Ez a szöveg fontos tényeket mutat be. Olvasd nyugodtan.

Jegyezd meg: 11-szer 18 az 198. Ennyi erről. 5-szer 17 az 85. Ez is számít. 2 alma marad. Ennyi erről. Tény: 5-szer 15 az 75.

Tovább. Tény: 32 plusz 66 az 98. Még egy tény. Jegyezd meg: 25 mínusz 18 az 7. Még egy tény. Tény: 92 mínusz 46 az 46. Ez is számít.

Röviden: 86 plusz 78 az 164. Ennyi erről. Biztos: 90 plusz 23 az 113. Folytatjuk. Jegyezd meg: 2000 5%-a 100. Folytatjuk. Röviden: 83 plusz 11 az 94.

Folytatjuk. Jó tudni: 13-szer 16 az 208. Folytatjuk. Jó tudni: 10 mínusz 7 az 3.

Most már ismered a tényeket."
546,Mindennapi számolás – 156. rész,"Ez a szöveg fontos tényeket mutat be. Olvasd nyugodtan.

Tény: 15-szer 15 az 225. Folytatjuk. Röviden: 68 mínusz 50 az 18. Ez is számít. Tudtad? 8-szer 5 az 40. A következő pontra. Jegyezd meg: 18 mínusz 14 az 4.

Tovább. 300 25%-a 75. Tovább. Jegyezd meg: 247 osztva 19 az 13. Tovább. Tény: 56 mínusz 8 az 48. Ennyi erről.

Biztos: 400 25%-a 100. Még egy tény. Tudtad? 200 12%-a 24. Még egy tény. Röviden: 15-szer 4 az 60. Folytatjuk. Röviden: 61 plusz 4 az 65.

Még egy tény. Röviden: 13-szer 4 az 52. Ez is számít. Tudtad? 62 mínusz 51 az 11.

A szöveg vége. Szép munka."
547,Mindennapi számolás – 157. rész,"Ez a szöveg lépésről lépésre magyaráz.

145 osztva 5 az 29. Ennyi erről. 72 mínusz 17 az 55. Ennyi erről. Röviden: 156 osztva 13 az 12. A következő pontra. Röviden: 72 plusz 67 az 139.

Ennyi erről. Biztos: 150 osztva 6 az 25. Folytatjuk. Tudtad? 340 osztva 17 az 20. Még egy tény. 88 mínusz 4 az 84. A következő pontra.

Tény: 20-szer 7 az 140. Folytatjuk. Biztos: 58 mínusz 32 az 26. Folytatjuk. Jegyezd meg: 64 plusz 45 az 109. Tovább. Jó tudni: 57 plusz 38 az 95.

A következő pontra. Röviden: 2000 5%-a 100. Ennyi erről. Jegyezd meg: 54 osztva 9 az 6.

Vége ennek az áttekintésnek."
548,Mindennapi számolás – 158. rész,"Itt rendezett tudást tanulsz. Ne siess.

10-szer 7 az 70. Ez is számít. Tény: 2000 10%-a 200. Folytatjuk. Tény: 72 osztva 4 az 18. Ennyi erről. Biztos: 54 osztva 9 az 6.

Ennyi erről. Tény: 5-szer 9 az 45. Még egy tény. Biztos: 84 osztva 7 az 12. Tovább. 54 mínusz 12 az 42. Ez is számít.

Röviden: 100 osztva 20 az 5. Tovább. Jegyezd meg: 400 50%-a 200. Tovább. Jó tudni: 61 plusz 31 az 92. Ennyi erről. Tudtad? 11-szer 19 az 209.

Ennyi erről. Tudtad? 72 osztva 4 az 18. Ez is számít. Röviden: 59 plusz 89 az 148.

Most már ismered a tényeket."
549,Mindennapi számolás – 159. rész,"Alább ellenőrzött tudást találsz.

Tény: 3 plusz 46 az 49. Még egy tény. Tudtad? 83 plusz 51 az 134. A következő pontra. Jó tudni: 7-szer 18 az 126. Folytatjuk. Jegyezd meg: 360 osztva 15 az 24.

Még egy tény. Jegyezd meg: 57 mínusz 42 az 15. Ez is számít. Röviden: 100 15%-a 15. Tovább. Jó tudni: 14-szer 17 az 238. Még egy tény.

Röviden: 25 osztva 5 az 5. Tovább. Biztos: 83 plusz 19 az 102. A következő pontra. Jegyezd meg: 2 óra 120 perc. A következő pontra. Röviden: 50 plusz 73 az 123.

Ez is számít. Tudtad? 364 osztva 14 az 26. Ennyi erről. Jó tudni: 52 plusz 82 az 134.

Vége ennek az áttekintésnek."
550,Mindennapi számolás – 160. rész,"Itt rendezett tudást tanulsz. Ne siess.

Tudtad? Egy év 365 napos, szökőév 366. Folytatjuk. 143 osztva 11 az 13. Még egy tény. Tudtad? 9 mínusz 4 az 5. Folytatjuk. Jegyezd meg: 40 mínusz 35 az 5.

Ez is számít. 62 mínusz 28 az 34. Tovább. Jó tudni: 300 50%-a 150. Ennyi erről. Tudtad? 364 osztva 13 az 28. Ennyi erről.

Tudtad? 15-szer 4 az 60. Ennyi erről. Tudtad? 200 20%-a 40. Ennyi erről. Tudtad? 80 osztva 20 az 4. Tovább. 80 osztva 20 az 4.

Még egy tény. 45 mínusz 42 az 3. Folytatjuk. Jegyezd meg: 72 plusz 2 az 74.

A szöveg vége. Szép munka."
551,Mindennapi számolás – 161. rész,"Itt rendezett tudást tanulsz. Ne siess.

44 osztva 4 az 11. A következő pontra. 17 plusz 19 az 36. Tovább. Röviden: 56 mínusz 8 az 48. Ennyi erről. Biztos: 300 10%-a 30.

Tovább. 48 plusz 59 az 107. Tovább. Jegyezd meg: 31 mínusz 23 az 8. Még egy tény. Röviden: 85 mínusz 64 az 21. A következő pontra.

27 plusz 51 az 78. Folytatjuk. Tudtad? 57 mínusz 42 az 15. Még egy tény. 24 osztva 2 az 12. A következő pontra. Jegyezd meg: 5-szer 9 az 45.

Még egy tény. Tudtad? 6 plusz 95 az 101. Ez is számít. Biztos: 95 plusz 87 az 182.

Most már ismered a tényeket."
552,Mindennapi számolás – 162. rész,"Ez a szöveg lépésről lépésre magyaráz.

Biztos: 66 plusz 5 az 71. Ennyi erről. Jegyezd meg: 52 mínusz 27 az 25. Tovább. Tudtad? 84 plusz 68 az 152. A következő pontra. Röviden: 72 mínusz 43 az 29.

Folytatjuk. Biztos: 3-szer 16 az 48. Ez is számít. Jegyezd meg: 12-szer 3 az 36. A következő pontra. Jó tudni: 45 mínusz 10 az 35. Ez is számít.

Tudtad? Egy perc 60 másodperc. Ez is számít. Tény: 16 osztva 8 az 2. Tovább. Biztos: 20-szer 5 az 100. Ez is számít. Jó tudni: 28 mínusz 2 az 26.

A következő pontra. Biztos: 40 osztva 4 az 10. Folytatjuk. Röviden: 16 osztva 8 az 2.

A szöveg vége. Szép munka."
553,Mindennapi számolás – 163. rész,"Itt rendezett tudást tanulsz. Ne siess.

Jó tudni: 89 plusz 8 az 97. Tovább. 51 mínusz 25 az 26. Ez is számít. Tudtad? 54 osztva 18 az 3. A következő pontra. Jó tudni: 500 15%-a 75.

A következő pontra. Tény: 60 plusz 10 az 70. Ez is számít. Tudtad? 99 plusz 42 az 141. Folytatjuk. Jegyezd meg: 81 osztva 3 az 27. Ez is számít.

Jegyezd meg: 323 osztva 19 az 17. Még egy tény. Biztos: 6-szer 19 az 114. Még egy tény. Jó tudni: 73 plusz 72 az 145. A következő pontra. Tény: 14-szer 5 az 70.

Ennyi erről. Röviden: 4-szer 2 az 8. A következő pontra. Tény: 5-szer 9 az 45.

Ez volt a lényeg."
554,Mindennapi számolás – 164. rész,"Alább ellenőrzött tudást találsz.

Tudtad? 19-szer 2 az 38. Folytatjuk. Tudtad? 19-szer 18 az 342. Folytatjuk. Jegyezd meg: 12-szer 5 az 60. Még egy tény. 20-szer 4 az 80.

A következő pontra. 17-szer 9 az 153. Még egy tény. Biztos: 28 plusz 83 az 111. Ez is számít. Jó tudni: 76 osztva 4 az 19. Tovább.

Tény: 500 15%-a 75. Folytatjuk. Jegyezd meg: 143 osztva 13 az 11. Ez is számít. Jó tudni: 255 osztva 17 az 15. Ez is számít. Röviden: 18-szer 19 az 342.

Még egy tény. Jegyezd meg: 57 plusz 9 az 66. Még egy tény. Tudtad? 1000 5%-a 50.

Most már ismered a tényeket."
555,Mindennapi számolás – 165. rész,"Ez a szöveg fontos tényeket mutat be. Olvasd nyugodtan.

Tény: 25 osztva 5 az 5. Még egy tény. Jegyezd meg: 400 25%-a 100. A következő pontra. Jegyezd meg: 36 plusz 73 az 109. Ennyi erről. 364 osztva 13 az 28.

Tovább. Röviden: 33 mínusz 17 az 16. Még egy tény. Röviden: 500 50%-a 250. Ez is számít. Röviden: 20-szer 7 az 140. Folytatjuk.

Biztos: 6-szer 9 az 54. A következő pontra. Jegyezd meg: 72 osztva 4 az 18. Ennyi erről. 32 mínusz 11 az 21. Ennyi erről. Jó tudni: 83 mínusz 8 az 75.

Folytatjuk. Tudtad? 21 plusz 61 az 82. Tovább. Biztos: 51 mínusz 25 az 26.

Ez volt a lényeg."
556,Mindennapi számolás – 166. rész,"Ez a szöveg lépésről lépésre magyaráz.

Jó tudni: 69 plusz 35 az 104. A következő pontra. 69 plusz 35 az 104. Folytatjuk. Jegyezd meg: 9 plusz 63 az 72. Ez is számít. Röviden: 270 osztva 18 az 15.

A következő pontra. Röviden: 16 osztva 4 az 4. Ez is számít. Jó tudni: 43 plusz 38 az 81. A következő pontra. Jó tudni: 85 mínusz 14 az 71. Ez is számít.

Tudtad? 216 osztva 18 az 12. Tovább. Jegyezd meg: 2000 20%-a 400. Ennyi erről. Röviden: 66 plusz 5 az 71. Folytatjuk. Tudtad? 180 osztva 18 az 10.

Folytatjuk. Biztos: 3-szer 2 az 6. Folytatjuk. Jó tudni: 12 plusz 37 az 49.

Vége ennek az áttekintésnek."
557,Mindennapi számolás – 167. rész,"Ez a szöveg lépésről lépésre magyaráz.

Jó tudni: 150 osztva 5 az 30. Ez is számít. Tény: 67 plusz 35 az 102. A következő pontra. Jegyezd meg: 17-szer 3 az 51. Ez is számít. Jó tudni: 83 plusz 19 az 102.

A következő pontra. Jegyezd meg: 19-szer 2 az 38. Ez is számít. Jó tudni: 15-szer 15 az 225. Folytatjuk. 9 plusz 63 az 72. Folytatjuk.

Biztos: 30 plusz 46 az 76. A következő pontra. Biztos: 51 osztva 3 az 17. Tovább. Jó tudni: 25 osztva 5 az 5. Ennyi erről. Jegyezd meg: 260 osztva 13 az 20.

Ez is számít. Röviden: 16 osztva 8 az 2. A következő pontra. 14-szer 5 az 70.

A szöveg vége. Szép munka."
558,Mindennapi számolás – 168. rész,"Alább ellenőrzött tudást találsz.

92 mínusz 46 az 46. A következő pontra. 7 plusz 23 az 30. Ennyi erről. Tudtad? 78 mínusz 11 az 67. A következő pontra. Tudtad? 27 mínusz 26 az 1.

Még egy tény. Jó tudni: 15-szer 10 az 150. Folytatjuk. Tény: 1000 50%-a 500. Ez is számít. Tudtad? 322 osztva 14 az 23. Még egy tény.

Tudtad? 11-szer 17 az 187. Tovább. Tény: 17:05-kor kész. Ez is számít. Jó tudni: 36 osztva 18 az 2. Tovább. Jó tudni: 23 plusz 81 az 104.

Folytatjuk. 464 osztva 16 az 29. Még egy tény. 55 plusz 83 az 138.

Vége ennek az áttekintésnek."
559,Mindennapi számolás – 169. rész,"Itt rendezett tudást tanulsz. Ne siess.

Tény: 7-szer 7 az 49. Tovább. Tény: 9-szer 5 az 45. Folytatjuk. Röviden: 143 osztva 11 az 13. Ez is számít. Jegyezd meg: 3-szer 16 az 48.

Ennyi erről. Röviden: 19-szer 10 az 190. Ez is számít. Tény: 209 osztva 19 az 11. Tovább. Tudtad? 96 osztva 6 az 16. Tovább.

Jó tudni: 100 osztva 20 az 5. A következő pontra. Biztos: 4-szer 19 az 76. Folytatjuk. Jegyezd meg: 2000 75%-a 1500. Folytatjuk. Biztos: 62 mínusz 51 az 11.

Ez is számít. Tény: 5-szer 4 az 20. Folytatjuk. 220 osztva 10 az 22.

Vége ennek az áttekintésnek."
560,Mindennapi számolás – 170. rész,"Ez a szöveg fontos tényeket mutat be. Olvasd nyugodtan.

Jegyezd meg: 48 mínusz 29 az 19. Tovább. Jó tudni: 84 plusz 82 az 166. Még egy tény. Röviden: 71 plusz 71 az 142. Ennyi erről. 92 mínusz 46 az 46.

Ennyi erről. Jegyezd meg: 260 osztva 10 az 26. Ez is számít. Tény: 12 mínusz 11 az 1. Még egy tény. Tény: 56 osztva 14 az 4. Folytatjuk.

Jó tudni: 62 mínusz 51 az 11. Tovább. Tény: 24 osztva 2 az 12. Tovább. Tudtad? 143 osztva 11 az 13. Még egy tény. Jegyezd meg: 28 mínusz 2 az 26.

Tovább. Jó tudni: 255 osztva 17 az 15. Tovább. Jó tudni: 100 75%-a 75.

Vége ennek az áttekintésnek."
561,Mindennapi számolás – 171. rész,"Itt rendezett tudást tanulsz. Ne siess.

75 mínusz 9 az 66. A következő pontra. Biztos: 28 plusz 83 az 111. A következő pontra. Tudtad? 322 osztva 14 az 23. Tovább. 1000 50%-a 500.

Folytatjuk. Biztos: 54 mínusz 12 az 42. Ez is számít. Tény: 11-szer 18 az 198. Még egy tény. Jegyezd meg: 1000 20%-a 200. Folytatjuk.

89 plusz 8 az 97. Tovább. Tény: 98 mínusz 76 az 22. A következő pontra. Jegyezd meg: 81 mínusz 6 az 75. Folytatjuk. Tudtad? 7-szer 15 az 105.

Még egy tény. Tudtad? 45 plusz 90 az 135. Ennyi erről. 36 osztva 18 az 2.

Most már ismered a tényeket."
562,Mindennapi számolás – 172. rész,"Ez a szöveg fontos tényeket mutat be. Olvasd nyugodtan.

49 mínusz 37 az 12. Még egy tény. Tény: 9-szer 5 az 45. A következő pontra. Biztos: 58 plusz 78 az 136. A következő pontra. Biztos: 12 plusz 37 az 49.

Tovább. Röviden: 54 plusz 71 az 125. Ez is számít. 143 osztva 13 az 11. Tovább. Jó tudni: 89 plusz 59 az 148. Tovább.

Jegyezd meg: 69 plusz 35 az 104. Még egy tény. Jegyezd meg: 90 osztva 6 az 15. Ennyi erről. Jegyezd meg: 25 osztva 5 az 5. Folytatjuk. Biztos: 54 osztva 18 az 3.

Tovább. 19-szer 18 az 342. A következő pontra. Jó tudni: 57 mínusz 42 az 15.

Vége ennek az áttekintésnek."
563,Mindennapi számolás – 173. rész,"Ez a szöveg lépésről lépésre magyaráz.

Biztos: 513 osztva 19 az 27. Ez is számít. Röviden: 58 osztva 2 az 29. Még egy tény. Jó tudni: 48 plusz 51 az 99. Ez is számít. Tény: 62 mínusz 28 az 34.

Ennyi erről. Jó tudni: 2000 75%-a 1500. Ez is számít. 260 osztva 13 az 20. A következő pontra. 67 plusz 35 az 102. Folytatjuk.

Tudtad? 192 osztva 8 az 24. Ez is számít. Biztos: 4-szer 6 az 24. A következő pontra. Jó tudni: 34 osztva 2 az 17. Még egy tény. Jegyezd meg: 125 osztva 5 az 25.

A következő pontra. Biztos: 86 plusz 36 az 122. Még egy tény. Tény: 49 mínusz 43 az 6.

Most már ismered a tényeket."
564,Mindennapi számolás – 174. rész,"Ez a szöveg fontos tényeket mutat be. Olvasd nyugodtan.

Jegyezd meg: 21 plusz 4 az 25. Még egy tény. Tény: 2 óra 120 perc. A következő pontra. 54 osztva 9 az 6. Tovább. Biztos: 72 mínusz 34 az 38.

Folytatjuk. Jó tudni: 29 mínusz 21 az 8. A következő pontra. Röviden: 80 osztva 10 az 8. A következő pontra. Tudtad? 9-szer 5 az 45. Ez is számít.

Röviden: 13-szer 20 az 260. Folytatjuk. Tény: 41 plusz 25 az 66. Ez is számít. 21 plusz 47 az 68. Még egy tény. 21 plusz 4 az 25.

Ennyi erről. Jó tudni: 8 osztva 4 az 2. Még egy tény. Biztos: 18-szer 19 az 342.

Vége ennek az áttekintésnek."
565,Mindennapi számolás – 175. rész,"Ez a szöveg fontos tényeket mutat be. Olvasd nyugodtan.

Tény: 5-szer 15 az 75. Még egy tény. Jó tudni: 48 mínusz 29 az 19. A következő pontra. Jó tudni: 88 plusz 42 az 130. Tovább. Röviden: 61 plusz 4 az 65.

Ennyi erről. Jegyezd meg: 61 plusz 35 az 96. Ennyi erről. Röviden: 57 plusz 38 az 95. Még egy tény. Tudtad? 500 10%-a 50. A következő pontra.

Jó tudni: 57 plusz 9 az 66. A következő pontra. Jó tudni: 12-szer 14 az 168. Tovább. Röviden: 49 mínusz 16 az 33. Ez is számít. Tény: 80 osztva 10 az 8.

Tovább. 9-szer 12 az 108. Ennyi erről. Jó tudni: 69 plusz 35 az 104.

Vége ennek az áttekintésnek."
566,Mindennapi számolás – 176. rész,"Ez a szöveg lépésről lépésre magyaráz.

Biztos: 44 osztva 2 az 22. Folytatjuk. Tény: 80 plusz 62 az 142. Ez is számít. Tudtad? 75 mínusz 24 az 51. Még egy tény. Tény: 150 osztva 6 az 25.

Ez is számít. 81 osztva 3 az 27. Még egy tény. Tény: 154 osztva 14 az 11. Ennyi erről. Tudtad? 10-szer 10 az 100. A következő pontra.

Jó tudni: 27 mínusz 26 az 1. Még egy tény. Tény: 14-szer 14 az 196. Tovább. Biztos: 75 mínusz 24 az 51. A következő pontra. Jegyezd meg: 7-szer 10 az 70.

A következő pontra. Jó tudni: 2 alma marad. Tovább. Biztos: 13-szer 4 az 52.

Ez volt a lényeg."
567,Mindennapi számolás – 177. rész,"Itt rendezett tudást tanulsz. Ne siess.

Tudtad? 24 osztva 2 az 12. Ennyi erről. 81 osztva 3 az 27. Ennyi erről. Tudtad? 67 mínusz 28 az 39. Folytatjuk. Tudtad? 13-szer 3 az 39.

Ennyi erről. Röviden: 91 mínusz 21 az 70. Ennyi erről. Jó tudni: 12 plusz 37 az 49. Ez is számít. Tudtad? 5-szer 4 az 20. Tovább.

Jegyezd meg: 288 osztva 12 az 24. A következő pontra. Tény: 54 mínusz 12 az 42. Tovább. Tudtad? 60 mínusz 31 az 29. Folytatjuk. Jegyezd meg: 7-szer 15 az 105.

Ennyi erről. 96 osztva 6 az 16. Folytatjuk. Röviden: 45 mínusz 10 az 35.

Ez volt a lényeg."
568,Mindennapi számolás – 178. rész,"Alább ellenőrzött tudást találsz.

89 plusz 8 az 97. A következő pontra. Röviden: 8 osztva 4 az 2. Folytatjuk. Jó tudni: 40 mínusz 35 az 5. Ennyi erről. Jegyezd meg: 323 osztva 19 az 17.

Ennyi erről. Jó tudni: 288 osztva 12 az 24. Még egy tény. Röviden: 200 5%-a 10. Még egy tény. 17-szer 4 az 68. Még egy tény.

17 mínusz 10 az 7. Ez is számít. Jegyezd meg: 364 osztva 14 az 26. Tovább. Tudtad? 51 osztva 3 az 17. Ennyi erről. Jegyezd meg: 255 osztva 17 az 15.

Ennyi erről. Tudtad? 17-szer 4 az 68. Még egy tény. Röviden: 6-szer 19 az 114.

A szöveg vége. Szép munka."
569,Mindennapi számolás – 179. rész,"Itt rendezett tudást tanulsz. Ne siess.

Tény: 25 osztva 5 az 5. Folytatjuk. Tudtad? 35 mínusz 18 az 17. Még egy tény. Biztos: 104 osztva 8 az 13. Tovább. Jegyezd meg: 72 mínusz 17 az 55.

Még egy tény. Tény: 255 osztva 17 az 15. Ez is számít. Tudtad? 55 plusz 83 az 138. Még egy tény. Jó tudni: 80 osztva 20 az 4. Ez is számít.

Jó tudni: 58 osztva 2 az 29. Még egy tény. 6-szer 2 az 12. Ennyi erről. Röviden: 58 mínusz 31 az 27. Ennyi erről. 100 50%-a 50.

A következő pontra. Tudtad? 98 mínusz 76 az 22. Ennyi erről. Jegyezd meg: Az 66.

A szöveg vége. Szép munka."
570,Mindennapi számolás – 180. rész,"Alább ellenőrzött tudást találsz.

Tény: 89 plusz 8 az 97. Folytatjuk. Jegyezd meg: 19-szer 18 az 342. Folytatjuk. Tény: 7-szer 14 az 98. Még egy tény. Biztos: 20-szer 4 az 80.

Ez is számít. Röviden: 300 20%-a 60. Tovább. Jó tudni: 16 mínusz 11 az 5. Tovább. Tudtad? 64 mínusz 47 az 17. Folytatjuk.

Jó tudni: 60 plusz 10 az 70. Ez is számít. 17 plusz 82 az 99. Folytatjuk. Tudtad? 10-szer 8 az 80. A következő pontra. Röviden: 56 osztva 14 az 4.

A következő pontra. Tudtad? 156 osztva 13 az 12. Folytatjuk. Tény: 84 osztva 7 az 12.

Most már ismered a tényeket."
571,Mindennapi számolás – 181. rész,"Ez a szöveg fontos tényeket mutat be. Olvasd nyugodtan.

Jó tudni: 32 osztva 2 az 16. Ennyi erről. Jó tudni: 28 plusz 30 az 58. Még egy tény. 270 osztva 18 az 15. Tovább. Tudtad? 15-szer 4 az 60.

A következő pontra. 6 plusz 95 az 101. Ennyi erről. Jegyezd meg: 88 plusz 84 az 172. Ennyi erről. Tény: 49 plusz 6 az 55. Tovább.

Biztos: 74 plusz 9 az 83. Tovább. Jó tudni: 192 osztva 8 az 24. A következő pontra. Biztos: 73 mínusz 14 az 59. Tovább. Biztos: 25-ször 4 az 100.

A következő pontra. Tény: 56 mínusz 8 az 48. Tovább. Jó tudni: 100 75%-a 75.

A szöveg vége. Szép munka."
572,Mindennapi számolás – 182. rész,"Itt rendezett tudást tanulsz. Ne siess.

Jó tudni: 16 osztva 4 az 4. A következő pontra. Jegyezd meg: 10-szer 11 az 110. Tovább. Biztos: 54 mínusz 52 az 2. A következő pontra. 54 plusz 39 az 93.

Tovább. Tény: 83 plusz 70 az 153. Még egy tény. Biztos: 12-szer 5 az 60. Folytatjuk. Tény: 23 plusz 81 az 104. A következő pontra.

Jegyezd meg: 36 plusz 22 az 58. Folytatjuk. Röviden: 20-szer 4 az 80. Még egy tény. Biztos: 31 mínusz 23 az 8. Ez is számít. 19-szer 2 az 38.

Tovább. 7-szer 15 az 105. Még egy tény. 69 osztva 3 az 23.

Ez volt a lényeg."
573,Mindennapi számolás – 183. rész,"Ez a szöveg fontos tényeket mutat be. Olvasd nyugodtan.

Tény: 22 osztva 2 az 11. Ennyi erről. Jó tudni: 10-szer 16 az 160. Ennyi erről. Tudtad? 2-szer 19 az 38. Tovább. Jó tudni: 19-szer 10 az 190.

Ennyi erről. 88 mínusz 4 az 84. Ennyi erről. Tudtad? 26 plusz 52 az 78. Tovább. Röviden: 7-szer 7 az 49. Még egy tény.

Tudtad? 8 osztva 4 az 2. Ez is számít. Tudtad? 260 osztva 13 az 20. Ez is számít. Tény: 100 10%-a 10. Ennyi erről. Tudtad? 15-szer 15 az 225.

Ez is számít. Biztos: 94 plusz 86 az 180. Folytatjuk. Tudtad? 16-szer 5 az 80.

A szöveg vége. Szép munka."
574,Mindennapi számolás – 184. rész,"Alább ellenőrzött tudást találsz.

80 osztva 10 az 8. Folytatjuk. 75 mínusz 9 az 66. A következő pontra. Jegyezd meg: 36 plusz 22 az 58. A következő pontra. Jó tudni: 97 plusz 8 az 105.

Ez is számít. Röviden: 322 osztva 14 az 23. A következő pontra. Tény: 45 mínusz 42 az 3. A következő pontra. Tudtad? 14 mínusz 9 az 5. Ennyi erről.

Tudtad? 60 plusz 10 az 70. Még egy tény. Tény: 100 20%-a 20. A következő pontra. Tény: 55 mínusz 45 az 10. Tovább. 8-szer 10 az 80.

Ennyi erről. Jó tudni: 68 plusz 63 az 131. Még egy tény. Röviden: 15-szer 15 az 225.

Most már ismered a tényeket."
575,Mindennapi számolás – 185. rész,"Ez a szöveg fontos tényeket mutat be. Olvasd nyugodtan.

Jegyezd meg: 11-szer 19 az 209. Ennyi erről. Biztos: 11-szer 19 az 209. Ez is számít. Tudtad? 40 mínusz 35 az 5. Ez is számít. 200 75%-a 150.

A következő pontra. Biztos: 51 osztva 3 az 17. Ez is számít. Tény: 270 osztva 18 az 15. A következő pontra. Jegyezd meg: 78 plusz 97 az 175. Folytatjuk.

Jegyezd meg: 38 mínusz 23 az 15. A következő pontra. Röviden: 85 mínusz 14 az 71. Ennyi erről. Biztos: 210 osztva 7 az 30. Folytatjuk. Röviden: 32 mínusz 11 az 21.

Folytatjuk. Tudtad? 2-szer 12 az 24. Ez is számít. Jegyezd meg: 59 plusz 89 az 148.

Vége ennek az áttekintésnek."
576,Mindennapi számolás – 186. rész,"Itt rendezett tudást tanulsz. Ne siess.

Jó tudni: 14-szer 6 az 84. Még egy tény. Jó tudni: 12 plusz 37 az 49. Még egy tény. 8-szer 5 az 40. Ennyi erről. Jegyezd meg: 26 mínusz 22 az 4.

Ez is számít. Jó tudni: 510 osztva 17 az 30. Ennyi erről. Tény: 464 osztva 16 az 29. Még egy tény. Röviden: 18-szer 12 az 216. Ez is számít.

72 osztva 12 az 6. Még egy tény. 94 plusz 86 az 180. Ennyi erről. Jegyezd meg: 83 mínusz 8 az 75. Még egy tény. 61 plusz 4 az 65.

Tovább. Tudtad? 416 osztva 16 az 26. Ez is számít. 12-szer 14 az 168.

Vége ennek az áttekintésnek."
577,Mindennapi számolás – 187. rész,"Ez a szöveg lépésről lépésre magyaráz.

Tudtad? 90 plusz 23 az 113. Még egy tény. Tudtad? 500 5%-a 25. Ennyi erről. Tény: 14 plusz 20 az 34. Tovább. 13-szer 4 az 52.

Tovább. Biztos: 46 mínusz 39 az 7. Tovább. Röviden: 7 plusz 23 az 30. Ennyi erről. Tudtad? 49 mínusz 43 az 6. Folytatjuk.

Tény: 73 mínusz 14 az 59. Ennyi erről. 400 50%-a 200. Tovább. Tény: 260 osztva 10 az 26. Folytatjuk. Röviden: 20-szer 11 az 220.

Ez is számít. Tény: 9-szer 5 az 45. A következő pontra. Jó tudni: 61 plusz 92 az 153.

Vége ennek az áttekintésnek."
578,Mindennapi számolás – 188. rész,"Ez a szöveg fontos tényeket mutat be. Olvasd nyugodtan.

Biztos: 60 mínusz 31 az 29. Még egy tény. Röviden: 16:45-kor érkezik. Még egy tény. Tény: 210 osztva 7 az 30. Ez is számít. Tudtad? 60 plusz 10 az 70.

Tovább. Röviden: 3-szer 16 az 48. Ennyi erről. Biztos: 48 osztva 4 az 12. A következő pontra. Röviden: 21 plusz 4 az 25. A következő pontra.

Jegyezd meg: 58 mínusz 31 az 27. Ennyi erről. Röviden: 17-szer 9 az 153. Folytatjuk. Biztos: 74 plusz 9 az 83. A következő pontra. Röviden: 25 plusz 28 az 53.

Folytatjuk. Jó tudni: 400 75%-a 300. Még egy tény. Röviden: 54 osztva 18 az 3.

A szöveg vége. Szép munka."
579,Mindennapi számolás – 189. rész,"Ez a szöveg fontos tényeket mutat be. Olvasd nyugodtan.

Biztos: 270 osztva 18 az 15. Még egy tény. Tudtad? 42 mínusz 11 az 31. Ez is számít. Tény: 70 mínusz 14 az 56. Tovább. Jegyezd meg: 220 osztva 10 az 22.

Ez is számít. Röviden: 32 mínusz 11 az 21. Ez is számít. Tény: 25 osztva 5 az 5. A következő pontra. Röviden: 51 osztva 3 az 17. Ez is számít.

300 20%-a 60. Folytatjuk. Tény: 4 osztva 2 az 2. Ez is számít. Tény: 33 plusz 9 az 42. Tovább. Röviden: 17 mínusz 10 az 7.

Ez is számít. Biztos: 15-szer 4 az 60. Ennyi erről. Tudtad? 33 plusz 9 az 42.

Most már ismered a tényeket."
580,Mindennapi számolás – 190. rész,"Itt rendezett tudást tanulsz. Ne siess.

Biztos: 67 plusz 35 az 102. A következő pontra. Tudtad? 11-szer 19 az 209. Ennyi erről. Jegyezd meg: 15-szer 15 az 225. Folytatjuk. 88 mínusz 4 az 84.

Ez is számít. Röviden: 16-szer 10 az 160. A következő pontra. Jó tudni: 92 osztva 4 az 23. A következő pontra. Tény: 25 plusz 97 az 122. Folytatjuk.

40 plusz 43 az 83. Ennyi erről. Röviden: 36 plusz 73 az 109. Ez is számít. Jó tudni: 12-szer 14 az 168. A következő pontra. Tény: 17 plusz 82 az 99.

Tovább. Jó tudni: 500 50%-a 250. Ez is számít. Tény: 100 15%-a 15.

Most már ismered a tényeket."
581,Mindennapi számolás – 191. rész,"Ez a szöveg fontos tényeket mutat be. Olvasd nyugodtan.

Jó tudni: 8 órát alszol. Ez is számít. Jegyezd meg: 23 plusz 81 az 104. Ennyi erről. 61 plusz 31 az 92. Ennyi erről. 12-szer 15 az 180.

Még egy tény. Jegyezd meg: 7-szer 7 az 49. Ennyi erről. Tény: 24 osztva 2 az 12. A következő pontra. Biztos: 58 osztva 2 az 29. Még egy tény.

2000 5%-a 100. Ez is számít. Jegyezd meg: 2000 5%-a 100. Folytatjuk. Jó tudni: 28 mínusz 2 az 26. Még egy tény. Jegyezd meg: 2000 10%-a 200.

A következő pontra. Röviden: 8 osztva 4 az 2. Ennyi erről. Jó tudni: 220 osztva 10 az 22.

Most már ismered a tényeket."
582,Mindennapi számolás – 192. rész,"Itt rendezett tudást tanulsz. Ne siess.

Biztos: 300 20%-a 60. Folytatjuk. Röviden: 276 osztva 12 az 23. Ez is számít. Tudtad? 81 mínusz 6 az 75. Folytatjuk. 11-szer 15 az 165.

Ennyi erről. Jó tudni: 6 plusz 95 az 101. Folytatjuk. Jó tudni: 94 plusz 14 az 108. Ennyi erről. 87 osztva 3 az 29. Folytatjuk.

Jegyezd meg: 36 plusz 95 az 131. Folytatjuk. Jó tudni: 12-szer 14 az 168. Folytatjuk. Jegyezd meg: 323 osztva 19 az 17. Még egy tény. Tény: 1000 20%-a 200.

Ez is számít. Biztos: 18 mínusz 14 az 4. Folytatjuk. Biztos: 7 plusz 23 az 30.

Ez volt a lényeg."
583,Mindennapi számolás – 193. rész,"Ez a szöveg fontos tényeket mutat be. Olvasd nyugodtan.

500 5%-a 25. A következő pontra. Biztos: 416 osztva 16 az 26. Még egy tény. 7-szer 20 az 140. Tovább. 10-szer 5 az 50.

Ennyi erről. Tény: 61 plusz 44 az 105. Folytatjuk. Tény: 21 plusz 4 az 25. Folytatjuk. Jegyezd meg: 5-szer 15 az 75. Folytatjuk.

Tudtad? 89 mínusz 43 az 46. Ez is számít. Röviden: Egy perc 60 másodperc. Tovább. Tény: 58 mínusz 32 az 26. A következő pontra. Röviden: 20-szer 11 az 220.

Még egy tény. 37 plusz 48 az 85. Tovább. 54 plusz 71 az 125.

Ez volt a lényeg."
584,Mindennapi számolás – 194. rész,"Itt rendezett tudást tanulsz. Ne siess.

35 mínusz 18 az 17. Ennyi erről. Jó tudni: 45 mínusz 42 az 3. Tovább. Röviden: 14 plusz 20 az 34. A következő pontra. Tudtad? 72 mínusz 34 az 38.

Tovább. Jó tudni: 98 mínusz 76 az 22. Még egy tény. Tudtad? 48 plusz 59 az 107. Ennyi erről. Jegyezd meg: 72 mínusz 17 az 55. Ez is számít.

Jegyezd meg: 9-szer 4 az 36. Ez is számít. Tény: 58 plusz 78 az 136. A következő pontra. Jó tudni: 11-szer 19 az 209. Ez is számít. 61 plusz 92 az 153.

Ennyi erről. 62 mínusz 28 az 34. A következő pontra. Jegyezd meg: 360 osztva 15 az 24.

Most már ismered a tényeket."
585,Mindennapi számolás – 195. rész,"Alább ellenőrzött tudást találsz.

59 plusz 10 az 69. Folytatjuk. Tény: 19:30-kor végzel. Még egy tény. Jegyezd meg: 500 25%-a 125. Még egy tény. Röviden: 32 plusz 66 az 98.

Ez is számít. Jó tudni: 100 5%-a 5. Tovább. Jegyezd meg: 255 osztva 17 az 15. Ennyi erről. Jó tudni: 37 mínusz 28 az 9. Tovább.

Tény: 89 mínusz 43 az 46. Ennyi erről. Tudtad? 36 plusz 73 az 109. Ennyi erről. Biztos: 81 osztva 3 az 27. Ez is számít. Jó tudni: 25 plusz 97 az 122.

Még egy tény. Jó tudni: 32 mínusz 11 az 21. Tovább. Jó tudni: 88 plusz 42 az 130.

Most már ismered a tényeket."
586,Mindennapi számolás – 196. rész,"Ez a szöveg fontos tényeket mutat be. Olvasd nyugodtan.

Röviden: 19-szer 10 az 190. Folytatjuk. Jegyezd meg: 7-szer 7 az 49. Még egy tény. Tény: 360 osztva 15 az 24. Folytatjuk. Jó tudni: 104 osztva 8 az 13.

Ennyi erről. Biztos: 94 plusz 86 az 180. Ez is számít. Biztos: 200 5%-a 10. Ez is számít. Röviden: 83 plusz 19 az 102. Tovább.

Jegyezd meg: 72 osztva 4 az 18. Folytatjuk. Röviden: 7-szer 7 az 49. Tovább. Tény: 54 osztva 18 az 3. Még egy tény. Jó tudni: 17-szer 9 az 153.

Még egy tény. Tény: 45 mínusz 10 az 35. Folytatjuk. Röviden: 500 25%-a 125.

Ez volt a lényeg."
587,Mindennapi számolás – 197. rész,"Itt rendezett tudást tanulsz. Ne siess.

Röviden: 54 osztva 18 az 3. Ennyi erről. Biztos: 12 mínusz 11 az 1. Még egy tény. Biztos: 7-szer 7 az 49. Ennyi erről. 210 osztva 7 az 30.

Tovább. Jegyezd meg: 17-szer 13 az 221. A következő pontra. 16 osztva 4 az 4. A következő pontra. Jó tudni: 7 plusz 23 az 30. Ez is számít.

Tény: 72 mínusz 26 az 46. A következő pontra. Röviden: 11-szer 7 az 77. Ennyi erről. Röviden: 98 mínusz 83 az 15. Ennyi erről. Röviden: 32 osztva 2 az 16.

A következő pontra. Jó tudni: 10-szer 13 az 130. Ez is számít. Jegyezd meg: 15-szer 10 az 150.

Most már ismered a tényeket."
588,Mindennapi számolás – 198. rész,"Alább ellenőrzött tudást találsz.

Biztos: 9 plusz 63 az 72. Ennyi erről. Jó tudni: 288 osztva 12 az 24. A következő pontra. Biztos: 57 plusz 9 az 66. Ennyi erről. Tény: 98 mínusz 76 az 22.

A következő pontra. 48 plusz 59 az 107. Tovább. Röviden: 86 plusz 78 az 164. Ez is számít. Tény: 36 osztva 18 az 2. A következő pontra.

Biztos: 25 plusz 28 az 53. Ez is számít. Röviden: 7-szer 20 az 140. Tovább. Biztos: 7-szer 14 az 98. Tovább. Biztos: 32 plusz 66 az 98.

A következő pontra. 86 plusz 36 az 122. Ennyi erről. Biztos: 37 mínusz 28 az 9.

Vége ennek az áttekintésnek."
589,Mindennapi számolás – 199. rész,"Itt rendezett tudást tanulsz. Ne siess.

Röviden: 500 25%-a 125. A következő pontra. Tudtad? 12 mínusz 11 az 1. Még egy tény. 84 osztva 7 az 12. Ez is számít. 464 osztva 16 az 29.

A következő pontra. Biztos: 6-szer 2 az 12. Még egy tény. Röviden: 20-szer 7 az 140. Még egy tény. 90 plusz 23 az 113. Ennyi erről.

Jegyezd meg: 51 osztva 17 az 3. Ez is számít. Tény: 7-szer 20 az 140. Folytatjuk. Tény: 77 mínusz 8 az 69. Még egy tény. Jó tudni: 28 plusz 83 az 111.

A következő pontra. Tény: 5-szer 17 az 85. Ennyi erről. Jegyezd meg: 68 mínusz 50 az 18.

Ez volt a lényeg."
590,Mindennapi számolás – 200. rész,"Alább ellenőrzött tudást találsz.

Jegyezd meg: 40 plusz 43 az 83. Ez is számít. Tény: 7-szer 20 az 140. Ennyi erről. Jó tudni: 500 75%-a 375. Tovább. Jó tudni: 400 50%-a 200.

Folytatjuk. Tudtad? 2000 50%-a 1000. Ez is számít. 5-szer 18 az 90. A következő pontra. Jegyezd meg: 85 mínusz 64 az 21. Ennyi erről.

Röviden: 19-szer 2 az 38. Ez is számít. Tény: 51 mínusz 25 az 26. Tovább. Tudtad? 216 osztva 18 az 12. Még egy tény. Röviden: 14-szer 3 az 42.

Tovább. A találkozó 12:30-kor. Folytatjuk. Jó tudni: 19-szer 10 az 190.

A szöveg vége. Szép munka."
591,Mindennapi számolás – 201. rész,"Ez a szöveg lépésről lépésre magyaráz.

Tény: 87 osztva 3 az 29. Folytatjuk. Jó tudni: 61 plusz 4 az 65. Még egy tény. Tény: 5-szer 17 az 85. Tovább. 5 plusz 26 az 31.

Tovább. Röviden: 260 osztva 10 az 26. Ez is számít. Jegyezd meg: 100 10%-a 10. Ez is számít. Tudtad? 17-szer 4 az 68. Tovább.

Jegyezd meg: 10-szer 13 az 130. A következő pontra. Jegyezd meg: 21:45-kor ér véget. A következő pontra. Jó tudni: 14-szer 3 az 42. Folytatjuk. Jó tudni: 61 plusz 44 az 105.

Ez is számít. Tény: 27 mínusz 26 az 1. Ez is számít. 10-szer 13 az 130.

Vége ennek az áttekintésnek."
592,Mindennapi számolás – 202. rész,"Ez a szöveg lépésről lépésre magyaráz.

Jó tudni: 1000 20%-a 200. Ez is számít. Tudtad? 360 osztva 15 az 24. Ez is számít. Tudtad? 98 mínusz 54 az 44. A következő pontra. 21:45-kor ér véget.

Folytatjuk. Tény: 2 óra 120 perc. Még egy tény. Röviden: 54 plusz 71 az 125. Ennyi erről. Jegyezd meg: 3-szer 9 az 27. Tovább.

Tudtad? 20-szer 4 az 80. Ez is számít. Jó tudni: 125 osztva 5 az 25. Még egy tény. Tény: 10-szer 11 az 110. Ez is számít. Röviden: 30 plusz 46 az 76.

Még egy tény. Jó tudni: 156 osztva 13 az 12. A következő pontra. Tudtad? 260 osztva 13 az 20.

Vége ennek az áttekintésnek."
593,Mindennapi számolás – 203. rész,"Alább ellenőrzött tudást találsz.

Jó tudni: 57 plusz 9 az 66. Még egy tény. Tudtad? 52 plusz 82 az 134. Ez is számít. Biztos: 6-szer 19 az 114. Még egy tény. Jegyezd meg: 45 mínusz 42 az 3.

Ennyi erről. Jó tudni: 98 mínusz 83 az 15. Ez is számít. Tudtad? 13-szer 4 az 52. Még egy tény. 17 mínusz 10 az 7. Ez is számít.

Tudtad? 500 25%-a 125. Ennyi erről. Jó tudni: 260 osztva 20 az 13. Tovább. Tény: 36 plusz 22 az 58. Ennyi erről. Röviden: 44 osztva 4 az 11.

Folytatjuk. Jegyezd meg: 400 10%-a 40. A következő pontra. Tudtad? 61 plusz 44 az 105.

Vége ennek az áttekintésnek."
594,Mindennapi számolás – 204. rész,"Alább ellenőrzött tudást találsz.

Jegyezd meg: 500 25%-a 125. Még egy tény. Jegyezd meg: 27 mínusz 26 az 1. Ez is számít. Biztos: 200 5%-a 10. A következő pontra. Tudtad? 72 mínusz 34 az 38.

Ennyi erről. Jegyezd meg: 1000 20%-a 200. A következő pontra. Biztos: 19 plusz 70 az 89. A következő pontra. Röviden: 15-szer 4 az 60. Ez is számít.

Jó tudni: 17:05-kor kész. Ez is számít. Biztos: 54 osztva 18 az 3. Ez is számít. Tudtad? 86 plusz 78 az 164. Ennyi erről. Tény: 88 plusz 42 az 130.

Még egy tény. 54 mínusz 12 az 42. Még egy tény. Tény: 12-szer 5 az 60.

A szöveg vége. Szép munka."
595,Mindennapi számolás – 205. rész,"Ez a szöveg lépésről lépésre magyaráz.

Biztos: 21 plusz 4 az 25. Ennyi erről. Biztos: 83 plusz 51 az 134. Ez is számít. Tény: 19-szer 10 az 190. Tovább. Jó tudni: 156 osztva 13 az 12.

Ennyi erről. 2000 50%-a 1000. Ennyi erről. Jó tudni: 19-szer 18 az 342. Ennyi erről. 20-szer 15 az 300. Tovább.

Tény: 31 mínusz 23 az 8. Ennyi erről. Jó tudni: 98 mínusz 76 az 22. Ennyi erről. Jó tudni: 51 mínusz 25 az 26. Ennyi erről. Tény: 74 plusz 9 az 83.

Ennyi erről. Jegyezd meg: 83 plusz 19 az 102. Ez is számít. Biztos: Egy év 365 napos, szökőév 366.

Vége ennek az áttekintésnek."
596,Mindennapi számolás – 206. rész,"Ez a szöveg fontos tényeket mutat be. Olvasd nyugodtan.

Tény: 25-ször 4 az 100. Ez is számít. Röviden: 100 20%-a 20. A következő pontra. Tudtad? 58 mínusz 31 az 27. Ez is számít. Röviden: 72 mínusz 26 az 46.

Ennyi erről. Biztos: 37 plusz 48 az 85. A következő pontra. Tudtad? 13-szer 16 az 208. Ennyi erről. 8-szer 7 az 56. Tovább.

Röviden: 43 plusz 38 az 81. Ennyi erről. Jó tudni: 14-szer 13 az 182. Tovább. Biztos: 300 10%-a 30. Folytatjuk. Tudtad? 96 osztva 6 az 16.

A következő pontra. Röviden: 300 25%-a 75. Ez is számít. Jó tudni: 72 mínusz 43 az 29.

Ez volt a lényeg."
597,Mindennapi számolás – 207. rész,"Alább ellenőrzött tudást találsz.

16-szer 10 az 160. Ez is számít. Jegyezd meg: 75 mínusz 9 az 66. Folytatjuk. Jó tudni: 7 mínusz 5 az 2. A következő pontra. Tény: 19-szer 10 az 190.

Ez is számít. Tudtad? 78 plusz 95 az 173. Még egy tény. Jó tudni: 10-szer 5 az 50. A következő pontra. Tény: 12-szer 17 az 204. Ennyi erről.

Tudtad? 8-szer 15 az 120. Ez is számít. Jó tudni: 6-szer 9 az 54. Még egy tény. Röviden: 89 mínusz 43 az 46. Ennyi erről. Tudtad? 59 plusz 10 az 69.

Ez is számít. Biztos: 60 mínusz 31 az 29. Még egy tény. Jegyezd meg: 71 plusz 71 az 142.

Most már ismered a tényeket."
598,Mindennapi számolás – 208. rész,"Alább ellenőrzött tudást találsz.

45 plusz 90 az 135. A következő pontra. Jegyezd meg: 18-szer 19 az 342. Ez is számít. Tudtad? 41 plusz 25 az 66. Még egy tény. Jegyezd meg: 36 plusz 73 az 109.

A következő pontra. Tény: 92 mínusz 46 az 46. Ennyi erről. Tény: 15-szer 10 az 150. Ez is számít. Tudtad? 81 mínusz 6 az 75. Folytatjuk.

Biztos: 100 50%-a 50. Ez is számít. Tudtad? 400 50%-a 200. Még egy tény. Tudtad? 2000 10%-a 200. Tovább. Jó tudni: 7-szer 5 az 35.

Ennyi erről. Tudtad? 14 mínusz 9 az 5. Tovább. Biztos: 65 mínusz 51 az 14.

Most már ismered a tényeket."
599,Mindennapi számolás – 209. rész,"Ez a szöveg fontos tényeket mutat be. Olvasd nyugodtan.

Tudtad? 9 plusz 63 az 72. A következő pontra. Röviden: 44 osztva 2 az 22. Tovább. Tudtad? 24 osztva 2 az 12. Folytatjuk. 37 mínusz 28 az 9.

Még egy tény. Tény: 95 plusz 78 az 173. Ez is számít. Jegyezd meg: 2-szer 10 az 20. Ez is számít. Biztos: 68 plusz 8 az 76. Tovább.

Biztos: 14-szer 12 az 168. Ez is számít. Tény: 89 plusz 8 az 97. Tovább. Biztos: 100 osztva 20 az 5. Ez is számít. Tény: 53 plusz 65 az 118.

Ez is számít. Röviden: 20-szer 15 az 300. Tovább. Jegyezd meg: 459 osztva 17 az 27.

Most már ismered a tényeket."
600,Mindennapi számolás – 210. rész,"Ez a szöveg lépésről lépésre magyaráz.

Tudtad? 6-szer 19 az 114. Még egy tény. 72 mínusz 34 az 38. A következő pontra. Jegyezd meg: 16:45-kor érkezik. Még egy tény. Tény: 143 osztva 11 az 13.

Még egy tény. Tény: 300 10%-a 30. Folytatjuk. 14-szer 15 az 210. Ez is számít. 72 mínusz 17 az 55. Tovább.

Jegyezd meg: 3 plusz 46 az 49. A következő pontra. Biztos: 400 10%-a 40. Tovább. Biztos: 3-szer 9 az 27. Tovább. 20-szer 11 az 220.

Ennyi erről. Röviden: 54 plusz 39 az 93. Ennyi erről. Röviden: 13-szer 16 az 208.

Vége ennek az áttekintésnek."
601,Mindennapi számolás – 211. rész,"Ez a szöveg fontos tényeket mutat be. Olvasd nyugodtan.

Biztos: 3-szer 16 az 48. Folytatjuk. Biztos: 49 plusz 6 az 55. Ennyi erről. Biztos: 94 plusz 14 az 108. Ez is számít. Tény: 14-szer 17 az 238.

Ez is számít. Röviden: 2000 20%-a 400. Még egy tény. 48 plusz 51 az 99. Még egy tény. Tudtad? 6-szer 2 az 12. A következő pontra.

Tény: 20 plusz 59 az 79. Ennyi erről. 17-szer 9 az 153. Ez is számít. Jegyezd meg: 55 mínusz 45 az 10. Folytatjuk. Jó tudni: 12-szer 3 az 36.

Folytatjuk. Tudtad? 59 plusz 10 az 69. A következő pontra. Tény: 81 mínusz 21 az 60.

Ez volt a lényeg."
602,Mindennapi számolás – 212. rész,"Alább ellenőrzött tudást találsz.

Röviden: 72 mínusz 26 az 46. Tovább. 81 plusz 12 az 93. Tovább. Tudtad? 87 osztva 3 az 29. Még egy tény. Jó tudni: 500 50%-a 250.

Még egy tény. 56 osztva 14 az 4. A következő pontra. 72 mínusz 43 az 29. A következő pontra. Jó tudni: 57 plusz 9 az 66. Még egy tény.

Biztos: 89 plusz 59 az 148. Ennyi erről. Tudtad? 11-szer 19 az 209. Még egy tény. Tény: 57 mínusz 42 az 15. Tovább. Tény: Mindenki 25 eurót kap.

Tovább. Tudtad? 4 osztva 2 az 2. A következő pontra. Jegyezd meg: 45 mínusz 42 az 3.

Vége ennek az áttekintésnek."
603,Mindennapi számolás – 213. rész,"Itt rendezett tudást tanulsz. Ne siess.

Tény: 300 20%-a 60. Tovább. Jegyezd meg: 48 osztva 8 az 6. A következő pontra. 21 plusz 47 az 68. Még egy tény. 37 plusz 48 az 85.

Tovább. Jegyezd meg: 20-szer 4 az 80. Ennyi erről. Tudtad? 8-szer 10 az 80. A következő pontra. Röviden: 23 plusz 81 az 104. Ennyi erről.

Tudtad? 72 mínusz 43 az 29. Ennyi erről. Biztos: 260 osztva 10 az 26. Folytatjuk. Tudtad? 36 plusz 95 az 131. Még egy tény. Jegyezd meg: 36 plusz 73 az 109.

A következő pontra. Biztos: 276 osztva 12 az 23. Ez is számít. Röviden: 11-szer 14 az 154.

A szöveg vége. Szép munka."
604,Mindennapi számolás – 214. rész,"Itt rendezett tudást tanulsz. Ne siess.

Röviden: 85 mínusz 14 az 71. Ez is számít. Röviden: 73 mínusz 14 az 59. A következő pontra. Biztos: 54 osztva 9 az 6. A következő pontra. 12-szer 3 az 36.

Ennyi erről. Biztos: Egy perc 60 másodperc. Ennyi erről. Tudtad? 6-szer 3 az 18. Ennyi erről. Jó tudni: 6-szer 19 az 114. Folytatjuk.

2 alma marad. A következő pontra. Jegyezd meg: 84 osztva 7 az 12. A következő pontra. Tény: 14 mínusz 11 az 3. Még egy tény. Tudtad? 86 plusz 36 az 122.

A következő pontra. Jó tudni: 180 osztva 18 az 10. Ez is számít. Jó tudni: 51 osztva 3 az 17.

Most már ismered a tényeket."
605,Mindennapi számolás – 215. rész,"Ez a szöveg lépésről lépésre magyaráz.

Tény: 9-szer 12 az 108. Még egy tény. Biztos: 8-szer 10 az 80. Folytatjuk. Tudtad? 143 osztva 13 az 11. A következő pontra. Tény: 400 50%-a 200.

A következő pontra. Röviden: 459 osztva 17 az 27. Még egy tény. Jó tudni: 69 osztva 3 az 23. Folytatjuk. Jegyezd meg: 10 mínusz 7 az 3. Folytatjuk.

35 mínusz 18 az 17. Folytatjuk. Jegyezd meg: 51 osztva 17 az 3. Ennyi erről. Jegyezd meg: 87 osztva 3 az 29. A következő pontra. Jó tudni: 9-szer 20 az 180.

A következő pontra. Jó tudni: 60 mínusz 31 az 29. A következő pontra. Röviden: 60 plusz 10 az 70.

Ez volt a lényeg."
606,Mindennapi számolás – 216. rész,"Itt rendezett tudást tanulsz. Ne siess.

Jó tudni: Egy perc 60 másodperc. Folytatjuk. Tény: 340 osztva 17 az 20. Ennyi erről. Jegyezd meg: 36 plusz 73 az 109. Tovább. Jegyezd meg: 48 osztva 4 az 12.

Még egy tény. 152 osztva 19 az 8. Folytatjuk. Tudtad? 53 plusz 65 az 118. Ez is számít. Jó tudni: 322 osztva 14 az 23. Ennyi erről.

Biztos: 12 osztva 3 az 4. A következő pontra. Tudtad? 10-szer 13 az 130. Ennyi erről. 12 mínusz 11 az 1. Tovább. Jegyezd meg: 96 osztva 6 az 16.

Ennyi erről. Tudtad? 81 plusz 12 az 93. Tovább. Jó tudni: 145 osztva 5 az 29.

Vége ennek az áttekintésnek."
607,Mindennapi számolás – 217. rész,"Itt rendezett tudást tanulsz. Ne siess.

Biztos: 17 mínusz 8 az 9. Ez is számít. Tény: 60 plusz 10 az 70. Folytatjuk. Jegyezd meg: 11-szer 17 az 187. Ez is számít. Jó tudni: 4 osztva 2 az 2.

Folytatjuk. Jó tudni: 57 plusz 9 az 66. Ennyi erről. Jegyezd meg: 36 plusz 22 az 58. Folytatjuk. Tény: 11-szer 14 az 154. Ennyi erről.

Tény: 78 mínusz 11 az 67. Ez is számít. Tény: 3-szer 2 az 6. A következő pontra. 10-szer 5 az 50. Még egy tény. Tudtad? 34 osztva 2 az 17.

Ennyi erről. 19 plusz 70 az 89. Folytatjuk. Jegyezd meg: 10-szer 11 az 110.

A szöveg vége. Szép munka."
608,Mindennapi számolás – 218. rész,"Ez a szöveg lépésről lépésre magyaráz.

Biztos: 27 mínusz 4 az 23. Ennyi erről. Jegyezd meg: 5-szer 9 az 45. Tovább. Biztos: 67 mínusz 28 az 39. Ennyi erről. Biztos: 55 mínusz 45 az 10.

Ennyi erről. Jegyezd meg: 100 20%-a 20. Folytatjuk. Röviden: 32 plusz 66 az 98. Még egy tény. Röviden: 45 mínusz 42 az 3. Tovább.

Tudtad? 2000 75%-a 1500. Ez is számít. Biztos: 15-szer 15 az 225. Ennyi erről. Biztos: 10-szer 13 az 130. A következő pontra. 69 osztva 3 az 23.

A következő pontra. Tudtad? 364 osztva 13 az 28. Még egy tény. Biztos: 464 osztva 16 az 29.

Most már ismered a tényeket."
609,Mindennapi számolás – 219. rész,"Ez a szöveg lépésről lépésre magyaráz.

Jó tudni: 7-szer 14 az 98. Ennyi erről. Jó tudni: 5-szer 4 az 20. Ennyi erről. Tudtad? 13-szer 3 az 39. Tovább. Tudtad? 192 osztva 8 az 24.

Ennyi erről. Jegyezd meg: 7-szer 7 az 49. Tovább. Jó tudni: 52 mínusz 27 az 25. A következő pontra. 48 osztva 4 az 12. Ennyi erről.

Biztos: 38 mínusz 23 az 15. Még egy tény. Tény: 54 plusz 71 az 125. Még egy tény. Röviden: 15-szer 15 az 225. Folytatjuk. Tény: 8 órát alszol.

A következő pontra. Jó tudni: 20-szer 7 az 140. Tovább. Tény: 143 osztva 13 az 11.

A szöveg vége. Szép munka."
610,Mindennapi számolás – 220. rész,"Alább ellenőrzött tudást találsz.

Biztos: 176 osztva 8 az 22. Még egy tény. Biztos: 435 osztva 15 az 29. Folytatjuk. Tudtad? 40 osztva 4 az 10. Még egy tény. Biztos: 11-szer 18 az 198.

Ez is számít. Jegyezd meg: 36 plusz 95 az 131. Ennyi erről. Jegyezd meg: 48 mínusz 29 az 19. Ennyi erről. Jegyezd meg: 38 mínusz 21 az 17. Ez is számít.

Tény: 300 10%-a 30. A következő pontra. Röviden: 9 mínusz 7 az 2. Ennyi erről. Tény: 48 osztva 8 az 6. Ez is számít. 59 plusz 50 az 109.

Még egy tény. Biztos: 66 plusz 5 az 71. Tovább. Röviden: 9-szer 4 az 36.

Vége ennek az áttekintésnek."
611,Mindennapi számolás – 221. rész,"Alább ellenőrzött tudást találsz.

94 plusz 14 az 108. A következő pontra. Jó tudni: 8 osztva 4 az 2. Ez is számít. 98 mínusz 76 az 22. Folytatjuk. Tudtad? 13-szer 20 az 260.

Még egy tény. Röviden: 2-szer 10 az 20. A következő pontra. Jegyezd meg: 54 osztva 18 az 3. Még egy tény. 67 plusz 35 az 102. Ez is számít.

Jegyezd meg: 19-szer 8 az 152. A következő pontra. 209 osztva 19 az 11. Folytatjuk. Tény: 10 mínusz 3 az 7. A következő pontra. Jegyezd meg: 73 plusz 72 az 145.

Ez is számít. Tudtad? 56 osztva 14 az 4. Folytatjuk. Jegyezd meg: 7 plusz 23 az 30.

A szöveg vége. Szép munka."
612,Mindennapi számolás – 222. rész,"Itt rendezett tudást tanulsz. Ne siess.

Jó tudni: 20-szer 4 az 80. Folytatjuk. Jó tudni: 62 mínusz 18 az 44. Folytatjuk. Jó tudni: 45 mínusz 10 az 35. Folytatjuk. Tény: 400 25%-a 100.

Még egy tény. Jegyezd meg: 62 mínusz 51 az 11. Ez is számít. Jegyezd meg: 83 mínusz 8 az 75. Még egy tény. Jó tudni: 78 mínusz 11 az 67. Ez is számít.

Jegyezd meg: 200 20%-a 40. Ennyi erről. Röviden: 68 mínusz 50 az 18. Ennyi erről. Röviden: 156 osztva 13 az 12. Ez is számít. 65 mínusz 57 az 8.

Ez is számít. Jegyezd meg: 23 mínusz 20 az 3. Folytatjuk. Röviden: 12 mínusz 11 az 1.

Most már ismered a tényeket."
613,Mindennapi számolás – 223. rész,"Alább ellenőrzött tudást találsz.

Tudtad? 3 plusz 49 az 52. Ennyi erről. Tudtad? 31 plusz 85 az 116. Még egy tény. Röviden: 52 mínusz 27 az 25. Folytatjuk. Jó tudni: 45 plusz 90 az 135.

Ez is számít. Tény: 260 osztva 20 az 13. Tovább. Jegyezd meg: 3 plusz 46 az 49. Folytatjuk. Tény: 18 mínusz 14 az 4. Folytatjuk.

Jó tudni: 260 osztva 20 az 13. A következő pontra. Biztos: 38 mínusz 23 az 15. A következő pontra. Tény: 81 osztva 3 az 27. Ez is számít. Biztos: 12-szer 14 az 168.

Még egy tény. Röviden: 84 plusz 82 az 166. Folytatjuk. Tény: 16-szer 5 az 80.

Most már ismered a tényeket."
614,Mindennapi számolás – 224. rész,"Alább ellenőrzött tudást találsz.

Jegyezd meg: 13-szer 11 az 143. Tovább. Röviden: 210 osztva 7 az 30. A következő pontra. Tudtad? 18-szer 12 az 216. Ez is számít. Röviden: 459 osztva 17 az 27.

Ennyi erről. Tudtad? 39 plusz 46 az 85. Ennyi erről. Jó tudni: 360 osztva 15 az 24. Ennyi erről. Jegyezd meg: 435 osztva 15 az 29. Ennyi erről.

Jegyezd meg: 21:45-kor ér véget. Ez is számít. Jegyezd meg: 39 plusz 46 az 85. Ennyi erről. Röviden: 8-szer 5 az 40. Ez is számít. 7-szer 20 az 140.

Ez is számít. Röviden: 7 plusz 23 az 30. Tovább. Tudtad? 27 plusz 51 az 78.

Most már ismered a tényeket."
615,Mindennapi számolás – 225. rész,"Itt rendezett tudást tanulsz. Ne siess.

Tudtad? 10 mínusz 3 az 7. Tovább. Röviden: 95 plusz 78 az 173. Folytatjuk. 125 osztva 5 az 25. Ennyi erről. 20 mínusz 11 az 9.

Ennyi erről. Tudtad? 16 osztva 4 az 4. Tovább. Tény: 85 mínusz 64 az 21. Ennyi erről. Jegyezd meg: 33 plusz 9 az 42. Még egy tény.

67 mínusz 28 az 39. Még egy tény. Röviden: 54 plusz 71 az 125. Tovább. 69 plusz 53 az 122. A következő pontra. Biztos: 9 mínusz 4 az 5.

Tovább. Biztos: 6-szer 2 az 12. Ez is számít. Jegyezd meg: 6-szer 9 az 54.

Ez volt a lényeg."
616,Mindennapi számolás – 226. rész,"Ez a szöveg fontos tényeket mutat be. Olvasd nyugodtan.

Jó tudni: 83 plusz 11 az 94. A következő pontra. Röviden: 39 plusz 46 az 85. Ez is számít. Röviden: 18-szer 12 az 216. Tovább. Biztos: 83 mínusz 8 az 75.

Ennyi erről. Tény: 68 plusz 63 az 131. Ez is számít. Tudtad? 2-szer 18 az 36. Tovább. Tény: 83 plusz 70 az 153. Tovább.

Tudtad? 82 plusz 18 az 100. Ennyi erről. Jó tudni: 69 plusz 35 az 104. Ez is számít. Tudtad? 25 mínusz 18 az 7. Ez is számít. Jó tudni: 145 osztva 5 az 29.

Folytatjuk. Röviden: 200 15%-a 30. Folytatjuk. Tény: 36 plusz 22 az 58.

Ez volt a lényeg."
617,Mindennapi számolás – 227. rész,"Itt rendezett tudást tanulsz. Ne siess.

Jegyezd meg: 100 5%-a 5. Még egy tény. Tudtad? Egy év 365 napos, szökőév 366. Még egy tény. Biztos: 15-szer 15 az 225. Még egy tény. Röviden: 220 osztva 10 az 22.

Tovább. Tudtad? 62 mínusz 18 az 44. Ez is számít. Tudtad? 17 mínusz 8 az 9. Még egy tény. Röviden: 276 osztva 12 az 23. Folytatjuk.

Röviden: 18-szer 19 az 342. Még egy tény. Biztos: 81 mínusz 6 az 75. Folytatjuk. Jó tudni: 42 plusz 95 az 137. Folytatjuk. 15-szer 15 az 225.

Ennyi erről. 3 plusz 49 az 52. Tovább. 510 osztva 17 az 30.

A szöveg vége. Szép munka."
618,Mindennapi számolás – 228. rész,"Ez a szöveg fontos tényeket mutat be. Olvasd nyugodtan.

Jegyezd meg: 4-szer 6 az 24. Még egy tény. 64 plusz 34 az 98. Ez is számít. Biztos: 300 10%-a 30. Ez is számít. Jegyezd meg: 90 osztva 6 az 15.

Ez is számít. 300 25%-a 75. Tovább. Jó tudni: 55 plusz 83 az 138. Tovább. 67 mínusz 28 az 39. A következő pontra.

62 mínusz 18 az 44. Ez is számít. Röviden: 48 mínusz 29 az 19. Ez is számít. 10-szer 16 az 160. Ennyi erről. Jegyezd meg: 48 osztva 8 az 6.

Folytatjuk. Biztos: 13-szer 3 az 39. Tovább. Mindenki 25 eurót kap.

Most már ismered a tényeket."
619,Mindennapi számolás – 229. rész,"Ez a szöveg fontos tényeket mutat be. Olvasd nyugodtan.

Jegyezd meg: 3 plusz 46 az 49. Ez is számít. Jegyezd meg: 72 plusz 2 az 74. Még egy tény. Tudtad? 8-szer 15 az 120. Ennyi erről. Tudtad? 78 plusz 95 az 173.

A következő pontra. Tény: 49 mínusz 37 az 12. Ennyi erről. Tudtad? 87 mínusz 72 az 15. Folytatjuk. Röviden: 85 mínusz 14 az 71. Ez is számít.

Tudtad? 500 75%-a 375. Tovább. Tény: 19-szer 2 az 38. Tovább. Biztos: 8 plusz 19 az 27. A következő pontra. Jegyezd meg: 76 osztva 4 az 19.

A következő pontra. 9 mínusz 4 az 5. Még egy tény. Tény: 82 plusz 18 az 100.

Ez volt a lényeg."
620,Mindennapi számolás – 230. rész,"Ez a szöveg fontos tényeket mutat be. Olvasd nyugodtan.

Jegyezd meg: 25 plusz 28 az 53. Ez is számít. Röviden: 20 mínusz 11 az 9. Ennyi erről. Röviden: 300 10%-a 30. Tovább. Röviden: 83 plusz 19 az 102.

Tovább. Biztos: 89 plusz 8 az 97. Még egy tény. Biztos: 54 osztva 9 az 6. Még egy tény. 192 osztva 8 az 24. Ez is számít.

Jegyezd meg: 35 mínusz 18 az 17. A következő pontra. Jegyezd meg: 2-szer 10 az 20. Folytatjuk. 4-szer 19 az 76. Folytatjuk. 7 plusz 23 az 30.

Ez is számít. Tény: 34 osztva 2 az 17. Ennyi erről. Tény: 156 osztva 13 az 12.

Most már ismered a tényeket."
621,Mindennapi számolás – 231. rész,"Alább ellenőrzött tudást találsz.

Tény: 26 plusz 52 az 78. Még egy tény. Jó tudni: 6-szer 8 az 48. Még egy tény. Tudtad? 62 mínusz 18 az 44. A következő pontra. Biztos: 2000 10%-a 200.

Ennyi erről. Jó tudni: 38 mínusz 23 az 15. Tovább. Jó tudni: 9-szer 12 az 108. Még egy tény. 27 plusz 51 az 78. Tovább.

Tudtad? 150 osztva 6 az 25. A következő pontra. Biztos: 95 plusz 87 az 182. Ennyi erről. Jegyezd meg: 60 plusz 10 az 70. Tovább. Tény: 25 mínusz 18 az 7.

Ez is számít. Biztos: 143 osztva 11 az 13. Tovább. Röviden: 6-szer 9 az 54.

A szöveg vége. Szép munka."
622,Mindennapi számolás – 232. rész,"Ez a szöveg fontos tényeket mutat be. Olvasd nyugodtan.

Tény: 41 plusz 25 az 66. Tovább. Röviden: 40 osztva 4 az 10. Még egy tény. Tény: 57 plusz 9 az 66. Tovább. Jó tudni: 83 mínusz 2 az 81.

Folytatjuk. Röviden: 7-szer 5 az 35. Még egy tény. Jegyezd meg: 19-szer 10 az 190. Folytatjuk. Jegyezd meg: 95 plusz 87 az 182. Folytatjuk.

Jó tudni: 10-szer 10 az 100. Ez is számít. Biztos: 55 plusz 83 az 138. A következő pontra. Jó tudni: 6-szer 8 az 48. Ennyi erről. 54 mínusz 12 az 42.

Tovább. Röviden: 17-szer 9 az 153. Még egy tény. Röviden: 94 plusz 14 az 108.

Most már ismered a tényeket."
623,Mindennapi számolás – 233. rész,"Ez a szöveg fontos tényeket mutat be. Olvasd nyugodtan.

Röviden: 500 10%-a 50. Tovább. Jó tudni: 67 plusz 35 az 102. A következő pontra. Tény: 50 plusz 73 az 123. Tovább. Röviden: 14-szer 3 az 42.

Tovább. Biztos: 7-szer 14 az 98. Folytatjuk. 89 mínusz 43 az 46. Ennyi erről. Röviden: 360 osztva 15 az 24. Ennyi erről.

Biztos: 58 plusz 78 az 136. Ennyi erről. Jegyezd meg: 500 75%-a 375. Ennyi erről. Röviden: 25-ször 4 az 100. Tovább. Tény: 61 mínusz 53 az 8.

Tovább. Biztos: 14-szer 17 az 238. Még egy tény. Jó tudni: 391 osztva 17 az 23.

A szöveg vége. Szép munka."
624,Mindennapi számolás – 234. rész,"Ez a szöveg lépésről lépésre magyaráz.

Biztos: 21 plusz 47 az 68. Tovább. Jó tudni: 3-szer 2 az 6. Folytatjuk. Biztos: 59 plusz 10 az 69. Folytatjuk. Röviden: 260 osztva 13 az 20.

Még egy tény. Jegyezd meg: 322 osztva 14 az 23. Ennyi erről. Jó tudni: 323 osztva 19 az 17. Folytatjuk. Jó tudni: 53 plusz 65 az 118. Ennyi erről.

Biztos: 2-szer 19 az 38. A következő pontra. Jó tudni: 14-szer 13 az 182. Ez is számít. Tény: 400 75%-a 300. Még egy tény. Jó tudni: 13-szer 4 az 52.

Ez is számít. Tudtad? 20 plusz 59 az 79. Tovább. Tudtad? 21 plusz 47 az 68.

Most már ismered a tényeket."
625,Mindennapi számolás – 235. rész,"Ez a szöveg fontos tényeket mutat be. Olvasd nyugodtan.

Tény: 23 mínusz 20 az 3. A következő pontra. Biztos: 90 plusz 23 az 113. A következő pontra. Biztos: 68 plusz 8 az 76. Ennyi erről. Biztos: 16 osztva 8 az 2.

A következő pontra. Röviden: 90 plusz 23 az 113. Ez is számít. Jegyezd meg: 300 20%-a 60. Tovább. Röviden: 11-szer 18 az 198. Ennyi erről.

Röviden: 14-szer 6 az 84. Ez is számít. Tény: 2-szer 19 az 38. A következő pontra. Biztos: 27 mínusz 26 az 1. Ennyi erről. Röviden: 78 plusz 95 az 173.

Még egy tény. Jegyezd meg: 100 osztva 20 az 5. Ez is számít. 416 osztva 16 az 26.

Vége ennek az áttekintésnek."
626,Mindennapi számolás – 236. rész,"Itt rendezett tudást tanulsz. Ne siess.

Biztos: 60 plusz 10 az 70. Tovább. Jegyezd meg: 54 osztva 9 az 6. Ez is számít. Biztos: 500 15%-a 75. Folytatjuk. Jegyezd meg: 20-szer 11 az 220.

Folytatjuk. Tény: 8-szer 5 az 40. Tovább. Röviden: 459 osztva 17 az 27. Még egy tény. Jó tudni: 67 mínusz 28 az 39. Tovább.

Jegyezd meg: 24 osztva 8 az 3. Ez is számít. Jegyezd meg: 5-szer 17 az 85. Még egy tény. Jegyezd meg: 7 mínusz 5 az 2. Ennyi erről. Jó tudni: 14-szer 5 az 70.

Ennyi erről. Röviden: 150 osztva 5 az 30. A következő pontra. Tény: 150 osztva 5 az 30.

Ez volt a lényeg."
627,Mindennapi számolás – 237. rész,"Itt rendezett tudást tanulsz. Ne siess.

Tudtad? 68 mínusz 50 az 18. Még egy tény. Tudtad? 2-szer 18 az 36. Tovább. Röviden: 13-szer 4 az 52. Tovább. Jó tudni: 16 osztva 8 az 2.

Tovább. Jegyezd meg: 50 plusz 73 az 123. Tovább. Tudtad? 2-szer 12 az 24. Ez is számít. Jó tudni: 70 mínusz 14 az 56. Ennyi erről.

Röviden: 20-szer 12 az 240. A következő pontra. Jó tudni: 69 plusz 35 az 104. Még egy tény. Tény: 40 mínusz 35 az 5. A következő pontra. Biztos: 9 mínusz 4 az 5.

Ez is számít. Jó tudni: 18 mínusz 14 az 4. Folytatjuk. Tény: 61 plusz 44 az 105.

A szöveg vége. Szép munka."
628,Mindennapi számolás – 238. rész,"Itt rendezett tudást tanulsz. Ne siess.

Jó tudni: 364 osztva 13 az 28. A következő pontra. Biztos: 54 osztva 9 az 6. Még egy tény. Röviden: 72 osztva 4 az 18. Folytatjuk. Tény: 364 osztva 14 az 26.

Folytatjuk. Jegyezd meg: 255 osztva 17 az 15. Ez is számít. Tudtad? 78 plusz 95 az 173. Folytatjuk. Biztos: 29 plusz 16 az 45. Tovább.

Röviden: 61 plusz 31 az 92. Ennyi erről. Jegyezd meg: 57 plusz 9 az 66. Ez is számít. Röviden: 14-szer 5 az 70. Folytatjuk. Jó tudni: 61 plusz 31 az 92.

Még egy tény. Biztos: 72 plusz 75 az 147. Tovább. Biztos: 17-szer 4 az 68.

Ez volt a lényeg."
629,Mindennapi számolás – 239. rész,"Alább ellenőrzött tudást találsz.

Biztos: 125 osztva 5 az 25. Ez is számít. Jegyezd meg: 2-szer 10 az 20. Tovább. Jó tudni: 11-szer 13 az 143. Tovább. Jegyezd meg: 9 mínusz 7 az 2.

Még egy tény. Jó tudni: 81 mínusz 6 az 75. Ez is számít. 72 mínusz 26 az 46. A következő pontra. Tudtad? 33 mínusz 17 az 16. Tovább.

Jegyezd meg: 12 plusz 37 az 49. Ennyi erről. Tény: 83 plusz 51 az 134. Még egy tény. Tény: 32 osztva 2 az 16. A következő pontra. Röviden: 364 osztva 14 az 26.

A következő pontra. Tudtad? 2000 75%-a 1500. Tovább. Jó tudni: 150 osztva 5 az 30.

Vége ennek az áttekintésnek."
630,Mindennapi számolás – 240. rész,"Itt rendezett tudást tanulsz. Ne siess.

Tudtad? 87 mínusz 72 az 15. Tovább. Biztos: 100 osztva 20 az 5. Tovább. Tény: 70 mínusz 14 az 56. Tovább. Tudtad? 17 plusz 19 az 36.

Ennyi erről. Biztos: 9 mínusz 4 az 5. Még egy tény. Biztos: 48 osztva 4 az 12. Ez is számít. Jó tudni: 21:45-kor ér véget. Még egy tény.

Tudtad? 364 osztva 13 az 28. A következő pontra. Jó tudni: 12-szer 3 az 36. Még egy tény. Jegyezd meg: 13-szer 3 az 39. Ez is számít. 260 osztva 13 az 20.

Még egy tény. 5-szer 18 az 90. Tovább. Jó tudni: 32 osztva 2 az 16.

A szöveg vége. Szép munka."
631,Mindennapi számolás – 241. rész,"Itt rendezett tudást tanulsz. Ne siess.

Tény: 98 mínusz 54 az 44. A következő pontra. Röviden: 12 plusz 37 az 49. Ennyi erről. Röviden: 17:05-kor kész. Ez is számít. Tudtad? 51 mínusz 25 az 26.

Folytatjuk. 49 mínusz 37 az 12. Ez is számít. Tudtad? 54 plusz 39 az 93. A következő pontra. Jó tudni: 100 5%-a 5. Folytatjuk.

Jó tudni: 5-szer 18 az 90. Ez is számít. Biztos: 14 mínusz 9 az 5. Ennyi erről. 360 osztva 15 az 24. Tovább. Röviden: 14 mínusz 9 az 5.

A következő pontra. 54 mínusz 52 az 2. Ennyi erről. Jó tudni: 25 mínusz 18 az 7.

A szöveg vége. Szép munka."
632,Mindennapi számolás – 242. rész,"Ez a szöveg lépésről lépésre magyaráz.

Röviden: 58 plusz 78 az 136. Még egy tény. Tudtad? 20 plusz 59 az 79. Még egy tény. Biztos: 52 mínusz 27 az 25. Ez is számít. Jó tudni: 62 mínusz 28 az 34.

Tovább. Biztos: 200 5%-a 10. Tovább. Röviden: 33 mínusz 17 az 16. Tovább. 8-szer 7 az 56. Folytatjuk.

Tudtad? 61 plusz 31 az 92. Ez is számít. Jegyezd meg: 10-szer 5 az 50. A következő pontra. Jó tudni: 77 mínusz 8 az 69. Ez is számít. Jegyezd meg: 91 mínusz 21 az 70.

Tovább. Tény: 10-szer 10 az 100. Még egy tény. Röviden: 100 osztva 20 az 5.

Ez volt a lényeg."
633,Mindennapi számolás – 243. rész,"Itt rendezett tudást tanulsz. Ne siess.

57 plusz 38 az 95. Folytatjuk. Jegyezd meg: 48 plusz 59 az 107. Ez is számít. Tudtad? 104 osztva 8 az 13. A következő pontra. Biztos: 27 mínusz 26 az 1.

A következő pontra. Jegyezd meg: 360 osztva 15 az 24. Ez is számít. Tudtad? 61 plusz 44 az 105. Még egy tény. 55 mínusz 45 az 10. A következő pontra.

Tudtad? 6-szer 3 az 18. A következő pontra. Tény: 56 mínusz 28 az 28. Folytatjuk. Biztos: 61 mínusz 53 az 8. A következő pontra. Tudtad? 11-szer 17 az 187.

Ez is számít. Jó tudni: 62 mínusz 28 az 34. Tovább. Tudtad? 391 osztva 17 az 23.

Most már ismered a tényeket."
634,Mindennapi számolás – 244. rész,"Itt rendezett tudást tanulsz. Ne siess.

Tény: 61 plusz 35 az 96. Ez is számít. Jegyezd meg: 143 osztva 11 az 13. Még egy tény. Biztos: 220 osztva 10 az 22. Folytatjuk. Jó tudni: 7-szer 14 az 98.

A következő pontra. Tudtad? 152 osztva 19 az 8. Folytatjuk. Jegyezd meg: 182 osztva 14 az 13. Még egy tény. Biztos: 81 plusz 12 az 93. A következő pontra.

8-szer 20 az 160. Folytatjuk. Jó tudni: 21 plusz 47 az 68. Ennyi erről. Jó tudni: 400 50%-a 200. Folytatjuk. Tudtad? 73 mínusz 14 az 59.

Ennyi erről. Biztos: 247 osztva 19 az 13. Még egy tény. Biztos: 364 osztva 14 az 26.

Most már ismered a tényeket."
635,Mindennapi számolás – 245. rész,"Alább ellenőrzött tudást találsz.

44 osztva 2 az 22. Ennyi erről. Röviden: 500 20%-a 100. A következő pontra. Tény: 20 mínusz 11 az 9. Ennyi erről. 17 mínusz 8 az 9.

Folytatjuk. 18-szer 16 az 288. Ez is számít. Jegyezd meg: 260 osztva 13 az 20. Ennyi erről. Biztos: 300 50%-a 150. Folytatjuk.

Jegyezd meg: 80 plusz 62 az 142. Ennyi erről. 38 mínusz 21 az 17. Ennyi erről. Tény: 7 mínusz 5 az 2. Tovább. Jó tudni: 176 osztva 8 az 22.

Még egy tény. Jegyezd meg: 400 10%-a 40. A következő pontra. Tudtad? 36 plusz 95 az 131.

Most már ismered a tényeket."
636,Mindennapi számolás – 246. rész,"Ez a szöveg lépésről lépésre magyaráz.

Biztos: 11-szer 14 az 154. Folytatjuk. Tény: 57 plusz 9 az 66. Még egy tény. 48 osztva 8 az 6. Ez is számít. Biztos: 30 plusz 46 az 76.

Ez is számít. Biztos: 14 mínusz 9 az 5. Még egy tény. 82 plusz 18 az 100. Ez is számít. Röviden: 247 osztva 19 az 13. Folytatjuk.

Tudtad? 80 osztva 20 az 4. Még egy tény. 7-szer 10 az 70. Ez is számít. 13-szer 3 az 39. Ez is számít. Tény: 32 osztva 2 az 16.

Még egy tény. Jegyezd meg: 81 osztva 3 az 27. Ez is számít. Tudtad? 81 mínusz 21 az 60.

A szöveg vége. Szép munka."
637,Mindennapi számolás – 247. rész,"Ez a szöveg lépésről lépésre magyaráz.

7-szer 7 az 49. Tovább. 71 plusz 71 az 142. Folytatjuk. Tudtad? 300 50%-a 150. Folytatjuk. Jó tudni: 20-szer 11 az 220.

Ennyi erről. Tény: 216 osztva 18 az 12. Tovább. 91 mínusz 21 az 70. Folytatjuk. Röviden: 364 osztva 13 az 28. Ez is számít.

Tény: 2 óra 120 perc. Ez is számít. Tény: 56 osztva 14 az 4. Még egy tény. Tudtad? 83 plusz 51 az 134. Folytatjuk. Biztos: 69 plusz 53 az 122.

Tovább. Jó tudni: 10-szer 10 az 100. Ennyi erről. Jegyezd meg: 5 óra 15 percig tart.

A szöveg vége. Szép munka."
638,Mindennapi számolás – 248. rész,"Itt rendezett tudást tanulsz. Ne siess.

Jó tudni: 19-szer 10 az 190. Még egy tény. 11-szer 17 az 187. Még egy tény. Biztos: 95 plusz 87 az 182. Folytatjuk. Jó tudni: 364 osztva 14 az 26.

Folytatjuk. Jó tudni: 77 mínusz 8 az 69. Folytatjuk. Biztos: 20-szer 7 az 140. Tovább. Tény: 11-szer 13 az 143. Tovább.

Röviden: 11-szer 18 az 198. Még egy tény. Röviden: 9 mínusz 4 az 5. A következő pontra. Jó tudni: 30 plusz 46 az 76. A következő pontra. Tény: 4-szer 19 az 76.

Tovább. Röviden: 2000 15%-a 300. Ez is számít. Biztos: 41 plusz 25 az 66.

Most már ismered a tényeket."
639,Mindennapi számolás – 249. rész,"Itt rendezett tudást tanulsz. Ne siess.

Biztos: 13-szer 18 az 234. Ez is számít. 17-szer 9 az 153. A következő pontra. Jegyezd meg: 59 plusz 10 az 69. Még egy tény. Tény: 26 plusz 52 az 78.

Ez is számít. Tény: 28 mínusz 2 az 26. Még egy tény. Biztos: 8-szer 5 az 40. Tovább. Biztos: 61 plusz 31 az 92. Tovább.

Jegyezd meg: 18-szer 19 az 342. Folytatjuk. Tudtad? 11-szer 17 az 187. Ez is számít. Röviden: 464 osztva 16 az 29. Folytatjuk. Tény: 11-szer 13 az 143.

Még egy tény. Tudtad? 11-szer 18 az 198. Ez is számít. 21 plusz 4 az 25.

Ez volt a lényeg."
640,Mindennapi számolás – 250. rész,"Itt rendezett tudást tanulsz. Ne siess.

Tudtad? 67 mínusz 28 az 39. Ez is számít. Tudtad? 25 mínusz 18 az 7. Folytatjuk. Jó tudni: 32 mínusz 11 az 21. A következő pontra. Tény: 16-szer 5 az 80.

Folytatjuk. Röviden: 19:30-kor végzel. Még egy tény. Tudtad? 12 plusz 37 az 49. A következő pontra. Jó tudni: 400 50%-a 200. Tovább.

61 plusz 4 az 65. Tovább. Röviden: 61 plusz 31 az 92. Ez is számít. Tudtad? 29 plusz 16 az 45. Ez is számít. Tudtad? 34 osztva 2 az 17.

Folytatjuk. Jó tudni: 3-szer 9 az 27. Tovább. Tudtad? 150 osztva 5 az 30.

Most már ismered a tényeket."
641,Mindennapi számolás – 251. rész,"Alább ellenőrzött tudást találsz.

Biztos: 152 osztva 19 az 8. Ennyi erről. 31 plusz 2 az 33. Még egy tény. Röviden: 2000 10%-a 200. Még egy tény. Tudtad? 10 mínusz 3 az 7.

Folytatjuk. Tudtad? 14-szer 12 az 168. Ez is számít. Jó tudni: 150 osztva 6 az 25. Még egy tény. Jó tudni: 14-szer 14 az 196. A következő pontra.

Tény: 143 osztva 13 az 11. Tovább. Jó tudni: 20-szer 4 az 80. Folytatjuk. Jegyezd meg: 176 osztva 8 az 22. Folytatjuk. Jó tudni: 150 osztva 5 az 30.

Folytatjuk. Jegyezd meg: 72 plusz 67 az 139. Ennyi erről. Jó tudni: 33 plusz 9 az 42.

Ez volt a lényeg."
642,Mindennapi számolás – 252. rész,"Ez a szöveg fontos tényeket mutat be. Olvasd nyugodtan.

Tudtad? 100 10%-a 10. Ez is számít. 38 mínusz 23 az 15. Még egy tény. Jegyezd meg: 11-szer 17 az 187. Még egy tény. Jegyezd meg: 6-szer 2 az 12.

Ennyi erről. Jegyezd meg: 83 plusz 70 az 153. Tovább. Biztos: 77 mínusz 8 az 69. Ez is számít. Jegyezd meg: 12-szer 3 az 36. A következő pontra.

Biztos: 100 75%-a 75. Ennyi erről. Jó tudni: 40 mínusz 35 az 5. Ez is számít. Tény: 100 25%-a 25. Ez is számít. Tény: 14-szer 6 az 84.

Folytatjuk. 300 20%-a 60. Tovább. 12-szer 14 az 168.

Ez volt a lényeg."
643,Mindennapi számolás – 253. rész,"Ez a szöveg lépésről lépésre magyaráz.

Jegyezd meg: 52 plusz 82 az 134. Ez is számít. Jegyezd meg: 58 osztva 2 az 29. Ez is számít. Tudtad? 25 osztva 5 az 5. Még egy tény. Jegyezd meg: 64 mínusz 47 az 17.

Folytatjuk. Tény: 57 plusz 9 az 66. Még egy tény. Jó tudni: 20-szer 12 az 240. Folytatjuk. Röviden: 25 plusz 28 az 53. Ez is számít.

21 plusz 61 az 82. Tovább. 51 mínusz 25 az 26. Tovább. Tudtad? 5-szer 18 az 90. Ennyi erről. 500 50%-a 250.

Folytatjuk. 5-szer 18 az 90. Tovább. Tény: 54 osztva 9 az 6.

Most már ismered a tényeket."
644,Mindennapi számolás – 254. rész,"Ez a szöveg lépésről lépésre magyaráz.

Biztos: 65 mínusz 57 az 8. A következő pontra. Tény: 400 25%-a 100. Még egy tény. Biztos: 15-szer 4 az 60. Még egy tény. Biztos: 8-szer 20 az 160.

Ez is számít. 80 osztva 20 az 4. A következő pontra. Tény: 20 plusz 6 az 26. Tovább. Jegyezd meg: 65 mínusz 51 az 14. A következő pontra.

Jegyezd meg: 62 mínusz 28 az 34. A következő pontra. Tudtad? 87 mínusz 72 az 15. A következő pontra. Tudtad? 17 mínusz 10 az 7. Tovább. Biztos: 10 mínusz 3 az 7.

Ennyi erről. 5-szer 18 az 90. Tovább. 11-szer 14 az 154.

Ez volt a lényeg."
645,Mindennapi számolás – 255. rész,"Ez a szöveg fontos tényeket mutat be. Olvasd nyugodtan.

88 plusz 84 az 172. Folytatjuk. Jó tudni: 12 mínusz 11 az 1. Még egy tény. Tudtad? 40 mínusz 35 az 5. Ennyi erről. Tény: 65 mínusz 57 az 8.

Ennyi erről. 39 plusz 46 az 85. Tovább. Tény: 6-szer 19 az 114. A következő pontra. Tény: A találkozó 12:30-kor. Még egy tény.

Röviden: 13-szer 11 az 143. Ennyi erről. Tudtad? 44 osztva 2 az 22. Ez is számít. Tudtad? 8-szer 10 az 80. Ez is számít. Jó tudni: 19:30-kor végzel.

Tovább. Tudtad? 12-szer 15 az 180. Ennyi erről. Tudtad? 12-szer 14 az 168.

A szöveg vége. Szép munka."
646,Mindennapi számolás – 256. rész,"Itt rendezett tudást tanulsz. Ne siess.

Jó tudni: 81 plusz 12 az 93. A következő pontra. Biztos: 15-szer 10 az 150. A következő pontra. Tény: 80 osztva 20 az 4. Ennyi erről. Jegyezd meg: 19-szer 8 az 152.

Ez is számít. Tudtad? 77 mínusz 8 az 69. Még egy tény. Röviden: 5-szer 4 az 20. A következő pontra. Tudtad? 143 osztva 11 az 13. Ez is számít.

9-szer 12 az 108. Ez is számít. Jegyezd meg: 2000 75%-a 1500. Még egy tény. Biztos: 72 plusz 2 az 74. Ez is számít. Tény: 25 osztva 5 az 5.

Ez is számít. Tudtad? 51 osztva 3 az 17. Folytatjuk. Tény: 61 plusz 31 az 92.

Ez volt a lényeg."
647,Mindennapi számolás – 257. rész,"Itt rendezett tudást tanulsz. Ne siess.

Jó tudni: 45 mínusz 10 az 35. Még egy tény. Tény: 48 osztva 8 az 6. Folytatjuk. Biztos: 83 plusz 70 az 153. Folytatjuk. 78 plusz 97 az 175.

Ez is számít. Jegyezd meg: 64 plusz 34 az 98. Tovább. Biztos: 300 50%-a 150. Tovább. Jegyezd meg: 1000 20%-a 200. Tovább.

Jegyezd meg: 62 mínusz 18 az 44. A következő pontra. Tudtad? 21 plusz 47 az 68. A következő pontra. 24 plusz 22 az 46. Folytatjuk. 100 25%-a 25.

Tovább. Jegyezd meg: 48 osztva 4 az 12. Tovább. Jó tudni: 30 plusz 46 az 76.

Most már ismered a tényeket."
648,Mindennapi számolás – 258. rész,"Ez a szöveg fontos tényeket mutat be. Olvasd nyugodtan.

Jegyezd meg: 70 mínusz 14 az 56. A következő pontra. Röviden: 416 osztva 16 az 26. Ennyi erről. Jegyezd meg: 72 mínusz 26 az 46. Ennyi erről. Röviden: 58 osztva 2 az 29.

Tovább. Jegyezd meg: 37 mínusz 28 az 9. Folytatjuk. Jó tudni: 55 mínusz 45 az 10. Ennyi erről. Jegyezd meg: 19-szer 18 az 342. Ennyi erről.

Jó tudni: 6-szer 3 az 18. Folytatjuk. Tény: 40 osztva 4 az 10. Tovább. Röviden: 23 mínusz 20 az 3. Tovább. Jó tudni: 16 osztva 4 az 4.

Tovább. Biztos: 60 mínusz 31 az 29. Tovább. Tény: 95 plusz 78 az 173.

A szöveg vége. Szép munka."
649,Mindennapi számolás – 259. rész,"Ez a szöveg lépésről lépésre magyaráz.

Biztos: 12 mínusz 11 az 1. A következő pontra. Röviden: 54 plusz 71 az 125. Tovább. Jó tudni: 7-szer 6 az 42. Ez is számít. Biztos: 72 mínusz 34 az 38.

A következő pontra. 98 mínusz 76 az 22. Még egy tény. Tudtad? 300 10%-a 30. Ennyi erről. Jó tudni: 37 mínusz 28 az 9. Tovább.

Biztos: 54 osztva 9 az 6. Tovább. Biztos: 27 mínusz 4 az 23. Ennyi erről. Biztos: 45 mínusz 42 az 3. Folytatjuk. Tény: 51 mínusz 25 az 26.

Ez is számít. Jó tudni: 2000 10%-a 200. Ez is számít. Röviden: 89 mínusz 43 az 46.

Ez volt a lényeg."
650,Mindennapi számolás – 260. rész,"Alább ellenőrzött tudást találsz.

Biztos: 2000 5%-a 100. Ez is számít. 11-szer 18 az 198. Ez is számít. Biztos: 12-szer 5 az 60. Még egy tény. Tény: 28 mínusz 2 az 26.

Ez is számít. Jó tudni: 49 mínusz 37 az 12. Folytatjuk. Tény: 87 osztva 3 az 29. Tovább. Röviden: 400 50%-a 200. A következő pontra.

Röviden: 67 mínusz 28 az 39. Tovább. Röviden: 64 plusz 45 az 109. A következő pontra. Röviden: 38 mínusz 21 az 17. A következő pontra. 25 mínusz 18 az 7.

Tovább. Röviden: 40 mínusz 35 az 5. Tovább. Röviden: 12-szer 3 az 36.

Vége ennek az áttekintésnek."
651,Mindennapi számolás – 261. rész,"Ez a szöveg fontos tényeket mutat be. Olvasd nyugodtan.

Jegyezd meg: 62 mínusz 28 az 34. Ez is számít. Jó tudni: 25 mínusz 18 az 7. Ennyi erről. Biztos: 6-szer 2 az 12. A következő pontra. Biztos: 58 mínusz 32 az 26.

Még egy tény. Biztos: 12 mínusz 9 az 3. Folytatjuk. Tudtad? 4-szer 19 az 76. Tovább. 7-szer 7 az 49. Még egy tény.

Röviden: 64 plusz 45 az 109. Folytatjuk. Tudtad? 14-szer 5 az 70. Tovább. Jegyezd meg: 500 5%-a 25. Ez is számít. Tudtad? 2000 15%-a 300.

Folytatjuk. Biztos: 21 plusz 61 az 82. Még egy tény. Röviden: 14 mínusz 11 az 3.

Vége ennek az áttekintésnek."
652,Mindennapi számolás – 262. rész,"Ez a szöveg fontos tényeket mutat be. Olvasd nyugodtan.

Jegyezd meg: 12 osztva 3 az 4. Folytatjuk. 104 osztva 8 az 13. Még egy tény. Röviden: 59 plusz 10 az 69. Folytatjuk. Tény: 143 osztva 11 az 13.

A következő pontra. Jegyezd meg: 400 50%-a 200. A következő pontra. 88 mínusz 4 az 84. Még egy tény. Tudtad? 72 mínusz 34 az 38. Tovább.

Jegyezd meg: 19-szer 18 az 342. Folytatjuk. Tudtad? 18 mínusz 14 az 4. A következő pontra. 60 mínusz 31 az 29. Ennyi erről. Tény: 81 mínusz 21 az 60.

Ennyi erről. Tudtad? 100 50%-a 50. Ennyi erről. Jegyezd meg: 400 75%-a 300.

Ez volt a lényeg."
653,Mindennapi számolás – 263. rész,"Alább ellenőrzött tudást találsz.

Tény: 10 mínusz 7 az 3. Tovább. Jó tudni: 53 plusz 65 az 118. Ez is számít. Tudtad? 83 mínusz 2 az 81. Ennyi erről. Jegyezd meg: 8-szer 10 az 80.

Ez is számít. Röviden: 21 plusz 4 az 25. Folytatjuk. Jó tudni: 1000 20%-a 200. Ez is számít. Tudtad? 29 mínusz 21 az 8. Még egy tény.

Röviden: 17 plusz 82 az 99. Tovább. Röviden: 12 mínusz 9 az 3. Még egy tény. Biztos: 54 osztva 9 az 6. Tovább. 19-szer 2 az 38.

Folytatjuk. Röviden: 20 mínusz 11 az 9. Tovább. Röviden: 55 mínusz 45 az 10.

Most már ismered a tényeket."
654,Mindennapi számolás – 264. rész,"Itt rendezett tudást tanulsz. Ne siess.

72 osztva 12 az 6. Tovább. Röviden: 29 mínusz 21 az 8. Ennyi erről. Tény: 46 mínusz 13 az 33. Ez is számít. Biztos: 77 mínusz 8 az 69.

Ennyi erről. Biztos: 8-szer 7 az 56. Tovább. Tény: 5 óra 15 percig tart. Ez is számít. Biztos: 84 plusz 68 az 152. Folytatjuk.

100 75%-a 75. Ez is számít. Röviden: 9-szer 5 az 45. Tovább. 10-szer 7 az 70. Tovább. Tudtad? 20-szer 4 az 80.

Tovább. Tény: 80 osztva 10 az 8. Ez is számít. Jó tudni: 81 mínusz 21 az 60.

Most már ismered a tényeket."
655,Mindennapi számolás – 265. rész,"Alább ellenőrzött tudást találsz.

Jegyezd meg: 84 osztva 7 az 12. Tovább. Röviden: 97 plusz 8 az 105. Még egy tény. Tény: 500 5%-a 25. A következő pontra. Biztos: 25-ször 4 az 100.

Ez is számít. Jó tudni: 25 osztva 5 az 5. Ez is számít. Jegyezd meg: 71 plusz 71 az 142. Folytatjuk. Tény: 26 plusz 52 az 78. A következő pontra.

Röviden: 61 plusz 31 az 92. Ennyi erről. Tudtad? 57 mínusz 42 az 15. Tovább. Jó tudni: 14-szer 13 az 182. Tovább. Biztos: 400 50%-a 200.

Még egy tény. Röviden: 66 osztva 11 az 6. A következő pontra. Tudtad? 80 plusz 62 az 142.

Most már ismered a tényeket."
656,Mindennapi számolás – 266. rész,"Ez a szöveg lépésről lépésre magyaráz.

Röviden: 81 plusz 20 az 101. Folytatjuk. Jó tudni: 1000 10%-a 100. Ennyi erről. Tény: 29 plusz 16 az 45. Még egy tény. Tudtad? 65 mínusz 51 az 14.

Folytatjuk. Tudtad? 6-szer 19 az 114. Ez is számít. Biztos: 19 plusz 70 az 89. A következő pontra. Tudtad? 8-szer 15 az 120. Még egy tény.

Jegyezd meg: 6-szer 8 az 48. Folytatjuk. Tudtad? 49 mínusz 37 az 12. Folytatjuk. Jegyezd meg: 68 mínusz 50 az 18. Tovább. Biztos: 8 plusz 19 az 27.

Ennyi erről. Jó tudni: 3 plusz 46 az 49. Folytatjuk. Röviden: 11-szer 19 az 209.

A szöveg vége. Szép munka."
657,Mindennapi számolás – 267. rész,"Ez a szöveg fontos tényeket mutat be. Olvasd nyugodtan.

Tény: 1000 20%-a 200. Ez is számít. 20 mínusz 11 az 9. Ennyi erről. Tény: 20-szer 7 az 140. Ennyi erről. Röviden: 10-szer 5 az 50.

A következő pontra. 6 plusz 95 az 101. Még egy tény. 12-szer 4 az 48. Tovább. Jó tudni: 2-szer 12 az 24. Még egy tény.

Biztos: 21 plusz 4 az 25. Tovább. Jó tudni: 247 osztva 19 az 13. Még egy tény. Biztos: 3-szer 2 az 6. Ez is számít. Tény: 17-szer 3 az 51.

Ez is számít. Röviden: 27 mínusz 26 az 1. Tovább. 10-szer 11 az 110.

Vége ennek az áttekintésnek."
658,Mindennapi számolás – 268. rész,"Ez a szöveg fontos tényeket mutat be. Olvasd nyugodtan.

Tudtad? 78 plusz 96 az 174. Ennyi erről. Jegyezd meg: 78 mínusz 11 az 67. Tovább. Biztos: 61 plusz 31 az 92. A következő pontra. Tudtad? 54 mínusz 52 az 2.

Ennyi erről. Tény: 5-szer 4 az 20. A következő pontra. Tény: 12-szer 4 az 48. Ennyi erről. Tudtad? A találkozó 12:30-kor. Ennyi erről.

Röviden: 56 osztva 14 az 4. A következő pontra. Tudtad? 276 osztva 12 az 23. Még egy tény. 2000 50%-a 1000. Még egy tény. Tény: 45 plusz 90 az 135.

Ez is számít. Jegyezd meg: 9 mínusz 4 az 5. Ennyi erről. Jó tudni: 11-szer 18 az 198.

Vége ennek az áttekintésnek."
659,Mindennapi számolás – 269. rész,"Alább ellenőrzött tudást találsz.

Röviden: 1000 5%-a 50. Ez is számít. Jó tudni: 400 75%-a 300. Még egy tény. Tudtad? 400 25%-a 100. Még egy tény. Biztos: 61 plusz 35 az 96.

Még egy tény. Jó tudni: 364 osztva 14 az 26. A következő pontra. Jó tudni: 9 mínusz 7 az 2. Tovább. Tény: 83 mínusz 2 az 81. Tovább.

Röviden: 54 mínusz 12 az 42. Ennyi erről. Jegyezd meg: 8-szer 15 az 120. Tovább. Tudtad? 66 plusz 5 az 71. Még egy tény. Biztos: 10 mínusz 7 az 3.

A következő pontra. Jegyezd meg: 71 plusz 71 az 142. Még egy tény. Tény: 500 10%-a 50.

A szöveg vége. Szép munka."
660,Mindennapi számolás – 270. rész,"Ez a szöveg fontos tényeket mutat be. Olvasd nyugodtan.

Biztos: 400 25%-a 100. Folytatjuk. Jó tudni: 18-szer 19 az 342. A következő pontra. Biztos: 14-szer 18 az 252. Még egy tény. Jegyezd meg: 42 mínusz 11 az 31.

Ennyi erről. Röviden: 44 plusz 61 az 105. Ennyi erről. Röviden: 61 plusz 92 az 153. Tovább. Jó tudni: 56 osztva 14 az 4. Folytatjuk.

Tudtad? 66 osztva 11 az 6. Tovább. 72 plusz 75 az 147. Ennyi erről. 57 plusz 9 az 66. Még egy tény. 12-szer 17 az 204.

A következő pontra. Biztos: 500 10%-a 50. Tovább. Jegyezd meg: 58 osztva 2 az 29.

Ez volt a lényeg."
661,Mindennapi számolás – 271. rész,"Alább ellenőrzött tudást találsz.

Tény: 19-szer 10 az 190. Folytatjuk. Röviden: 10-szer 13 az 130. Tovább. Röviden: 12-szer 4 az 48. Ez is számít. Tény: 10-szer 13 az 130.

Folytatjuk. Röviden: 5 óra 15 percig tart. Még egy tény. Jó tudni: 86 plusz 36 az 122. Még egy tény. Jó tudni: 6 plusz 95 az 101. Ennyi erről.

Tudtad? 13-szer 20 az 260. Még egy tény. Tény: 11-szer 14 az 154. Még egy tény. Röviden: 364 osztva 14 az 26. Ez is számít. Tény: 8-szer 10 az 80.

Tovább. Tény: 78 plusz 95 az 173. Ennyi erről. Röviden: 416 osztva 16 az 26.

A szöveg vége. Szép munka."
662,Mindennapi számolás – 272. rész,"Ez a szöveg fontos tényeket mutat be. Olvasd nyugodtan.

Tudtad? 8-szer 20 az 160. A következő pontra. Biztos: 41 plusz 25 az 66. Ez is számít. Jó tudni: 300 25%-a 75. Ez is számít. Jegyezd meg: 57 plusz 38 az 95.

Még egy tény. Röviden: 4-szer 6 az 24. A következő pontra. Jó tudni: 68 plusz 8 az 76. Tovább. 13-szer 3 az 39. Ennyi erről.

Tudtad? 42 plusz 95 az 137. Még egy tény. Tény: 54 mínusz 12 az 42. Folytatjuk. Röviden: Egy év 365 napos, szökőév 366. Folytatjuk. Röviden: 38 mínusz 23 az 15.

Ez is számít. Röviden: 11-szer 14 az 154. Ennyi erről. Jó tudni: 64 plusz 34 az 98.

Vége ennek az áttekintésnek."
663,Mindennapi számolás – 273. rész,"Ez a szöveg lépésről lépésre magyaráz.

Tény: 83 mínusz 8 az 75. A következő pontra. Jegyezd meg: 49 mínusz 16 az 33. A következő pontra. Jó tudni: 83 mínusz 2 az 81. Tovább. Jó tudni: 60 mínusz 31 az 29.

A következő pontra. Biztos: 100 osztva 20 az 5. Tovább. Tudtad? 3 plusz 46 az 49. Tovább. Tudtad? 500 75%-a 375. A következő pontra.

Jegyezd meg: 75 mínusz 24 az 51. Ennyi erről. 500 10%-a 50. A következő pontra. Jó tudni: 7-szer 15 az 105. Ennyi erről. Tudtad? 57 plusz 9 az 66.

Folytatjuk. Jegyezd meg: 200 12%-a 24. Még egy tény. Röviden: 9-szer 20 az 180.

Vége ennek az áttekintésnek."
664,Mindennapi számolás – 274. rész,"Itt rendezett tudást tanulsz. Ne siess.

Tudtad? 13-szer 11 az 143. Ez is számít. Tudtad? 180 osztva 18 az 10. Ez is számít. Tény: 28 plusz 30 az 58. Még egy tény. Tény: 200 15%-a 30.

Ez is számít. Biztos: 18-szer 12 az 216. Ez is számít. Röviden: 10-szer 8 az 80. Még egy tény. Biztos: 36 plusz 22 az 58. Folytatjuk.

Röviden: 67 mínusz 28 az 39. Tovább. Jegyezd meg: 12-szer 5 az 60. Ez is számít. Biztos: 400 10%-a 40. Még egy tény. Biztos: 57 plusz 38 az 95.

Tovább. 56 osztva 14 az 4. Még egy tény. 89 plusz 59 az 148.

Ez volt a lényeg."
665,Mindennapi számolás – 275. rész,"Itt rendezett tudást tanulsz. Ne siess.

Tény: 416 osztva 16 az 26. A következő pontra. Tudtad? 8-szer 7 az 56. Ez is számít. Jegyezd meg: 5 plusz 26 az 31. Folytatjuk. Tény: 67 plusz 35 az 102.

Folytatjuk. Tudtad? 100 15%-a 15. Még egy tény. Tudtad? 100 5%-a 5. Ennyi erről. Tudtad? 12 osztva 3 az 4. Ez is számít.

Tény: 400 75%-a 300. Még egy tény. Tudtad? 42 plusz 95 az 137. Ez is számít. Biztos: 143 osztva 13 az 11. A következő pontra. Jegyezd meg: 6-szer 2 az 12.

Ez is számít. Jó tudni: 2-szer 12 az 24. A következő pontra. Röviden: 12-szer 14 az 168.

Most már ismered a tényeket."
666,Mindennapi számolás – 276. rész,"Itt rendezett tudást tanulsz. Ne siess.

Jegyezd meg: 247 osztva 19 az 13. Még egy tény. Jó tudni: 36 plusz 95 az 131. Ez is számít. Tudtad? 288 osztva 12 az 24. Ennyi erről. Tudtad? 8 osztva 4 az 2.

Még egy tény. Röviden: 143 osztva 11 az 13. Még egy tény. Röviden: 80 osztva 10 az 8. Folytatjuk. Jó tudni: 7-szer 18 az 126. Még egy tény.

Tudtad? 25-ször 4 az 100. Ennyi erről. Jegyezd meg: 9-szer 20 az 180. A következő pontra. Biztos: 97 plusz 8 az 105. Ez is számít. Tény: 81 plusz 20 az 101.

Folytatjuk. Jó tudni: 3-szer 16 az 48. Tovább. Jó tudni: 64 plusz 34 az 98.

A szöveg vége. Szép munka."
667,Mindennapi számolás – 277. rész,"Ez a szöveg lépésről lépésre magyaráz.

3-szer 16 az 48. A következő pontra. Jegyezd meg: 150 osztva 5 az 30. Ennyi erről. Jó tudni: 68 plusz 8 az 76. Még egy tény. Tény: 48 mínusz 29 az 19.

Folytatjuk. Jó tudni: 14 mínusz 11 az 3. Ez is számít. Tény: 69 plusz 53 az 122. Ez is számít. 15-szer 15 az 225. Még egy tény.

Jegyezd meg: 13-szer 4 az 52. Folytatjuk. Röviden: 143 osztva 11 az 13. A következő pontra. Tudtad? 1000 50%-a 500. Folytatjuk. Tudtad? 75 mínusz 9 az 66.

A következő pontra. Röviden: 89 plusz 8 az 97. Tovább. Röviden: 14 mínusz 11 az 3.

A szöveg vége. Szép munka."
668,Mindennapi számolás – 278. rész,"Alább ellenőrzött tudást találsz.

Biztos: 13-szer 11 az 143. Tovább. Biztos: 83 plusz 70 az 153. Tovább. Jó tudni: A találkozó 12:30-kor. Tovább. Jó tudni: 49 mínusz 16 az 33.

Tovább. Jegyezd meg: 83 mínusz 8 az 75. Ez is számít. Röviden: 14 mínusz 11 az 3. Folytatjuk. Röviden: 84 osztva 7 az 12. Tovább.

Röviden: 200 20%-a 40. A következő pontra. Tény: 90 plusz 23 az 113. Ez is számít. 82 plusz 18 az 100. Még egy tény. Tudtad? 150 osztva 6 az 25.

Ez is számít. Röviden: 400 50%-a 200. Ez is számít. Jó tudni: 16 mínusz 11 az 5.

Vége ennek az áttekintésnek."
669,Mindennapi számolás – 279. rész,"Alább ellenőrzött tudást találsz.

Tény: 10-szer 13 az 130. Folytatjuk. Jegyezd meg: 27 plusz 51 az 78. A következő pontra. Biztos: 7-szer 20 az 140. Még egy tény. Tudtad? 61 plusz 92 az 153.

Folytatjuk. Tény: 83 plusz 51 az 134. Ez is számít. Biztos: 6-szer 3 az 18. A következő pontra. Tény: 81 mínusz 6 az 75. A következő pontra.

Jó tudni: 11-szer 17 az 187. Folytatjuk. Tudtad? 12 osztva 3 az 4. Folytatjuk. Tény: 17 mínusz 8 az 9. Folytatjuk. Biztos: 14-szer 15 az 210.

Ennyi erről. Jó tudni: 20-szer 5 az 100. Ennyi erről. Jó tudni: 36 plusz 95 az 131.

Most már ismered a tényeket."
670,Mindennapi számolás – 280. rész,"Alább ellenőrzött tudást találsz.

Jó tudni: 12-szer 17 az 204. Ennyi erről. 19-szer 2 az 38. Ennyi erről. Tény: 80 plusz 62 az 142. Ennyi erről. Jó tudni: 12 plusz 37 az 49.

Még egy tény. Jegyezd meg: 90 plusz 23 az 113. A következő pontra. Jegyezd meg: 196 osztva 7 az 28. Ennyi erről. 71 plusz 71 az 142. Ez is számít.

Jó tudni: 72 plusz 67 az 139. Folytatjuk. Röviden: 9 plusz 63 az 72. Ennyi erről. Jegyezd meg: 9 mínusz 7 az 2. Még egy tény. Tudtad? 500 25%-a 125.

Folytatjuk. 260 osztva 13 az 20. Folytatjuk. Jegyezd meg: 81 plusz 20 az 101.

A szöveg vége. Szép munka."
671,Mindennapi számolás – 281. rész,"Ez a szöveg fontos tényeket mutat be. Olvasd nyugodtan.

Jegyezd meg: 23 mínusz 20 az 3. Ennyi erről. Biztos: 40 plusz 43 az 83. Ez is számít. Jegyezd meg: 81 osztva 3 az 27. Folytatjuk. Röviden: 67 plusz 35 az 102.

Folytatjuk. Jegyezd meg: 54 osztva 9 az 6. Még egy tény. Tudtad? 17 plusz 82 az 99. Folytatjuk. Tudtad? 14-szer 5 az 70. Ennyi erről.

Jó tudni: 19-szer 2 az 38. Folytatjuk. Tudtad? 2000 75%-a 1500. Még egy tény. 300 50%-a 150. A következő pontra. Röviden: 8-szer 10 az 80.

Tovább. Biztos: 2-szer 10 az 20. Ennyi erről. 81 plusz 20 az 101.

Most már ismered a tényeket."
672,Mindennapi számolás – 282. rész,"Ez a szöveg fontos tényeket mutat be. Olvasd nyugodtan.

Jó tudni: 12-szer 14 az 168. Folytatjuk. Tudtad? 50 plusz 73 az 123. A következő pontra. Tény: 99 plusz 42 az 141. A következő pontra. Tény: 66 osztva 11 az 6.

Ennyi erről. Tény: 25 mínusz 18 az 7. Ennyi erről. Tény: 100 osztva 20 az 5. Még egy tény. Jó tudni: 200 5%-a 10. A következő pontra.

1000 20%-a 200. Még egy tény. Biztos: 40 osztva 4 az 10. Még egy tény. Tény: 86 plusz 36 az 122. Még egy tény. Tudtad? 400 50%-a 200.

A következő pontra. 2000 20%-a 400. Tovább. Tény: 24 plusz 22 az 46.

Ez volt a lényeg."
673,Mindennapi számolás – 283. rész,"Itt rendezett tudást tanulsz. Ne siess.

54 plusz 71 az 125. A következő pontra. Tudtad? 17 mínusz 8 az 9. Folytatjuk. 92 mínusz 46 az 46. Még egy tény. Tudtad? 20-szer 15 az 300.

Folytatjuk. Tény: 60 mínusz 31 az 29. Folytatjuk. Jó tudni: 11-szer 14 az 154. Még egy tény. Tény: 52 mínusz 27 az 25. A következő pontra.

Tudtad? 36 plusz 95 az 131. A következő pontra. Biztos: 8 órát alszol. Folytatjuk. Tény: 12-szer 14 az 168. Folytatjuk. 60 plusz 10 az 70.

Még egy tény. Röviden: 25 mínusz 18 az 7. A következő pontra. Jegyezd meg: 20-szer 12 az 240.

Vége ennek az áttekintésnek."
674,Mindennapi számolás – 284. rész,"Itt rendezett tudást tanulsz. Ne siess.

Tudtad? 150 osztva 5 az 30. Folytatjuk. Jó tudni: 9 mínusz 7 az 2. Ennyi erről. Jegyezd meg: 45 mínusz 42 az 3. Ennyi erről. Jegyezd meg: 57 mínusz 42 az 15.

A következő pontra. Röviden: 17-szer 4 az 68. Tovább. Tény: 48 osztva 8 az 6. Folytatjuk. Biztos: 276 osztva 12 az 23. Ennyi erről.

Tudtad? 12-szer 14 az 168. Ennyi erről. Tudtad? 81 plusz 12 az 93. Ennyi erről. Jegyezd meg: 17 mínusz 8 az 9. Ez is számít. Tudtad? 3-szer 16 az 48.

A következő pontra. Röviden: 36 plusz 95 az 131. Folytatjuk. Jó tudni: 17-szer 4 az 68.

Vége ennek az áttekintésnek."
675,Mindennapi számolás – 285. rész,"Ez a szöveg fontos tényeket mutat be. Olvasd nyugodtan.

Jegyezd meg: 86 plusz 36 az 122. A következő pontra. Jegyezd meg: 513 osztva 19 az 27. Még egy tény. 48 mínusz 29 az 19. Ennyi erről. 98 mínusz 76 az 22.

Ez is számít. Tudtad? 9-szer 5 az 45. A következő pontra. Röviden: 40 osztva 4 az 10. Ennyi erről. Jó tudni: 48 osztva 4 az 12. A következő pontra.

Tény: 81 plusz 12 az 93. Ennyi erről. Jó tudni: 5-szer 15 az 75. Ez is számít. 19-szer 2 az 38. Tovább. Jegyezd meg: 7-szer 20 az 140.

Folytatjuk. Biztos: 12 plusz 37 az 49. Ez is számít. Jegyezd meg: 14-szer 14 az 196.

Ez volt a lényeg."
676,Mindennapi számolás – 286. rész,"Itt rendezett tudást tanulsz. Ne siess.

51 mínusz 25 az 26. Ez is számít. Jegyezd meg: 8 plusz 19 az 27. Még egy tény. Jó tudni: 87 osztva 3 az 29. Ez is számít. Tudtad? 500 25%-a 125.

Ez is számít. Röviden: 10 mínusz 3 az 7. Ez is számít. 500 10%-a 50. Ennyi erről. 48 plusz 51 az 99. Még egy tény.

Tudtad? 19-szer 8 az 152. Ez is számít. Jegyezd meg: 220 osztva 10 az 22. Ez is számít. Biztos: 100 5%-a 5. A következő pontra. Röviden: 21 plusz 47 az 68.

Ez is számít. Jó tudni: 16-szer 10 az 160. A következő pontra. 26 mínusz 22 az 4.

Ez volt a lényeg."
677,Mindennapi számolás – 287. rész,"Itt rendezett tudást tanulsz. Ne siess.

Biztos: 400 50%-a 200. Tovább. Tény: 24 osztva 2 az 12. Még egy tény. Biztos: 98 mínusz 83 az 15. Ennyi erről. Jó tudni: 22 osztva 2 az 11.

A következő pontra. 10-szer 16 az 160. Folytatjuk. Biztos: 391 osztva 17 az 23. Még egy tény. Biztos: 154 osztva 14 az 11. Ennyi erről.

Tény: 19-szer 18 az 342. Folytatjuk. Tény: 88 mínusz 4 az 84. Még egy tény. Biztos: 72 plusz 67 az 139. Ez is számít. Tudtad? 91 mínusz 21 az 70.

Még egy tény. Tény: 400 10%-a 40. Tovább. 27 plusz 51 az 78.

A szöveg vége. Szép munka."
678,Mindennapi számolás – 288. rész,"Itt rendezett tudást tanulsz. Ne siess.

Röviden: 25 osztva 5 az 5. Még egy tény. Jegyezd meg: 17 plusz 82 az 99. Folytatjuk. Röviden: 19-szer 18 az 342. A következő pontra. Jó tudni: 17 plusz 82 az 99.

Ennyi erről. Jó tudni: 88 mínusz 14 az 74. Tovább. Tudtad? 45 mínusz 42 az 3. Ennyi erről. Jó tudni: 4-szer 2 az 8. Ez is számít.

Jó tudni: 400 25%-a 100. A következő pontra. Tudtad? 19-szer 18 az 342. Ennyi erről. Biztos: 14-szer 15 az 210. A következő pontra. Biztos: 100 osztva 20 az 5.

Még egy tény. Röviden: 14-szer 18 az 252. Tovább. Jó tudni: 81 osztva 3 az 27.

Most már ismered a tényeket."
679,Mindennapi számolás – 289. rész,"Itt rendezett tudást tanulsz. Ne siess.

10 mínusz 7 az 3. Ennyi erről. Jó tudni: 60 plusz 10 az 70. Ennyi erről. Tény: 1000 20%-a 200. Ennyi erről. Tudtad? 200 15%-a 30.

Tovább. Jegyezd meg: 11-szer 18 az 198. Folytatjuk. Jegyezd meg: 9 mínusz 7 az 2. Ennyi erről. Röviden: 500 5%-a 25. Még egy tény.

Tudtad? 6-szer 19 az 114. Még egy tény. Jó tudni: 12-szer 14 az 168. Folytatjuk. Biztos: 51 osztva 3 az 17. Még egy tény. Jegyezd meg: 400 75%-a 300.

Ennyi erről. Jegyezd meg: 90 osztva 6 az 15. Folytatjuk. Biztos: 17-szer 13 az 221.

A szöveg vége. Szép munka."
680,Mindennapi számolás – 290. rész,"Ez a szöveg fontos tényeket mutat be. Olvasd nyugodtan.

18-szer 19 az 342. A következő pontra. Tudtad? 37 plusz 48 az 85. Még egy tény. Tény: 27 mínusz 4 az 23. Ennyi erről. Jó tudni: 80 plusz 62 az 142.

Tovább. Röviden: 72 plusz 2 az 74. Ez is számít. 86 plusz 36 az 122. Folytatjuk. Biztos: 14-szer 6 az 84. Folytatjuk.

Jó tudni: 2000 50%-a 1000. Ez is számít. 20-szer 7 az 140. A következő pontra. Biztos: 25 plusz 28 az 53. Ennyi erről. Tény: 54 osztva 9 az 6.

Ennyi erről. Tudtad? 44 osztva 2 az 22. A következő pontra. Jegyezd meg: 98 mínusz 54 az 44.

Vége ennek az áttekintésnek."
681,Mindennapi tippek – 1. rész,"Itt rendezett tudást tanulsz. Ne siess.

Jegyezd meg: Kezdd heti 2x sétával vagy könnyűvel, növeld lassan. Ez is számít. Tölts offline térképeket, kövesd táblákat, kérdezz embereket. Még egy tény. Tény: Állíts célt, spórolj havonta automatikusan, told hozzá az extrát. Tovább. Jó tudni: Mindkettőnek vannak előnyei: papír figyelem nélkül és jó memóriára, telefon kereshető és mindig nálad.

Ennyi erről. Tudtad? Sózz sok vizet, forrald, főzd a tésztát 8-10 percig, szűrd le. A következő pontra. Tudtad? Válassz 3 prioritást, tervezz blokkokat szünetekkel, tedd el a figyelemelvonókat. A következő pontra. Jegyezd meg: Légy rugalmas dátumokkal, hasonlíts portálokat, foglalj korán. A következő pontra.

Tudtad? Mosd meg a rizst, forrald dupla vízzel, pihentesd 10-12 percig. Még egy tény. Jegyezd meg: Válassz 3 prioritást, tervezz blokkokat szünetekkel, tedd el a figyelemelvonókat. Folytatjuk. Biztos: Mondj nemet röviden és kedvesen, ajánlj alternatívát ha tudsz. Még egy tény. Röviden: Igen, vidd. 80%-nál az eső nagyon valószínű.

Folytatjuk. Biztos: Sózz sok vizet, forrald, főzd a tésztát 8-10 percig, szűrd le. A következő pontra. Jegyezd meg: Állíts célt, spórolj havonta automatikusan, told hozzá az extrát.

A szöveg vége. Szép munka."
682,Mindennapi tippek – 2. rész,"Ez a szöveg lépésről lépésre magyaráz.

Jó tudni: Kapcsold fel a fényt, igyál egy pohár vizet, mozogj kicsit és szívj levegőt. Ennyi erről. Tudtad? Aludj sötétben és hűvösben, tedd le a telefont, tarts fix rutint. A következő pontra. Tény: Először szedd a szemetet, aztán a mosást, tegyél mindent vissza és a végén törölj. Még egy tény. Tudtad? Vigyél: igazolványt vagy útlevelet, jegyet, pénzt, telefont plusz töltőt, gyógyszert, higiéniát és váltást kézibe.

A következő pontra. Jó tudni: Pl. zab gyümölccsel és joghurttal, vagy teljes kiőrlésű kenyér tojással. Tovább. Tudtad? Pl. zab gyümölccsel és joghurttal, vagy teljes kiőrlésű kenyér tojással. Tovább. Jegyezd meg: Állítsd be az utazást és hotelt, válassz napi 2-3 pontot, tervezz puffereket és napibüdzsét. Ennyi erről.

Jegyezd meg: Pl. zab gyümölccsel és joghurttal, vagy teljes kiőrlésű kenyér tojással. Még egy tény. Tudtad? Mosd meg a rizst, forrald dupla vízzel, pihentesd 10-12 percig. Még egy tény. Jegyezd meg: Tekerd a ruhákat hajtogatás helyett, nehéz alulra, töltsd zoknikkal. Ez is számít. Röviden: Legjobb rövid napi egységekben kártyákkal és aktív használattal mondatokban plusz ismétlés.

Még egy tény. Kérj konkrétan: mit, meddig, miért. Pl. Segítesz ma cipelni? Köszi! Ez is számít. Jegyezd meg: Állíts büdzsét, keress portálokon, készíts papírokat, menj kérdésekkel.

Most már ismered a tényeket."
683,Mindennapi tippek – 3. rész,"Itt rendezett tudást tanulsz. Ne siess.

Tudtad? Állítsd be az utazást és hotelt, válassz napi 2-3 pontot, tervezz puffereket és napibüdzsét. Ez is számít. Tudtad? Tekerd a ruhákat hajtogatás helyett, nehéz alulra, töltsd zoknikkal. A következő pontra. Jegyezd meg: Először szedd a szemetet, aztán a mosást, tegyél mindent vissza és a végén törölj. Folytatjuk. Biztos: Vigyél: igazolványt vagy útlevelet, jegyet, pénzt, telefont plusz töltőt, gyógyszert, higiéniát és váltást kézibe.

Még egy tény. Jó tudni: Kapcsold fel a fényt, igyál egy pohár vizet, mozogj kicsit és szívj levegőt. Még egy tény. Jó tudni: Pl. zab gyümölccsel és joghurttal, vagy teljes kiőrlésű kenyér tojással. Folytatjuk. Biztos: Állíts költségvetést, nézd át előfizetéseket, főzz többször, hasonlíts árakat és tegyél félre először fix összeget. Ennyi erről.

Biztos: Rövid szünetek, mozgás, elég alvás és beszélgetés segítenek. Tovább. Jegyezd meg: Aludj sötétben és hűvösben, tedd le a telefont, tarts fix rutint. Még egy tény. Jó tudni: Legjobb rövid napi egységekben kártyákkal és aktív használattal mondatokban plusz ismétlés. Ennyi erről. Tény: Nevezd meg a hibát, vállald, mutass megbánást és ajánlj jóvátételt, röviden és őszintén.

Ennyi erről. Jó tudni: Vigyél: igazolványt vagy útlevelet, jegyet, pénzt, telefont plusz töltőt, gyógyszert, higiéniát és váltást kézibe. A következő pontra. Röviden: Sózz sok vizet, forrald, főzd a tésztát 8-10 percig, szűrd le.

A szöveg vége. Szép munka."
684,Mindennapi tippek – 4. rész,"Alább ellenőrzött tudást találsz.

Biztos: Legjobb rövid napi egységekben kártyákkal és aktív használattal mondatokban plusz ismétlés. Ennyi erről. Jó tudni: Először szedd a szemetet, aztán a mosást, tegyél mindent vissza és a végén törölj. Ez is számít. Jegyezd meg: Kezdd heti 2x sétával vagy könnyűvel, növeld lassan. Ennyi erről. Tudtad? Állítsd be az utazást és hotelt, válassz napi 2-3 pontot, tervezz puffereket és napibüdzsét.

A következő pontra. Sózz sok vizet, forrald, főzd a tésztát 8-10 percig, szűrd le. Ez is számít. Tény: Csinálj tésztát egyszerű szósszal: fűszerezd, főzd, öntsd tésztára, szórj sajtot. Még egy tény. Tény: Mosd meg a rizst, forrald dupla vízzel, pihentesd 10-12 percig. Ennyi erről.

Tény: Oszd blokkokra, kérdezd magad aktívan, tarts szüneteket, ismételd másnap. Még egy tény. Ujjpróba: csak ha felül száraz locsolj, kerüld a pangást. Ez is számít. Röviden: Vigyél: igazolványt vagy útlevelet, jegyet, pénzt, telefont plusz töltőt, gyógyszert, higiéniát és váltást kézibe. Ez is számít. Tudtad? Kapcsold fel a fényt, igyál egy pohár vizet, mozogj kicsit és szívj levegőt.

Ez is számít. Jó tudni: Tarts palackot készen, igyál egy pohárral minden étkezéshez, állíts emlékeztetőket. Még egy tény. Biztos: Keverj lisztet, tejet, tojást és csipet sót, süsd vékonyan aranybarnára.

Ez volt a lényeg."
685,Mindennapi tippek – 5. rész,"Ez a szöveg lépésről lépésre magyaráz.

Kapcsold fel a fényt, igyál egy pohár vizet, mozogj kicsit és szívj levegőt. Folytatjuk. Tudtad? Válassz 3 prioritást, tervezz blokkokat szünetekkel, tedd el a figyelemelvonókat. Ez is számít. Jó tudni: Írj rövid levelet plusz táblázatos CV-t és hasznos bizonyítványokat. Még egy tény. Jó tudni: Csinálj tésztát egyszerű szósszal: fűszerezd, főzd, öntsd tésztára, szórj sajtot.

Tovább. Először szedd a szemetet, aztán a mosást, tegyél mindent vissza és a végén törölj. Még egy tény. Tudtad? Aludj sötétben és hűvösben, tedd le a telefont, tarts fix rutint. Ennyi erről. Tény: Pl. zab gyümölccsel és joghurttal, vagy teljes kiőrlésű kenyér tojással. Ez is számít.

Jó tudni: Először szedd a szemetet, aztán a mosást, tegyél mindent vissza és a végén törölj. Ez is számít. Biztos: Csinálj tésztát egyszerű szósszal: fűszerezd, főzd, öntsd tésztára, szórj sajtot. Ennyi erről. Tény: Állítsd be az utazást és hotelt, válassz napi 2-3 pontot, tervezz puffereket és napibüdzsét. Folytatjuk. Csinálj tésztát egyszerű szósszal: fűszerezd, főzd, öntsd tésztára, szórj sajtot.

A következő pontra. Biztos: Kérj konkrétan: mit, meddig, miért. Pl. Segítesz ma cipelni? Köszi! Ez is számít. Tudtad? Igen, vidd. 80%-nál az eső nagyon valószínű.

Most már ismered a tényeket."
686,Mindennapi tippek – 6. rész,"Ez a szöveg fontos tényeket mutat be. Olvasd nyugodtan.

Tény: Válassz 3 prioritást, tervezz blokkokat szünetekkel, tedd el a figyelemelvonókat. Ez is számít. Tény: Igen, vidd. 80%-nál az eső nagyon valószínű. A következő pontra. Jegyezd meg: Oszd blokkokra, kérdezd magad aktívan, tarts szüneteket, ismételd másnap. Tovább. Biztos: Állítsd be az utazást és hotelt, válassz napi 2-3 pontot, tervezz puffereket és napibüdzsét.

Még egy tény. Tény: Kapcsold fel a fényt, igyál egy pohár vizet, mozogj kicsit és szívj levegőt. Ez is számít. Tény: Sózz sok vizet, forrald, főzd a tésztát 8-10 percig, szűrd le. Tovább. Tudtad? Sózz sok vizet, forrald, főzd a tésztát 8-10 percig, szűrd le. Ez is számít.

Röviden: Állítsd be az utazást és hotelt, válassz napi 2-3 pontot, tervezz puffereket és napibüdzsét. Tovább. Tudtad? Légy rugalmas dátumokkal, hasonlíts portálokat, foglalj korán. A következő pontra. Biztos: Vigyél: igazolványt vagy útlevelet, jegyet, pénzt, telefont plusz töltőt, gyógyszert, higiéniát és váltást kézibe. Tovább. Kérj konkrétan: mit, meddig, miért. Pl. Segítesz ma cipelni? Köszi!

Ez is számít. Jegyezd meg: Mosd meg a rizst, forrald dupla vízzel, pihentesd 10-12 percig. Ennyi erről. Tény: Oszd blokkokra, kérdezd magad aktívan, tarts szüneteket, ismételd másnap.

Most már ismered a tényeket."
687,Mindennapi tippek – 7. rész,"Alább ellenőrzött tudást találsz.

Biztos: Mosd meg a rizst, forrald dupla vízzel, pihentesd 10-12 percig. Még egy tény. Röviden: Tarts palackot készen, igyál egy pohárral minden étkezéshez, állíts emlékeztetőket. Ez is számít. Tölts offline térképeket, kövesd táblákat, kérdezz embereket. Ez is számít. Jó tudni: Tarts palackot készen, igyál egy pohárral minden étkezéshez, állíts emlékeztetőket.

Ennyi erről. Tudtad? Állíts költségvetést, nézd át előfizetéseket, főzz többször, hasonlíts árakat és tegyél félre először fix összeget. Ez is számít. Röviden: Mindkettőnek vannak előnyei: papír figyelem nélkül és jó memóriára, telefon kereshető és mindig nálad. Folytatjuk. Jó tudni: Tölts offline térképeket, kövesd táblákat, kérdezz embereket. Ennyi erről.

Jó tudni: Igen, vidd. 80%-nál az eső nagyon valószínű. Folytatjuk. Legjobb rövid napi egységekben kártyákkal és aktív használattal mondatokban plusz ismétlés. Még egy tény. Tudtad? Tölts offline térképeket, kövesd táblákat, kérdezz embereket. Ennyi erről. Röviden: Kérj konkrétan: mit, meddig, miért. Pl. Segítesz ma cipelni? Köszi!

Tovább. Rövid szünetek, mozgás, elég alvás és beszélgetés segítenek. A következő pontra. Légy rugalmas dátumokkal, hasonlíts portálokat, foglalj korán.

A szöveg vége. Szép munka."
688,Mindennapi tippek – 8. rész,"Ez a szöveg fontos tényeket mutat be. Olvasd nyugodtan.

Röviden: Igen, vidd. 80%-nál az eső nagyon valószínű. Ez is számít. Biztos: Légy rugalmas dátumokkal, hasonlíts portálokat, foglalj korán. Még egy tény. Biztos: Először szedd a szemetet, aztán a mosást, tegyél mindent vissza és a végén törölj. Még egy tény. Röviden: Legjobb rövid napi egységekben kártyákkal és aktív használattal mondatokban plusz ismétlés.

Még egy tény. Jó tudni: Tekerd a ruhákat hajtogatás helyett, nehéz alulra, töltsd zoknikkal. Tovább. Tudtad? Tekerd a ruhákat hajtogatás helyett, nehéz alulra, töltsd zoknikkal. Ez is számít. Röviden: Sózz sok vizet, forrald, főzd a tésztát 8-10 percig, szűrd le. A következő pontra.

Tény: Légy rugalmas dátumokkal, hasonlíts portálokat, foglalj korán. Még egy tény. Aludj sötétben és hűvösben, tedd le a telefont, tarts fix rutint. Ez is számít. Jó tudni: Legjobb rövid napi egységekben kártyákkal és aktív használattal mondatokban plusz ismétlés. A következő pontra. Jó tudni: Sózz sok vizet, forrald, főzd a tésztát 8-10 percig, szűrd le.

A következő pontra. Jó tudni: Válassz 3 prioritást, tervezz blokkokat szünetekkel, tedd el a figyelemelvonókat. Tovább. Tudtad? Állíts büdzsét, keress portálokon, készíts papírokat, menj kérdésekkel.

Vége ennek az áttekintésnek."
689,Mindennapi tippek – 9. rész,"Ez a szöveg fontos tényeket mutat be. Olvasd nyugodtan.

Tény: Tarts palackot készen, igyál egy pohárral minden étkezéshez, állíts emlékeztetőket. Még egy tény. Jó tudni: Tarts palackot készen, igyál egy pohárral minden étkezéshez, állíts emlékeztetőket. Tovább. Jó tudni: Igen, vidd. 80%-nál az eső nagyon valószínű. Tovább. Tény: Legjobb rövid napi egységekben kártyákkal és aktív használattal mondatokban plusz ismétlés.

Ennyi erről. Jegyezd meg: Legjobb rövid napi egységekben kártyákkal és aktív használattal mondatokban plusz ismétlés. Ez is számít. Tarts palackot készen, igyál egy pohárral minden étkezéshez, állíts emlékeztetőket. Folytatjuk. Jó tudni: Vigyél: igazolványt vagy útlevelet, jegyet, pénzt, telefont plusz töltőt, gyógyszert, higiéniát és váltást kézibe. Ez is számít.

Jegyezd meg: Tarts palackot készen, igyál egy pohárral minden étkezéshez, állíts emlékeztetőket. A következő pontra. Válassz 3 prioritást, tervezz blokkokat szünetekkel, tedd el a figyelemelvonókat. Tovább. Tudtad? Írj rövid levelet plusz táblázatos CV-t és hasznos bizonyítványokat. Még egy tény. Jegyezd meg: Mindkettőnek vannak előnyei: papír figyelem nélkül és jó memóriára, telefon kereshető és mindig nálad.

Tovább. Tudtad? Állíts büdzsét, keress portálokon, készíts papírokat, menj kérdésekkel. Ennyi erről. Tény: Nevezd meg a hibát, vállald, mutass megbánást és ajánlj jóvátételt, röviden és őszintén.

Ez volt a lényeg."
690,Mindennapi tippek – 10. rész,"Alább ellenőrzött tudást találsz.

Tény: Nevezd meg a hibát, vállald, mutass megbánást és ajánlj jóvátételt, röviden és őszintén. A következő pontra. Tudtad? Legjobb rövid napi egységekben kártyákkal és aktív használattal mondatokban plusz ismétlés. Tovább. Jegyezd meg: Tarts palackot készen, igyál egy pohárral minden étkezéshez, állíts emlékeztetőket. Ennyi erről. Tudtad? Tekerd a ruhákat hajtogatás helyett, nehéz alulra, töltsd zoknikkal.

Folytatjuk. Csinálj tésztát egyszerű szósszal: fűszerezd, főzd, öntsd tésztára, szórj sajtot. A következő pontra. Jegyezd meg: Mondd le korán, adj rövid okot, javasolj új időt. A következő pontra. Tudtad? Állítsd be az utazást és hotelt, válassz napi 2-3 pontot, tervezz puffereket és napibüdzsét. Ez is számít.

Tudtad? Csinálj tésztát egyszerű szósszal: fűszerezd, főzd, öntsd tésztára, szórj sajtot. Ez is számít. Biztos: Ujjpróba: csak ha felül száraz locsolj, kerüld a pangást. Még egy tény. Röviden: Állítsd be az utazást és hotelt, válassz napi 2-3 pontot, tervezz puffereket és napibüdzsét. Még egy tény. Tudtad? Keverj lisztet, tejet, tojást és csipet sót, süsd vékonyan aranybarnára.

Ennyi erről. Röviden: Állíts büdzsét, keress portálokon, készíts papírokat, menj kérdésekkel. Még egy tény. Jó tudni: Légy rugalmas dátumokkal, hasonlíts portálokat, foglalj korán.

Ez volt a lényeg."
691,Mindennapi tippek – 11. rész,"Ez a szöveg lépésről lépésre magyaráz.

Jó tudni: Rövid szünetek, mozgás, elég alvás és beszélgetés segítenek. A következő pontra. Tény: Igen, vidd. 80%-nál az eső nagyon valószínű. Ez is számít. Jegyezd meg: Oszd blokkokra, kérdezd magad aktívan, tarts szüneteket, ismételd másnap. Tovább. Jó tudni: Írj rövid levelet plusz táblázatos CV-t és hasznos bizonyítványokat.

Még egy tény. Tudtad? Állíts célt, spórolj havonta automatikusan, told hozzá az extrát. Ennyi erről. Jegyezd meg: Mondj nemet röviden és kedvesen, ajánlj alternatívát ha tudsz. Ennyi erről. Tény: Kapcsold fel a fényt, igyál egy pohár vizet, mozogj kicsit és szívj levegőt. Folytatjuk.

Jegyezd meg: Állíts költségvetést, nézd át előfizetéseket, főzz többször, hasonlíts árakat és tegyél félre először fix összeget. Folytatjuk. Röviden: Állítsd be az utazást és hotelt, válassz napi 2-3 pontot, tervezz puffereket és napibüdzsét. Folytatjuk. Biztos: Tarts palackot készen, igyál egy pohárral minden étkezéshez, állíts emlékeztetőket. Tovább. Röviden: Tölts offline térképeket, kövesd táblákat, kérdezz embereket.

Ez is számít. Biztos: Kapcsold fel a fényt, igyál egy pohár vizet, mozogj kicsit és szívj levegőt. A következő pontra. Válassz 3 prioritást, tervezz blokkokat szünetekkel, tedd el a figyelemelvonókat.

Vége ennek az áttekintésnek."
692,Mindennapi tippek – 12. rész,"Itt rendezett tudást tanulsz. Ne siess.

Biztos: Mindkettőnek vannak előnyei: papír figyelem nélkül és jó memóriára, telefon kereshető és mindig nálad. Folytatjuk. Jegyezd meg: Kérj konkrétan: mit, meddig, miért. Pl. Segítesz ma cipelni? Köszi! Ennyi erről. Biztos: Mondd le korán, adj rövid okot, javasolj új időt. Ennyi erről. Röviden: Vigyél: igazolványt vagy útlevelet, jegyet, pénzt, telefont plusz töltőt, gyógyszert, higiéniát és váltást kézibe.

Ennyi erről. Jegyezd meg: Rövid szünetek, mozgás, elég alvás és beszélgetés segítenek. A következő pontra. Röviden: Állíts célt, spórolj havonta automatikusan, told hozzá az extrát. Tovább. Tudtad? Légy rugalmas dátumokkal, hasonlíts portálokat, foglalj korán. Ez is számít.

Röviden: Mondj nemet röviden és kedvesen, ajánlj alternatívát ha tudsz. Még egy tény. Tudtad? Csinálj tésztát egyszerű szósszal: fűszerezd, főzd, öntsd tésztára, szórj sajtot. Folytatjuk. Tudtad? Válassz 3 prioritást, tervezz blokkokat szünetekkel, tedd el a figyelemelvonókat. Még egy tény. Jó tudni: Oszd blokkokra, kérdezd magad aktívan, tarts szüneteket, ismételd másnap.

Még egy tény. Biztos: Sózz sok vizet, forrald, főzd a tésztát 8-10 percig, szűrd le. Tovább. Tény: Aludj sötétben és hűvösben, tedd le a telefont, tarts fix rutint.

Ez volt a lényeg."
693,Mindennapi tippek – 13. rész,"Itt rendezett tudást tanulsz. Ne siess.

Röviden: Keverj lisztet, tejet, tojást és csipet sót, süsd vékonyan aranybarnára. Folytatjuk. Jegyezd meg: Tekerd a ruhákat hajtogatás helyett, nehéz alulra, töltsd zoknikkal. Ez is számít. Tudtad? Először szedd a szemetet, aztán a mosást, tegyél mindent vissza és a végén törölj. Tovább. Jó tudni: Rövid szünetek, mozgás, elég alvás és beszélgetés segítenek.

Még egy tény. Biztos: Kapcsold fel a fényt, igyál egy pohár vizet, mozogj kicsit és szívj levegőt. Még egy tény. Röviden: Kapcsold fel a fényt, igyál egy pohár vizet, mozogj kicsit és szívj levegőt. Még egy tény. Röviden: Mondd le korán, adj rövid okot, javasolj új időt. Ennyi erről.

Tudtad? Igen, vidd. 80%-nál az eső nagyon valószínű. A következő pontra. Tény: Állíts költségvetést, nézd át előfizetéseket, főzz többször, hasonlíts árakat és tegyél félre először fix összeget. A következő pontra. Jegyezd meg: Oszd blokkokra, kérdezd magad aktívan, tarts szüneteket, ismételd másnap. Ez is számít. Tény: Tölts offline térképeket, kövesd táblákat, kérdezz embereket.

Ez is számít. Biztos: Keverj lisztet, tejet, tojást és csipet sót, süsd vékonyan aranybarnára. Ennyi erről. Tény: Ujjpróba: csak ha felül száraz locsolj, kerüld a pangást.

Most már ismered a tényeket."
694,Mindennapi tippek – 14. rész,"Itt rendezett tudást tanulsz. Ne siess.

Jegyezd meg: Vigyél: igazolványt vagy útlevelet, jegyet, pénzt, telefont plusz töltőt, gyógyszert, higiéniát és váltást kézibe. Még egy tény. Tény: Csinálj tésztát egyszerű szósszal: fűszerezd, főzd, öntsd tésztára, szórj sajtot. Még egy tény. Mondj nemet röviden és kedvesen, ajánlj alternatívát ha tudsz. Ennyi erről. Röviden: Mosd meg a rizst, forrald dupla vízzel, pihentesd 10-12 percig.

Ennyi erről. Jegyezd meg: Először szedd a szemetet, aztán a mosást, tegyél mindent vissza és a végén törölj. Ez is számít. Röviden: Válassz 3 prioritást, tervezz blokkokat szünetekkel, tedd el a figyelemelvonókat. Folytatjuk. Jó tudni: Csinálj tésztát egyszerű szósszal: fűszerezd, főzd, öntsd tésztára, szórj sajtot. Ennyi erről.

Röviden: Tölts offline térképeket, kövesd táblákat, kérdezz embereket. A következő pontra. Tény: Rövid szünetek, mozgás, elég alvás és beszélgetés segítenek. Ez is számít. Tény: Kapcsold fel a fényt, igyál egy pohár vizet, mozogj kicsit és szívj levegőt. A következő pontra. Biztos: Állítsd be az utazást és hotelt, válassz napi 2-3 pontot, tervezz puffereket és napibüdzsét.

A következő pontra. Tény: Mosd meg a rizst, forrald dupla vízzel, pihentesd 10-12 percig. A következő pontra. Biztos: Írj rövid levelet plusz táblázatos CV-t és hasznos bizonyítványokat.

Vége ennek az áttekintésnek."
695,Mindennapi tippek – 15. rész,"Itt rendezett tudást tanulsz. Ne siess.

Tudtad? Rövid szünetek, mozgás, elég alvás és beszélgetés segítenek. Folytatjuk. Tudtad? Írj rövid levelet plusz táblázatos CV-t és hasznos bizonyítványokat. Még egy tény. Tény: Igen, vidd. 80%-nál az eső nagyon valószínű. Tovább. Röviden: Nevezd meg a hibát, vállald, mutass megbánást és ajánlj jóvátételt, röviden és őszintén.

Tovább. Légy rugalmas dátumokkal, hasonlíts portálokat, foglalj korán. A következő pontra. Jegyezd meg: Vigyél: igazolványt vagy útlevelet, jegyet, pénzt, telefont plusz töltőt, gyógyszert, higiéniát és váltást kézibe. Ez is számít. Tény: Légy rugalmas dátumokkal, hasonlíts portálokat, foglalj korán. Ennyi erről.

Jó tudni: Állíts költségvetést, nézd át előfizetéseket, főzz többször, hasonlíts árakat és tegyél félre először fix összeget. Még egy tény. Tudtad? Kapcsold fel a fényt, igyál egy pohár vizet, mozogj kicsit és szívj levegőt. Ez is számít. Tény: Mondj nemet röviden és kedvesen, ajánlj alternatívát ha tudsz. Még egy tény. Írj rövid levelet plusz táblázatos CV-t és hasznos bizonyítványokat.

Folytatjuk. Tudtad? Mindkettőnek vannak előnyei: papír figyelem nélkül és jó memóriára, telefon kereshető és mindig nálad. Ez is számít. Tény: Aludj sötétben és hűvösben, tedd le a telefont, tarts fix rutint.

A szöveg vége. Szép munka."
696,Mindennapi tippek – 16. rész,"Alább ellenőrzött tudást találsz.

Állíts költségvetést, nézd át előfizetéseket, főzz többször, hasonlíts árakat és tegyél félre először fix összeget. Ez is számít. Rövid szünetek, mozgás, elég alvás és beszélgetés segítenek. Még egy tény. Állítsd be az utazást és hotelt, válassz napi 2-3 pontot, tervezz puffereket és napibüdzsét. Ez is számít. Jegyezd meg: Sózz sok vizet, forrald, főzd a tésztát 8-10 percig, szűrd le.

Ez is számít. Jegyezd meg: Igen, vidd. 80%-nál az eső nagyon valószínű. Tovább. Tény: Csinálj tésztát egyszerű szósszal: fűszerezd, főzd, öntsd tésztára, szórj sajtot. A következő pontra. Tény: Kezdd heti 2x sétával vagy könnyűvel, növeld lassan. A következő pontra.

Röviden: Először szedd a szemetet, aztán a mosást, tegyél mindent vissza és a végén törölj. Ennyi erről. Tudtad? Tekerd a ruhákat hajtogatás helyett, nehéz alulra, töltsd zoknikkal. Ennyi erről. Biztos: Először szedd a szemetet, aztán a mosást, tegyél mindent vissza és a végén törölj. Ez is számít. Jó tudni: Mosd meg a rizst, forrald dupla vízzel, pihentesd 10-12 percig.

Ez is számít. Tény: Állíts költségvetést, nézd át előfizetéseket, főzz többször, hasonlíts árakat és tegyél félre először fix összeget. Még egy tény. Röviden: Aludj sötétben és hűvösben, tedd le a telefont, tarts fix rutint.

Most már ismered a tényeket."
697,Mindennapi tippek – 17. rész,"Alább ellenőrzött tudást találsz.

Nevezd meg a hibát, vállald, mutass megbánást és ajánlj jóvátételt, röviden és őszintén. A következő pontra. Keverj lisztet, tejet, tojást és csipet sót, süsd vékonyan aranybarnára. Még egy tény. Biztos: Válassz 3 prioritást, tervezz blokkokat szünetekkel, tedd el a figyelemelvonókat. Még egy tény. Jegyezd meg: Sózz sok vizet, forrald, főzd a tésztát 8-10 percig, szűrd le.

Ennyi erről. Tudtad? Tekerd a ruhákat hajtogatás helyett, nehéz alulra, töltsd zoknikkal. Ennyi erről. Tény: Mindkettőnek vannak előnyei: papír figyelem nélkül és jó memóriára, telefon kereshető és mindig nálad. A következő pontra. Biztos: Oszd blokkokra, kérdezd magad aktívan, tarts szüneteket, ismételd másnap. A következő pontra.

Jegyezd meg: Keverj lisztet, tejet, tojást és csipet sót, süsd vékonyan aranybarnára. Ez is számít. Tarts palackot készen, igyál egy pohárral minden étkezéshez, állíts emlékeztetőket. Ennyi erről. Jegyezd meg: Állítsd be az utazást és hotelt, válassz napi 2-3 pontot, tervezz puffereket és napibüdzsét. A következő pontra. Jegyezd meg: Írj rövid levelet plusz táblázatos CV-t és hasznos bizonyítványokat.

Még egy tény. Jó tudni: Mondj nemet röviden és kedvesen, ajánlj alternatívát ha tudsz. Ennyi erről. Válassz 3 prioritást, tervezz blokkokat szünetekkel, tedd el a figyelemelvonókat.

Ez volt a lényeg."
698,Mindennapi tippek – 18. rész,"Ez a szöveg lépésről lépésre magyaráz.

Tény: Állíts büdzsét, keress portálokon, készíts papírokat, menj kérdésekkel. Még egy tény. Vigyél: igazolványt vagy útlevelet, jegyet, pénzt, telefont plusz töltőt, gyógyszert, higiéniát és váltást kézibe. A következő pontra. Röviden: Ujjpróba: csak ha felül száraz locsolj, kerüld a pangást. Tovább. Röviden: Mosd meg a rizst, forrald dupla vízzel, pihentesd 10-12 percig.

Ennyi erről. Tény: Mosd meg a rizst, forrald dupla vízzel, pihentesd 10-12 percig. Ennyi erről. Írj rövid levelet plusz táblázatos CV-t és hasznos bizonyítványokat. Ennyi erről. Biztos: Mindkettőnek vannak előnyei: papír figyelem nélkül és jó memóriára, telefon kereshető és mindig nálad. A következő pontra.

Tudtad? Mondj nemet röviden és kedvesen, ajánlj alternatívát ha tudsz. Folytatjuk. Jó tudni: Oszd blokkokra, kérdezd magad aktívan, tarts szüneteket, ismételd másnap. A következő pontra. Tudtad? Mondd le korán, adj rövid okot, javasolj új időt. Tovább. Jegyezd meg: Kérj konkrétan: mit, meddig, miért. Pl. Segítesz ma cipelni? Köszi!

Folytatjuk. Röviden: Keverj lisztet, tejet, tojást és csipet sót, süsd vékonyan aranybarnára. Ennyi erről. Jó tudni: Rövid szünetek, mozgás, elég alvás és beszélgetés segítenek.

A szöveg vége. Szép munka."
699,Mindennapi tippek – 19. rész,"Ez a szöveg fontos tényeket mutat be. Olvasd nyugodtan.

Tény: Mosd meg a rizst, forrald dupla vízzel, pihentesd 10-12 percig. Ez is számít. Tudtad? Igen, vidd. 80%-nál az eső nagyon valószínű. Még egy tény. Rövid szünetek, mozgás, elég alvás és beszélgetés segítenek. Folytatjuk. Röviden: Mosd meg a rizst, forrald dupla vízzel, pihentesd 10-12 percig.

Még egy tény. Jegyezd meg: Kérj konkrétan: mit, meddig, miért. Pl. Segítesz ma cipelni? Köszi! A következő pontra. Keverj lisztet, tejet, tojást és csipet sót, süsd vékonyan aranybarnára. Még egy tény. Biztos: Legjobb rövid napi egységekben kártyákkal és aktív használattal mondatokban plusz ismétlés. Folytatjuk.

Tény: Tarts palackot készen, igyál egy pohárral minden étkezéshez, állíts emlékeztetőket. Folytatjuk. Jó tudni: Írj rövid levelet plusz táblázatos CV-t és hasznos bizonyítványokat. Folytatjuk. Tudtad? Állíts költségvetést, nézd át előfizetéseket, főzz többször, hasonlíts árakat és tegyél félre először fix összeget. Ez is számít. Biztos: Oszd blokkokra, kérdezd magad aktívan, tarts szüneteket, ismételd másnap.

Ez is számít. Biztos: Kezdd heti 2x sétával vagy könnyűvel, növeld lassan. Tovább. Jegyezd meg: Keverj lisztet, tejet, tojást és csipet sót, süsd vékonyan aranybarnára.

Most már ismered a tényeket."
700,Mindennapi tippek – 20. rész,"Itt rendezett tudást tanulsz. Ne siess.

Jó tudni: Mondd le korán, adj rövid okot, javasolj új időt. Ennyi erről. Röviden: Sózz sok vizet, forrald, főzd a tésztát 8-10 percig, szűrd le. Folytatjuk. Röviden: Mosd meg a rizst, forrald dupla vízzel, pihentesd 10-12 percig. Folytatjuk. Jó tudni: Állítsd be az utazást és hotelt, válassz napi 2-3 pontot, tervezz puffereket és napibüdzsét.

Folytatjuk. Tény: Kezdd heti 2x sétával vagy könnyűvel, növeld lassan. Még egy tény. Jegyezd meg: Pl. zab gyümölccsel és joghurttal, vagy teljes kiőrlésű kenyér tojással. Ennyi erről. Tudtad? Nevezd meg a hibát, vállald, mutass megbánást és ajánlj jóvátételt, röviden és őszintén. Tovább.

Légy rugalmas dátumokkal, hasonlíts portálokat, foglalj korán. Még egy tény. Kérj konkrétan: mit, meddig, miért. Pl. Segítesz ma cipelni? Köszi! A következő pontra. Tény: Ujjpróba: csak ha felül száraz locsolj, kerüld a pangást. Még egy tény. Biztos: Aludj sötétben és hűvösben, tedd le a telefont, tarts fix rutint.

Folytatjuk. Jó tudni: Válassz 3 prioritást, tervezz blokkokat szünetekkel, tedd el a figyelemelvonókat. Tovább. Jó tudni: Tarts palackot készen, igyál egy pohárral minden étkezéshez, állíts emlékeztetőket.

Ez volt a lényeg."
701,Mindennapi tippek – 21. rész,"Alább ellenőrzött tudást találsz.

Jegyezd meg: Állítsd be az utazást és hotelt, válassz napi 2-3 pontot, tervezz puffereket és napibüdzsét. Folytatjuk. Jó tudni: Légy rugalmas dátumokkal, hasonlíts portálokat, foglalj korán. Ez is számít. Mindkettőnek vannak előnyei: papír figyelem nélkül és jó memóriára, telefon kereshető és mindig nálad. Tovább. Tudtad? Állítsd be az utazást és hotelt, válassz napi 2-3 pontot, tervezz puffereket és napibüdzsét.

A következő pontra. Biztos: Mondj nemet röviden és kedvesen, ajánlj alternatívát ha tudsz. Még egy tény. Tarts palackot készen, igyál egy pohárral minden étkezéshez, állíts emlékeztetőket. Ez is számít. Tény: Légy rugalmas dátumokkal, hasonlíts portálokat, foglalj korán. Folytatjuk.

Jegyezd meg: Állíts büdzsét, keress portálokon, készíts papírokat, menj kérdésekkel. Ennyi erről. Tudtad? Vigyél: igazolványt vagy útlevelet, jegyet, pénzt, telefont plusz töltőt, gyógyszert, higiéniát és váltást kézibe. Még egy tény. Biztos: Sózz sok vizet, forrald, főzd a tésztát 8-10 percig, szűrd le. Tovább. Tudtad? Mindkettőnek vannak előnyei: papír figyelem nélkül és jó memóriára, telefon kereshető és mindig nálad.

Folytatjuk. Tény: Állítsd be az utazást és hotelt, válassz napi 2-3 pontot, tervezz puffereket és napibüdzsét. Még egy tény. Biztos: Tarts palackot készen, igyál egy pohárral minden étkezéshez, állíts emlékeztetőket.

Most már ismered a tényeket."
702,Mindennapi tippek – 22. rész,"Alább ellenőrzött tudást találsz.

Biztos: Aludj sötétben és hűvösben, tedd le a telefont, tarts fix rutint. Folytatjuk. Jó tudni: Légy rugalmas dátumokkal, hasonlíts portálokat, foglalj korán. Még egy tény. Jegyezd meg: Állíts célt, spórolj havonta automatikusan, told hozzá az extrát. Ennyi erről. Kapcsold fel a fényt, igyál egy pohár vizet, mozogj kicsit és szívj levegőt.

A következő pontra. Vigyél: igazolványt vagy útlevelet, jegyet, pénzt, telefont plusz töltőt, gyógyszert, higiéniát és váltást kézibe. Ennyi erről. Biztos: Állítsd be az utazást és hotelt, válassz napi 2-3 pontot, tervezz puffereket és napibüdzsét. Ez is számít. Biztos: Légy rugalmas dátumokkal, hasonlíts portálokat, foglalj korán. Tovább.

Jó tudni: Először szedd a szemetet, aztán a mosást, tegyél mindent vissza és a végén törölj. Folytatjuk. Jegyezd meg: Nevezd meg a hibát, vállald, mutass megbánást és ajánlj jóvátételt, röviden és őszintén. Tovább. Tény: Írj rövid levelet plusz táblázatos CV-t és hasznos bizonyítványokat. Tovább. Biztos: Nevezd meg a hibát, vállald, mutass megbánást és ajánlj jóvátételt, röviden és őszintén.

A következő pontra. Tudtad? Állíts büdzsét, keress portálokon, készíts papírokat, menj kérdésekkel. Még egy tény. Jó tudni: Legjobb rövid napi egységekben kártyákkal és aktív használattal mondatokban plusz ismétlés.

Most már ismered a tényeket."
703,Mindennapi tippek – 23. rész,"Alább ellenőrzött tudást találsz.

Mindkettőnek vannak előnyei: papír figyelem nélkül és jó memóriára, telefon kereshető és mindig nálad. Folytatjuk. Biztos: Állíts büdzsét, keress portálokon, készíts papírokat, menj kérdésekkel. A következő pontra. Tudtad? Kérj konkrétan: mit, meddig, miért. Pl. Segítesz ma cipelni? Köszi! Ennyi erről. Biztos: Rövid szünetek, mozgás, elég alvás és beszélgetés segítenek.

Ennyi erről. Biztos: Mondd le korán, adj rövid okot, javasolj új időt. Folytatjuk. Tudtad? Nevezd meg a hibát, vállald, mutass megbánást és ajánlj jóvátételt, röviden és őszintén. Folytatjuk. Jó tudni: Tekerd a ruhákat hajtogatás helyett, nehéz alulra, töltsd zoknikkal. Ez is számít.

Jó tudni: Légy rugalmas dátumokkal, hasonlíts portálokat, foglalj korán. Ez is számít. Tudtad? Igen, vidd. 80%-nál az eső nagyon valószínű. A következő pontra. Röviden: Mondj nemet röviden és kedvesen, ajánlj alternatívát ha tudsz. Még egy tény. Jegyezd meg: Válassz 3 prioritást, tervezz blokkokat szünetekkel, tedd el a figyelemelvonókat.

Tovább. Tény: Aludj sötétben és hűvösben, tedd le a telefont, tarts fix rutint. Tovább. Biztos: Oszd blokkokra, kérdezd magad aktívan, tarts szüneteket, ismételd másnap.

Ez volt a lényeg."
704,Mindennapi tippek – 24. rész,"Itt rendezett tudást tanulsz. Ne siess.

Tény: Sózz sok vizet, forrald, főzd a tésztát 8-10 percig, szűrd le. Ez is számít. Jegyezd meg: Mondj nemet röviden és kedvesen, ajánlj alternatívát ha tudsz. Ennyi erről. Biztos: Mosd meg a rizst, forrald dupla vízzel, pihentesd 10-12 percig. Ez is számít. Biztos: Ujjpróba: csak ha felül száraz locsolj, kerüld a pangást.

A következő pontra. Tény: Legjobb rövid napi egységekben kártyákkal és aktív használattal mondatokban plusz ismétlés. A következő pontra. Jegyezd meg: Mosd meg a rizst, forrald dupla vízzel, pihentesd 10-12 percig. Ez is számít. Jó tudni: Keverj lisztet, tejet, tojást és csipet sót, süsd vékonyan aranybarnára. Ez is számít.

Tudtad? Vigyél: igazolványt vagy útlevelet, jegyet, pénzt, telefont plusz töltőt, gyógyszert, higiéniát és váltást kézibe. Még egy tény. Jó tudni: Mindkettőnek vannak előnyei: papír figyelem nélkül és jó memóriára, telefon kereshető és mindig nálad. A következő pontra. Állítsd be az utazást és hotelt, válassz napi 2-3 pontot, tervezz puffereket és napibüdzsét. Ez is számít. Jó tudni: Mondd le korán, adj rövid okot, javasolj új időt.

Ez is számít. Jó tudni: Ujjpróba: csak ha felül száraz locsolj, kerüld a pangást. Folytatjuk. Jegyezd meg: Állíts célt, spórolj havonta automatikusan, told hozzá az extrát.

A szöveg vége. Szép munka."
705,Mindennapi tippek – 25. rész,"Ez a szöveg lépésről lépésre magyaráz.

Röviden: Először szedd a szemetet, aztán a mosást, tegyél mindent vissza és a végén törölj. Tovább. Röviden: Állítsd be az utazást és hotelt, válassz napi 2-3 pontot, tervezz puffereket és napibüdzsét. Folytatjuk. Tény: Állíts költségvetést, nézd át előfizetéseket, főzz többször, hasonlíts árakat és tegyél félre először fix összeget. Tovább. Válassz 3 prioritást, tervezz blokkokat szünetekkel, tedd el a figyelemelvonókat.

Ez is számít. Tény: Válassz 3 prioritást, tervezz blokkokat szünetekkel, tedd el a figyelemelvonókat. A következő pontra. Tudtad? Légy rugalmas dátumokkal, hasonlíts portálokat, foglalj korán. Tovább. Jó tudni: Tölts offline térképeket, kövesd táblákat, kérdezz embereket. Ez is számít.

Biztos: Sózz sok vizet, forrald, főzd a tésztát 8-10 percig, szűrd le. Ennyi erről. Sózz sok vizet, forrald, főzd a tésztát 8-10 percig, szűrd le. Tovább. Röviden: Keverj lisztet, tejet, tojást és csipet sót, süsd vékonyan aranybarnára. Tovább. Biztos: Igen, vidd. 80%-nál az eső nagyon valószínű.

Ez is számít. Biztos: Vigyél: igazolványt vagy útlevelet, jegyet, pénzt, telefont plusz töltőt, gyógyszert, higiéniát és váltást kézibe. A következő pontra. Biztos: Pl. zab gyümölccsel és joghurttal, vagy teljes kiőrlésű kenyér tojással.

Ez volt a lényeg."
706,Mindennapi tippek – 26. rész,"Ez a szöveg lépésről lépésre magyaráz.

Tudtad? Kérj konkrétan: mit, meddig, miért. Pl. Segítesz ma cipelni? Köszi! Ez is számít. Jegyezd meg: Válassz 3 prioritást, tervezz blokkokat szünetekkel, tedd el a figyelemelvonókat. Még egy tény. Jó tudni: Mosd meg a rizst, forrald dupla vízzel, pihentesd 10-12 percig. Tovább. Oszd blokkokra, kérdezd magad aktívan, tarts szüneteket, ismételd másnap.

Még egy tény. Tölts offline térképeket, kövesd táblákat, kérdezz embereket. Ennyi erről. Jegyezd meg: Állítsd be az utazást és hotelt, válassz napi 2-3 pontot, tervezz puffereket és napibüdzsét. Még egy tény. Kérj konkrétan: mit, meddig, miért. Pl. Segítesz ma cipelni? Köszi! Még egy tény.

Sózz sok vizet, forrald, főzd a tésztát 8-10 percig, szűrd le. Ez is számít. Röviden: Kapcsold fel a fényt, igyál egy pohár vizet, mozogj kicsit és szívj levegőt. Tovább. Nevezd meg a hibát, vállald, mutass megbánást és ajánlj jóvátételt, röviden és őszintén. A következő pontra. Biztos: Állíts büdzsét, keress portálokon, készíts papírokat, menj kérdésekkel.

A következő pontra. Biztos: Kapcsold fel a fényt, igyál egy pohár vizet, mozogj kicsit és szívj levegőt. Ez is számít. Jegyezd meg: Aludj sötétben és hűvösben, tedd le a telefont, tarts fix rutint.

Vége ennek az áttekintésnek."
707,Mindennapi tippek – 27. rész,"Alább ellenőrzött tudást találsz.

Biztos: Tekerd a ruhákat hajtogatás helyett, nehéz alulra, töltsd zoknikkal. Tovább. Jó tudni: Kapcsold fel a fényt, igyál egy pohár vizet, mozogj kicsit és szívj levegőt. A következő pontra. Tény: Aludj sötétben és hűvösben, tedd le a telefont, tarts fix rutint. Tovább. Tény: Tarts palackot készen, igyál egy pohárral minden étkezéshez, állíts emlékeztetőket.

Folytatjuk. Tény: Válassz 3 prioritást, tervezz blokkokat szünetekkel, tedd el a figyelemelvonókat. Még egy tény. Tudtad? Ujjpróba: csak ha felül száraz locsolj, kerüld a pangást. Még egy tény. Biztos: Válassz 3 prioritást, tervezz blokkokat szünetekkel, tedd el a figyelemelvonókat. Folytatjuk.

Tény: Kapcsold fel a fényt, igyál egy pohár vizet, mozogj kicsit és szívj levegőt. A következő pontra. Jó tudni: Keverj lisztet, tejet, tojást és csipet sót, süsd vékonyan aranybarnára. A következő pontra. Biztos: Mindkettőnek vannak előnyei: papír figyelem nélkül és jó memóriára, telefon kereshető és mindig nálad. A következő pontra. Jó tudni: Pl. zab gyümölccsel és joghurttal, vagy teljes kiőrlésű kenyér tojással.

Még egy tény. Tudtad? Írj rövid levelet plusz táblázatos CV-t és hasznos bizonyítványokat. Ez is számít. Jegyezd meg: Keverj lisztet, tejet, tojást és csipet sót, süsd vékonyan aranybarnára.

Most már ismered a tényeket."
708,Mindennapi tippek – 28. rész,"Ez a szöveg lépésről lépésre magyaráz.

Röviden: Nevezd meg a hibát, vállald, mutass megbánást és ajánlj jóvátételt, röviden és őszintén. Még egy tény. Röviden: Oszd blokkokra, kérdezd magad aktívan, tarts szüneteket, ismételd másnap. A következő pontra. Jó tudni: Írj rövid levelet plusz táblázatos CV-t és hasznos bizonyítványokat. Tovább. Biztos: Sózz sok vizet, forrald, főzd a tésztát 8-10 percig, szűrd le.

Ennyi erről. Jó tudni: Kérj konkrétan: mit, meddig, miért. Pl. Segítesz ma cipelni? Köszi! Ennyi erről. Jó tudni: Nevezd meg a hibát, vállald, mutass megbánást és ajánlj jóvátételt, röviden és őszintén. Ennyi erről. Nevezd meg a hibát, vállald, mutass megbánást és ajánlj jóvátételt, röviden és őszintén. Ennyi erről.

Jegyezd meg: Ujjpróba: csak ha felül száraz locsolj, kerüld a pangást. A következő pontra. Biztos: Legjobb rövid napi egységekben kártyákkal és aktív használattal mondatokban plusz ismétlés. Ennyi erről. Biztos: Tölts offline térképeket, kövesd táblákat, kérdezz embereket. Ennyi erről. Kérj konkrétan: mit, meddig, miért. Pl. Segítesz ma cipelni? Köszi!

Tovább. Biztos: Mondd le korán, adj rövid okot, javasolj új időt. A következő pontra. Biztos: Oszd blokkokra, kérdezd magad aktívan, tarts szüneteket, ismételd másnap.

Ez volt a lényeg."
709,Mindennapi tippek – 29. rész,"Ez a szöveg fontos tényeket mutat be. Olvasd nyugodtan.

Jegyezd meg: Kérj konkrétan: mit, meddig, miért. Pl. Segítesz ma cipelni? Köszi! Még egy tény. Jó tudni: Igen, vidd. 80%-nál az eső nagyon valószínű. Ennyi erről. Röviden: Mosd meg a rizst, forrald dupla vízzel, pihentesd 10-12 percig. Folytatjuk. Legjobb rövid napi egységekben kártyákkal és aktív használattal mondatokban plusz ismétlés.

A következő pontra. Röviden: Először szedd a szemetet, aztán a mosást, tegyél mindent vissza és a végén törölj. Folytatjuk. Tudtad? Mondj nemet röviden és kedvesen, ajánlj alternatívát ha tudsz. Ennyi erről. Röviden: Mondd le korán, adj rövid okot, javasolj új időt. Tovább.

Jegyezd meg: Vigyél: igazolványt vagy útlevelet, jegyet, pénzt, telefont plusz töltőt, gyógyszert, higiéniát és váltást kézibe. Tovább. Biztos: Válassz 3 prioritást, tervezz blokkokat szünetekkel, tedd el a figyelemelvonókat. Ennyi erről. Tudtad? Mondd le korán, adj rövid okot, javasolj új időt. Folytatjuk. Röviden: Tekerd a ruhákat hajtogatás helyett, nehéz alulra, töltsd zoknikkal.

Ennyi erről. Tudtad? Légy rugalmas dátumokkal, hasonlíts portálokat, foglalj korán. Még egy tény. Jó tudni: Válassz 3 prioritást, tervezz blokkokat szünetekkel, tedd el a figyelemelvonókat.

Vége ennek az áttekintésnek."
710,Mindennapi tippek – 30. rész,"Ez a szöveg lépésről lépésre magyaráz.

Biztos: Mondj nemet röviden és kedvesen, ajánlj alternatívát ha tudsz. Még egy tény. Biztos: Kezdd heti 2x sétával vagy könnyűvel, növeld lassan. Ennyi erről. Biztos: Sózz sok vizet, forrald, főzd a tésztát 8-10 percig, szűrd le. Folytatjuk. Tudtad? Mosd meg a rizst, forrald dupla vízzel, pihentesd 10-12 percig.

Még egy tény. Jó tudni: Légy rugalmas dátumokkal, hasonlíts portálokat, foglalj korán. Még egy tény. Tény: Tarts palackot készen, igyál egy pohárral minden étkezéshez, állíts emlékeztetőket. Ennyi erről. Jegyezd meg: Írj rövid levelet plusz táblázatos CV-t és hasznos bizonyítványokat. A következő pontra.

Jegyezd meg: Nevezd meg a hibát, vállald, mutass megbánást és ajánlj jóvátételt, röviden és őszintén. A következő pontra. Nevezd meg a hibát, vállald, mutass megbánást és ajánlj jóvátételt, röviden és őszintén. Folytatjuk. Biztos: Mindkettőnek vannak előnyei: papír figyelem nélkül és jó memóriára, telefon kereshető és mindig nálad. Folytatjuk. Jegyezd meg: Állítsd be az utazást és hotelt, válassz napi 2-3 pontot, tervezz puffereket és napibüdzsét.

Ennyi erről. Tény: Igen, vidd. 80%-nál az eső nagyon valószínű. Ez is számít. Tény: Ujjpróba: csak ha felül száraz locsolj, kerüld a pangást.

Vége ennek az áttekintésnek."
711,Mindennapi tippek – 31. rész,"Ez a szöveg fontos tényeket mutat be. Olvasd nyugodtan.

Röviden: Válassz 3 prioritást, tervezz blokkokat szünetekkel, tedd el a figyelemelvonókat. Tovább. Jegyezd meg: Ujjpróba: csak ha felül száraz locsolj, kerüld a pangást. Ez is számít. Jegyezd meg: Állítsd be az utazást és hotelt, válassz napi 2-3 pontot, tervezz puffereket és napibüdzsét. Ennyi erről. Légy rugalmas dátumokkal, hasonlíts portálokat, foglalj korán.

Folytatjuk. Jó tudni: Kezdd heti 2x sétával vagy könnyűvel, növeld lassan. Még egy tény. Tény: Kérj konkrétan: mit, meddig, miért. Pl. Segítesz ma cipelni? Köszi! Ez is számít. Biztos: Pl. zab gyümölccsel és joghurttal, vagy teljes kiőrlésű kenyér tojással. Ennyi erről.

Röviden: Tekerd a ruhákat hajtogatás helyett, nehéz alulra, töltsd zoknikkal. Ennyi erről. Tény: Csinálj tésztát egyszerű szósszal: fűszerezd, főzd, öntsd tésztára, szórj sajtot. Folytatjuk. Jó tudni: Vigyél: igazolványt vagy útlevelet, jegyet, pénzt, telefont plusz töltőt, gyógyszert, higiéniát és váltást kézibe. Még egy tény. Mondj nemet röviden és kedvesen, ajánlj alternatívát ha tudsz.

A következő pontra. Tudtad? Nevezd meg a hibát, vállald, mutass megbánást és ajánlj jóvátételt, röviden és őszintén. Tovább. Igen, vidd. 80%-nál az eső nagyon valószínű.

Ez volt a lényeg."
712,Mindennapi tippek – 32. rész,"Itt rendezett tudást tanulsz. Ne siess.

Biztos: Igen, vidd. 80%-nál az eső nagyon valószínű. Ennyi erről. Biztos: Csinálj tésztát egyszerű szósszal: fűszerezd, főzd, öntsd tésztára, szórj sajtot. Még egy tény. Jegyezd meg: Oszd blokkokra, kérdezd magad aktívan, tarts szüneteket, ismételd másnap. Még egy tény. Igen, vidd. 80%-nál az eső nagyon valószínű.

Folytatjuk. Jegyezd meg: Ujjpróba: csak ha felül száraz locsolj, kerüld a pangást. Ennyi erről. Tudtad? Állítsd be az utazást és hotelt, válassz napi 2-3 pontot, tervezz puffereket és napibüdzsét. Ennyi erről. Tudtad? Ujjpróba: csak ha felül száraz locsolj, kerüld a pangást. Ez is számít.

Biztos: Mondj nemet röviden és kedvesen, ajánlj alternatívát ha tudsz. A következő pontra. Tudtad? Keverj lisztet, tejet, tojást és csipet sót, süsd vékonyan aranybarnára. A következő pontra. Jó tudni: Aludj sötétben és hűvösben, tedd le a telefont, tarts fix rutint. A következő pontra. Jó tudni: Nevezd meg a hibát, vállald, mutass megbánást és ajánlj jóvátételt, röviden és őszintén.

Folytatjuk. Jó tudni: Csinálj tésztát egyszerű szósszal: fűszerezd, főzd, öntsd tésztára, szórj sajtot. Még egy tény. Tölts offline térképeket, kövesd táblákat, kérdezz embereket.

Ez volt a lényeg."
713,Mindennapi tippek – 33. rész,"Alább ellenőrzött tudást találsz.

Jó tudni: Mosd meg a rizst, forrald dupla vízzel, pihentesd 10-12 percig. Még egy tény. Röviden: Válassz 3 prioritást, tervezz blokkokat szünetekkel, tedd el a figyelemelvonókat. Még egy tény. Tény: Igen, vidd. 80%-nál az eső nagyon valószínű. Tovább. Csinálj tésztát egyszerű szósszal: fűszerezd, főzd, öntsd tésztára, szórj sajtot.

A következő pontra. Biztos: Először szedd a szemetet, aztán a mosást, tegyél mindent vissza és a végén törölj. Ennyi erről. Jegyezd meg: Tekerd a ruhákat hajtogatás helyett, nehéz alulra, töltsd zoknikkal. Folytatjuk. Jó tudni: Kapcsold fel a fényt, igyál egy pohár vizet, mozogj kicsit és szívj levegőt. Folytatjuk.

Biztos: Állítsd be az utazást és hotelt, válassz napi 2-3 pontot, tervezz puffereket és napibüdzsét. Folytatjuk. Jegyezd meg: Mindkettőnek vannak előnyei: papír figyelem nélkül és jó memóriára, telefon kereshető és mindig nálad. Ennyi erről. Röviden: Pl. zab gyümölccsel és joghurttal, vagy teljes kiőrlésű kenyér tojással. Tovább. Röviden: Nevezd meg a hibát, vállald, mutass megbánást és ajánlj jóvátételt, röviden és őszintén.

Még egy tény. Jó tudni: Állíts célt, spórolj havonta automatikusan, told hozzá az extrát. Még egy tény. Keverj lisztet, tejet, tojást és csipet sót, süsd vékonyan aranybarnára.

Ez volt a lényeg."
714,Mindennapi tippek – 34. rész,"Ez a szöveg fontos tényeket mutat be. Olvasd nyugodtan.

Biztos: Légy rugalmas dátumokkal, hasonlíts portálokat, foglalj korán. Ennyi erről. Rövid szünetek, mozgás, elég alvás és beszélgetés segítenek. Ennyi erről. Tény: Nevezd meg a hibát, vállald, mutass megbánást és ajánlj jóvátételt, röviden és őszintén. Tovább. Tény: Légy rugalmas dátumokkal, hasonlíts portálokat, foglalj korán.

Még egy tény. Jegyezd meg: Írj rövid levelet plusz táblázatos CV-t és hasznos bizonyítványokat. Ez is számít. Röviden: Állítsd be az utazást és hotelt, válassz napi 2-3 pontot, tervezz puffereket és napibüdzsét. A következő pontra. Tudtad? Mondd le korán, adj rövid okot, javasolj új időt. Ennyi erről.

Biztos: Válassz 3 prioritást, tervezz blokkokat szünetekkel, tedd el a figyelemelvonókat. Ennyi erről. Tudtad? Állítsd be az utazást és hotelt, válassz napi 2-3 pontot, tervezz puffereket és napibüdzsét. A következő pontra. Röviden: Mondd le korán, adj rövid okot, javasolj új időt. Még egy tény. Tudtad? Rövid szünetek, mozgás, elég alvás és beszélgetés segítenek.

Ez is számít. Tény: Legjobb rövid napi egységekben kártyákkal és aktív használattal mondatokban plusz ismétlés. Folytatjuk. Tény: Csinálj tésztát egyszerű szósszal: fűszerezd, főzd, öntsd tésztára, szórj sajtot.

Ez volt a lényeg."
715,Mindennapi tippek – 35. rész,"Ez a szöveg lépésről lépésre magyaráz.

Jó tudni: Tekerd a ruhákat hajtogatás helyett, nehéz alulra, töltsd zoknikkal. Ennyi erről. Tudtad? Ujjpróba: csak ha felül száraz locsolj, kerüld a pangást. Még egy tény. Röviden: Állíts büdzsét, keress portálokon, készíts papírokat, menj kérdésekkel. Ennyi erről. Tény: Tölts offline térképeket, kövesd táblákat, kérdezz embereket.

Ennyi erről. Biztos: Tölts offline térképeket, kövesd táblákat, kérdezz embereket. Ennyi erről. Biztos: Pl. zab gyümölccsel és joghurttal, vagy teljes kiőrlésű kenyér tojással. Ez is számít. Mosd meg a rizst, forrald dupla vízzel, pihentesd 10-12 percig. Folytatjuk.

Tudtad? Mondj nemet röviden és kedvesen, ajánlj alternatívát ha tudsz. A következő pontra. Állíts célt, spórolj havonta automatikusan, told hozzá az extrát. Folytatjuk. Röviden: Keverj lisztet, tejet, tojást és csipet sót, süsd vékonyan aranybarnára. Ennyi erről. Jó tudni: Mosd meg a rizst, forrald dupla vízzel, pihentesd 10-12 percig.

A következő pontra. Tény: Kezdd heti 2x sétával vagy könnyűvel, növeld lassan. Ennyi erről. Biztos: Oszd blokkokra, kérdezd magad aktívan, tarts szüneteket, ismételd másnap.

Most már ismered a tényeket."
716,Mindennapi tippek – 36. rész,"Itt rendezett tudást tanulsz. Ne siess.

Tudtad? Mindkettőnek vannak előnyei: papír figyelem nélkül és jó memóriára, telefon kereshető és mindig nálad. Tovább. Jegyezd meg: Oszd blokkokra, kérdezd magad aktívan, tarts szüneteket, ismételd másnap. Folytatjuk. Tölts offline térképeket, kövesd táblákat, kérdezz embereket. Tovább. Légy rugalmas dátumokkal, hasonlíts portálokat, foglalj korán.

A következő pontra. Tény: Először szedd a szemetet, aztán a mosást, tegyél mindent vissza és a végén törölj. Ennyi erről. Tudtad? Állíts költségvetést, nézd át előfizetéseket, főzz többször, hasonlíts árakat és tegyél félre először fix összeget. Folytatjuk. Röviden: Állíts büdzsét, keress portálokon, készíts papírokat, menj kérdésekkel. Tovább.

Jegyezd meg: Tarts palackot készen, igyál egy pohárral minden étkezéshez, állíts emlékeztetőket. A következő pontra. Jó tudni: Kérj konkrétan: mit, meddig, miért. Pl. Segítesz ma cipelni? Köszi! Ennyi erről. Jó tudni: Igen, vidd. 80%-nál az eső nagyon valószínű. Ennyi erről. Biztos: Válassz 3 prioritást, tervezz blokkokat szünetekkel, tedd el a figyelemelvonókat.

A következő pontra. Tudtad? Oszd blokkokra, kérdezd magad aktívan, tarts szüneteket, ismételd másnap. Még egy tény. Tudtad? Légy rugalmas dátumokkal, hasonlíts portálokat, foglalj korán.

Vége ennek az áttekintésnek."
717,Mindennapi tippek – 37. rész,"Ez a szöveg lépésről lépésre magyaráz.

Rövid szünetek, mozgás, elég alvás és beszélgetés segítenek. Tovább. Jegyezd meg: Kezdd heti 2x sétával vagy könnyűvel, növeld lassan. Ennyi erről. Jó tudni: Írj rövid levelet plusz táblázatos CV-t és hasznos bizonyítványokat. Ez is számít. Tudtad? Sózz sok vizet, forrald, főzd a tésztát 8-10 percig, szűrd le.

Tovább. Tudtad? Tarts palackot készen, igyál egy pohárral minden étkezéshez, állíts emlékeztetőket. Folytatjuk. Mindkettőnek vannak előnyei: papír figyelem nélkül és jó memóriára, telefon kereshető és mindig nálad. Ez is számít. Tény: Igen, vidd. 80%-nál az eső nagyon valószínű. Ennyi erről.

Jó tudni: Kérj konkrétan: mit, meddig, miért. Pl. Segítesz ma cipelni? Köszi! A következő pontra. Tény: Csinálj tésztát egyszerű szósszal: fűszerezd, főzd, öntsd tésztára, szórj sajtot. A következő pontra. Röviden: Ujjpróba: csak ha felül száraz locsolj, kerüld a pangást. A következő pontra. Légy rugalmas dátumokkal, hasonlíts portálokat, foglalj korán.

Ez is számít. Röviden: Vigyél: igazolványt vagy útlevelet, jegyet, pénzt, telefont plusz töltőt, gyógyszert, higiéniát és váltást kézibe. Ez is számít. Röviden: Csinálj tésztát egyszerű szósszal: fűszerezd, főzd, öntsd tésztára, szórj sajtot.

Ez volt a lényeg."
718,Mindennapi tippek – 38. rész,"Itt rendezett tudást tanulsz. Ne siess.

Jegyezd meg: Legjobb rövid napi egységekben kártyákkal és aktív használattal mondatokban plusz ismétlés. Még egy tény. Tény: Csinálj tésztát egyszerű szósszal: fűszerezd, főzd, öntsd tésztára, szórj sajtot. Ennyi erről. Jó tudni: Állíts költségvetést, nézd át előfizetéseket, főzz többször, hasonlíts árakat és tegyél félre először fix összeget. A következő pontra. Röviden: Állíts büdzsét, keress portálokon, készíts papírokat, menj kérdésekkel.

Még egy tény. Jegyezd meg: Állítsd be az utazást és hotelt, válassz napi 2-3 pontot, tervezz puffereket és napibüdzsét. Ez is számít. Jegyezd meg: Válassz 3 prioritást, tervezz blokkokat szünetekkel, tedd el a figyelemelvonókat. A következő pontra. Jó tudni: Vigyél: igazolványt vagy útlevelet, jegyet, pénzt, telefont plusz töltőt, gyógyszert, higiéniát és váltást kézibe. A következő pontra.

Aludj sötétben és hűvösben, tedd le a telefont, tarts fix rutint. Ez is számít. Tudtad? Légy rugalmas dátumokkal, hasonlíts portálokat, foglalj korán. Tovább. Biztos: Kezdd heti 2x sétával vagy könnyűvel, növeld lassan. Folytatjuk. Röviden: Állíts költségvetést, nézd át előfizetéseket, főzz többször, hasonlíts árakat és tegyél félre először fix összeget.

Ennyi erről. Röviden: Kezdd heti 2x sétával vagy könnyűvel, növeld lassan. Még egy tény. Tudtad? Válassz 3 prioritást, tervezz blokkokat szünetekkel, tedd el a figyelemelvonókat.

A szöveg vége. Szép munka."
719,Mindennapi tippek – 39. rész,"Alább ellenőrzött tudást találsz.

Jegyezd meg: Vigyél: igazolványt vagy útlevelet, jegyet, pénzt, telefont plusz töltőt, gyógyszert, higiéniát és váltást kézibe. Ennyi erről. Jó tudni: Mondj nemet röviden és kedvesen, ajánlj alternatívát ha tudsz. Tovább. Légy rugalmas dátumokkal, hasonlíts portálokat, foglalj korán. Folytatjuk. Röviden: Ujjpróba: csak ha felül száraz locsolj, kerüld a pangást.

Tovább. Pl. zab gyümölccsel és joghurttal, vagy teljes kiőrlésű kenyér tojással. Tovább. Tudtad? Állíts célt, spórolj havonta automatikusan, told hozzá az extrát. Folytatjuk. Jegyezd meg: Kapcsold fel a fényt, igyál egy pohár vizet, mozogj kicsit és szívj levegőt. Ennyi erről.

Jegyezd meg: Oszd blokkokra, kérdezd magad aktívan, tarts szüneteket, ismételd másnap. Ez is számít. Kapcsold fel a fényt, igyál egy pohár vizet, mozogj kicsit és szívj levegőt. Tovább. Tény: Válassz 3 prioritást, tervezz blokkokat szünetekkel, tedd el a figyelemelvonókat. Tovább. Tudtad? Mondj nemet röviden és kedvesen, ajánlj alternatívát ha tudsz.

Tovább. Tudtad? Tölts offline térképeket, kövesd táblákat, kérdezz embereket. Ennyi erről. Tudtad? Állíts büdzsét, keress portálokon, készíts papírokat, menj kérdésekkel.

Most már ismered a tényeket."
720,Mindennapi tippek – 40. rész,"Ez a szöveg lépésről lépésre magyaráz.

Biztos: Nevezd meg a hibát, vállald, mutass megbánást és ajánlj jóvátételt, röviden és őszintén. Folytatjuk. Jegyezd meg: Tölts offline térképeket, kövesd táblákat, kérdezz embereket. Ennyi erről. Vigyél: igazolványt vagy útlevelet, jegyet, pénzt, telefont plusz töltőt, gyógyszert, higiéniát és váltást kézibe. Ez is számít. Tény: Állítsd be az utazást és hotelt, válassz napi 2-3 pontot, tervezz puffereket és napibüdzsét.

Folytatjuk. Jó tudni: Aludj sötétben és hűvösben, tedd le a telefont, tarts fix rutint. Ennyi erről. Biztos: Írj rövid levelet plusz táblázatos CV-t és hasznos bizonyítványokat. A következő pontra. Biztos: Pl. zab gyümölccsel és joghurttal, vagy teljes kiőrlésű kenyér tojással. Még egy tény.

Jó tudni: Mindkettőnek vannak előnyei: papír figyelem nélkül és jó memóriára, telefon kereshető és mindig nálad. Folytatjuk. Jegyezd meg: Kezdd heti 2x sétával vagy könnyűvel, növeld lassan. A következő pontra. Jegyezd meg: Válassz 3 prioritást, tervezz blokkokat szünetekkel, tedd el a figyelemelvonókat. Tovább. Röviden: Nevezd meg a hibát, vállald, mutass megbánást és ajánlj jóvátételt, röviden és őszintén.

Ez is számít. Biztos: Állíts költségvetést, nézd át előfizetéseket, főzz többször, hasonlíts árakat és tegyél félre először fix összeget. Ez is számít. Jó tudni: Tölts offline térképeket, kövesd táblákat, kérdezz embereket.

A szöveg vége. Szép munka."
721,Mindennapi tippek – 41. rész,"Ez a szöveg lépésről lépésre magyaráz.

Röviden: Keverj lisztet, tejet, tojást és csipet sót, süsd vékonyan aranybarnára. Ennyi erről. Tény: Légy rugalmas dátumokkal, hasonlíts portálokat, foglalj korán. Még egy tény. Jó tudni: Tekerd a ruhákat hajtogatás helyett, nehéz alulra, töltsd zoknikkal. Tovább. Tudtad? Keverj lisztet, tejet, tojást és csipet sót, süsd vékonyan aranybarnára.

Tovább. Röviden: Igen, vidd. 80%-nál az eső nagyon valószínű. Tovább. Jegyezd meg: Sózz sok vizet, forrald, főzd a tésztát 8-10 percig, szűrd le. Még egy tény. Tölts offline térképeket, kövesd táblákat, kérdezz embereket. Még egy tény.

Biztos: Legjobb rövid napi egységekben kártyákkal és aktív használattal mondatokban plusz ismétlés. Ez is számít. Jegyezd meg: Mondd le korán, adj rövid okot, javasolj új időt. Még egy tény. Tény: Állítsd be az utazást és hotelt, válassz napi 2-3 pontot, tervezz puffereket és napibüdzsét. Még egy tény. Röviden: Ujjpróba: csak ha felül száraz locsolj, kerüld a pangást.

Tovább. Jegyezd meg: Kezdd heti 2x sétával vagy könnyűvel, növeld lassan. Tovább. Biztos: Igen, vidd. 80%-nál az eső nagyon valószínű.

Ez volt a lényeg."
722,Mindennapi tippek – 42. rész,"Itt rendezett tudást tanulsz. Ne siess.

Tekerd a ruhákat hajtogatás helyett, nehéz alulra, töltsd zoknikkal. Tovább. Tény: Vigyél: igazolványt vagy útlevelet, jegyet, pénzt, telefont plusz töltőt, gyógyszert, higiéniát és váltást kézibe. Folytatjuk. Jó tudni: Mondj nemet röviden és kedvesen, ajánlj alternatívát ha tudsz. Folytatjuk. Ujjpróba: csak ha felül száraz locsolj, kerüld a pangást.

Ez is számít. Sózz sok vizet, forrald, főzd a tésztát 8-10 percig, szűrd le. Folytatjuk. Jó tudni: Keverj lisztet, tejet, tojást és csipet sót, süsd vékonyan aranybarnára. Ennyi erről. Állíts költségvetést, nézd át előfizetéseket, főzz többször, hasonlíts árakat és tegyél félre először fix összeget. Tovább.

Tény: Mondj nemet röviden és kedvesen, ajánlj alternatívát ha tudsz. Ez is számít. Tudtad? Mosd meg a rizst, forrald dupla vízzel, pihentesd 10-12 percig. Még egy tény. Először szedd a szemetet, aztán a mosást, tegyél mindent vissza és a végén törölj. A következő pontra. Tudtad? Állíts büdzsét, keress portálokon, készíts papírokat, menj kérdésekkel.

Ennyi erről. Jegyezd meg: Sózz sok vizet, forrald, főzd a tésztát 8-10 percig, szűrd le. Ez is számít. Jó tudni: Légy rugalmas dátumokkal, hasonlíts portálokat, foglalj korán.

Ez volt a lényeg."
723,Mindennapi tippek – 43. rész,"Ez a szöveg fontos tényeket mutat be. Olvasd nyugodtan.

Jó tudni: Vigyél: igazolványt vagy útlevelet, jegyet, pénzt, telefont plusz töltőt, gyógyszert, higiéniát és váltást kézibe. Még egy tény. Röviden: Csinálj tésztát egyszerű szósszal: fűszerezd, főzd, öntsd tésztára, szórj sajtot. A következő pontra. Legjobb rövid napi egységekben kártyákkal és aktív használattal mondatokban plusz ismétlés. Ennyi erről. Jegyezd meg: Oszd blokkokra, kérdezd magad aktívan, tarts szüneteket, ismételd másnap.

Tovább. Röviden: Sózz sok vizet, forrald, főzd a tésztát 8-10 percig, szűrd le. Ennyi erről. Jegyezd meg: Ujjpróba: csak ha felül száraz locsolj, kerüld a pangást. Tovább. Jó tudni: Írj rövid levelet plusz táblázatos CV-t és hasznos bizonyítványokat. Még egy tény.

Írj rövid levelet plusz táblázatos CV-t és hasznos bizonyítványokat. Tovább. Jegyezd meg: Pl. zab gyümölccsel és joghurttal, vagy teljes kiőrlésű kenyér tojással. Folytatjuk. Röviden: Légy rugalmas dátumokkal, hasonlíts portálokat, foglalj korán. Ez is számít. Állíts büdzsét, keress portálokon, készíts papírokat, menj kérdésekkel.

A következő pontra. Tudtad? Sózz sok vizet, forrald, főzd a tésztát 8-10 percig, szűrd le. Ez is számít. Jegyezd meg: Kapcsold fel a fényt, igyál egy pohár vizet, mozogj kicsit és szívj levegőt.

Vége ennek az áttekintésnek."
724,Mindennapi tippek – 44. rész,"Ez a szöveg lépésről lépésre magyaráz.

Tény: Keverj lisztet, tejet, tojást és csipet sót, süsd vékonyan aranybarnára. Még egy tény. Csinálj tésztát egyszerű szósszal: fűszerezd, főzd, öntsd tésztára, szórj sajtot. Tovább. Biztos: Csinálj tésztát egyszerű szósszal: fűszerezd, főzd, öntsd tésztára, szórj sajtot. Tovább. Röviden: Először szedd a szemetet, aztán a mosást, tegyél mindent vissza és a végén törölj.

Tovább. Tudtad? Kezdd heti 2x sétával vagy könnyűvel, növeld lassan. A következő pontra. Biztos: Állíts költségvetést, nézd át előfizetéseket, főzz többször, hasonlíts árakat és tegyél félre először fix összeget. Még egy tény. Tudtad? Aludj sötétben és hűvösben, tedd le a telefont, tarts fix rutint. Folytatjuk.

Jegyezd meg: Oszd blokkokra, kérdezd magad aktívan, tarts szüneteket, ismételd másnap. Ennyi erről. Biztos: Állíts célt, spórolj havonta automatikusan, told hozzá az extrát. Tovább. Tudtad? Állíts büdzsét, keress portálokon, készíts papírokat, menj kérdésekkel. Folytatjuk. Tudtad? Oszd blokkokra, kérdezd magad aktívan, tarts szüneteket, ismételd másnap.

Folytatjuk. Mosd meg a rizst, forrald dupla vízzel, pihentesd 10-12 percig. Még egy tény. Tudtad? Rövid szünetek, mozgás, elég alvás és beszélgetés segítenek.

Vége ennek az áttekintésnek."
725,Mindennapi tippek – 45. rész,"Ez a szöveg lépésről lépésre magyaráz.

Sózz sok vizet, forrald, főzd a tésztát 8-10 percig, szűrd le. Ennyi erről. Tudtad? Állíts célt, spórolj havonta automatikusan, told hozzá az extrát. Folytatjuk. Tény: Állíts büdzsét, keress portálokon, készíts papírokat, menj kérdésekkel. Tovább. Jegyezd meg: Tekerd a ruhákat hajtogatás helyett, nehéz alulra, töltsd zoknikkal.

Folytatjuk. Röviden: Legjobb rövid napi egységekben kártyákkal és aktív használattal mondatokban plusz ismétlés. Ez is számít. Biztos: Tekerd a ruhákat hajtogatás helyett, nehéz alulra, töltsd zoknikkal. Folytatjuk. Jó tudni: Mindkettőnek vannak előnyei: papír figyelem nélkül és jó memóriára, telefon kereshető és mindig nálad. Ez is számít.

Vigyél: igazolványt vagy útlevelet, jegyet, pénzt, telefont plusz töltőt, gyógyszert, higiéniát és váltást kézibe. Ez is számít. Tény: Igen, vidd. 80%-nál az eső nagyon valószínű. Tovább. Röviden: Mondj nemet röviden és kedvesen, ajánlj alternatívát ha tudsz. Még egy tény. Rövid szünetek, mozgás, elég alvás és beszélgetés segítenek.

Folytatjuk. Jegyezd meg: Kapcsold fel a fényt, igyál egy pohár vizet, mozogj kicsit és szívj levegőt. Még egy tény. Tény: Tölts offline térképeket, kövesd táblákat, kérdezz embereket.

Ez volt a lényeg."
726,Mindennapi tippek – 46. rész,"Ez a szöveg fontos tényeket mutat be. Olvasd nyugodtan.

Jó tudni: Tarts palackot készen, igyál egy pohárral minden étkezéshez, állíts emlékeztetőket. Tovább. Tudtad? Nevezd meg a hibát, vállald, mutass megbánást és ajánlj jóvátételt, röviden és őszintén. Ennyi erről. Mindkettőnek vannak előnyei: papír figyelem nélkül és jó memóriára, telefon kereshető és mindig nálad. Folytatjuk. Biztos: Tölts offline térképeket, kövesd táblákat, kérdezz embereket.

A következő pontra. Jó tudni: Tekerd a ruhákat hajtogatás helyett, nehéz alulra, töltsd zoknikkal. Folytatjuk. Csinálj tésztát egyszerű szósszal: fűszerezd, főzd, öntsd tésztára, szórj sajtot. Még egy tény. Röviden: Először szedd a szemetet, aztán a mosást, tegyél mindent vissza és a végén törölj. Ez is számít.

Tudtad? Kérj konkrétan: mit, meddig, miért. Pl. Segítesz ma cipelni? Köszi! Folytatjuk. Röviden: Tekerd a ruhákat hajtogatás helyett, nehéz alulra, töltsd zoknikkal. A következő pontra. Jegyezd meg: Kérj konkrétan: mit, meddig, miért. Pl. Segítesz ma cipelni? Köszi! Ez is számít. Tudtad? Állíts költségvetést, nézd át előfizetéseket, főzz többször, hasonlíts árakat és tegyél félre először fix összeget.

Tovább. Röviden: Igen, vidd. 80%-nál az eső nagyon valószínű. A következő pontra. Ujjpróba: csak ha felül száraz locsolj, kerüld a pangást.

Vége ennek az áttekintésnek."
727,Mindennapi tippek – 47. rész,"Itt rendezett tudást tanulsz. Ne siess.

Jó tudni: Vigyél: igazolványt vagy útlevelet, jegyet, pénzt, telefont plusz töltőt, gyógyszert, higiéniát és váltást kézibe. Ez is számít. Tarts palackot készen, igyál egy pohárral minden étkezéshez, állíts emlékeztetőket. Ennyi erről. Tény: Írj rövid levelet plusz táblázatos CV-t és hasznos bizonyítványokat. A következő pontra. Jó tudni: Mondd le korán, adj rövid okot, javasolj új időt.

Tovább. Tény: Sózz sok vizet, forrald, főzd a tésztát 8-10 percig, szűrd le. Ennyi erről. Jó tudni: Mindkettőnek vannak előnyei: papír figyelem nélkül és jó memóriára, telefon kereshető és mindig nálad. Ennyi erről. Tudtad? Legjobb rövid napi egységekben kártyákkal és aktív használattal mondatokban plusz ismétlés. Tovább.

Röviden: Igen, vidd. 80%-nál az eső nagyon valószínű. Még egy tény. Tény: Tekerd a ruhákat hajtogatás helyett, nehéz alulra, töltsd zoknikkal. Ennyi erről. Jegyezd meg: Rövid szünetek, mozgás, elég alvás és beszélgetés segítenek. A következő pontra. Jegyezd meg: Legjobb rövid napi egységekben kártyákkal és aktív használattal mondatokban plusz ismétlés.

Tovább. Biztos: Rövid szünetek, mozgás, elég alvás és beszélgetés segítenek. Még egy tény. Jó tudni: Kérj konkrétan: mit, meddig, miért. Pl. Segítesz ma cipelni? Köszi!

Ez volt a lényeg."
728,Mindennapi tippek – 48. rész,"Itt rendezett tudást tanulsz. Ne siess.

Legjobb rövid napi egységekben kártyákkal és aktív használattal mondatokban plusz ismétlés. Tovább. Röviden: Állíts célt, spórolj havonta automatikusan, told hozzá az extrát. Tovább. Röviden: Kapcsold fel a fényt, igyál egy pohár vizet, mozogj kicsit és szívj levegőt. Tovább. Állítsd be az utazást és hotelt, válassz napi 2-3 pontot, tervezz puffereket és napibüdzsét.

A következő pontra. Jó tudni: Válassz 3 prioritást, tervezz blokkokat szünetekkel, tedd el a figyelemelvonókat. Folytatjuk. Röviden: Mindkettőnek vannak előnyei: papír figyelem nélkül és jó memóriára, telefon kereshető és mindig nálad. Ez is számít. Tudtad? Állíts költségvetést, nézd át előfizetéseket, főzz többször, hasonlíts árakat és tegyél félre először fix összeget. Ez is számít.

Tudtad? Rövid szünetek, mozgás, elég alvás és beszélgetés segítenek. Folytatjuk. Tény: Tekerd a ruhákat hajtogatás helyett, nehéz alulra, töltsd zoknikkal. Ez is számít. Röviden: Nevezd meg a hibát, vállald, mutass megbánást és ajánlj jóvátételt, röviden és őszintén. Még egy tény. Válassz 3 prioritást, tervezz blokkokat szünetekkel, tedd el a figyelemelvonókat.

Még egy tény. Biztos: Sózz sok vizet, forrald, főzd a tésztát 8-10 percig, szűrd le. Ez is számít. Jegyezd meg: Állíts büdzsét, keress portálokon, készíts papírokat, menj kérdésekkel.

Most már ismered a tényeket."
729,Mindennapi tippek – 49. rész,"Ez a szöveg fontos tényeket mutat be. Olvasd nyugodtan.

Tudtad? Mondj nemet röviden és kedvesen, ajánlj alternatívát ha tudsz. Folytatjuk. Kapcsold fel a fényt, igyál egy pohár vizet, mozogj kicsit és szívj levegőt. Még egy tény. Tudtad? Mindkettőnek vannak előnyei: papír figyelem nélkül és jó memóriára, telefon kereshető és mindig nálad. Tovább. Röviden: Aludj sötétben és hűvösben, tedd le a telefont, tarts fix rutint.

Ez is számít. Jegyezd meg: Állíts büdzsét, keress portálokon, készíts papírokat, menj kérdésekkel. Ez is számít. Jó tudni: Állíts büdzsét, keress portálokon, készíts papírokat, menj kérdésekkel. Ennyi erről. Jó tudni: Kérj konkrétan: mit, meddig, miért. Pl. Segítesz ma cipelni? Köszi! Még egy tény.

Röviden: Írj rövid levelet plusz táblázatos CV-t és hasznos bizonyítványokat. Folytatjuk. Jó tudni: Oszd blokkokra, kérdezd magad aktívan, tarts szüneteket, ismételd másnap. Még egy tény. Röviden: Állíts költségvetést, nézd át előfizetéseket, főzz többször, hasonlíts árakat és tegyél félre először fix összeget. A következő pontra. Jegyezd meg: Tekerd a ruhákat hajtogatás helyett, nehéz alulra, töltsd zoknikkal.

Még egy tény. Jó tudni: Légy rugalmas dátumokkal, hasonlíts portálokat, foglalj korán. Ez is számít. Tény: Mosd meg a rizst, forrald dupla vízzel, pihentesd 10-12 percig.

Ez volt a lényeg."
730,Mindennapi tippek – 50. rész,"Ez a szöveg lépésről lépésre magyaráz.

Jó tudni: Mondj nemet röviden és kedvesen, ajánlj alternatívát ha tudsz. Ennyi erről. Jegyezd meg: Kapcsold fel a fényt, igyál egy pohár vizet, mozogj kicsit és szívj levegőt. Tovább. Biztos: Sózz sok vizet, forrald, főzd a tésztát 8-10 percig, szűrd le. Folytatjuk. Jegyezd meg: Mosd meg a rizst, forrald dupla vízzel, pihentesd 10-12 percig.

Ez is számít. Válassz 3 prioritást, tervezz blokkokat szünetekkel, tedd el a figyelemelvonókat. Ennyi erről. Jó tudni: Állíts költségvetést, nézd át előfizetéseket, főzz többször, hasonlíts árakat és tegyél félre először fix összeget. Még egy tény. Jó tudni: Oszd blokkokra, kérdezd magad aktívan, tarts szüneteket, ismételd másnap. Tovább.

Tény: Válassz 3 prioritást, tervezz blokkokat szünetekkel, tedd el a figyelemelvonókat. Még egy tény. Mindkettőnek vannak előnyei: papír figyelem nélkül és jó memóriára, telefon kereshető és mindig nálad. Még egy tény. Jó tudni: Állíts büdzsét, keress portálokon, készíts papírokat, menj kérdésekkel. A következő pontra. Jegyezd meg: Igen, vidd. 80%-nál az eső nagyon valószínű.

Ennyi erről. Jó tudni: Rövid szünetek, mozgás, elég alvás és beszélgetés segítenek. Folytatjuk. Biztos: Tölts offline térképeket, kövesd táblákat, kérdezz embereket.

A szöveg vége. Szép munka."
731,Mindennapi tippek – 51. rész,"Ez a szöveg fontos tényeket mutat be. Olvasd nyugodtan.

Röviden: Igen, vidd. 80%-nál az eső nagyon valószínű. Tovább. Tény: Pl. zab gyümölccsel és joghurttal, vagy teljes kiőrlésű kenyér tojással. Ennyi erről. Biztos: Légy rugalmas dátumokkal, hasonlíts portálokat, foglalj korán. A következő pontra. Jó tudni: Állíts büdzsét, keress portálokon, készíts papírokat, menj kérdésekkel.

Tovább. Tudtad? Oszd blokkokra, kérdezd magad aktívan, tarts szüneteket, ismételd másnap. Még egy tény. Tény: Válassz 3 prioritást, tervezz blokkokat szünetekkel, tedd el a figyelemelvonókat. A következő pontra. Jó tudni: Írj rövid levelet plusz táblázatos CV-t és hasznos bizonyítványokat. Ez is számít.

Biztos: Rövid szünetek, mozgás, elég alvás és beszélgetés segítenek. Tovább. Jegyezd meg: Oszd blokkokra, kérdezd magad aktívan, tarts szüneteket, ismételd másnap. Ez is számít. Tény: Tekerd a ruhákat hajtogatás helyett, nehéz alulra, töltsd zoknikkal. Ennyi erről. Jegyezd meg: Tölts offline térképeket, kövesd táblákat, kérdezz embereket.

Ez is számít. Tudtad? Válassz 3 prioritást, tervezz blokkokat szünetekkel, tedd el a figyelemelvonókat. Még egy tény. Biztos: Mosd meg a rizst, forrald dupla vízzel, pihentesd 10-12 percig.

Vége ennek az áttekintésnek."
732,Mindennapi tippek – 52. rész,"Ez a szöveg fontos tényeket mutat be. Olvasd nyugodtan.

Jó tudni: Tarts palackot készen, igyál egy pohárral minden étkezéshez, állíts emlékeztetőket. Tovább. Jegyezd meg: Aludj sötétben és hűvösben, tedd le a telefont, tarts fix rutint. A következő pontra. Röviden: Válassz 3 prioritást, tervezz blokkokat szünetekkel, tedd el a figyelemelvonókat. Még egy tény. Biztos: Kérj konkrétan: mit, meddig, miért. Pl. Segítesz ma cipelni? Köszi!

Ez is számít. Tudtad? Pl. zab gyümölccsel és joghurttal, vagy teljes kiőrlésű kenyér tojással. A következő pontra. Röviden: Állíts költségvetést, nézd át előfizetéseket, főzz többször, hasonlíts árakat és tegyél félre először fix összeget. Tovább. Tény: Oszd blokkokra, kérdezd magad aktívan, tarts szüneteket, ismételd másnap. A következő pontra.

Csinálj tésztát egyszerű szósszal: fűszerezd, főzd, öntsd tésztára, szórj sajtot. A következő pontra. Röviden: Vigyél: igazolványt vagy útlevelet, jegyet, pénzt, telefont plusz töltőt, gyógyszert, higiéniát és váltást kézibe. Ez is számít. Biztos: Kapcsold fel a fényt, igyál egy pohár vizet, mozogj kicsit és szívj levegőt. Tovább. Tudtad? Mindkettőnek vannak előnyei: papír figyelem nélkül és jó memóriára, telefon kereshető és mindig nálad.

Ennyi erről. Tény: Először szedd a szemetet, aztán a mosást, tegyél mindent vissza és a végén törölj. Ennyi erről. Tudtad? Állíts büdzsét, keress portálokon, készíts papírokat, menj kérdésekkel.

Most már ismered a tényeket."
733,Mindennapi tippek – 53. rész,"Alább ellenőrzött tudást találsz.

Jegyezd meg: Állítsd be az utazást és hotelt, válassz napi 2-3 pontot, tervezz puffereket és napibüdzsét. Folytatjuk. Tudtad? Tölts offline térképeket, kövesd táblákat, kérdezz embereket. Ennyi erről. Jegyezd meg: Mosd meg a rizst, forrald dupla vízzel, pihentesd 10-12 percig. Folytatjuk. Jegyezd meg: Igen, vidd. 80%-nál az eső nagyon valószínű.

Ennyi erről. Tudtad? Rövid szünetek, mozgás, elég alvás és beszélgetés segítenek. Még egy tény. Röviden: Kapcsold fel a fényt, igyál egy pohár vizet, mozogj kicsit és szívj levegőt. A következő pontra. Jegyezd meg: Írj rövid levelet plusz táblázatos CV-t és hasznos bizonyítványokat. Folytatjuk.

Röviden: Ujjpróba: csak ha felül száraz locsolj, kerüld a pangást. Ennyi erről. Tény: Oszd blokkokra, kérdezd magad aktívan, tarts szüneteket, ismételd másnap. Folytatjuk. Jó tudni: Keverj lisztet, tejet, tojást és csipet sót, süsd vékonyan aranybarnára. A következő pontra. Jó tudni: Sózz sok vizet, forrald, főzd a tésztát 8-10 percig, szűrd le.

Folytatjuk. Tény: Mosd meg a rizst, forrald dupla vízzel, pihentesd 10-12 percig. Még egy tény. Tény: Legjobb rövid napi egységekben kártyákkal és aktív használattal mondatokban plusz ismétlés.

Ez volt a lényeg."
734,Mindennapi tippek – 54. rész,"Ez a szöveg fontos tényeket mutat be. Olvasd nyugodtan.

Nevezd meg a hibát, vállald, mutass megbánást és ajánlj jóvátételt, röviden és őszintén. Ennyi erről. Állíts költségvetést, nézd át előfizetéseket, főzz többször, hasonlíts árakat és tegyél félre először fix összeget. Folytatjuk. Jegyezd meg: Állíts célt, spórolj havonta automatikusan, told hozzá az extrát. Ez is számít. Jó tudni: Írj rövid levelet plusz táblázatos CV-t és hasznos bizonyítványokat.

Még egy tény. Biztos: Rövid szünetek, mozgás, elég alvás és beszélgetés segítenek. Ennyi erről. Jó tudni: Aludj sötétben és hűvösben, tedd le a telefont, tarts fix rutint. A következő pontra. Röviden: Csinálj tésztát egyszerű szósszal: fűszerezd, főzd, öntsd tésztára, szórj sajtot. Folytatjuk.

Röviden: Mosd meg a rizst, forrald dupla vízzel, pihentesd 10-12 percig. Folytatjuk. Tény: Csinálj tésztát egyszerű szósszal: fűszerezd, főzd, öntsd tésztára, szórj sajtot. Ez is számít. Biztos: Csinálj tésztát egyszerű szósszal: fűszerezd, főzd, öntsd tésztára, szórj sajtot. Folytatjuk. Jegyezd meg: Mindkettőnek vannak előnyei: papír figyelem nélkül és jó memóriára, telefon kereshető és mindig nálad.

Ennyi erről. Tudtad? Aludj sötétben és hűvösben, tedd le a telefont, tarts fix rutint. Még egy tény. Jó tudni: Kezdd heti 2x sétával vagy könnyűvel, növeld lassan.

A szöveg vége. Szép munka."
735,Mindennapi tippek – 55. rész,"Ez a szöveg fontos tényeket mutat be. Olvasd nyugodtan.

Biztos: Sózz sok vizet, forrald, főzd a tésztát 8-10 percig, szűrd le. Tovább. Tudtad? Vigyél: igazolványt vagy útlevelet, jegyet, pénzt, telefont plusz töltőt, gyógyszert, higiéniát és váltást kézibe. Tovább. Tarts palackot készen, igyál egy pohárral minden étkezéshez, állíts emlékeztetőket. Folytatjuk. Jó tudni: Keverj lisztet, tejet, tojást és csipet sót, süsd vékonyan aranybarnára.

Tovább. Röviden: Mosd meg a rizst, forrald dupla vízzel, pihentesd 10-12 percig. Folytatjuk. Röviden: Kérj konkrétan: mit, meddig, miért. Pl. Segítesz ma cipelni? Köszi! A következő pontra. Tény: Rövid szünetek, mozgás, elég alvás és beszélgetés segítenek. Tovább.

Tudtad? Tölts offline térképeket, kövesd táblákat, kérdezz embereket. Még egy tény. Tény: Tekerd a ruhákat hajtogatás helyett, nehéz alulra, töltsd zoknikkal. Tovább. Jó tudni: Tarts palackot készen, igyál egy pohárral minden étkezéshez, állíts emlékeztetőket. Ez is számít. Igen, vidd. 80%-nál az eső nagyon valószínű.

Tovább. Röviden: Tarts palackot készen, igyál egy pohárral minden étkezéshez, állíts emlékeztetőket. Ez is számít. Biztos: Vigyél: igazolványt vagy útlevelet, jegyet, pénzt, telefont plusz töltőt, gyógyszert, higiéniát és váltást kézibe.

Vége ennek az áttekintésnek."
736,Mindennapi tippek – 56. rész,"Ez a szöveg fontos tényeket mutat be. Olvasd nyugodtan.

Biztos: Írj rövid levelet plusz táblázatos CV-t és hasznos bizonyítványokat. A következő pontra. Tudtad? Vigyél: igazolványt vagy útlevelet, jegyet, pénzt, telefont plusz töltőt, gyógyszert, higiéniát és váltást kézibe. Tovább. Biztos: Kezdd heti 2x sétával vagy könnyűvel, növeld lassan. Ez is számít. Tudtad? Oszd blokkokra, kérdezd magad aktívan, tarts szüneteket, ismételd másnap.

A következő pontra. Tarts palackot készen, igyál egy pohárral minden étkezéshez, állíts emlékeztetőket. A következő pontra. Nevezd meg a hibát, vállald, mutass megbánást és ajánlj jóvátételt, röviden és őszintén. Még egy tény. Tény: Igen, vidd. 80%-nál az eső nagyon valószínű. Ez is számít.

Biztos: Mondd le korán, adj rövid okot, javasolj új időt. A következő pontra. Jegyezd meg: Írj rövid levelet plusz táblázatos CV-t és hasznos bizonyítványokat. Ennyi erről. Jegyezd meg: Állíts célt, spórolj havonta automatikusan, told hozzá az extrát. A következő pontra. Röviden: Állítsd be az utazást és hotelt, válassz napi 2-3 pontot, tervezz puffereket és napibüdzsét.

Tovább. Röviden: Pl. zab gyümölccsel és joghurttal, vagy teljes kiőrlésű kenyér tojással. Tovább. Biztos: Csinálj tésztát egyszerű szósszal: fűszerezd, főzd, öntsd tésztára, szórj sajtot.

Ez volt a lényeg."
737,Mindennapi tippek – 57. rész,"Ez a szöveg fontos tényeket mutat be. Olvasd nyugodtan.

Tudtad? Légy rugalmas dátumokkal, hasonlíts portálokat, foglalj korán. Folytatjuk. Jó tudni: Írj rövid levelet plusz táblázatos CV-t és hasznos bizonyítványokat. Ennyi erről. Tény: Tarts palackot készen, igyál egy pohárral minden étkezéshez, állíts emlékeztetőket. Folytatjuk. Tudtad? Először szedd a szemetet, aztán a mosást, tegyél mindent vissza és a végén törölj.

A következő pontra. Rövid szünetek, mozgás, elég alvás és beszélgetés segítenek. Ez is számít. Tudtad? Tarts palackot készen, igyál egy pohárral minden étkezéshez, állíts emlékeztetőket. Még egy tény. Tény: Mosd meg a rizst, forrald dupla vízzel, pihentesd 10-12 percig. Ez is számít.

Keverj lisztet, tejet, tojást és csipet sót, süsd vékonyan aranybarnára. Tovább. Röviden: Mondd le korán, adj rövid okot, javasolj új időt. Ennyi erről. Tudtad? Tekerd a ruhákat hajtogatás helyett, nehéz alulra, töltsd zoknikkal. Még egy tény. Röviden: Légy rugalmas dátumokkal, hasonlíts portálokat, foglalj korán.

Folytatjuk. Tény: Írj rövid levelet plusz táblázatos CV-t és hasznos bizonyítványokat. Még egy tény. Tudtad? Igen, vidd. 80%-nál az eső nagyon valószínű.

Most már ismered a tényeket."
738,Mindennapi tippek – 58. rész,"Itt rendezett tudást tanulsz. Ne siess.

Biztos: Rövid szünetek, mozgás, elég alvás és beszélgetés segítenek. A következő pontra. Tudtad? Állíts célt, spórolj havonta automatikusan, told hozzá az extrát. Ez is számít. Tény: Mindkettőnek vannak előnyei: papír figyelem nélkül és jó memóriára, telefon kereshető és mindig nálad. A következő pontra. Legjobb rövid napi egységekben kártyákkal és aktív használattal mondatokban plusz ismétlés.

Tovább. Biztos: Kérj konkrétan: mit, meddig, miért. Pl. Segítesz ma cipelni? Köszi! Ez is számít. Biztos: Mosd meg a rizst, forrald dupla vízzel, pihentesd 10-12 percig. Tovább. Röviden: Tekerd a ruhákat hajtogatás helyett, nehéz alulra, töltsd zoknikkal. Tovább.

Biztos: Keverj lisztet, tejet, tojást és csipet sót, süsd vékonyan aranybarnára. Ez is számít. Jegyezd meg: Állíts költségvetést, nézd át előfizetéseket, főzz többször, hasonlíts árakat és tegyél félre először fix összeget. A következő pontra. Tudtad? Mosd meg a rizst, forrald dupla vízzel, pihentesd 10-12 percig. Még egy tény. Biztos: Tarts palackot készen, igyál egy pohárral minden étkezéshez, állíts emlékeztetőket.

Folytatjuk. Biztos: Pl. zab gyümölccsel és joghurttal, vagy teljes kiőrlésű kenyér tojással. Ez is számít. Tény: Pl. zab gyümölccsel és joghurttal, vagy teljes kiőrlésű kenyér tojással.

Ez volt a lényeg."
739,Mindennapi tippek – 59. rész,"Ez a szöveg fontos tényeket mutat be. Olvasd nyugodtan.

Jegyezd meg: Kérj konkrétan: mit, meddig, miért. Pl. Segítesz ma cipelni? Köszi! A következő pontra. Jó tudni: Állíts célt, spórolj havonta automatikusan, told hozzá az extrát. Ez is számít. Ujjpróba: csak ha felül száraz locsolj, kerüld a pangást. A következő pontra. Jó tudni: Keverj lisztet, tejet, tojást és csipet sót, süsd vékonyan aranybarnára.

Folytatjuk. Jó tudni: Ujjpróba: csak ha felül száraz locsolj, kerüld a pangást. A következő pontra. Röviden: Ujjpróba: csak ha felül száraz locsolj, kerüld a pangást. Tovább. Biztos: Mondj nemet röviden és kedvesen, ajánlj alternatívát ha tudsz. Ennyi erről.

Jó tudni: Kérj konkrétan: mit, meddig, miért. Pl. Segítesz ma cipelni? Köszi! Ennyi erről. Tény: Ujjpróba: csak ha felül száraz locsolj, kerüld a pangást. Ez is számít. Jó tudni: Vigyél: igazolványt vagy útlevelet, jegyet, pénzt, telefont plusz töltőt, gyógyszert, higiéniát és váltást kézibe. Ennyi erről. Tudtad? Írj rövid levelet plusz táblázatos CV-t és hasznos bizonyítványokat.

Ennyi erről. Biztos: Kapcsold fel a fényt, igyál egy pohár vizet, mozogj kicsit és szívj levegőt. Ez is számít. Tény: Tarts palackot készen, igyál egy pohárral minden étkezéshez, állíts emlékeztetőket.

Most már ismered a tényeket."
740,Mindennapi tippek – 60. rész,"Ez a szöveg lépésről lépésre magyaráz.

Biztos: Mosd meg a rizst, forrald dupla vízzel, pihentesd 10-12 percig. Tovább. Jó tudni: Vigyél: igazolványt vagy útlevelet, jegyet, pénzt, telefont plusz töltőt, gyógyszert, higiéniát és váltást kézibe. Ez is számít. Röviden: Állíts célt, spórolj havonta automatikusan, told hozzá az extrát. Tovább. Röviden: Kérj konkrétan: mit, meddig, miért. Pl. Segítesz ma cipelni? Köszi!

Ez is számít. Röviden: Állítsd be az utazást és hotelt, válassz napi 2-3 pontot, tervezz puffereket és napibüdzsét. Ennyi erről. Jó tudni: Sózz sok vizet, forrald, főzd a tésztát 8-10 percig, szűrd le. Még egy tény. Tudtad? Állíts büdzsét, keress portálokon, készíts papírokat, menj kérdésekkel. Ez is számít.

Biztos: Állíts célt, spórolj havonta automatikusan, told hozzá az extrát. Ennyi erről. Tény: Nevezd meg a hibát, vállald, mutass megbánást és ajánlj jóvátételt, röviden és őszintén. Ez is számít. Biztos: Legjobb rövid napi egységekben kártyákkal és aktív használattal mondatokban plusz ismétlés. A következő pontra. Tény: Tekerd a ruhákat hajtogatás helyett, nehéz alulra, töltsd zoknikkal.

Ennyi erről. Tény: Kérj konkrétan: mit, meddig, miért. Pl. Segítesz ma cipelni? Köszi! A következő pontra. Jó tudni: Állítsd be az utazást és hotelt, válassz napi 2-3 pontot, tervezz puffereket és napibüdzsét.

Vége ennek az áttekintésnek."
741,Mindennapi tippek – 61. rész,"Itt rendezett tudást tanulsz. Ne siess.

Biztos: Pl. zab gyümölccsel és joghurttal, vagy teljes kiőrlésű kenyér tojással. Ennyi erről. Biztos: Oszd blokkokra, kérdezd magad aktívan, tarts szüneteket, ismételd másnap. Ennyi erről. Jó tudni: Keverj lisztet, tejet, tojást és csipet sót, süsd vékonyan aranybarnára. A következő pontra. Tudtad? Válassz 3 prioritást, tervezz blokkokat szünetekkel, tedd el a figyelemelvonókat.

Ez is számít. Biztos: Mondd le korán, adj rövid okot, javasolj új időt. Ennyi erről. Biztos: Állíts büdzsét, keress portálokon, készíts papírokat, menj kérdésekkel. Még egy tény. Röviden: Csinálj tésztát egyszerű szósszal: fűszerezd, főzd, öntsd tésztára, szórj sajtot. Tovább.

Tény: Mosd meg a rizst, forrald dupla vízzel, pihentesd 10-12 percig. Folytatjuk. Röviden: Írj rövid levelet plusz táblázatos CV-t és hasznos bizonyítványokat. Ennyi erről. Tény: Sózz sok vizet, forrald, főzd a tésztát 8-10 percig, szűrd le. Folytatjuk. Válassz 3 prioritást, tervezz blokkokat szünetekkel, tedd el a figyelemelvonókat.

Még egy tény. Jegyezd meg: Kapcsold fel a fényt, igyál egy pohár vizet, mozogj kicsit és szívj levegőt. Ez is számít. Jó tudni: Állíts büdzsét, keress portálokon, készíts papírokat, menj kérdésekkel.

A szöveg vége. Szép munka."
742,Mindennapi tippek – 62. rész,"Itt rendezett tudást tanulsz. Ne siess.

Tudtad? Kezdd heti 2x sétával vagy könnyűvel, növeld lassan. Ez is számít. Röviden: Állítsd be az utazást és hotelt, válassz napi 2-3 pontot, tervezz puffereket és napibüdzsét. Ez is számít. Tény: Keverj lisztet, tejet, tojást és csipet sót, süsd vékonyan aranybarnára. Folytatjuk. Tény: Pl. zab gyümölccsel és joghurttal, vagy teljes kiőrlésű kenyér tojással.

Tovább. Sózz sok vizet, forrald, főzd a tésztát 8-10 percig, szűrd le. A következő pontra. Röviden: Tölts offline térképeket, kövesd táblákat, kérdezz embereket. Még egy tény. Jegyezd meg: Állíts célt, spórolj havonta automatikusan, told hozzá az extrát. Ez is számít.

Tudtad? Mondd le korán, adj rövid okot, javasolj új időt. A következő pontra. Röviden: Igen, vidd. 80%-nál az eső nagyon valószínű. Ez is számít. Biztos: Állíts költségvetést, nézd át előfizetéseket, főzz többször, hasonlíts árakat és tegyél félre először fix összeget. Folytatjuk. Tény: Tölts offline térképeket, kövesd táblákat, kérdezz embereket.

Még egy tény. Jegyezd meg: Állítsd be az utazást és hotelt, válassz napi 2-3 pontot, tervezz puffereket és napibüdzsét. Ez is számít. Jegyezd meg: Először szedd a szemetet, aztán a mosást, tegyél mindent vissza és a végén törölj.

Ez volt a lényeg."
743,Mindennapi tippek – 63. rész,"Ez a szöveg fontos tényeket mutat be. Olvasd nyugodtan.

Mindkettőnek vannak előnyei: papír figyelem nélkül és jó memóriára, telefon kereshető és mindig nálad. A következő pontra. Oszd blokkokra, kérdezd magad aktívan, tarts szüneteket, ismételd másnap. Tovább. Jegyezd meg: Kezdd heti 2x sétával vagy könnyűvel, növeld lassan. Folytatjuk. Röviden: Vigyél: igazolványt vagy útlevelet, jegyet, pénzt, telefont plusz töltőt, gyógyszert, higiéniát és váltást kézibe.

Ez is számít. Tény: Oszd blokkokra, kérdezd magad aktívan, tarts szüneteket, ismételd másnap. Ennyi erről. Igen, vidd. 80%-nál az eső nagyon valószínű. Ennyi erről. Tény: Ujjpróba: csak ha felül száraz locsolj, kerüld a pangást. Ez is számít.

Röviden: Először szedd a szemetet, aztán a mosást, tegyél mindent vissza és a végén törölj. Ennyi erről. Tény: Állíts költségvetést, nézd át előfizetéseket, főzz többször, hasonlíts árakat és tegyél félre először fix összeget. Folytatjuk. Röviden: Mondd le korán, adj rövid okot, javasolj új időt. Még egy tény. Jegyezd meg: Tekerd a ruhákat hajtogatás helyett, nehéz alulra, töltsd zoknikkal.

Tovább. Állíts büdzsét, keress portálokon, készíts papírokat, menj kérdésekkel. Még egy tény. Tudtad? Mindkettőnek vannak előnyei: papír figyelem nélkül és jó memóriára, telefon kereshető és mindig nálad.

Ez volt a lényeg."
744,Mindennapi tippek – 64. rész,"Ez a szöveg lépésről lépésre magyaráz.

Tény: Kapcsold fel a fényt, igyál egy pohár vizet, mozogj kicsit és szívj levegőt. Ez is számít. Rövid szünetek, mozgás, elég alvás és beszélgetés segítenek. Ennyi erről. Tudtad? Kérj konkrétan: mit, meddig, miért. Pl. Segítesz ma cipelni? Köszi! Folytatjuk. Kérj konkrétan: mit, meddig, miért. Pl. Segítesz ma cipelni? Köszi!

Még egy tény. Jó tudni: Igen, vidd. 80%-nál az eső nagyon valószínű. Ennyi erről. Tudtad? Először szedd a szemetet, aztán a mosást, tegyél mindent vissza és a végén törölj. Ez is számít. Röviden: Mosd meg a rizst, forrald dupla vízzel, pihentesd 10-12 percig. Még egy tény.

Tény: Keverj lisztet, tejet, tojást és csipet sót, süsd vékonyan aranybarnára. Folytatjuk. Oszd blokkokra, kérdezd magad aktívan, tarts szüneteket, ismételd másnap. Ennyi erről. Biztos: Mosd meg a rizst, forrald dupla vízzel, pihentesd 10-12 percig. Tovább. Jegyezd meg: Állítsd be az utazást és hotelt, válassz napi 2-3 pontot, tervezz puffereket és napibüdzsét.

Tovább. Biztos: Sózz sok vizet, forrald, főzd a tésztát 8-10 percig, szűrd le. Tovább. Tény: Csinálj tésztát egyszerű szósszal: fűszerezd, főzd, öntsd tésztára, szórj sajtot.

Most már ismered a tényeket."
745,Mindennapi tippek – 65. rész,"Ez a szöveg lépésről lépésre magyaráz.

Röviden: Mondj nemet röviden és kedvesen, ajánlj alternatívát ha tudsz. Folytatjuk. Jó tudni: Állítsd be az utazást és hotelt, válassz napi 2-3 pontot, tervezz puffereket és napibüdzsét. Ennyi erről. Jó tudni: Válassz 3 prioritást, tervezz blokkokat szünetekkel, tedd el a figyelemelvonókat. Ennyi erről. Jegyezd meg: Először szedd a szemetet, aztán a mosást, tegyél mindent vissza és a végén törölj.

Ennyi erről. Vigyél: igazolványt vagy útlevelet, jegyet, pénzt, telefont plusz töltőt, gyógyszert, higiéniát és váltást kézibe. Még egy tény. Röviden: Írj rövid levelet plusz táblázatos CV-t és hasznos bizonyítványokat. Ez is számít. Jegyezd meg: Kapcsold fel a fényt, igyál egy pohár vizet, mozogj kicsit és szívj levegőt. A következő pontra.

Jó tudni: Vigyél: igazolványt vagy útlevelet, jegyet, pénzt, telefont plusz töltőt, gyógyszert, higiéniát és váltást kézibe. Tovább. Biztos: Kezdd heti 2x sétával vagy könnyűvel, növeld lassan. Folytatjuk. Jó tudni: Sózz sok vizet, forrald, főzd a tésztát 8-10 percig, szűrd le. Folytatjuk. Tény: Igen, vidd. 80%-nál az eső nagyon valószínű.

Ez is számít. Tudtad? Aludj sötétben és hűvösben, tedd le a telefont, tarts fix rutint. Ez is számít. Jó tudni: Először szedd a szemetet, aztán a mosást, tegyél mindent vissza és a végén törölj.

Most már ismered a tényeket."
746,Mindennapi tippek – 66. rész,"Alább ellenőrzött tudást találsz.

Biztos: Írj rövid levelet plusz táblázatos CV-t és hasznos bizonyítványokat. Ez is számít. Jó tudni: Legjobb rövid napi egységekben kártyákkal és aktív használattal mondatokban plusz ismétlés. Ez is számít. Jegyezd meg: Állíts költségvetést, nézd át előfizetéseket, főzz többször, hasonlíts árakat és tegyél félre először fix összeget. Ez is számít. Biztos: Rövid szünetek, mozgás, elég alvás és beszélgetés segítenek.

Ez is számít. Jó tudni: Írj rövid levelet plusz táblázatos CV-t és hasznos bizonyítványokat. Még egy tény. Mondj nemet röviden és kedvesen, ajánlj alternatívát ha tudsz. Ennyi erről. Biztos: Légy rugalmas dátumokkal, hasonlíts portálokat, foglalj korán. Ennyi erről.

Tény: Állíts célt, spórolj havonta automatikusan, told hozzá az extrát. Tovább. Tudtad? Állítsd be az utazást és hotelt, válassz napi 2-3 pontot, tervezz puffereket és napibüdzsét. Tovább. Állítsd be az utazást és hotelt, válassz napi 2-3 pontot, tervezz puffereket és napibüdzsét. Folytatjuk. Jó tudni: Igen, vidd. 80%-nál az eső nagyon valószínű.

A következő pontra. Röviden: Oszd blokkokra, kérdezd magad aktívan, tarts szüneteket, ismételd másnap. A következő pontra. Tény: Sózz sok vizet, forrald, főzd a tésztát 8-10 percig, szűrd le.

Vége ennek az áttekintésnek."
747,Mindennapi tippek – 67. rész,"Ez a szöveg lépésről lépésre magyaráz.

Biztos: Válassz 3 prioritást, tervezz blokkokat szünetekkel, tedd el a figyelemelvonókat. Folytatjuk. Röviden: Tölts offline térképeket, kövesd táblákat, kérdezz embereket. Ez is számít. Jegyezd meg: Igen, vidd. 80%-nál az eső nagyon valószínű. Tovább. Tény: Mondj nemet röviden és kedvesen, ajánlj alternatívát ha tudsz.

Folytatjuk. Tény: Ujjpróba: csak ha felül száraz locsolj, kerüld a pangást. Még egy tény. Jó tudni: Tarts palackot készen, igyál egy pohárral minden étkezéshez, állíts emlékeztetőket. Még egy tény. Kérj konkrétan: mit, meddig, miért. Pl. Segítesz ma cipelni? Köszi! A következő pontra.

Jegyezd meg: Keverj lisztet, tejet, tojást és csipet sót, süsd vékonyan aranybarnára. Még egy tény. Biztos: Tekerd a ruhákat hajtogatás helyett, nehéz alulra, töltsd zoknikkal. Folytatjuk. Röviden: Pl. zab gyümölccsel és joghurttal, vagy teljes kiőrlésű kenyér tojással. Ennyi erről. Röviden: Írj rövid levelet plusz táblázatos CV-t és hasznos bizonyítványokat.

A következő pontra. Jó tudni: Kérj konkrétan: mit, meddig, miért. Pl. Segítesz ma cipelni? Köszi! Tovább. Röviden: Legjobb rövid napi egységekben kártyákkal és aktív használattal mondatokban plusz ismétlés.

Ez volt a lényeg."
748,Mindennapi tippek – 68. rész,"Alább ellenőrzött tudást találsz.

Jó tudni: Tölts offline térképeket, kövesd táblákat, kérdezz embereket. Még egy tény. Röviden: Mosd meg a rizst, forrald dupla vízzel, pihentesd 10-12 percig. Még egy tény. Jegyezd meg: Pl. zab gyümölccsel és joghurttal, vagy teljes kiőrlésű kenyér tojással. Folytatjuk. Jó tudni: Állítsd be az utazást és hotelt, válassz napi 2-3 pontot, tervezz puffereket és napibüdzsét.

A következő pontra. Pl. zab gyümölccsel és joghurttal, vagy teljes kiőrlésű kenyér tojással. A következő pontra. Biztos: Keverj lisztet, tejet, tojást és csipet sót, süsd vékonyan aranybarnára. Ez is számít. Csinálj tésztát egyszerű szósszal: fűszerezd, főzd, öntsd tésztára, szórj sajtot. Ez is számít.

Röviden: Sózz sok vizet, forrald, főzd a tésztát 8-10 percig, szűrd le. Ennyi erről. Oszd blokkokra, kérdezd magad aktívan, tarts szüneteket, ismételd másnap. Még egy tény. Tudtad? Tarts palackot készen, igyál egy pohárral minden étkezéshez, állíts emlékeztetőket. Ennyi erről. Tény: Kezdd heti 2x sétával vagy könnyűvel, növeld lassan.

Még egy tény. Jegyezd meg: Állíts büdzsét, keress portálokon, készíts papírokat, menj kérdésekkel. Ennyi erről. Tény: Állíts célt, spórolj havonta automatikusan, told hozzá az extrát.

A szöveg vége. Szép munka."
749,Mindennapi tippek – 69. rész,"Alább ellenőrzött tudást találsz.

Tudtad? Kezdd heti 2x sétával vagy könnyűvel, növeld lassan. Ennyi erről. Jegyezd meg: Nevezd meg a hibát, vállald, mutass megbánást és ajánlj jóvátételt, röviden és őszintén. Ez is számít. Tudtad? Aludj sötétben és hűvösben, tedd le a telefont, tarts fix rutint. A következő pontra. Biztos: Igen, vidd. 80%-nál az eső nagyon valószínű.

Ez is számít. Jegyezd meg: Rövid szünetek, mozgás, elég alvás és beszélgetés segítenek. Folytatjuk. Biztos: Kérj konkrétan: mit, meddig, miért. Pl. Segítesz ma cipelni? Köszi! Ez is számít. Tudtad? Állíts költségvetést, nézd át előfizetéseket, főzz többször, hasonlíts árakat és tegyél félre először fix összeget. Ennyi erről.

Tény: Kezdd heti 2x sétával vagy könnyűvel, növeld lassan. Még egy tény. Jegyezd meg: Állíts célt, spórolj havonta automatikusan, told hozzá az extrát. Tovább. Jó tudni: Kérj konkrétan: mit, meddig, miért. Pl. Segítesz ma cipelni? Köszi! A következő pontra. Jó tudni: Mindkettőnek vannak előnyei: papír figyelem nélkül és jó memóriára, telefon kereshető és mindig nálad.

Ennyi erről. Jegyezd meg: Csinálj tésztát egyszerű szósszal: fűszerezd, főzd, öntsd tésztára, szórj sajtot. Tovább. Biztos: Sózz sok vizet, forrald, főzd a tésztát 8-10 percig, szűrd le.

Most már ismered a tényeket."
750,Mindennapi tippek – 70. rész,"Alább ellenőrzött tudást találsz.

Tény: Állíts költségvetést, nézd át előfizetéseket, főzz többször, hasonlíts árakat és tegyél félre először fix összeget. A következő pontra. Tény: Nevezd meg a hibát, vállald, mutass megbánást és ajánlj jóvátételt, röviden és őszintén. Még egy tény. Tény: Állíts büdzsét, keress portálokon, készíts papírokat, menj kérdésekkel. Még egy tény. Jó tudni: Mindkettőnek vannak előnyei: papír figyelem nélkül és jó memóriára, telefon kereshető és mindig nálad.

Folytatjuk. Jegyezd meg: Sózz sok vizet, forrald, főzd a tésztát 8-10 percig, szűrd le. A következő pontra. Röviden: Csinálj tésztát egyszerű szósszal: fűszerezd, főzd, öntsd tésztára, szórj sajtot. A következő pontra. Rövid szünetek, mozgás, elég alvás és beszélgetés segítenek. A következő pontra.

Röviden: Mindkettőnek vannak előnyei: papír figyelem nélkül és jó memóriára, telefon kereshető és mindig nálad. Folytatjuk. Biztos: Sózz sok vizet, forrald, főzd a tésztát 8-10 percig, szűrd le. Ennyi erről. Tény: Aludj sötétben és hűvösben, tedd le a telefont, tarts fix rutint. A következő pontra. Biztos: Csinálj tésztát egyszerű szósszal: fűszerezd, főzd, öntsd tésztára, szórj sajtot.

Még egy tény. Röviden: Igen, vidd. 80%-nál az eső nagyon valószínű. Ez is számít. Tudtad? Állítsd be az utazást és hotelt, válassz napi 2-3 pontot, tervezz puffereket és napibüdzsét.

Vége ennek az áttekintésnek."
751,Mindennapi tippek – 71. rész,"Ez a szöveg lépésről lépésre magyaráz.

Mosd meg a rizst, forrald dupla vízzel, pihentesd 10-12 percig. Folytatjuk. Jó tudni: Nevezd meg a hibát, vállald, mutass megbánást és ajánlj jóvátételt, röviden és őszintén. Folytatjuk. Jó tudni: Állíts büdzsét, keress portálokon, készíts papírokat, menj kérdésekkel. Ez is számít. Jó tudni: Sózz sok vizet, forrald, főzd a tésztát 8-10 percig, szűrd le.

Folytatjuk. Tudtad? Kérj konkrétan: mit, meddig, miért. Pl. Segítesz ma cipelni? Köszi! Ennyi erről. Jó tudni: Keverj lisztet, tejet, tojást és csipet sót, süsd vékonyan aranybarnára. Még egy tény. Röviden: Állíts célt, spórolj havonta automatikusan, told hozzá az extrát. Ez is számít.

Jó tudni: Ujjpróba: csak ha felül száraz locsolj, kerüld a pangást. Még egy tény. Írj rövid levelet plusz táblázatos CV-t és hasznos bizonyítványokat. Ez is számít. Tény: Ujjpróba: csak ha felül száraz locsolj, kerüld a pangást. A következő pontra. Tudtad? Pl. zab gyümölccsel és joghurttal, vagy teljes kiőrlésű kenyér tojással.

Ez is számít. Jegyezd meg: Nevezd meg a hibát, vállald, mutass megbánást és ajánlj jóvátételt, röviden és őszintén. Tovább. Tény: Állíts büdzsét, keress portálokon, készíts papírokat, menj kérdésekkel.

Vége ennek az áttekintésnek."
752,Mindennapi tippek – 72. rész,"Itt rendezett tudást tanulsz. Ne siess.

Jegyezd meg: Csinálj tésztát egyszerű szósszal: fűszerezd, főzd, öntsd tésztára, szórj sajtot. Tovább. Tudtad? Oszd blokkokra, kérdezd magad aktívan, tarts szüneteket, ismételd másnap. Ez is számít. Tény: Kérj konkrétan: mit, meddig, miért. Pl. Segítesz ma cipelni? Köszi! Folytatjuk. Tudtad? Tarts palackot készen, igyál egy pohárral minden étkezéshez, állíts emlékeztetőket.

Ennyi erről. Tudtad? Tölts offline térképeket, kövesd táblákat, kérdezz embereket. A következő pontra. Jó tudni: Ujjpróba: csak ha felül száraz locsolj, kerüld a pangást. A következő pontra. Tudtad? Kérj konkrétan: mit, meddig, miért. Pl. Segítesz ma cipelni? Köszi! Még egy tény.

Állíts költségvetést, nézd át előfizetéseket, főzz többször, hasonlíts árakat és tegyél félre először fix összeget. A következő pontra. Rövid szünetek, mozgás, elég alvás és beszélgetés segítenek. Még egy tény. Oszd blokkokra, kérdezd magad aktívan, tarts szüneteket, ismételd másnap. Ennyi erről. Tény: Tarts palackot készen, igyál egy pohárral minden étkezéshez, állíts emlékeztetőket.

Tovább. Röviden: Sózz sok vizet, forrald, főzd a tésztát 8-10 percig, szűrd le. Még egy tény. Tény: Nevezd meg a hibát, vállald, mutass megbánást és ajánlj jóvátételt, röviden és őszintén.

Ez volt a lényeg."
753,Mindennapi tippek – 73. rész,"Ez a szöveg lépésről lépésre magyaráz.

Tény: Kezdd heti 2x sétával vagy könnyűvel, növeld lassan. A következő pontra. Tudtad? Légy rugalmas dátumokkal, hasonlíts portálokat, foglalj korán. Ez is számít. Jó tudni: Ujjpróba: csak ha felül száraz locsolj, kerüld a pangást. Tovább. Jegyezd meg: Állítsd be az utazást és hotelt, válassz napi 2-3 pontot, tervezz puffereket és napibüdzsét.

Ez is számít. Tudtad? Nevezd meg a hibát, vállald, mutass megbánást és ajánlj jóvátételt, röviden és őszintén. Tovább. Röviden: Tekerd a ruhákat hajtogatás helyett, nehéz alulra, töltsd zoknikkal. Folytatjuk. Röviden: Mindkettőnek vannak előnyei: papír figyelem nélkül és jó memóriára, telefon kereshető és mindig nálad. Ennyi erről.

Jó tudni: Igen, vidd. 80%-nál az eső nagyon valószínű. Folytatjuk. Jó tudni: Kezdd heti 2x sétával vagy könnyűvel, növeld lassan. Ez is számít. Jó tudni: Rövid szünetek, mozgás, elég alvás és beszélgetés segítenek. Tovább. Tudtad? Pl. zab gyümölccsel és joghurttal, vagy teljes kiőrlésű kenyér tojással.

A következő pontra. Tudtad? Legjobb rövid napi egységekben kártyákkal és aktív használattal mondatokban plusz ismétlés. Még egy tény. Jó tudni: Sózz sok vizet, forrald, főzd a tésztát 8-10 percig, szűrd le.

Most már ismered a tényeket."
754,Mindennapi tippek – 74. rész,"Ez a szöveg lépésről lépésre magyaráz.

Tény: Igen, vidd. 80%-nál az eső nagyon valószínű. Ennyi erről. Jó tudni: Tölts offline térképeket, kövesd táblákat, kérdezz embereket. Tovább. Csinálj tésztát egyszerű szósszal: fűszerezd, főzd, öntsd tésztára, szórj sajtot. Ez is számít. Biztos: Állítsd be az utazást és hotelt, válassz napi 2-3 pontot, tervezz puffereket és napibüdzsét.

Ennyi erről. Jegyezd meg: Aludj sötétben és hűvösben, tedd le a telefont, tarts fix rutint. Tovább. Állítsd be az utazást és hotelt, válassz napi 2-3 pontot, tervezz puffereket és napibüdzsét. A következő pontra. Állíts költségvetést, nézd át előfizetéseket, főzz többször, hasonlíts árakat és tegyél félre először fix összeget. Folytatjuk.

Kérj konkrétan: mit, meddig, miért. Pl. Segítesz ma cipelni? Köszi! Ez is számít. Jegyezd meg: Nevezd meg a hibát, vállald, mutass megbánást és ajánlj jóvátételt, röviden és őszintén. Még egy tény. Biztos: Sózz sok vizet, forrald, főzd a tésztát 8-10 percig, szűrd le. Folytatjuk. Tarts palackot készen, igyál egy pohárral minden étkezéshez, állíts emlékeztetőket.

Ez is számít. Állíts büdzsét, keress portálokon, készíts papírokat, menj kérdésekkel. A következő pontra. Jó tudni: Igen, vidd. 80%-nál az eső nagyon valószínű.

Ez volt a lényeg."
755,Mindennapi tippek – 75. rész,"Ez a szöveg lépésről lépésre magyaráz.

Tudtad? Kapcsold fel a fényt, igyál egy pohár vizet, mozogj kicsit és szívj levegőt. Ennyi erről. Biztos: Válassz 3 prioritást, tervezz blokkokat szünetekkel, tedd el a figyelemelvonókat. Még egy tény. Tény: Állíts célt, spórolj havonta automatikusan, told hozzá az extrát. Tovább. Röviden: Válassz 3 prioritást, tervezz blokkokat szünetekkel, tedd el a figyelemelvonókat.

Ez is számít. Tény: Mosd meg a rizst, forrald dupla vízzel, pihentesd 10-12 percig. Tovább. Tény: Sózz sok vizet, forrald, főzd a tésztát 8-10 percig, szűrd le. A következő pontra. Jó tudni: Oszd blokkokra, kérdezd magad aktívan, tarts szüneteket, ismételd másnap. Még egy tény.

Először szedd a szemetet, aztán a mosást, tegyél mindent vissza és a végén törölj. Folytatjuk. Röviden: Kérj konkrétan: mit, meddig, miért. Pl. Segítesz ma cipelni? Köszi! Még egy tény. Jó tudni: Válassz 3 prioritást, tervezz blokkokat szünetekkel, tedd el a figyelemelvonókat. Még egy tény. Biztos: Írj rövid levelet plusz táblázatos CV-t és hasznos bizonyítványokat.

Tovább. Tény: Állíts büdzsét, keress portálokon, készíts papírokat, menj kérdésekkel. Ennyi erről. Légy rugalmas dátumokkal, hasonlíts portálokat, foglalj korán.

Vége ennek az áttekintésnek."
756,Mindennapi tippek – 76. rész,"Ez a szöveg lépésről lépésre magyaráz.

Tudtad? Aludj sötétben és hűvösben, tedd le a telefont, tarts fix rutint. Folytatjuk. Tény: Kapcsold fel a fényt, igyál egy pohár vizet, mozogj kicsit és szívj levegőt. Folytatjuk. Jó tudni: Keverj lisztet, tejet, tojást és csipet sót, süsd vékonyan aranybarnára. Ez is számít. Jó tudni: Mondd le korán, adj rövid okot, javasolj új időt.

Ennyi erről. Tény: Állítsd be az utazást és hotelt, válassz napi 2-3 pontot, tervezz puffereket és napibüdzsét. Ennyi erről. Jó tudni: Kapcsold fel a fényt, igyál egy pohár vizet, mozogj kicsit és szívj levegőt. Folytatjuk. Légy rugalmas dátumokkal, hasonlíts portálokat, foglalj korán. A következő pontra.

Biztos: Csinálj tésztát egyszerű szósszal: fűszerezd, főzd, öntsd tésztára, szórj sajtot. Ennyi erről. Jó tudni: Mondj nemet röviden és kedvesen, ajánlj alternatívát ha tudsz. Tovább. Tény: Mondd le korán, adj rövid okot, javasolj új időt. Tovább. Jó tudni: Csinálj tésztát egyszerű szósszal: fűszerezd, főzd, öntsd tésztára, szórj sajtot.

Ez is számít. Jegyezd meg: Tölts offline térképeket, kövesd táblákat, kérdezz embereket. A következő pontra. Röviden: Rövid szünetek, mozgás, elég alvás és beszélgetés segítenek.

Most már ismered a tényeket."
757,Mindennapi tippek – 77. rész,"Ez a szöveg fontos tényeket mutat be. Olvasd nyugodtan.

Tudtad? Írj rövid levelet plusz táblázatos CV-t és hasznos bizonyítványokat. Ennyi erről. Tény: Légy rugalmas dátumokkal, hasonlíts portálokat, foglalj korán. Ennyi erről. Tudtad? Válassz 3 prioritást, tervezz blokkokat szünetekkel, tedd el a figyelemelvonókat. Még egy tény. Jó tudni: Nevezd meg a hibát, vállald, mutass megbánást és ajánlj jóvátételt, röviden és őszintén.

Még egy tény. Tekerd a ruhákat hajtogatás helyett, nehéz alulra, töltsd zoknikkal. Folytatjuk. Jegyezd meg: Mondj nemet röviden és kedvesen, ajánlj alternatívát ha tudsz. Folytatjuk. Tölts offline térképeket, kövesd táblákat, kérdezz embereket. Ez is számít.

Nevezd meg a hibát, vállald, mutass megbánást és ajánlj jóvátételt, röviden és őszintén. Még egy tény. Tény: Nevezd meg a hibát, vállald, mutass megbánást és ajánlj jóvátételt, röviden és őszintén. Még egy tény. Tudtad? Tekerd a ruhákat hajtogatás helyett, nehéz alulra, töltsd zoknikkal. Ennyi erről. Tény: Aludj sötétben és hűvösben, tedd le a telefont, tarts fix rutint.

A következő pontra. Tudtad? Igen, vidd. 80%-nál az eső nagyon valószínű. Ennyi erről. Tény: Mindkettőnek vannak előnyei: papír figyelem nélkül és jó memóriára, telefon kereshető és mindig nálad.

Vége ennek az áttekintésnek."
758,Mindennapi tippek – 78. rész,"Itt rendezett tudást tanulsz. Ne siess.

Jegyezd meg: Először szedd a szemetet, aztán a mosást, tegyél mindent vissza és a végén törölj. Ennyi erről. Jó tudni: Írj rövid levelet plusz táblázatos CV-t és hasznos bizonyítványokat. Tovább. Jó tudni: Mondd le korán, adj rövid okot, javasolj új időt. Tovább. Jó tudni: Kapcsold fel a fényt, igyál egy pohár vizet, mozogj kicsit és szívj levegőt.

Ennyi erről. Röviden: Állíts célt, spórolj havonta automatikusan, told hozzá az extrát. Ez is számít. Jó tudni: Aludj sötétben és hűvösben, tedd le a telefont, tarts fix rutint. Még egy tény. Jegyezd meg: Mondd le korán, adj rövid okot, javasolj új időt. Még egy tény.

Jó tudni: Válassz 3 prioritást, tervezz blokkokat szünetekkel, tedd el a figyelemelvonókat. Folytatjuk. Biztos: Kapcsold fel a fényt, igyál egy pohár vizet, mozogj kicsit és szívj levegőt. Még egy tény. Jó tudni: Mondj nemet röviden és kedvesen, ajánlj alternatívát ha tudsz. A következő pontra. Jegyezd meg: Kezdd heti 2x sétával vagy könnyűvel, növeld lassan.

Még egy tény. Tény: Igen, vidd. 80%-nál az eső nagyon valószínű. Még egy tény. Jegyezd meg: Kapcsold fel a fényt, igyál egy pohár vizet, mozogj kicsit és szívj levegőt.

Ez volt a lényeg."
759,Mindennapi tippek – 79. rész,"Itt rendezett tudást tanulsz. Ne siess.

Tudtad? Tarts palackot készen, igyál egy pohárral minden étkezéshez, állíts emlékeztetőket. Tovább. Ujjpróba: csak ha felül száraz locsolj, kerüld a pangást. Tovább. Jegyezd meg: Állítsd be az utazást és hotelt, válassz napi 2-3 pontot, tervezz puffereket és napibüdzsét. A következő pontra. Jegyezd meg: Rövid szünetek, mozgás, elég alvás és beszélgetés segítenek.

Folytatjuk. Jó tudni: Pl. zab gyümölccsel és joghurttal, vagy teljes kiőrlésű kenyér tojással. Még egy tény. Röviden: Aludj sötétben és hűvösben, tedd le a telefont, tarts fix rutint. Ennyi erről. Jó tudni: Oszd blokkokra, kérdezd magad aktívan, tarts szüneteket, ismételd másnap. Ennyi erről.

Jó tudni: Tölts offline térképeket, kövesd táblákat, kérdezz embereket. Még egy tény. Jegyezd meg: Tarts palackot készen, igyál egy pohárral minden étkezéshez, állíts emlékeztetőket. Ennyi erről. Legjobb rövid napi egységekben kártyákkal és aktív használattal mondatokban plusz ismétlés. Tovább. Biztos: Tarts palackot készen, igyál egy pohárral minden étkezéshez, állíts emlékeztetőket.

Ennyi erről. Jó tudni: Kérj konkrétan: mit, meddig, miért. Pl. Segítesz ma cipelni? Köszi! Ennyi erről. Tény: Legjobb rövid napi egységekben kártyákkal és aktív használattal mondatokban plusz ismétlés.

A szöveg vége. Szép munka."
760,Mindennapi tippek – 80. rész,"Itt rendezett tudást tanulsz. Ne siess.

Tény: Mosd meg a rizst, forrald dupla vízzel, pihentesd 10-12 percig. Még egy tény. Röviden: Kezdd heti 2x sétával vagy könnyűvel, növeld lassan. Folytatjuk. Csinálj tésztát egyszerű szósszal: fűszerezd, főzd, öntsd tésztára, szórj sajtot. A következő pontra. Tény: Kapcsold fel a fényt, igyál egy pohár vizet, mozogj kicsit és szívj levegőt.

Még egy tény. Tudtad? Ujjpróba: csak ha felül száraz locsolj, kerüld a pangást. Tovább. Biztos: Állíts célt, spórolj havonta automatikusan, told hozzá az extrát. Folytatjuk. Biztos: Írj rövid levelet plusz táblázatos CV-t és hasznos bizonyítványokat. Még egy tény.

Röviden: Pl. zab gyümölccsel és joghurttal, vagy teljes kiőrlésű kenyér tojással. Tovább. Jó tudni: Tarts palackot készen, igyál egy pohárral minden étkezéshez, állíts emlékeztetőket. Folytatjuk. Jó tudni: Igen, vidd. 80%-nál az eső nagyon valószínű. Még egy tény. Jó tudni: Legjobb rövid napi egységekben kártyákkal és aktív használattal mondatokban plusz ismétlés.

A következő pontra. Biztos: Kérj konkrétan: mit, meddig, miért. Pl. Segítesz ma cipelni? Köszi! Még egy tény. Röviden: Csinálj tésztát egyszerű szósszal: fűszerezd, főzd, öntsd tésztára, szórj sajtot.

A szöveg vége. Szép munka."
761,Mindennapi tippek – 81. rész,"Ez a szöveg lépésről lépésre magyaráz.

Tény: Kérj konkrétan: mit, meddig, miért. Pl. Segítesz ma cipelni? Köszi! Tovább. Tudtad? Igen, vidd. 80%-nál az eső nagyon valószínű. Ez is számít. Jó tudni: Írj rövid levelet plusz táblázatos CV-t és hasznos bizonyítványokat. Ez is számít. Jó tudni: Csinálj tésztát egyszerű szósszal: fűszerezd, főzd, öntsd tésztára, szórj sajtot.

Tovább. Tény: Állítsd be az utazást és hotelt, válassz napi 2-3 pontot, tervezz puffereket és napibüdzsét. Ennyi erről. Biztos: Állíts büdzsét, keress portálokon, készíts papírokat, menj kérdésekkel. Tovább. Jó tudni: Állíts célt, spórolj havonta automatikusan, told hozzá az extrát. A következő pontra.

Jegyezd meg: Mindkettőnek vannak előnyei: papír figyelem nélkül és jó memóriára, telefon kereshető és mindig nálad. Tovább. Tény: Légy rugalmas dátumokkal, hasonlíts portálokat, foglalj korán. Tovább. Jegyezd meg: Mondj nemet röviden és kedvesen, ajánlj alternatívát ha tudsz. Folytatjuk. Jó tudni: Mondd le korán, adj rövid okot, javasolj új időt.

Folytatjuk. Röviden: Tölts offline térképeket, kövesd táblákat, kérdezz embereket. Ez is számít. Biztos: Először szedd a szemetet, aztán a mosást, tegyél mindent vissza és a végén törölj.

Ez volt a lényeg."
762,Mindennapi tippek – 82. rész,"Ez a szöveg fontos tényeket mutat be. Olvasd nyugodtan.

Biztos: Sózz sok vizet, forrald, főzd a tésztát 8-10 percig, szűrd le. A következő pontra. Röviden: Ujjpróba: csak ha felül száraz locsolj, kerüld a pangást. Még egy tény. Pl. zab gyümölccsel és joghurttal, vagy teljes kiőrlésű kenyér tojással. Ennyi erről. Biztos: Keverj lisztet, tejet, tojást és csipet sót, süsd vékonyan aranybarnára.

Ez is számít. Röviden: Állíts célt, spórolj havonta automatikusan, told hozzá az extrát. Ennyi erről. Tény: Kérj konkrétan: mit, meddig, miért. Pl. Segítesz ma cipelni? Köszi! Folytatjuk. Tudtad? Írj rövid levelet plusz táblázatos CV-t és hasznos bizonyítványokat. Folytatjuk.

Jó tudni: Ujjpróba: csak ha felül száraz locsolj, kerüld a pangást. Tovább. Biztos: Mondj nemet röviden és kedvesen, ajánlj alternatívát ha tudsz. A következő pontra. Mondd le korán, adj rövid okot, javasolj új időt. Tovább. Biztos: Aludj sötétben és hűvösben, tedd le a telefont, tarts fix rutint.

Ennyi erről. Tény: Kapcsold fel a fényt, igyál egy pohár vizet, mozogj kicsit és szívj levegőt. Ennyi erről. Biztos: Kezdd heti 2x sétával vagy könnyűvel, növeld lassan.

Most már ismered a tényeket."
763,Mindennapi tippek – 83. rész,"Ez a szöveg lépésről lépésre magyaráz.

Tudtad? Tölts offline térképeket, kövesd táblákat, kérdezz embereket. Ennyi erről. Tudtad? Kezdd heti 2x sétával vagy könnyűvel, növeld lassan. Tovább. Biztos: Sózz sok vizet, forrald, főzd a tésztát 8-10 percig, szűrd le. Ez is számít. Tudtad? Tarts palackot készen, igyál egy pohárral minden étkezéshez, állíts emlékeztetőket.

Folytatjuk. Röviden: Nevezd meg a hibát, vállald, mutass megbánást és ajánlj jóvátételt, röviden és őszintén. Ez is számít. Tény: Kezdd heti 2x sétával vagy könnyűvel, növeld lassan. Még egy tény. Biztos: Igen, vidd. 80%-nál az eső nagyon valószínű. Folytatjuk.

Tény: Kérj konkrétan: mit, meddig, miért. Pl. Segítesz ma cipelni? Köszi! Folytatjuk. Oszd blokkokra, kérdezd magad aktívan, tarts szüneteket, ismételd másnap. Ennyi erről. Röviden: Mosd meg a rizst, forrald dupla vízzel, pihentesd 10-12 percig. Tovább. Tény: Tarts palackot készen, igyál egy pohárral minden étkezéshez, állíts emlékeztetőket.

Tovább. Tölts offline térképeket, kövesd táblákat, kérdezz embereket. A következő pontra. Jegyezd meg: Vigyél: igazolványt vagy útlevelet, jegyet, pénzt, telefont plusz töltőt, gyógyszert, higiéniát és váltást kézibe.

Most már ismered a tényeket."
764,Mindennapi tippek – 84. rész,"Itt rendezett tudást tanulsz. Ne siess.

Jó tudni: Mondd le korán, adj rövid okot, javasolj új időt. Ez is számít. Állítsd be az utazást és hotelt, válassz napi 2-3 pontot, tervezz puffereket és napibüdzsét. Tovább. Tudtad? Vigyél: igazolványt vagy útlevelet, jegyet, pénzt, telefont plusz töltőt, gyógyszert, higiéniát és váltást kézibe. Ennyi erről. Jegyezd meg: Kezdd heti 2x sétával vagy könnyűvel, növeld lassan.

A következő pontra. Tény: Mondj nemet röviden és kedvesen, ajánlj alternatívát ha tudsz. Tovább. Állíts büdzsét, keress portálokon, készíts papírokat, menj kérdésekkel. Ez is számít. Tény: Legjobb rövid napi egységekben kártyákkal és aktív használattal mondatokban plusz ismétlés. Még egy tény.

Írj rövid levelet plusz táblázatos CV-t és hasznos bizonyítványokat. Tovább. Jó tudni: Vigyél: igazolványt vagy útlevelet, jegyet, pénzt, telefont plusz töltőt, gyógyszert, higiéniát és váltást kézibe. Ennyi erről. Tudtad? Oszd blokkokra, kérdezd magad aktívan, tarts szüneteket, ismételd másnap. Ez is számít. Jó tudni: Kapcsold fel a fényt, igyál egy pohár vizet, mozogj kicsit és szívj levegőt.

Ennyi erről. Röviden: Kapcsold fel a fényt, igyál egy pohár vizet, mozogj kicsit és szívj levegőt. Tovább. Biztos: Nevezd meg a hibát, vállald, mutass megbánást és ajánlj jóvátételt, röviden és őszintén.

Most már ismered a tényeket."
765,Mindennapi tippek – 85. rész,"Ez a szöveg lépésről lépésre magyaráz.

Tény: Állítsd be az utazást és hotelt, válassz napi 2-3 pontot, tervezz puffereket és napibüdzsét. Folytatjuk. Tudtad? Mindkettőnek vannak előnyei: papír figyelem nélkül és jó memóriára, telefon kereshető és mindig nálad. A következő pontra. Jegyezd meg: Mondd le korán, adj rövid okot, javasolj új időt. Ez is számít. Tudtad? Légy rugalmas dátumokkal, hasonlíts portálokat, foglalj korán.

Tovább. Röviden: Kapcsold fel a fényt, igyál egy pohár vizet, mozogj kicsit és szívj levegőt. Ennyi erről. Kérj konkrétan: mit, meddig, miért. Pl. Segítesz ma cipelni? Köszi! Tovább. Biztos: Mondd le korán, adj rövid okot, javasolj új időt. Még egy tény.

Légy rugalmas dátumokkal, hasonlíts portálokat, foglalj korán. A következő pontra. Jó tudni: Állíts célt, spórolj havonta automatikusan, told hozzá az extrát. Ennyi erről. Tény: Csinálj tésztát egyszerű szósszal: fűszerezd, főzd, öntsd tésztára, szórj sajtot. Folytatjuk. Jó tudni: Legjobb rövid napi egységekben kártyákkal és aktív használattal mondatokban plusz ismétlés.

Ennyi erről. Jegyezd meg: Állíts költségvetést, nézd át előfizetéseket, főzz többször, hasonlíts árakat és tegyél félre először fix összeget. Még egy tény. Jó tudni: Nevezd meg a hibát, vállald, mutass megbánást és ajánlj jóvátételt, röviden és őszintén.

Most már ismered a tényeket."
766,Mindennapi tippek – 86. rész,"Itt rendezett tudást tanulsz. Ne siess.

Állíts célt, spórolj havonta automatikusan, told hozzá az extrát. A következő pontra. Jó tudni: Legjobb rövid napi egységekben kártyákkal és aktív használattal mondatokban plusz ismétlés. Tovább. Biztos: Nevezd meg a hibát, vállald, mutass megbánást és ajánlj jóvátételt, röviden és őszintén. Folytatjuk. Tény: Írj rövid levelet plusz táblázatos CV-t és hasznos bizonyítványokat.

Tovább. Jó tudni: Ujjpróba: csak ha felül száraz locsolj, kerüld a pangást. Ennyi erről. Jó tudni: Először szedd a szemetet, aztán a mosást, tegyél mindent vissza és a végén törölj. Ennyi erről. Tény: Tölts offline térképeket, kövesd táblákat, kérdezz embereket. Tovább.

Tudtad? Oszd blokkokra, kérdezd magad aktívan, tarts szüneteket, ismételd másnap. Még egy tény. Jó tudni: Írj rövid levelet plusz táblázatos CV-t és hasznos bizonyítványokat. Folytatjuk. Röviden: Légy rugalmas dátumokkal, hasonlíts portálokat, foglalj korán. Ez is számít. Jegyezd meg: Tölts offline térképeket, kövesd táblákat, kérdezz embereket.

A következő pontra. Tudtad? Sózz sok vizet, forrald, főzd a tésztát 8-10 percig, szűrd le. Ez is számít. Jegyezd meg: Csinálj tésztát egyszerű szósszal: fűszerezd, főzd, öntsd tésztára, szórj sajtot.

Vége ennek az áttekintésnek."
767,Mindennapi tippek – 87. rész,"Itt rendezett tudást tanulsz. Ne siess.

Biztos: Keverj lisztet, tejet, tojást és csipet sót, süsd vékonyan aranybarnára. Még egy tény. Jegyezd meg: Állítsd be az utazást és hotelt, válassz napi 2-3 pontot, tervezz puffereket és napibüdzsét. Folytatjuk. Jó tudni: Ujjpróba: csak ha felül száraz locsolj, kerüld a pangást. Tovább. Állíts célt, spórolj havonta automatikusan, told hozzá az extrát.

Ennyi erről. Biztos: Kapcsold fel a fényt, igyál egy pohár vizet, mozogj kicsit és szívj levegőt. Ennyi erről. Biztos: Először szedd a szemetet, aztán a mosást, tegyél mindent vissza és a végén törölj. Még egy tény. Ujjpróba: csak ha felül száraz locsolj, kerüld a pangást. Ennyi erről.

Tudtad? Vigyél: igazolványt vagy útlevelet, jegyet, pénzt, telefont plusz töltőt, gyógyszert, higiéniát és váltást kézibe. Folytatjuk. Először szedd a szemetet, aztán a mosást, tegyél mindent vissza és a végén törölj. A következő pontra. Jó tudni: Állíts büdzsét, keress portálokon, készíts papírokat, menj kérdésekkel. Még egy tény. Jegyezd meg: Mondd le korán, adj rövid okot, javasolj új időt.

Ez is számít. Sózz sok vizet, forrald, főzd a tésztát 8-10 percig, szűrd le. Még egy tény. Állíts költségvetést, nézd át előfizetéseket, főzz többször, hasonlíts árakat és tegyél félre először fix összeget.

A szöveg vége. Szép munka."
768,Mindennapi tippek – 88. rész,"Ez a szöveg fontos tényeket mutat be. Olvasd nyugodtan.

Biztos: Állíts költségvetést, nézd át előfizetéseket, főzz többször, hasonlíts árakat és tegyél félre először fix összeget. Folytatjuk. Írj rövid levelet plusz táblázatos CV-t és hasznos bizonyítványokat. Folytatjuk. Tény: Mondd le korán, adj rövid okot, javasolj új időt. Még egy tény. Tény: Mondj nemet röviden és kedvesen, ajánlj alternatívát ha tudsz.

A következő pontra. Röviden: Keverj lisztet, tejet, tojást és csipet sót, süsd vékonyan aranybarnára. Ez is számít. Biztos: Oszd blokkokra, kérdezd magad aktívan, tarts szüneteket, ismételd másnap. Tovább. Tudtad? Válassz 3 prioritást, tervezz blokkokat szünetekkel, tedd el a figyelemelvonókat. Még egy tény.

Tény: Legjobb rövid napi egységekben kártyákkal és aktív használattal mondatokban plusz ismétlés. A következő pontra. Jegyezd meg: Állíts költségvetést, nézd át előfizetéseket, főzz többször, hasonlíts árakat és tegyél félre először fix összeget. A következő pontra. Mondd le korán, adj rövid okot, javasolj új időt. Ez is számít. Oszd blokkokra, kérdezd magad aktívan, tarts szüneteket, ismételd másnap.

Még egy tény. Jó tudni: Sózz sok vizet, forrald, főzd a tésztát 8-10 percig, szűrd le. Ez is számít. Tény: Csinálj tésztát egyszerű szósszal: fűszerezd, főzd, öntsd tésztára, szórj sajtot.

Vége ennek az áttekintésnek."
769,Mindennapi tippek – 89. rész,"Ez a szöveg fontos tényeket mutat be. Olvasd nyugodtan.

Röviden: Tarts palackot készen, igyál egy pohárral minden étkezéshez, állíts emlékeztetőket. A következő pontra. Röviden: Írj rövid levelet plusz táblázatos CV-t és hasznos bizonyítványokat. Ez is számít. Jegyezd meg: Mondj nemet röviden és kedvesen, ajánlj alternatívát ha tudsz. Folytatjuk. Válassz 3 prioritást, tervezz blokkokat szünetekkel, tedd el a figyelemelvonókat.

Még egy tény. Tény: Mindkettőnek vannak előnyei: papír figyelem nélkül és jó memóriára, telefon kereshető és mindig nálad. Folytatjuk. Biztos: Állítsd be az utazást és hotelt, válassz napi 2-3 pontot, tervezz puffereket és napibüdzsét. Folytatjuk. Röviden: Legjobb rövid napi egységekben kártyákkal és aktív használattal mondatokban plusz ismétlés. Folytatjuk.

Tény: Ujjpróba: csak ha felül száraz locsolj, kerüld a pangást. Ez is számít. Tudtad? Állítsd be az utazást és hotelt, válassz napi 2-3 pontot, tervezz puffereket és napibüdzsét. Tovább. Biztos: Vigyél: igazolványt vagy útlevelet, jegyet, pénzt, telefont plusz töltőt, gyógyszert, higiéniát és váltást kézibe. A következő pontra. Jó tudni: Vigyél: igazolványt vagy útlevelet, jegyet, pénzt, telefont plusz töltőt, gyógyszert, higiéniát és váltást kézibe.

Ez is számít. Tudtad? Sózz sok vizet, forrald, főzd a tésztát 8-10 percig, szűrd le. Még egy tény. Tudtad? Mosd meg a rizst, forrald dupla vízzel, pihentesd 10-12 percig.

Ez volt a lényeg."
770,Mindennapi tippek – 90. rész,"Ez a szöveg fontos tényeket mutat be. Olvasd nyugodtan.

Tudtad? Légy rugalmas dátumokkal, hasonlíts portálokat, foglalj korán. Még egy tény. Röviden: Mosd meg a rizst, forrald dupla vízzel, pihentesd 10-12 percig. Folytatjuk. Tudtad? Mosd meg a rizst, forrald dupla vízzel, pihentesd 10-12 percig. Folytatjuk. Röviden: Állíts büdzsét, keress portálokon, készíts papírokat, menj kérdésekkel.

A következő pontra. Mondd le korán, adj rövid okot, javasolj új időt. Folytatjuk. Biztos: Nevezd meg a hibát, vállald, mutass megbánást és ajánlj jóvátételt, röviden és őszintén. Folytatjuk. Jegyezd meg: Mosd meg a rizst, forrald dupla vízzel, pihentesd 10-12 percig. Még egy tény.

Jó tudni: Kapcsold fel a fényt, igyál egy pohár vizet, mozogj kicsit és szívj levegőt. A következő pontra. Tudtad? Rövid szünetek, mozgás, elég alvás és beszélgetés segítenek. Még egy tény. Biztos: Pl. zab gyümölccsel és joghurttal, vagy teljes kiőrlésű kenyér tojással. Még egy tény. Biztos: Mindkettőnek vannak előnyei: papír figyelem nélkül és jó memóriára, telefon kereshető és mindig nálad.

Ez is számít. Tudtad? Aludj sötétben és hűvösben, tedd le a telefont, tarts fix rutint. Folytatjuk. Tudtad? Nevezd meg a hibát, vállald, mutass megbánást és ajánlj jóvátételt, röviden és őszintén.

A szöveg vége. Szép munka."
771,Mindennapi tippek – 91. rész,"Ez a szöveg lépésről lépésre magyaráz.

Biztos: Mondj nemet röviden és kedvesen, ajánlj alternatívát ha tudsz. A következő pontra. Biztos: Oszd blokkokra, kérdezd magad aktívan, tarts szüneteket, ismételd másnap. A következő pontra. Jegyezd meg: Mindkettőnek vannak előnyei: papír figyelem nélkül és jó memóriára, telefon kereshető és mindig nálad. Ennyi erről. Kérj konkrétan: mit, meddig, miért. Pl. Segítesz ma cipelni? Köszi!

Ennyi erről. Tudtad? Mosd meg a rizst, forrald dupla vízzel, pihentesd 10-12 percig. Ez is számít. Röviden: Légy rugalmas dátumokkal, hasonlíts portálokat, foglalj korán. Tovább. Jegyezd meg: Igen, vidd. 80%-nál az eső nagyon valószínű. Ennyi erről.

Tény: Keverj lisztet, tejet, tojást és csipet sót, süsd vékonyan aranybarnára. Folytatjuk. Tény: Sózz sok vizet, forrald, főzd a tésztát 8-10 percig, szűrd le. Folytatjuk. Tény: Csinálj tésztát egyszerű szósszal: fűszerezd, főzd, öntsd tésztára, szórj sajtot. Tovább. Biztos: Mondd le korán, adj rövid okot, javasolj új időt.

Még egy tény. Jó tudni: Kapcsold fel a fényt, igyál egy pohár vizet, mozogj kicsit és szívj levegőt. Ez is számít. Tudtad? Kezdd heti 2x sétával vagy könnyűvel, növeld lassan.

Ez volt a lényeg."
772,Mindennapi tippek – 92. rész,"Ez a szöveg lépésről lépésre magyaráz.

Jó tudni: Mosd meg a rizst, forrald dupla vízzel, pihentesd 10-12 percig. Tovább. Röviden: Nevezd meg a hibát, vállald, mutass megbánást és ajánlj jóvátételt, röviden és őszintén. Tovább. Tudtad? Először szedd a szemetet, aztán a mosást, tegyél mindent vissza és a végén törölj. A következő pontra. Tudtad? Mosd meg a rizst, forrald dupla vízzel, pihentesd 10-12 percig.

Még egy tény. Tudtad? Állítsd be az utazást és hotelt, válassz napi 2-3 pontot, tervezz puffereket és napibüdzsét. Ez is számít. Kezdd heti 2x sétával vagy könnyűvel, növeld lassan. A következő pontra. Tény: Írj rövid levelet plusz táblázatos CV-t és hasznos bizonyítványokat. Tovább.

Tudtad? Csinálj tésztát egyszerű szósszal: fűszerezd, főzd, öntsd tésztára, szórj sajtot. Ennyi erről. Biztos: Igen, vidd. 80%-nál az eső nagyon valószínű. Ennyi erről. Jó tudni: Mindkettőnek vannak előnyei: papír figyelem nélkül és jó memóriára, telefon kereshető és mindig nálad. A következő pontra. Röviden: Legjobb rövid napi egységekben kártyákkal és aktív használattal mondatokban plusz ismétlés.

Még egy tény. Tudtad? Aludj sötétben és hűvösben, tedd le a telefont, tarts fix rutint. Folytatjuk. Tudtad? Válassz 3 prioritást, tervezz blokkokat szünetekkel, tedd el a figyelemelvonókat.

A szöveg vége. Szép munka."
773,Mindennapi tippek – 93. rész,"Itt rendezett tudást tanulsz. Ne siess.

Jó tudni: Ujjpróba: csak ha felül száraz locsolj, kerüld a pangást. Ez is számít. Tudtad? Oszd blokkokra, kérdezd magad aktívan, tarts szüneteket, ismételd másnap. Ez is számít. Jegyezd meg: Igen, vidd. 80%-nál az eső nagyon valószínű. Ez is számít. Röviden: Pl. zab gyümölccsel és joghurttal, vagy teljes kiőrlésű kenyér tojással.

Tovább. Biztos: Mosd meg a rizst, forrald dupla vízzel, pihentesd 10-12 percig. Ennyi erről. Állíts büdzsét, keress portálokon, készíts papírokat, menj kérdésekkel. Tovább. Jegyezd meg: Állíts célt, spórolj havonta automatikusan, told hozzá az extrát. Ennyi erről.

Jegyezd meg: Kérj konkrétan: mit, meddig, miért. Pl. Segítesz ma cipelni? Köszi! Ennyi erről. Tudtad? Állíts költségvetést, nézd át előfizetéseket, főzz többször, hasonlíts árakat és tegyél félre először fix összeget. Ennyi erről. Tény: Vigyél: igazolványt vagy útlevelet, jegyet, pénzt, telefont plusz töltőt, gyógyszert, higiéniát és váltást kézibe. Tovább. Mosd meg a rizst, forrald dupla vízzel, pihentesd 10-12 percig.

A következő pontra. Jegyezd meg: Mondd le korán, adj rövid okot, javasolj új időt. Folytatjuk. Biztos: Állíts költségvetést, nézd át előfizetéseket, főzz többször, hasonlíts árakat és tegyél félre először fix összeget.

A szöveg vége. Szép munka."
774,Mindennapi tippek – 94. rész,"Alább ellenőrzött tudást találsz.

Keverj lisztet, tejet, tojást és csipet sót, süsd vékonyan aranybarnára. Ennyi erről. Tudtad? Ujjpróba: csak ha felül száraz locsolj, kerüld a pangást. Folytatjuk. Tudtad? Kapcsold fel a fényt, igyál egy pohár vizet, mozogj kicsit és szívj levegőt. A következő pontra. Tény: Csinálj tésztát egyszerű szósszal: fűszerezd, főzd, öntsd tésztára, szórj sajtot.

Tovább. Jegyezd meg: Mondd le korán, adj rövid okot, javasolj új időt. Tovább. Tudtad? Kezdd heti 2x sétával vagy könnyűvel, növeld lassan. Folytatjuk. Jegyezd meg: Mindkettőnek vannak előnyei: papír figyelem nélkül és jó memóriára, telefon kereshető és mindig nálad. A következő pontra.

Jó tudni: Ujjpróba: csak ha felül száraz locsolj, kerüld a pangást. Folytatjuk. Tény: Először szedd a szemetet, aztán a mosást, tegyél mindent vissza és a végén törölj. Még egy tény. Biztos: Tarts palackot készen, igyál egy pohárral minden étkezéshez, állíts emlékeztetőket. Folytatjuk. Tény: Oszd blokkokra, kérdezd magad aktívan, tarts szüneteket, ismételd másnap.

Ennyi erről. Tudtad? Írj rövid levelet plusz táblázatos CV-t és hasznos bizonyítványokat. Tovább. Röviden: Mondj nemet röviden és kedvesen, ajánlj alternatívát ha tudsz.

A szöveg vége. Szép munka."
775,Mindennapi tippek – 95. rész,"Ez a szöveg fontos tényeket mutat be. Olvasd nyugodtan.

Röviden: Csinálj tésztát egyszerű szósszal: fűszerezd, főzd, öntsd tésztára, szórj sajtot. Még egy tény. Biztos: Légy rugalmas dátumokkal, hasonlíts portálokat, foglalj korán. Ennyi erről. Röviden: Mondd le korán, adj rövid okot, javasolj új időt. Ennyi erről. Légy rugalmas dátumokkal, hasonlíts portálokat, foglalj korán.

Még egy tény. Jó tudni: Mosd meg a rizst, forrald dupla vízzel, pihentesd 10-12 percig. Folytatjuk. Először szedd a szemetet, aztán a mosást, tegyél mindent vissza és a végén törölj. Folytatjuk. Jó tudni: Igen, vidd. 80%-nál az eső nagyon valószínű. Ennyi erről.

Jegyezd meg: Kapcsold fel a fényt, igyál egy pohár vizet, mozogj kicsit és szívj levegőt. Ez is számít. Tény: Nevezd meg a hibát, vállald, mutass megbánást és ajánlj jóvátételt, röviden és őszintén. Ennyi erről. Röviden: Kapcsold fel a fényt, igyál egy pohár vizet, mozogj kicsit és szívj levegőt. Folytatjuk. Biztos: Ujjpróba: csak ha felül száraz locsolj, kerüld a pangást.

A következő pontra. Tény: Tekerd a ruhákat hajtogatás helyett, nehéz alulra, töltsd zoknikkal. Folytatjuk. Tudtad? Tölts offline térképeket, kövesd táblákat, kérdezz embereket.

Most már ismered a tényeket."
776,Mindennapi tippek – 96. rész,"Itt rendezett tudást tanulsz. Ne siess.

Biztos: Kapcsold fel a fényt, igyál egy pohár vizet, mozogj kicsit és szívj levegőt. Folytatjuk. Aludj sötétben és hűvösben, tedd le a telefont, tarts fix rutint. Tovább. Jó tudni: Válassz 3 prioritást, tervezz blokkokat szünetekkel, tedd el a figyelemelvonókat. Még egy tény. Tény: Pl. zab gyümölccsel és joghurttal, vagy teljes kiőrlésű kenyér tojással.

Tovább. Röviden: Először szedd a szemetet, aztán a mosást, tegyél mindent vissza és a végén törölj. A következő pontra. Jegyezd meg: Mondd le korán, adj rövid okot, javasolj új időt. Tovább. Jegyezd meg: Állíts büdzsét, keress portálokon, készíts papírokat, menj kérdésekkel. Tovább.

Tény: Mondd le korán, adj rövid okot, javasolj új időt. A következő pontra. Tudtad? Csinálj tésztát egyszerű szósszal: fűszerezd, főzd, öntsd tésztára, szórj sajtot. Tovább. Tudtad? Állíts költségvetést, nézd át előfizetéseket, főzz többször, hasonlíts árakat és tegyél félre először fix összeget. Folytatjuk. Tény: Kérj konkrétan: mit, meddig, miért. Pl. Segítesz ma cipelni? Köszi!

Ez is számít. Röviden: Kérj konkrétan: mit, meddig, miért. Pl. Segítesz ma cipelni? Köszi! A következő pontra. Tény: Légy rugalmas dátumokkal, hasonlíts portálokat, foglalj korán.

A szöveg vége. Szép munka."
777,Mindennapi tippek – 97. rész,"Itt rendezett tudást tanulsz. Ne siess.

Jó tudni: Igen, vidd. 80%-nál az eső nagyon valószínű. Tovább. Röviden: Csinálj tésztát egyszerű szósszal: fűszerezd, főzd, öntsd tésztára, szórj sajtot. Folytatjuk. Biztos: Csinálj tésztát egyszerű szósszal: fűszerezd, főzd, öntsd tésztára, szórj sajtot. Ez is számít. Tarts palackot készen, igyál egy pohárral minden étkezéshez, állíts emlékeztetőket.

Tovább. Kapcsold fel a fényt, igyál egy pohár vizet, mozogj kicsit és szívj levegőt. Ennyi erről. Jegyezd meg: Állíts költségvetést, nézd át előfizetéseket, főzz többször, hasonlíts árakat és tegyél félre először fix összeget. Ennyi erről. Biztos: Légy rugalmas dátumokkal, hasonlíts portálokat, foglalj korán. Tovább.

Biztos: Mosd meg a rizst, forrald dupla vízzel, pihentesd 10-12 percig. Ennyi erről. Tény: Tölts offline térképeket, kövesd táblákat, kérdezz embereket. Ez is számít. Pl. zab gyümölccsel és joghurttal, vagy teljes kiőrlésű kenyér tojással. Még egy tény. Jegyezd meg: Vigyél: igazolványt vagy útlevelet, jegyet, pénzt, telefont plusz töltőt, gyógyszert, higiéniát és váltást kézibe.

Tovább. Tudtad? Pl. zab gyümölccsel és joghurttal, vagy teljes kiőrlésű kenyér tojással. Ez is számít. Jegyezd meg: Sózz sok vizet, forrald, főzd a tésztát 8-10 percig, szűrd le.

A szöveg vége. Szép munka."
778,Mindennapi tippek – 98. rész,"Ez a szöveg fontos tényeket mutat be. Olvasd nyugodtan.

Röviden: Mondd le korán, adj rövid okot, javasolj új időt. Ez is számít. Tény: Tarts palackot készen, igyál egy pohárral minden étkezéshez, állíts emlékeztetőket. Ennyi erről. Tekerd a ruhákat hajtogatás helyett, nehéz alulra, töltsd zoknikkal. Még egy tény. Tudtad? Írj rövid levelet plusz táblázatos CV-t és hasznos bizonyítványokat.

A következő pontra. Tudtad? Először szedd a szemetet, aztán a mosást, tegyél mindent vissza és a végén törölj. Ennyi erről. Állíts célt, spórolj havonta automatikusan, told hozzá az extrát. A következő pontra. Tény: Mindkettőnek vannak előnyei: papír figyelem nélkül és jó memóriára, telefon kereshető és mindig nálad. A következő pontra.

Tény: Igen, vidd. 80%-nál az eső nagyon valószínű. Még egy tény. Biztos: Vigyél: igazolványt vagy útlevelet, jegyet, pénzt, telefont plusz töltőt, gyógyszert, higiéniát és váltást kézibe. A következő pontra. Biztos: Ujjpróba: csak ha felül száraz locsolj, kerüld a pangást. Ez is számít. Tény: Mosd meg a rizst, forrald dupla vízzel, pihentesd 10-12 percig.

Folytatjuk. Állíts büdzsét, keress portálokon, készíts papírokat, menj kérdésekkel. A következő pontra. Tény: Tölts offline térképeket, kövesd táblákat, kérdezz embereket.

Vége ennek az áttekintésnek."
779,Mindennapi tippek – 99. rész,"Itt rendezett tudást tanulsz. Ne siess.

Jó tudni: Nevezd meg a hibát, vállald, mutass megbánást és ajánlj jóvátételt, röviden és őszintén. A következő pontra. Röviden: Sózz sok vizet, forrald, főzd a tésztát 8-10 percig, szűrd le. Tovább. Röviden: Aludj sötétben és hűvösben, tedd le a telefont, tarts fix rutint. Tovább. Tény: Kérj konkrétan: mit, meddig, miért. Pl. Segítesz ma cipelni? Köszi!

Még egy tény. Jó tudni: Kapcsold fel a fényt, igyál egy pohár vizet, mozogj kicsit és szívj levegőt. A következő pontra. Biztos: Oszd blokkokra, kérdezd magad aktívan, tarts szüneteket, ismételd másnap. Folytatjuk. Tény: Kapcsold fel a fényt, igyál egy pohár vizet, mozogj kicsit és szívj levegőt. Folytatjuk.

Biztos: Állíts büdzsét, keress portálokon, készíts papírokat, menj kérdésekkel. Folytatjuk. Kezdd heti 2x sétával vagy könnyűvel, növeld lassan. Még egy tény. Röviden: Tekerd a ruhákat hajtogatás helyett, nehéz alulra, töltsd zoknikkal. Ez is számít. Jegyezd meg: Pl. zab gyümölccsel és joghurttal, vagy teljes kiőrlésű kenyér tojással.

A következő pontra. Mondj nemet röviden és kedvesen, ajánlj alternatívát ha tudsz. Tovább. Igen, vidd. 80%-nál az eső nagyon valószínű.

Ez volt a lényeg."
780,Mindennapi tippek – 100. rész,"Alább ellenőrzött tudást találsz.

Biztos: Vigyél: igazolványt vagy útlevelet, jegyet, pénzt, telefont plusz töltőt, gyógyszert, higiéniát és váltást kézibe. A következő pontra. Jegyezd meg: Tekerd a ruhákat hajtogatás helyett, nehéz alulra, töltsd zoknikkal. A következő pontra. Tudtad? Állíts költségvetést, nézd át előfizetéseket, főzz többször, hasonlíts árakat és tegyél félre először fix összeget. Folytatjuk. Röviden: Tölts offline térképeket, kövesd táblákat, kérdezz embereket.

Tovább. Biztos: Rövid szünetek, mozgás, elég alvás és beszélgetés segítenek. Még egy tény. Tudtad? Írj rövid levelet plusz táblázatos CV-t és hasznos bizonyítványokat. Még egy tény. Röviden: Csinálj tésztát egyszerű szósszal: fűszerezd, főzd, öntsd tésztára, szórj sajtot. Ennyi erről.

Jó tudni: Pl. zab gyümölccsel és joghurttal, vagy teljes kiőrlésű kenyér tojással. Még egy tény. Röviden: Keverj lisztet, tejet, tojást és csipet sót, süsd vékonyan aranybarnára. A következő pontra. Jegyezd meg: Sózz sok vizet, forrald, főzd a tésztát 8-10 percig, szűrd le. A következő pontra. Biztos: Kérj konkrétan: mit, meddig, miért. Pl. Segítesz ma cipelni? Köszi!

Tovább. Mosd meg a rizst, forrald dupla vízzel, pihentesd 10-12 percig. Folytatjuk. Jó tudni: Igen, vidd. 80%-nál az eső nagyon valószínű.

A szöveg vége. Szép munka."
781,Mindennapi tippek – 101. rész,"Ez a szöveg fontos tényeket mutat be. Olvasd nyugodtan.

Sózz sok vizet, forrald, főzd a tésztát 8-10 percig, szűrd le. Folytatjuk. Jó tudni: Oszd blokkokra, kérdezd magad aktívan, tarts szüneteket, ismételd másnap. A következő pontra. Biztos: Rövid szünetek, mozgás, elég alvás és beszélgetés segítenek. A következő pontra. Tudtad? Keverj lisztet, tejet, tojást és csipet sót, süsd vékonyan aranybarnára.

Még egy tény. Jó tudni: Állítsd be az utazást és hotelt, válassz napi 2-3 pontot, tervezz puffereket és napibüdzsét. Ennyi erről. Tudtad? Állíts büdzsét, keress portálokon, készíts papírokat, menj kérdésekkel. Folytatjuk. Jegyezd meg: Kapcsold fel a fényt, igyál egy pohár vizet, mozogj kicsit és szívj levegőt. Ez is számít.

Jegyezd meg: Ujjpróba: csak ha felül száraz locsolj, kerüld a pangást. Tovább. Jó tudni: Tölts offline térképeket, kövesd táblákat, kérdezz embereket. Ez is számít. Röviden: Tekerd a ruhákat hajtogatás helyett, nehéz alulra, töltsd zoknikkal. Még egy tény. Nevezd meg a hibát, vállald, mutass megbánást és ajánlj jóvátételt, röviden és őszintén.

Még egy tény. Tudtad? Mindkettőnek vannak előnyei: papír figyelem nélkül és jó memóriára, telefon kereshető és mindig nálad. Ennyi erről. Biztos: Keverj lisztet, tejet, tojást és csipet sót, süsd vékonyan aranybarnára.

A szöveg vége. Szép munka."
782,Mindennapi tippek – 102. rész,"Ez a szöveg lépésről lépésre magyaráz.

Röviden: Keverj lisztet, tejet, tojást és csipet sót, süsd vékonyan aranybarnára. Még egy tény. Tudtad? Nevezd meg a hibát, vállald, mutass megbánást és ajánlj jóvátételt, röviden és őszintén. Ez is számít. Ujjpróba: csak ha felül száraz locsolj, kerüld a pangást. A következő pontra. Röviden: Válassz 3 prioritást, tervezz blokkokat szünetekkel, tedd el a figyelemelvonókat.

A következő pontra. Tudtad? Keverj lisztet, tejet, tojást és csipet sót, süsd vékonyan aranybarnára. A következő pontra. Jegyezd meg: Mosd meg a rizst, forrald dupla vízzel, pihentesd 10-12 percig. Tovább. Röviden: Írj rövid levelet plusz táblázatos CV-t és hasznos bizonyítványokat. Még egy tény.

Rövid szünetek, mozgás, elég alvás és beszélgetés segítenek. Ez is számít. Tény: Csinálj tésztát egyszerű szósszal: fűszerezd, főzd, öntsd tésztára, szórj sajtot. Még egy tény. Jó tudni: Állítsd be az utazást és hotelt, válassz napi 2-3 pontot, tervezz puffereket és napibüdzsét. Még egy tény. Tudtad? Mondd le korán, adj rövid okot, javasolj új időt.

Ennyi erről. Tudtad? Kezdd heti 2x sétával vagy könnyűvel, növeld lassan. Ez is számít. Jegyezd meg: Írj rövid levelet plusz táblázatos CV-t és hasznos bizonyítványokat.

A szöveg vége. Szép munka."
783,Mindennapi tippek – 103. rész,"Alább ellenőrzött tudást találsz.

Tény: Mondd le korán, adj rövid okot, javasolj új időt. Még egy tény. Nevezd meg a hibát, vállald, mutass megbánást és ajánlj jóvátételt, röviden és őszintén. Még egy tény. Biztos: Állíts célt, spórolj havonta automatikusan, told hozzá az extrát. A következő pontra. Jegyezd meg: Mondd le korán, adj rövid okot, javasolj új időt.

Ez is számít. Jegyezd meg: Állítsd be az utazást és hotelt, válassz napi 2-3 pontot, tervezz puffereket és napibüdzsét. Ennyi erről. Tény: Ujjpróba: csak ha felül száraz locsolj, kerüld a pangást. Folytatjuk. Jó tudni: Keverj lisztet, tejet, tojást és csipet sót, süsd vékonyan aranybarnára. Folytatjuk.

Tény: Tölts offline térképeket, kövesd táblákat, kérdezz embereket. Tovább. Tudtad? Nevezd meg a hibát, vállald, mutass megbánást és ajánlj jóvátételt, röviden és őszintén. Tovább. Mosd meg a rizst, forrald dupla vízzel, pihentesd 10-12 percig. Tovább. Röviden: Tarts palackot készen, igyál egy pohárral minden étkezéshez, állíts emlékeztetőket.

Ennyi erről. Tény: Sózz sok vizet, forrald, főzd a tésztát 8-10 percig, szűrd le. Még egy tény. Jegyezd meg: Írj rövid levelet plusz táblázatos CV-t és hasznos bizonyítványokat.

Ez volt a lényeg."
784,Mindennapi tippek – 104. rész,"Alább ellenőrzött tudást találsz.

Tudtad? Először szedd a szemetet, aztán a mosást, tegyél mindent vissza és a végén törölj. Ez is számít. Röviden: Igen, vidd. 80%-nál az eső nagyon valószínű. Tovább. Légy rugalmas dátumokkal, hasonlíts portálokat, foglalj korán. Folytatjuk. Tény: Tekerd a ruhákat hajtogatás helyett, nehéz alulra, töltsd zoknikkal.

Tovább. Jegyezd meg: Állítsd be az utazást és hotelt, válassz napi 2-3 pontot, tervezz puffereket és napibüdzsét. Tovább. Jó tudni: Tarts palackot készen, igyál egy pohárral minden étkezéshez, állíts emlékeztetőket. Folytatjuk. Tény: Tarts palackot készen, igyál egy pohárral minden étkezéshez, állíts emlékeztetőket. Ez is számít.

Tudtad? Csinálj tésztát egyszerű szósszal: fűszerezd, főzd, öntsd tésztára, szórj sajtot. Tovább. Ujjpróba: csak ha felül száraz locsolj, kerüld a pangást. Tovább. Tudtad? Vigyél: igazolványt vagy útlevelet, jegyet, pénzt, telefont plusz töltőt, gyógyszert, higiéniát és váltást kézibe. A következő pontra. Tudtad? Sózz sok vizet, forrald, főzd a tésztát 8-10 percig, szűrd le.

Ennyi erről. Jó tudni: Válassz 3 prioritást, tervezz blokkokat szünetekkel, tedd el a figyelemelvonókat. Tovább. Biztos: Kapcsold fel a fényt, igyál egy pohár vizet, mozogj kicsit és szívj levegőt.

A szöveg vége. Szép munka."
785,Mindennapi tippek – 105. rész,"Ez a szöveg lépésről lépésre magyaráz.

Biztos: Kezdd heti 2x sétával vagy könnyűvel, növeld lassan. Ez is számít. Jó tudni: Kérj konkrétan: mit, meddig, miért. Pl. Segítesz ma cipelni? Köszi! Ennyi erről. Jó tudni: Mosd meg a rizst, forrald dupla vízzel, pihentesd 10-12 percig. Még egy tény. Biztos: Rövid szünetek, mozgás, elég alvás és beszélgetés segítenek.

A következő pontra. Tény: Mondj nemet röviden és kedvesen, ajánlj alternatívát ha tudsz. Ennyi erről. Biztos: Aludj sötétben és hűvösben, tedd le a telefont, tarts fix rutint. Ennyi erről. Röviden: Nevezd meg a hibát, vállald, mutass megbánást és ajánlj jóvátételt, röviden és őszintén. Tovább.

Nevezd meg a hibát, vállald, mutass megbánást és ajánlj jóvátételt, röviden és őszintén. Tovább. Kapcsold fel a fényt, igyál egy pohár vizet, mozogj kicsit és szívj levegőt. Még egy tény. Jó tudni: Nevezd meg a hibát, vállald, mutass megbánást és ajánlj jóvátételt, röviden és őszintén. Folytatjuk. Jó tudni: Aludj sötétben és hűvösben, tedd le a telefont, tarts fix rutint.

Még egy tény. Röviden: Írj rövid levelet plusz táblázatos CV-t és hasznos bizonyítványokat. Folytatjuk. Jegyezd meg: Aludj sötétben és hűvösben, tedd le a telefont, tarts fix rutint.

Vége ennek az áttekintésnek."
786,Mindennapi tippek – 106. rész,"Alább ellenőrzött tudást találsz.

Pl. zab gyümölccsel és joghurttal, vagy teljes kiőrlésű kenyér tojással. A következő pontra. Biztos: Legjobb rövid napi egységekben kártyákkal és aktív használattal mondatokban plusz ismétlés. Ennyi erről. Röviden: Légy rugalmas dátumokkal, hasonlíts portálokat, foglalj korán. Folytatjuk. Tény: Tarts palackot készen, igyál egy pohárral minden étkezéshez, állíts emlékeztetőket.

Ennyi erről. Jó tudni: Kezdd heti 2x sétával vagy könnyűvel, növeld lassan. A következő pontra. Tudtad? Rövid szünetek, mozgás, elég alvás és beszélgetés segítenek. Ennyi erről. Tekerd a ruhákat hajtogatás helyett, nehéz alulra, töltsd zoknikkal. Tovább.

Sózz sok vizet, forrald, főzd a tésztát 8-10 percig, szűrd le. Folytatjuk. Tény: Nevezd meg a hibát, vállald, mutass megbánást és ajánlj jóvátételt, röviden és őszintén. Ennyi erről. Röviden: Tarts palackot készen, igyál egy pohárral minden étkezéshez, állíts emlékeztetőket. Tovább. Válassz 3 prioritást, tervezz blokkokat szünetekkel, tedd el a figyelemelvonókat.

Még egy tény. Röviden: Keverj lisztet, tejet, tojást és csipet sót, süsd vékonyan aranybarnára. Ennyi erről. Tudtad? Légy rugalmas dátumokkal, hasonlíts portálokat, foglalj korán.

Most már ismered a tényeket."
787,Mindennapi tippek – 107. rész,"Itt rendezett tudást tanulsz. Ne siess.

Tudtad? Állíts célt, spórolj havonta automatikusan, told hozzá az extrát. Még egy tény. Légy rugalmas dátumokkal, hasonlíts portálokat, foglalj korán. Még egy tény. Biztos: Kérj konkrétan: mit, meddig, miért. Pl. Segítesz ma cipelni? Köszi! Ez is számít. Jegyezd meg: Sózz sok vizet, forrald, főzd a tésztát 8-10 percig, szűrd le.

Még egy tény. Tudtad? Kezdd heti 2x sétával vagy könnyűvel, növeld lassan. A következő pontra. Tudtad? Sózz sok vizet, forrald, főzd a tésztát 8-10 percig, szűrd le. Tovább. Jegyezd meg: Állíts büdzsét, keress portálokon, készíts papírokat, menj kérdésekkel. Tovább.

Jó tudni: Oszd blokkokra, kérdezd magad aktívan, tarts szüneteket, ismételd másnap. Ez is számít. Tudtad? Oszd blokkokra, kérdezd magad aktívan, tarts szüneteket, ismételd másnap. Tovább. Tény: Legjobb rövid napi egységekben kártyákkal és aktív használattal mondatokban plusz ismétlés. Ez is számít. Legjobb rövid napi egységekben kártyákkal és aktív használattal mondatokban plusz ismétlés.

Folytatjuk. Jó tudni: Írj rövid levelet plusz táblázatos CV-t és hasznos bizonyítványokat. Még egy tény. Nevezd meg a hibát, vállald, mutass megbánást és ajánlj jóvátételt, röviden és őszintén.

A szöveg vége. Szép munka."
788,Mindennapi tippek – 108. rész,"Ez a szöveg fontos tényeket mutat be. Olvasd nyugodtan.

Jegyezd meg: Nevezd meg a hibát, vállald, mutass megbánást és ajánlj jóvátételt, röviden és őszintén. Folytatjuk. Biztos: Sózz sok vizet, forrald, főzd a tésztát 8-10 percig, szűrd le. Folytatjuk. Jó tudni: Tekerd a ruhákat hajtogatás helyett, nehéz alulra, töltsd zoknikkal. Ez is számít. Jegyezd meg: Először szedd a szemetet, aztán a mosást, tegyél mindent vissza és a végén törölj.

Tovább. Tudtad? Pl. zab gyümölccsel és joghurttal, vagy teljes kiőrlésű kenyér tojással. Ennyi erről. Jegyezd meg: Mondj nemet röviden és kedvesen, ajánlj alternatívát ha tudsz. Ez is számít. Jegyezd meg: Rövid szünetek, mozgás, elég alvás és beszélgetés segítenek. Még egy tény.

Tudtad? Légy rugalmas dátumokkal, hasonlíts portálokat, foglalj korán. Ennyi erről. Tény: Mosd meg a rizst, forrald dupla vízzel, pihentesd 10-12 percig. Tovább. Jó tudni: Legjobb rövid napi egységekben kártyákkal és aktív használattal mondatokban plusz ismétlés. Még egy tény. Röviden: Mondd le korán, adj rövid okot, javasolj új időt.

Folytatjuk. Biztos: Állítsd be az utazást és hotelt, válassz napi 2-3 pontot, tervezz puffereket és napibüdzsét. Folytatjuk. Röviden: Először szedd a szemetet, aztán a mosást, tegyél mindent vissza és a végén törölj.

Vége ennek az áttekintésnek."
789,Mindennapi tippek – 109. rész,"Alább ellenőrzött tudást találsz.

Röviden: Tölts offline térképeket, kövesd táblákat, kérdezz embereket. Még egy tény. Jegyezd meg: Írj rövid levelet plusz táblázatos CV-t és hasznos bizonyítványokat. Még egy tény. Biztos: Mosd meg a rizst, forrald dupla vízzel, pihentesd 10-12 percig. Tovább. Biztos: Legjobb rövid napi egységekben kártyákkal és aktív használattal mondatokban plusz ismétlés.

Ez is számít. Tudtad? Vigyél: igazolványt vagy útlevelet, jegyet, pénzt, telefont plusz töltőt, gyógyszert, higiéniát és váltást kézibe. Tovább. Tudtad? Írj rövid levelet plusz táblázatos CV-t és hasznos bizonyítványokat. Ez is számít. Jó tudni: Csinálj tésztát egyszerű szósszal: fűszerezd, főzd, öntsd tésztára, szórj sajtot. A következő pontra.

Tény: Állítsd be az utazást és hotelt, válassz napi 2-3 pontot, tervezz puffereket és napibüdzsét. Tovább. Rövid szünetek, mozgás, elég alvás és beszélgetés segítenek. Ez is számít. Tény: Rövid szünetek, mozgás, elég alvás és beszélgetés segítenek. Tovább. Jó tudni: Állíts célt, spórolj havonta automatikusan, told hozzá az extrát.

Ennyi erről. Tudtad? Rövid szünetek, mozgás, elég alvás és beszélgetés segítenek. Tovább. Jegyezd meg: Oszd blokkokra, kérdezd magad aktívan, tarts szüneteket, ismételd másnap.

A szöveg vége. Szép munka."
790,Mindennapi tippek – 110. rész,"Itt rendezett tudást tanulsz. Ne siess.

Biztos: Kezdd heti 2x sétával vagy könnyűvel, növeld lassan. A következő pontra. Biztos: Írj rövid levelet plusz táblázatos CV-t és hasznos bizonyítványokat. A következő pontra. Ujjpróba: csak ha felül száraz locsolj, kerüld a pangást. Ennyi erről. Rövid szünetek, mozgás, elég alvás és beszélgetés segítenek.

Ez is számít. Biztos: Keverj lisztet, tejet, tojást és csipet sót, süsd vékonyan aranybarnára. Ennyi erről. Jó tudni: Vigyél: igazolványt vagy útlevelet, jegyet, pénzt, telefont plusz töltőt, gyógyszert, higiéniát és váltást kézibe. Ennyi erről. Tény: Tekerd a ruhákat hajtogatás helyett, nehéz alulra, töltsd zoknikkal. Folytatjuk.

Jó tudni: Mondd le korán, adj rövid okot, javasolj új időt. A következő pontra. Tudtad? Válassz 3 prioritást, tervezz blokkokat szünetekkel, tedd el a figyelemelvonókat. Ennyi erről. Jó tudni: Mondj nemet röviden és kedvesen, ajánlj alternatívát ha tudsz. Tovább. Tudtad? Mosd meg a rizst, forrald dupla vízzel, pihentesd 10-12 percig.

Ennyi erről. Biztos: Állíts célt, spórolj havonta automatikusan, told hozzá az extrát. Még egy tény. Jegyezd meg: Mondd le korán, adj rövid okot, javasolj új időt.

Most már ismered a tényeket."
791,Összehasonlítások és fogalmak – 1. rész,"Ez a szöveg lépésről lépésre magyaráz.

Biztos: A tapasztalat megélt tudás. Folytatjuk. Tudtad? Az idő múltból jövőbe folyik. A következő pontra. Jó tudni: A tény bizonyítható és ellenőrizhető, a vélemény személyes nézet. Folytatjuk. Jegyezd meg: Bérelj ha rugalmas maradsz; ha sokáig maradsz és tudsz fizetni, nézd a vételt minden költséggel.

Ennyi erről. Röviden: A szeretet mély vonzalom és gondoskodás. Folytatjuk. Jó tudni: Válassz feladatok és alvás szerint: elég alvás és fix ritmus számít. Ennyi erről. Jegyezd meg: Nem, tervezz pihenést. Heti 3-4 alkalommal gyakran elég, mindennap csak könnyű. Folytatjuk.

Biztos: Spórolj havi 100 eurót automatikusan, pl. utalással fizetés után. Ez is számít. Biztos: A csapatmunka együtt halad cél felé. Folytatjuk. Jegyezd meg: Az őszinteség igazat mond és elismeri a hibákat. Tovább. Tény: Nem gondolkodom üdvözlésnél, köszönetnél és small talknál. Gondolkodom tényeknél, számításoknál, magyarázatoknál, összehasonlításoknál és döntéseknél, és akkor mutatom a gondolkodást.

Tovább. A tény bizonyítható és ellenőrizhető, a vélemény személyes nézet. Tovább. Tény: Az őszinteség igazat mond és elismeri a hibákat.

Most már ismered a tényeket."
792,Összehasonlítások és fogalmak – 2. rész,"Itt rendezett tudást tanulsz. Ne siess.

Tudtad? A bátorság félelem ellenére jót tesz. A következő pontra. Jegyezd meg: Az őszinteség igazat mond és elismeri a hibákat. Tovább. Jó tudni: Spórolj havi 100 eurót automatikusan, pl. utalással fizetés után. Még egy tény. Az álhírek kitaláltak. Ellenőrizd a forrást, a dátumot és más médiát.

A következő pontra. Tudtad? A szükséglet létfontosságú, a vágy azon túli kívánság. Tovább. Tudtad? A humor tud nevetni a vicces dolgokon. Ennyi erről. Biztos: Az idő múltból jövőbe folyik. Ennyi erről.

Biztos: A rend dolgokat helyén tartja. Ez is számít. Jegyezd meg: A siker eléri a kitűzött célokat. A következő pontra. Röviden: Válassz feladatok és alvás szerint: elég alvás és fix ritmus számít. Tovább. Jó tudni: A tény bizonyítható és ellenőrizhető, a vélemény személyes nézet.

Ennyi erről. Biztos: Az álhírek kitaláltak. Ellenőrizd a forrást, a dátumot és más médiát. Ennyi erről. Jegyezd meg: Válassz feladatok és alvás szerint: elég alvás és fix ritmus számít.

Vége ennek az áttekintésnek."
793,Összehasonlítások és fogalmak – 3. rész,"Alább ellenőrzött tudást találsz.

Tény: A türelem nyugodtan vár és kitart. Ennyi erről. A siker eléri a kitűzött célokat. Folytatjuk. Biztos: A tény bizonyítható és ellenőrizhető, a vélemény személyes nézet. Ennyi erről. Röviden: A városok munkákat és közelt adnak, a vidék nyugalmat és helyet. Válassz munka és stílus szerint.

Ennyi erről. Tudtad? A csapatmunka együtt halad cél felé. A következő pontra. Jegyezd meg: Válassz feladatok és alvás szerint: elég alvás és fix ritmus számít. Még egy tény. Tény: A rend dolgokat helyén tartja. Még egy tény.

Az alvás többet számít, mert rögzíti a tanulást. Tanulj korán, aludj eleget. Még egy tény. Biztos: Igyál előbb vizet, kávét utána mértékkel. Ennyi erről. Röviden: A rend dolgokat helyén tartja. A következő pontra. Tény: A szeretet mély vonzalom és gondoskodás.

Folytatjuk. Az egészség testi és lelki jólét. A következő pontra. Jó tudni: A bátorság félelem ellenére jót tesz.

Ez volt a lényeg."
794,Összehasonlítások és fogalmak – 4. rész,"Ez a szöveg fontos tényeket mutat be. Olvasd nyugodtan.

Röviden: A tanulás tudást és készségeket szerez. Ennyi erről. Tény: A tény bizonyítható és ellenőrizhető, a vélemény személyes nézet. Tovább. Röviden: Tartsd meg ha elég. Vegyél újat csak hiba vagy valós szükség esetén. A következő pontra. Jegyezd meg: A barátság bizalmat, kölcsönös segítséget és közös időt jelent.

Ez is számít. Biztos: Az idő korlátozott és nem tér vissza, a pénz újra megkereshető. Az egyensúly számít. Ennyi erről. Jegyezd meg: Szép időben vedd a biciklit (kb. 20 perc, egészséges), esőben a buszt. Folytatjuk. Biztos: A fegyelem kedv nélkül is kitart. Tovább.

Tudtad? A kreativitás új ötleteket és megoldásokat talál. A következő pontra. Tény: Bérelj ha rugalmas maradsz; ha sokáig maradsz és tudsz fizetni, nézd a vételt minden költséggel. Még egy tény. Tudtad? A környezet a természetes keretünk. Tovább. Jó tudni: Igyál előbb vizet, kávét utána mértékkel.

Ez is számít. A tapasztalat megélt tudás. Folytatjuk. Tudtad? A vonat relax és gyakran zöldebb, az autó rugalmas csomaggal. Dugóban a vonat nyer.

Vége ennek az áttekintésnek."
795,Összehasonlítások és fogalmak – 5. rész,"Itt rendezett tudást tanulsz. Ne siess.

Tény: A fegyelem kedv nélkül is kitart. Folytatjuk. A biztonság veszélytől véd. Ez is számít. Tudtad? Nem. Pihenj és menj orvoshoz magas vagy hosszú láznál. Még egy tény. Tudtad? A megbízhatóság tartja az ígéreteket.

Még egy tény. Biztos: A humor tud nevetni a vicces dolgokon. Folytatjuk. Tény: A humor tud nevetni a vicces dolgokon. Tovább. Biztos: Az álhírek kitaláltak. Ellenőrizd a forrást, a dátumot és más médiát. A következő pontra.

Jegyezd meg: A kreativitás új ötleteket és megoldásokat talál. Ennyi erről. Tudtad? A természet város nélküli növények, állatok és tájak. Tovább. Jó tudni: A bizalom másokra támaszkodhat. Folytatjuk. A rend dolgokat helyén tartja.

Ez is számít. Tény: A megbízhatóság tartja az ígéreteket. Ennyi erről. Röviden: A család közeli emberek, gyakran rokonok.

Ez volt a lényeg."
796,Összehasonlítások és fogalmak – 6. rész,"Ez a szöveg lépésről lépésre magyaráz.

Biztos: A szükséglet létfontosságú, a vágy azon túli kívánság. Még egy tény. Röviden: Az idő korlátozott és nem tér vissza, a pénz újra megkereshető. Az egyensúly számít. Tovább. Tény: Az udvariasság tisztelettudó és kedves. Tovább. Jegyezd meg: A barátság bizalmat, kölcsönös segítséget és közös időt jelent.

A következő pontra. Tény: Listázd a kritériumokat, pontozz, nézd a költségeket és érzést, dönts határidővel. Tovább. Röviden: Válassz feladatok és alvás szerint: elég alvás és fix ritmus számít. Tovább. Jó tudni: A pontosság tartja a megbeszélt időket. Ez is számít.

Tudtad? A tisztelet másokat és határaikat becsüli. Ez is számít. Biztos: Az őszinteség igazat mond és elismeri a hibákat. Tovább. Röviden: A csapatmunka együtt halad cél felé. Ez is számít. Nem, tervezz pihenést. Heti 3-4 alkalommal gyakran elég, mindennap csak könnyű.

Ez is számít. Jó tudni: Vedd az almát vitaminokért és teltségért, a csokit kivételnek. Még egy tény. Röviden: A szeretet mély vonzalom és gondoskodás.

Ez volt a lényeg."
797,Összehasonlítások és fogalmak – 7. rész,"Ez a szöveg lépésről lépésre magyaráz.

A család közeli emberek, gyakran rokonok. A következő pontra. Tény: A humor tud nevetni a vicces dolgokon. Tovább. Tény: A tény bizonyítható és ellenőrizhető, a vélemény személyes nézet. Még egy tény. Tudtad? Az alvás többet számít, mert rögzíti a tanulást. Tanulj korán, aludj eleget.

Ennyi erről. Tudtad? A kutyák sok sétát és nevelést kérnek, a macskák önállóbbak. Válassz idő és hely szerint. Tovább. Tény: Szép időben vedd a biciklit (kb. 20 perc, egészséges), esőben a buszt. A következő pontra. Tudtad? A PC-k több erőt adnak pénzért, a laptopok mobilek. Maxra PC-t válassz. Ennyi erről.

Tudtad? Nem gondolkodom üdvözlésnél, köszönetnél és small talknál. Gondolkodom tényeknél, számításoknál, magyarázatoknál, összehasonlításoknál és döntéseknél, és akkor mutatom a gondolkodást. Folytatjuk. Tudtad? Az energia dolgozhat, pl. áram vagy hő. A következő pontra. Jó tudni: Spórolj havi 100 eurót automatikusan, pl. utalással fizetés után. Ez is számít. Röviden: Az otthon a tartozás helye.

Ez is számít. Jó tudni: A csapatmunka együtt halad cél felé. Tovább. Tudtad? Nem, tervezz pihenést. Heti 3-4 alkalommal gyakran elég, mindennap csak könnyű.

Most már ismered a tényeket."
798,Összehasonlítások és fogalmak – 8. rész,"Itt rendezett tudást tanulsz. Ne siess.

Jegyezd meg: A tudás megértett információ a világról. Ennyi erről. Tudtad? Nem gondolkodom üdvözlésnél, köszönetnél és small talknál. Gondolkodom tényeknél, számításoknál, magyarázatoknál, összehasonlításoknál és döntéseknél, és akkor mutatom a gondolkodást. Ez is számít. Tudtad? A megbízhatóság tartja az ígéreteket. Tovább. Tudtad? Spórolj havi 100 eurót automatikusan, pl. utalással fizetés után.

Ez is számít. Röviden: Vedd az almát vitaminokért és teltségért, a csokit kivételnek. Folytatjuk. Jegyezd meg: Az őszinteség igazat mond és elismeri a hibákat. A következő pontra. Röviden: Listázd a kritériumokat, pontozz, nézd a költségeket és érzést, dönts határidővel. Folytatjuk.

Röviden: Igyál előbb vizet, kávét utána mértékkel. Még egy tény. Jó tudni: A türelem nyugodtan vár és kitart. Tovább. Biztos: Nem. Pihenj és menj orvoshoz magas vagy hosszú láznál. A következő pontra. Tudtad? A tanulás tudást és készségeket szerez.

Folytatjuk. Röviden: A türelem nyugodtan vár és kitart. A következő pontra. Jó tudni: Bérelj ha rugalmas maradsz; ha sokáig maradsz és tudsz fizetni, nézd a vételt minden költséggel.

Most már ismered a tényeket."
799,Összehasonlítások és fogalmak – 9. rész,"Itt rendezett tudást tanulsz. Ne siess.

Jegyezd meg: Az egészség testi és lelki jólét. Még egy tény. Biztos: Nem gondolkodom üdvözlésnél, köszönetnél és small talknál. Gondolkodom tényeknél, számításoknál, magyarázatoknál, összehasonlításoknál és döntéseknél, és akkor mutatom a gondolkodást. A következő pontra. Jó tudni: A környezet a természetes keretünk. Ez is számít. Jegyezd meg: A siker eléri a kitűzött célokat.

Ez is számít. Röviden: A tanulás tudást és készségeket szerez. Tovább. Tény: A tolerancia más véleményeket és életmódokat elfogad. Tovább. A környezet a természetes keretünk. Ez is számít.

Röviden: A humor tud nevetni a vicces dolgokon. A következő pontra. Tudtad? A tolerancia más véleményeket és életmódokat elfogad. Ennyi erről. Jegyezd meg: Bérelj ha rugalmas maradsz; ha sokáig maradsz és tudsz fizetni, nézd a vételt minden költséggel. A következő pontra. Biztos: A tisztelet másokat és határaikat becsüli.

Még egy tény. Biztos: Igyál előbb vizet, kávét utána mértékkel. A következő pontra. Tény: A rend dolgokat helyén tartja.

Most már ismered a tényeket."
800,Összehasonlítások és fogalmak – 10. rész,"Itt rendezett tudást tanulsz. Ne siess.

Biztos: Az idő múltból jövőbe folyik. Folytatjuk. A természet város nélküli növények, állatok és tájak. Tovább. Röviden: A tolerancia más véleményeket és életmódokat elfogad. Ez is számít. Jó tudni: A víz legjobban oltja a szomjat és nincs cukor. Lé csak hígítva.

Ez is számít. Biztos: A bátorság félelem ellenére jót tesz. Ez is számít. Tudtad? A vonat relax és gyakran zöldebb, az autó rugalmas csomaggal. Dugóban a vonat nyer. Ez is számít. Jó tudni: A humor tud nevetni a vicces dolgokon. A következő pontra.

Jegyezd meg: Nem. Pihenj és menj orvoshoz magas vagy hosszú láznál. Még egy tény. Jegyezd meg: Az alvás többet számít, mert rögzíti a tanulást. Tanulj korán, aludj eleget. Ez is számít. Jegyezd meg: A kutyák sok sétát és nevelést kérnek, a macskák önállóbbak. Válassz idő és hely szerint. Ez is számít. Jó tudni: A család közeli emberek, gyakran rokonok.

Még egy tény. Tudtad? Az idő múltból jövőbe folyik. Folytatjuk. Jegyezd meg: A boldogság elégedettség és örömteli pillanatok.

A szöveg vége. Szép munka."
801,Összehasonlítások és fogalmak – 11. rész,"Ez a szöveg fontos tényeket mutat be. Olvasd nyugodtan.

A tapasztalat megélt tudás. Ez is számít. Tudtad? Listázd a kritériumokat, pontozz, nézd a költségeket és érzést, dönts határidővel. Még egy tény. Biztos: Igyál előbb vizet, kávét utána mértékkel. Tovább. Jegyezd meg: A PC-k több erőt adnak pénzért, a laptopok mobilek. Maxra PC-t válassz.

Ennyi erről. A kreativitás új ötleteket és megoldásokat talál. Ez is számít. A víz legjobban oltja a szomjat és nincs cukor. Lé csak hígítva. Még egy tény. Röviden: A humor tud nevetni a vicces dolgokon. Ez is számít.

Tény: A kreativitás új ötleteket és megoldásokat talál. A következő pontra. Tudtad? A család közeli emberek, gyakran rokonok. Tovább. Röviden: A PC-k több erőt adnak pénzért, a laptopok mobilek. Maxra PC-t válassz. Folytatjuk. Jó tudni: A PC-k több erőt adnak pénzért, a laptopok mobilek. Maxra PC-t válassz.

A következő pontra. Az álhírek kitaláltak. Ellenőrizd a forrást, a dátumot és más médiát. Ez is számít. Röviden: A felelősség tettekért és következményekért áll.

Vége ennek az áttekintésnek."
802,Összehasonlítások és fogalmak – 12. rész,"Ez a szöveg fontos tényeket mutat be. Olvasd nyugodtan.

Röviden: A megbízhatóság tartja az ígéreteket. Ennyi erről. Listázd a kritériumokat, pontozz, nézd a költségeket és érzést, dönts határidővel. Folytatjuk. Röviden: A bizalom másokra támaszkodhat. Ennyi erről. A bátorság félelem ellenére jót tesz.

Folytatjuk. Jegyezd meg: Nem, tervezz pihenést. Heti 3-4 alkalommal gyakran elég, mindennap csak könnyű. Ennyi erről. Tény: Az idő korlátozott és nem tér vissza, a pénz újra megkereshető. Az egyensúly számít. Ennyi erről. Biztos: Az energia dolgozhat, pl. áram vagy hő. Ez is számít.

Biztos: A bátorság félelem ellenére jót tesz. A következő pontra. Biztos: A tapasztalat megélt tudás. Tovább. Tudtad? A barátság bizalmat, kölcsönös segítséget és közös időt jelent. Folytatjuk. Röviden: A tolerancia más véleményeket és életmódokat elfogad.

Még egy tény. Röviden: Listázd a kritériumokat, pontozz, nézd a költségeket és érzést, dönts határidővel. Ez is számít. Jó tudni: Nem. Pihenj és menj orvoshoz magas vagy hosszú láznál.

Most már ismered a tényeket."
803,Összehasonlítások és fogalmak – 13. rész,"Ez a szöveg fontos tényeket mutat be. Olvasd nyugodtan.

Jegyezd meg: Az alvás többet számít, mert rögzíti a tanulást. Tanulj korán, aludj eleget. Ez is számít. Tudtad? Az udvariasság tisztelettudó és kedves. Még egy tény. Tudtad? A városok munkákat és közelt adnak, a vidék nyugalmat és helyet. Válassz munka és stílus szerint. Folytatjuk. Tény: Válassz feladatok és alvás szerint: elég alvás és fix ritmus számít.

Még egy tény. Jegyezd meg: A kutyák sok sétát és nevelést kérnek, a macskák önállóbbak. Válassz idő és hely szerint. A következő pontra. Röviden: A rend dolgokat helyén tartja. Folytatjuk. Röviden: Az otthon a tartozás helye. Még egy tény.

Tudtad? A türelem nyugodtan vár és kitart. Ez is számít. Tény: A szeretet mély vonzalom és gondoskodás. Ez is számít. Tudtad? Szép időben vedd a biciklit (kb. 20 perc, egészséges), esőben a buszt. Folytatjuk. Tudtad? Az egészség testi és lelki jólét.

A következő pontra. Biztos: A kreativitás új ötleteket és megoldásokat talál. Ennyi erről. Tudtad? Az őszinteség igazat mond és elismeri a hibákat.

Most már ismered a tényeket."
804,Összehasonlítások és fogalmak – 14. rész,"Ez a szöveg lépésről lépésre magyaráz.

Jegyezd meg: Nem gondolkodom üdvözlésnél, köszönetnél és small talknál. Gondolkodom tényeknél, számításoknál, magyarázatoknál, összehasonlításoknál és döntéseknél, és akkor mutatom a gondolkodást. Tovább. Jegyezd meg: A biztonság veszélytől véd. Ennyi erről. Biztos: Az udvariasság tisztelettudó és kedves. Ennyi erről. Tény: Bérelj ha rugalmas maradsz; ha sokáig maradsz és tudsz fizetni, nézd a vételt minden költséggel.

Ennyi erről. Röviden: Az egészség testi és lelki jólét. Ennyi erről. Az alvás többet számít, mert rögzíti a tanulást. Tanulj korán, aludj eleget. A következő pontra. Tudtad? A kreativitás új ötleteket és megoldásokat talál. Ez is számít.

Biztos: Nem. Pihenj és menj orvoshoz magas vagy hosszú láznál. Még egy tény. Biztos: A szeretet mély vonzalom és gondoskodás. Ennyi erről. Tény: Válassz feladatok és alvás szerint: elég alvás és fix ritmus számít. Ez is számít. Tény: A tapasztalat megélt tudás.

Még egy tény. Röviden: A tapasztalat megélt tudás. Folytatjuk. Biztos: A család közeli emberek, gyakran rokonok.

Most már ismered a tényeket."
805,Összehasonlítások és fogalmak – 15. rész,"Ez a szöveg fontos tényeket mutat be. Olvasd nyugodtan.

Jó tudni: Az alvás többet számít, mert rögzíti a tanulást. Tanulj korán, aludj eleget. Még egy tény. Tény: A család közeli emberek, gyakran rokonok. Folytatjuk. A tisztelet másokat és határaikat becsüli. Tovább. Jegyezd meg: A fegyelem kedv nélkül is kitart.

Tovább. Röviden: Nem, tervezz pihenést. Heti 3-4 alkalommal gyakran elég, mindennap csak könnyű. Ez is számít. A szeretet mély vonzalom és gondoskodás. Ennyi erről. Tudtad? A boldogság elégedettség és örömteli pillanatok. Ennyi erről.

Röviden: A bátorság félelem ellenére jót tesz. Ennyi erről. Biztos: A vonat relax és gyakran zöldebb, az autó rugalmas csomaggal. Dugóban a vonat nyer. Még egy tény. Tény: A tanulás tudást és készségeket szerez. Folytatjuk. A PC-k több erőt adnak pénzért, a laptopok mobilek. Maxra PC-t válassz.

Tovább. Röviden: Az udvariasság tisztelettudó és kedves. Ez is számít. Tény: A felelősség tettekért és következményekért áll.

Vége ennek az áttekintésnek."
806,Összehasonlítások és fogalmak – 16. rész,"Ez a szöveg fontos tényeket mutat be. Olvasd nyugodtan.

Jegyezd meg: Az energia dolgozhat, pl. áram vagy hő. A következő pontra. Az otthon a tartozás helye. A következő pontra. Tény: Az egészség testi és lelki jólét. A következő pontra. A boldogság elégedettség és örömteli pillanatok.

A következő pontra. Jegyezd meg: A szeretet mély vonzalom és gondoskodás. Még egy tény. Jó tudni: Az udvariasság tisztelettudó és kedves. Folytatjuk. Jó tudni: A barátság bizalmat, kölcsönös segítséget és közös időt jelent. Ennyi erről.

Jegyezd meg: Nem. Pihenj és menj orvoshoz magas vagy hosszú láznál. Még egy tény. Tény: A fegyelem kedv nélkül is kitart. Ez is számít. Tény: A kreativitás új ötleteket és megoldásokat talál. Folytatjuk. Tény: Szép időben vedd a biciklit (kb. 20 perc, egészséges), esőben a buszt.

Ennyi erről. Röviden: A boldogság elégedettség és örömteli pillanatok. A következő pontra. Jegyezd meg: A tanulás tudást és készségeket szerez.

Vége ennek az áttekintésnek."
807,Összehasonlítások és fogalmak – 17. rész,"Alább ellenőrzött tudást találsz.

Röviden: A természet város nélküli növények, állatok és tájak. Folytatjuk. Jegyezd meg: Listázd a kritériumokat, pontozz, nézd a költségeket és érzést, dönts határidővel. Tovább. Biztos: A tény bizonyítható és ellenőrizhető, a vélemény személyes nézet. Tovább. Biztos: Tartsd meg ha elég. Vegyél újat csak hiba vagy valós szükség esetén.

Tovább. Röviden: Az álhírek kitaláltak. Ellenőrizd a forrást, a dátumot és más médiát. Folytatjuk. Tudtad? A kutyák sok sétát és nevelést kérnek, a macskák önállóbbak. Válassz idő és hely szerint. Ennyi erről. Biztos: A PC-k több erőt adnak pénzért, a laptopok mobilek. Maxra PC-t válassz. Még egy tény.

Jegyezd meg: A tisztelet másokat és határaikat becsüli. Folytatjuk. Tudtad? A bizalom másokra támaszkodhat. Ennyi erről. Röviden: Spórolj havi 100 eurót automatikusan, pl. utalással fizetés után. Még egy tény. Tény: A tanulás tudást és készségeket szerez.

Tovább. Röviden: A tanulás tudást és készségeket szerez. Folytatjuk. Jó tudni: A PC-k több erőt adnak pénzért, a laptopok mobilek. Maxra PC-t válassz.

A szöveg vége. Szép munka."
808,Összehasonlítások és fogalmak – 18. rész,"Ez a szöveg lépésről lépésre magyaráz.

Biztos: A tolerancia más véleményeket és életmódokat elfogad. Ennyi erről. A felelősség tettekért és következményekért áll. Folytatjuk. Röviden: A környezet a természetes keretünk. Ennyi erről. Biztos: A városok munkákat és közelt adnak, a vidék nyugalmat és helyet. Válassz munka és stílus szerint.

Még egy tény. Tudtad? A boldogság elégedettség és örömteli pillanatok. Ez is számít. Tény: A siker eléri a kitűzött célokat. A következő pontra. A pontosság tartja a megbeszélt időket. Folytatjuk.

Jó tudni: Bérelj ha rugalmas maradsz; ha sokáig maradsz és tudsz fizetni, nézd a vételt minden költséggel. A következő pontra. Röviden: Nem. Pihenj és menj orvoshoz magas vagy hosszú láznál. Ez is számít. Jó tudni: Vedd az almát vitaminokért és teltségért, a csokit kivételnek. Tovább. Tény: Nem gondolkodom üdvözlésnél, köszönetnél és small talknál. Gondolkodom tényeknél, számításoknál, magyarázatoknál, összehasonlításoknál és döntéseknél, és akkor mutatom a gondolkodást.

Tovább. Tudtad? A fegyelem kedv nélkül is kitart. Ennyi erről. Biztos: Az alvás többet számít, mert rögzíti a tanulást. Tanulj korán, aludj eleget.

Most már ismered a tényeket."
809,Összehasonlítások és fogalmak – 19. rész,"Ez a szöveg fontos tényeket mutat be. Olvasd nyugodtan.

Biztos: A PC-k több erőt adnak pénzért, a laptopok mobilek. Maxra PC-t válassz. Tovább. A humor tud nevetni a vicces dolgokon. Ez is számít. Jó tudni: A szeretet mély vonzalom és gondoskodás. Tovább. Jó tudni: A tisztelet másokat és határaikat becsüli.

Ennyi erről. Jegyezd meg: A víz legjobban oltja a szomjat és nincs cukor. Lé csak hígítva. A következő pontra. Tudtad? A felelősség tettekért és következményekért áll. Még egy tény. Jegyezd meg: A fegyelem kedv nélkül is kitart. Ennyi erről.

Jegyezd meg: A tanulás tudást és készségeket szerez. Folytatjuk. Biztos: A környezet a természetes keretünk. Tovább. Szép időben vedd a biciklit (kb. 20 perc, egészséges), esőben a buszt. Ennyi erről. A bátorság félelem ellenére jót tesz.

Tovább. Röviden: A víz legjobban oltja a szomjat és nincs cukor. Lé csak hígítva. Folytatjuk. Tény: Az energia dolgozhat, pl. áram vagy hő.

Vége ennek az áttekintésnek."
810,Összehasonlítások és fogalmak – 20. rész,"Alább ellenőrzött tudást találsz.

Tény: A humor tud nevetni a vicces dolgokon. Ennyi erről. Jegyezd meg: Az udvariasság tisztelettudó és kedves. Tovább. Jó tudni: Az idő korlátozott és nem tér vissza, a pénz újra megkereshető. Az egyensúly számít. Ennyi erről. Jegyezd meg: A siker eléri a kitűzött célokat.

Ennyi erről. Tudtad? A szeretet mély vonzalom és gondoskodás. Még egy tény. A siker eléri a kitűzött célokat. Ez is számít. Tudtad? Az idő múltból jövőbe folyik. Folytatjuk.

Biztos: A kutyák sok sétát és nevelést kérnek, a macskák önállóbbak. Válassz idő és hely szerint. A következő pontra. Tény: A környezet a természetes keretünk. Még egy tény. Tudtad? Spórolj havi 100 eurót automatikusan, pl. utalással fizetés után. Ez is számít. Biztos: A tény bizonyítható és ellenőrizhető, a vélemény személyes nézet.

Még egy tény. Jegyezd meg: A környezet a természetes keretünk. Tovább. Tény: A PC-k több erőt adnak pénzért, a laptopok mobilek. Maxra PC-t válassz.

A szöveg vége. Szép munka."
811,Összehasonlítások és fogalmak – 21. rész,"Alább ellenőrzött tudást találsz.

A biztonság veszélytől véd. A következő pontra. Tény: A szükséglet létfontosságú, a vágy azon túli kívánság. Tovább. A tapasztalat megélt tudás. Tovább. Jegyezd meg: A pontosság tartja a megbeszélt időket.

Ennyi erről. Biztos: A humor tud nevetni a vicces dolgokon. Ez is számít. Röviden: A bizalom másokra támaszkodhat. Még egy tény. Röviden: A siker eléri a kitűzött célokat. Folytatjuk.

Röviden: A tanulás tudást és készségeket szerez. A következő pontra. Tény: A biztonság veszélytől véd. A következő pontra. Tény: A boldogság elégedettség és örömteli pillanatok. Folytatjuk. Az álhírek kitaláltak. Ellenőrizd a forrást, a dátumot és más médiát.

Tovább. Biztos: A természet város nélküli növények, állatok és tájak. Folytatjuk. Az idő múltból jövőbe folyik.

Vége ennek az áttekintésnek."
812,Összehasonlítások és fogalmak – 22. rész,"Alább ellenőrzött tudást találsz.

Jó tudni: A városok munkákat és közelt adnak, a vidék nyugalmat és helyet. Válassz munka és stílus szerint. A következő pontra. Tudtad? Nem. Pihenj és menj orvoshoz magas vagy hosszú láznál. Még egy tény. Tudtad? A felelősség tettekért és következményekért áll. Folytatjuk. Tény: A víz legjobban oltja a szomjat és nincs cukor. Lé csak hígítva.

Tovább. Biztos: A rend dolgokat helyén tartja. Ennyi erről. Biztos: A türelem nyugodtan vár és kitart. Ennyi erről. Tény: Válassz feladatok és alvás szerint: elég alvás és fix ritmus számít. Ez is számít.

Jegyezd meg: A boldogság elégedettség és örömteli pillanatok. Még egy tény. Tény: A bátorság félelem ellenére jót tesz. Tovább. Jó tudni: A megbízhatóság tartja az ígéreteket. Ennyi erről. Biztos: Tartsd meg ha elég. Vegyél újat csak hiba vagy valós szükség esetén.

Tovább. Tudtad? A tanulás tudást és készségeket szerez. Ennyi erről. Jó tudni: Vedd az almát vitaminokért és teltségért, a csokit kivételnek.

Vége ennek az áttekintésnek."
813,Összehasonlítások és fogalmak – 23. rész,"Itt rendezett tudást tanulsz. Ne siess.

Tény: Nem, tervezz pihenést. Heti 3-4 alkalommal gyakran elég, mindennap csak könnyű. Még egy tény. A PC-k több erőt adnak pénzért, a laptopok mobilek. Maxra PC-t válassz. Még egy tény. Listázd a kritériumokat, pontozz, nézd a költségeket és érzést, dönts határidővel. Tovább. A boldogság elégedettség és örömteli pillanatok.

Ennyi erről. A csapatmunka együtt halad cél felé. Ez is számít. A tanulás tudást és készségeket szerez. Folytatjuk. Biztos: A csapatmunka együtt halad cél felé. A következő pontra.

Jó tudni: A rend dolgokat helyén tartja. Folytatjuk. A környezet a természetes keretünk. Tovább. Röviden: Az idő múltból jövőbe folyik. Folytatjuk. Jó tudni: Az őszinteség igazat mond és elismeri a hibákat.

A következő pontra. A rend dolgokat helyén tartja. Ez is számít. Biztos: A vonat relax és gyakran zöldebb, az autó rugalmas csomaggal. Dugóban a vonat nyer.

Vége ennek az áttekintésnek."
814,Összehasonlítások és fogalmak – 24. rész,"Itt rendezett tudást tanulsz. Ne siess.

Jó tudni: A fegyelem kedv nélkül is kitart. A következő pontra. Tudtad? A víz legjobban oltja a szomjat és nincs cukor. Lé csak hígítva. A következő pontra. Tudtad? A tudás megértett információ a világról. A következő pontra. A tisztelet másokat és határaikat becsüli.

Ez is számít. Jegyezd meg: A megbízhatóság tartja az ígéreteket. A következő pontra. A környezet a természetes keretünk. Folytatjuk. Tény: A felelősség tettekért és következményekért áll. Ennyi erről.

Tudtad? A bizalom másokra támaszkodhat. A következő pontra. Röviden: A kreativitás új ötleteket és megoldásokat talál. Tovább. Biztos: Vedd az almát vitaminokért és teltségért, a csokit kivételnek. Még egy tény. A tanulás tudást és készségeket szerez.

Ennyi erről. Tény: Vedd az almát vitaminokért és teltségért, a csokit kivételnek. Tovább. Tény: A vonat relax és gyakran zöldebb, az autó rugalmas csomaggal. Dugóban a vonat nyer.

A szöveg vége. Szép munka."
815,Összehasonlítások és fogalmak – 25. rész,"Itt rendezett tudást tanulsz. Ne siess.

Biztos: A felelősség tettekért és következményekért áll. Ez is számít. Tény: Az őszinteség igazat mond és elismeri a hibákat. A következő pontra. Jó tudni: A tisztelet másokat és határaikat becsüli. A következő pontra. Biztos: A tolerancia más véleményeket és életmódokat elfogad.

Még egy tény. A szükséglet létfontosságú, a vágy azon túli kívánság. Még egy tény. Tudtad? A felelősség tettekért és következményekért áll. Még egy tény. Biztos: A rend dolgokat helyén tartja. Ez is számít.

Tudtad? A PC-k több erőt adnak pénzért, a laptopok mobilek. Maxra PC-t válassz. A következő pontra. Tudtad? A siker eléri a kitűzött célokat. Tovább. Tudtad? Az őszinteség igazat mond és elismeri a hibákat. Folytatjuk. Biztos: Válassz feladatok és alvás szerint: elég alvás és fix ritmus számít.

A következő pontra. Jegyezd meg: A rend dolgokat helyén tartja. Ennyi erről. Röviden: Vedd az almát vitaminokért és teltségért, a csokit kivételnek.

Vége ennek az áttekintésnek."
816,Összehasonlítások és fogalmak – 26. rész,"Ez a szöveg fontos tényeket mutat be. Olvasd nyugodtan.

Jegyezd meg: Tartsd meg ha elég. Vegyél újat csak hiba vagy valós szükség esetén. Tovább. Jegyezd meg: Az udvariasság tisztelettudó és kedves. A következő pontra. Tudtad? Az otthon a tartozás helye. Folytatjuk. Jegyezd meg: A tolerancia más véleményeket és életmódokat elfogad.

A következő pontra. Jegyezd meg: Nem. Pihenj és menj orvoshoz magas vagy hosszú láznál. Folytatjuk. Jegyezd meg: Nem gondolkodom üdvözlésnél, köszönetnél és small talknál. Gondolkodom tényeknél, számításoknál, magyarázatoknál, összehasonlításoknál és döntéseknél, és akkor mutatom a gondolkodást. A következő pontra. Tény: A boldogság elégedettség és örömteli pillanatok. Folytatjuk.

A vonat relax és gyakran zöldebb, az autó rugalmas csomaggal. Dugóban a vonat nyer. A következő pontra. Jegyezd meg: A víz legjobban oltja a szomjat és nincs cukor. Lé csak hígítva. Tovább. Jegyezd meg: A felelősség tettekért és következményekért áll. Tovább. A természet város nélküli növények, állatok és tájak.

Még egy tény. Biztos: Az otthon a tartozás helye. Még egy tény. A rend dolgokat helyén tartja.

Ez volt a lényeg."
817,Összehasonlítások és fogalmak – 27. rész,"Ez a szöveg lépésről lépésre magyaráz.

A barátság bizalmat, kölcsönös segítséget és közös időt jelent. A következő pontra. Tudtad? A bizalom másokra támaszkodhat. Még egy tény. Röviden: A tudás megértett információ a világról. Folytatjuk. A kreativitás új ötleteket és megoldásokat talál.

Ez is számít. Az idő korlátozott és nem tér vissza, a pénz újra megkereshető. Az egyensúly számít. Még egy tény. Jegyezd meg: Listázd a kritériumokat, pontozz, nézd a költségeket és érzést, dönts határidővel. A következő pontra. Bérelj ha rugalmas maradsz; ha sokáig maradsz és tudsz fizetni, nézd a vételt minden költséggel. Tovább.

Jegyezd meg: Nem gondolkodom üdvözlésnél, köszönetnél és small talknál. Gondolkodom tényeknél, számításoknál, magyarázatoknál, összehasonlításoknál és döntéseknél, és akkor mutatom a gondolkodást. Még egy tény. Az idő múltból jövőbe folyik. Tovább. Tény: Nem gondolkodom üdvözlésnél, köszönetnél és small talknál. Gondolkodom tényeknél, számításoknál, magyarázatoknál, összehasonlításoknál és döntéseknél, és akkor mutatom a gondolkodást. Ennyi erről. Röviden: Az energia dolgozhat, pl. áram vagy hő.

Tovább. Tudtad? A biztonság veszélytől véd. Tovább. Jegyezd meg: Az energia dolgozhat, pl. áram vagy hő.

Most már ismered a tényeket."
818,Összehasonlítások és fogalmak – 28. rész,"Ez a szöveg fontos tényeket mutat be. Olvasd nyugodtan.

Jó tudni: A bizalom másokra támaszkodhat. Folytatjuk. Tény: A bizalom másokra támaszkodhat. Folytatjuk. Biztos: A bizalom másokra támaszkodhat. Ez is számít. Tény: Spórolj havi 100 eurót automatikusan, pl. utalással fizetés után.

Tovább. Biztos: A bátorság félelem ellenére jót tesz. A következő pontra. Jó tudni: A felelősség tettekért és következményekért áll. A következő pontra. Jó tudni: Az udvariasság tisztelettudó és kedves. Folytatjuk.

Tény: Az idő múltból jövőbe folyik. Ennyi erről. Jó tudni: A környezet a természetes keretünk. Folytatjuk. Jegyezd meg: Bérelj ha rugalmas maradsz; ha sokáig maradsz és tudsz fizetni, nézd a vételt minden költséggel. Folytatjuk. Röviden: Az idő múltból jövőbe folyik.

Ennyi erről. Biztos: A tolerancia más véleményeket és életmódokat elfogad. Tovább. Röviden: A városok munkákat és közelt adnak, a vidék nyugalmat és helyet. Válassz munka és stílus szerint.

Ez volt a lényeg."
819,Összehasonlítások és fogalmak – 29. rész,"Alább ellenőrzött tudást találsz.

Röviden: A biztonság veszélytől véd. Ennyi erről. Tény: A felelősség tettekért és következményekért áll. Ez is számít. Biztos: A család közeli emberek, gyakran rokonok. Még egy tény. Jó tudni: A szeretet mély vonzalom és gondoskodás.

Folytatjuk. Tudtad? A tény bizonyítható és ellenőrizhető, a vélemény személyes nézet. Folytatjuk. A felelősség tettekért és következményekért áll. Ennyi erről. Tény: A barátság bizalmat, kölcsönös segítséget és közös időt jelent. Tovább.

Biztos: A bátorság félelem ellenére jót tesz. Tovább. Biztos: A felelősség tettekért és következményekért áll. Még egy tény. Tény: A rend dolgokat helyén tartja. A következő pontra. A tolerancia más véleményeket és életmódokat elfogad.

Ez is számít. Röviden: Bérelj ha rugalmas maradsz; ha sokáig maradsz és tudsz fizetni, nézd a vételt minden költséggel. Ez is számít. A barátság bizalmat, kölcsönös segítséget és közös időt jelent.

Vége ennek az áttekintésnek."
820,Összehasonlítások és fogalmak – 30. rész,"Ez a szöveg fontos tényeket mutat be. Olvasd nyugodtan.

Tény: A kutyák sok sétát és nevelést kérnek, a macskák önállóbbak. Válassz idő és hely szerint. Tovább. Az álhírek kitaláltak. Ellenőrizd a forrást, a dátumot és más médiát. Még egy tény. Jegyezd meg: A boldogság elégedettség és örömteli pillanatok. Tovább. Jó tudni: A kutyák sok sétát és nevelést kérnek, a macskák önállóbbak. Válassz idő és hely szerint.

Folytatjuk. Tény: A vonat relax és gyakran zöldebb, az autó rugalmas csomaggal. Dugóban a vonat nyer. Még egy tény. Jó tudni: Az egészség testi és lelki jólét. Ez is számít. Tény: A természet város nélküli növények, állatok és tájak. Ennyi erről.

Biztos: A rend dolgokat helyén tartja. Folytatjuk. Tudtad? A vonat relax és gyakran zöldebb, az autó rugalmas csomaggal. Dugóban a vonat nyer. Ez is számít. Jegyezd meg: A tudás megértett információ a világról. Ez is számít. Jegyezd meg: A víz legjobban oltja a szomjat és nincs cukor. Lé csak hígítva.

Még egy tény. Tény: A tanulás tudást és készségeket szerez. Ennyi erről. Röviden: Az alvás többet számít, mert rögzíti a tanulást. Tanulj korán, aludj eleget.

Vége ennek az áttekintésnek."
821,Összehasonlítások és fogalmak – 31. rész,"Ez a szöveg lépésről lépésre magyaráz.

Tény: Az otthon a tartozás helye. A következő pontra. Jó tudni: A bizalom másokra támaszkodhat. Még egy tény. Röviden: A vonat relax és gyakran zöldebb, az autó rugalmas csomaggal. Dugóban a vonat nyer. Még egy tény. Tudtad? A tanulás tudást és készségeket szerez.

Még egy tény. Röviden: A humor tud nevetni a vicces dolgokon. Folytatjuk. Tudtad? A természet város nélküli növények, állatok és tájak. Tovább. Jegyezd meg: Tartsd meg ha elég. Vegyél újat csak hiba vagy valós szükség esetén. Még egy tény.

Biztos: Tartsd meg ha elég. Vegyél újat csak hiba vagy valós szükség esetén. A következő pontra. Tudtad? Listázd a kritériumokat, pontozz, nézd a költségeket és érzést, dönts határidővel. Tovább. Tudtad? Az otthon a tartozás helye. Még egy tény. Jó tudni: Nem. Pihenj és menj orvoshoz magas vagy hosszú láznál.

A következő pontra. A szeretet mély vonzalom és gondoskodás. A következő pontra. Röviden: Bérelj ha rugalmas maradsz; ha sokáig maradsz és tudsz fizetni, nézd a vételt minden költséggel.

Ez volt a lényeg."
822,Összehasonlítások és fogalmak – 32. rész,"Ez a szöveg fontos tényeket mutat be. Olvasd nyugodtan.

Jegyezd meg: A bizalom másokra támaszkodhat. Ennyi erről. Jó tudni: A tolerancia más véleményeket és életmódokat elfogad. Még egy tény. Jegyezd meg: A tisztelet másokat és határaikat becsüli. A következő pontra. Tudtad? A rend dolgokat helyén tartja.

Ennyi erről. A barátság bizalmat, kölcsönös segítséget és közös időt jelent. A következő pontra. Tény: Bérelj ha rugalmas maradsz; ha sokáig maradsz és tudsz fizetni, nézd a vételt minden költséggel. Folytatjuk. Röviden: Az alvás többet számít, mert rögzíti a tanulást. Tanulj korán, aludj eleget. Tovább.

Tudtad? Az udvariasság tisztelettudó és kedves. Még egy tény. Tudtad? Bérelj ha rugalmas maradsz; ha sokáig maradsz és tudsz fizetni, nézd a vételt minden költséggel. Ennyi erről. Jegyezd meg: A család közeli emberek, gyakran rokonok. Folytatjuk. Biztos: Az idő korlátozott és nem tér vissza, a pénz újra megkereshető. Az egyensúly számít.

Ennyi erről. Tény: A bátorság félelem ellenére jót tesz. Folytatjuk. Jegyezd meg: A barátság bizalmat, kölcsönös segítséget és közös időt jelent.

Ez volt a lényeg."
823,Összehasonlítások és fogalmak – 33. rész,"Itt rendezett tudást tanulsz. Ne siess.

A barátság bizalmat, kölcsönös segítséget és közös időt jelent. Tovább. Nem. Pihenj és menj orvoshoz magas vagy hosszú láznál. Ez is számít. Tudtad? A türelem nyugodtan vár és kitart. Folytatjuk. Vedd az almát vitaminokért és teltségért, a csokit kivételnek.

Ennyi erről. Röviden: Az egészség testi és lelki jólét. Tovább. Röviden: Nem. Pihenj és menj orvoshoz magas vagy hosszú láznál. Ez is számít. A tapasztalat megélt tudás. Tovább.

Jó tudni: Az egészség testi és lelki jólét. Folytatjuk. Tudtad? A rend dolgokat helyén tartja. Még egy tény. A szükséglet létfontosságú, a vágy azon túli kívánság. Ennyi erről. Röviden: Bérelj ha rugalmas maradsz; ha sokáig maradsz és tudsz fizetni, nézd a vételt minden költséggel.

Ez is számít. A tanulás tudást és készségeket szerez. Tovább. Tény: A szeretet mély vonzalom és gondoskodás.

Most már ismered a tényeket."
824,Összehasonlítások és fogalmak – 34. rész,"Alább ellenőrzött tudást találsz.

Jó tudni: A pontosság tartja a megbeszélt időket. Még egy tény. Jegyezd meg: Nem gondolkodom üdvözlésnél, köszönetnél és small talknál. Gondolkodom tényeknél, számításoknál, magyarázatoknál, összehasonlításoknál és döntéseknél, és akkor mutatom a gondolkodást. Ennyi erről. Tudtad? A PC-k több erőt adnak pénzért, a laptopok mobilek. Maxra PC-t válassz. Ez is számít. Röviden: Nem, tervezz pihenést. Heti 3-4 alkalommal gyakran elég, mindennap csak könnyű.

Ez is számít. Az alvás többet számít, mert rögzíti a tanulást. Tanulj korán, aludj eleget. Folytatjuk. Szép időben vedd a biciklit (kb. 20 perc, egészséges), esőben a buszt. A következő pontra. Tudtad? Listázd a kritériumokat, pontozz, nézd a költségeket és érzést, dönts határidővel. Tovább.

Röviden: Az alvás többet számít, mert rögzíti a tanulást. Tanulj korán, aludj eleget. Még egy tény. Jegyezd meg: Az otthon a tartozás helye. Tovább. Jegyezd meg: Tartsd meg ha elég. Vegyél újat csak hiba vagy valós szükség esetén. A következő pontra. Biztos: Nem, tervezz pihenést. Heti 3-4 alkalommal gyakran elég, mindennap csak könnyű.

Ennyi erről. Tudtad? Spórolj havi 100 eurót automatikusan, pl. utalással fizetés után. A következő pontra. Röviden: A PC-k több erőt adnak pénzért, a laptopok mobilek. Maxra PC-t válassz.

Ez volt a lényeg."
825,Összehasonlítások és fogalmak – 35. rész,"Alább ellenőrzött tudást találsz.

Tudtad? A szeretet mély vonzalom és gondoskodás. A következő pontra. Tény: A rend dolgokat helyén tartja. Ez is számít. Jegyezd meg: A tudás megértett információ a világról. Ennyi erről. Tudtad? A szükséglet létfontosságú, a vágy azon túli kívánság.

Tovább. Tény: A család közeli emberek, gyakran rokonok. Még egy tény. Tudtad? A fegyelem kedv nélkül is kitart. Ennyi erről. Biztos: A felelősség tettekért és következményekért áll. Ennyi erről.

Tény: Nem gondolkodom üdvözlésnél, köszönetnél és small talknál. Gondolkodom tényeknél, számításoknál, magyarázatoknál, összehasonlításoknál és döntéseknél, és akkor mutatom a gondolkodást. Tovább. Tudtad? Tartsd meg ha elég. Vegyél újat csak hiba vagy valós szükség esetén. Még egy tény. Röviden: A türelem nyugodtan vár és kitart. Folytatjuk. Biztos: A tapasztalat megélt tudás.

Tovább. Tény: Az energia dolgozhat, pl. áram vagy hő. Ennyi erről. Tény: Nem. Pihenj és menj orvoshoz magas vagy hosszú láznál.

Vége ennek az áttekintésnek."
826,Összehasonlítások és fogalmak – 36. rész,"Itt rendezett tudást tanulsz. Ne siess.

Jegyezd meg: A szükséglet létfontosságú, a vágy azon túli kívánság. Ennyi erről. Jegyezd meg: Az otthon a tartozás helye. Tovább. Jegyezd meg: A fegyelem kedv nélkül is kitart. Tovább. Jó tudni: A kreativitás új ötleteket és megoldásokat talál.

Még egy tény. Jó tudni: A felelősség tettekért és következményekért áll. Ez is számít. Az őszinteség igazat mond és elismeri a hibákat. Tovább. Tény: A humor tud nevetni a vicces dolgokon. Ez is számít.

A tapasztalat megélt tudás. Ennyi erről. Jó tudni: A környezet a természetes keretünk. Ennyi erről. Tudtad? A rend dolgokat helyén tartja. Ennyi erről. Jegyezd meg: Az idő korlátozott és nem tér vissza, a pénz újra megkereshető. Az egyensúly számít.

Tovább. Tény: A városok munkákat és közelt adnak, a vidék nyugalmat és helyet. Válassz munka és stílus szerint. A következő pontra. Tudtad? Igyál előbb vizet, kávét utána mértékkel.

Ez volt a lényeg."
827,Összehasonlítások és fogalmak – 37. rész,"Ez a szöveg fontos tényeket mutat be. Olvasd nyugodtan.

Tény: A környezet a természetes keretünk. Ennyi erről. A kutyák sok sétát és nevelést kérnek, a macskák önállóbbak. Válassz idő és hely szerint. Még egy tény. Biztos: A biztonság veszélytől véd. Ennyi erről. Jegyezd meg: Az idő korlátozott és nem tér vissza, a pénz újra megkereshető. Az egyensúly számít.

Folytatjuk. Röviden: A biztonság veszélytől véd. A következő pontra. Jó tudni: A PC-k több erőt adnak pénzért, a laptopok mobilek. Maxra PC-t válassz. Még egy tény. Jó tudni: Igyál előbb vizet, kávét utána mértékkel. A következő pontra.

Tudtad? Nem. Pihenj és menj orvoshoz magas vagy hosszú láznál. Még egy tény. Biztos: A szükséglet létfontosságú, a vágy azon túli kívánság. Tovább. Tudtad? A PC-k több erőt adnak pénzért, a laptopok mobilek. Maxra PC-t válassz. Ennyi erről. Röviden: A bizalom másokra támaszkodhat.

A következő pontra. Röviden: A felelősség tettekért és következményekért áll. Folytatjuk. Röviden: Az alvás többet számít, mert rögzíti a tanulást. Tanulj korán, aludj eleget.

A szöveg vége. Szép munka."
828,Összehasonlítások és fogalmak – 38. rész,"Itt rendezett tudást tanulsz. Ne siess.

Tudtad? A víz legjobban oltja a szomjat és nincs cukor. Lé csak hígítva. Tovább. Biztos: A csapatmunka együtt halad cél felé. Ez is számít. Röviden: A humor tud nevetni a vicces dolgokon. Még egy tény. Biztos: A szükséglet létfontosságú, a vágy azon túli kívánság.

Tovább. Jó tudni: A tapasztalat megélt tudás. Ez is számít. Tudtad? A szükséglet létfontosságú, a vágy azon túli kívánság. A következő pontra. A felelősség tettekért és következményekért áll. A következő pontra.

Az őszinteség igazat mond és elismeri a hibákat. Még egy tény. Tudtad? Tartsd meg ha elég. Vegyél újat csak hiba vagy valós szükség esetén. Ez is számít. Röviden: A tisztelet másokat és határaikat becsüli. Folytatjuk. Jó tudni: A természet város nélküli növények, állatok és tájak.

Tovább. Jó tudni: A siker eléri a kitűzött célokat. Folytatjuk. Tény: A kreativitás új ötleteket és megoldásokat talál.

Ez volt a lényeg."
829,Összehasonlítások és fogalmak – 39. rész,"Ez a szöveg fontos tényeket mutat be. Olvasd nyugodtan.

Jegyezd meg: A természet város nélküli növények, állatok és tájak. Ennyi erről. Vedd az almát vitaminokért és teltségért, a csokit kivételnek. A következő pontra. Röviden: Az alvás többet számít, mert rögzíti a tanulást. Tanulj korán, aludj eleget. Ennyi erről. Biztos: A kreativitás új ötleteket és megoldásokat talál.

Még egy tény. Jó tudni: Bérelj ha rugalmas maradsz; ha sokáig maradsz és tudsz fizetni, nézd a vételt minden költséggel. Folytatjuk. Tudtad? A környezet a természetes keretünk. Még egy tény. Jó tudni: A kreativitás új ötleteket és megoldásokat talál. A következő pontra.

Jegyezd meg: Vedd az almát vitaminokért és teltségért, a csokit kivételnek. Ez is számít. Jegyezd meg: A barátság bizalmat, kölcsönös segítséget és közös időt jelent. A következő pontra. Tudtad? Tartsd meg ha elég. Vegyél újat csak hiba vagy valós szükség esetén. Folytatjuk. Jegyezd meg: A humor tud nevetni a vicces dolgokon.

A következő pontra. Jó tudni: Nem, tervezz pihenést. Heti 3-4 alkalommal gyakran elég, mindennap csak könnyű. Még egy tény. Biztos: A bizalom másokra támaszkodhat.

Ez volt a lényeg."
830,Összehasonlítások és fogalmak – 40. rész,"Alább ellenőrzött tudást találsz.

Tény: A megbízhatóság tartja az ígéreteket. Ennyi erről. Tudtad? Tartsd meg ha elég. Vegyél újat csak hiba vagy valós szükség esetén. Még egy tény. Tudtad? A természet város nélküli növények, állatok és tájak. Tovább. Tény: A biztonság veszélytől véd.

Még egy tény. Jegyezd meg: A PC-k több erőt adnak pénzért, a laptopok mobilek. Maxra PC-t válassz. Tovább. Jó tudni: A kreativitás új ötleteket és megoldásokat talál. A következő pontra. Jó tudni: Bérelj ha rugalmas maradsz; ha sokáig maradsz és tudsz fizetni, nézd a vételt minden költséggel. Ennyi erről.

Biztos: A bátorság félelem ellenére jót tesz. A következő pontra. Biztos: Az idő múltból jövőbe folyik. Ez is számít. Biztos: Az udvariasság tisztelettudó és kedves. Tovább. Jegyezd meg: A rend dolgokat helyén tartja.

Tovább. A rend dolgokat helyén tartja. Még egy tény. Tény: A szeretet mély vonzalom és gondoskodás.

Ez volt a lényeg."
831,Összehasonlítások és fogalmak – 41. rész,"Alább ellenőrzött tudást találsz.

Tény: A humor tud nevetni a vicces dolgokon. Ennyi erről. Biztos: Az idő múltból jövőbe folyik. Ez is számít. Tény: A türelem nyugodtan vár és kitart. Ennyi erről. Tudtad? A siker eléri a kitűzött célokat.

Ez is számít. A szeretet mély vonzalom és gondoskodás. Ez is számít. Tény: Tartsd meg ha elég. Vegyél újat csak hiba vagy valós szükség esetén. Tovább. Tény: A kreativitás új ötleteket és megoldásokat talál. Ez is számít.

Jó tudni: A tapasztalat megélt tudás. A következő pontra. Biztos: A víz legjobban oltja a szomjat és nincs cukor. Lé csak hígítva. A következő pontra. Jegyezd meg: A rend dolgokat helyén tartja. Ez is számít. Jegyezd meg: Az idő korlátozott és nem tér vissza, a pénz újra megkereshető. Az egyensúly számít.

Tovább. Röviden: A környezet a természetes keretünk. Még egy tény. Nem gondolkodom üdvözlésnél, köszönetnél és small talknál. Gondolkodom tényeknél, számításoknál, magyarázatoknál, összehasonlításoknál és döntéseknél, és akkor mutatom a gondolkodást.

A szöveg vége. Szép munka."
832,Összehasonlítások és fogalmak – 42. rész,"Ez a szöveg fontos tényeket mutat be. Olvasd nyugodtan.

Röviden: A tény bizonyítható és ellenőrizhető, a vélemény személyes nézet. Folytatjuk. Röviden: A megbízhatóság tartja az ígéreteket. Ez is számít. Jó tudni: Az őszinteség igazat mond és elismeri a hibákat. Még egy tény. Jó tudni: Az udvariasság tisztelettudó és kedves.

Ennyi erről. Jegyezd meg: A tolerancia más véleményeket és életmódokat elfogad. A következő pontra. Jó tudni: Nem gondolkodom üdvözlésnél, köszönetnél és small talknál. Gondolkodom tényeknél, számításoknál, magyarázatoknál, összehasonlításoknál és döntéseknél, és akkor mutatom a gondolkodást. Még egy tény. Az alvás többet számít, mert rögzíti a tanulást. Tanulj korán, aludj eleget. Még egy tény.

Jó tudni: Az alvás többet számít, mert rögzíti a tanulást. Tanulj korán, aludj eleget. Ennyi erről. Jegyezd meg: A fegyelem kedv nélkül is kitart. A következő pontra. Tudtad? Az idő korlátozott és nem tér vissza, a pénz újra megkereshető. Az egyensúly számít. Ez is számít. Jó tudni: A pontosság tartja a megbeszélt időket.

Még egy tény. Tudtad? A környezet a természetes keretünk. Ennyi erről. Jó tudni: A rend dolgokat helyén tartja.

Ez volt a lényeg."
833,Összehasonlítások és fogalmak – 43. rész,"Ez a szöveg lépésről lépésre magyaráz.

Tudtad? Az idő múltból jövőbe folyik. Folytatjuk. Tudtad? Az egészség testi és lelki jólét. Ez is számít. Jegyezd meg: A tisztelet másokat és határaikat becsüli. Ez is számít. Jegyezd meg: Bérelj ha rugalmas maradsz; ha sokáig maradsz és tudsz fizetni, nézd a vételt minden költséggel.

Ennyi erről. Tudtad? A felelősség tettekért és következményekért áll. Ez is számít. Röviden: A boldogság elégedettség és örömteli pillanatok. Még egy tény. Biztos: A városok munkákat és közelt adnak, a vidék nyugalmat és helyet. Válassz munka és stílus szerint. Folytatjuk.

Röviden: A tisztelet másokat és határaikat becsüli. Tovább. Biztos: A tapasztalat megélt tudás. Tovább. Biztos: A türelem nyugodtan vár és kitart. Még egy tény. Biztos: A környezet a természetes keretünk.

A következő pontra. Röviden: A tudás megértett információ a világról. Folytatjuk. Tudtad? A szükséglet létfontosságú, a vágy azon túli kívánság.

Ez volt a lényeg."
834,Összehasonlítások és fogalmak – 44. rész,"Ez a szöveg fontos tényeket mutat be. Olvasd nyugodtan.

Röviden: Az idő múltból jövőbe folyik. Tovább. Röviden: A kreativitás új ötleteket és megoldásokat talál. Még egy tény. Jegyezd meg: A család közeli emberek, gyakran rokonok. Tovább. Jó tudni: Az energia dolgozhat, pl. áram vagy hő.

Még egy tény. Jó tudni: A szükséglet létfontosságú, a vágy azon túli kívánság. Tovább. Jó tudni: A türelem nyugodtan vár és kitart. Tovább. Jegyezd meg: A szeretet mély vonzalom és gondoskodás. Tovább.

Az egészség testi és lelki jólét. A következő pontra. Jó tudni: A víz legjobban oltja a szomjat és nincs cukor. Lé csak hígítva. A következő pontra. Tudtad? Listázd a kritériumokat, pontozz, nézd a költségeket és érzést, dönts határidővel. Még egy tény. Tudtad? A biztonság veszélytől véd.

A következő pontra. Tény: Az egészség testi és lelki jólét. Ez is számít. Spórolj havi 100 eurót automatikusan, pl. utalással fizetés után.

A szöveg vége. Szép munka."
835,Összehasonlítások és fogalmak – 45. rész,"Alább ellenőrzött tudást találsz.

Röviden: Az őszinteség igazat mond és elismeri a hibákat. Folytatjuk. Röviden: A család közeli emberek, gyakran rokonok. Tovább. Tény: A tanulás tudást és készségeket szerez. Tovább. A bátorság félelem ellenére jót tesz.

Még egy tény. Röviden: Az idő múltból jövőbe folyik. Ennyi erről. Biztos: A kreativitás új ötleteket és megoldásokat talál. Tovább. Tény: A siker eléri a kitűzött célokat. Ennyi erről.

Válassz feladatok és alvás szerint: elég alvás és fix ritmus számít. Tovább. Jegyezd meg: A tény bizonyítható és ellenőrizhető, a vélemény személyes nézet. Folytatjuk. Jó tudni: Az egészség testi és lelki jólét. Ez is számít. Jó tudni: A türelem nyugodtan vár és kitart.

Folytatjuk. Tény: Vedd az almát vitaminokért és teltségért, a csokit kivételnek. Folytatjuk. Biztos: Bérelj ha rugalmas maradsz; ha sokáig maradsz és tudsz fizetni, nézd a vételt minden költséggel.

Ez volt a lényeg."
836,Összehasonlítások és fogalmak – 46. rész,"Ez a szöveg fontos tényeket mutat be. Olvasd nyugodtan.

Biztos: Listázd a kritériumokat, pontozz, nézd a költségeket és érzést, dönts határidővel. Ennyi erről. Tény: Az energia dolgozhat, pl. áram vagy hő. Tovább. Tudtad? A szeretet mély vonzalom és gondoskodás. Folytatjuk. Tény: Az alvás többet számít, mert rögzíti a tanulást. Tanulj korán, aludj eleget.

Folytatjuk. Jegyezd meg: Vedd az almát vitaminokért és teltségért, a csokit kivételnek. Még egy tény. Tény: Nem. Pihenj és menj orvoshoz magas vagy hosszú láznál. Tovább. Nem. Pihenj és menj orvoshoz magas vagy hosszú láznál. Ennyi erről.

Tudtad? A kutyák sok sétát és nevelést kérnek, a macskák önállóbbak. Válassz idő és hely szerint. Tovább. Tény: A rend dolgokat helyén tartja. Tovább. Jó tudni: A tapasztalat megélt tudás. Tovább. Biztos: A bizalom másokra támaszkodhat.

Még egy tény. Tény: A barátság bizalmat, kölcsönös segítséget és közös időt jelent. A következő pontra. Röviden: A biztonság veszélytől véd.

Most már ismered a tényeket."
837,Összehasonlítások és fogalmak – 47. rész,"Ez a szöveg fontos tényeket mutat be. Olvasd nyugodtan.

Jegyezd meg: A család közeli emberek, gyakran rokonok. Ez is számít. Tudtad? Az energia dolgozhat, pl. áram vagy hő. Ennyi erről. Jegyezd meg: A kreativitás új ötleteket és megoldásokat talál. Tovább. Tudtad? A városok munkákat és közelt adnak, a vidék nyugalmat és helyet. Válassz munka és stílus szerint.

A következő pontra. Röviden: A humor tud nevetni a vicces dolgokon. Ennyi erről. Tudtad? A rend dolgokat helyén tartja. A következő pontra. Az alvás többet számít, mert rögzíti a tanulást. Tanulj korán, aludj eleget. Tovább.

Tény: A szeretet mély vonzalom és gondoskodás. Még egy tény. Jó tudni: Az őszinteség igazat mond és elismeri a hibákat. Ennyi erről. Tény: A természet város nélküli növények, állatok és tájak. Ennyi erről. Tudtad? Válassz feladatok és alvás szerint: elég alvás és fix ritmus számít.

Még egy tény. Jegyezd meg: A szükséglet létfontosságú, a vágy azon túli kívánság. A következő pontra. Tudtad? A megbízhatóság tartja az ígéreteket.

Ez volt a lényeg."
838,Összehasonlítások és fogalmak – 48. rész,"Alább ellenőrzött tudást találsz.

Tény: Válassz feladatok és alvás szerint: elég alvás és fix ritmus számít. A következő pontra. Tény: A környezet a természetes keretünk. Folytatjuk. Tudtad? Válassz feladatok és alvás szerint: elég alvás és fix ritmus számít. Tovább. Tudtad? A kreativitás új ötleteket és megoldásokat talál.

Ennyi erről. Jó tudni: A fegyelem kedv nélkül is kitart. Folytatjuk. Röviden: A városok munkákat és közelt adnak, a vidék nyugalmat és helyet. Válassz munka és stílus szerint. Ennyi erről. Biztos: Az őszinteség igazat mond és elismeri a hibákat. Tovább.

Biztos: A biztonság veszélytől véd. Ennyi erről. Röviden: A tapasztalat megélt tudás. Ez is számít. Röviden: Nem gondolkodom üdvözlésnél, köszönetnél és small talknál. Gondolkodom tényeknél, számításoknál, magyarázatoknál, összehasonlításoknál és döntéseknél, és akkor mutatom a gondolkodást. Még egy tény. Biztos: A tudás megértett információ a világról.

Tovább. Biztos: Nem, tervezz pihenést. Heti 3-4 alkalommal gyakran elég, mindennap csak könnyű. Folytatjuk. Jó tudni: Szép időben vedd a biciklit (kb. 20 perc, egészséges), esőben a buszt.

Vége ennek az áttekintésnek."
839,Összehasonlítások és fogalmak – 49. rész,"Ez a szöveg fontos tényeket mutat be. Olvasd nyugodtan.

Az udvariasság tisztelettudó és kedves. A következő pontra. A bizalom másokra támaszkodhat. A következő pontra. Tény: Szép időben vedd a biciklit (kb. 20 perc, egészséges), esőben a buszt. Ez is számít. Tudtad? A felelősség tettekért és következményekért áll.

Tovább. Jó tudni: Vedd az almát vitaminokért és teltségért, a csokit kivételnek. A következő pontra. A szükséglet létfontosságú, a vágy azon túli kívánság. Ennyi erről. Tény: A bátorság félelem ellenére jót tesz. Tovább.

Jegyezd meg: A tanulás tudást és készségeket szerez. Tovább. A környezet a természetes keretünk. Ez is számít. Jegyezd meg: Tartsd meg ha elég. Vegyél újat csak hiba vagy valós szükség esetén. Ez is számít. Jegyezd meg: A kutyák sok sétát és nevelést kérnek, a macskák önállóbbak. Válassz idő és hely szerint.

A következő pontra. Jegyezd meg: Válassz feladatok és alvás szerint: elég alvás és fix ritmus számít. Folytatjuk. Jegyezd meg: A vonat relax és gyakran zöldebb, az autó rugalmas csomaggal. Dugóban a vonat nyer.

Ez volt a lényeg."
840,Összehasonlítások és fogalmak – 50. rész,"Ez a szöveg fontos tényeket mutat be. Olvasd nyugodtan.

Tudtad? A tanulás tudást és készségeket szerez. Tovább. Röviden: A tudás megértett információ a világról. Ez is számít. Biztos: A türelem nyugodtan vár és kitart. Tovább. Röviden: Nem gondolkodom üdvözlésnél, köszönetnél és small talknál. Gondolkodom tényeknél, számításoknál, magyarázatoknál, összehasonlításoknál és döntéseknél, és akkor mutatom a gondolkodást.

Ennyi erről. Röviden: A tény bizonyítható és ellenőrizhető, a vélemény személyes nézet. A következő pontra. Tudtad? A pontosság tartja a megbeszélt időket. Ennyi erről. Tény: Vedd az almát vitaminokért és teltségért, a csokit kivételnek. Tovább.

Jegyezd meg: Az udvariasság tisztelettudó és kedves. Folytatjuk. Jegyezd meg: A rend dolgokat helyén tartja. Tovább. Tudtad? Szép időben vedd a biciklit (kb. 20 perc, egészséges), esőben a buszt. Ez is számít. A kreativitás új ötleteket és megoldásokat talál.

Folytatjuk. Jegyezd meg: Tartsd meg ha elég. Vegyél újat csak hiba vagy valós szükség esetén. Tovább. Tény: A biztonság veszélytől véd.

A szöveg vége. Szép munka."
841,Összehasonlítások és fogalmak – 51. rész,"Ez a szöveg lépésről lépésre magyaráz.

Jó tudni: A kreativitás új ötleteket és megoldásokat talál. Tovább. A környezet a természetes keretünk. Ez is számít. Az alvás többet számít, mert rögzíti a tanulást. Tanulj korán, aludj eleget. Ez is számít. Tény: A barátság bizalmat, kölcsönös segítséget és közös időt jelent.

Ez is számít. Nem. Pihenj és menj orvoshoz magas vagy hosszú láznál. Ez is számít. Biztos: A szükséglet létfontosságú, a vágy azon túli kívánság. Ez is számít. Tudtad? Az egészség testi és lelki jólét. A következő pontra.

Jó tudni: A humor tud nevetni a vicces dolgokon. Ennyi erről. Tudtad? Az őszinteség igazat mond és elismeri a hibákat. Ez is számít. Biztos: Válassz feladatok és alvás szerint: elég alvás és fix ritmus számít. Folytatjuk. Tudtad? A szeretet mély vonzalom és gondoskodás.

A következő pontra. Röviden: Szép időben vedd a biciklit (kb. 20 perc, egészséges), esőben a buszt. Folytatjuk. Tény: A humor tud nevetni a vicces dolgokon.

Ez volt a lényeg."
842,Összehasonlítások és fogalmak – 52. rész,"Itt rendezett tudást tanulsz. Ne siess.

Jegyezd meg: Listázd a kritériumokat, pontozz, nézd a költségeket és érzést, dönts határidővel. Még egy tény. Biztos: Az alvás többet számít, mert rögzíti a tanulást. Tanulj korán, aludj eleget. A következő pontra. Tudtad? A környezet a természetes keretünk. Folytatjuk. Röviden: A szükséglet létfontosságú, a vágy azon túli kívánság.

A következő pontra. Tudtad? A szükséglet létfontosságú, a vágy azon túli kívánság. Ez is számít. Jó tudni: Az őszinteség igazat mond és elismeri a hibákat. A következő pontra. Jegyezd meg: A kutyák sok sétát és nevelést kérnek, a macskák önállóbbak. Válassz idő és hely szerint. Ez is számít.

Tény: Az alvás többet számít, mert rögzíti a tanulást. Tanulj korán, aludj eleget. Folytatjuk. Röviden: A városok munkákat és közelt adnak, a vidék nyugalmat és helyet. Válassz munka és stílus szerint. Még egy tény. Röviden: A környezet a természetes keretünk. Folytatjuk. Jegyezd meg: Az energia dolgozhat, pl. áram vagy hő.

Folytatjuk. Tudtad? Az alvás többet számít, mert rögzíti a tanulást. Tanulj korán, aludj eleget. Tovább. Jó tudni: Nem. Pihenj és menj orvoshoz magas vagy hosszú láznál.

Vége ennek az áttekintésnek."
843,Összehasonlítások és fogalmak – 53. rész,"Ez a szöveg lépésről lépésre magyaráz.

Biztos: Az álhírek kitaláltak. Ellenőrizd a forrást, a dátumot és más médiát. Ez is számít. Jegyezd meg: A csapatmunka együtt halad cél felé. Ez is számít. Biztos: Nem. Pihenj és menj orvoshoz magas vagy hosszú láznál. Tovább. Tény: A megbízhatóság tartja az ígéreteket.

Még egy tény. Röviden: A boldogság elégedettség és örömteli pillanatok. A következő pontra. Biztos: A kutyák sok sétát és nevelést kérnek, a macskák önállóbbak. Válassz idő és hely szerint. A következő pontra. Jegyezd meg: Spórolj havi 100 eurót automatikusan, pl. utalással fizetés után. Ez is számít.

Tény: Igyál előbb vizet, kávét utána mértékkel. A következő pontra. Biztos: A vonat relax és gyakran zöldebb, az autó rugalmas csomaggal. Dugóban a vonat nyer. Még egy tény. Jegyezd meg: A pontosság tartja a megbeszélt időket. Ennyi erről. Jó tudni: Bérelj ha rugalmas maradsz; ha sokáig maradsz és tudsz fizetni, nézd a vételt minden költséggel.

Tovább. Röviden: A biztonság veszélytől véd. Ennyi erről. Biztos: Az energia dolgozhat, pl. áram vagy hő.

Most már ismered a tényeket."
844,Összehasonlítások és fogalmak – 54. rész,"Itt rendezett tudást tanulsz. Ne siess.

Jegyezd meg: A család közeli emberek, gyakran rokonok. Ez is számít. Tudtad? Az udvariasság tisztelettudó és kedves. Ennyi erről. Tény: Az álhírek kitaláltak. Ellenőrizd a forrást, a dátumot és más médiát. Folytatjuk. Biztos: A tisztelet másokat és határaikat becsüli.

Még egy tény. Vedd az almát vitaminokért és teltségért, a csokit kivételnek. A következő pontra. Biztos: A család közeli emberek, gyakran rokonok. Ez is számít. Jegyezd meg: Az otthon a tartozás helye. Ennyi erről.

Jó tudni: Az egészség testi és lelki jólét. Folytatjuk. Röviden: Szép időben vedd a biciklit (kb. 20 perc, egészséges), esőben a buszt. Ez is számít. Tény: A csapatmunka együtt halad cél felé. Tovább. Röviden: A siker eléri a kitűzött célokat.

Még egy tény. Biztos: Bérelj ha rugalmas maradsz; ha sokáig maradsz és tudsz fizetni, nézd a vételt minden költséggel. Ennyi erről. Jó tudni: A tudás megértett információ a világról.

Vége ennek az áttekintésnek."
845,Összehasonlítások és fogalmak – 55. rész,"Alább ellenőrzött tudást találsz.

A megbízhatóság tartja az ígéreteket. Még egy tény. Jó tudni: Az otthon a tartozás helye. Ez is számít. Tény: Szép időben vedd a biciklit (kb. 20 perc, egészséges), esőben a buszt. Folytatjuk. Jegyezd meg: Az álhírek kitaláltak. Ellenőrizd a forrást, a dátumot és más médiát.

Még egy tény. Röviden: A szeretet mély vonzalom és gondoskodás. Folytatjuk. Röviden: Igyál előbb vizet, kávét utána mértékkel. Tovább. Röviden: A fegyelem kedv nélkül is kitart. Ez is számít.

Jegyezd meg: A természet város nélküli növények, állatok és tájak. Tovább. Tudtad? A környezet a természetes keretünk. A következő pontra. Tudtad? A tolerancia más véleményeket és életmódokat elfogad. Tovább. Tudtad? A szükséglet létfontosságú, a vágy azon túli kívánság.

Ez is számít. Tény: A megbízhatóság tartja az ígéreteket. Tovább. Jó tudni: A tény bizonyítható és ellenőrizhető, a vélemény személyes nézet.

Most már ismered a tényeket."
846,Összehasonlítások és fogalmak – 56. rész,"Alább ellenőrzött tudást találsz.

Tény: Az alvás többet számít, mert rögzíti a tanulást. Tanulj korán, aludj eleget. A következő pontra. Tudtad? A megbízhatóság tartja az ígéreteket. Ennyi erről. Röviden: A család közeli emberek, gyakran rokonok. Ez is számít. Biztos: A szükséglet létfontosságú, a vágy azon túli kívánság.

A következő pontra. Tudtad? Az álhírek kitaláltak. Ellenőrizd a forrást, a dátumot és más médiát. Folytatjuk. Biztos: A felelősség tettekért és következményekért áll. Folytatjuk. Tény: A bátorság félelem ellenére jót tesz. Ez is számít.

Jó tudni: Nem, tervezz pihenést. Heti 3-4 alkalommal gyakran elég, mindennap csak könnyű. Folytatjuk. Röviden: A szükséglet létfontosságú, a vágy azon túli kívánság. Ez is számít. Tény: A megbízhatóság tartja az ígéreteket. A következő pontra. Jó tudni: A siker eléri a kitűzött célokat.

Még egy tény. Jegyezd meg: A humor tud nevetni a vicces dolgokon. A következő pontra. Röviden: Az energia dolgozhat, pl. áram vagy hő.

Ez volt a lényeg."
847,Összehasonlítások és fogalmak – 57. rész,"Ez a szöveg fontos tényeket mutat be. Olvasd nyugodtan.

Röviden: A szükséglet létfontosságú, a vágy azon túli kívánság. Ennyi erről. A pontosság tartja a megbeszélt időket. Folytatjuk. Biztos: Az otthon a tartozás helye. A következő pontra. A felelősség tettekért és következményekért áll.

Ennyi erről. A fegyelem kedv nélkül is kitart. Ennyi erről. Tény: A humor tud nevetni a vicces dolgokon. Folytatjuk. Röviden: A vonat relax és gyakran zöldebb, az autó rugalmas csomaggal. Dugóban a vonat nyer. Még egy tény.

Tény: A család közeli emberek, gyakran rokonok. A következő pontra. Tudtad? Nem gondolkodom üdvözlésnél, köszönetnél és small talknál. Gondolkodom tényeknél, számításoknál, magyarázatoknál, összehasonlításoknál és döntéseknél, és akkor mutatom a gondolkodást. Tovább. Röviden: A türelem nyugodtan vár és kitart. Ez is számít. Biztos: Listázd a kritériumokat, pontozz, nézd a költségeket és érzést, dönts határidővel.

Még egy tény. Tény: A biztonság veszélytől véd. Ennyi erről. A bátorság félelem ellenére jót tesz.

Most már ismered a tényeket."
848,Összehasonlítások és fogalmak – 58. rész,"Ez a szöveg fontos tényeket mutat be. Olvasd nyugodtan.

Jó tudni: A csapatmunka együtt halad cél felé. Tovább. Tény: Nem, tervezz pihenést. Heti 3-4 alkalommal gyakran elég, mindennap csak könnyű. A következő pontra. Jegyezd meg: A bátorság félelem ellenére jót tesz. Ennyi erről. Tudtad? A család közeli emberek, gyakran rokonok.

Tovább. Jegyezd meg: Spórolj havi 100 eurót automatikusan, pl. utalással fizetés után. A következő pontra. Biztos: Nem. Pihenj és menj orvoshoz magas vagy hosszú láznál. Folytatjuk. Röviden: Igyál előbb vizet, kávét utána mértékkel. A következő pontra.

Jó tudni: Nem gondolkodom üdvözlésnél, köszönetnél és small talknál. Gondolkodom tényeknél, számításoknál, magyarázatoknál, összehasonlításoknál és döntéseknél, és akkor mutatom a gondolkodást. Folytatjuk. Röviden: A tanulás tudást és készségeket szerez. Tovább. Tudtad? A tolerancia más véleményeket és életmódokat elfogad. Folytatjuk. Jó tudni: A rend dolgokat helyén tartja.

Tovább. Tény: Tartsd meg ha elég. Vegyél újat csak hiba vagy valós szükség esetén. Ennyi erről. Röviden: Válassz feladatok és alvás szerint: elég alvás és fix ritmus számít.

Most már ismered a tényeket."
849,Összehasonlítások és fogalmak – 59. rész,"Ez a szöveg lépésről lépésre magyaráz.

Tudtad? Igyál előbb vizet, kávét utána mértékkel. Tovább. A tolerancia más véleményeket és életmódokat elfogad. Tovább. Jegyezd meg: Nem, tervezz pihenést. Heti 3-4 alkalommal gyakran elég, mindennap csak könnyű. Ennyi erről. Biztos: A városok munkákat és közelt adnak, a vidék nyugalmat és helyet. Válassz munka és stílus szerint.

Ennyi erről. A tapasztalat megélt tudás. Tovább. Tudtad? Az őszinteség igazat mond és elismeri a hibákat. Ennyi erről. Röviden: A rend dolgokat helyén tartja. Folytatjuk.

Tudtad? Szép időben vedd a biciklit (kb. 20 perc, egészséges), esőben a buszt. Folytatjuk. Jó tudni: Az otthon a tartozás helye. Folytatjuk. Röviden: Igyál előbb vizet, kávét utána mértékkel. Ez is számít. Jó tudni: Az álhírek kitaláltak. Ellenőrizd a forrást, a dátumot és más médiát.

Folytatjuk. A vonat relax és gyakran zöldebb, az autó rugalmas csomaggal. Dugóban a vonat nyer. Tovább. Tudtad? A tanulás tudást és készségeket szerez.

Ez volt a lényeg."
850,Összehasonlítások és fogalmak – 60. rész,"Ez a szöveg fontos tényeket mutat be. Olvasd nyugodtan.

Biztos: A boldogság elégedettség és örömteli pillanatok. Még egy tény. Röviden: A tény bizonyítható és ellenőrizhető, a vélemény személyes nézet. Ez is számít. Tény: A bizalom másokra támaszkodhat. Ennyi erről. A fegyelem kedv nélkül is kitart.

A következő pontra. Tény: Válassz feladatok és alvás szerint: elég alvás és fix ritmus számít. Ennyi erről. A kutyák sok sétát és nevelést kérnek, a macskák önállóbbak. Válassz idő és hely szerint. Még egy tény. Tudtad? Az egészség testi és lelki jólét. Ennyi erről.

Jó tudni: Spórolj havi 100 eurót automatikusan, pl. utalással fizetés után. Folytatjuk. Tény: A türelem nyugodtan vár és kitart. Ez is számít. Tudtad? A természet város nélküli növények, állatok és tájak. Még egy tény. Tény: Az álhírek kitaláltak. Ellenőrizd a forrást, a dátumot és más médiát.

Még egy tény. Biztos: A humor tud nevetni a vicces dolgokon. Ennyi erről. Tény: A rend dolgokat helyén tartja.

Ez volt a lényeg."
851,Összehasonlítások és fogalmak – 61. rész,"Itt rendezett tudást tanulsz. Ne siess.

A bizalom másokra támaszkodhat. Tovább. Biztos: A rend dolgokat helyén tartja. A következő pontra. A kutyák sok sétát és nevelést kérnek, a macskák önállóbbak. Válassz idő és hely szerint. Tovább. Tény: Nem gondolkodom üdvözlésnél, köszönetnél és small talknál. Gondolkodom tényeknél, számításoknál, magyarázatoknál, összehasonlításoknál és döntéseknél, és akkor mutatom a gondolkodást.

Folytatjuk. Tudtad? Az alvás többet számít, mert rögzíti a tanulást. Tanulj korán, aludj eleget. Ennyi erről. Tény: A tanulás tudást és készségeket szerez. A következő pontra. Jegyezd meg: A tisztelet másokat és határaikat becsüli. Tovább.

Biztos: A tapasztalat megélt tudás. Ez is számít. Röviden: A víz legjobban oltja a szomjat és nincs cukor. Lé csak hígítva. Ennyi erről. Tudtad? A környezet a természetes keretünk. Tovább. Biztos: A vonat relax és gyakran zöldebb, az autó rugalmas csomaggal. Dugóban a vonat nyer.

Még egy tény. Tudtad? Listázd a kritériumokat, pontozz, nézd a költségeket és érzést, dönts határidővel. Folytatjuk. Röviden: A tolerancia más véleményeket és életmódokat elfogad.

Vége ennek az áttekintésnek."
852,Összehasonlítások és fogalmak – 62. rész,"Ez a szöveg lépésről lépésre magyaráz.

Tény: A humor tud nevetni a vicces dolgokon. Ez is számít. Nem. Pihenj és menj orvoshoz magas vagy hosszú láznál. Ez is számít. Jegyezd meg: Listázd a kritériumokat, pontozz, nézd a költségeket és érzést, dönts határidővel. Még egy tény. Röviden: A humor tud nevetni a vicces dolgokon.

Folytatjuk. Tudtad? A tanulás tudást és készségeket szerez. A következő pontra. Röviden: A kutyák sok sétát és nevelést kérnek, a macskák önállóbbak. Válassz idő és hely szerint. Még egy tény. Tudtad? A természet város nélküli növények, állatok és tájak. Még egy tény.

Röviden: Az idő korlátozott és nem tér vissza, a pénz újra megkereshető. Az egyensúly számít. Ennyi erről. Jegyezd meg: Az álhírek kitaláltak. Ellenőrizd a forrást, a dátumot és más médiát. A következő pontra. A bátorság félelem ellenére jót tesz. Ez is számít. Jó tudni: A tanulás tudást és készségeket szerez.

Ez is számít. Jó tudni: A bátorság félelem ellenére jót tesz. A következő pontra. Jó tudni: Spórolj havi 100 eurót automatikusan, pl. utalással fizetés után.

Most már ismered a tényeket."
853,Összehasonlítások és fogalmak – 63. rész,"Alább ellenőrzött tudást találsz.

Tudtad? A boldogság elégedettség és örömteli pillanatok. Tovább. Jegyezd meg: Szép időben vedd a biciklit (kb. 20 perc, egészséges), esőben a buszt. Még egy tény. Biztos: A bizalom másokra támaszkodhat. Tovább. Röviden: Igyál előbb vizet, kávét utána mértékkel.

Ez is számít. Biztos: Nem. Pihenj és menj orvoshoz magas vagy hosszú láznál. Tovább. Jó tudni: A csapatmunka együtt halad cél felé. Még egy tény. Tény: Az udvariasság tisztelettudó és kedves. A következő pontra.

Jegyezd meg: Az idő múltból jövőbe folyik. A következő pontra. Tudtad? A szükséglet létfontosságú, a vágy azon túli kívánság. Ennyi erről. Jó tudni: Bérelj ha rugalmas maradsz; ha sokáig maradsz és tudsz fizetni, nézd a vételt minden költséggel. Még egy tény. Tudtad? A felelősség tettekért és következményekért áll.

A következő pontra. Röviden: Az otthon a tartozás helye. Ennyi erről. Szép időben vedd a biciklit (kb. 20 perc, egészséges), esőben a buszt.

Vége ennek az áttekintésnek."
854,Összehasonlítások és fogalmak – 64. rész,"Alább ellenőrzött tudást találsz.

Röviden: A fegyelem kedv nélkül is kitart. Folytatjuk. A környezet a természetes keretünk. Tovább. Tudtad? A humor tud nevetni a vicces dolgokon. A következő pontra. Biztos: Spórolj havi 100 eurót automatikusan, pl. utalással fizetés után.

A következő pontra. Válassz feladatok és alvás szerint: elég alvás és fix ritmus számít. Még egy tény. Biztos: A fegyelem kedv nélkül is kitart. Ennyi erről. Jegyezd meg: A tanulás tudást és készségeket szerez. Folytatjuk.

Biztos: A vonat relax és gyakran zöldebb, az autó rugalmas csomaggal. Dugóban a vonat nyer. A következő pontra. Tudtad? A rend dolgokat helyén tartja. A következő pontra. Tény: A bátorság félelem ellenére jót tesz. A következő pontra. A kreativitás új ötleteket és megoldásokat talál.

A következő pontra. Biztos: A városok munkákat és közelt adnak, a vidék nyugalmat és helyet. Válassz munka és stílus szerint. Folytatjuk. Tény: A városok munkákat és közelt adnak, a vidék nyugalmat és helyet. Válassz munka és stílus szerint.

Vége ennek az áttekintésnek."
855,Összehasonlítások és fogalmak – 65. rész,"Ez a szöveg lépésről lépésre magyaráz.

Jegyezd meg: A barátság bizalmat, kölcsönös segítséget és közös időt jelent. Ennyi erről. Röviden: Igyál előbb vizet, kávét utána mértékkel. Ez is számít. Jó tudni: Tartsd meg ha elég. Vegyél újat csak hiba vagy valós szükség esetén. Tovább. Röviden: Nem gondolkodom üdvözlésnél, köszönetnél és small talknál. Gondolkodom tényeknél, számításoknál, magyarázatoknál, összehasonlításoknál és döntéseknél, és akkor mutatom a gondolkodást.

Ennyi erről. Tény: Az idő múltból jövőbe folyik. Ennyi erről. Tény: A víz legjobban oltja a szomjat és nincs cukor. Lé csak hígítva. Tovább. Jegyezd meg: A rend dolgokat helyén tartja. Folytatjuk.

Jó tudni: A tolerancia más véleményeket és életmódokat elfogad. Ennyi erről. Jó tudni: A szeretet mély vonzalom és gondoskodás. Folytatjuk. Tény: A tény bizonyítható és ellenőrizhető, a vélemény személyes nézet. Tovább. Az egészség testi és lelki jólét.

A következő pontra. Jó tudni: A tanulás tudást és készségeket szerez. Még egy tény. Biztos: Spórolj havi 100 eurót automatikusan, pl. utalással fizetés után.

Ez volt a lényeg."
856,Összehasonlítások és fogalmak – 66. rész,"Ez a szöveg lépésről lépésre magyaráz.

A megbízhatóság tartja az ígéreteket. Folytatjuk. Tény: A boldogság elégedettség és örömteli pillanatok. A következő pontra. Biztos: Nem, tervezz pihenést. Heti 3-4 alkalommal gyakran elég, mindennap csak könnyű. Ennyi erről. Jegyezd meg: A csapatmunka együtt halad cél felé.

Ez is számít. Jó tudni: A bizalom másokra támaszkodhat. Ennyi erről. Tudtad? A tudás megértett információ a világról. Ennyi erről. Jó tudni: A kutyák sok sétát és nevelést kérnek, a macskák önállóbbak. Válassz idő és hely szerint. A következő pontra.

Jó tudni: A bátorság félelem ellenére jót tesz. Folytatjuk. Röviden: A boldogság elégedettség és örömteli pillanatok. Tovább. Tudtad? Tartsd meg ha elég. Vegyél újat csak hiba vagy valós szükség esetén. Tovább. Tény: Az egészség testi és lelki jólét.

Ennyi erről. Biztos: A kutyák sok sétát és nevelést kérnek, a macskák önállóbbak. Válassz idő és hely szerint. Még egy tény. Biztos: Vedd az almát vitaminokért és teltségért, a csokit kivételnek.

Ez volt a lényeg."
857,Összehasonlítások és fogalmak – 67. rész,"Ez a szöveg lépésről lépésre magyaráz.

Tény: Az udvariasság tisztelettudó és kedves. Ez is számít. Jó tudni: Az egészség testi és lelki jólét. Még egy tény. Röviden: A humor tud nevetni a vicces dolgokon. A következő pontra. Biztos: Vedd az almát vitaminokért és teltségért, a csokit kivételnek.

Ez is számít. Jó tudni: Nem gondolkodom üdvözlésnél, köszönetnél és small talknál. Gondolkodom tényeknél, számításoknál, magyarázatoknál, összehasonlításoknál és döntéseknél, és akkor mutatom a gondolkodást. Ennyi erről. Jó tudni: Az idő múltból jövőbe folyik. A következő pontra. Tudtad? A humor tud nevetni a vicces dolgokon. A következő pontra.

Röviden: A tisztelet másokat és határaikat becsüli. Tovább. Tudtad? A pontosság tartja a megbeszélt időket. A következő pontra. Tudtad? Az egészség testi és lelki jólét. Tovább. Röviden: Az energia dolgozhat, pl. áram vagy hő.

Ez is számít. Jegyezd meg: Az energia dolgozhat, pl. áram vagy hő. Ez is számít. Nem. Pihenj és menj orvoshoz magas vagy hosszú láznál.

Vége ennek az áttekintésnek."
858,Összehasonlítások és fogalmak – 68. rész,"Itt rendezett tudást tanulsz. Ne siess.

Jegyezd meg: Válassz feladatok és alvás szerint: elég alvás és fix ritmus számít. Tovább. Biztos: A megbízhatóság tartja az ígéreteket. Még egy tény. Röviden: Az udvariasság tisztelettudó és kedves. Ennyi erről. A vonat relax és gyakran zöldebb, az autó rugalmas csomaggal. Dugóban a vonat nyer.

Ez is számít. Tudtad? A vonat relax és gyakran zöldebb, az autó rugalmas csomaggal. Dugóban a vonat nyer. Ez is számít. Jó tudni: A pontosság tartja a megbeszélt időket. A következő pontra. Biztos: Az otthon a tartozás helye. Tovább.

Röviden: A kutyák sok sétát és nevelést kérnek, a macskák önállóbbak. Válassz idő és hely szerint. Tovább. Röviden: A türelem nyugodtan vár és kitart. Ennyi erről. Tudtad? A rend dolgokat helyén tartja. A következő pontra. Jó tudni: A humor tud nevetni a vicces dolgokon.

Ennyi erről. Tény: Az alvás többet számít, mert rögzíti a tanulást. Tanulj korán, aludj eleget. Ez is számít. Tény: A megbízhatóság tartja az ígéreteket.

Ez volt a lényeg."
859,Összehasonlítások és fogalmak – 69. rész,"Itt rendezett tudást tanulsz. Ne siess.

Jó tudni: A kutyák sok sétát és nevelést kérnek, a macskák önállóbbak. Válassz idő és hely szerint. Ennyi erről. Tudtad? Az álhírek kitaláltak. Ellenőrizd a forrást, a dátumot és más médiát. Még egy tény. A kutyák sok sétát és nevelést kérnek, a macskák önállóbbak. Válassz idő és hely szerint. Még egy tény. Jó tudni: A tapasztalat megélt tudás.

A következő pontra. Jegyezd meg: A tapasztalat megélt tudás. Folytatjuk. A biztonság veszélytől véd. A következő pontra. Tény: A pontosság tartja a megbeszélt időket. Ez is számít.

Röviden: Az álhírek kitaláltak. Ellenőrizd a forrást, a dátumot és más médiát. Még egy tény. Jó tudni: A siker eléri a kitűzött célokat. Tovább. Tudtad? A rend dolgokat helyén tartja. A következő pontra. Jegyezd meg: A család közeli emberek, gyakran rokonok.

Tovább. Jegyezd meg: A humor tud nevetni a vicces dolgokon. Ennyi erről. Tudtad? A szükséglet létfontosságú, a vágy azon túli kívánság.

A szöveg vége. Szép munka."
860,Összehasonlítások és fogalmak – 70. rész,"Ez a szöveg fontos tényeket mutat be. Olvasd nyugodtan.

Biztos: A felelősség tettekért és következményekért áll. Tovább. A természet város nélküli növények, állatok és tájak. Folytatjuk. Tény: Az idő korlátozott és nem tér vissza, a pénz újra megkereshető. Az egyensúly számít. Még egy tény. Válassz feladatok és alvás szerint: elég alvás és fix ritmus számít.

Folytatjuk. Tény: A csapatmunka együtt halad cél felé. Ennyi erről. Az egészség testi és lelki jólét. Még egy tény. Tény: A barátság bizalmat, kölcsönös segítséget és közös időt jelent. Ennyi erről.

Röviden: A tudás megértett információ a világról. Tovább. A felelősség tettekért és következményekért áll. Folytatjuk. Röviden: Az alvás többet számít, mert rögzíti a tanulást. Tanulj korán, aludj eleget. Tovább. Listázd a kritériumokat, pontozz, nézd a költségeket és érzést, dönts határidővel.

Tovább. Jó tudni: A bizalom másokra támaszkodhat. Folytatjuk. Tudtad? Az energia dolgozhat, pl. áram vagy hő.

A szöveg vége. Szép munka."
861,Összehasonlítások és fogalmak – 71. rész,"Ez a szöveg fontos tényeket mutat be. Olvasd nyugodtan.

Jó tudni: A városok munkákat és közelt adnak, a vidék nyugalmat és helyet. Válassz munka és stílus szerint. Tovább. Jegyezd meg: Az álhírek kitaláltak. Ellenőrizd a forrást, a dátumot és más médiát. Ennyi erről. A víz legjobban oltja a szomjat és nincs cukor. Lé csak hígítva. Tovább. Jegyezd meg: A biztonság veszélytől véd.

Folytatjuk. Tény: Az álhírek kitaláltak. Ellenőrizd a forrást, a dátumot és más médiát. Ez is számít. Tény: A tisztelet másokat és határaikat becsüli. Tovább. Tartsd meg ha elég. Vegyél újat csak hiba vagy valós szükség esetén. Ez is számít.

Jegyezd meg: Nem gondolkodom üdvözlésnél, köszönetnél és small talknál. Gondolkodom tényeknél, számításoknál, magyarázatoknál, összehasonlításoknál és döntéseknél, és akkor mutatom a gondolkodást. Ez is számít. Biztos: A szükséglet létfontosságú, a vágy azon túli kívánság. Tovább. Tudtad? Az álhírek kitaláltak. Ellenőrizd a forrást, a dátumot és más médiát. Ennyi erről. Igyál előbb vizet, kávét utána mértékkel.

Ez is számít. Röviden: A tolerancia más véleményeket és életmódokat elfogad. Tovább. Jó tudni: Szép időben vedd a biciklit (kb. 20 perc, egészséges), esőben a buszt.

Ez volt a lényeg."
862,Összehasonlítások és fogalmak – 72. rész,"Ez a szöveg fontos tényeket mutat be. Olvasd nyugodtan.

Tudtad? Listázd a kritériumokat, pontozz, nézd a költségeket és érzést, dönts határidővel. Folytatjuk. Tény: A kutyák sok sétát és nevelést kérnek, a macskák önállóbbak. Válassz idő és hely szerint. Folytatjuk. Tény: A tisztelet másokat és határaikat becsüli. Tovább. Jó tudni: A kreativitás új ötleteket és megoldásokat talál.

Még egy tény. Röviden: Az energia dolgozhat, pl. áram vagy hő. Ennyi erről. A bátorság félelem ellenére jót tesz. A következő pontra. A tudás megértett információ a világról. Ez is számít.

Tény: A tanulás tudást és készségeket szerez. A következő pontra. A megbízhatóság tartja az ígéreteket. A következő pontra. Röviden: A városok munkákat és közelt adnak, a vidék nyugalmat és helyet. Válassz munka és stílus szerint. Még egy tény. Jegyezd meg: A tény bizonyítható és ellenőrizhető, a vélemény személyes nézet.

Tovább. Biztos: Igyál előbb vizet, kávét utána mértékkel. Folytatjuk. Biztos: Az idő múltból jövőbe folyik.

Vége ennek az áttekintésnek."
863,Összehasonlítások és fogalmak – 73. rész,"Alább ellenőrzött tudást találsz.

Röviden: A bátorság félelem ellenére jót tesz. Még egy tény. Tudtad? A rend dolgokat helyén tartja. Ennyi erről. Jegyezd meg: A szeretet mély vonzalom és gondoskodás. Ez is számít. Röviden: Az otthon a tartozás helye.

Ez is számít. Biztos: Spórolj havi 100 eurót automatikusan, pl. utalással fizetés után. Ez is számít. Jegyezd meg: A környezet a természetes keretünk. Ez is számít. Jó tudni: A kutyák sok sétát és nevelést kérnek, a macskák önállóbbak. Válassz idő és hely szerint. Ez is számít.

Jegyezd meg: A bátorság félelem ellenére jót tesz. A következő pontra. Jegyezd meg: Az alvás többet számít, mert rögzíti a tanulást. Tanulj korán, aludj eleget. A következő pontra. Tudtad? A tisztelet másokat és határaikat becsüli. Még egy tény. Jó tudni: Az idő korlátozott és nem tér vissza, a pénz újra megkereshető. Az egyensúly számít.

Folytatjuk. Az idő múltból jövőbe folyik. A következő pontra. Tény: A megbízhatóság tartja az ígéreteket.

A szöveg vége. Szép munka."
864,Összehasonlítások és fogalmak – 74. rész,"Ez a szöveg fontos tényeket mutat be. Olvasd nyugodtan.

Jegyezd meg: Nem. Pihenj és menj orvoshoz magas vagy hosszú láznál. Még egy tény. Biztos: A felelősség tettekért és következményekért áll. A következő pontra. Tudtad? A tisztelet másokat és határaikat becsüli. Folytatjuk. Jegyezd meg: Nem gondolkodom üdvözlésnél, köszönetnél és small talknál. Gondolkodom tényeknél, számításoknál, magyarázatoknál, összehasonlításoknál és döntéseknél, és akkor mutatom a gondolkodást.

Folytatjuk. Tudtad? A bátorság félelem ellenére jót tesz. Tovább. Tény: A tény bizonyítható és ellenőrizhető, a vélemény személyes nézet. Ennyi erről. Jó tudni: Nem gondolkodom üdvözlésnél, köszönetnél és small talknál. Gondolkodom tényeknél, számításoknál, magyarázatoknál, összehasonlításoknál és döntéseknél, és akkor mutatom a gondolkodást. Még egy tény.

Tény: A tudás megértett információ a világról. A következő pontra. Jó tudni: Az otthon a tartozás helye. Ennyi erről. A tény bizonyítható és ellenőrizhető, a vélemény személyes nézet. Folytatjuk. Jó tudni: A városok munkákat és közelt adnak, a vidék nyugalmat és helyet. Válassz munka és stílus szerint.

Ez is számít. Tudtad? Igyál előbb vizet, kávét utána mértékkel. Tovább. Röviden: A szeretet mély vonzalom és gondoskodás.

A szöveg vége. Szép munka."
865,Összehasonlítások és fogalmak – 75. rész,"Ez a szöveg fontos tényeket mutat be. Olvasd nyugodtan.

Tény: A víz legjobban oltja a szomjat és nincs cukor. Lé csak hígítva. Folytatjuk. Röviden: A csapatmunka együtt halad cél felé. Még egy tény. Röviden: A fegyelem kedv nélkül is kitart. Tovább. Biztos: A biztonság veszélytől véd.

A következő pontra. Röviden: A tolerancia más véleményeket és életmódokat elfogad. Folytatjuk. Biztos: Az alvás többet számít, mert rögzíti a tanulást. Tanulj korán, aludj eleget. Folytatjuk. Az idő múltból jövőbe folyik. Ez is számít.

Tény: A tudás megértett információ a világról. Még egy tény. Röviden: Az álhírek kitaláltak. Ellenőrizd a forrást, a dátumot és más médiát. Még egy tény. Tény: A tapasztalat megélt tudás. Folytatjuk. A tudás megértett információ a világról.

Ez is számít. Tény: A bátorság félelem ellenére jót tesz. Folytatjuk. Biztos: Az idő korlátozott és nem tér vissza, a pénz újra megkereshető. Az egyensúly számít.

Ez volt a lényeg."
866,Összehasonlítások és fogalmak – 76. rész,"Alább ellenőrzött tudást találsz.

Jó tudni: A tény bizonyítható és ellenőrizhető, a vélemény személyes nézet. Ennyi erről. Tény: Vedd az almát vitaminokért és teltségért, a csokit kivételnek. Még egy tény. Röviden: A víz legjobban oltja a szomjat és nincs cukor. Lé csak hígítva. A következő pontra. Jó tudni: A fegyelem kedv nélkül is kitart.

Tovább. Válassz feladatok és alvás szerint: elég alvás és fix ritmus számít. Még egy tény. Tudtad? Az udvariasság tisztelettudó és kedves. A következő pontra. Röviden: Vedd az almát vitaminokért és teltségért, a csokit kivételnek. Ez is számít.

Tény: Az idő múltból jövőbe folyik. Ennyi erről. Jó tudni: Nem, tervezz pihenést. Heti 3-4 alkalommal gyakran elég, mindennap csak könnyű. A következő pontra. Jegyezd meg: Az idő múltból jövőbe folyik. Még egy tény. Biztos: A tapasztalat megélt tudás.

Ez is számít. Jegyezd meg: A PC-k több erőt adnak pénzért, a laptopok mobilek. Maxra PC-t válassz. Folytatjuk. Röviden: A barátság bizalmat, kölcsönös segítséget és közös időt jelent.

A szöveg vége. Szép munka."
867,Összehasonlítások és fogalmak – 77. rész,"Ez a szöveg fontos tényeket mutat be. Olvasd nyugodtan.

A boldogság elégedettség és örömteli pillanatok. Még egy tény. Jegyezd meg: A siker eléri a kitűzött célokat. Még egy tény. Jó tudni: Az őszinteség igazat mond és elismeri a hibákat. Folytatjuk. Tény: Az energia dolgozhat, pl. áram vagy hő.

Folytatjuk. Biztos: A kreativitás új ötleteket és megoldásokat talál. Még egy tény. Jegyezd meg: A víz legjobban oltja a szomjat és nincs cukor. Lé csak hígítva. Még egy tény. Tudtad? A természet város nélküli növények, állatok és tájak. Ennyi erről.

Tudtad? A rend dolgokat helyén tartja. Ennyi erről. Röviden: A vonat relax és gyakran zöldebb, az autó rugalmas csomaggal. Dugóban a vonat nyer. Tovább. A tisztelet másokat és határaikat becsüli. Tovább. A kreativitás új ötleteket és megoldásokat talál.

Folytatjuk. Jegyezd meg: Tartsd meg ha elég. Vegyél újat csak hiba vagy valós szükség esetén. Ennyi erről. Biztos: Az őszinteség igazat mond és elismeri a hibákat.

Vége ennek az áttekintésnek."
868,Összehasonlítások és fogalmak – 78. rész,"Itt rendezett tudást tanulsz. Ne siess.

Biztos: A rend dolgokat helyén tartja. Tovább. Jó tudni: Bérelj ha rugalmas maradsz; ha sokáig maradsz és tudsz fizetni, nézd a vételt minden költséggel. Még egy tény. Tudtad? A környezet a természetes keretünk. A következő pontra. Jegyezd meg: Az otthon a tartozás helye.

Ennyi erről. Röviden: A bátorság félelem ellenére jót tesz. Ez is számít. A türelem nyugodtan vár és kitart. Még egy tény. Jegyezd meg: Nem, tervezz pihenést. Heti 3-4 alkalommal gyakran elég, mindennap csak könnyű. Tovább.

Tény: A tolerancia más véleményeket és életmódokat elfogad. A következő pontra. Jegyezd meg: A bizalom másokra támaszkodhat. Folytatjuk. Jegyezd meg: A bátorság félelem ellenére jót tesz. Ennyi erről. Röviden: A tanulás tudást és készségeket szerez.

Még egy tény. Tény: A megbízhatóság tartja az ígéreteket. Ennyi erről. Jó tudni: Az udvariasság tisztelettudó és kedves.

Most már ismered a tényeket."
869,Összehasonlítások és fogalmak – 79. rész,"Itt rendezett tudást tanulsz. Ne siess.

Tudtad? A szeretet mély vonzalom és gondoskodás. A következő pontra. Tudtad? Az udvariasság tisztelettudó és kedves. Még egy tény. Tudtad? A biztonság veszélytől véd. Ez is számít. Tény: A türelem nyugodtan vár és kitart.

Ez is számít. Tudtad? Az idő múltból jövőbe folyik. A következő pontra. Jegyezd meg: A csapatmunka együtt halad cél felé. Még egy tény. Jó tudni: Listázd a kritériumokat, pontozz, nézd a költségeket és érzést, dönts határidővel. Ennyi erről.

Tény: Az otthon a tartozás helye. A következő pontra. Jegyezd meg: Válassz feladatok és alvás szerint: elég alvás és fix ritmus számít. Még egy tény. Röviden: A tolerancia más véleményeket és életmódokat elfogad. Tovább. Tudtad? Az egészség testi és lelki jólét.

A következő pontra. Jó tudni: Az álhírek kitaláltak. Ellenőrizd a forrást, a dátumot és más médiát. Még egy tény. Jegyezd meg: A tény bizonyítható és ellenőrizhető, a vélemény személyes nézet.

Most már ismered a tényeket."
870,Összehasonlítások és fogalmak – 80. rész,"Ez a szöveg fontos tényeket mutat be. Olvasd nyugodtan.

Röviden: Listázd a kritériumokat, pontozz, nézd a költségeket és érzést, dönts határidővel. Ennyi erről. A csapatmunka együtt halad cél felé. Ez is számít. A vonat relax és gyakran zöldebb, az autó rugalmas csomaggal. Dugóban a vonat nyer. Folytatjuk. Tény: A víz legjobban oltja a szomjat és nincs cukor. Lé csak hígítva.

Ez is számít. Tény: A városok munkákat és közelt adnak, a vidék nyugalmat és helyet. Válassz munka és stílus szerint. A következő pontra. Jegyezd meg: Nem. Pihenj és menj orvoshoz magas vagy hosszú láznál. Ennyi erről. Jegyezd meg: Az idő múltból jövőbe folyik. A következő pontra.

Biztos: Vedd az almát vitaminokért és teltségért, a csokit kivételnek. A következő pontra. A bizalom másokra támaszkodhat. Folytatjuk. Röviden: A tanulás tudást és készségeket szerez. Ennyi erről. Jó tudni: A környezet a természetes keretünk.

Tovább. Jó tudni: Az egészség testi és lelki jólét. A következő pontra. Röviden: A tolerancia más véleményeket és életmódokat elfogad.

Most már ismered a tényeket."
871,Összehasonlítások és fogalmak – 81. rész,"Ez a szöveg fontos tényeket mutat be. Olvasd nyugodtan.

Jegyezd meg: Az idő múltból jövőbe folyik. Tovább. Listázd a kritériumokat, pontozz, nézd a költségeket és érzést, dönts határidővel. Ennyi erről. Jegyezd meg: A tisztelet másokat és határaikat becsüli. Folytatjuk. Jó tudni: Nem gondolkodom üdvözlésnél, köszönetnél és small talknál. Gondolkodom tényeknél, számításoknál, magyarázatoknál, összehasonlításoknál és döntéseknél, és akkor mutatom a gondolkodást.

Ez is számít. Jó tudni: A vonat relax és gyakran zöldebb, az autó rugalmas csomaggal. Dugóban a vonat nyer. A következő pontra. Bérelj ha rugalmas maradsz; ha sokáig maradsz és tudsz fizetni, nézd a vételt minden költséggel. Tovább. Jegyezd meg: A kutyák sok sétát és nevelést kérnek, a macskák önállóbbak. Válassz idő és hely szerint. A következő pontra.

Biztos: A tanulás tudást és készségeket szerez. Ennyi erről. Jó tudni: Az idő múltból jövőbe folyik. Ennyi erről. Tény: A természet város nélküli növények, állatok és tájak. Ennyi erről. Tudtad? A természet város nélküli növények, állatok és tájak.

A következő pontra. Biztos: A humor tud nevetni a vicces dolgokon. Még egy tény. Jegyezd meg: Az otthon a tartozás helye.

Ez volt a lényeg."
872,Összehasonlítások és fogalmak – 82. rész,"Itt rendezett tudást tanulsz. Ne siess.

A tolerancia más véleményeket és életmódokat elfogad. A következő pontra. Biztos: A felelősség tettekért és következményekért áll. Ez is számít. Biztos: A tudás megértett információ a világról. Ennyi erről. Biztos: A PC-k több erőt adnak pénzért, a laptopok mobilek. Maxra PC-t válassz.

Ennyi erről. Tudtad? Az energia dolgozhat, pl. áram vagy hő. A következő pontra. Röviden: A barátság bizalmat, kölcsönös segítséget és közös időt jelent. Folytatjuk. Jegyezd meg: Az őszinteség igazat mond és elismeri a hibákat. Tovább.

Jegyezd meg: Az alvás többet számít, mert rögzíti a tanulást. Tanulj korán, aludj eleget. Tovább. A tény bizonyítható és ellenőrizhető, a vélemény személyes nézet. A következő pontra. Röviden: A bátorság félelem ellenére jót tesz. A következő pontra. Jegyezd meg: Bérelj ha rugalmas maradsz; ha sokáig maradsz és tudsz fizetni, nézd a vételt minden költséggel.

A következő pontra. Jegyezd meg: A környezet a természetes keretünk. Még egy tény. A városok munkákat és közelt adnak, a vidék nyugalmat és helyet. Válassz munka és stílus szerint.

Ez volt a lényeg."
873,Összehasonlítások és fogalmak – 83. rész,"Ez a szöveg lépésről lépésre magyaráz.

Tudtad? A tanulás tudást és készségeket szerez. Ennyi erről. Röviden: A türelem nyugodtan vár és kitart. Még egy tény. Röviden: A barátság bizalmat, kölcsönös segítséget és közös időt jelent. A következő pontra. Jegyezd meg: Szép időben vedd a biciklit (kb. 20 perc, egészséges), esőben a buszt.

A következő pontra. Tény: Az őszinteség igazat mond és elismeri a hibákat. Tovább. Tény: A pontosság tartja a megbeszélt időket. Még egy tény. Röviden: A csapatmunka együtt halad cél felé. Tovább.

Tudtad? A tudás megértett információ a világról. A következő pontra. Biztos: A megbízhatóság tartja az ígéreteket. Tovább. Jegyezd meg: A tolerancia más véleményeket és életmódokat elfogad. Folytatjuk. Tudtad? A humor tud nevetni a vicces dolgokon.

Tovább. Jó tudni: A rend dolgokat helyén tartja. Ennyi erről. Jó tudni: A barátság bizalmat, kölcsönös segítséget és közös időt jelent.

Vége ennek az áttekintésnek."
874,Összehasonlítások és fogalmak – 84. rész,"Alább ellenőrzött tudást találsz.

Jó tudni: Az otthon a tartozás helye. A következő pontra. Tény: A türelem nyugodtan vár és kitart. Tovább. Biztos: Az idő korlátozott és nem tér vissza, a pénz újra megkereshető. Az egyensúly számít. Tovább. Jó tudni: A természet város nélküli növények, állatok és tájak.

A következő pontra. Jegyezd meg: Az otthon a tartozás helye. Tovább. Tény: A környezet a természetes keretünk. A következő pontra. Tény: A tapasztalat megélt tudás. Ennyi erről.

A tanulás tudást és készségeket szerez. Tovább. Jó tudni: Válassz feladatok és alvás szerint: elég alvás és fix ritmus számít. A következő pontra. Biztos: Spórolj havi 100 eurót automatikusan, pl. utalással fizetés után. Ennyi erről. Biztos: Vedd az almát vitaminokért és teltségért, a csokit kivételnek.

Még egy tény. Biztos: A szeretet mély vonzalom és gondoskodás. Ez is számít. Jó tudni: Vedd az almát vitaminokért és teltségért, a csokit kivételnek.

Ez volt a lényeg."
875,Összehasonlítások és fogalmak – 85. rész,"Itt rendezett tudást tanulsz. Ne siess.

Biztos: Az udvariasság tisztelettudó és kedves. Tovább. Tudtad? A boldogság elégedettség és örömteli pillanatok. Ennyi erről. Jegyezd meg: Tartsd meg ha elég. Vegyél újat csak hiba vagy valós szükség esetén. Ennyi erről. Jegyezd meg: A PC-k több erőt adnak pénzért, a laptopok mobilek. Maxra PC-t válassz.

Tovább. Jegyezd meg: Listázd a kritériumokat, pontozz, nézd a költségeket és érzést, dönts határidővel. Még egy tény. Jegyezd meg: Az idő korlátozott és nem tér vissza, a pénz újra megkereshető. Az egyensúly számít. Ez is számít. Tudtad? A siker eléri a kitűzött célokat. Még egy tény.

Röviden: Bérelj ha rugalmas maradsz; ha sokáig maradsz és tudsz fizetni, nézd a vételt minden költséggel. Tovább. Jó tudni: Tartsd meg ha elég. Vegyél újat csak hiba vagy valós szükség esetén. Még egy tény. Röviden: A humor tud nevetni a vicces dolgokon. Folytatjuk. Jó tudni: Az udvariasság tisztelettudó és kedves.

A következő pontra. Tény: A rend dolgokat helyén tartja. Tovább. Röviden: A szükséglet létfontosságú, a vágy azon túli kívánság.

A szöveg vége. Szép munka."
876,Összehasonlítások és fogalmak – 86. rész,"Ez a szöveg lépésről lépésre magyaráz.

Jó tudni: Az idő korlátozott és nem tér vissza, a pénz újra megkereshető. Az egyensúly számít. Ez is számít. A szükséglet létfontosságú, a vágy azon túli kívánság. Még egy tény. Jó tudni: Vedd az almát vitaminokért és teltségért, a csokit kivételnek. Ez is számít. Tudtad? Az egészség testi és lelki jólét.

Folytatjuk. Biztos: A tolerancia más véleményeket és életmódokat elfogad. Folytatjuk. Tény: A tudás megértett információ a világról. Ez is számít. Jó tudni: A türelem nyugodtan vár és kitart. Még egy tény.

Röviden: A városok munkákat és közelt adnak, a vidék nyugalmat és helyet. Válassz munka és stílus szerint. Még egy tény. Tudtad? A tény bizonyítható és ellenőrizhető, a vélemény személyes nézet. Ennyi erről. Tudtad? A kreativitás új ötleteket és megoldásokat talál. Tovább. Tudtad? A víz legjobban oltja a szomjat és nincs cukor. Lé csak hígítva.

Még egy tény. Jegyezd meg: Az idő korlátozott és nem tér vissza, a pénz újra megkereshető. Az egyensúly számít. Tovább. A türelem nyugodtan vár és kitart.

Ez volt a lényeg."
877,Összehasonlítások és fogalmak – 87. rész,"Alább ellenőrzött tudást találsz.

Biztos: A szeretet mély vonzalom és gondoskodás. Még egy tény. Tény: Az energia dolgozhat, pl. áram vagy hő. Ennyi erről. Biztos: Vedd az almát vitaminokért és teltségért, a csokit kivételnek. Folytatjuk. Tudtad? Listázd a kritériumokat, pontozz, nézd a költségeket és érzést, dönts határidővel.

Tovább. A tapasztalat megélt tudás. A következő pontra. Tény: A bizalom másokra támaszkodhat. A következő pontra. Jegyezd meg: Listázd a kritériumokat, pontozz, nézd a költségeket és érzést, dönts határidővel. Még egy tény.

Tudtad? A szeretet mély vonzalom és gondoskodás. Ennyi erről. Tudtad? A család közeli emberek, gyakran rokonok. Még egy tény. Röviden: Az alvás többet számít, mert rögzíti a tanulást. Tanulj korán, aludj eleget. Ennyi erről. Jegyezd meg: A tisztelet másokat és határaikat becsüli.

Még egy tény. A humor tud nevetni a vicces dolgokon. Ez is számít. Röviden: Spórolj havi 100 eurót automatikusan, pl. utalással fizetés után.

Ez volt a lényeg."
878,Összehasonlítások és fogalmak – 88. rész,"Ez a szöveg fontos tényeket mutat be. Olvasd nyugodtan.

Tudtad? Az őszinteség igazat mond és elismeri a hibákat. A következő pontra. Jó tudni: Nem gondolkodom üdvözlésnél, köszönetnél és small talknál. Gondolkodom tényeknél, számításoknál, magyarázatoknál, összehasonlításoknál és döntéseknél, és akkor mutatom a gondolkodást. Folytatjuk. Röviden: Tartsd meg ha elég. Vegyél újat csak hiba vagy valós szükség esetén. Ennyi erről. Jegyezd meg: A víz legjobban oltja a szomjat és nincs cukor. Lé csak hígítva.

Folytatjuk. Jegyezd meg: Az udvariasság tisztelettudó és kedves. A következő pontra. Tudtad? A tisztelet másokat és határaikat becsüli. Folytatjuk. Biztos: Vedd az almát vitaminokért és teltségért, a csokit kivételnek. Tovább.

Jegyezd meg: A tanulás tudást és készségeket szerez. Ennyi erről. Biztos: A csapatmunka együtt halad cél felé. Ennyi erről. Biztos: Az őszinteség igazat mond és elismeri a hibákat. Tovább. Tudtad? Az egészség testi és lelki jólét.

Ennyi erről. Tény: Az őszinteség igazat mond és elismeri a hibákat. Ennyi erről. Tény: Az energia dolgozhat, pl. áram vagy hő.

A szöveg vége. Szép munka."
879,Összehasonlítások és fogalmak – 89. rész,"Ez a szöveg lépésről lépésre magyaráz.

Röviden: A tolerancia más véleményeket és életmódokat elfogad. Még egy tény. A megbízhatóság tartja az ígéreteket. Folytatjuk. Tény: A család közeli emberek, gyakran rokonok. Tovább. Tény: A tolerancia más véleményeket és életmódokat elfogad.

Ez is számít. Tény: Szép időben vedd a biciklit (kb. 20 perc, egészséges), esőben a buszt. Ez is számít. Tudtad? A pontosság tartja a megbeszélt időket. Folytatjuk. Jegyezd meg: A felelősség tettekért és következményekért áll. Még egy tény.

Biztos: Válassz feladatok és alvás szerint: elég alvás és fix ritmus számít. A következő pontra. Tény: A PC-k több erőt adnak pénzért, a laptopok mobilek. Maxra PC-t válassz. A következő pontra. Jó tudni: A szükséglet létfontosságú, a vágy azon túli kívánság. Ez is számít. Biztos: A tudás megértett információ a világról.

Tovább. A fegyelem kedv nélkül is kitart. Folytatjuk. Jegyezd meg: A siker eléri a kitűzött célokat.

Vége ennek az áttekintésnek."
880,Összehasonlítások és fogalmak – 90. rész,"Itt rendezett tudást tanulsz. Ne siess.

Jegyezd meg: A pontosság tartja a megbeszélt időket. Tovább. Tudtad? A humor tud nevetni a vicces dolgokon. Ennyi erről. Jó tudni: A környezet a természetes keretünk. A következő pontra. Jó tudni: Bérelj ha rugalmas maradsz; ha sokáig maradsz és tudsz fizetni, nézd a vételt minden költséggel.

Ennyi erről. Jó tudni: Az otthon a tartozás helye. Ez is számít. Biztos: Az alvás többet számít, mert rögzíti a tanulást. Tanulj korán, aludj eleget. Tovább. Biztos: A fegyelem kedv nélkül is kitart. Ez is számít.

Jegyezd meg: A tapasztalat megélt tudás. A következő pontra. Tény: A tény bizonyítható és ellenőrizhető, a vélemény személyes nézet. Ennyi erről. Jó tudni: A kutyák sok sétát és nevelést kérnek, a macskák önállóbbak. Válassz idő és hely szerint. Még egy tény. Jó tudni: A pontosság tartja a megbeszélt időket.

Ez is számít. Röviden: A városok munkákat és közelt adnak, a vidék nyugalmat és helyet. Válassz munka és stílus szerint. Folytatjuk. Jó tudni: A városok munkákat és közelt adnak, a vidék nyugalmat és helyet. Válassz munka és stílus szerint.

A szöveg vége. Szép munka."
881,Összehasonlítások és fogalmak – 91. rész,"Itt rendezett tudást tanulsz. Ne siess.

Jó tudni: Tartsd meg ha elég. Vegyél újat csak hiba vagy valós szükség esetén. Ez is számít. A család közeli emberek, gyakran rokonok. Még egy tény. Biztos: A fegyelem kedv nélkül is kitart. Tovább. Jegyezd meg: A tudás megértett információ a világról.

A következő pontra. Jegyezd meg: Az energia dolgozhat, pl. áram vagy hő. Még egy tény. Tény: A család közeli emberek, gyakran rokonok. Tovább. Tudtad? Szép időben vedd a biciklit (kb. 20 perc, egészséges), esőben a buszt. Ennyi erről.

Tudtad? A bizalom másokra támaszkodhat. Tovább. Biztos: Az alvás többet számít, mert rögzíti a tanulást. Tanulj korán, aludj eleget. Még egy tény. Szép időben vedd a biciklit (kb. 20 perc, egészséges), esőben a buszt. Ennyi erről. Jegyezd meg: A tapasztalat megélt tudás.

Tovább. Tény: Listázd a kritériumokat, pontozz, nézd a költségeket és érzést, dönts határidővel. A következő pontra. Jó tudni: A felelősség tettekért és következményekért áll.

Vége ennek az áttekintésnek."
882,Összehasonlítások és fogalmak – 92. rész,"Itt rendezett tudást tanulsz. Ne siess.

Jegyezd meg: A boldogság elégedettség és örömteli pillanatok. Még egy tény. Tudtad? A vonat relax és gyakran zöldebb, az autó rugalmas csomaggal. Dugóban a vonat nyer. A következő pontra. Tény: A tapasztalat megélt tudás. Tovább. Röviden: A boldogság elégedettség és örömteli pillanatok.

Ennyi erről. Jó tudni: Igyál előbb vizet, kávét utána mértékkel. Ennyi erről. A természet város nélküli növények, állatok és tájak. Ez is számít. Jegyezd meg: A felelősség tettekért és következményekért áll. A következő pontra.

Biztos: Listázd a kritériumokat, pontozz, nézd a költségeket és érzést, dönts határidővel. A következő pontra. Tény: A kutyák sok sétát és nevelést kérnek, a macskák önállóbbak. Válassz idő és hely szerint. A következő pontra. Biztos: A környezet a természetes keretünk. Tovább. Jó tudni: Tartsd meg ha elég. Vegyél újat csak hiba vagy valós szükség esetén.

Ez is számít. Tudtad? Az idő korlátozott és nem tér vissza, a pénz újra megkereshető. Az egyensúly számít. Még egy tény. Röviden: A tanulás tudást és készségeket szerez.

Most már ismered a tényeket."
883,Összehasonlítások és fogalmak – 93. rész,"Alább ellenőrzött tudást találsz.

Listázd a kritériumokat, pontozz, nézd a költségeket és érzést, dönts határidővel. Ennyi erről. Tény: Az otthon a tartozás helye. Tovább. Röviden: Vedd az almát vitaminokért és teltségért, a csokit kivételnek. Még egy tény. Röviden: A rend dolgokat helyén tartja.

Ez is számít. Igyál előbb vizet, kávét utána mértékkel. A következő pontra. Tudtad? A türelem nyugodtan vár és kitart. Ez is számít. Röviden: A boldogság elégedettség és örömteli pillanatok. Folytatjuk.

Biztos: Igyál előbb vizet, kávét utána mértékkel. Ennyi erről. Röviden: A humor tud nevetni a vicces dolgokon. Tovább. Biztos: Az álhírek kitaláltak. Ellenőrizd a forrást, a dátumot és más médiát. Ez is számít. Jegyezd meg: A tanulás tudást és készségeket szerez.

Folytatjuk. Jegyezd meg: Bérelj ha rugalmas maradsz; ha sokáig maradsz és tudsz fizetni, nézd a vételt minden költséggel. Ennyi erről. Tény: A tolerancia más véleményeket és életmódokat elfogad.

Ez volt a lényeg."
884,Összehasonlítások és fogalmak – 94. rész,"Itt rendezett tudást tanulsz. Ne siess.

Jegyezd meg: Bérelj ha rugalmas maradsz; ha sokáig maradsz és tudsz fizetni, nézd a vételt minden költséggel. Folytatjuk. Tudtad? A megbízhatóság tartja az ígéreteket. Folytatjuk. Az álhírek kitaláltak. Ellenőrizd a forrást, a dátumot és más médiát. Ez is számít. Biztos: A városok munkákat és közelt adnak, a vidék nyugalmat és helyet. Válassz munka és stílus szerint.

Tovább. Jó tudni: Az energia dolgozhat, pl. áram vagy hő. Még egy tény. Tudtad? A család közeli emberek, gyakran rokonok. Ennyi erről. Jó tudni: A tapasztalat megélt tudás. Ez is számít.

A bizalom másokra támaszkodhat. Ennyi erről. Tény: Szép időben vedd a biciklit (kb. 20 perc, egészséges), esőben a buszt. Még egy tény. Jó tudni: Válassz feladatok és alvás szerint: elég alvás és fix ritmus számít. Ez is számít. Tudtad? A türelem nyugodtan vár és kitart.

Ez is számít. Jegyezd meg: Az otthon a tartozás helye. Ennyi erről. A víz legjobban oltja a szomjat és nincs cukor. Lé csak hígítva.

A szöveg vége. Szép munka."
885,Összehasonlítások és fogalmak – 95. rész,"Alább ellenőrzött tudást találsz.

Tudtad? Nem gondolkodom üdvözlésnél, köszönetnél és small talknál. Gondolkodom tényeknél, számításoknál, magyarázatoknál, összehasonlításoknál és döntéseknél, és akkor mutatom a gondolkodást. Ez is számít. Jegyezd meg: Az idő korlátozott és nem tér vissza, a pénz újra megkereshető. Az egyensúly számít. Folytatjuk. Biztos: Az egészség testi és lelki jólét. Ez is számít. Jó tudni: A pontosság tartja a megbeszélt időket.

Ez is számít. Röviden: A pontosság tartja a megbeszélt időket. Tovább. Tudtad? A pontosság tartja a megbeszélt időket. A következő pontra. Röviden: Válassz feladatok és alvás szerint: elég alvás és fix ritmus számít. A következő pontra.

Röviden: A kutyák sok sétát és nevelést kérnek, a macskák önállóbbak. Válassz idő és hely szerint. Tovább. Tény: A PC-k több erőt adnak pénzért, a laptopok mobilek. Maxra PC-t válassz. Ennyi erről. Röviden: A fegyelem kedv nélkül is kitart. Még egy tény. Biztos: Vedd az almát vitaminokért és teltségért, a csokit kivételnek.

Folytatjuk. Tény: A biztonság veszélytől véd. A következő pontra. Tény: Szép időben vedd a biciklit (kb. 20 perc, egészséges), esőben a buszt.

A szöveg vége. Szép munka."
886,Összehasonlítások és fogalmak – 96. rész,"Itt rendezett tudást tanulsz. Ne siess.

Tény: A siker eléri a kitűzött célokat. Folytatjuk. Bérelj ha rugalmas maradsz; ha sokáig maradsz és tudsz fizetni, nézd a vételt minden költséggel. Ez is számít. Tény: Spórolj havi 100 eurót automatikusan, pl. utalással fizetés után. Ennyi erről. A bizalom másokra támaszkodhat.

Folytatjuk. Röviden: A csapatmunka együtt halad cél felé. A következő pontra. Tudtad? A türelem nyugodtan vár és kitart. Ez is számít. Tény: A család közeli emberek, gyakran rokonok. Tovább.

Tudtad? Nem gondolkodom üdvözlésnél, köszönetnél és small talknál. Gondolkodom tényeknél, számításoknál, magyarázatoknál, összehasonlításoknál és döntéseknél, és akkor mutatom a gondolkodást. Ennyi erről. Jó tudni: Az alvás többet számít, mert rögzíti a tanulást. Tanulj korán, aludj eleget. Tovább. Tény: A pontosság tartja a megbeszélt időket. A következő pontra. Tény: Nem, tervezz pihenést. Heti 3-4 alkalommal gyakran elég, mindennap csak könnyű.

Még egy tény. Jó tudni: A városok munkákat és közelt adnak, a vidék nyugalmat és helyet. Válassz munka és stílus szerint. Még egy tény. Jegyezd meg: Spórolj havi 100 eurót automatikusan, pl. utalással fizetés után.

A szöveg vége. Szép munka."
887,Összehasonlítások és fogalmak – 97. rész,"Ez a szöveg lépésről lépésre magyaráz.

Tudtad? A humor tud nevetni a vicces dolgokon. Ennyi erről. Jó tudni: A környezet a természetes keretünk. Tovább. Jegyezd meg: A szeretet mély vonzalom és gondoskodás. A következő pontra. A bátorság félelem ellenére jót tesz.

Tovább. Tény: A tisztelet másokat és határaikat becsüli. A következő pontra. Biztos: Az idő korlátozott és nem tér vissza, a pénz újra megkereshető. Az egyensúly számít. Folytatjuk. Tudtad? A pontosság tartja a megbeszélt időket. Tovább.

Tudtad? A megbízhatóság tartja az ígéreteket. Ennyi erről. Válassz feladatok és alvás szerint: elég alvás és fix ritmus számít. A következő pontra. Jegyezd meg: A tapasztalat megélt tudás. Még egy tény. Röviden: Bérelj ha rugalmas maradsz; ha sokáig maradsz és tudsz fizetni, nézd a vételt minden költséggel.

Ennyi erről. Biztos: Bérelj ha rugalmas maradsz; ha sokáig maradsz és tudsz fizetni, nézd a vételt minden költséggel. Ennyi erről. Biztos: A tolerancia más véleményeket és életmódokat elfogad.

Ez volt a lényeg."
888,Összehasonlítások és fogalmak – 98. rész,"Itt rendezett tudást tanulsz. Ne siess.

Jegyezd meg: Az alvás többet számít, mert rögzíti a tanulást. Tanulj korán, aludj eleget. Ez is számít. Jegyezd meg: Spórolj havi 100 eurót automatikusan, pl. utalással fizetés után. Még egy tény. Jegyezd meg: Listázd a kritériumokat, pontozz, nézd a költségeket és érzést, dönts határidővel. Tovább. Biztos: Nem, tervezz pihenést. Heti 3-4 alkalommal gyakran elég, mindennap csak könnyű.

Még egy tény. Biztos: Tartsd meg ha elég. Vegyél újat csak hiba vagy valós szükség esetén. Ennyi erről. Jegyezd meg: Az őszinteség igazat mond és elismeri a hibákat. Folytatjuk. Tény: Az idő múltból jövőbe folyik. A következő pontra.

Biztos: Bérelj ha rugalmas maradsz; ha sokáig maradsz és tudsz fizetni, nézd a vételt minden költséggel. Ennyi erről. Biztos: Az őszinteség igazat mond és elismeri a hibákat. Folytatjuk. Igyál előbb vizet, kávét utána mértékkel. Ez is számít. Biztos: A PC-k több erőt adnak pénzért, a laptopok mobilek. Maxra PC-t válassz.

Tovább. Biztos: Az egészség testi és lelki jólét. Ennyi erről. Röviden: A vonat relax és gyakran zöldebb, az autó rugalmas csomaggal. Dugóban a vonat nyer.

A szöveg vége. Szép munka."
889,Összehasonlítások és fogalmak – 99. rész,"Ez a szöveg fontos tényeket mutat be. Olvasd nyugodtan.

Jó tudni: Az egészség testi és lelki jólét. Folytatjuk. Az egészség testi és lelki jólét. A következő pontra. Tény: A fegyelem kedv nélkül is kitart. Még egy tény. Biztos: A tolerancia más véleményeket és életmódokat elfogad.

Tovább. Jegyezd meg: Listázd a kritériumokat, pontozz, nézd a költségeket és érzést, dönts határidővel. Még egy tény. Jó tudni: A városok munkákat és közelt adnak, a vidék nyugalmat és helyet. Válassz munka és stílus szerint. Folytatjuk. Biztos: A természet város nélküli növények, állatok és tájak. Folytatjuk.

A humor tud nevetni a vicces dolgokon. Ez is számít. Jó tudni: A víz legjobban oltja a szomjat és nincs cukor. Lé csak hígítva. Ez is számít. Jó tudni: Nem, tervezz pihenést. Heti 3-4 alkalommal gyakran elég, mindennap csak könnyű. Folytatjuk. Jegyezd meg: Igyál előbb vizet, kávét utána mértékkel.

A következő pontra. Nem, tervezz pihenést. Heti 3-4 alkalommal gyakran elég, mindennap csak könnyű. Tovább. Tény: Nem gondolkodom üdvözlésnél, köszönetnél és small talknál. Gondolkodom tényeknél, számításoknál, magyarázatoknál, összehasonlításoknál és döntéseknél, és akkor mutatom a gondolkodást.

Ez volt a lényeg."
890,Összehasonlítások és fogalmak – 100. rész,"Itt rendezett tudást tanulsz. Ne siess.

A humor tud nevetni a vicces dolgokon. Ennyi erről. A megbízhatóság tartja az ígéreteket. Ez is számít. Tény: A bizalom másokra támaszkodhat. Ez is számít. A kutyák sok sétát és nevelést kérnek, a macskák önállóbbak. Válassz idő és hely szerint.

A következő pontra. Jó tudni: Válassz feladatok és alvás szerint: elég alvás és fix ritmus számít. Ez is számít. Jegyezd meg: A PC-k több erőt adnak pénzért, a laptopok mobilek. Maxra PC-t válassz. Tovább. Biztos: A bátorság félelem ellenére jót tesz. Folytatjuk.

Biztos: A fegyelem kedv nélkül is kitart. Tovább. Tény: Nem gondolkodom üdvözlésnél, köszönetnél és small talknál. Gondolkodom tényeknél, számításoknál, magyarázatoknál, összehasonlításoknál és döntéseknél, és akkor mutatom a gondolkodást. Tovább. Tudtad? A rend dolgokat helyén tartja. Tovább. Biztos: A víz legjobban oltja a szomjat és nincs cukor. Lé csak hígítva.

Folytatjuk. Röviden: Az energia dolgozhat, pl. áram vagy hő. Ez is számít. Tény: Az idő korlátozott és nem tér vissza, a pénz újra megkereshető. Az egyensúly számít.

A szöveg vége. Szép munka."
891,Összehasonlítások és fogalmak – 101. rész,"Ez a szöveg lépésről lépésre magyaráz.

Biztos: Nem gondolkodom üdvözlésnél, köszönetnél és small talknál. Gondolkodom tényeknél, számításoknál, magyarázatoknál, összehasonlításoknál és döntéseknél, és akkor mutatom a gondolkodást. Folytatjuk. Röviden: Válassz feladatok és alvás szerint: elég alvás és fix ritmus számít. A következő pontra. Biztos: A PC-k több erőt adnak pénzért, a laptopok mobilek. Maxra PC-t válassz. Tovább. Jegyezd meg: Szép időben vedd a biciklit (kb. 20 perc, egészséges), esőben a buszt.

Tovább. Biztos: A tudás megértett információ a világról. A következő pontra. Tény: Az idő múltból jövőbe folyik. Folytatjuk. Biztos: Spórolj havi 100 eurót automatikusan, pl. utalással fizetés után. A következő pontra.

Biztos: Igyál előbb vizet, kávét utána mértékkel. Ennyi erről. Tény: Listázd a kritériumokat, pontozz, nézd a költségeket és érzést, dönts határidővel. Ez is számít. Tudtad? A megbízhatóság tartja az ígéreteket. Tovább. Jegyezd meg: A bizalom másokra támaszkodhat.

Tovább. Tudtad? A környezet a természetes keretünk. Ennyi erről. A természet város nélküli növények, állatok és tájak.

Most már ismered a tényeket."
892,Összehasonlítások és fogalmak – 102. rész,"Alább ellenőrzött tudást találsz.

Tudtad? A tény bizonyítható és ellenőrizhető, a vélemény személyes nézet. Ez is számít. A szeretet mély vonzalom és gondoskodás. Folytatjuk. Tény: A rend dolgokat helyén tartja. Folytatjuk. Listázd a kritériumokat, pontozz, nézd a költségeket és érzést, dönts határidővel.

Ez is számít. Jegyezd meg: A tény bizonyítható és ellenőrizhető, a vélemény személyes nézet. Ennyi erről. Tudtad? A rend dolgokat helyén tartja. Még egy tény. Röviden: A tény bizonyítható és ellenőrizhető, a vélemény személyes nézet. Folytatjuk.

Biztos: A tolerancia más véleményeket és életmódokat elfogad. Még egy tény. Jegyezd meg: A tapasztalat megélt tudás. A következő pontra. Röviden: A tudás megértett információ a világról. Tovább. Tudtad? A környezet a természetes keretünk.

Folytatjuk. Tudtad? A tisztelet másokat és határaikat becsüli. Még egy tény. Válassz feladatok és alvás szerint: elég alvás és fix ritmus számít.

Vége ennek az áttekintésnek."
893,Összehasonlítások és fogalmak – 103. rész,"Ez a szöveg fontos tényeket mutat be. Olvasd nyugodtan.

Tudtad? A kutyák sok sétát és nevelést kérnek, a macskák önállóbbak. Válassz idő és hely szerint. Tovább. Röviden: Tartsd meg ha elég. Vegyél újat csak hiba vagy valós szükség esetén. Ez is számít. Tény: A környezet a természetes keretünk. A következő pontra. Jegyezd meg: Az őszinteség igazat mond és elismeri a hibákat.

Tovább. Biztos: Az energia dolgozhat, pl. áram vagy hő. Ennyi erről. Röviden: A tapasztalat megélt tudás. Ez is számít. Tény: Az álhírek kitaláltak. Ellenőrizd a forrást, a dátumot és más médiát. Folytatjuk.

Tudtad? Az alvás többet számít, mert rögzíti a tanulást. Tanulj korán, aludj eleget. Ez is számít. Az energia dolgozhat, pl. áram vagy hő. Ez is számít. A család közeli emberek, gyakran rokonok. A következő pontra. Jegyezd meg: Nem gondolkodom üdvözlésnél, köszönetnél és small talknál. Gondolkodom tényeknél, számításoknál, magyarázatoknál, összehasonlításoknál és döntéseknél, és akkor mutatom a gondolkodást.

Még egy tény. Tény: Szép időben vedd a biciklit (kb. 20 perc, egészséges), esőben a buszt. Még egy tény. Tény: A városok munkákat és közelt adnak, a vidék nyugalmat és helyet. Válassz munka és stílus szerint.

Most már ismered a tényeket."
894,Összehasonlítások és fogalmak – 104. rész,"Alább ellenőrzött tudást találsz.

Biztos: Az energia dolgozhat, pl. áram vagy hő. A következő pontra. Tudtad? Nem, tervezz pihenést. Heti 3-4 alkalommal gyakran elég, mindennap csak könnyű. A következő pontra. Tudtad? A szükséglet létfontosságú, a vágy azon túli kívánság. Ez is számít. Jegyezd meg: A siker eléri a kitűzött célokat.

A következő pontra. Jegyezd meg: A család közeli emberek, gyakran rokonok. Tovább. Röviden: Az idő múltból jövőbe folyik. A következő pontra. Biztos: A siker eléri a kitűzött célokat. Folytatjuk.

A rend dolgokat helyén tartja. Még egy tény. Jó tudni: Az idő korlátozott és nem tér vissza, a pénz újra megkereshető. Az egyensúly számít. A következő pontra. Biztos: Listázd a kritériumokat, pontozz, nézd a költségeket és érzést, dönts határidővel. Tovább. Tény: A tény bizonyítható és ellenőrizhető, a vélemény személyes nézet.

Folytatjuk. Jegyezd meg: A tény bizonyítható és ellenőrizhető, a vélemény személyes nézet. A következő pontra. Tudtad? Az otthon a tartozás helye.

Vége ennek az áttekintésnek."
895,Összehasonlítások és fogalmak – 105. rész,"Alább ellenőrzött tudást találsz.

Jegyezd meg: A csapatmunka együtt halad cél felé. Folytatjuk. Biztos: A türelem nyugodtan vár és kitart. Tovább. A biztonság veszélytől véd. Még egy tény. Tény: A kutyák sok sétát és nevelést kérnek, a macskák önállóbbak. Válassz idő és hely szerint.

Ennyi erről. Röviden: A barátság bizalmat, kölcsönös segítséget és közös időt jelent. Tovább. Jegyezd meg: Nem. Pihenj és menj orvoshoz magas vagy hosszú láznál. Tovább. Röviden: Vedd az almát vitaminokért és teltségért, a csokit kivételnek. Folytatjuk.

Röviden: A megbízhatóság tartja az ígéreteket. Ez is számít. Vedd az almát vitaminokért és teltségért, a csokit kivételnek. Ennyi erről. Tény: A tisztelet másokat és határaikat becsüli. Ez is számít. Tudtad? Az alvás többet számít, mert rögzíti a tanulást. Tanulj korán, aludj eleget.

Ez is számít. Jegyezd meg: A biztonság veszélytől véd. A következő pontra. Tudtad? A fegyelem kedv nélkül is kitart.

Ez volt a lényeg."
896,Összehasonlítások és fogalmak – 106. rész,"Itt rendezett tudást tanulsz. Ne siess.

Biztos: A vonat relax és gyakran zöldebb, az autó rugalmas csomaggal. Dugóban a vonat nyer. Folytatjuk. Válassz feladatok és alvás szerint: elég alvás és fix ritmus számít. Tovább. Biztos: Nem, tervezz pihenést. Heti 3-4 alkalommal gyakran elég, mindennap csak könnyű. Folytatjuk. Tény: Az idő korlátozott és nem tér vissza, a pénz újra megkereshető. Az egyensúly számít.

Ennyi erről. Jegyezd meg: A siker eléri a kitűzött célokat. A következő pontra. Biztos: A víz legjobban oltja a szomjat és nincs cukor. Lé csak hígítva. Ez is számít. Jegyezd meg: A természet város nélküli növények, állatok és tájak. Tovább.

Tudtad? A siker eléri a kitűzött célokat. Még egy tény. Biztos: A tény bizonyítható és ellenőrizhető, a vélemény személyes nézet. Tovább. A kreativitás új ötleteket és megoldásokat talál. Ez is számít. A megbízhatóság tartja az ígéreteket.

Tovább. Jegyezd meg: Az otthon a tartozás helye. A következő pontra. Jegyezd meg: A tény bizonyítható és ellenőrizhető, a vélemény személyes nézet.

Vége ennek az áttekintésnek."
897,Összehasonlítások és fogalmak – 107. rész,"Alább ellenőrzött tudást találsz.

Jegyezd meg: A természet város nélküli növények, állatok és tájak. Még egy tény. Röviden: Tartsd meg ha elég. Vegyél újat csak hiba vagy valós szükség esetén. A következő pontra. A rend dolgokat helyén tartja. Még egy tény. Jegyezd meg: Igyál előbb vizet, kávét utána mértékkel.

Folytatjuk. Jó tudni: A tanulás tudást és készségeket szerez. Ez is számít. Röviden: A tapasztalat megélt tudás. A következő pontra. Tudtad? A rend dolgokat helyén tartja. Ennyi erről.

Jegyezd meg: Szép időben vedd a biciklit (kb. 20 perc, egészséges), esőben a buszt. Ennyi erről. Biztos: A tapasztalat megélt tudás. Folytatjuk. Jegyezd meg: A csapatmunka együtt halad cél felé. A következő pontra. Jó tudni: A tisztelet másokat és határaikat becsüli.

Tovább. Tény: Nem gondolkodom üdvözlésnél, köszönetnél és small talknál. Gondolkodom tényeknél, számításoknál, magyarázatoknál, összehasonlításoknál és döntéseknél, és akkor mutatom a gondolkodást. Tovább. Jegyezd meg: Az energia dolgozhat, pl. áram vagy hő.

A szöveg vége. Szép munka."
898,Összehasonlítások és fogalmak – 108. rész,"Ez a szöveg fontos tényeket mutat be. Olvasd nyugodtan.

Jó tudni: Az egészség testi és lelki jólét. Még egy tény. Tény: A természet város nélküli növények, állatok és tájak. Folytatjuk. Tudtad? A tolerancia más véleményeket és életmódokat elfogad. Tovább. Az alvás többet számít, mert rögzíti a tanulást. Tanulj korán, aludj eleget.

Folytatjuk. Jó tudni: A tudás megértett információ a világról. Ez is számít. Tény: A tisztelet másokat és határaikat becsüli. A következő pontra. Biztos: A víz legjobban oltja a szomjat és nincs cukor. Lé csak hígítva. Folytatjuk.

Tény: A bizalom másokra támaszkodhat. Folytatjuk. A tudás megértett információ a világról. A következő pontra. A kutyák sok sétát és nevelést kérnek, a macskák önállóbbak. Válassz idő és hely szerint. Ennyi erről. Biztos: A vonat relax és gyakran zöldebb, az autó rugalmas csomaggal. Dugóban a vonat nyer.

Még egy tény. Tény: A kreativitás új ötleteket és megoldásokat talál. Még egy tény. Jó tudni: A csapatmunka együtt halad cél felé.

A szöveg vége. Szép munka."
899,Összehasonlítások és fogalmak – 109. rész,"Ez a szöveg lépésről lépésre magyaráz.

Röviden: Spórolj havi 100 eurót automatikusan, pl. utalással fizetés után. A következő pontra. A megbízhatóság tartja az ígéreteket. Folytatjuk. Biztos: Az otthon a tartozás helye. Ennyi erről. A szükséglet létfontosságú, a vágy azon túli kívánság.

Ennyi erről. Tudtad? Válassz feladatok és alvás szerint: elég alvás és fix ritmus számít. Tovább. Vedd az almát vitaminokért és teltségért, a csokit kivételnek. Tovább. Tény: Igyál előbb vizet, kávét utána mértékkel. Tovább.

Tény: Bérelj ha rugalmas maradsz; ha sokáig maradsz és tudsz fizetni, nézd a vételt minden költséggel. A következő pontra. Biztos: A pontosság tartja a megbeszélt időket. Még egy tény. A rend dolgokat helyén tartja. Folytatjuk. Jegyezd meg: Nem. Pihenj és menj orvoshoz magas vagy hosszú láznál.

Tovább. Biztos: A tudás megértett információ a világról. Tovább. Biztos: A bátorság félelem ellenére jót tesz.

Most már ismered a tényeket."
900,Összehasonlítások és fogalmak – 110. rész,"Alább ellenőrzött tudást találsz.

A bátorság félelem ellenére jót tesz. Még egy tény. Röviden: A tolerancia más véleményeket és életmódokat elfogad. A következő pontra. Jó tudni: A megbízhatóság tartja az ígéreteket. Folytatjuk. Jó tudni: Nem gondolkodom üdvözlésnél, köszönetnél és small talknál. Gondolkodom tényeknél, számításoknál, magyarázatoknál, összehasonlításoknál és döntéseknél, és akkor mutatom a gondolkodást.

Ez is számít. Biztos: Az otthon a tartozás helye. A következő pontra. Biztos: A siker eléri a kitűzött célokat. Ez is számít. Röviden: A siker eléri a kitűzött célokat. A következő pontra.

Az otthon a tartozás helye. Még egy tény. Jó tudni: A boldogság elégedettség és örömteli pillanatok. Folytatjuk. Jó tudni: A biztonság veszélytől véd. Még egy tény. Jó tudni: A városok munkákat és közelt adnak, a vidék nyugalmat és helyet. Válassz munka és stílus szerint.

Ennyi erről. Bérelj ha rugalmas maradsz; ha sokáig maradsz és tudsz fizetni, nézd a vételt minden költséggel. Ennyi erről. A tudás megértett információ a világról.

Ez volt a lényeg."
901,Összehasonlítások és fogalmak – 111. rész,"Ez a szöveg fontos tényeket mutat be. Olvasd nyugodtan.

Jegyezd meg: A biztonság veszélytől véd. A következő pontra. Tudtad? A kutyák sok sétát és nevelést kérnek, a macskák önállóbbak. Válassz idő és hely szerint. A következő pontra. Jegyezd meg: A bátorság félelem ellenére jót tesz. Még egy tény. Tény: Vedd az almát vitaminokért és teltségért, a csokit kivételnek.

Folytatjuk. Röviden: Vedd az almát vitaminokért és teltségért, a csokit kivételnek. Tovább. Tény: A biztonság veszélytől véd. Még egy tény. Tény: A humor tud nevetni a vicces dolgokon. Még egy tény.

Jegyezd meg: Listázd a kritériumokat, pontozz, nézd a költségeket és érzést, dönts határidővel. Folytatjuk. A tanulás tudást és készségeket szerez. Ez is számít. Jegyezd meg: A kreativitás új ötleteket és megoldásokat talál. Ez is számít. Tudtad? Nem, tervezz pihenést. Heti 3-4 alkalommal gyakran elég, mindennap csak könnyű.

Folytatjuk. Jegyezd meg: A család közeli emberek, gyakran rokonok. Tovább. Tény: Listázd a kritériumokat, pontozz, nézd a költségeket és érzést, dönts határidővel.

Vége ennek az áttekintésnek."
902,Összehasonlítások és fogalmak – 112. rész,"Alább ellenőrzött tudást találsz.

A tapasztalat megélt tudás. Tovább. Röviden: A barátság bizalmat, kölcsönös segítséget és közös időt jelent. Tovább. Nem gondolkodom üdvözlésnél, köszönetnél és small talknál. Gondolkodom tényeknél, számításoknál, magyarázatoknál, összehasonlításoknál és döntéseknél, és akkor mutatom a gondolkodást. Ennyi erről. Jegyezd meg: A szükséglet létfontosságú, a vágy azon túli kívánság.

Tovább. Röviden: A tanulás tudást és készségeket szerez. Még egy tény. Jegyezd meg: A türelem nyugodtan vár és kitart. Még egy tény. Jó tudni: A kreativitás új ötleteket és megoldásokat talál. Ez is számít.

Tudtad? Spórolj havi 100 eurót automatikusan, pl. utalással fizetés után. Még egy tény. Biztos: Válassz feladatok és alvás szerint: elég alvás és fix ritmus számít. Még egy tény. Röviden: A bizalom másokra támaszkodhat. Még egy tény. Jegyezd meg: Listázd a kritériumokat, pontozz, nézd a költségeket és érzést, dönts határidővel.

Folytatjuk. Biztos: A család közeli emberek, gyakran rokonok. Ez is számít. Biztos: A türelem nyugodtan vár és kitart.

Ez volt a lényeg."
903,Összehasonlítások és fogalmak – 113. rész,"Alább ellenőrzött tudást találsz.

Tény: A bátorság félelem ellenére jót tesz. A következő pontra. Röviden: A tény bizonyítható és ellenőrizhető, a vélemény személyes nézet. A következő pontra. Biztos: A biztonság veszélytől véd. Tovább. Jegyezd meg: A kreativitás új ötleteket és megoldásokat talál.

Ez is számít. Jó tudni: A türelem nyugodtan vár és kitart. Ennyi erről. Jegyezd meg: A bátorság félelem ellenére jót tesz. Folytatjuk. Röviden: A bátorság félelem ellenére jót tesz. Ennyi erről.

Biztos: Bérelj ha rugalmas maradsz; ha sokáig maradsz és tudsz fizetni, nézd a vételt minden költséggel. Ennyi erről. A pontosság tartja a megbeszélt időket. Tovább. Jegyezd meg: Spórolj havi 100 eurót automatikusan, pl. utalással fizetés után. Még egy tény. Röviden: Bérelj ha rugalmas maradsz; ha sokáig maradsz és tudsz fizetni, nézd a vételt minden költséggel.

Még egy tény. Röviden: A környezet a természetes keretünk. Ennyi erről. Jegyezd meg: A tapasztalat megélt tudás.

Ez volt a lényeg."
904,Összehasonlítások és fogalmak – 114. rész,"Ez a szöveg fontos tényeket mutat be. Olvasd nyugodtan.

Jó tudni: Igyál előbb vizet, kávét utána mértékkel. Ennyi erről. Tény: Az energia dolgozhat, pl. áram vagy hő. Ennyi erről. Tudtad? A pontosság tartja a megbeszélt időket. Ez is számít. A boldogság elégedettség és örömteli pillanatok.

A következő pontra. Biztos: A környezet a természetes keretünk. Ez is számít. Tény: A vonat relax és gyakran zöldebb, az autó rugalmas csomaggal. Dugóban a vonat nyer. Ennyi erről. Jegyezd meg: A biztonság veszélytől véd. Tovább.

A türelem nyugodtan vár és kitart. A következő pontra. Jó tudni: A boldogság elégedettség és örömteli pillanatok. Folytatjuk. Jegyezd meg: Nem, tervezz pihenést. Heti 3-4 alkalommal gyakran elég, mindennap csak könnyű. A következő pontra. Röviden: A rend dolgokat helyén tartja.

Ez is számít. Jegyezd meg: Az udvariasság tisztelettudó és kedves. Még egy tény. Jó tudni: A tanulás tudást és készségeket szerez.

A szöveg vége. Szép munka."
905,Összehasonlítások és fogalmak – 115. rész,"Alább ellenőrzött tudást találsz.

Jegyezd meg: A család közeli emberek, gyakran rokonok. Még egy tény. Tudtad? A siker eléri a kitűzött célokat. Folytatjuk. Röviden: A PC-k több erőt adnak pénzért, a laptopok mobilek. Maxra PC-t válassz. Folytatjuk. A víz legjobban oltja a szomjat és nincs cukor. Lé csak hígítva.

Tovább. A család közeli emberek, gyakran rokonok. A következő pontra. Jó tudni: A megbízhatóság tartja az ígéreteket. Folytatjuk. Jegyezd meg: Az alvás többet számít, mert rögzíti a tanulást. Tanulj korán, aludj eleget. Tovább.

Tény: Nem. Pihenj és menj orvoshoz magas vagy hosszú láznál. Még egy tény. Biztos: A szeretet mély vonzalom és gondoskodás. A következő pontra. Biztos: Nem gondolkodom üdvözlésnél, köszönetnél és small talknál. Gondolkodom tényeknél, számításoknál, magyarázatoknál, összehasonlításoknál és döntéseknél, és akkor mutatom a gondolkodást. Tovább. Tény: A türelem nyugodtan vár és kitart.

Tovább. Jegyezd meg: A kutyák sok sétát és nevelést kérnek, a macskák önállóbbak. Válassz idő és hely szerint. Ennyi erről. A türelem nyugodtan vár és kitart.

Vége ennek az áttekintésnek."
906,Összehasonlítások és fogalmak – 116. rész,"Ez a szöveg lépésről lépésre magyaráz.

Jegyezd meg: Az energia dolgozhat, pl. áram vagy hő. A következő pontra. Jó tudni: A pontosság tartja a megbeszélt időket. Tovább. Röviden: Az idő múltból jövőbe folyik. Ennyi erről. Tudtad? A család közeli emberek, gyakran rokonok.

A következő pontra. Tény: A biztonság veszélytől véd. Ennyi erről. Biztos: Spórolj havi 100 eurót automatikusan, pl. utalással fizetés után. Ez is számít. Biztos: Az idő múltból jövőbe folyik. Ez is számít.

Jó tudni: A tudás megértett információ a világról. Tovább. Biztos: A tanulás tudást és készségeket szerez. Még egy tény. Jegyezd meg: Nem, tervezz pihenést. Heti 3-4 alkalommal gyakran elég, mindennap csak könnyű. A következő pontra. Biztos: Nem, tervezz pihenést. Heti 3-4 alkalommal gyakran elég, mindennap csak könnyű.

Ez is számít. Válassz feladatok és alvás szerint: elég alvás és fix ritmus számít. Még egy tény. Biztos: A PC-k több erőt adnak pénzért, a laptopok mobilek. Maxra PC-t válassz.

Most már ismered a tényeket."
907,Összehasonlítások és fogalmak – 117. rész,"Ez a szöveg fontos tényeket mutat be. Olvasd nyugodtan.

Jó tudni: A boldogság elégedettség és örömteli pillanatok. Még egy tény. A csapatmunka együtt halad cél felé. Ennyi erről. Tény: A tanulás tudást és készségeket szerez. Ennyi erről. Tény: Az energia dolgozhat, pl. áram vagy hő.

A következő pontra. Jegyezd meg: A tapasztalat megélt tudás. A következő pontra. A rend dolgokat helyén tartja. Még egy tény. Tudtad? A fegyelem kedv nélkül is kitart. Tovább.

Tény: Nem. Pihenj és menj orvoshoz magas vagy hosszú láznál. Folytatjuk. Jó tudni: Az otthon a tartozás helye. Még egy tény. Röviden: A pontosság tartja a megbeszélt időket. Folytatjuk. Jegyezd meg: A tisztelet másokat és határaikat becsüli.

Tovább. Jó tudni: A tény bizonyítható és ellenőrizhető, a vélemény személyes nézet. Ennyi erről. Biztos: Az udvariasság tisztelettudó és kedves.

Vége ennek az áttekintésnek."
908,Összehasonlítások és fogalmak – 118. rész,"Itt rendezett tudást tanulsz. Ne siess.

Röviden: A kreativitás új ötleteket és megoldásokat talál. Ennyi erről. Biztos: Spórolj havi 100 eurót automatikusan, pl. utalással fizetés után. A következő pontra. Tény: A biztonság veszélytől véd. Folytatjuk. A vonat relax és gyakran zöldebb, az autó rugalmas csomaggal. Dugóban a vonat nyer.

Ennyi erről. Röviden: Az őszinteség igazat mond és elismeri a hibákat. Még egy tény. Jó tudni: Az idő múltból jövőbe folyik. Még egy tény. Biztos: A pontosság tartja a megbeszélt időket. Ennyi erről.

Tény: A rend dolgokat helyén tartja. Még egy tény. Röviden: A víz legjobban oltja a szomjat és nincs cukor. Lé csak hígítva. Még egy tény. Röviden: Nem gondolkodom üdvözlésnél, köszönetnél és small talknál. Gondolkodom tényeknél, számításoknál, magyarázatoknál, összehasonlításoknál és döntéseknél, és akkor mutatom a gondolkodást. Ez is számít. Tudtad? A rend dolgokat helyén tartja.

A következő pontra. Röviden: A megbízhatóság tartja az ígéreteket. Folytatjuk. Tény: A kreativitás új ötleteket és megoldásokat talál.

Vége ennek az áttekintésnek."
909,Összehasonlítások és fogalmak – 119. rész,"Alább ellenőrzött tudást találsz.

Jegyezd meg: Az őszinteség igazat mond és elismeri a hibákat. Tovább. Tudtad? A tisztelet másokat és határaikat becsüli. Tovább. A felelősség tettekért és következményekért áll. Még egy tény. Nem. Pihenj és menj orvoshoz magas vagy hosszú láznál.

Ennyi erről. Jó tudni: A humor tud nevetni a vicces dolgokon. A következő pontra. A szükséglet létfontosságú, a vágy azon túli kívánság. Folytatjuk. Tény: Igyál előbb vizet, kávét utána mértékkel. Folytatjuk.

A siker eléri a kitűzött célokat. Ennyi erről. Jegyezd meg: A kutyák sok sétát és nevelést kérnek, a macskák önállóbbak. Válassz idő és hely szerint. Még egy tény. A bátorság félelem ellenére jót tesz. Ez is számít. Jó tudni: A fegyelem kedv nélkül is kitart.

Még egy tény. Listázd a kritériumokat, pontozz, nézd a költségeket és érzést, dönts határidővel. Ez is számít. Jó tudni: A szükséglet létfontosságú, a vágy azon túli kívánság.

Vége ennek az áttekintésnek."
910,Összehasonlítások és fogalmak – 120. rész,"Ez a szöveg lépésről lépésre magyaráz.

A család közeli emberek, gyakran rokonok. Tovább. Tény: Nem, tervezz pihenést. Heti 3-4 alkalommal gyakran elég, mindennap csak könnyű. Folytatjuk. Jó tudni: Szép időben vedd a biciklit (kb. 20 perc, egészséges), esőben a buszt. Még egy tény. Az őszinteség igazat mond és elismeri a hibákat.

Ez is számít. Jó tudni: Az idő múltból jövőbe folyik. Tovább. Tudtad? Vedd az almát vitaminokért és teltségért, a csokit kivételnek. Még egy tény. Biztos: A csapatmunka együtt halad cél felé. Ez is számít.

Jegyezd meg: A bátorság félelem ellenére jót tesz. Tovább. Biztos: Az idő múltból jövőbe folyik. Ennyi erről. A kutyák sok sétát és nevelést kérnek, a macskák önállóbbak. Válassz idő és hely szerint. Folytatjuk. Tény: A biztonság veszélytől véd.

Tovább. Röviden: A tudás megértett információ a világról. Folytatjuk. Tény: A család közeli emberek, gyakran rokonok.

Ez volt a lényeg."
911,Összehasonlítások és fogalmak – 121. rész,"Ez a szöveg lépésről lépésre magyaráz.

Röviden: Nem gondolkodom üdvözlésnél, köszönetnél és small talknál. Gondolkodom tényeknél, számításoknál, magyarázatoknál, összehasonlításoknál és döntéseknél, és akkor mutatom a gondolkodást. Folytatjuk. Szép időben vedd a biciklit (kb. 20 perc, egészséges), esőben a buszt. Folytatjuk. Röviden: Bérelj ha rugalmas maradsz; ha sokáig maradsz és tudsz fizetni, nézd a vételt minden költséggel. A következő pontra. Jegyezd meg: Bérelj ha rugalmas maradsz; ha sokáig maradsz és tudsz fizetni, nézd a vételt minden költséggel.

Ennyi erről. Tény: Tartsd meg ha elég. Vegyél újat csak hiba vagy valós szükség esetén. Még egy tény. Röviden: A kutyák sok sétát és nevelést kérnek, a macskák önállóbbak. Válassz idő és hely szerint. Folytatjuk. Tudtad? A pontosság tartja a megbeszélt időket. Ennyi erről.

A szeretet mély vonzalom és gondoskodás. Ennyi erről. Tudtad? Az energia dolgozhat, pl. áram vagy hő. Ennyi erről. A megbízhatóság tartja az ígéreteket. Ez is számít. Röviden: Az idő múltból jövőbe folyik.

Még egy tény. Jegyezd meg: A szükséglet létfontosságú, a vágy azon túli kívánság. Tovább. Röviden: A humor tud nevetni a vicces dolgokon.

Ez volt a lényeg."
912,Összehasonlítások és fogalmak – 122. rész,"Ez a szöveg fontos tényeket mutat be. Olvasd nyugodtan.

Tény: A pontosság tartja a megbeszélt időket. Még egy tény. Tudtad? A tudás megértett információ a világról. Ennyi erről. Tény: Nem gondolkodom üdvözlésnél, köszönetnél és small talknál. Gondolkodom tényeknél, számításoknál, magyarázatoknál, összehasonlításoknál és döntéseknél, és akkor mutatom a gondolkodást. Folytatjuk. Jegyezd meg: Az egészség testi és lelki jólét.

Tovább. Röviden: A városok munkákat és közelt adnak, a vidék nyugalmat és helyet. Válassz munka és stílus szerint. Ez is számít. Röviden: A siker eléri a kitűzött célokat. A következő pontra. Biztos: A türelem nyugodtan vár és kitart. Ennyi erről.

Az otthon a tartozás helye. A következő pontra. Tudtad? A barátság bizalmat, kölcsönös segítséget és közös időt jelent. A következő pontra. Tudtad? A biztonság veszélytől véd. Ez is számít. Tény: Az őszinteség igazat mond és elismeri a hibákat.

Még egy tény. Jegyezd meg: Válassz feladatok és alvás szerint: elég alvás és fix ritmus számít. Ez is számít. Tény: A tudás megértett információ a világról.

Ez volt a lényeg."
913,Összehasonlítások és fogalmak – 123. rész,"Ez a szöveg lépésről lépésre magyaráz.

Biztos: Az egészség testi és lelki jólét. Ez is számít. Tény: A rend dolgokat helyén tartja. Még egy tény. Jegyezd meg: A tolerancia más véleményeket és életmódokat elfogad. Ennyi erről. Biztos: A barátság bizalmat, kölcsönös segítséget és közös időt jelent.

Ennyi erről. Jegyezd meg: Az energia dolgozhat, pl. áram vagy hő. Ennyi erről. Tudtad? A család közeli emberek, gyakran rokonok. Folytatjuk. Tény: A természet város nélküli növények, állatok és tájak. Még egy tény.

Tény: Az álhírek kitaláltak. Ellenőrizd a forrást, a dátumot és más médiát. Ennyi erről. A felelősség tettekért és következményekért áll. A következő pontra. Röviden: A megbízhatóság tartja az ígéreteket. Ennyi erről. Jegyezd meg: Vedd az almát vitaminokért és teltségért, a csokit kivételnek.

Még egy tény. Tudtad? A csapatmunka együtt halad cél felé. Tovább. Az udvariasság tisztelettudó és kedves.

Ez volt a lényeg."
914,Összehasonlítások és fogalmak – 124. rész,"Itt rendezett tudást tanulsz. Ne siess.

Röviden: Az idő múltból jövőbe folyik. A következő pontra. Biztos: A környezet a természetes keretünk. Folytatjuk. Jegyezd meg: A csapatmunka együtt halad cél felé. Folytatjuk. Tudtad? Az energia dolgozhat, pl. áram vagy hő.

A következő pontra. Jó tudni: A kreativitás új ötleteket és megoldásokat talál. Még egy tény. Bérelj ha rugalmas maradsz; ha sokáig maradsz és tudsz fizetni, nézd a vételt minden költséggel. Ennyi erről. A városok munkákat és közelt adnak, a vidék nyugalmat és helyet. Válassz munka és stílus szerint. Ez is számít.

Jó tudni: A PC-k több erőt adnak pénzért, a laptopok mobilek. Maxra PC-t válassz. A következő pontra. Jegyezd meg: A szükséglet létfontosságú, a vágy azon túli kívánság. Még egy tény. Tudtad? A kutyák sok sétát és nevelést kérnek, a macskák önállóbbak. Válassz idő és hely szerint. Tovább. Jó tudni: A tanulás tudást és készségeket szerez.

Folytatjuk. Tudtad? A tapasztalat megélt tudás. Ennyi erről. Tudtad? Vedd az almát vitaminokért és teltségért, a csokit kivételnek.

Vége ennek az áttekintésnek."
915,Összehasonlítások és fogalmak – 125. rész,"Ez a szöveg fontos tényeket mutat be. Olvasd nyugodtan.

Tudtad? Nem gondolkodom üdvözlésnél, köszönetnél és small talknál. Gondolkodom tényeknél, számításoknál, magyarázatoknál, összehasonlításoknál és döntéseknél, és akkor mutatom a gondolkodást. A következő pontra. Jó tudni: Az álhírek kitaláltak. Ellenőrizd a forrást, a dátumot és más médiát. Folytatjuk. Röviden: A bizalom másokra támaszkodhat. Ennyi erről. Röviden: Az őszinteség igazat mond és elismeri a hibákat.

Még egy tény. Biztos: A kreativitás új ötleteket és megoldásokat talál. A következő pontra. Röviden: A pontosság tartja a megbeszélt időket. Tovább. Tudtad? A kreativitás új ötleteket és megoldásokat talál. Még egy tény.

Jó tudni: A tudás megértett információ a világról. A következő pontra. Röviden: Az energia dolgozhat, pl. áram vagy hő. A következő pontra. Röviden: Listázd a kritériumokat, pontozz, nézd a költségeket és érzést, dönts határidővel. Ennyi erről. Jó tudni: A biztonság veszélytől véd.

Ennyi erről. Jó tudni: A tisztelet másokat és határaikat becsüli. A következő pontra. A PC-k több erőt adnak pénzért, a laptopok mobilek. Maxra PC-t válassz.

Most már ismered a tényeket."
916,Összehasonlítások és fogalmak – 126. rész,"Ez a szöveg fontos tényeket mutat be. Olvasd nyugodtan.

Biztos: A család közeli emberek, gyakran rokonok. Folytatjuk. Tudtad? A víz legjobban oltja a szomjat és nincs cukor. Lé csak hígítva. Tovább. Tény: Nem gondolkodom üdvözlésnél, köszönetnél és small talknál. Gondolkodom tényeknél, számításoknál, magyarázatoknál, összehasonlításoknál és döntéseknél, és akkor mutatom a gondolkodást. Még egy tény. Biztos: Az álhírek kitaláltak. Ellenőrizd a forrást, a dátumot és más médiát.

Folytatjuk. Röviden: A természet város nélküli növények, állatok és tájak. Még egy tény. Tény: Igyál előbb vizet, kávét utána mértékkel. Folytatjuk. Jó tudni: A boldogság elégedettség és örömteli pillanatok. Ennyi erről.

Tudtad? Spórolj havi 100 eurót automatikusan, pl. utalással fizetés után. Tovább. Röviden: A tapasztalat megélt tudás. Ez is számít. A természet város nélküli növények, állatok és tájak. Még egy tény. Spórolj havi 100 eurót automatikusan, pl. utalással fizetés után.

Ez is számít. Röviden: A szeretet mély vonzalom és gondoskodás. A következő pontra. Jegyezd meg: A türelem nyugodtan vár és kitart.

Most már ismered a tényeket."
917,Összehasonlítások és fogalmak – 127. rész,"Itt rendezett tudást tanulsz. Ne siess.

Vedd az almát vitaminokért és teltségért, a csokit kivételnek. Ez is számít. Az idő korlátozott és nem tér vissza, a pénz újra megkereshető. Az egyensúly számít. Folytatjuk. A tolerancia más véleményeket és életmódokat elfogad. A következő pontra. Jó tudni: A biztonság veszélytől véd.

Ez is számít. Biztos: A bátorság félelem ellenére jót tesz. Még egy tény. Jó tudni: A városok munkákat és közelt adnak, a vidék nyugalmat és helyet. Válassz munka és stílus szerint. Még egy tény. Biztos: Az idő korlátozott és nem tér vissza, a pénz újra megkereshető. Az egyensúly számít. Ez is számít.

Tény: A rend dolgokat helyén tartja. Ennyi erről. Jegyezd meg: A vonat relax és gyakran zöldebb, az autó rugalmas csomaggal. Dugóban a vonat nyer. Ez is számít. Tudtad? Az egészség testi és lelki jólét. Ez is számít. Tudtad? Nem, tervezz pihenést. Heti 3-4 alkalommal gyakran elég, mindennap csak könnyű.

Folytatjuk. Jegyezd meg: A környezet a természetes keretünk. Ennyi erről. Tény: A kreativitás új ötleteket és megoldásokat talál.

Ez volt a lényeg."
918,Összehasonlítások és fogalmak – 128. rész,"Ez a szöveg fontos tényeket mutat be. Olvasd nyugodtan.

Biztos: A tanulás tudást és készségeket szerez. Még egy tény. Tudtad? A boldogság elégedettség és örömteli pillanatok. Folytatjuk. Nem, tervezz pihenést. Heti 3-4 alkalommal gyakran elég, mindennap csak könnyű. Tovább. Tény: Az idő múltból jövőbe folyik.

Folytatjuk. Jegyezd meg: A biztonság veszélytől véd. Még egy tény. Jó tudni: Az udvariasság tisztelettudó és kedves. Tovább. Biztos: A természet város nélküli növények, állatok és tájak. Ez is számít.

Jó tudni: Spórolj havi 100 eurót automatikusan, pl. utalással fizetés után. A következő pontra. Röviden: Az otthon a tartozás helye. A következő pontra. Tény: A felelősség tettekért és következményekért áll. Ennyi erről. Jó tudni: A család közeli emberek, gyakran rokonok.

Ez is számít. Jegyezd meg: Vedd az almát vitaminokért és teltségért, a csokit kivételnek. Ez is számít. Tudtad? Az energia dolgozhat, pl. áram vagy hő.

Most már ismered a tényeket."
919,Összehasonlítások és fogalmak – 129. rész,"Itt rendezett tudást tanulsz. Ne siess.

A rend dolgokat helyén tartja. Tovább. Nem. Pihenj és menj orvoshoz magas vagy hosszú láznál. Ez is számít. Tény: A kutyák sok sétát és nevelést kérnek, a macskák önállóbbak. Válassz idő és hely szerint. A következő pontra. Röviden: A felelősség tettekért és következményekért áll.

Még egy tény. Jegyezd meg: A szükséglet létfontosságú, a vágy azon túli kívánság. Ez is számít. Jegyezd meg: Nem gondolkodom üdvözlésnél, köszönetnél és small talknál. Gondolkodom tényeknél, számításoknál, magyarázatoknál, összehasonlításoknál és döntéseknél, és akkor mutatom a gondolkodást. Ez is számít. A természet város nélküli növények, állatok és tájak. Ennyi erről.

Jó tudni: A csapatmunka együtt halad cél felé. Ennyi erről. Tény: A rend dolgokat helyén tartja. Ennyi erről. Tudtad? A városok munkákat és közelt adnak, a vidék nyugalmat és helyet. Válassz munka és stílus szerint. Még egy tény. Jó tudni: Az udvariasság tisztelettudó és kedves.

A következő pontra. A barátság bizalmat, kölcsönös segítséget és közös időt jelent. Ez is számít. Tudtad? A vonat relax és gyakran zöldebb, az autó rugalmas csomaggal. Dugóban a vonat nyer.

A szöveg vége. Szép munka."
920,Összehasonlítások és fogalmak – 130. rész,"Ez a szöveg fontos tényeket mutat be. Olvasd nyugodtan.

Biztos: Az udvariasság tisztelettudó és kedves. A következő pontra. Biztos: A természet város nélküli növények, állatok és tájak. Tovább. Tudtad? A bizalom másokra támaszkodhat. Ennyi erről. Jegyezd meg: A kreativitás új ötleteket és megoldásokat talál.

Tovább. Tudtad? A humor tud nevetni a vicces dolgokon. Folytatjuk. Tény: Vedd az almát vitaminokért és teltségért, a csokit kivételnek. A következő pontra. Jó tudni: A szükséglet létfontosságú, a vágy azon túli kívánság. Folytatjuk.

Jegyezd meg: A család közeli emberek, gyakran rokonok. Még egy tény. A barátság bizalmat, kölcsönös segítséget és közös időt jelent. A következő pontra. A tudás megértett információ a világról. A következő pontra. Tudtad? Nem, tervezz pihenést. Heti 3-4 alkalommal gyakran elég, mindennap csak könnyű.

Még egy tény. Jó tudni: Szép időben vedd a biciklit (kb. 20 perc, egészséges), esőben a buszt. Ez is számít. Tudtad? A szükséglet létfontosságú, a vágy azon túli kívánság.

Most már ismered a tényeket."
921,Összehasonlítások és fogalmak – 131. rész,"Alább ellenőrzött tudást találsz.

Tudtad? A pontosság tartja a megbeszélt időket. Folytatjuk. A környezet a természetes keretünk. Ennyi erről. Tudtad? A környezet a természetes keretünk. Ennyi erről. Röviden: A felelősség tettekért és következményekért áll.

Folytatjuk. Biztos: Az idő múltból jövőbe folyik. Ennyi erről. Biztos: A rend dolgokat helyén tartja. Folytatjuk. Röviden: A vonat relax és gyakran zöldebb, az autó rugalmas csomaggal. Dugóban a vonat nyer. Tovább.

Jó tudni: Tartsd meg ha elég. Vegyél újat csak hiba vagy valós szükség esetén. Folytatjuk. Tudtad? A tisztelet másokat és határaikat becsüli. Folytatjuk. Tudtad? A rend dolgokat helyén tartja. Ennyi erről. Jó tudni: A városok munkákat és közelt adnak, a vidék nyugalmat és helyet. Válassz munka és stílus szerint.

Ennyi erről. Biztos: A PC-k több erőt adnak pénzért, a laptopok mobilek. Maxra PC-t válassz. Ennyi erről. A siker eléri a kitűzött célokat.

Most már ismered a tényeket."
922,Összehasonlítások és fogalmak – 132. rész,"Alább ellenőrzött tudást találsz.

Biztos: A rend dolgokat helyén tartja. A következő pontra. Röviden: A bizalom másokra támaszkodhat. Még egy tény. Tudtad? Az udvariasság tisztelettudó és kedves. A következő pontra. Tény: A tanulás tudást és készségeket szerez.

Folytatjuk. Tudtad? A tanulás tudást és készségeket szerez. Ennyi erről. Röviden: A biztonság veszélytől véd. Tovább. Tudtad? Az otthon a tartozás helye. A következő pontra.

Röviden: Listázd a kritériumokat, pontozz, nézd a költségeket és érzést, dönts határidővel. Még egy tény. Jó tudni: A pontosság tartja a megbeszélt időket. Ennyi erről. A felelősség tettekért és következményekért áll. Ez is számít. Tény: Az alvás többet számít, mert rögzíti a tanulást. Tanulj korán, aludj eleget.

A következő pontra. Tudtad? A tapasztalat megélt tudás. Tovább. Biztos: A természet város nélküli növények, állatok és tájak.

Vége ennek az áttekintésnek."
923,Összehasonlítások és fogalmak – 133. rész,"Ez a szöveg lépésről lépésre magyaráz.

Az őszinteség igazat mond és elismeri a hibákat. A következő pontra. Tény: A türelem nyugodtan vár és kitart. Ennyi erről. Tudtad? A környezet a természetes keretünk. Még egy tény. Röviden: A városok munkákat és közelt adnak, a vidék nyugalmat és helyet. Válassz munka és stílus szerint.

Folytatjuk. A szeretet mély vonzalom és gondoskodás. Még egy tény. Biztos: A pontosság tartja a megbeszélt időket. A következő pontra. Röviden: Nem gondolkodom üdvözlésnél, köszönetnél és small talknál. Gondolkodom tényeknél, számításoknál, magyarázatoknál, összehasonlításoknál és döntéseknél, és akkor mutatom a gondolkodást. Tovább.

Röviden: A felelősség tettekért és következményekért áll. Ez is számít. Jó tudni: A szükséglet létfontosságú, a vágy azon túli kívánság. Ez is számít. A víz legjobban oltja a szomjat és nincs cukor. Lé csak hígítva. A következő pontra. Válassz feladatok és alvás szerint: elég alvás és fix ritmus számít.

Folytatjuk. Jó tudni: Az energia dolgozhat, pl. áram vagy hő. Folytatjuk. Vedd az almát vitaminokért és teltségért, a csokit kivételnek.

Vége ennek az áttekintésnek."
924,Összehasonlítások és fogalmak – 134. rész,"Ez a szöveg lépésről lépésre magyaráz.

Biztos: A kreativitás új ötleteket és megoldásokat talál. Tovább. Röviden: A PC-k több erőt adnak pénzért, a laptopok mobilek. Maxra PC-t válassz. Folytatjuk. A fegyelem kedv nélkül is kitart. Még egy tény. Röviden: A rend dolgokat helyén tartja.

Még egy tény. Tény: A siker eléri a kitűzött célokat. Folytatjuk. Röviden: A siker eléri a kitűzött célokat. Tovább. Biztos: Nem gondolkodom üdvözlésnél, köszönetnél és small talknál. Gondolkodom tényeknél, számításoknál, magyarázatoknál, összehasonlításoknál és döntéseknél, és akkor mutatom a gondolkodást. Tovább.

Röviden: A humor tud nevetni a vicces dolgokon. Tovább. Tény: A kutyák sok sétát és nevelést kérnek, a macskák önállóbbak. Válassz idő és hely szerint. Tovább. Tény: Az őszinteség igazat mond és elismeri a hibákat. Tovább. Tudtad? Az idő korlátozott és nem tér vissza, a pénz újra megkereshető. Az egyensúly számít.

Tovább. Tény: Nem, tervezz pihenést. Heti 3-4 alkalommal gyakran elég, mindennap csak könnyű. Ez is számít. Biztos: Szép időben vedd a biciklit (kb. 20 perc, egészséges), esőben a buszt.

Most már ismered a tényeket."
925,Összehasonlítások és fogalmak – 135. rész,"Ez a szöveg lépésről lépésre magyaráz.

Jó tudni: Az álhírek kitaláltak. Ellenőrizd a forrást, a dátumot és más médiát. Még egy tény. Tudtad? Az álhírek kitaláltak. Ellenőrizd a forrást, a dátumot és más médiát. Még egy tény. Biztos: A siker eléri a kitűzött célokat. Tovább. A tény bizonyítható és ellenőrizhető, a vélemény személyes nézet.

Folytatjuk. Biztos: Listázd a kritériumokat, pontozz, nézd a költségeket és érzést, dönts határidővel. Tovább. Tény: A szükséglet létfontosságú, a vágy azon túli kívánság. Tovább. Tény: A vonat relax és gyakran zöldebb, az autó rugalmas csomaggal. Dugóban a vonat nyer. Tovább.

Nem gondolkodom üdvözlésnél, köszönetnél és small talknál. Gondolkodom tényeknél, számításoknál, magyarázatoknál, összehasonlításoknál és döntéseknél, és akkor mutatom a gondolkodást. Tovább. Jegyezd meg: A tanulás tudást és készségeket szerez. Folytatjuk. Jó tudni: A tudás megértett információ a világról. Tovább. Jó tudni: A víz legjobban oltja a szomjat és nincs cukor. Lé csak hígítva.

Ennyi erről. Biztos: A bizalom másokra támaszkodhat. Ez is számít. Jegyezd meg: A szükséglet létfontosságú, a vágy azon túli kívánság.

Most már ismered a tényeket."
926,Összehasonlítások és fogalmak – 136. rész,"Itt rendezett tudást tanulsz. Ne siess.

Jegyezd meg: A tolerancia más véleményeket és életmódokat elfogad. Ennyi erről. Biztos: Az őszinteség igazat mond és elismeri a hibákat. Tovább. Tény: Nem. Pihenj és menj orvoshoz magas vagy hosszú láznál. Folytatjuk. Jegyezd meg: A tisztelet másokat és határaikat becsüli.

Ez is számít. Biztos: A fegyelem kedv nélkül is kitart. Tovább. Jegyezd meg: A tanulás tudást és készségeket szerez. Tovább. Spórolj havi 100 eurót automatikusan, pl. utalással fizetés után. Folytatjuk.

Röviden: A siker eléri a kitűzött célokat. Ennyi erről. Tény: Igyál előbb vizet, kávét utána mértékkel. Tovább. Röviden: Listázd a kritériumokat, pontozz, nézd a költségeket és érzést, dönts határidővel. Még egy tény. Tudtad? Vedd az almát vitaminokért és teltségért, a csokit kivételnek.

Ennyi erről. Tény: Nem gondolkodom üdvözlésnél, köszönetnél és small talknál. Gondolkodom tényeknél, számításoknál, magyarázatoknál, összehasonlításoknál és döntéseknél, és akkor mutatom a gondolkodást. Ez is számít. Tudtad? A szükséglet létfontosságú, a vágy azon túli kívánság.

A szöveg vége. Szép munka."
927,Összehasonlítások és fogalmak – 137. rész,"Itt rendezett tudást tanulsz. Ne siess.

Jegyezd meg: Szép időben vedd a biciklit (kb. 20 perc, egészséges), esőben a buszt. Tovább. Nem. Pihenj és menj orvoshoz magas vagy hosszú láznál. Még egy tény. Jegyezd meg: A tudás megértett információ a világról. Tovább. Az alvás többet számít, mert rögzíti a tanulást. Tanulj korán, aludj eleget.

Folytatjuk. Tudtad? A megbízhatóság tartja az ígéreteket. Folytatjuk. Tudtad? A tény bizonyítható és ellenőrizhető, a vélemény személyes nézet. Tovább. A szükséglet létfontosságú, a vágy azon túli kívánság. Ez is számít.

Jegyezd meg: Az energia dolgozhat, pl. áram vagy hő. A következő pontra. Tény: A kreativitás új ötleteket és megoldásokat talál. Tovább. Biztos: A bizalom másokra támaszkodhat. Ennyi erről. Tény: Nem. Pihenj és menj orvoshoz magas vagy hosszú láznál.

Ennyi erről. Röviden: A kutyák sok sétát és nevelést kérnek, a macskák önállóbbak. Válassz idő és hely szerint. Még egy tény. Biztos: A megbízhatóság tartja az ígéreteket.

A szöveg vége. Szép munka."
928,Összehasonlítások és fogalmak – 138. rész,"Ez a szöveg lépésről lépésre magyaráz.

Jó tudni: Az egészség testi és lelki jólét. Még egy tény. Röviden: Az alvás többet számít, mert rögzíti a tanulást. Tanulj korán, aludj eleget. Ennyi erről. Tény: Az álhírek kitaláltak. Ellenőrizd a forrást, a dátumot és más médiát. Még egy tény. Tény: Bérelj ha rugalmas maradsz; ha sokáig maradsz és tudsz fizetni, nézd a vételt minden költséggel.

Még egy tény. A tudás megértett információ a világról. Tovább. Röviden: A pontosság tartja a megbeszélt időket. Tovább. Tény: A vonat relax és gyakran zöldebb, az autó rugalmas csomaggal. Dugóban a vonat nyer. Ennyi erről.

Röviden: A barátság bizalmat, kölcsönös segítséget és közös időt jelent. Ennyi erről. Tudtad? Listázd a kritériumokat, pontozz, nézd a költségeket és érzést, dönts határidővel. Még egy tény. Tudtad? A bátorság félelem ellenére jót tesz. Még egy tény. Az udvariasság tisztelettudó és kedves.

Ennyi erről. Nem. Pihenj és menj orvoshoz magas vagy hosszú láznál. Ez is számít. Röviden: A környezet a természetes keretünk.

A szöveg vége. Szép munka."
929,Összehasonlítások és fogalmak – 139. rész,"Ez a szöveg fontos tényeket mutat be. Olvasd nyugodtan.

Tudtad? Bérelj ha rugalmas maradsz; ha sokáig maradsz és tudsz fizetni, nézd a vételt minden költséggel. Ennyi erről. Jó tudni: A környezet a természetes keretünk. Még egy tény. Tudtad? A PC-k több erőt adnak pénzért, a laptopok mobilek. Maxra PC-t válassz. Még egy tény. Tény: A tény bizonyítható és ellenőrizhető, a vélemény személyes nézet.

Tovább. Tény: A felelősség tettekért és következményekért áll. Ennyi erről. Jegyezd meg: A tudás megértett információ a világról. Ez is számít. Biztos: A csapatmunka együtt halad cél felé. Ennyi erről.

Tény: A barátság bizalmat, kölcsönös segítséget és közös időt jelent. Folytatjuk. Jegyezd meg: A tapasztalat megélt tudás. A következő pontra. Tudtad? A kreativitás új ötleteket és megoldásokat talál. Még egy tény. Biztos: A türelem nyugodtan vár és kitart.

Még egy tény. Jegyezd meg: A csapatmunka együtt halad cél felé. Tovább. Tény: Vedd az almát vitaminokért és teltségért, a csokit kivételnek.

A szöveg vége. Szép munka."
930,Összehasonlítások és fogalmak – 140. rész,"Ez a szöveg fontos tényeket mutat be. Olvasd nyugodtan.

Jegyezd meg: Az udvariasság tisztelettudó és kedves. A következő pontra. Jegyezd meg: A család közeli emberek, gyakran rokonok. Tovább. Jegyezd meg: A szeretet mély vonzalom és gondoskodás. Folytatjuk. Tény: A boldogság elégedettség és örömteli pillanatok.

Még egy tény. Tény: A tolerancia más véleményeket és életmódokat elfogad. Ez is számít. Biztos: A szeretet mély vonzalom és gondoskodás. Még egy tény. Tudtad? Nem gondolkodom üdvözlésnél, köszönetnél és small talknál. Gondolkodom tényeknél, számításoknál, magyarázatoknál, összehasonlításoknál és döntéseknél, és akkor mutatom a gondolkodást. A következő pontra.

Jegyezd meg: A természet város nélküli növények, állatok és tájak. Ez is számít. A bátorság félelem ellenére jót tesz. Tovább. Tény: A felelősség tettekért és következményekért áll. Ez is számít. A tudás megértett információ a világról.

Tovább. Röviden: Az energia dolgozhat, pl. áram vagy hő. Folytatjuk. Tudtad? Nem, tervezz pihenést. Heti 3-4 alkalommal gyakran elég, mindennap csak könnyű.

Ez volt a lényeg."
931,Összehasonlítások és fogalmak – 141. rész,"Ez a szöveg fontos tényeket mutat be. Olvasd nyugodtan.

Röviden: A szeretet mély vonzalom és gondoskodás. Folytatjuk. Tudtad? Az udvariasság tisztelettudó és kedves. Még egy tény. Röviden: A türelem nyugodtan vár és kitart. Ennyi erről. A csapatmunka együtt halad cél felé.

Folytatjuk. Tudtad? A kreativitás új ötleteket és megoldásokat talál. Ez is számít. Biztos: Nem gondolkodom üdvözlésnél, köszönetnél és small talknál. Gondolkodom tényeknél, számításoknál, magyarázatoknál, összehasonlításoknál és döntéseknél, és akkor mutatom a gondolkodást. Még egy tény. Jó tudni: Bérelj ha rugalmas maradsz; ha sokáig maradsz és tudsz fizetni, nézd a vételt minden költséggel. Ennyi erről.

Tudtad? A tény bizonyítható és ellenőrizhető, a vélemény személyes nézet. Ennyi erről. Röviden: A tény bizonyítható és ellenőrizhető, a vélemény személyes nézet. Ennyi erről. A rend dolgokat helyén tartja. A következő pontra. Jó tudni: A siker eléri a kitűzött célokat.

Tovább. Az idő múltból jövőbe folyik. Ennyi erről. Jegyezd meg: A siker eléri a kitűzött célokat.

Ez volt a lényeg."
932,Összehasonlítások és fogalmak – 142. rész,"Itt rendezett tudást tanulsz. Ne siess.

Tény: Bérelj ha rugalmas maradsz; ha sokáig maradsz és tudsz fizetni, nézd a vételt minden költséggel. Ez is számít. Röviden: Vedd az almát vitaminokért és teltségért, a csokit kivételnek. Ennyi erről. Röviden: Válassz feladatok és alvás szerint: elég alvás és fix ritmus számít. Ennyi erről. Röviden: A bátorság félelem ellenére jót tesz.

Ennyi erről. Tudtad? A megbízhatóság tartja az ígéreteket. Ennyi erről. Röviden: A humor tud nevetni a vicces dolgokon. Ennyi erről. Jegyezd meg: A siker eléri a kitűzött célokat. A következő pontra.

Jó tudni: Nem. Pihenj és menj orvoshoz magas vagy hosszú láznál. Még egy tény. Jegyezd meg: A megbízhatóság tartja az ígéreteket. Folytatjuk. A fegyelem kedv nélkül is kitart. A következő pontra. Biztos: A kreativitás új ötleteket és megoldásokat talál.

Folytatjuk. Jegyezd meg: A tisztelet másokat és határaikat becsüli. Folytatjuk. Jegyezd meg: Az idő múltból jövőbe folyik.

Ez volt a lényeg."
933,Összehasonlítások és fogalmak – 143. rész,"Ez a szöveg fontos tényeket mutat be. Olvasd nyugodtan.

Röviden: Az álhírek kitaláltak. Ellenőrizd a forrást, a dátumot és más médiát. Ez is számít. Jó tudni: Az egészség testi és lelki jólét. Még egy tény. Jó tudni: A türelem nyugodtan vár és kitart. Folytatjuk. Röviden: A városok munkákat és közelt adnak, a vidék nyugalmat és helyet. Válassz munka és stílus szerint.

Még egy tény. Röviden: Az őszinteség igazat mond és elismeri a hibákat. A következő pontra. Röviden: A vonat relax és gyakran zöldebb, az autó rugalmas csomaggal. Dugóban a vonat nyer. Ennyi erről. Tudtad? Az energia dolgozhat, pl. áram vagy hő. Folytatjuk.

Tény: A víz legjobban oltja a szomjat és nincs cukor. Lé csak hígítva. Még egy tény. Jegyezd meg: A megbízhatóság tartja az ígéreteket. A következő pontra. Tudtad? A kreativitás új ötleteket és megoldásokat talál. Tovább. Jegyezd meg: Bérelj ha rugalmas maradsz; ha sokáig maradsz és tudsz fizetni, nézd a vételt minden költséggel.

Ez is számít. Biztos: A tapasztalat megélt tudás. Folytatjuk. A barátság bizalmat, kölcsönös segítséget és közös időt jelent.

Ez volt a lényeg."
934,Összehasonlítások és fogalmak – 144. rész,"Alább ellenőrzött tudást találsz.

Tudtad? Listázd a kritériumokat, pontozz, nézd a költségeket és érzést, dönts határidővel. Folytatjuk. Röviden: A család közeli emberek, gyakran rokonok. Ennyi erről. Tudtad? A rend dolgokat helyén tartja. A következő pontra. Jó tudni: A biztonság veszélytől véd.

Folytatjuk. Röviden: Bérelj ha rugalmas maradsz; ha sokáig maradsz és tudsz fizetni, nézd a vételt minden költséggel. Még egy tény. Az őszinteség igazat mond és elismeri a hibákat. Tovább. Tartsd meg ha elég. Vegyél újat csak hiba vagy valós szükség esetén. Tovább.

Jegyezd meg: A természet város nélküli növények, állatok és tájak. Még egy tény. Jó tudni: A kutyák sok sétát és nevelést kérnek, a macskák önállóbbak. Válassz idő és hely szerint. A következő pontra. Jó tudni: Vedd az almát vitaminokért és teltségért, a csokit kivételnek. Még egy tény. Jegyezd meg: Az álhírek kitaláltak. Ellenőrizd a forrást, a dátumot és más médiát.

Tovább. Röviden: Listázd a kritériumokat, pontozz, nézd a költségeket és érzést, dönts határidővel. Ez is számít. Röviden: A biztonság veszélytől véd.

A szöveg vége. Szép munka."
935,Összehasonlítások és fogalmak – 145. rész,"Ez a szöveg lépésről lépésre magyaráz.

Tény: A tény bizonyítható és ellenőrizhető, a vélemény személyes nézet. Folytatjuk. Jó tudni: Vedd az almát vitaminokért és teltségért, a csokit kivételnek. Még egy tény. Tudtad? Az álhírek kitaláltak. Ellenőrizd a forrást, a dátumot és más médiát. A következő pontra. Tény: Az energia dolgozhat, pl. áram vagy hő.

Folytatjuk. Röviden: A fegyelem kedv nélkül is kitart. Ez is számít. Tudtad? A csapatmunka együtt halad cél felé. Még egy tény. Jegyezd meg: A PC-k több erőt adnak pénzért, a laptopok mobilek. Maxra PC-t válassz. Még egy tény.

Röviden: A bizalom másokra támaszkodhat. Ennyi erről. Jegyezd meg: Az alvás többet számít, mert rögzíti a tanulást. Tanulj korán, aludj eleget. Folytatjuk. Röviden: A csapatmunka együtt halad cél felé. Folytatjuk. A szükséglet létfontosságú, a vágy azon túli kívánság.

Tovább. Jó tudni: Az alvás többet számít, mert rögzíti a tanulást. Tanulj korán, aludj eleget. Tovább. Röviden: A természet város nélküli növények, állatok és tájak.

Vége ennek az áttekintésnek."
936,Összehasonlítások és fogalmak – 146. rész,"Ez a szöveg lépésről lépésre magyaráz.

Tény: A rend dolgokat helyén tartja. Még egy tény. Tény: Vedd az almát vitaminokért és teltségért, a csokit kivételnek. Ez is számít. Jegyezd meg: Tartsd meg ha elég. Vegyél újat csak hiba vagy valós szükség esetén. Még egy tény. Jó tudni: A kreativitás új ötleteket és megoldásokat talál.

Folytatjuk. Tudtad? A türelem nyugodtan vár és kitart. Ez is számít. Jó tudni: A barátság bizalmat, kölcsönös segítséget és közös időt jelent. A következő pontra. Tudtad? Válassz feladatok és alvás szerint: elég alvás és fix ritmus számít. Még egy tény.

A felelősség tettekért és következményekért áll. A következő pontra. Tény: A tapasztalat megélt tudás. Még egy tény. Jó tudni: A tapasztalat megélt tudás. Még egy tény. Jegyezd meg: Az alvás többet számít, mert rögzíti a tanulást. Tanulj korán, aludj eleget.

Ennyi erről. Röviden: Az egészség testi és lelki jólét. Ennyi erről. Biztos: Nem. Pihenj és menj orvoshoz magas vagy hosszú láznál.

A szöveg vége. Szép munka."
937,Összehasonlítások és fogalmak – 147. rész,"Ez a szöveg fontos tényeket mutat be. Olvasd nyugodtan.

Biztos: Vedd az almát vitaminokért és teltségért, a csokit kivételnek. Ez is számít. Jó tudni: A felelősség tettekért és következményekért áll. Folytatjuk. Tudtad? A humor tud nevetni a vicces dolgokon. Még egy tény. Tény: Nem gondolkodom üdvözlésnél, köszönetnél és small talknál. Gondolkodom tényeknél, számításoknál, magyarázatoknál, összehasonlításoknál és döntéseknél, és akkor mutatom a gondolkodást.

Ennyi erről. Az idő korlátozott és nem tér vissza, a pénz újra megkereshető. Az egyensúly számít. A következő pontra. Jó tudni: A tudás megértett információ a világról. Még egy tény. Jegyezd meg: Nem gondolkodom üdvözlésnél, köszönetnél és small talknál. Gondolkodom tényeknél, számításoknál, magyarázatoknál, összehasonlításoknál és döntéseknél, és akkor mutatom a gondolkodást. Folytatjuk.

Biztos: A pontosság tartja a megbeszélt időket. Folytatjuk. Tudtad? Az alvás többet számít, mert rögzíti a tanulást. Tanulj korán, aludj eleget. Tovább. Röviden: A boldogság elégedettség és örömteli pillanatok. Még egy tény. Jegyezd meg: Bérelj ha rugalmas maradsz; ha sokáig maradsz és tudsz fizetni, nézd a vételt minden költséggel.

Tovább. Tudtad? A fegyelem kedv nélkül is kitart. A következő pontra. Jó tudni: A pontosság tartja a megbeszélt időket.

A szöveg vége. Szép munka."
938,Összehasonlítások és fogalmak – 148. rész,"Ez a szöveg lépésről lépésre magyaráz.

Biztos: Nem, tervezz pihenést. Heti 3-4 alkalommal gyakran elég, mindennap csak könnyű. Tovább. Tény: A környezet a természetes keretünk. Ennyi erről. Jegyezd meg: A felelősség tettekért és következményekért áll. Még egy tény. Tudtad? Listázd a kritériumokat, pontozz, nézd a költségeket és érzést, dönts határidővel.

Folytatjuk. Biztos: A csapatmunka együtt halad cél felé. A következő pontra. Jegyezd meg: A türelem nyugodtan vár és kitart. Ez is számít. Tény: Bérelj ha rugalmas maradsz; ha sokáig maradsz és tudsz fizetni, nézd a vételt minden költséggel. Még egy tény.

Jegyezd meg: Szép időben vedd a biciklit (kb. 20 perc, egészséges), esőben a buszt. Ez is számít. Jó tudni: A humor tud nevetni a vicces dolgokon. Folytatjuk. Az őszinteség igazat mond és elismeri a hibákat. A következő pontra. Jó tudni: A bátorság félelem ellenére jót tesz.

A következő pontra. Röviden: A kutyák sok sétát és nevelést kérnek, a macskák önállóbbak. Válassz idő és hely szerint. Még egy tény. Röviden: A tolerancia más véleményeket és életmódokat elfogad.

Vége ennek az áttekintésnek."
939,Összehasonlítások és fogalmak – 149. rész,"Itt rendezett tudást tanulsz. Ne siess.

Jegyezd meg: A PC-k több erőt adnak pénzért, a laptopok mobilek. Maxra PC-t válassz. Ez is számít. Tudtad? Listázd a kritériumokat, pontozz, nézd a költségeket és érzést, dönts határidővel. Ez is számít. Jegyezd meg: Vedd az almát vitaminokért és teltségért, a csokit kivételnek. Még egy tény. A megbízhatóság tartja az ígéreteket.

Folytatjuk. Az idő múltból jövőbe folyik. Még egy tény. Jó tudni: A szeretet mély vonzalom és gondoskodás. Tovább. A víz legjobban oltja a szomjat és nincs cukor. Lé csak hígítva. Ez is számít.

Jegyezd meg: A tisztelet másokat és határaikat becsüli. Folytatjuk. Jó tudni: A tudás megértett információ a világról. Tovább. Jegyezd meg: A vonat relax és gyakran zöldebb, az autó rugalmas csomaggal. Dugóban a vonat nyer. Folytatjuk. Röviden: A szeretet mély vonzalom és gondoskodás.

Folytatjuk. Röviden: A városok munkákat és közelt adnak, a vidék nyugalmat és helyet. Válassz munka és stílus szerint. Folytatjuk. Röviden: Tartsd meg ha elég. Vegyél újat csak hiba vagy valós szükség esetén.

Vége ennek az áttekintésnek."
940,Összehasonlítások és fogalmak – 150. rész,"Itt rendezett tudást tanulsz. Ne siess.

Röviden: A szükséglet létfontosságú, a vágy azon túli kívánság. Folytatjuk. Biztos: A tanulás tudást és készségeket szerez. Folytatjuk. Biztos: A tolerancia más véleményeket és életmódokat elfogad. Ennyi erről. Tény: Igyál előbb vizet, kávét utána mértékkel.

Tovább. Jó tudni: A türelem nyugodtan vár és kitart. Még egy tény. Jó tudni: Spórolj havi 100 eurót automatikusan, pl. utalással fizetés után. Folytatjuk. Biztos: Szép időben vedd a biciklit (kb. 20 perc, egészséges), esőben a buszt. Ez is számít.

Tudtad? Igyál előbb vizet, kávét utána mértékkel. A következő pontra. Vedd az almát vitaminokért és teltségért, a csokit kivételnek. Tovább. Jó tudni: A környezet a természetes keretünk. A következő pontra. Jó tudni: Az energia dolgozhat, pl. áram vagy hő.

Tovább. Jegyezd meg: A megbízhatóság tartja az ígéreteket. Még egy tény. Jegyezd meg: Az energia dolgozhat, pl. áram vagy hő.

A szöveg vége. Szép munka."
941,Összehasonlítások és fogalmak – 151. rész,"Ez a szöveg fontos tényeket mutat be. Olvasd nyugodtan.

Jegyezd meg: A megbízhatóság tartja az ígéreteket. Folytatjuk. Tény: A tisztelet másokat és határaikat becsüli. Ennyi erről. Jó tudni: A boldogság elégedettség és örömteli pillanatok. Ennyi erről. Az otthon a tartozás helye.

Még egy tény. Biztos: A kreativitás új ötleteket és megoldásokat talál. Még egy tény. Tudtad? A tisztelet másokat és határaikat becsüli. Folytatjuk. Az energia dolgozhat, pl. áram vagy hő. A következő pontra.

Röviden: Nem gondolkodom üdvözlésnél, köszönetnél és small talknál. Gondolkodom tényeknél, számításoknál, magyarázatoknál, összehasonlításoknál és döntéseknél, és akkor mutatom a gondolkodást. Ennyi erről. Jegyezd meg: Az idő korlátozott és nem tér vissza, a pénz újra megkereshető. Az egyensúly számít. Ez is számít. Röviden: Az otthon a tartozás helye. A következő pontra. Biztos: A csapatmunka együtt halad cél felé.

Folytatjuk. Jó tudni: A városok munkákat és közelt adnak, a vidék nyugalmat és helyet. Válassz munka és stílus szerint. Még egy tény. Biztos: Az álhírek kitaláltak. Ellenőrizd a forrást, a dátumot és más médiát.

Most már ismered a tényeket."
942,Összehasonlítások és fogalmak – 152. rész,"Alább ellenőrzött tudást találsz.

Biztos: Nem. Pihenj és menj orvoshoz magas vagy hosszú láznál. Ez is számít. Tény: A fegyelem kedv nélkül is kitart. Folytatjuk. Biztos: A rend dolgokat helyén tartja. Ennyi erről. Tény: A szeretet mély vonzalom és gondoskodás.

Ennyi erről. Jó tudni: A tolerancia más véleményeket és életmódokat elfogad. A következő pontra. A tény bizonyítható és ellenőrizhető, a vélemény személyes nézet. Ez is számít. Tudtad? A szeretet mély vonzalom és gondoskodás. A következő pontra.

Tudtad? Nem gondolkodom üdvözlésnél, köszönetnél és small talknál. Gondolkodom tényeknél, számításoknál, magyarázatoknál, összehasonlításoknál és döntéseknél, és akkor mutatom a gondolkodást. Folytatjuk. Biztos: A család közeli emberek, gyakran rokonok. Ennyi erről. Az alvás többet számít, mert rögzíti a tanulást. Tanulj korán, aludj eleget. Folytatjuk. Tény: A tanulás tudást és készségeket szerez.

Folytatjuk. Jegyezd meg: A türelem nyugodtan vár és kitart. Ez is számít. Röviden: A tudás megértett információ a világról.

A szöveg vége. Szép munka."
943,Összehasonlítások és fogalmak – 153. rész,"Alább ellenőrzött tudást találsz.

Jó tudni: A felelősség tettekért és következményekért áll. Tovább. Tény: A szeretet mély vonzalom és gondoskodás. Ez is számít. Jegyezd meg: A rend dolgokat helyén tartja. Ennyi erről. Röviden: A kutyák sok sétát és nevelést kérnek, a macskák önállóbbak. Válassz idő és hely szerint.

A következő pontra. Jegyezd meg: A városok munkákat és közelt adnak, a vidék nyugalmat és helyet. Válassz munka és stílus szerint. Ez is számít. Tény: Szép időben vedd a biciklit (kb. 20 perc, egészséges), esőben a buszt. Még egy tény. Tény: A bátorság félelem ellenére jót tesz. Ez is számít.

Biztos: A bátorság félelem ellenére jót tesz. Folytatjuk. Jegyezd meg: Tartsd meg ha elég. Vegyél újat csak hiba vagy valós szükség esetén. Tovább. Nem, tervezz pihenést. Heti 3-4 alkalommal gyakran elég, mindennap csak könnyű. Tovább. Tudtad? A pontosság tartja a megbeszélt időket.

Ennyi erről. Vedd az almát vitaminokért és teltségért, a csokit kivételnek. Tovább. Biztos: A humor tud nevetni a vicces dolgokon.

Ez volt a lényeg."
944,Összehasonlítások és fogalmak – 154. rész,"Alább ellenőrzött tudást találsz.

Listázd a kritériumokat, pontozz, nézd a költségeket és érzést, dönts határidővel. Még egy tény. Jegyezd meg: A környezet a természetes keretünk. A következő pontra. Az udvariasság tisztelettudó és kedves. Még egy tény. Biztos: A tolerancia más véleményeket és életmódokat elfogad.

Ennyi erről. Tény: A tisztelet másokat és határaikat becsüli. A következő pontra. Röviden: Az őszinteség igazat mond és elismeri a hibákat. Még egy tény. Röviden: Nem gondolkodom üdvözlésnél, köszönetnél és small talknál. Gondolkodom tényeknél, számításoknál, magyarázatoknál, összehasonlításoknál és döntéseknél, és akkor mutatom a gondolkodást. A következő pontra.

Jegyezd meg: A szeretet mély vonzalom és gondoskodás. Még egy tény. Röviden: A pontosság tartja a megbeszélt időket. Ez is számít. Tudtad? A felelősség tettekért és következményekért áll. Ennyi erről. Tény: A szeretet mély vonzalom és gondoskodás.

Folytatjuk. A tolerancia más véleményeket és életmódokat elfogad. Tovább. Tudtad? Az egészség testi és lelki jólét.

Vége ennek az áttekintésnek."
945,Összehasonlítások és fogalmak – 155. rész,"Alább ellenőrzött tudást találsz.

A barátság bizalmat, kölcsönös segítséget és közös időt jelent. Ennyi erről. Biztos: A humor tud nevetni a vicces dolgokon. Ennyi erről. Jegyezd meg: A szeretet mély vonzalom és gondoskodás. A következő pontra. A tisztelet másokat és határaikat becsüli.

Tovább. Tény: A boldogság elégedettség és örömteli pillanatok. Tovább. Tény: Az álhírek kitaláltak. Ellenőrizd a forrást, a dátumot és más médiát. Még egy tény. Jó tudni: Szép időben vedd a biciklit (kb. 20 perc, egészséges), esőben a buszt. Még egy tény.

Biztos: Az energia dolgozhat, pl. áram vagy hő. Ez is számít. Jó tudni: A tolerancia más véleményeket és életmódokat elfogad. A következő pontra. Jegyezd meg: A türelem nyugodtan vár és kitart. Ennyi erről. Jó tudni: A bizalom másokra támaszkodhat.

Még egy tény. Tény: Bérelj ha rugalmas maradsz; ha sokáig maradsz és tudsz fizetni, nézd a vételt minden költséggel. A következő pontra. Tudtad? A bizalom másokra támaszkodhat.

Most már ismered a tényeket."
946,Összehasonlítások és fogalmak – 156. rész,"Ez a szöveg lépésről lépésre magyaráz.

A siker eléri a kitűzött célokat. Még egy tény. Röviden: A bátorság félelem ellenére jót tesz. Ennyi erről. Vedd az almát vitaminokért és teltségért, a csokit kivételnek. Folytatjuk. Biztos: Az egészség testi és lelki jólét.

Folytatjuk. Röviden: Listázd a kritériumokat, pontozz, nézd a költségeket és érzést, dönts határidővel. Még egy tény. Tény: Listázd a kritériumokat, pontozz, nézd a költségeket és érzést, dönts határidővel. A következő pontra. Jó tudni: A tanulás tudást és készségeket szerez. Tovább.

A tolerancia más véleményeket és életmódokat elfogad. Ennyi erről. Röviden: Nem gondolkodom üdvözlésnél, köszönetnél és small talknál. Gondolkodom tényeknél, számításoknál, magyarázatoknál, összehasonlításoknál és döntéseknél, és akkor mutatom a gondolkodást. Ez is számít. A tény bizonyítható és ellenőrizhető, a vélemény személyes nézet. Még egy tény. Biztos: Az udvariasság tisztelettudó és kedves.

Folytatjuk. Tudtad? A rend dolgokat helyén tartja. Tovább. Jó tudni: A megbízhatóság tartja az ígéreteket.

Vége ennek az áttekintésnek."
947,Összehasonlítások és fogalmak – 157. rész,"Alább ellenőrzött tudást találsz.

Jegyezd meg: Bérelj ha rugalmas maradsz; ha sokáig maradsz és tudsz fizetni, nézd a vételt minden költséggel. Ez is számít. Tudtad? Válassz feladatok és alvás szerint: elég alvás és fix ritmus számít. Ennyi erről. A víz legjobban oltja a szomjat és nincs cukor. Lé csak hígítva. Ez is számít. Jó tudni: Nem. Pihenj és menj orvoshoz magas vagy hosszú láznál.

Ez is számít. Jó tudni: A család közeli emberek, gyakran rokonok. Még egy tény. Tudtad? A víz legjobban oltja a szomjat és nincs cukor. Lé csak hígítva. Ez is számít. A tanulás tudást és készségeket szerez. Tovább.

Biztos: Igyál előbb vizet, kávét utána mértékkel. Ez is számít. Tudtad? Listázd a kritériumokat, pontozz, nézd a költségeket és érzést, dönts határidővel. Még egy tény. Jegyezd meg: A bizalom másokra támaszkodhat. Folytatjuk. Röviden: Az őszinteség igazat mond és elismeri a hibákat.

Ez is számít. Tény: Nem gondolkodom üdvözlésnél, köszönetnél és small talknál. Gondolkodom tényeknél, számításoknál, magyarázatoknál, összehasonlításoknál és döntéseknél, és akkor mutatom a gondolkodást. A következő pontra. Biztos: A barátság bizalmat, kölcsönös segítséget és közös időt jelent.

Ez volt a lényeg."
948,Összehasonlítások és fogalmak – 158. rész,"Itt rendezett tudást tanulsz. Ne siess.

Jegyezd meg: A tapasztalat megélt tudás. A következő pontra. Biztos: Tartsd meg ha elég. Vegyél újat csak hiba vagy valós szükség esetén. Tovább. Tény: Az álhírek kitaláltak. Ellenőrizd a forrást, a dátumot és más médiát. Folytatjuk. Az álhírek kitaláltak. Ellenőrizd a forrást, a dátumot és más médiát.

Folytatjuk. Jó tudni: A PC-k több erőt adnak pénzért, a laptopok mobilek. Maxra PC-t válassz. A következő pontra. Tudtad? A kreativitás új ötleteket és megoldásokat talál. Tovább. Jegyezd meg: A kreativitás új ötleteket és megoldásokat talál. Ennyi erről.

Röviden: A tapasztalat megélt tudás. Ez is számít. Röviden: A kreativitás új ötleteket és megoldásokat talál. Folytatjuk. Jó tudni: Válassz feladatok és alvás szerint: elég alvás és fix ritmus számít. Ez is számít. Jó tudni: Nem. Pihenj és menj orvoshoz magas vagy hosszú láznál.

Ez is számít. Tudtad? A tolerancia más véleményeket és életmódokat elfogad. Ez is számít. Tény: A biztonság veszélytől véd.

Vége ennek az áttekintésnek."
949,Összehasonlítások és fogalmak – 159. rész,"Alább ellenőrzött tudást találsz.

Biztos: A bátorság félelem ellenére jót tesz. A következő pontra. Jó tudni: Az idő múltból jövőbe folyik. Még egy tény. A boldogság elégedettség és örömteli pillanatok. Folytatjuk. Biztos: A fegyelem kedv nélkül is kitart.

Ennyi erről. Spórolj havi 100 eurót automatikusan, pl. utalással fizetés után. Tovább. Nem gondolkodom üdvözlésnél, köszönetnél és small talknál. Gondolkodom tényeknél, számításoknál, magyarázatoknál, összehasonlításoknál és döntéseknél, és akkor mutatom a gondolkodást. Folytatjuk. A család közeli emberek, gyakran rokonok. Még egy tény.

Röviden: A tanulás tudást és készségeket szerez. Folytatjuk. Tény: A szükséglet létfontosságú, a vágy azon túli kívánság. Tovább. Tudtad? A kutyák sok sétát és nevelést kérnek, a macskák önállóbbak. Válassz idő és hely szerint. Ennyi erről. Jó tudni: A szeretet mély vonzalom és gondoskodás.

A következő pontra. Biztos: A PC-k több erőt adnak pénzért, a laptopok mobilek. Maxra PC-t válassz. Ennyi erről. Röviden: A víz legjobban oltja a szomjat és nincs cukor. Lé csak hígítva.

Most már ismered a tényeket."
950,Összehasonlítások és fogalmak – 160. rész,"Alább ellenőrzött tudást találsz.

Jegyezd meg: A kutyák sok sétát és nevelést kérnek, a macskák önállóbbak. Válassz idő és hely szerint. Folytatjuk. Jegyezd meg: Tartsd meg ha elég. Vegyél újat csak hiba vagy valós szükség esetén. Ennyi erről. Jó tudni: Az alvás többet számít, mert rögzíti a tanulást. Tanulj korán, aludj eleget. Tovább. Röviden: Az energia dolgozhat, pl. áram vagy hő.

Még egy tény. Jegyezd meg: Nem gondolkodom üdvözlésnél, köszönetnél és small talknál. Gondolkodom tényeknél, számításoknál, magyarázatoknál, összehasonlításoknál és döntéseknél, és akkor mutatom a gondolkodást. A következő pontra. Az energia dolgozhat, pl. áram vagy hő. A következő pontra. Jegyezd meg: A városok munkákat és közelt adnak, a vidék nyugalmat és helyet. Válassz munka és stílus szerint. A következő pontra.

Jó tudni: A bátorság félelem ellenére jót tesz. A következő pontra. Jó tudni: A csapatmunka együtt halad cél felé. Folytatjuk. A pontosság tartja a megbeszélt időket. Ennyi erről. Tudtad? Az idő korlátozott és nem tér vissza, a pénz újra megkereshető. Az egyensúly számít.

Tovább. Tudtad? Az alvás többet számít, mert rögzíti a tanulást. Tanulj korán, aludj eleget. Ez is számít. Tény: A fegyelem kedv nélkül is kitart.

Vége ennek az áttekintésnek."
951,Összehasonlítások és fogalmak – 161. rész,"Ez a szöveg lépésről lépésre magyaráz.

Tény: A tudás megértett információ a világról. Folytatjuk. Tudtad? A felelősség tettekért és következményekért áll. Tovább. Tudtad? Bérelj ha rugalmas maradsz; ha sokáig maradsz és tudsz fizetni, nézd a vételt minden költséggel. Folytatjuk. Jó tudni: A biztonság veszélytől véd.

Folytatjuk. Jegyezd meg: Vedd az almát vitaminokért és teltségért, a csokit kivételnek. Ennyi erről. Biztos: Az alvás többet számít, mert rögzíti a tanulást. Tanulj korán, aludj eleget. Tovább. Jegyezd meg: Az idő korlátozott és nem tér vissza, a pénz újra megkereshető. Az egyensúly számít. Még egy tény.

Tudtad? Az őszinteség igazat mond és elismeri a hibákat. Folytatjuk. A fegyelem kedv nélkül is kitart. Ennyi erről. Szép időben vedd a biciklit (kb. 20 perc, egészséges), esőben a buszt. Ez is számít. Tény: A környezet a természetes keretünk.

Tovább. Jó tudni: Az udvariasság tisztelettudó és kedves. Tovább. Röviden: A boldogság elégedettség és örömteli pillanatok.

Most már ismered a tényeket."
952,Összehasonlítások és fogalmak – 162. rész,"Ez a szöveg lépésről lépésre magyaráz.

Röviden: Vedd az almát vitaminokért és teltségért, a csokit kivételnek. Folytatjuk. Biztos: A csapatmunka együtt halad cél felé. Tovább. Nem gondolkodom üdvözlésnél, köszönetnél és small talknál. Gondolkodom tényeknél, számításoknál, magyarázatoknál, összehasonlításoknál és döntéseknél, és akkor mutatom a gondolkodást. Még egy tény. A tolerancia más véleményeket és életmódokat elfogad.

Ennyi erről. Biztos: A felelősség tettekért és következményekért áll. Folytatjuk. Tudtad? A víz legjobban oltja a szomjat és nincs cukor. Lé csak hígítva. Folytatjuk. Jó tudni: A tolerancia más véleményeket és életmódokat elfogad. A következő pontra.

Jó tudni: A bizalom másokra támaszkodhat. Tovább. Jó tudni: A siker eléri a kitűzött célokat. Ez is számít. A tudás megértett információ a világról. Folytatjuk. A városok munkákat és közelt adnak, a vidék nyugalmat és helyet. Válassz munka és stílus szerint.

Folytatjuk. Jegyezd meg: A bizalom másokra támaszkodhat. Még egy tény. Jó tudni: A barátság bizalmat, kölcsönös segítséget és közös időt jelent.

Most már ismered a tényeket."
953,Összehasonlítások és fogalmak – 163. rész,"Ez a szöveg lépésről lépésre magyaráz.

Tudtad? A türelem nyugodtan vár és kitart. Folytatjuk. Tudtad? A biztonság veszélytől véd. Folytatjuk. Tény: A felelősség tettekért és következményekért áll. Ez is számít. A biztonság veszélytől véd.

A következő pontra. Tény: A fegyelem kedv nélkül is kitart. A következő pontra. Tudtad? Vedd az almát vitaminokért és teltségért, a csokit kivételnek. A következő pontra. Röviden: A család közeli emberek, gyakran rokonok. Ez is számít.

Tudtad? A szükséglet létfontosságú, a vágy azon túli kívánság. Folytatjuk. Jó tudni: Az udvariasság tisztelettudó és kedves. Tovább. Jegyezd meg: A humor tud nevetni a vicces dolgokon. Ez is számít. Jegyezd meg: Listázd a kritériumokat, pontozz, nézd a költségeket és érzést, dönts határidővel.

Tovább. Biztos: Az idő múltból jövőbe folyik. Folytatjuk. Röviden: A boldogság elégedettség és örömteli pillanatok.

Ez volt a lényeg."
954,Összehasonlítások és fogalmak – 164. rész,"Itt rendezett tudást tanulsz. Ne siess.

A szükséglet létfontosságú, a vágy azon túli kívánság. Még egy tény. Tudtad? Spórolj havi 100 eurót automatikusan, pl. utalással fizetés után. A következő pontra. Biztos: A pontosság tartja a megbeszélt időket. Tovább. A család közeli emberek, gyakran rokonok.

Tovább. Jegyezd meg: A tény bizonyítható és ellenőrizhető, a vélemény személyes nézet. A következő pontra. Röviden: Az idő múltból jövőbe folyik. Tovább. A fegyelem kedv nélkül is kitart. Ez is számít.

Jegyezd meg: A felelősség tettekért és következményekért áll. Ennyi erről. A barátság bizalmat, kölcsönös segítséget és közös időt jelent. Folytatjuk. Jó tudni: A víz legjobban oltja a szomjat és nincs cukor. Lé csak hígítva. Ennyi erről. Jó tudni: Válassz feladatok és alvás szerint: elég alvás és fix ritmus számít.

Folytatjuk. Jegyezd meg: Bérelj ha rugalmas maradsz; ha sokáig maradsz és tudsz fizetni, nézd a vételt minden költséggel. A következő pontra. Válassz feladatok és alvás szerint: elég alvás és fix ritmus számít.

Vége ennek az áttekintésnek."
955,Összehasonlítások és fogalmak – 165. rész,"Ez a szöveg fontos tényeket mutat be. Olvasd nyugodtan.

Jegyezd meg: A tény bizonyítható és ellenőrizhető, a vélemény személyes nézet. Még egy tény. Jó tudni: A kreativitás új ötleteket és megoldásokat talál. Még egy tény. Tudtad? A PC-k több erőt adnak pénzért, a laptopok mobilek. Maxra PC-t válassz. Ez is számít. Biztos: A csapatmunka együtt halad cél felé.

Folytatjuk. Tény: A tolerancia más véleményeket és életmódokat elfogad. Ez is számít. Jó tudni: A szeretet mély vonzalom és gondoskodás. Ennyi erről. Jegyezd meg: Tartsd meg ha elég. Vegyél újat csak hiba vagy valós szükség esetén. A következő pontra.

Röviden: A természet város nélküli növények, állatok és tájak. A következő pontra. Tény: A bizalom másokra támaszkodhat. Folytatjuk. Biztos: Az egészség testi és lelki jólét. Tovább. Tény: A vonat relax és gyakran zöldebb, az autó rugalmas csomaggal. Dugóban a vonat nyer.

Folytatjuk. Jegyezd meg: A víz legjobban oltja a szomjat és nincs cukor. Lé csak hígítva. Ennyi erről. A tolerancia más véleményeket és életmódokat elfogad.

Vége ennek az áttekintésnek."
956,Összehasonlítások és fogalmak – 166. rész,"Ez a szöveg fontos tényeket mutat be. Olvasd nyugodtan.

Tény: A türelem nyugodtan vár és kitart. Tovább. Jó tudni: A család közeli emberek, gyakran rokonok. Még egy tény. Tény: A család közeli emberek, gyakran rokonok. Tovább. A csapatmunka együtt halad cél felé.

Ez is számít. Jó tudni: Az egészség testi és lelki jólét. Ez is számít. Jegyezd meg: A tény bizonyítható és ellenőrizhető, a vélemény személyes nézet. Ennyi erről. A tudás megértett információ a világról. Tovább.

Jegyezd meg: A városok munkákat és közelt adnak, a vidék nyugalmat és helyet. Válassz munka és stílus szerint. A következő pontra. Tudtad? A tény bizonyítható és ellenőrizhető, a vélemény személyes nézet. Még egy tény. Az udvariasság tisztelettudó és kedves. Még egy tény. Tudtad? A vonat relax és gyakran zöldebb, az autó rugalmas csomaggal. Dugóban a vonat nyer.

Ennyi erről. Biztos: A vonat relax és gyakran zöldebb, az autó rugalmas csomaggal. Dugóban a vonat nyer. Tovább. Tudtad? A városok munkákat és közelt adnak, a vidék nyugalmat és helyet. Válassz munka és stílus szerint.

Ez volt a lényeg."
957,Összehasonlítások és fogalmak – 167. rész,"Ez a szöveg fontos tényeket mutat be. Olvasd nyugodtan.

Az udvariasság tisztelettudó és kedves. Folytatjuk. Röviden: A pontosság tartja a megbeszélt időket. Tovább. Jegyezd meg: Válassz feladatok és alvás szerint: elég alvás és fix ritmus számít. A következő pontra. Biztos: A bátorság félelem ellenére jót tesz.

A következő pontra. Tény: Az otthon a tartozás helye. Tovább. Jó tudni: A tanulás tudást és készségeket szerez. Tovább. Tény: A megbízhatóság tartja az ígéreteket. Folytatjuk.

Tény: A siker eléri a kitűzött célokat. Tovább. Biztos: A humor tud nevetni a vicces dolgokon. Ennyi erről. Jó tudni: Az energia dolgozhat, pl. áram vagy hő. Folytatjuk. Jó tudni: Az alvás többet számít, mert rögzíti a tanulást. Tanulj korán, aludj eleget.

Tovább. Jegyezd meg: Vedd az almát vitaminokért és teltségért, a csokit kivételnek. Ez is számít. Tény: A bátorság félelem ellenére jót tesz.

Vége ennek az áttekintésnek."
958,Összehasonlítások és fogalmak – 168. rész,"Itt rendezett tudást tanulsz. Ne siess.

Jó tudni: Nem, tervezz pihenést. Heti 3-4 alkalommal gyakran elég, mindennap csak könnyű. Még egy tény. A rend dolgokat helyén tartja. Ennyi erről. Tény: A tény bizonyítható és ellenőrizhető, a vélemény személyes nézet. Ennyi erről. Jegyezd meg: A bizalom másokra támaszkodhat.

Folytatjuk. Nem, tervezz pihenést. Heti 3-4 alkalommal gyakran elég, mindennap csak könnyű. Tovább. Röviden: A tudás megértett információ a világról. Folytatjuk. Tény: A rend dolgokat helyén tartja. Ez is számít.

Röviden: A türelem nyugodtan vár és kitart. A következő pontra. Tény: A bátorság félelem ellenére jót tesz. Ennyi erről. Biztos: Az egészség testi és lelki jólét. Folytatjuk. Jegyezd meg: Spórolj havi 100 eurót automatikusan, pl. utalással fizetés után.

Ennyi erről. Az energia dolgozhat, pl. áram vagy hő. Ez is számít. Röviden: A rend dolgokat helyén tartja.

Ez volt a lényeg."
959,Összehasonlítások és fogalmak – 169. rész,"Ez a szöveg lépésről lépésre magyaráz.

Biztos: A PC-k több erőt adnak pénzért, a laptopok mobilek. Maxra PC-t válassz. Ennyi erről. Biztos: Nem. Pihenj és menj orvoshoz magas vagy hosszú láznál. A következő pontra. Tény: Az egészség testi és lelki jólét. Tovább. Röviden: A vonat relax és gyakran zöldebb, az autó rugalmas csomaggal. Dugóban a vonat nyer.

A következő pontra. Tudtad? Az otthon a tartozás helye. Ennyi erről. Tudtad? A tisztelet másokat és határaikat becsüli. Ennyi erről. Jó tudni: A csapatmunka együtt halad cél felé. Még egy tény.

Tudtad? A humor tud nevetni a vicces dolgokon. Folytatjuk. Röviden: A tolerancia más véleményeket és életmódokat elfogad. Ennyi erről. Jegyezd meg: A tudás megértett információ a világról. Ez is számít. Tudtad? A siker eléri a kitűzött célokat.

Ennyi erről. Jegyezd meg: A tolerancia más véleményeket és életmódokat elfogad. A következő pontra. Jegyezd meg: A tény bizonyítható és ellenőrizhető, a vélemény személyes nézet.

Vége ennek az áttekintésnek."
960,Összehasonlítások és fogalmak – 170. rész,"Ez a szöveg fontos tényeket mutat be. Olvasd nyugodtan.

Jegyezd meg: Az idő múltból jövőbe folyik. Folytatjuk. Jegyezd meg: Igyál előbb vizet, kávét utána mértékkel. Ez is számít. Röviden: Az álhírek kitaláltak. Ellenőrizd a forrást, a dátumot és más médiát. Tovább. Jegyezd meg: A víz legjobban oltja a szomjat és nincs cukor. Lé csak hígítva.

Ennyi erről. Tudtad? Az őszinteség igazat mond és elismeri a hibákat. Tovább. A környezet a természetes keretünk. Még egy tény. Tudtad? A szeretet mély vonzalom és gondoskodás. Még egy tény.

Röviden: A család közeli emberek, gyakran rokonok. Ez is számít. A szükséglet létfontosságú, a vágy azon túli kívánság. Ennyi erről. Röviden: A felelősség tettekért és következményekért áll. Még egy tény. Jegyezd meg: A megbízhatóság tartja az ígéreteket.

Tovább. Biztos: Az idő korlátozott és nem tér vissza, a pénz újra megkereshető. Az egyensúly számít. Ez is számít. Jó tudni: Spórolj havi 100 eurót automatikusan, pl. utalással fizetés után.

A szöveg vége. Szép munka."
961,Összehasonlítások és fogalmak – 171. rész,"Itt rendezett tudást tanulsz. Ne siess.

Jó tudni: Az egészség testi és lelki jólét. Folytatjuk. Tudtad? A család közeli emberek, gyakran rokonok. Ennyi erről. Tény: Nem gondolkodom üdvözlésnél, köszönetnél és small talknál. Gondolkodom tényeknél, számításoknál, magyarázatoknál, összehasonlításoknál és döntéseknél, és akkor mutatom a gondolkodást. Ennyi erről. Tény: A tény bizonyítható és ellenőrizhető, a vélemény személyes nézet.

Tovább. Röviden: A tény bizonyítható és ellenőrizhető, a vélemény személyes nézet. Folytatjuk. Jó tudni: A család közeli emberek, gyakran rokonok. Még egy tény. Jó tudni: Szép időben vedd a biciklit (kb. 20 perc, egészséges), esőben a buszt. Folytatjuk.

Biztos: A türelem nyugodtan vár és kitart. Tovább. Tudtad? A megbízhatóság tartja az ígéreteket. Még egy tény. Jegyezd meg: Nem gondolkodom üdvözlésnél, köszönetnél és small talknál. Gondolkodom tényeknél, számításoknál, magyarázatoknál, összehasonlításoknál és döntéseknél, és akkor mutatom a gondolkodást. A következő pontra. A biztonság veszélytől véd.

A következő pontra. Biztos: Válassz feladatok és alvás szerint: elég alvás és fix ritmus számít. Ez is számít. Jegyezd meg: Az idő korlátozott és nem tér vissza, a pénz újra megkereshető. Az egyensúly számít.

Ez volt a lényeg."
962,Összehasonlítások és fogalmak – 172. rész,"Alább ellenőrzött tudást találsz.

Biztos: A megbízhatóság tartja az ígéreteket. Még egy tény. A tisztelet másokat és határaikat becsüli. Tovább. Spórolj havi 100 eurót automatikusan, pl. utalással fizetés után. Folytatjuk. Tudtad? A megbízhatóság tartja az ígéreteket.

Tovább. Biztos: Listázd a kritériumokat, pontozz, nézd a költségeket és érzést, dönts határidővel. A következő pontra. Tudtad? A kutyák sok sétát és nevelést kérnek, a macskák önállóbbak. Válassz idő és hely szerint. Folytatjuk. Röviden: A bizalom másokra támaszkodhat. Ez is számít.

Tény: Az idő korlátozott és nem tér vissza, a pénz újra megkereshető. Az egyensúly számít. Tovább. Tudtad? A türelem nyugodtan vár és kitart. Még egy tény. Tény: A tapasztalat megélt tudás. Ennyi erről. Tény: A szeretet mély vonzalom és gondoskodás.

Tovább. Tudtad? Az alvás többet számít, mert rögzíti a tanulást. Tanulj korán, aludj eleget. Ez is számít. Röviden: A tudás megértett információ a világról.

Vége ennek az áttekintésnek."
963,Összehasonlítások és fogalmak – 173. rész,"Alább ellenőrzött tudást találsz.

A városok munkákat és közelt adnak, a vidék nyugalmat és helyet. Válassz munka és stílus szerint. Tovább. Biztos: A pontosság tartja a megbeszélt időket. Még egy tény. Jó tudni: A pontosság tartja a megbeszélt időket. Folytatjuk. Jó tudni: Az idő múltból jövőbe folyik.

Folytatjuk. Tudtad? Válassz feladatok és alvás szerint: elég alvás és fix ritmus számít. Ennyi erről. Tény: Bérelj ha rugalmas maradsz; ha sokáig maradsz és tudsz fizetni, nézd a vételt minden költséggel. Ennyi erről. Tény: Az idő korlátozott és nem tér vissza, a pénz újra megkereshető. Az egyensúly számít. Még egy tény.

Jó tudni: Nem, tervezz pihenést. Heti 3-4 alkalommal gyakran elég, mindennap csak könnyű. Ennyi erről. Tény: Az otthon a tartozás helye. Még egy tény. Tény: A barátság bizalmat, kölcsönös segítséget és közös időt jelent. A következő pontra. A környezet a természetes keretünk.

A következő pontra. Röviden: A szeretet mély vonzalom és gondoskodás. Ennyi erről. Tudtad? A természet város nélküli növények, állatok és tájak.

Vége ennek az áttekintésnek."
964,Összehasonlítások és fogalmak – 174. rész,"Ez a szöveg fontos tényeket mutat be. Olvasd nyugodtan.

Biztos: Az egészség testi és lelki jólét. Tovább. Jegyezd meg: A humor tud nevetni a vicces dolgokon. Ez is számít. Tudtad? Válassz feladatok és alvás szerint: elég alvás és fix ritmus számít. Ez is számít. Jó tudni: Az udvariasság tisztelettudó és kedves.

Ez is számít. Tény: Tartsd meg ha elég. Vegyél újat csak hiba vagy valós szükség esetén. Még egy tény. Jó tudni: Igyál előbb vizet, kávét utána mértékkel. Még egy tény. Röviden: A városok munkákat és közelt adnak, a vidék nyugalmat és helyet. Válassz munka és stílus szerint. A következő pontra.

Jegyezd meg: A tolerancia más véleményeket és életmódokat elfogad. A következő pontra. Biztos: A bizalom másokra támaszkodhat. Még egy tény. Biztos: A természet város nélküli növények, állatok és tájak. Ennyi erről. Biztos: Az őszinteség igazat mond és elismeri a hibákat.

Ennyi erről. Jegyezd meg: Az álhírek kitaláltak. Ellenőrizd a forrást, a dátumot és más médiát. Ez is számít. Tény: A siker eléri a kitűzött célokat.

Ez volt a lényeg."
965,Összehasonlítások és fogalmak – 175. rész,"Ez a szöveg fontos tényeket mutat be. Olvasd nyugodtan.

Röviden: A siker eléri a kitűzött célokat. Folytatjuk. Jegyezd meg: A boldogság elégedettség és örömteli pillanatok. Ez is számít. Tudtad? Spórolj havi 100 eurót automatikusan, pl. utalással fizetés után. Tovább. Tény: Spórolj havi 100 eurót automatikusan, pl. utalással fizetés után.

A következő pontra. Biztos: A tanulás tudást és készségeket szerez. Ennyi erről. Jó tudni: A megbízhatóság tartja az ígéreteket. Folytatjuk. Biztos: Az alvás többet számít, mert rögzíti a tanulást. Tanulj korán, aludj eleget. A következő pontra.

Tény: A kutyák sok sétát és nevelést kérnek, a macskák önállóbbak. Válassz idő és hely szerint. Még egy tény. Jó tudni: Az energia dolgozhat, pl. áram vagy hő. Ez is számít. Röviden: A tudás megértett információ a világról. Tovább. Tény: A környezet a természetes keretünk.

Ennyi erről. A barátság bizalmat, kölcsönös segítséget és közös időt jelent. Ennyi erről. Jegyezd meg: A türelem nyugodtan vár és kitart.

Vége ennek az áttekintésnek."
966,Összehasonlítások és fogalmak – 176. rész,"Ez a szöveg lépésről lépésre magyaráz.

Biztos: A rend dolgokat helyén tartja. A következő pontra. Tény: Az udvariasság tisztelettudó és kedves. Ennyi erről. Röviden: Nem gondolkodom üdvözlésnél, köszönetnél és small talknál. Gondolkodom tényeknél, számításoknál, magyarázatoknál, összehasonlításoknál és döntéseknél, és akkor mutatom a gondolkodást. Ennyi erről. Jegyezd meg: A környezet a természetes keretünk.

A következő pontra. Jó tudni: Az energia dolgozhat, pl. áram vagy hő. Folytatjuk. Tudtad? Igyál előbb vizet, kávét utána mértékkel. Tovább. Tudtad? A humor tud nevetni a vicces dolgokon. Még egy tény.

Tény: A fegyelem kedv nélkül is kitart. Ez is számít. Az alvás többet számít, mert rögzíti a tanulást. Tanulj korán, aludj eleget. A következő pontra. Biztos: A bizalom másokra támaszkodhat. Tovább. Jegyezd meg: Vedd az almát vitaminokért és teltségért, a csokit kivételnek.

Ennyi erről. Tudtad? Az energia dolgozhat, pl. áram vagy hő. Ez is számít. A környezet a természetes keretünk.

A szöveg vége. Szép munka."
967,Összehasonlítások és fogalmak – 177. rész,"Alább ellenőrzött tudást találsz.

Biztos: Listázd a kritériumokat, pontozz, nézd a költségeket és érzést, dönts határidővel. Még egy tény. Tény: Szép időben vedd a biciklit (kb. 20 perc, egészséges), esőben a buszt. Ez is számít. Röviden: Listázd a kritériumokat, pontozz, nézd a költségeket és érzést, dönts határidővel. Tovább. Jegyezd meg: A városok munkákat és közelt adnak, a vidék nyugalmat és helyet. Válassz munka és stílus szerint.

Folytatjuk. Biztos: A vonat relax és gyakran zöldebb, az autó rugalmas csomaggal. Dugóban a vonat nyer. Ennyi erről. Tény: Az egészség testi és lelki jólét. Ez is számít. Röviden: A természet város nélküli növények, állatok és tájak. Ennyi erről.

Tudtad? A vonat relax és gyakran zöldebb, az autó rugalmas csomaggal. Dugóban a vonat nyer. Ez is számít. Jó tudni: A csapatmunka együtt halad cél felé. Ez is számít. Jó tudni: A türelem nyugodtan vár és kitart. Tovább. Tény: A bátorság félelem ellenére jót tesz.

Folytatjuk. A tisztelet másokat és határaikat becsüli. Még egy tény. Röviden: A vonat relax és gyakran zöldebb, az autó rugalmas csomaggal. Dugóban a vonat nyer.

Vége ennek az áttekintésnek."
968,Összehasonlítások és fogalmak – 178. rész,"Ez a szöveg fontos tényeket mutat be. Olvasd nyugodtan.

Tudtad? Igyál előbb vizet, kávét utána mértékkel. Ez is számít. Tény: Az udvariasság tisztelettudó és kedves. Ez is számít. Tény: A tanulás tudást és készségeket szerez. Tovább. A városok munkákat és közelt adnak, a vidék nyugalmat és helyet. Válassz munka és stílus szerint.

Tovább. Tény: A PC-k több erőt adnak pénzért, a laptopok mobilek. Maxra PC-t válassz. Ennyi erről. Tény: Spórolj havi 100 eurót automatikusan, pl. utalással fizetés után. Folytatjuk. Röviden: A tisztelet másokat és határaikat becsüli. Ennyi erről.

A környezet a természetes keretünk. Tovább. Biztos: Bérelj ha rugalmas maradsz; ha sokáig maradsz és tudsz fizetni, nézd a vételt minden költséggel. Még egy tény. Biztos: A tisztelet másokat és határaikat becsüli. A következő pontra. Tudtad? A fegyelem kedv nélkül is kitart.

Még egy tény. Biztos: Szép időben vedd a biciklit (kb. 20 perc, egészséges), esőben a buszt. Folytatjuk. Jegyezd meg: Az idő múltból jövőbe folyik.

A szöveg vége. Szép munka."
969,Összehasonlítások és fogalmak – 179. rész,"Itt rendezett tudást tanulsz. Ne siess.

A pontosság tartja a megbeszélt időket. A következő pontra. Jó tudni: A megbízhatóság tartja az ígéreteket. Tovább. Jegyezd meg: A PC-k több erőt adnak pénzért, a laptopok mobilek. Maxra PC-t válassz. Ez is számít. Jó tudni: A tudás megértett információ a világról.

Ennyi erről. Biztos: A kutyák sok sétát és nevelést kérnek, a macskák önállóbbak. Válassz idő és hely szerint. Ennyi erről. Röviden: Tartsd meg ha elég. Vegyél újat csak hiba vagy valós szükség esetén. Folytatjuk. Tudtad? A kutyák sok sétát és nevelést kérnek, a macskák önállóbbak. Válassz idő és hely szerint. Tovább.

Jó tudni: A felelősség tettekért és következményekért áll. A következő pontra. Jegyezd meg: Az álhírek kitaláltak. Ellenőrizd a forrást, a dátumot és más médiát. Tovább. Bérelj ha rugalmas maradsz; ha sokáig maradsz és tudsz fizetni, nézd a vételt minden költséggel. Ez is számít. Az egészség testi és lelki jólét.

Még egy tény. Röviden: A biztonság veszélytől véd. Folytatjuk. Biztos: Válassz feladatok és alvás szerint: elég alvás és fix ritmus számít.

Vége ennek az áttekintésnek."
970,Összehasonlítások és fogalmak – 180. rész,"Ez a szöveg lépésről lépésre magyaráz.

Az idő korlátozott és nem tér vissza, a pénz újra megkereshető. Az egyensúly számít. Még egy tény. Biztos: Az idő múltból jövőbe folyik. Ez is számít. Jó tudni: A kutyák sok sétát és nevelést kérnek, a macskák önállóbbak. Válassz idő és hely szerint. Folytatjuk. Röviden: A rend dolgokat helyén tartja.

Ez is számít. Jegyezd meg: Nem gondolkodom üdvözlésnél, köszönetnél és small talknál. Gondolkodom tényeknél, számításoknál, magyarázatoknál, összehasonlításoknál és döntéseknél, és akkor mutatom a gondolkodást. Tovább. Jó tudni: A család közeli emberek, gyakran rokonok. Még egy tény. Röviden: Az udvariasság tisztelettudó és kedves. Még egy tény.

Jó tudni: A tudás megértett információ a világról. Még egy tény. Jegyezd meg: A rend dolgokat helyén tartja. A következő pontra. Jó tudni: A fegyelem kedv nélkül is kitart. Folytatjuk. Jó tudni: Az egészség testi és lelki jólét.

Ennyi erről. Tény: A tolerancia más véleményeket és életmódokat elfogad. Még egy tény. Jegyezd meg: A csapatmunka együtt halad cél felé.

Vége ennek az áttekintésnek."
971,Összehasonlítások és fogalmak – 181. rész,"Itt rendezett tudást tanulsz. Ne siess.

Tudtad? Az alvás többet számít, mert rögzíti a tanulást. Tanulj korán, aludj eleget. Még egy tény. Jó tudni: A tanulás tudást és készségeket szerez. Még egy tény. Spórolj havi 100 eurót automatikusan, pl. utalással fizetés után. A következő pontra. Jegyezd meg: A bátorság félelem ellenére jót tesz.

Tovább. Jó tudni: A környezet a természetes keretünk. Ennyi erről. Tudtad? A fegyelem kedv nélkül is kitart. A következő pontra. A szükséglet létfontosságú, a vágy azon túli kívánság. Ez is számít.

Tudtad? Igyál előbb vizet, kávét utána mértékkel. A következő pontra. Jó tudni: A boldogság elégedettség és örömteli pillanatok. Tovább. Tény: A természet város nélküli növények, állatok és tájak. Ez is számít. Jó tudni: A tény bizonyítható és ellenőrizhető, a vélemény személyes nézet.

A következő pontra. Röviden: A felelősség tettekért és következményekért áll. Tovább. Az idő múltból jövőbe folyik.

Ez volt a lényeg."
972,Összehasonlítások és fogalmak – 182. rész,"Ez a szöveg lépésről lépésre magyaráz.

Biztos: A tolerancia más véleményeket és életmódokat elfogad. Ez is számít. Röviden: Az álhírek kitaláltak. Ellenőrizd a forrást, a dátumot és más médiát. Tovább. Tény: A megbízhatóság tartja az ígéreteket. Tovább. Röviden: A boldogság elégedettség és örömteli pillanatok.

Ez is számít. Jó tudni: A csapatmunka együtt halad cél felé. Még egy tény. Tény: Nem. Pihenj és menj orvoshoz magas vagy hosszú láznál. Ennyi erről. Jegyezd meg: A vonat relax és gyakran zöldebb, az autó rugalmas csomaggal. Dugóban a vonat nyer. A következő pontra.

Biztos: Az idő korlátozott és nem tér vissza, a pénz újra megkereshető. Az egyensúly számít. Még egy tény. Tudtad? Az egészség testi és lelki jólét. Tovább. Röviden: Vedd az almát vitaminokért és teltségért, a csokit kivételnek. A következő pontra. Jegyezd meg: A megbízhatóság tartja az ígéreteket.

Még egy tény. Tudtad? A fegyelem kedv nélkül is kitart. Ez is számít. Röviden: A család közeli emberek, gyakran rokonok.

Vége ennek az áttekintésnek."
973,Összehasonlítások és fogalmak – 183. rész,"Itt rendezett tudást tanulsz. Ne siess.

A siker eléri a kitűzött célokat. Még egy tény. Jó tudni: Az álhírek kitaláltak. Ellenőrizd a forrást, a dátumot és más médiát. Tovább. Tudtad? Az egészség testi és lelki jólét. Ennyi erről. Jó tudni: A tolerancia más véleményeket és életmódokat elfogad.

Még egy tény. Tény: A környezet a természetes keretünk. Tovább. Biztos: A felelősség tettekért és következményekért áll. Tovább. Tény: A csapatmunka együtt halad cél felé. Ennyi erről.

Röviden: Az udvariasság tisztelettudó és kedves. Még egy tény. Tudtad? Spórolj havi 100 eurót automatikusan, pl. utalással fizetés után. A következő pontra. Tudtad? A tudás megértett információ a világról. Még egy tény. Röviden: A csapatmunka együtt halad cél felé.

Még egy tény. Röviden: Az őszinteség igazat mond és elismeri a hibákat. Tovább. Jó tudni: A fegyelem kedv nélkül is kitart.

Ez volt a lényeg."
974,Összehasonlítások és fogalmak – 184. rész,"Ez a szöveg lépésről lépésre magyaráz.

Tudtad? A biztonság veszélytől véd. Még egy tény. Jó tudni: A vonat relax és gyakran zöldebb, az autó rugalmas csomaggal. Dugóban a vonat nyer. Folytatjuk. Tudtad? Szép időben vedd a biciklit (kb. 20 perc, egészséges), esőben a buszt. Még egy tény. A humor tud nevetni a vicces dolgokon.

Még egy tény. Jó tudni: A barátság bizalmat, kölcsönös segítséget és közös időt jelent. Tovább. Röviden: Az energia dolgozhat, pl. áram vagy hő. A következő pontra. Biztos: A tolerancia más véleményeket és életmódokat elfogad. Folytatjuk.

Jegyezd meg: A tolerancia más véleményeket és életmódokat elfogad. Folytatjuk. Jó tudni: A városok munkákat és közelt adnak, a vidék nyugalmat és helyet. Válassz munka és stílus szerint. Ennyi erről. Tény: A bátorság félelem ellenére jót tesz. Ennyi erről. A tolerancia más véleményeket és életmódokat elfogad.

Tovább. Jegyezd meg: Válassz feladatok és alvás szerint: elég alvás és fix ritmus számít. Folytatjuk. Jegyezd meg: Az egészség testi és lelki jólét.

Most már ismered a tényeket."
975,Összehasonlítások és fogalmak – 185. rész,"Alább ellenőrzött tudást találsz.

A szeretet mély vonzalom és gondoskodás. Folytatjuk. Jó tudni: A vonat relax és gyakran zöldebb, az autó rugalmas csomaggal. Dugóban a vonat nyer. Még egy tény. Jó tudni: A felelősség tettekért és következményekért áll. Ez is számít. Tudtad? A városok munkákat és közelt adnak, a vidék nyugalmat és helyet. Válassz munka és stílus szerint.

Folytatjuk. Tudtad? A család közeli emberek, gyakran rokonok. A következő pontra. Tudtad? A biztonság veszélytől véd. A következő pontra. Biztos: A kutyák sok sétát és nevelést kérnek, a macskák önállóbbak. Válassz idő és hely szerint. Ennyi erről.

Röviden: A szükséglet létfontosságú, a vágy azon túli kívánság. Még egy tény. Röviden: Az egészség testi és lelki jólét. Folytatjuk. A természet város nélküli növények, állatok és tájak. Ez is számít. Tudtad? A türelem nyugodtan vár és kitart.

Ez is számít. Az energia dolgozhat, pl. áram vagy hő. Folytatjuk. Röviden: A bátorság félelem ellenére jót tesz.

Vége ennek az áttekintésnek."
976,Összehasonlítások és fogalmak – 186. rész,"Alább ellenőrzött tudást találsz.

Biztos: A tény bizonyítható és ellenőrizhető, a vélemény személyes nézet. Tovább. Tény: Nem, tervezz pihenést. Heti 3-4 alkalommal gyakran elég, mindennap csak könnyű. Ennyi erről. Röviden: Igyál előbb vizet, kávét utána mértékkel. Tovább. Tény: Szép időben vedd a biciklit (kb. 20 perc, egészséges), esőben a buszt.

Tovább. Röviden: A kreativitás új ötleteket és megoldásokat talál. Ennyi erről. Jó tudni: Az energia dolgozhat, pl. áram vagy hő. Tovább. Biztos: Nem, tervezz pihenést. Heti 3-4 alkalommal gyakran elég, mindennap csak könnyű. A következő pontra.

Röviden: A tudás megértett információ a világról. Még egy tény. Jegyezd meg: A városok munkákat és közelt adnak, a vidék nyugalmat és helyet. Válassz munka és stílus szerint. Tovább. Tény: Igyál előbb vizet, kávét utána mértékkel. Ez is számít. Tudtad? A tapasztalat megélt tudás.

Folytatjuk. Tudtad? Spórolj havi 100 eurót automatikusan, pl. utalással fizetés után. Még egy tény. Tény: A pontosság tartja a megbeszélt időket.

A szöveg vége. Szép munka."
977,Összehasonlítások és fogalmak – 187. rész,"Itt rendezett tudást tanulsz. Ne siess.

Röviden: A tanulás tudást és készségeket szerez. Folytatjuk. Tudtad? A kreativitás új ötleteket és megoldásokat talál. Ennyi erről. Jegyezd meg: Bérelj ha rugalmas maradsz; ha sokáig maradsz és tudsz fizetni, nézd a vételt minden költséggel. Ez is számít. Jegyezd meg: Az egészség testi és lelki jólét.

Folytatjuk. Tény: A biztonság veszélytől véd. A következő pontra. Tudtad? Az energia dolgozhat, pl. áram vagy hő. A következő pontra. Biztos: A természet város nélküli növények, állatok és tájak. Tovább.

Tudtad? A boldogság elégedettség és örömteli pillanatok. Még egy tény. Az őszinteség igazat mond és elismeri a hibákat. Ennyi erről. Jó tudni: A fegyelem kedv nélkül is kitart. Ennyi erről. Biztos: A boldogság elégedettség és örömteli pillanatok.

A következő pontra. Jegyezd meg: A csapatmunka együtt halad cél felé. A következő pontra. Tény: Listázd a kritériumokat, pontozz, nézd a költségeket és érzést, dönts határidővel.

Most már ismered a tényeket."
978,Összehasonlítások és fogalmak – 188. rész,"Ez a szöveg lépésről lépésre magyaráz.

A szükséglet létfontosságú, a vágy azon túli kívánság. A következő pontra. Tudtad? Bérelj ha rugalmas maradsz; ha sokáig maradsz és tudsz fizetni, nézd a vételt minden költséggel. Tovább. Tudtad? Az idő múltból jövőbe folyik. Ez is számít. A PC-k több erőt adnak pénzért, a laptopok mobilek. Maxra PC-t válassz.

A következő pontra. Jó tudni: Tartsd meg ha elég. Vegyél újat csak hiba vagy valós szükség esetén. Tovább. Jó tudni: A biztonság veszélytől véd. Ez is számít. Jegyezd meg: A barátság bizalmat, kölcsönös segítséget és közös időt jelent. Ennyi erről.

Röviden: A biztonság veszélytől véd. Tovább. Bérelj ha rugalmas maradsz; ha sokáig maradsz és tudsz fizetni, nézd a vételt minden költséggel. Ez is számít. Jegyezd meg: A biztonság veszélytől véd. A következő pontra. Biztos: A felelősség tettekért és következményekért áll.

Még egy tény. Jó tudni: Bérelj ha rugalmas maradsz; ha sokáig maradsz és tudsz fizetni, nézd a vételt minden költséggel. Még egy tény. Tény: Az energia dolgozhat, pl. áram vagy hő.

Most már ismered a tényeket."
979,Összehasonlítások és fogalmak – 189. rész,"Alább ellenőrzött tudást találsz.

Tény: A szükséglet létfontosságú, a vágy azon túli kívánság. Ennyi erről. Biztos: Az energia dolgozhat, pl. áram vagy hő. Tovább. Tény: A család közeli emberek, gyakran rokonok. Ez is számít. Röviden: Nem gondolkodom üdvözlésnél, köszönetnél és small talknál. Gondolkodom tényeknél, számításoknál, magyarázatoknál, összehasonlításoknál és döntéseknél, és akkor mutatom a gondolkodást.

Folytatjuk. Tudtad? A rend dolgokat helyén tartja. A következő pontra. Jó tudni: Igyál előbb vizet, kávét utána mértékkel. Ez is számít. Röviden: A környezet a természetes keretünk. Folytatjuk.

Tudtad? A kutyák sok sétát és nevelést kérnek, a macskák önállóbbak. Válassz idő és hely szerint. A következő pontra. Jó tudni: Spórolj havi 100 eurót automatikusan, pl. utalással fizetés után. Folytatjuk. Jegyezd meg: A boldogság elégedettség és örömteli pillanatok. A következő pontra. Jegyezd meg: A tudás megértett információ a világról.

Tovább. Jegyezd meg: A türelem nyugodtan vár és kitart. Még egy tény. Röviden: Vedd az almát vitaminokért és teltségért, a csokit kivételnek.

A szöveg vége. Szép munka."
980,Összehasonlítások és fogalmak – 190. rész,"Ez a szöveg fontos tényeket mutat be. Olvasd nyugodtan.

Jó tudni: A kreativitás új ötleteket és megoldásokat talál. Ez is számít. Röviden: Az energia dolgozhat, pl. áram vagy hő. A következő pontra. Jó tudni: A türelem nyugodtan vár és kitart. Ez is számít. Biztos: Listázd a kritériumokat, pontozz, nézd a költségeket és érzést, dönts határidővel.

Folytatjuk. Biztos: Az alvás többet számít, mert rögzíti a tanulást. Tanulj korán, aludj eleget. Tovább. Jó tudni: Nem. Pihenj és menj orvoshoz magas vagy hosszú láznál. Ennyi erről. Tudtad? A szeretet mély vonzalom és gondoskodás. Ez is számít.

Biztos: Az álhírek kitaláltak. Ellenőrizd a forrást, a dátumot és más médiát. Ez is számít. Jó tudni: Vedd az almát vitaminokért és teltségért, a csokit kivételnek. Ez is számít. Röviden: A bátorság félelem ellenére jót tesz. Még egy tény. Biztos: A természet város nélküli növények, állatok és tájak.

Folytatjuk. Vedd az almát vitaminokért és teltségért, a csokit kivételnek. A következő pontra. Tudtad? Az őszinteség igazat mond és elismeri a hibákat.

Most már ismered a tényeket."
981,Összehasonlítások és fogalmak – 191. rész,"Ez a szöveg lépésről lépésre magyaráz.

Röviden: Az energia dolgozhat, pl. áram vagy hő. Tovább. Röviden: Tartsd meg ha elég. Vegyél újat csak hiba vagy valós szükség esetén. Folytatjuk. Tény: Az őszinteség igazat mond és elismeri a hibákat. Tovább. Biztos: A barátság bizalmat, kölcsönös segítséget és közös időt jelent.

Még egy tény. Jó tudni: A bizalom másokra támaszkodhat. Tovább. A bátorság félelem ellenére jót tesz. Ez is számít. Tény: A környezet a természetes keretünk. Tovább.

Biztos: A csapatmunka együtt halad cél felé. Folytatjuk. Tudtad? Az őszinteség igazat mond és elismeri a hibákat. Tovább. Jegyezd meg: A siker eléri a kitűzött célokat. Ennyi erről. Jegyezd meg: Bérelj ha rugalmas maradsz; ha sokáig maradsz és tudsz fizetni, nézd a vételt minden költséggel.

Folytatjuk. Tudtad? Válassz feladatok és alvás szerint: elég alvás és fix ritmus számít. Tovább. Jegyezd meg: A kutyák sok sétát és nevelést kérnek, a macskák önállóbbak. Válassz idő és hely szerint.

Vége ennek az áttekintésnek."
982,Összehasonlítások és fogalmak – 192. rész,"Alább ellenőrzött tudást találsz.

Jegyezd meg: Igyál előbb vizet, kávét utána mértékkel. Még egy tény. Spórolj havi 100 eurót automatikusan, pl. utalással fizetés után. Ez is számít. Biztos: A szeretet mély vonzalom és gondoskodás. Még egy tény. Röviden: Az otthon a tartozás helye.

A következő pontra. Röviden: Bérelj ha rugalmas maradsz; ha sokáig maradsz és tudsz fizetni, nézd a vételt minden költséggel. Ennyi erről. Biztos: Válassz feladatok és alvás szerint: elég alvás és fix ritmus számít. Tovább. Biztos: Az alvás többet számít, mert rögzíti a tanulást. Tanulj korán, aludj eleget. Ez is számít.

Tudtad? A barátság bizalmat, kölcsönös segítséget és közös időt jelent. A következő pontra. A boldogság elégedettség és örömteli pillanatok. Tovább. Tudtad? Nem, tervezz pihenést. Heti 3-4 alkalommal gyakran elég, mindennap csak könnyű. Ez is számít. Az egészség testi és lelki jólét.

Ez is számít. Tény: Tartsd meg ha elég. Vegyél újat csak hiba vagy valós szükség esetén. Folytatjuk. Jegyezd meg: A siker eléri a kitűzött célokat.

A szöveg vége. Szép munka."
983,Összehasonlítások és fogalmak – 193. rész,"Itt rendezett tudást tanulsz. Ne siess.

Biztos: A bizalom másokra támaszkodhat. Ennyi erről. Jegyezd meg: A pontosság tartja a megbeszélt időket. Tovább. Jó tudni: Válassz feladatok és alvás szerint: elég alvás és fix ritmus számít. Tovább. A pontosság tartja a megbeszélt időket.

Ez is számít. Jegyezd meg: A megbízhatóság tartja az ígéreteket. A következő pontra. Tény: A fegyelem kedv nélkül is kitart. A következő pontra. Röviden: A tapasztalat megélt tudás. A következő pontra.

Biztos: A család közeli emberek, gyakran rokonok. Folytatjuk. Jegyezd meg: A tény bizonyítható és ellenőrizhető, a vélemény személyes nézet. Tovább. Tudtad? Vedd az almát vitaminokért és teltségért, a csokit kivételnek. Még egy tény. Röviden: A vonat relax és gyakran zöldebb, az autó rugalmas csomaggal. Dugóban a vonat nyer.

Ez is számít. A természet város nélküli növények, állatok és tájak. Tovább. Jó tudni: A vonat relax és gyakran zöldebb, az autó rugalmas csomaggal. Dugóban a vonat nyer.

Ez volt a lényeg."
984,Összehasonlítások és fogalmak – 194. rész,"Ez a szöveg lépésről lépésre magyaráz.

A szeretet mély vonzalom és gondoskodás. A következő pontra. Jó tudni: A PC-k több erőt adnak pénzért, a laptopok mobilek. Maxra PC-t válassz. Még egy tény. Jó tudni: A vonat relax és gyakran zöldebb, az autó rugalmas csomaggal. Dugóban a vonat nyer. Még egy tény. Biztos: Nem, tervezz pihenést. Heti 3-4 alkalommal gyakran elég, mindennap csak könnyű.

Még egy tény. Jó tudni: Az álhírek kitaláltak. Ellenőrizd a forrást, a dátumot és más médiát. Tovább. Az otthon a tartozás helye. Még egy tény. Röviden: A felelősség tettekért és következményekért áll. Még egy tény.

Jó tudni: A tudás megértett információ a világról. Még egy tény. Röviden: Az otthon a tartozás helye. Tovább. Tény: A tisztelet másokat és határaikat becsüli. A következő pontra. Jó tudni: A kutyák sok sétát és nevelést kérnek, a macskák önállóbbak. Válassz idő és hely szerint.

Ez is számít. Biztos: A kreativitás új ötleteket és megoldásokat talál. Tovább. Biztos: Tartsd meg ha elég. Vegyél újat csak hiba vagy valós szükség esetén.

Ez volt a lényeg."
985,Összehasonlítások és fogalmak – 195. rész,"Ez a szöveg fontos tényeket mutat be. Olvasd nyugodtan.

Jegyezd meg: A szükséglet létfontosságú, a vágy azon túli kívánság. Folytatjuk. A bátorság félelem ellenére jót tesz. Még egy tény. Biztos: A pontosság tartja a megbeszélt időket. Tovább. Az energia dolgozhat, pl. áram vagy hő.

Tovább. Jegyezd meg: A környezet a természetes keretünk. Ez is számít. Az idő korlátozott és nem tér vissza, a pénz újra megkereshető. Az egyensúly számít. A következő pontra. Biztos: Tartsd meg ha elég. Vegyél újat csak hiba vagy valós szükség esetén. Ennyi erről.

Tudtad? A csapatmunka együtt halad cél felé. Még egy tény. Tudtad? Az energia dolgozhat, pl. áram vagy hő. Ez is számít. Jó tudni: Szép időben vedd a biciklit (kb. 20 perc, egészséges), esőben a buszt. Ennyi erről. Jó tudni: Nem. Pihenj és menj orvoshoz magas vagy hosszú láznál.

A következő pontra. Jegyezd meg: A türelem nyugodtan vár és kitart. Tovább. Jegyezd meg: A felelősség tettekért és következményekért áll.

Ez volt a lényeg."
986,Összehasonlítások és fogalmak – 196. rész,"Itt rendezett tudást tanulsz. Ne siess.

Jegyezd meg: Az otthon a tartozás helye. Folytatjuk. Tudtad? Az egészség testi és lelki jólét. A következő pontra. Jó tudni: Nem gondolkodom üdvözlésnél, köszönetnél és small talknál. Gondolkodom tényeknél, számításoknál, magyarázatoknál, összehasonlításoknál és döntéseknél, és akkor mutatom a gondolkodást. Folytatjuk. Az álhírek kitaláltak. Ellenőrizd a forrást, a dátumot és más médiát.

Még egy tény. Jó tudni: A víz legjobban oltja a szomjat és nincs cukor. Lé csak hígítva. Folytatjuk. Röviden: Az otthon a tartozás helye. Ennyi erről. Tény: Nem. Pihenj és menj orvoshoz magas vagy hosszú láznál. Ez is számít.

Biztos: Az alvás többet számít, mert rögzíti a tanulást. Tanulj korán, aludj eleget. Ennyi erről. Biztos: Vedd az almát vitaminokért és teltségért, a csokit kivételnek. Folytatjuk. Biztos: Nem gondolkodom üdvözlésnél, köszönetnél és small talknál. Gondolkodom tényeknél, számításoknál, magyarázatoknál, összehasonlításoknál és döntéseknél, és akkor mutatom a gondolkodást. Ennyi erről. Tény: A humor tud nevetni a vicces dolgokon.

Ez is számít. Jegyezd meg: A felelősség tettekért és következményekért áll. Még egy tény. Az energia dolgozhat, pl. áram vagy hő.

Vége ennek az áttekintésnek."
987,Összehasonlítások és fogalmak – 197. rész,"Ez a szöveg fontos tényeket mutat be. Olvasd nyugodtan.

Tudtad? A megbízhatóság tartja az ígéreteket. Ez is számít. Tény: A pontosság tartja a megbeszélt időket. A következő pontra. Jegyezd meg: Az alvás többet számít, mert rögzíti a tanulást. Tanulj korán, aludj eleget. Folytatjuk. Tény: Tartsd meg ha elég. Vegyél újat csak hiba vagy valós szükség esetén.

A következő pontra. A környezet a természetes keretünk. Folytatjuk. Nem gondolkodom üdvözlésnél, köszönetnél és small talknál. Gondolkodom tényeknél, számításoknál, magyarázatoknál, összehasonlításoknál és döntéseknél, és akkor mutatom a gondolkodást. Ennyi erről. Jó tudni: A szeretet mély vonzalom és gondoskodás. A következő pontra.

Jegyezd meg: A megbízhatóság tartja az ígéreteket. Tovább. Tudtad? A szükséglet létfontosságú, a vágy azon túli kívánság. Tovább. Biztos: Spórolj havi 100 eurót automatikusan, pl. utalással fizetés után. A következő pontra. Röviden: A kutyák sok sétát és nevelést kérnek, a macskák önállóbbak. Válassz idő és hely szerint.

Folytatjuk. Tudtad? Nem. Pihenj és menj orvoshoz magas vagy hosszú láznál. Ez is számít. Röviden: Az őszinteség igazat mond és elismeri a hibákat.

Ez volt a lényeg."
988,Összehasonlítások és fogalmak – 198. rész,"Alább ellenőrzött tudást találsz.

Tudtad? A felelősség tettekért és következményekért áll. Folytatjuk. A csapatmunka együtt halad cél felé. Még egy tény. Jegyezd meg: A felelősség tettekért és következményekért áll. Ennyi erről. Jegyezd meg: A siker eléri a kitűzött célokat.

A következő pontra. Jegyezd meg: A barátság bizalmat, kölcsönös segítséget és közös időt jelent. Folytatjuk. A vonat relax és gyakran zöldebb, az autó rugalmas csomaggal. Dugóban a vonat nyer. Tovább. Röviden: Az otthon a tartozás helye. A következő pontra.

Jegyezd meg: A tény bizonyítható és ellenőrizhető, a vélemény személyes nézet. Folytatjuk. Biztos: Bérelj ha rugalmas maradsz; ha sokáig maradsz és tudsz fizetni, nézd a vételt minden költséggel. Még egy tény. Biztos: A vonat relax és gyakran zöldebb, az autó rugalmas csomaggal. Dugóban a vonat nyer. A következő pontra. Röviden: A megbízhatóság tartja az ígéreteket.

Ennyi erről. Jó tudni: Igyál előbb vizet, kávét utána mértékkel. Még egy tény. Biztos: A megbízhatóság tartja az ígéreteket.

Ez volt a lényeg."
989,Összehasonlítások és fogalmak – 199. rész,"Ez a szöveg fontos tényeket mutat be. Olvasd nyugodtan.

Jó tudni: A fegyelem kedv nélkül is kitart. A következő pontra. A tapasztalat megélt tudás. Folytatjuk. Biztos: Az energia dolgozhat, pl. áram vagy hő. Ez is számít. Röviden: A pontosság tartja a megbeszélt időket.

Folytatjuk. Röviden: A barátság bizalmat, kölcsönös segítséget és közös időt jelent. A következő pontra. Tény: A tapasztalat megélt tudás. Ez is számít. Az otthon a tartozás helye. A következő pontra.

Jó tudni: A humor tud nevetni a vicces dolgokon. Tovább. Röviden: Tartsd meg ha elég. Vegyél újat csak hiba vagy valós szükség esetén. Folytatjuk. Röviden: A boldogság elégedettség és örömteli pillanatok. Tovább. Röviden: A természet város nélküli növények, állatok és tájak.

Tovább. Biztos: A pontosság tartja a megbeszélt időket. Folytatjuk. Röviden: Szép időben vedd a biciklit (kb. 20 perc, egészséges), esőben a buszt.

A szöveg vége. Szép munka."
990,Összehasonlítások és fogalmak – 200. rész,"Ez a szöveg lépésről lépésre magyaráz.

Jó tudni: A barátság bizalmat, kölcsönös segítséget és közös időt jelent. A következő pontra. Biztos: Szép időben vedd a biciklit (kb. 20 perc, egészséges), esőben a buszt. Tovább. Listázd a kritériumokat, pontozz, nézd a költségeket és érzést, dönts határidővel. Még egy tény. Nem. Pihenj és menj orvoshoz magas vagy hosszú láznál.

Ez is számít. A humor tud nevetni a vicces dolgokon. Tovább. Tudtad? Nem, tervezz pihenést. Heti 3-4 alkalommal gyakran elég, mindennap csak könnyű. Folytatjuk. Tudtad? A felelősség tettekért és következményekért áll. Még egy tény.

Tény: Az energia dolgozhat, pl. áram vagy hő. Tovább. Röviden: A megbízhatóság tartja az ígéreteket. A következő pontra. Jegyezd meg: A felelősség tettekért és következményekért áll. Még egy tény. Tény: Az egészség testi és lelki jólét.

A következő pontra. Jó tudni: Az alvás többet számít, mert rögzíti a tanulást. Tanulj korán, aludj eleget. A következő pontra. Röviden: A pontosság tartja a megbeszélt időket.

A szöveg vége. Szép munka."
991,Összehasonlítások és fogalmak – 201. rész,"Itt rendezett tudást tanulsz. Ne siess.

Röviden: A bátorság félelem ellenére jót tesz. Folytatjuk. Tudtad? A bátorság félelem ellenére jót tesz. A következő pontra. Röviden: Szép időben vedd a biciklit (kb. 20 perc, egészséges), esőben a buszt. A következő pontra. Tény: A család közeli emberek, gyakran rokonok.

Ez is számít. Tény: Az egészség testi és lelki jólét. A következő pontra. Jegyezd meg: Az álhírek kitaláltak. Ellenőrizd a forrást, a dátumot és más médiát. Tovább. Tudtad? Az alvás többet számít, mert rögzíti a tanulást. Tanulj korán, aludj eleget. Tovább.

Jó tudni: Válassz feladatok és alvás szerint: elég alvás és fix ritmus számít. A következő pontra. Jó tudni: Az idő korlátozott és nem tér vissza, a pénz újra megkereshető. Az egyensúly számít. Folytatjuk. Nem, tervezz pihenést. Heti 3-4 alkalommal gyakran elég, mindennap csak könnyű. Még egy tény. Röviden: Spórolj havi 100 eurót automatikusan, pl. utalással fizetés után.

Ez is számít. Biztos: A szeretet mély vonzalom és gondoskodás. Folytatjuk. Jó tudni: A megbízhatóság tartja az ígéreteket.

Most már ismered a tényeket."
992,Összehasonlítások és fogalmak – 202. rész,"Itt rendezett tudást tanulsz. Ne siess.

Röviden: A bizalom másokra támaszkodhat. Még egy tény. Tudtad? A humor tud nevetni a vicces dolgokon. A következő pontra. Tény: A boldogság elégedettség és örömteli pillanatok. Még egy tény. Biztos: Az idő múltból jövőbe folyik.

Folytatjuk. Biztos: A víz legjobban oltja a szomjat és nincs cukor. Lé csak hígítva. Tovább. Biztos: A humor tud nevetni a vicces dolgokon. Még egy tény. Tény: A városok munkákat és közelt adnak, a vidék nyugalmat és helyet. Válassz munka és stílus szerint. Tovább.

Jegyezd meg: A szeretet mély vonzalom és gondoskodás. Tovább. Jó tudni: A víz legjobban oltja a szomjat és nincs cukor. Lé csak hígítva. Ez is számít. Tudtad? Igyál előbb vizet, kávét utána mértékkel. Még egy tény. Röviden: A szükséglet létfontosságú, a vágy azon túli kívánság.

Ez is számít. Jegyezd meg: Szép időben vedd a biciklit (kb. 20 perc, egészséges), esőben a buszt. Még egy tény. Jó tudni: Tartsd meg ha elég. Vegyél újat csak hiba vagy valós szükség esetén.

Most már ismered a tényeket."
993,Összehasonlítások és fogalmak – 203. rész,"Ez a szöveg lépésről lépésre magyaráz.

Az idő korlátozott és nem tér vissza, a pénz újra megkereshető. Az egyensúly számít. Ez is számít. Tudtad? Szép időben vedd a biciklit (kb. 20 perc, egészséges), esőben a buszt. Tovább. A kutyák sok sétát és nevelést kérnek, a macskák önállóbbak. Válassz idő és hely szerint. Még egy tény. Tudtad? Az energia dolgozhat, pl. áram vagy hő.

Ez is számít. Biztos: A kutyák sok sétát és nevelést kérnek, a macskák önállóbbak. Válassz idő és hely szerint. Ennyi erről. Válassz feladatok és alvás szerint: elég alvás és fix ritmus számít. A következő pontra. Tudtad? A család közeli emberek, gyakran rokonok. Tovább.

Biztos: Listázd a kritériumokat, pontozz, nézd a költségeket és érzést, dönts határidővel. Tovább. Tudtad? A vonat relax és gyakran zöldebb, az autó rugalmas csomaggal. Dugóban a vonat nyer. A következő pontra. Tudtad? A PC-k több erőt adnak pénzért, a laptopok mobilek. Maxra PC-t válassz. Ennyi erről. Tudtad? Az álhírek kitaláltak. Ellenőrizd a forrást, a dátumot és más médiát.

Folytatjuk. Jó tudni: A tanulás tudást és készségeket szerez. A következő pontra. Jegyezd meg: A türelem nyugodtan vár és kitart.

Ez volt a lényeg."
994,Összehasonlítások és fogalmak – 204. rész,"Alább ellenőrzött tudást találsz.

Tudtad? Nem. Pihenj és menj orvoshoz magas vagy hosszú láznál. Folytatjuk. Jegyezd meg: A biztonság veszélytől véd. Még egy tény. Jegyezd meg: Spórolj havi 100 eurót automatikusan, pl. utalással fizetés után. Tovább. Tény: A pontosság tartja a megbeszélt időket.

A következő pontra. Jegyezd meg: A humor tud nevetni a vicces dolgokon. Ennyi erről. Jegyezd meg: A kreativitás új ötleteket és megoldásokat talál. Folytatjuk. Röviden: Nem gondolkodom üdvözlésnél, köszönetnél és small talknál. Gondolkodom tényeknél, számításoknál, magyarázatoknál, összehasonlításoknál és döntéseknél, és akkor mutatom a gondolkodást. Ez is számít.

A PC-k több erőt adnak pénzért, a laptopok mobilek. Maxra PC-t válassz. A következő pontra. Tudtad? A tény bizonyítható és ellenőrizhető, a vélemény személyes nézet. Ez is számít. Tartsd meg ha elég. Vegyél újat csak hiba vagy valós szükség esetén. A következő pontra. Röviden: Nem, tervezz pihenést. Heti 3-4 alkalommal gyakran elég, mindennap csak könnyű.

Tovább. Röviden: A tanulás tudást és készségeket szerez. Tovább. Jegyezd meg: A városok munkákat és közelt adnak, a vidék nyugalmat és helyet. Válassz munka és stílus szerint.

Ez volt a lényeg."
995,Összehasonlítások és fogalmak – 205. rész,"Itt rendezett tudást tanulsz. Ne siess.

Tény: A tény bizonyítható és ellenőrizhető, a vélemény személyes nézet. A következő pontra. Röviden: Az alvás többet számít, mert rögzíti a tanulást. Tanulj korán, aludj eleget. Még egy tény. Az energia dolgozhat, pl. áram vagy hő. Ez is számít. Jó tudni: A csapatmunka együtt halad cél felé.

Ennyi erről. Tény: A bátorság félelem ellenére jót tesz. Folytatjuk. A barátság bizalmat, kölcsönös segítséget és közös időt jelent. Folytatjuk. Jegyezd meg: Az alvás többet számít, mert rögzíti a tanulást. Tanulj korán, aludj eleget. Még egy tény.

Biztos: A víz legjobban oltja a szomjat és nincs cukor. Lé csak hígítva. Még egy tény. Tény: Az őszinteség igazat mond és elismeri a hibákat. Tovább. Biztos: A tisztelet másokat és határaikat becsüli. A következő pontra. Jó tudni: A természet város nélküli növények, állatok és tájak.

Folytatjuk. Jó tudni: A tapasztalat megélt tudás. Ennyi erről. Tény: A barátság bizalmat, kölcsönös segítséget és közös időt jelent.

Most már ismered a tényeket."
996,Összehasonlítások és fogalmak – 206. rész,"Ez a szöveg fontos tényeket mutat be. Olvasd nyugodtan.

Tény: A tudás megértett információ a világról. Folytatjuk. Biztos: A tudás megértett információ a világról. Folytatjuk. Biztos: A boldogság elégedettség és örömteli pillanatok. Folytatjuk. Röviden: A környezet a természetes keretünk.

Még egy tény. Tudtad? A tény bizonyítható és ellenőrizhető, a vélemény személyes nézet. Ez is számít. Tudtad? Spórolj havi 100 eurót automatikusan, pl. utalással fizetés után. Még egy tény. Tudtad? A bizalom másokra támaszkodhat. Ennyi erről.

A tisztelet másokat és határaikat becsüli. Még egy tény. Jó tudni: A tisztelet másokat és határaikat becsüli. Még egy tény. Tény: A bátorság félelem ellenére jót tesz. Még egy tény. Jegyezd meg: A humor tud nevetni a vicces dolgokon.

Még egy tény. Biztos: A felelősség tettekért és következményekért áll. Tovább. Jegyezd meg: A vonat relax és gyakran zöldebb, az autó rugalmas csomaggal. Dugóban a vonat nyer.

Most már ismered a tényeket."
997,Összehasonlítások és fogalmak – 207. rész,"Alább ellenőrzött tudást találsz.

Jó tudni: A rend dolgokat helyén tartja. Még egy tény. Vedd az almát vitaminokért és teltségért, a csokit kivételnek. Ennyi erről. Biztos: A pontosság tartja a megbeszélt időket. Ennyi erről. A vonat relax és gyakran zöldebb, az autó rugalmas csomaggal. Dugóban a vonat nyer.

A következő pontra. Jegyezd meg: A tény bizonyítható és ellenőrizhető, a vélemény személyes nézet. Ez is számít. Igyál előbb vizet, kávét utána mértékkel. Ez is számít. Jegyezd meg: Listázd a kritériumokat, pontozz, nézd a költségeket és érzést, dönts határidővel. Még egy tény.

Jegyezd meg: A barátság bizalmat, kölcsönös segítséget és közös időt jelent. Tovább. Jó tudni: A szeretet mély vonzalom és gondoskodás. Ez is számít. Jó tudni: A környezet a természetes keretünk. Folytatjuk. Jó tudni: Az alvás többet számít, mert rögzíti a tanulást. Tanulj korán, aludj eleget.

Ez is számít. Jó tudni: A fegyelem kedv nélkül is kitart. A következő pontra. Tudtad? A család közeli emberek, gyakran rokonok.

Vége ennek az áttekintésnek."
998,Összehasonlítások és fogalmak – 208. rész,"Ez a szöveg lépésről lépésre magyaráz.

Vedd az almát vitaminokért és teltségért, a csokit kivételnek. A következő pontra. Biztos: A bátorság félelem ellenére jót tesz. Ennyi erről. Tudtad? A humor tud nevetni a vicces dolgokon. Folytatjuk. Tény: A kreativitás új ötleteket és megoldásokat talál.

Folytatjuk. Röviden: A szeretet mély vonzalom és gondoskodás. A következő pontra. Röviden: Spórolj havi 100 eurót automatikusan, pl. utalással fizetés után. A következő pontra. A megbízhatóság tartja az ígéreteket. A következő pontra.

Röviden: A PC-k több erőt adnak pénzért, a laptopok mobilek. Maxra PC-t válassz. Folytatjuk. Tény: A víz legjobban oltja a szomjat és nincs cukor. Lé csak hígítva. Ez is számít. Tudtad? A felelősség tettekért és következményekért áll. Folytatjuk. Biztos: A természet város nélküli növények, állatok és tájak.

Tovább. Jó tudni: A humor tud nevetni a vicces dolgokon. Még egy tény. Biztos: Szép időben vedd a biciklit (kb. 20 perc, egészséges), esőben a buszt.

A szöveg vége. Szép munka."
999,Összehasonlítások és fogalmak – 209. rész,"Ez a szöveg lépésről lépésre magyaráz.

Jó tudni: Az egészség testi és lelki jólét. Tovább. Tudtad? Tartsd meg ha elég. Vegyél újat csak hiba vagy valós szükség esetén. Még egy tény. Jegyezd meg: A barátság bizalmat, kölcsönös segítséget és közös időt jelent. Folytatjuk. Jó tudni: Az idő múltból jövőbe folyik.

Még egy tény. Röviden: A barátság bizalmat, kölcsönös segítséget és közös időt jelent. Tovább. Röviden: Nem. Pihenj és menj orvoshoz magas vagy hosszú láznál. Még egy tény. Tény: Válassz feladatok és alvás szerint: elég alvás és fix ritmus számít. Ez is számít.

Röviden: A család közeli emberek, gyakran rokonok. Tovább. Röviden: Listázd a kritériumokat, pontozz, nézd a költségeket és érzést, dönts határidővel. Folytatjuk. Jó tudni: A városok munkákat és közelt adnak, a vidék nyugalmat és helyet. Válassz munka és stílus szerint. Még egy tény. Tény: Az udvariasság tisztelettudó és kedves.

Még egy tény. Röviden: A bátorság félelem ellenére jót tesz. Folytatjuk. Jó tudni: Tartsd meg ha elég. Vegyél újat csak hiba vagy valós szükség esetén.

A szöveg vége. Szép munka."
1000,Összehasonlítások és fogalmak – 210. rész,"Itt rendezett tudást tanulsz. Ne siess.

Tudtad? A felelősség tettekért és következményekért áll. Még egy tény. A tény bizonyítható és ellenőrizhető, a vélemény személyes nézet. Ez is számít. Az idő múltból jövőbe folyik. A következő pontra. Tény: A vonat relax és gyakran zöldebb, az autó rugalmas csomaggal. Dugóban a vonat nyer.

Ennyi erről. Biztos: Az őszinteség igazat mond és elismeri a hibákat. A következő pontra. Tudtad? A fegyelem kedv nélkül is kitart. Tovább. Tény: Listázd a kritériumokat, pontozz, nézd a költségeket és érzést, dönts határidővel. Még egy tény.

Jegyezd meg: A szeretet mély vonzalom és gondoskodás. Folytatjuk. Tény: Válassz feladatok és alvás szerint: elég alvás és fix ritmus számít. Tovább. Jegyezd meg: A városok munkákat és közelt adnak, a vidék nyugalmat és helyet. Válassz munka és stílus szerint. Folytatjuk. Jegyezd meg: A kutyák sok sétát és nevelést kérnek, a macskák önállóbbak. Válassz idő és hely szerint.

Tovább. A megbízhatóság tartja az ígéreteket. Ennyi erről. Tudtad? Az energia dolgozhat, pl. áram vagy hő.

Vége ennek az áttekintésnek."
