id,title,text
1,Milo és a nagy kaland,"Milo, kíváncsi fiú, élt egy kis faluban.

A nap melegen sütött.

Egy nap Milo felfedezni az erdőt akart.

De az út el volt zárva.

Lina néni, mindent tud jött.

Együtt sikerülni fog!

Együtt magukkal vitték egy régi távcsövet.

Útközben dalt énekeltek.

Útközben sokat nevettek.

Hirtelen hangosan zörögött valami.

Végül mindenki boldog volt.

Az igazi barátok mindig segítenek."
2,Lena és a rejtély,"Lena, szeret festeni, élt a színes piacon.

Pillangók repkedtek.

Egy nap Lena felfedezni a szigetet akart.

De esni kezdett.

Lina néni, mindent tud jött.

Ne félj, segítek.

Együtt magukkal vitték egy kis kést.

Útközben játszottak vidáman.

Útközben pihentek egy kicsit.

Hirtelen brekegett egy béka.

A kaland felejthetetlen maradt.

A türelem szerencsét hoz."
3,Finn legszebb napja,"Finn, kis álmodozó, élt az öreg kútnál.

Virágillat volt.

Egy nap Finn megtalálni a barlangot akart.

De a térkép elveszett.

Lina néni, mindent tud jött.

Én is jövök!

Együtt magukkal vitték egy meleg takarót.

Útközben beszélgettek együtt.

Útközben énekeltek együtt.

Hirtelen ugatott egy kutya.

Mindenki elégedetten ment haza.

A kíváncsiság csodákhoz vezet."
4,Pippa és a kincs,"Pippa, bátor kisegér, élt a játszótéren.

Egy patak csobogott halkan.

Egy nap Pippa látni a magas hegyet akart.

De besötétedett.

Lina néni, mindent tud jött.

Jó, hogy itt vagyok.

Együtt magukkal vitték egy színes térképet.

Útközben játszottak egy kicsit.

Útközben táncoltak vidáman.

Hirtelen leesett egy levél.

Így tökéletes volt a nap.

A nevetés mindig segít."
5,Nora és a rejtély,"Nora, sokat kérdez, élt a kék folyónál.

Kék volt az ég.

Egy nap Nora megkeresni a kincset akart.

De a folyó túl mély volt.

Lina néni, mindent tud jött.

Együtt sikerülni fog!

Együtt magukkal vitték egy régi érmét.

Útközben beszélgettek vidáman.

Útközben játszottak hangosan.

Hirtelen zümmögött egy méh.

Mindenki tapsolt örömében.

Aki mer, nyer."
6,Theo és a terv,"Theo, vidám fiú, élt a zöld réten.

A madarak vidáman énekeltek.

Egy nap Theo átkelni a tavon akart.

De egy fa feküdt keresztben.

Lina néni, mindent tud jött.

Ne félj, segítek.

Együtt magukkal vitték egy zöld kötelet.

Útközben játszottak a pataknál.

Útközben beszélgettek együtt.

Hirtelen kopogtak.

Így a félelemből bátorság lett.

A bátorságot jutalmazzák."
7,Ema és az utazás,"Ema, bátor lány, élt a nagy tölgynél.

Friss fű illata volt.

Egy nap Ema megtalálni a tengert akart.

De erős volt a szél.

Lina néni, mindent tud jött.

Én is jövök!

Együtt magukkal vitték egy kis lámpást.

Útközben beszélgettek egy kicsit.

Útközben pihentek körben.

Hirtelen egy pillangó táncolt el.

Mindenki nevetett és hazament.

Megosztani öröm."
8,Péter és a lelet,"Péter, szeret építeni, élt a zöld parkban.

Minden csendes és békés volt.

Egy nap Péter látni a csillagos eget akart.

De köd volt.

Borz bácsi, a kertész jött.

Jó, hogy itt vagyok.

Együtt magukkal vitték egy kék üveget.

Útközben játszottak körben.

Útközben énekeltek egy kicsit.

Hirtelen szél támadt.

Így jól végződött a kaland.

Együtt minden könnyebb."
9,Mia és a felfedezés,"Mia, kis énekesnő, élt az öreg erdőben.

A nap melegen sütött.

Egy nap Mia megmászni a tornyot akart.

De a híd el volt törve.

Borz bácsi, a kertész jött.

Együtt sikerülni fog!

Együtt magukkal vitték egy sárga táskát.

Útközben beszélgettek a pataknál.

Útközben táncoltak a pataknál.

Hirtelen lehullt egy hullócsillag.

Végül mindenki boldog volt.

Az igazi barátok mindig segítenek."
10,Leó és a kirándulás,"Leó, szereti az állatokat, élt a sárga mezőn.

Pillangók repkedtek.

Egy nap Leó megnézni a régi várat akart.

De egy kutya hangosan ugatott.

Borz bácsi, a kertész jött.

Ne félj, segítek.

Együtt magukkal vitték egy piros kötelet.

Útközben játszottak hangosan.

Útközben nevettek vidáman.

Hirtelen valaki nevetett.

A kaland felejthetetlen maradt.

A türelem szerencsét hoz."
11,Anna és a verseny,"Anna, gyorsan gondolkodik, élt egy kis faluban.

Virágillat volt.

Egy nap Anna felfedezni az erdőt akart.

De az út el volt zárva.

Borz bácsi, a kertész jött.

Én is jövök!

Együtt magukkal vitték egy régi távcsövet.

Útközben beszélgettek körben.

Útközben beszélgettek egy kicsit.

Hirtelen hangosan zörögött valami.

Mindenki elégedetten ment haza.

A kíváncsiság csodákhoz vezet."
12,Max és a rejtvény,"Max, vidám fiú, élt a színes piacon.

Egy patak csobogott halkan.

Egy nap Max felfedezni a szigetet akart.

De esni kezdett.

Borz bácsi, a kertész jött.

Jó, hogy itt vagyok.

Együtt magukkal vitték egy kis kést.

Útközben nevettek együtt.

Útközben játszottak együtt.

Hirtelen brekegett egy béka.

Így tökéletes volt a nap.

A nevetés mindig segít."
13,Milo és a meglepetés,"Milo, kíváncsi fiú, élt az öreg kútnál.

Kék volt az ég.

Egy nap Milo megtalálni a barlangot akart.

De a térkép elveszett.

Borz bácsi, a kertész jött.

Együtt sikerülni fog!

Együtt magukkal vitték egy meleg takarót.

Útközben beszélgettek hangosan.

Útközben énekeltek körben.

Hirtelen ugatott egy kutya.

Mindenki tapsolt örömében.

Aki mer, nyer."
14,Lena és a nagy kaland,"Lena, szeret festeni, élt a játszótéren.

A madarak vidáman énekeltek.

Egy nap Lena látni a magas hegyet akart.

De besötétedett.

Borz bácsi, a kertész jött.

Ne félj, segítek.

Együtt magukkal vitték egy színes térképet.

Útközben nevettek vidáman.

Útközben táncoltak hangosan.

Hirtelen leesett egy levél.

Így a félelemből bátorság lett.

A bátorságot jutalmazzák."
15,Finn és a rejtély,"Finn, kis álmodozó, élt a kék folyónál.

Friss fű illata volt.

Egy nap Finn megkeresni a kincset akart.

De a folyó túl mély volt.

Mira néni, a vicces szomszéd jött.

Én is jövök!

Együtt magukkal vitték egy régi érmét.

Útközben táncoltak együtt.

Útközben nevettek a pataknál.

Hirtelen zümmögött egy méh.

Mindenki nevetett és hazament.

Megosztani öröm."
16,Pippa legszebb napja,"Pippa, bátor kisegér, élt a zöld réten.

Minden csendes és békés volt.

Egy nap Pippa átkelni a tavon akart.

De egy fa feküdt keresztben.

Mira néni, a vicces szomszéd jött.

Jó, hogy itt vagyok.

Együtt magukkal vitték egy zöld kötelet.

Útközben nevettek egy kicsit.

Útközben beszélgettek körben.

Hirtelen kopogtak.

Így jól végződött a kaland.

Együtt minden könnyebb."
17,Nora és a kincs,"Nora, sokat kérdez, élt a nagy tölgynél.

A nap melegen sütött.

Egy nap Nora megtalálni a tengert akart.

De erős volt a szél.

Mira néni, a vicces szomszéd jött.

Együtt sikerülni fog!

Együtt magukkal vitték egy kis lámpást.

Útközben táncoltak vidáman.

Útközben játszottak egy kicsit.

Hirtelen egy pillangó táncolt el.

Végül mindenki boldog volt.

Az igazi barátok mindig segítenek."
18,Theo és a rejtély,"Theo, vidám fiú, élt a zöld parkban.

Pillangók repkedtek.

Egy nap Theo látni a csillagos eget akart.

De köd volt.

Mira néni, a vicces szomszéd jött.

Ne félj, segítek.

Együtt magukkal vitték egy kék üveget.

Útközben nevettek a pataknál.

Útközben meséket mondtak.

Hirtelen szél támadt.

A kaland felejthetetlen maradt.

A türelem szerencsét hoz."
19,Ema és a terv,"Ema, bátor lány, élt az öreg erdőben.

Virágillat volt.

Egy nap Ema megmászni a tornyot akart.

De a híd el volt törve.

Mira néni, a vicces szomszéd jött.

Én is jövök!

Együtt magukkal vitték egy sárga táskát.

Útközben táncoltak egy kicsit.

Útközben pihentek vidáman.

Hirtelen lehullt egy hullócsillag.

Mindenki elégedetten ment haza.

A kíváncsiság csodákhoz vezet."
20,Péter és az utazás,"Péter, szeret építeni, élt a sárga mezőn.

Egy patak csobogott halkan.

Egy nap Péter megnézni a régi várat akart.

De egy kutya hangosan ugatott.

Mira néni, a vicces szomszéd jött.

Jó, hogy itt vagyok.

Együtt magukkal vitték egy piros kötelet.

Útközben nevettek körben.

Útközben nevettek hangosan.

Hirtelen valaki nevetett.

Így tökéletes volt a nap.

A nevetés mindig segít."
21,Mia és a lelet,"Mia, kis énekesnő, élt egy kis faluban.

Kék volt az ég.

Egy nap Mia felfedezni az erdőt akart.

De az út el volt zárva.

Mira néni, a vicces szomszéd jött.

Együtt sikerülni fog!

Együtt magukkal vitték egy régi távcsövet.

Útközben táncoltak a pataknál.

Útközben táncoltak együtt.

Hirtelen hangosan zörögött valami.

Mindenki tapsolt örömében.

Aki mer, nyer."
22,Leó és a felfedezés,"Leó, szereti az állatokat, élt a színes piacon.

A madarak vidáman énekeltek.

Egy nap Leó felfedezni a szigetet akart.

De esni kezdett.

Karcsi bácsi, mindent megjavít jött.

Ne félj, segítek.

Együtt magukkal vitték egy kis kést.

Útközben nevettek hangosan.

Útközben játszottak körben.

Hirtelen brekegett egy béka.

Így a félelemből bátorság lett.

A bátorságot jutalmazzák."
23,Anna és a kirándulás,"Anna, gyorsan gondolkodik, élt az öreg kútnál.

Friss fű illata volt.

Egy nap Anna megtalálni a barlangot akart.

De a térkép elveszett.

Karcsi bácsi, mindent megjavít jött.

Én is jövök!

Együtt magukkal vitték egy meleg takarót.

Útközben táncoltak körben.

Útközben dalt énekeltek.

Hirtelen ugatott egy kutya.

Mindenki nevetett és hazament.

Megosztani öröm."
24,Max és a verseny,"Max, vidám fiú, élt a játszótéren.

Minden csendes és békés volt.

Egy nap Max látni a magas hegyet akart.

De besötétedett.

Karcsi bácsi, mindent megjavít jött.

Jó, hogy itt vagyok.

Együtt magukkal vitték egy színes térképet.

Útközben énekeltek együtt.

Útközben pihentek a pataknál.

Hirtelen leesett egy levél.

Így jól végződött a kaland.

Együtt minden könnyebb."
25,Milo és a rejtvény,"Milo, kíváncsi fiú, élt a kék folyónál.

A nap melegen sütött.

Egy nap Milo megkeresni a kincset akart.

De a folyó túl mély volt.

Karcsi bácsi, mindent megjavít jött.

Együtt sikerülni fog!

Együtt magukkal vitték egy régi érmét.

Útközben táncoltak hangosan.

Útközben énekeltek vidáman.

Hirtelen zümmögött egy méh.

Végül mindenki boldog volt.

Az igazi barátok mindig segítenek."
26,Lena és a meglepetés,"Lena, szeret festeni, élt a zöld réten.

Pillangók repkedtek.

Egy nap Lena átkelni a tavon akart.

De egy fa feküdt keresztben.

Karcsi bácsi, mindent megjavít jött.

Ne félj, segítek.

Együtt magukkal vitték egy zöld kötelet.

Útközben énekeltek vidáman.

Útközben táncoltak egy kicsit.

Hirtelen kopogtak.

A kaland felejthetetlen maradt.

A türelem szerencsét hoz."
27,Finn és a nagy kaland,"Finn, kis álmodozó, élt a nagy tölgynél.

Virágillat volt.

Egy nap Finn megtalálni a tengert akart.

De erős volt a szél.

Karcsi bácsi, mindent megjavít jött.

Én is jövök!

Együtt magukkal vitték egy kis lámpást.

Útközben pihentek együtt.

Útközben nevettek együtt.

Hirtelen egy pillangó táncolt el.

Mindenki elégedetten ment haza.

A kíváncsiság csodákhoz vezet."
28,Pippa és a rejtély,"Pippa, bátor kisegér, élt a zöld parkban.

Egy patak csobogott halkan.

Egy nap Pippa látni a csillagos eget akart.

De köd volt.

Karcsi bácsi, mindent megjavít jött.

Jó, hogy itt vagyok.

Együtt magukkal vitték egy kék üveget.

Útközben énekeltek egy kicsit.

Útközben beszélgettek vidáman.

Hirtelen szél támadt.

Így tökéletes volt a nap.

A nevetés mindig segít."
29,Nora legszebb napja,"Nora, sokat kérdez, élt az öreg erdőben.

Kék volt az ég.

Egy nap Nora megmászni a tornyot akart.

De a híd el volt törve.

A pék jött.

Együtt sikerülni fog!

Együtt magukkal vitték egy sárga táskát.

Útközben pihentek vidáman.

Útközben pihentek hangosan.

Hirtelen lehullt egy hullócsillag.

Mindenki tapsolt örömében.

Aki mer, nyer."
30,Theo és a kincs,"Theo, vidám fiú, élt a sárga mezőn.

A madarak vidáman énekeltek.

Egy nap Theo megnézni a régi várat akart.

De egy kutya hangosan ugatott.

A pék jött.

Ne félj, segítek.

Együtt magukkal vitték egy piros kötelet.

Útközben énekeltek a pataknál.

Útközben énekeltek egy kicsit.

Hirtelen valaki nevetett.

Így a félelemből bátorság lett.

A bátorságot jutalmazzák."
31,Ema és a rejtély,"Ema, bátor lány, élt egy kis faluban.

Friss fű illata volt.

Egy nap Ema felfedezni az erdőt akart.

De az út el volt zárva.

A pék jött.

Én is jövök!

Együtt magukkal vitték egy régi távcsövet.

Útközben pihentek egy kicsit.

Útközben táncoltak körben.

Hirtelen hangosan zörögött valami.

Mindenki nevetett és hazament.

Megosztani öröm."
32,Péter és a terv,"Péter, szeret építeni, élt a színes piacon.

Minden csendes és békés volt.

Egy nap Péter felfedezni a szigetet akart.

De esni kezdett.

A pék jött.

Jó, hogy itt vagyok.

Együtt magukkal vitték egy kis kést.

Útközben énekeltek körben.

Útközben nevettek egy kicsit.

Hirtelen brekegett egy béka.

Így jól végződött a kaland.

Együtt minden könnyebb."
33,Mia és az utazás,"Mia, kis énekesnő, élt az öreg kútnál.

A nap melegen sütött.

Egy nap Mia megtalálni a barlangot akart.

De a térkép elveszett.

A pék jött.

Együtt sikerülni fog!

Együtt magukkal vitték egy meleg takarót.

Útközben pihentek a pataknál.

Útközben beszélgettek a pataknál.

Hirtelen ugatott egy kutya.

Végül mindenki boldog volt.

Az igazi barátok mindig segítenek."
34,Leó és a lelet,"Leó, szereti az állatokat, élt a játszótéren.

Pillangók repkedtek.

Egy nap Leó látni a magas hegyet akart.

De besötétedett.

A pék jött.

Ne félj, segítek.

Együtt magukkal vitték egy színes térképet.

Útközben énekeltek hangosan.

Útközben játszottak vidáman.

Hirtelen leesett egy levél.

A kaland felejthetetlen maradt.

A türelem szerencsét hoz."
35,Anna és a felfedezés,"Anna, gyorsan gondolkodik, élt a kék folyónál.

Virágillat volt.

Egy nap Anna megkeresni a kincset akart.

De a folyó túl mély volt.

A pék jött.

Én is jövök!

Együtt magukkal vitték egy régi érmét.

Útközben pihentek körben.

Útközben énekeltek hangosan.

Hirtelen zümmögött egy méh.

Mindenki elégedetten ment haza.

A kíváncsiság csodákhoz vezet."
36,Max és a kirándulás,"Max, vidám fiú, élt a zöld réten.

Egy patak csobogott halkan.

Egy nap Max átkelni a tavon akart.

De egy fa feküdt keresztben.

A postás jött.

Jó, hogy itt vagyok.

Együtt magukkal vitték egy zöld kötelet.

Útközben meséket mondtak.

Útközben pihentek együtt.

Hirtelen kopogtak.

Így tökéletes volt a nap.

A nevetés mindig segít."
37,Milo és a verseny,"Milo, kíváncsi fiú, élt a nagy tölgynél.

Kék volt az ég.

Egy nap Milo megtalálni a tengert akart.

De erős volt a szél.

A postás jött.

Együtt sikerülni fog!

Együtt magukkal vitték egy kis lámpást.

Útközben pihentek hangosan.

Útközben nevettek körben.

Hirtelen egy pillangó táncolt el.

Mindenki tapsolt örömében.

Aki mer, nyer."
38,Lena és a rejtvény,"Lena, szeret festeni, élt a zöld parkban.

A madarak vidáman énekeltek.

Egy nap Lena látni a csillagos eget akart.

De köd volt.

A postás jött.

Ne félj, segítek.

Együtt magukkal vitték egy kék üveget.

Útközben sokat nevettek.

Útközben beszélgettek hangosan.

Hirtelen szél támadt.

Így a félelemből bátorság lett.

A bátorságot jutalmazzák."
39,Finn és a meglepetés,"Finn, kis álmodozó, élt az öreg erdőben.

Friss fű illata volt.

Egy nap Finn megmászni a tornyot akart.

De a híd el volt törve.

A postás jött.

Én is jövök!

Együtt magukkal vitték egy sárga táskát.

Útközben játszottak együtt.

Útközben játszottak a pataknál.

Hirtelen lehullt egy hullócsillag.

Mindenki nevetett és hazament.

Megosztani öröm."
40,Pippa és a nagy kaland,"Pippa, bátor kisegér, élt a sárga mezőn.

Minden csendes és békés volt.

Egy nap Pippa megnézni a régi várat akart.

De egy kutya hangosan ugatott.

A postás jött.

Jó, hogy itt vagyok.

Együtt magukkal vitték egy piros kötelet.

Útközben dalt énekeltek.

Útközben sokat nevettek.

Hirtelen valaki nevetett.

Így jól végződött a kaland.

Együtt minden könnyebb."
41,Nora és a rejtély,"Nora, sokat kérdez, élt egy kis faluban.

A nap melegen sütött.

Egy nap Nora felfedezni az erdőt akart.

De az út el volt zárva.

A postás jött.

Együtt sikerülni fog!

Együtt magukkal vitték egy régi távcsövet.

Útközben játszottak vidáman.

Útközben pihentek egy kicsit.

Hirtelen hangosan zörögött valami.

Végül mindenki boldog volt.

Az igazi barátok mindig segítenek."
42,Theo legszebb napja,"Theo, vidám fiú, élt a színes piacon.

Pillangók repkedtek.

Egy nap Theo felfedezni a szigetet akart.

De esni kezdett.

A postás jött.

Ne félj, segítek.

Együtt magukkal vitték egy kis kést.

Útközben beszélgettek együtt.

Útközben énekeltek együtt.

Hirtelen brekegett egy béka.

A kaland felejthetetlen maradt.

A türelem szerencsét hoz."
43,Ema és a kincs,"Ema, bátor lány, élt az öreg kútnál.

Virágillat volt.

Egy nap Ema megtalálni a barlangot akart.

De a térkép elveszett.

Lina néni, mindent tud jött.

Én is jövök!

Együtt magukkal vitték egy meleg takarót.

Útközben játszottak egy kicsit.

Útközben táncoltak vidáman.

Hirtelen ugatott egy kutya.

Mindenki elégedetten ment haza.

A kíváncsiság csodákhoz vezet."
44,Péter és a rejtély,"Péter, szeret építeni, élt a játszótéren.

Egy patak csobogott halkan.

Egy nap Péter látni a magas hegyet akart.

De besötétedett.

Lina néni, mindent tud jött.

Jó, hogy itt vagyok.

Együtt magukkal vitték egy színes térképet.

Útközben beszélgettek vidáman.

Útközben játszottak hangosan.

Hirtelen leesett egy levél.

Így tökéletes volt a nap.

A nevetés mindig segít."
45,Mia és a terv,"Mia, kis énekesnő, élt a kék folyónál.

Kék volt az ég.

Egy nap Mia megkeresni a kincset akart.

De a folyó túl mély volt.

Lina néni, mindent tud jött.

Együtt sikerülni fog!

Együtt magukkal vitték egy régi érmét.

Útközben játszottak a pataknál.

Útközben beszélgettek együtt.

Hirtelen zümmögött egy méh.

Mindenki tapsolt örömében.

Aki mer, nyer."
46,Leó és az utazás,"Leó, szereti az állatokat, élt a zöld réten.

A madarak vidáman énekeltek.

Egy nap Leó átkelni a tavon akart.

De egy fa feküdt keresztben.

Lina néni, mindent tud jött.

Ne félj, segítek.

Együtt magukkal vitték egy zöld kötelet.

Útközben beszélgettek egy kicsit.

Útközben pihentek körben.

Hirtelen kopogtak.

Így a félelemből bátorság lett.

A bátorságot jutalmazzák."
47,Anna és a lelet,"Anna, gyorsan gondolkodik, élt a nagy tölgynél.

Friss fű illata volt.

Egy nap Anna megtalálni a tengert akart.

De erős volt a szél.

Lina néni, mindent tud jött.

Én is jövök!

Együtt magukkal vitték egy kis lámpást.

Útközben játszottak körben.

Útközben énekeltek egy kicsit.

Hirtelen egy pillangó táncolt el.

Mindenki nevetett és hazament.

Megosztani öröm."
48,Max és a felfedezés,"Max, vidám fiú, élt a zöld parkban.

Minden csendes és békés volt.

Egy nap Max látni a csillagos eget akart.

De köd volt.

Lina néni, mindent tud jött.

Jó, hogy itt vagyok.

Együtt magukkal vitték egy kék üveget.

Útközben beszélgettek a pataknál.

Útközben táncoltak a pataknál.

Hirtelen szél támadt.

Így jól végződött a kaland.

Együtt minden könnyebb."
49,Milo és a kirándulás,"Milo, kíváncsi fiú, élt az öreg erdőben.

A nap melegen sütött.

Egy nap Milo megmászni a tornyot akart.

De a híd el volt törve.

Lina néni, mindent tud jött.

Együtt sikerülni fog!

Együtt magukkal vitték egy sárga táskát.

Útközben játszottak hangosan.

Útközben nevettek vidáman.

Hirtelen lehullt egy hullócsillag.

Végül mindenki boldog volt.

Az igazi barátok mindig segítenek."
50,Lena és a verseny,"Lena, szeret festeni, élt a sárga mezőn.

Pillangók repkedtek.

Egy nap Lena megnézni a régi várat akart.

De egy kutya hangosan ugatott.

Borz bácsi, a kertész jött.

Ne félj, segítek.

Együtt magukkal vitték egy piros kötelet.

Útközben beszélgettek körben.

Útközben beszélgettek egy kicsit.

Hirtelen valaki nevetett.

A kaland felejthetetlen maradt.

A türelem szerencsét hoz."
51,Finn és a rejtvény,"Finn, kis álmodozó, élt egy kis faluban.

Virágillat volt.

Egy nap Finn felfedezni az erdőt akart.

De az út el volt zárva.

Borz bácsi, a kertész jött.

Én is jövök!

Együtt magukkal vitték egy régi távcsövet.

Útközben nevettek együtt.

Útközben játszottak együtt.

Hirtelen hangosan zörögött valami.

Mindenki elégedetten ment haza.

A kíváncsiság csodákhoz vezet."
52,Pippa és a meglepetés,"Pippa, bátor kisegér, élt a színes piacon.

Egy patak csobogott halkan.

Egy nap Pippa felfedezni a szigetet akart.

De esni kezdett.

Borz bácsi, a kertész jött.

Jó, hogy itt vagyok.

Együtt magukkal vitték egy kis kést.

Útközben beszélgettek hangosan.

Útközben énekeltek körben.

Hirtelen brekegett egy béka.

Így tökéletes volt a nap.

A nevetés mindig segít."
53,Nora és a nagy kaland,"Nora, sokat kérdez, élt az öreg kútnál.

Kék volt az ég.

Egy nap Nora megtalálni a barlangot akart.

De a térkép elveszett.

Borz bácsi, a kertész jött.

Együtt sikerülni fog!

Együtt magukkal vitték egy meleg takarót.

Útközben nevettek vidáman.

Útközben táncoltak hangosan.

Hirtelen ugatott egy kutya.

Mindenki tapsolt örömében.

Aki mer, nyer."
54,Theo és a rejtély,"Theo, vidám fiú, élt a játszótéren.

A madarak vidáman énekeltek.

Egy nap Theo látni a magas hegyet akart.

De besötétedett.

Borz bácsi, a kertész jött.

Ne félj, segítek.

Együtt magukkal vitték egy színes térképet.

Útközben táncoltak együtt.

Útközben nevettek a pataknál.

Hirtelen leesett egy levél.

Így a félelemből bátorság lett.

A bátorságot jutalmazzák."
55,Ema legszebb napja,"Ema, bátor lány, élt a kék folyónál.

Friss fű illata volt.

Egy nap Ema megkeresni a kincset akart.

De a folyó túl mély volt.

Borz bácsi, a kertész jött.

Én is jövök!

Együtt magukkal vitték egy régi érmét.

Útközben nevettek egy kicsit.

Útközben beszélgettek körben.

Hirtelen zümmögött egy méh.

Mindenki nevetett és hazament.

Megosztani öröm."
56,Péter és a kincs,"Péter, szeret építeni, élt a zöld réten.

Minden csendes és békés volt.

Egy nap Péter átkelni a tavon akart.

De egy fa feküdt keresztben.

Borz bácsi, a kertész jött.

Jó, hogy itt vagyok.

Együtt magukkal vitték egy zöld kötelet.

Útközben táncoltak vidáman.

Útközben játszottak egy kicsit.

Hirtelen kopogtak.

Így jól végződött a kaland.

Együtt minden könnyebb."
57,Mia és a rejtély,"Mia, kis énekesnő, élt a nagy tölgynél.

A nap melegen sütött.

Egy nap Mia megtalálni a tengert akart.

De erős volt a szél.

Mira néni, a vicces szomszéd jött.

Együtt sikerülni fog!

Együtt magukkal vitték egy kis lámpást.

Útközben nevettek a pataknál.

Útközben meséket mondtak.

Hirtelen egy pillangó táncolt el.

Végül mindenki boldog volt.

Az igazi barátok mindig segítenek."
58,Leó és a terv,"Leó, szereti az állatokat, élt a zöld parkban.

Pillangók repkedtek.

Egy nap Leó látni a csillagos eget akart.

De köd volt.

Mira néni, a vicces szomszéd jött.

Ne félj, segítek.

Együtt magukkal vitték egy kék üveget.

Útközben táncoltak egy kicsit.

Útközben pihentek vidáman.

Hirtelen szél támadt.

A kaland felejthetetlen maradt.

A türelem szerencsét hoz."
59,Anna és az utazás,"Anna, gyorsan gondolkodik, élt az öreg erdőben.

Virágillat volt.

Egy nap Anna megmászni a tornyot akart.

De a híd el volt törve.

Mira néni, a vicces szomszéd jött.

Én is jövök!

Együtt magukkal vitték egy sárga táskát.

Útközben nevettek körben.

Útközben nevettek hangosan.

Hirtelen lehullt egy hullócsillag.

Mindenki elégedetten ment haza.

A kíváncsiság csodákhoz vezet."
60,Max és a lelet,"Max, vidám fiú, élt a sárga mezőn.

Egy patak csobogott halkan.

Egy nap Max megnézni a régi várat akart.

De egy kutya hangosan ugatott.

Mira néni, a vicces szomszéd jött.

Jó, hogy itt vagyok.

Együtt magukkal vitték egy piros kötelet.

Útközben táncoltak a pataknál.

Útközben táncoltak együtt.

Hirtelen valaki nevetett.

Így tökéletes volt a nap.

A nevetés mindig segít."
61,Milo és a felfedezés,"Milo, kíváncsi fiú, élt egy kis faluban.

Kék volt az ég.

Egy nap Milo felfedezni az erdőt akart.

De az út el volt zárva.

Mira néni, a vicces szomszéd jött.

Együtt sikerülni fog!

Együtt magukkal vitték egy régi távcsövet.

Útközben nevettek hangosan.

Útközben játszottak körben.

Hirtelen hangosan zörögött valami.

Mindenki tapsolt örömében.

Aki mer, nyer."
62,Lena és a kirándulás,"Lena, szeret festeni, élt a színes piacon.

A madarak vidáman énekeltek.

Egy nap Lena felfedezni a szigetet akart.

De esni kezdett.

Mira néni, a vicces szomszéd jött.

Ne félj, segítek.

Együtt magukkal vitték egy kis kést.

Útközben táncoltak körben.

Útközben dalt énekeltek.

Hirtelen brekegett egy béka.

Így a félelemből bátorság lett.

A bátorságot jutalmazzák."
63,Finn és a verseny,"Finn, kis álmodozó, élt az öreg kútnál.

Friss fű illata volt.

Egy nap Finn megtalálni a barlangot akart.

De a térkép elveszett.

Mira néni, a vicces szomszéd jött.

Én is jövök!

Együtt magukkal vitték egy meleg takarót.

Útközben énekeltek együtt.

Útközben pihentek a pataknál.

Hirtelen ugatott egy kutya.

Mindenki nevetett és hazament.

Megosztani öröm."
64,Pippa és a rejtvény,"Pippa, bátor kisegér, élt a játszótéren.

Minden csendes és békés volt.

Egy nap Pippa látni a magas hegyet akart.

De besötétedett.

Karcsi bácsi, mindent megjavít jött.

Jó, hogy itt vagyok.

Együtt magukkal vitték egy színes térképet.

Útközben táncoltak hangosan.

Útközben énekeltek vidáman.

Hirtelen leesett egy levél.

Így jól végződött a kaland.

Együtt minden könnyebb."
65,Nora és a meglepetés,"Nora, sokat kérdez, élt a kék folyónál.

A nap melegen sütött.

Egy nap Nora megkeresni a kincset akart.

De a folyó túl mély volt.

Karcsi bácsi, mindent megjavít jött.

Együtt sikerülni fog!

Együtt magukkal vitték egy régi érmét.

Útközben énekeltek vidáman.

Útközben táncoltak egy kicsit.

Hirtelen zümmögött egy méh.

Végül mindenki boldog volt.

Az igazi barátok mindig segítenek."
66,Theo és a nagy kaland,"Theo, vidám fiú, élt a zöld réten.

Pillangók repkedtek.

Egy nap Theo átkelni a tavon akart.

De egy fa feküdt keresztben.

Karcsi bácsi, mindent megjavít jött.

Ne félj, segítek.

Együtt magukkal vitték egy zöld kötelet.

Útközben pihentek együtt.

Útközben nevettek együtt.

Hirtelen kopogtak.

A kaland felejthetetlen maradt.

A türelem szerencsét hoz."
67,Ema és a rejtély,"Ema, bátor lány, élt a nagy tölgynél.

Virágillat volt.

Egy nap Ema megtalálni a tengert akart.

De erős volt a szél.

Karcsi bácsi, mindent megjavít jött.

Én is jövök!

Együtt magukkal vitték egy kis lámpást.

Útközben énekeltek egy kicsit.

Útközben beszélgettek vidáman.

Hirtelen egy pillangó táncolt el.

Mindenki elégedetten ment haza.

A kíváncsiság csodákhoz vezet."
68,Péter legszebb napja,"Péter, szeret építeni, élt a zöld parkban.

Egy patak csobogott halkan.

Egy nap Péter látni a csillagos eget akart.

De köd volt.

Karcsi bácsi, mindent megjavít jött.

Jó, hogy itt vagyok.

Együtt magukkal vitték egy kék üveget.

Útközben pihentek vidáman.

Útközben pihentek hangosan.

Hirtelen szél támadt.

Így tökéletes volt a nap.

A nevetés mindig segít."
69,Mia és a kincs,"Mia, kis énekesnő, élt az öreg erdőben.

Kék volt az ég.

Egy nap Mia megmászni a tornyot akart.

De a híd el volt törve.

Karcsi bácsi, mindent megjavít jött.

Együtt sikerülni fog!

Együtt magukkal vitték egy sárga táskát.

Útközben énekeltek a pataknál.

Útközben énekeltek egy kicsit.

Hirtelen lehullt egy hullócsillag.

Mindenki tapsolt örömében.

Aki mer, nyer."
70,Leó és a rejtély,"Leó, szereti az állatokat, élt a sárga mezőn.

A madarak vidáman énekeltek.

Egy nap Leó megnézni a régi várat akart.

De egy kutya hangosan ugatott.

Karcsi bácsi, mindent megjavít jött.

Ne félj, segítek.

Együtt magukkal vitték egy piros kötelet.

Útközben pihentek egy kicsit.

Útközben táncoltak körben.

Hirtelen valaki nevetett.

Így a félelemből bátorság lett.

A bátorságot jutalmazzák."
71,Anna és a terv,"Anna, gyorsan gondolkodik, élt egy kis faluban.

Friss fű illata volt.

Egy nap Anna felfedezni az erdőt akart.

De az út el volt zárva.

A pék jött.

Én is jövök!

Együtt magukkal vitték egy régi távcsövet.

Útközben énekeltek körben.

Útközben nevettek egy kicsit.

Hirtelen hangosan zörögött valami.

Mindenki nevetett és hazament.

Megosztani öröm."
72,Max és az utazás,"Max, vidám fiú, élt a színes piacon.

Minden csendes és békés volt.

Egy nap Max felfedezni a szigetet akart.

De esni kezdett.

A pék jött.

Jó, hogy itt vagyok.

Együtt magukkal vitték egy kis kést.

Útközben pihentek a pataknál.

Útközben beszélgettek a pataknál.

Hirtelen brekegett egy béka.

Így jól végződött a kaland.

Együtt minden könnyebb."
73,Milo és a lelet,"Milo, kíváncsi fiú, élt az öreg kútnál.

A nap melegen sütött.

Egy nap Milo megtalálni a barlangot akart.

De a térkép elveszett.

A pék jött.

Együtt sikerülni fog!

Együtt magukkal vitték egy meleg takarót.

Útközben énekeltek hangosan.

Útközben játszottak vidáman.

Hirtelen ugatott egy kutya.

Végül mindenki boldog volt.

Az igazi barátok mindig segítenek."
74,Lena és a felfedezés,"Lena, szeret festeni, élt a játszótéren.

Pillangók repkedtek.

Egy nap Lena látni a magas hegyet akart.

De besötétedett.

A pék jött.

Ne félj, segítek.

Együtt magukkal vitték egy színes térképet.

Útközben pihentek körben.

Útközben énekeltek hangosan.

Hirtelen leesett egy levél.

A kaland felejthetetlen maradt.

A türelem szerencsét hoz."
75,Finn és a kirándulás,"Finn, kis álmodozó, élt a kék folyónál.

Virágillat volt.

Egy nap Finn megkeresni a kincset akart.

De a folyó túl mély volt.

A pék jött.

Én is jövök!

Együtt magukkal vitték egy régi érmét.

Útközben meséket mondtak.

Útközben pihentek együtt.

Hirtelen zümmögött egy méh.

Mindenki elégedetten ment haza.

A kíváncsiság csodákhoz vezet."
76,Pippa és a verseny,"Pippa, bátor kisegér, élt a zöld réten.

Egy patak csobogott halkan.

Egy nap Pippa átkelni a tavon akart.

De egy fa feküdt keresztben.

A pék jött.

Jó, hogy itt vagyok.

Együtt magukkal vitték egy zöld kötelet.

Útközben pihentek hangosan.

Útközben nevettek körben.

Hirtelen kopogtak.

Így tökéletes volt a nap.

A nevetés mindig segít."
77,Nora és a rejtvény,"Nora, sokat kérdez, élt a nagy tölgynél.

Kék volt az ég.

Egy nap Nora megtalálni a tengert akart.

De erős volt a szél.

A pék jött.

Együtt sikerülni fog!

Együtt magukkal vitték egy kis lámpást.

Útközben sokat nevettek.

Útközben beszélgettek hangosan.

Hirtelen egy pillangó táncolt el.

Mindenki tapsolt örömében.

Aki mer, nyer."
78,Theo és a meglepetés,"Theo, vidám fiú, élt a zöld parkban.

A madarak vidáman énekeltek.

Egy nap Theo látni a csillagos eget akart.

De köd volt.

A postás jött.

Ne félj, segítek.

Együtt magukkal vitték egy kék üveget.

Útközben játszottak együtt.

Útközben játszottak a pataknál.

Hirtelen szél támadt.

Így a félelemből bátorság lett.

A bátorságot jutalmazzák."
79,Ema és a nagy kaland,"Ema, bátor lány, élt az öreg erdőben.

Friss fű illata volt.

Egy nap Ema megmászni a tornyot akart.

De a híd el volt törve.

A postás jött.

Én is jövök!

Együtt magukkal vitték egy sárga táskát.

Útközben dalt énekeltek.

Útközben sokat nevettek.

Hirtelen lehullt egy hullócsillag.

Mindenki nevetett és hazament.

Megosztani öröm."
80,Péter és a rejtély,"Péter, szeret építeni, élt a sárga mezőn.

Minden csendes és békés volt.

Egy nap Péter megnézni a régi várat akart.

De egy kutya hangosan ugatott.

A postás jött.

Jó, hogy itt vagyok.

Együtt magukkal vitték egy piros kötelet.

Útközben játszottak vidáman.

Útközben pihentek egy kicsit.

Hirtelen valaki nevetett.

Így jól végződött a kaland.

Együtt minden könnyebb."
81,Mia legszebb napja,"Mia, kis énekesnő, élt egy kis faluban.

A nap melegen sütött.

Egy nap Mia felfedezni az erdőt akart.

De az út el volt zárva.

A postás jött.

Együtt sikerülni fog!

Együtt magukkal vitték egy régi távcsövet.

Útközben beszélgettek együtt.

Útközben énekeltek együtt.

Hirtelen hangosan zörögött valami.

Végül mindenki boldog volt.

Az igazi barátok mindig segítenek."
82,Leó és a kincs,"Leó, szereti az állatokat, élt a színes piacon.

Pillangók repkedtek.

Egy nap Leó felfedezni a szigetet akart.

De esni kezdett.

A postás jött.

Ne félj, segítek.

Együtt magukkal vitték egy kis kést.

Útközben játszottak egy kicsit.

Útközben táncoltak vidáman.

Hirtelen brekegett egy béka.

A kaland felejthetetlen maradt.

A türelem szerencsét hoz."
83,Anna és a rejtély,"Anna, gyorsan gondolkodik, élt az öreg kútnál.

Virágillat volt.

Egy nap Anna megtalálni a barlangot akart.

De a térkép elveszett.

A postás jött.

Én is jövök!

Együtt magukkal vitték egy meleg takarót.

Útközben beszélgettek vidáman.

Útközben játszottak hangosan.

Hirtelen ugatott egy kutya.

Mindenki elégedetten ment haza.

A kíváncsiság csodákhoz vezet."
84,Max és a terv,"Max, vidám fiú, élt a játszótéren.

Egy patak csobogott halkan.

Egy nap Max látni a magas hegyet akart.

De besötétedett.

A postás jött.

Jó, hogy itt vagyok.

Együtt magukkal vitték egy színes térképet.

Útközben játszottak a pataknál.

Útközben beszélgettek együtt.

Hirtelen leesett egy levél.

Így tökéletes volt a nap.

A nevetés mindig segít."
85,Milo és az utazás,"Milo, kíváncsi fiú, élt a kék folyónál.

Kék volt az ég.

Egy nap Milo megkeresni a kincset akart.

De a folyó túl mély volt.

Lina néni, mindent tud jött.

Együtt sikerülni fog!

Együtt magukkal vitték egy régi érmét.

Útközben beszélgettek egy kicsit.

Útközben pihentek körben.

Hirtelen zümmögött egy méh.

Mindenki tapsolt örömében.

Aki mer, nyer."
86,Lena és a lelet,"Lena, szeret festeni, élt a zöld réten.

A madarak vidáman énekeltek.

Egy nap Lena átkelni a tavon akart.

De egy fa feküdt keresztben.

Lina néni, mindent tud jött.

Ne félj, segítek.

Együtt magukkal vitték egy zöld kötelet.

Útközben játszottak körben.

Útközben énekeltek egy kicsit.

Hirtelen kopogtak.

Így a félelemből bátorság lett.

A bátorságot jutalmazzák."
87,Finn és a felfedezés,"Finn, kis álmodozó, élt a nagy tölgynél.

Friss fű illata volt.

Egy nap Finn megtalálni a tengert akart.

De erős volt a szél.

Lina néni, mindent tud jött.

Én is jövök!

Együtt magukkal vitték egy kis lámpást.

Útközben beszélgettek a pataknál.

Útközben táncoltak a pataknál.

Hirtelen egy pillangó táncolt el.

Mindenki nevetett és hazament.

Megosztani öröm."
88,Pippa és a kirándulás,"Pippa, bátor kisegér, élt a zöld parkban.

Minden csendes és békés volt.

Egy nap Pippa látni a csillagos eget akart.

De köd volt.

Lina néni, mindent tud jött.

Jó, hogy itt vagyok.

Együtt magukkal vitték egy kék üveget.

Útközben játszottak hangosan.

Útközben nevettek vidáman.

Hirtelen szél támadt.

Így jól végződött a kaland.

Együtt minden könnyebb."
89,Nora és a verseny,"Nora, sokat kérdez, élt az öreg erdőben.

A nap melegen sütött.

Egy nap Nora megmászni a tornyot akart.

De a híd el volt törve.

Lina néni, mindent tud jött.

Együtt sikerülni fog!

Együtt magukkal vitték egy sárga táskát.

Útközben beszélgettek körben.

Útközben beszélgettek egy kicsit.

Hirtelen lehullt egy hullócsillag.

Végül mindenki boldog volt.

Az igazi barátok mindig segítenek."
90,Theo és a rejtvény,"Theo, vidám fiú, élt a sárga mezőn.

Pillangók repkedtek.

Egy nap Theo megnézni a régi várat akart.

De egy kutya hangosan ugatott.

Lina néni, mindent tud jött.

Ne félj, segítek.

Együtt magukkal vitték egy piros kötelet.

Útközben nevettek együtt.

Útközben játszottak együtt.

Hirtelen valaki nevetett.

A kaland felejthetetlen maradt.

A türelem szerencsét hoz."
91,Ema és a meglepetés,"Ema, bátor lány, élt egy kis faluban.

Virágillat volt.

Egy nap Ema felfedezni az erdőt akart.

De az út el volt zárva.

Lina néni, mindent tud jött.

Én is jövök!

Együtt magukkal vitték egy régi távcsövet.

Útközben beszélgettek hangosan.

Útközben énekeltek körben.

Hirtelen hangosan zörögött valami.

Mindenki elégedetten ment haza.

A kíváncsiság csodákhoz vezet."
92,Péter és a nagy kaland,"Péter, szeret építeni, élt a színes piacon.

Egy patak csobogott halkan.

Egy nap Péter felfedezni a szigetet akart.

De esni kezdett.

Borz bácsi, a kertész jött.

Jó, hogy itt vagyok.

Együtt magukkal vitték egy kis kést.

Útközben nevettek vidáman.

Útközben táncoltak hangosan.

Hirtelen brekegett egy béka.

Így tökéletes volt a nap.

A nevetés mindig segít."
93,Mia és a rejtély,"Mia, kis énekesnő, élt az öreg kútnál.

Kék volt az ég.

Egy nap Mia megtalálni a barlangot akart.

De a térkép elveszett.

Borz bácsi, a kertész jött.

Együtt sikerülni fog!

Együtt magukkal vitték egy meleg takarót.

Útközben táncoltak együtt.

Útközben nevettek a pataknál.

Hirtelen ugatott egy kutya.

Mindenki tapsolt örömében.

Aki mer, nyer."
94,Leó legszebb napja,"Leó, szereti az állatokat, élt a játszótéren.

A madarak vidáman énekeltek.

Egy nap Leó látni a magas hegyet akart.

De besötétedett.

Borz bácsi, a kertész jött.

Ne félj, segítek.

Együtt magukkal vitték egy színes térképet.

Útközben nevettek egy kicsit.

Útközben beszélgettek körben.

Hirtelen leesett egy levél.

Így a félelemből bátorság lett.

A bátorságot jutalmazzák."
95,Anna és a kincs,"Anna, gyorsan gondolkodik, élt a kék folyónál.

Friss fű illata volt.

Egy nap Anna megkeresni a kincset akart.

De a folyó túl mély volt.

Borz bácsi, a kertész jött.

Én is jövök!

Együtt magukkal vitték egy régi érmét.

Útközben táncoltak vidáman.

Útközben játszottak egy kicsit.

Hirtelen zümmögött egy méh.

Mindenki nevetett és hazament.

Megosztani öröm."
96,Max és a rejtély,"Max, vidám fiú, élt a zöld réten.

Minden csendes és békés volt.

Egy nap Max átkelni a tavon akart.

De egy fa feküdt keresztben.

Borz bácsi, a kertész jött.

Jó, hogy itt vagyok.

Együtt magukkal vitték egy zöld kötelet.

Útközben nevettek a pataknál.

Útközben meséket mondtak.

Hirtelen kopogtak.

Így jól végződött a kaland.

Együtt minden könnyebb."
97,Milo és a terv,"Milo, kíváncsi fiú, élt a nagy tölgynél.

A nap melegen sütött.

Egy nap Milo megtalálni a tengert akart.

De erős volt a szél.

Borz bácsi, a kertész jött.

Együtt sikerülni fog!

Együtt magukkal vitték egy kis lámpást.

Útközben táncoltak egy kicsit.

Útközben pihentek vidáman.

Hirtelen egy pillangó táncolt el.

Végül mindenki boldog volt.

Az igazi barátok mindig segítenek."
98,Lena és az utazás,"Lena, szeret festeni, élt a zöld parkban.

Pillangók repkedtek.

Egy nap Lena látni a csillagos eget akart.

De köd volt.

Borz bácsi, a kertész jött.

Ne félj, segítek.

Együtt magukkal vitték egy kék üveget.

Útközben nevettek körben.

Útközben nevettek hangosan.

Hirtelen szél támadt.

A kaland felejthetetlen maradt.

A türelem szerencsét hoz."
99,Finn és a lelet,"Finn, kis álmodozó, élt az öreg erdőben.

Virágillat volt.

Egy nap Finn megmászni a tornyot akart.

De a híd el volt törve.

Mira néni, a vicces szomszéd jött.

Én is jövök!

Együtt magukkal vitték egy sárga táskát.

Útközben táncoltak a pataknál.

Útközben táncoltak együtt.

Hirtelen lehullt egy hullócsillag.

Mindenki elégedetten ment haza.

A kíváncsiság csodákhoz vezet."
100,Pippa és a felfedezés,"Pippa, bátor kisegér, élt a sárga mezőn.

Egy patak csobogott halkan.

Egy nap Pippa megnézni a régi várat akart.

De egy kutya hangosan ugatott.

Mira néni, a vicces szomszéd jött.

Jó, hogy itt vagyok.

Együtt magukkal vitték egy piros kötelet.

Útközben nevettek hangosan.

Útközben játszottak körben.

Hirtelen valaki nevetett.

Így tökéletes volt a nap.

A nevetés mindig segít."
101,Nora és a kirándulás,"Nora, sokat kérdez, élt egy kis faluban.

Kék volt az ég.

Egy nap Nora felfedezni az erdőt akart.

De az út el volt zárva.

Mira néni, a vicces szomszéd jött.

Együtt sikerülni fog!

Együtt magukkal vitték egy régi távcsövet.

Útközben táncoltak körben.

Útközben dalt énekeltek.

Hirtelen hangosan zörögött valami.

Mindenki tapsolt örömében.

Aki mer, nyer."
102,Theo és a verseny,"Theo, vidám fiú, élt a színes piacon.

A madarak vidáman énekeltek.

Egy nap Theo felfedezni a szigetet akart.

De esni kezdett.

Mira néni, a vicces szomszéd jött.

Ne félj, segítek.

Együtt magukkal vitték egy kis kést.

Útközben énekeltek együtt.

Útközben pihentek a pataknál.

Hirtelen brekegett egy béka.

Így a félelemből bátorság lett.

A bátorságot jutalmazzák."
103,Ema és a rejtvény,"Ema, bátor lány, élt az öreg kútnál.

Friss fű illata volt.

Egy nap Ema megtalálni a barlangot akart.

De a térkép elveszett.

Mira néni, a vicces szomszéd jött.

Én is jövök!

Együtt magukkal vitték egy meleg takarót.

Útközben táncoltak hangosan.

Útközben énekeltek vidáman.

Hirtelen ugatott egy kutya.

Mindenki nevetett és hazament.

Megosztani öröm."
104,Péter és a meglepetés,"Péter, szeret építeni, élt a játszótéren.

Minden csendes és békés volt.

Egy nap Péter látni a magas hegyet akart.

De besötétedett.

Mira néni, a vicces szomszéd jött.

Jó, hogy itt vagyok.

Együtt magukkal vitték egy színes térképet.

Útközben énekeltek vidáman.

Útközben táncoltak egy kicsit.

Hirtelen leesett egy levél.

Így jól végződött a kaland.

Együtt minden könnyebb."
105,Mia és a nagy kaland,"Mia, kis énekesnő, élt a kék folyónál.

A nap melegen sütött.

Egy nap Mia megkeresni a kincset akart.

De a folyó túl mély volt.

Mira néni, a vicces szomszéd jött.

Együtt sikerülni fog!

Együtt magukkal vitték egy régi érmét.

Útközben pihentek együtt.

Útközben nevettek együtt.

Hirtelen zümmögött egy méh.

Végül mindenki boldog volt.

Az igazi barátok mindig segítenek."
106,Leó és a rejtély,"Leó, szereti az állatokat, élt a zöld réten.

Pillangók repkedtek.

Egy nap Leó átkelni a tavon akart.

De egy fa feküdt keresztben.

Karcsi bácsi, mindent megjavít jött.

Ne félj, segítek.

Együtt magukkal vitték egy zöld kötelet.

Útközben énekeltek egy kicsit.

Útközben beszélgettek vidáman.

Hirtelen kopogtak.

A kaland felejthetetlen maradt.

A türelem szerencsét hoz."
107,Anna legszebb napja,"Anna, gyorsan gondolkodik, élt a nagy tölgynél.

Virágillat volt.

Egy nap Anna megtalálni a tengert akart.

De erős volt a szél.

Karcsi bácsi, mindent megjavít jött.

Én is jövök!

Együtt magukkal vitték egy kis lámpást.

Útközben pihentek vidáman.

Útközben pihentek hangosan.

Hirtelen egy pillangó táncolt el.

Mindenki elégedetten ment haza.

A kíváncsiság csodákhoz vezet."
108,Max és a kincs,"Max, vidám fiú, élt a zöld parkban.

Egy patak csobogott halkan.

Egy nap Max látni a csillagos eget akart.

De köd volt.

Karcsi bácsi, mindent megjavít jött.

Jó, hogy itt vagyok.

Együtt magukkal vitték egy kék üveget.

Útközben énekeltek a pataknál.

Útközben énekeltek egy kicsit.

Hirtelen szél támadt.

Így tökéletes volt a nap.

A nevetés mindig segít."
109,Milo és a rejtély,"Milo, kíváncsi fiú, élt az öreg erdőben.

Kék volt az ég.

Egy nap Milo megmászni a tornyot akart.

De a híd el volt törve.

Karcsi bácsi, mindent megjavít jött.

Együtt sikerülni fog!

Együtt magukkal vitték egy sárga táskát.

Útközben pihentek egy kicsit.

Útközben táncoltak körben.

Hirtelen lehullt egy hullócsillag.

Mindenki tapsolt örömében.

Aki mer, nyer."
110,Lena és a terv,"Lena, szeret festeni, élt a sárga mezőn.

A madarak vidáman énekeltek.

Egy nap Lena megnézni a régi várat akart.

De egy kutya hangosan ugatott.

Karcsi bácsi, mindent megjavít jött.

Ne félj, segítek.

Együtt magukkal vitték egy piros kötelet.

Útközben énekeltek körben.

Útközben nevettek egy kicsit.

Hirtelen valaki nevetett.

Így a félelemből bátorság lett.

A bátorságot jutalmazzák."
111,Finn és az utazás,"Finn, kis álmodozó, élt egy kis faluban.

Friss fű illata volt.

Egy nap Finn felfedezni az erdőt akart.

De az út el volt zárva.

Karcsi bácsi, mindent megjavít jött.

Én is jövök!

Együtt magukkal vitték egy régi távcsövet.

Útközben pihentek a pataknál.

Útközben beszélgettek a pataknál.

Hirtelen hangosan zörögött valami.

Mindenki nevetett és hazament.

Megosztani öröm."
112,Pippa és a lelet,"Pippa, bátor kisegér, élt a színes piacon.

Minden csendes és békés volt.

Egy nap Pippa felfedezni a szigetet akart.

De esni kezdett.

Karcsi bácsi, mindent megjavít jött.

Jó, hogy itt vagyok.

Együtt magukkal vitték egy kis kést.

Útközben énekeltek hangosan.

Útközben játszottak vidáman.

Hirtelen brekegett egy béka.

Így jól végződött a kaland.

Együtt minden könnyebb."
113,Nora és a felfedezés,"Nora, sokat kérdez, élt az öreg kútnál.

A nap melegen sütött.

Egy nap Nora megtalálni a barlangot akart.

De a térkép elveszett.

A pék jött.

Együtt sikerülni fog!

Együtt magukkal vitték egy meleg takarót.

Útközben pihentek körben.

Útközben énekeltek hangosan.

Hirtelen ugatott egy kutya.

Végül mindenki boldog volt.

Az igazi barátok mindig segítenek."
114,Theo és a kirándulás,"Theo, vidám fiú, élt a játszótéren.

Pillangók repkedtek.

Egy nap Theo látni a magas hegyet akart.

De besötétedett.

A pék jött.

Ne félj, segítek.

Együtt magukkal vitték egy színes térképet.

Útközben meséket mondtak.

Útközben pihentek együtt.

Hirtelen leesett egy levél.

A kaland felejthetetlen maradt.

A türelem szerencsét hoz."
115,Ema és a verseny,"Ema, bátor lány, élt a kék folyónál.

Virágillat volt.

Egy nap Ema megkeresni a kincset akart.

De a folyó túl mély volt.

A pék jött.

Én is jövök!

Együtt magukkal vitték egy régi érmét.

Útközben pihentek hangosan.

Útközben nevettek körben.

Hirtelen zümmögött egy méh.

Mindenki elégedetten ment haza.

A kíváncsiság csodákhoz vezet."
116,Péter és a rejtvény,"Péter, szeret építeni, élt a zöld réten.

Egy patak csobogott halkan.

Egy nap Péter átkelni a tavon akart.

De egy fa feküdt keresztben.

A pék jött.

Jó, hogy itt vagyok.

Együtt magukkal vitték egy zöld kötelet.

Útközben sokat nevettek.

Útközben beszélgettek hangosan.

Hirtelen kopogtak.

Így tökéletes volt a nap.

A nevetés mindig segít."
117,Mia és a meglepetés,"Mia, kis énekesnő, élt a nagy tölgynél.

Kék volt az ég.

Egy nap Mia megtalálni a tengert akart.

De erős volt a szél.

A pék jött.

Együtt sikerülni fog!

Együtt magukkal vitték egy kis lámpást.

Útközben játszottak együtt.

Útközben játszottak a pataknál.

Hirtelen egy pillangó táncolt el.

Mindenki tapsolt örömében.

Aki mer, nyer."
118,Leó és a nagy kaland,"Leó, szereti az állatokat, élt a zöld parkban.

A madarak vidáman énekeltek.

Egy nap Leó látni a csillagos eget akart.

De köd volt.

A pék jött.

Ne félj, segítek.

Együtt magukkal vitték egy kék üveget.

Útközben dalt énekeltek.

Útközben sokat nevettek.

Hirtelen szél támadt.

Így a félelemből bátorság lett.

A bátorságot jutalmazzák."
119,Anna és a rejtély,"Anna, gyorsan gondolkodik, élt az öreg erdőben.

Friss fű illata volt.

Egy nap Anna megmászni a tornyot akart.

De a híd el volt törve.

A pék jött.

Én is jövök!

Együtt magukkal vitték egy sárga táskát.

Útközben játszottak vidáman.

Útközben pihentek egy kicsit.

Hirtelen lehullt egy hullócsillag.

Mindenki nevetett és hazament.

Megosztani öröm."
120,Max legszebb napja,"Max, vidám fiú, élt a sárga mezőn.

Minden csendes és békés volt.

Egy nap Max megnézni a régi várat akart.

De egy kutya hangosan ugatott.

A postás jött.

Jó, hogy itt vagyok.

Együtt magukkal vitték egy piros kötelet.

Útközben beszélgettek együtt.

Útközben énekeltek együtt.

Hirtelen valaki nevetett.

Így jól végződött a kaland.

Együtt minden könnyebb."
121,Milo és a kincs,"Milo, kíváncsi fiú, élt egy kis faluban.

A nap melegen sütött.

Egy nap Milo felfedezni az erdőt akart.

De az út el volt zárva.

A postás jött.

Együtt sikerülni fog!

Együtt magukkal vitték egy régi távcsövet.

Útközben játszottak egy kicsit.

Útközben táncoltak vidáman.

Hirtelen hangosan zörögött valami.

Végül mindenki boldog volt.

Az igazi barátok mindig segítenek."
122,Lena és a rejtély,"Lena, szeret festeni, élt a színes piacon.

Pillangók repkedtek.

Egy nap Lena felfedezni a szigetet akart.

De esni kezdett.

A postás jött.

Ne félj, segítek.

Együtt magukkal vitték egy kis kést.

Útközben beszélgettek vidáman.

Útközben játszottak hangosan.

Hirtelen brekegett egy béka.

A kaland felejthetetlen maradt.

A türelem szerencsét hoz."
123,Finn és a terv,"Finn, kis álmodozó, élt az öreg kútnál.

Virágillat volt.

Egy nap Finn megtalálni a barlangot akart.

De a térkép elveszett.

A postás jött.

Én is jövök!

Együtt magukkal vitték egy meleg takarót.

Útközben játszottak a pataknál.

Útközben beszélgettek együtt.

Hirtelen ugatott egy kutya.

Mindenki elégedetten ment haza.

A kíváncsiság csodákhoz vezet."
124,Pippa és az utazás,"Pippa, bátor kisegér, élt a játszótéren.

Egy patak csobogott halkan.

Egy nap Pippa látni a magas hegyet akart.

De besötétedett.

A postás jött.

Jó, hogy itt vagyok.

Együtt magukkal vitték egy színes térképet.

Útközben beszélgettek egy kicsit.

Útközben pihentek körben.

Hirtelen leesett egy levél.

Így tökéletes volt a nap.

A nevetés mindig segít."
125,Nora és a lelet,"Nora, sokat kérdez, élt a kék folyónál.

Kék volt az ég.

Egy nap Nora megkeresni a kincset akart.

De a folyó túl mély volt.

A postás jött.

Együtt sikerülni fog!

Együtt magukkal vitték egy régi érmét.

Útközben játszottak körben.

Útközben énekeltek egy kicsit.

Hirtelen zümmögött egy méh.

Mindenki tapsolt örömében.

Aki mer, nyer."
126,Theo és a felfedezés,"Theo, vidám fiú, élt a zöld réten.

A madarak vidáman énekeltek.

Egy nap Theo átkelni a tavon akart.

De egy fa feküdt keresztben.

A postás jött.

Ne félj, segítek.

Együtt magukkal vitték egy zöld kötelet.

Útközben beszélgettek a pataknál.

Útközben táncoltak a pataknál.

Hirtelen kopogtak.

Így a félelemből bátorság lett.

A bátorságot jutalmazzák."
127,Ema és a kirándulás,"Ema, bátor lány, élt a nagy tölgynél.

Friss fű illata volt.

Egy nap Ema megtalálni a tengert akart.

De erős volt a szél.

Lina néni, mindent tud jött.

Én is jövök!

Együtt magukkal vitték egy kis lámpást.

Útközben játszottak hangosan.

Útközben nevettek vidáman.

Hirtelen egy pillangó táncolt el.

Mindenki nevetett és hazament.

Megosztani öröm."
128,Péter és a verseny,"Péter, szeret építeni, élt a zöld parkban.

Minden csendes és békés volt.

Egy nap Péter látni a csillagos eget akart.

De köd volt.

Lina néni, mindent tud jött.

Jó, hogy itt vagyok.

Együtt magukkal vitték egy kék üveget.

Útközben beszélgettek körben.

Útközben beszélgettek egy kicsit.

Hirtelen szél támadt.

Így jól végződött a kaland.

Együtt minden könnyebb."
129,Mia és a rejtvény,"Mia, kis énekesnő, élt az öreg erdőben.

A nap melegen sütött.

Egy nap Mia megmászni a tornyot akart.

De a híd el volt törve.

Lina néni, mindent tud jött.

Együtt sikerülni fog!

Együtt magukkal vitték egy sárga táskát.

Útközben nevettek együtt.

Útközben játszottak együtt.

Hirtelen lehullt egy hullócsillag.

Végül mindenki boldog volt.

Az igazi barátok mindig segítenek."
130,Leó és a meglepetés,"Leó, szereti az állatokat, élt a sárga mezőn.

Pillangók repkedtek.

Egy nap Leó megnézni a régi várat akart.

De egy kutya hangosan ugatott.

Lina néni, mindent tud jött.

Ne félj, segítek.

Együtt magukkal vitték egy piros kötelet.

Útközben beszélgettek hangosan.

Útközben énekeltek körben.

Hirtelen valaki nevetett.

A kaland felejthetetlen maradt.

A türelem szerencsét hoz."
131,Anna és a nagy kaland,"Anna, gyorsan gondolkodik, élt egy kis faluban.

Virágillat volt.

Egy nap Anna felfedezni az erdőt akart.

De az út el volt zárva.

Lina néni, mindent tud jött.

Én is jövök!

Együtt magukkal vitték egy régi távcsövet.

Útközben nevettek vidáman.

Útközben táncoltak hangosan.

Hirtelen hangosan zörögött valami.

Mindenki elégedetten ment haza.

A kíváncsiság csodákhoz vezet."
132,Max és a rejtély,"Max, vidám fiú, élt a színes piacon.

Egy patak csobogott halkan.

Egy nap Max felfedezni a szigetet akart.

De esni kezdett.

Lina néni, mindent tud jött.

Jó, hogy itt vagyok.

Együtt magukkal vitték egy kis kést.

Útközben táncoltak együtt.

Útközben nevettek a pataknál.

Hirtelen brekegett egy béka.

Így tökéletes volt a nap.

A nevetés mindig segít."
133,Milo legszebb napja,"Milo, kíváncsi fiú, élt az öreg kútnál.

Kék volt az ég.

Egy nap Milo megtalálni a barlangot akart.

De a térkép elveszett.

Lina néni, mindent tud jött.

Együtt sikerülni fog!

Együtt magukkal vitték egy meleg takarót.

Útközben nevettek egy kicsit.

Útközben beszélgettek körben.

Hirtelen ugatott egy kutya.

Mindenki tapsolt örömében.

Aki mer, nyer."
134,Lena és a kincs,"Lena, szeret festeni, élt a játszótéren.

A madarak vidáman énekeltek.

Egy nap Lena látni a magas hegyet akart.

De besötétedett.

Borz bácsi, a kertész jött.

Ne félj, segítek.

Együtt magukkal vitték egy színes térképet.

Útközben táncoltak vidáman.

Útközben játszottak egy kicsit.

Hirtelen leesett egy levél.

Így a félelemből bátorság lett.

A bátorságot jutalmazzák."
135,Finn és a rejtély,"Finn, kis álmodozó, élt a kék folyónál.

Friss fű illata volt.

Egy nap Finn megkeresni a kincset akart.

De a folyó túl mély volt.

Borz bácsi, a kertész jött.

Én is jövök!

Együtt magukkal vitték egy régi érmét.

Útközben nevettek a pataknál.

Útközben meséket mondtak.

Hirtelen zümmögött egy méh.

Mindenki nevetett és hazament.

Megosztani öröm."
136,Pippa és a terv,"Pippa, bátor kisegér, élt a zöld réten.

Minden csendes és békés volt.

Egy nap Pippa átkelni a tavon akart.

De egy fa feküdt keresztben.

Borz bácsi, a kertész jött.

Jó, hogy itt vagyok.

Együtt magukkal vitték egy zöld kötelet.

Útközben táncoltak egy kicsit.

Útközben pihentek vidáman.

Hirtelen kopogtak.

Így jól végződött a kaland.

Együtt minden könnyebb."
137,Nora és az utazás,"Nora, sokat kérdez, élt a nagy tölgynél.

A nap melegen sütött.

Egy nap Nora megtalálni a tengert akart.

De erős volt a szél.

Borz bácsi, a kertész jött.

Együtt sikerülni fog!

Együtt magukkal vitték egy kis lámpást.

Útközben nevettek körben.

Útközben nevettek hangosan.

Hirtelen egy pillangó táncolt el.

Végül mindenki boldog volt.

Az igazi barátok mindig segítenek."
138,Theo és a lelet,"Theo, vidám fiú, élt a zöld parkban.

Pillangók repkedtek.

Egy nap Theo látni a csillagos eget akart.

De köd volt.

Borz bácsi, a kertész jött.

Ne félj, segítek.

Együtt magukkal vitték egy kék üveget.

Útközben táncoltak a pataknál.

Útközben táncoltak együtt.

Hirtelen szél támadt.

A kaland felejthetetlen maradt.

A türelem szerencsét hoz."
139,Ema és a felfedezés,"Ema, bátor lány, élt az öreg erdőben.

Virágillat volt.

Egy nap Ema megmászni a tornyot akart.

De a híd el volt törve.

Borz bácsi, a kertész jött.

Én is jövök!

Együtt magukkal vitték egy sárga táskát.

Útközben nevettek hangosan.

Útközben játszottak körben.

Hirtelen lehullt egy hullócsillag.

Mindenki elégedetten ment haza.

A kíváncsiság csodákhoz vezet."
140,Péter és a kirándulás,"Péter, szeret építeni, élt a sárga mezőn.

Egy patak csobogott halkan.

Egy nap Péter megnézni a régi várat akart.

De egy kutya hangosan ugatott.

Borz bácsi, a kertész jött.

Jó, hogy itt vagyok.

Együtt magukkal vitték egy piros kötelet.

Útközben táncoltak körben.

Útközben dalt énekeltek.

Hirtelen valaki nevetett.

Így tökéletes volt a nap.

A nevetés mindig segít."
141,Mia és a verseny,"Mia, kis énekesnő, élt egy kis faluban.

Kék volt az ég.

Egy nap Mia felfedezni az erdőt akart.

De az út el volt zárva.

Mira néni, a vicces szomszéd jött.

Együtt sikerülni fog!

Együtt magukkal vitték egy régi távcsövet.

Útközben énekeltek együtt.

Útközben pihentek a pataknál.

Hirtelen hangosan zörögött valami.

Mindenki tapsolt örömében.

Aki mer, nyer."
142,Leó és a rejtvény,"Leó, szereti az állatokat, élt a színes piacon.

A madarak vidáman énekeltek.

Egy nap Leó felfedezni a szigetet akart.

De esni kezdett.

Mira néni, a vicces szomszéd jött.

Ne félj, segítek.

Együtt magukkal vitték egy kis kést.

Útközben táncoltak hangosan.

Útközben énekeltek vidáman.

Hirtelen brekegett egy béka.

Így a félelemből bátorság lett.

A bátorságot jutalmazzák."
143,Anna és a meglepetés,"Anna, gyorsan gondolkodik, élt az öreg kútnál.

Friss fű illata volt.

Egy nap Anna megtalálni a barlangot akart.

De a térkép elveszett.

Mira néni, a vicces szomszéd jött.

Én is jövök!

Együtt magukkal vitték egy meleg takarót.

Útközben énekeltek vidáman.

Útközben táncoltak egy kicsit.

Hirtelen ugatott egy kutya.

Mindenki nevetett és hazament.

Megosztani öröm."
144,Max és a nagy kaland,"Max, vidám fiú, élt a játszótéren.

Minden csendes és békés volt.

Egy nap Max látni a magas hegyet akart.

De besötétedett.

Mira néni, a vicces szomszéd jött.

Jó, hogy itt vagyok.

Együtt magukkal vitték egy színes térképet.

Útközben pihentek együtt.

Útközben nevettek együtt.

Hirtelen leesett egy levél.

Így jól végződött a kaland.

Együtt minden könnyebb."
145,Milo és a rejtély,"Milo, kíváncsi fiú, élt a kék folyónál.

A nap melegen sütött.

Egy nap Milo megkeresni a kincset akart.

De a folyó túl mély volt.

Mira néni, a vicces szomszéd jött.

Együtt sikerülni fog!

Együtt magukkal vitték egy régi érmét.

Útközben énekeltek egy kicsit.

Útközben beszélgettek vidáman.

Hirtelen zümmögött egy méh.

Végül mindenki boldog volt.

Az igazi barátok mindig segítenek."
146,Lena legszebb napja,"Lena, szeret festeni, élt a zöld réten.

Pillangók repkedtek.

Egy nap Lena átkelni a tavon akart.

De egy fa feküdt keresztben.

Mira néni, a vicces szomszéd jött.

Ne félj, segítek.

Együtt magukkal vitték egy zöld kötelet.

Útközben pihentek vidáman.

Útközben pihentek hangosan.

Hirtelen kopogtak.

A kaland felejthetetlen maradt.

A türelem szerencsét hoz."
147,Finn és a kincs,"Finn, kis álmodozó, élt a nagy tölgynél.

Virágillat volt.

Egy nap Finn megtalálni a tengert akart.

De erős volt a szél.

Mira néni, a vicces szomszéd jött.

Én is jövök!

Együtt magukkal vitték egy kis lámpást.

Útközben énekeltek a pataknál.

Útközben énekeltek egy kicsit.

Hirtelen egy pillangó táncolt el.

Mindenki elégedetten ment haza.

A kíváncsiság csodákhoz vezet."
148,Pippa és a rejtély,"Pippa, bátor kisegér, élt a zöld parkban.

Egy patak csobogott halkan.

Egy nap Pippa látni a csillagos eget akart.

De köd volt.

Karcsi bácsi, mindent megjavít jött.

Jó, hogy itt vagyok.

Együtt magukkal vitték egy kék üveget.

Útközben pihentek egy kicsit.

Útközben táncoltak körben.

Hirtelen szél támadt.

Így tökéletes volt a nap.

A nevetés mindig segít."
149,Nora és a terv,"Nora, sokat kérdez, élt az öreg erdőben.

Kék volt az ég.

Egy nap Nora megmászni a tornyot akart.

De a híd el volt törve.

Karcsi bácsi, mindent megjavít jött.

Együtt sikerülni fog!

Együtt magukkal vitték egy sárga táskát.

Útközben énekeltek körben.

Útközben nevettek egy kicsit.

Hirtelen lehullt egy hullócsillag.

Mindenki tapsolt örömében.

Aki mer, nyer."
150,Theo és az utazás,"Theo, vidám fiú, élt a sárga mezőn.

A madarak vidáman énekeltek.

Egy nap Theo megnézni a régi várat akart.

De egy kutya hangosan ugatott.

Karcsi bácsi, mindent megjavít jött.

Ne félj, segítek.

Együtt magukkal vitték egy piros kötelet.

Útközben pihentek a pataknál.

Útközben beszélgettek a pataknál.

Hirtelen valaki nevetett.

Így a félelemből bátorság lett.

A bátorságot jutalmazzák."
151,Ema és a lelet,"Ema, bátor lány, élt egy kis faluban.

Friss fű illata volt.

Egy nap Ema felfedezni az erdőt akart.

De az út el volt zárva.

Karcsi bácsi, mindent megjavít jött.

Én is jövök!

Együtt magukkal vitték egy régi távcsövet.

Útközben énekeltek hangosan.

Útközben játszottak vidáman.

Hirtelen hangosan zörögött valami.

Mindenki nevetett és hazament.

Megosztani öröm."
152,Péter és a felfedezés,"Péter, szeret építeni, élt a színes piacon.

Minden csendes és békés volt.

Egy nap Péter felfedezni a szigetet akart.

De esni kezdett.

Karcsi bácsi, mindent megjavít jött.

Jó, hogy itt vagyok.

Együtt magukkal vitték egy kis kést.

Útközben pihentek körben.

Útközben énekeltek hangosan.

Hirtelen brekegett egy béka.

Így jól végződött a kaland.

Együtt minden könnyebb."
153,Mia és a kirándulás,"Mia, kis énekesnő, élt az öreg kútnál.

A nap melegen sütött.

Egy nap Mia megtalálni a barlangot akart.

De a térkép elveszett.

Karcsi bácsi, mindent megjavít jött.

Együtt sikerülni fog!

Együtt magukkal vitték egy meleg takarót.

Útközben meséket mondtak.

Útközben pihentek együtt.

Hirtelen ugatott egy kutya.

Végül mindenki boldog volt.

Az igazi barátok mindig segítenek."
154,Leó és a verseny,"Leó, szereti az állatokat, élt a játszótéren.

Pillangók repkedtek.

Egy nap Leó látni a magas hegyet akart.

De besötétedett.

Karcsi bácsi, mindent megjavít jött.

Ne félj, segítek.

Együtt magukkal vitték egy színes térképet.

Útközben pihentek hangosan.

Útközben nevettek körben.

Hirtelen leesett egy levél.

A kaland felejthetetlen maradt.

A türelem szerencsét hoz."
155,Anna és a rejtvény,"Anna, gyorsan gondolkodik, élt a kék folyónál.

Virágillat volt.

Egy nap Anna megkeresni a kincset akart.

De a folyó túl mély volt.

A pék jött.

Én is jövök!

Együtt magukkal vitték egy régi érmét.

Útközben sokat nevettek.

Útközben beszélgettek hangosan.

Hirtelen zümmögött egy méh.

Mindenki elégedetten ment haza.

A kíváncsiság csodákhoz vezet."
156,Max és a meglepetés,"Max, vidám fiú, élt a zöld réten.

Egy patak csobogott halkan.

Egy nap Max átkelni a tavon akart.

De egy fa feküdt keresztben.

A pék jött.

Jó, hogy itt vagyok.

Együtt magukkal vitték egy zöld kötelet.

Útközben játszottak együtt.

Útközben játszottak a pataknál.

Hirtelen kopogtak.

Így tökéletes volt a nap.

A nevetés mindig segít."
157,Milo és a nagy kaland,"Milo, kíváncsi fiú, élt a nagy tölgynél.

Kék volt az ég.

Egy nap Milo megtalálni a tengert akart.

De erős volt a szél.

A pék jött.

Együtt sikerülni fog!

Együtt magukkal vitték egy kis lámpást.

Útközben dalt énekeltek.

Útközben sokat nevettek.

Hirtelen egy pillangó táncolt el.

Mindenki tapsolt örömében.

Aki mer, nyer."
158,Lena és a rejtély,"Lena, szeret festeni, élt a zöld parkban.

A madarak vidáman énekeltek.

Egy nap Lena látni a csillagos eget akart.

De köd volt.

A pék jött.

Ne félj, segítek.

Együtt magukkal vitték egy kék üveget.

Útközben játszottak vidáman.

Útközben pihentek egy kicsit.

Hirtelen szél támadt.

Így a félelemből bátorság lett.

A bátorságot jutalmazzák."
159,Finn legszebb napja,"Finn, kis álmodozó, élt az öreg erdőben.

Friss fű illata volt.

Egy nap Finn megmászni a tornyot akart.

De a híd el volt törve.

A pék jött.

Én is jövök!

Együtt magukkal vitték egy sárga táskát.

Útközben beszélgettek együtt.

Útközben énekeltek együtt.

Hirtelen lehullt egy hullócsillag.

Mindenki nevetett és hazament.

Megosztani öröm."
160,Pippa és a kincs,"Pippa, bátor kisegér, élt a sárga mezőn.

Minden csendes és békés volt.

Egy nap Pippa megnézni a régi várat akart.

De egy kutya hangosan ugatott.

A pék jött.

Jó, hogy itt vagyok.

Együtt magukkal vitték egy piros kötelet.

Útközben játszottak egy kicsit.

Útközben táncoltak vidáman.

Hirtelen valaki nevetett.

Így jól végződött a kaland.

Együtt minden könnyebb."
161,Nora és a rejtély,"Nora, sokat kérdez, élt egy kis faluban.

A nap melegen sütött.

Egy nap Nora felfedezni az erdőt akart.

De az út el volt zárva.

A pék jött.

Együtt sikerülni fog!

Együtt magukkal vitték egy régi távcsövet.

Útközben beszélgettek vidáman.

Útközben játszottak hangosan.

Hirtelen hangosan zörögött valami.

Végül mindenki boldog volt.

Az igazi barátok mindig segítenek."
162,Theo és a terv,"Theo, vidám fiú, élt a színes piacon.

Pillangók repkedtek.

Egy nap Theo felfedezni a szigetet akart.

De esni kezdett.

A postás jött.

Ne félj, segítek.

Együtt magukkal vitték egy kis kést.

Útközben játszottak a pataknál.

Útközben beszélgettek együtt.

Hirtelen brekegett egy béka.

A kaland felejthetetlen maradt.

A türelem szerencsét hoz."
163,Ema és az utazás,"Ema, bátor lány, élt az öreg kútnál.

Virágillat volt.

Egy nap Ema megtalálni a barlangot akart.

De a térkép elveszett.

A postás jött.

Én is jövök!

Együtt magukkal vitték egy meleg takarót.

Útközben beszélgettek egy kicsit.

Útközben pihentek körben.

Hirtelen ugatott egy kutya.

Mindenki elégedetten ment haza.

A kíváncsiság csodákhoz vezet."
164,Péter és a lelet,"Péter, szeret építeni, élt a játszótéren.

Egy patak csobogott halkan.

Egy nap Péter látni a magas hegyet akart.

De besötétedett.

A postás jött.

Jó, hogy itt vagyok.

Együtt magukkal vitték egy színes térképet.

Útközben játszottak körben.

Útközben énekeltek egy kicsit.

Hirtelen leesett egy levél.

Így tökéletes volt a nap.

A nevetés mindig segít."
165,Mia és a felfedezés,"Mia, kis énekesnő, élt a kék folyónál.

Kék volt az ég.

Egy nap Mia megkeresni a kincset akart.

De a folyó túl mély volt.

A postás jött.

Együtt sikerülni fog!

Együtt magukkal vitték egy régi érmét.

Útközben beszélgettek a pataknál.

Útközben táncoltak a pataknál.

Hirtelen zümmögött egy méh.

Mindenki tapsolt örömében.

Aki mer, nyer."
166,Leó és a kirándulás,"Leó, szereti az állatokat, élt a zöld réten.

A madarak vidáman énekeltek.

Egy nap Leó átkelni a tavon akart.

De egy fa feküdt keresztben.

A postás jött.

Ne félj, segítek.

Együtt magukkal vitték egy zöld kötelet.

Útközben játszottak hangosan.

Útközben nevettek vidáman.

Hirtelen kopogtak.

Így a félelemből bátorság lett.

A bátorságot jutalmazzák."
167,Anna és a verseny,"Anna, gyorsan gondolkodik, élt a nagy tölgynél.

Friss fű illata volt.

Egy nap Anna megtalálni a tengert akart.

De erős volt a szél.

A postás jött.

Én is jövök!

Együtt magukkal vitték egy kis lámpást.

Útközben beszélgettek körben.

Útközben beszélgettek egy kicsit.

Hirtelen egy pillangó táncolt el.

Mindenki nevetett és hazament.

Megosztani öröm."
168,Max és a rejtvény,"Max, vidám fiú, élt a zöld parkban.

Minden csendes és békés volt.

Egy nap Max látni a csillagos eget akart.

De köd volt.

A postás jött.

Jó, hogy itt vagyok.

Együtt magukkal vitték egy kék üveget.

Útközben nevettek együtt.

Útközben játszottak együtt.

Hirtelen szél támadt.

Így jól végződött a kaland.

Együtt minden könnyebb."
169,Milo és a meglepetés,"Milo, kíváncsi fiú, élt az öreg erdőben.

A nap melegen sütött.

Egy nap Milo megmászni a tornyot akart.

De a híd el volt törve.

Lina néni, mindent tud jött.

Együtt sikerülni fog!

Együtt magukkal vitték egy sárga táskát.

Útközben beszélgettek hangosan.

Útközben énekeltek körben.

Hirtelen lehullt egy hullócsillag.

Végül mindenki boldog volt.

Az igazi barátok mindig segítenek."
170,Lena és a nagy kaland,"Lena, szeret festeni, élt a sárga mezőn.

Pillangók repkedtek.

Egy nap Lena megnézni a régi várat akart.

De egy kutya hangosan ugatott.

Lina néni, mindent tud jött.

Ne félj, segítek.

Együtt magukkal vitték egy piros kötelet.

Útközben nevettek vidáman.

Útközben táncoltak hangosan.

Hirtelen valaki nevetett.

A kaland felejthetetlen maradt.

A türelem szerencsét hoz."
171,Finn és a rejtély,"Finn, kis álmodozó, élt egy kis faluban.

Virágillat volt.

Egy nap Finn felfedezni az erdőt akart.

De az út el volt zárva.

Lina néni, mindent tud jött.

Én is jövök!

Együtt magukkal vitték egy régi távcsövet.

Útközben táncoltak együtt.

Útközben nevettek a pataknál.

Hirtelen hangosan zörögött valami.

Mindenki elégedetten ment haza.

A kíváncsiság csodákhoz vezet."
172,Pippa legszebb napja,"Pippa, bátor kisegér, élt a színes piacon.

Egy patak csobogott halkan.

Egy nap Pippa felfedezni a szigetet akart.

De esni kezdett.

Lina néni, mindent tud jött.

Jó, hogy itt vagyok.

Együtt magukkal vitték egy kis kést.

Útközben nevettek egy kicsit.

Útközben beszélgettek körben.

Hirtelen brekegett egy béka.

Így tökéletes volt a nap.

A nevetés mindig segít."
173,Nora és a kincs,"Nora, sokat kérdez, élt az öreg kútnál.

Kék volt az ég.

Egy nap Nora megtalálni a barlangot akart.

De a térkép elveszett.

Lina néni, mindent tud jött.

Együtt sikerülni fog!

Együtt magukkal vitték egy meleg takarót.

Útközben táncoltak vidáman.

Útközben játszottak egy kicsit.

Hirtelen ugatott egy kutya.

Mindenki tapsolt örömében.

Aki mer, nyer."
174,Theo és a rejtély,"Theo, vidám fiú, élt a játszótéren.

A madarak vidáman énekeltek.

Egy nap Theo látni a magas hegyet akart.

De besötétedett.

Lina néni, mindent tud jött.

Ne félj, segítek.

Együtt magukkal vitték egy színes térképet.

Útközben nevettek a pataknál.

Útközben meséket mondtak.

Hirtelen leesett egy levél.

Így a félelemből bátorság lett.

A bátorságot jutalmazzák."
175,Ema és a terv,"Ema, bátor lány, élt a kék folyónál.

Friss fű illata volt.

Egy nap Ema megkeresni a kincset akart.

De a folyó túl mély volt.

Lina néni, mindent tud jött.

Én is jövök!

Együtt magukkal vitték egy régi érmét.

Útközben táncoltak egy kicsit.

Útközben pihentek vidáman.

Hirtelen zümmögött egy méh.

Mindenki nevetett és hazament.

Megosztani öröm."
176,Péter és az utazás,"Péter, szeret építeni, élt a zöld réten.

Minden csendes és békés volt.

Egy nap Péter átkelni a tavon akart.

De egy fa feküdt keresztben.

Borz bácsi, a kertész jött.

Jó, hogy itt vagyok.

Együtt magukkal vitték egy zöld kötelet.

Útközben nevettek körben.

Útközben nevettek hangosan.

Hirtelen kopogtak.

Így jól végződött a kaland.

Együtt minden könnyebb."
177,Mia és a lelet,"Mia, kis énekesnő, élt a nagy tölgynél.

A nap melegen sütött.

Egy nap Mia megtalálni a tengert akart.

De erős volt a szél.

Borz bácsi, a kertész jött.

Együtt sikerülni fog!

Együtt magukkal vitték egy kis lámpást.

Útközben táncoltak a pataknál.

Útközben táncoltak együtt.

Hirtelen egy pillangó táncolt el.

Végül mindenki boldog volt.

Az igazi barátok mindig segítenek."
178,Leó és a felfedezés,"Leó, szereti az állatokat, élt a zöld parkban.

Pillangók repkedtek.

Egy nap Leó látni a csillagos eget akart.

De köd volt.

Borz bácsi, a kertész jött.

Ne félj, segítek.

Együtt magukkal vitték egy kék üveget.

Útközben nevettek hangosan.

Útközben játszottak körben.

Hirtelen szél támadt.

A kaland felejthetetlen maradt.

A türelem szerencsét hoz."
179,Anna és a kirándulás,"Anna, gyorsan gondolkodik, élt az öreg erdőben.

Virágillat volt.

Egy nap Anna megmászni a tornyot akart.

De a híd el volt törve.

Borz bácsi, a kertész jött.

Én is jövök!

Együtt magukkal vitték egy sárga táskát.

Útközben táncoltak körben.

Útközben dalt énekeltek.

Hirtelen lehullt egy hullócsillag.

Mindenki elégedetten ment haza.

A kíváncsiság csodákhoz vezet."
180,Max és a verseny,"Max, vidám fiú, élt a sárga mezőn.

Egy patak csobogott halkan.

Egy nap Max megnézni a régi várat akart.

De egy kutya hangosan ugatott.

Borz bácsi, a kertész jött.

Jó, hogy itt vagyok.

Együtt magukkal vitték egy piros kötelet.

Útközben énekeltek együtt.

Útközben pihentek a pataknál.

Hirtelen valaki nevetett.

Így tökéletes volt a nap.

A nevetés mindig segít."
181,Milo és a rejtvény,"Milo, kíváncsi fiú, élt egy kis faluban.

Kék volt az ég.

Egy nap Milo felfedezni az erdőt akart.

De az út el volt zárva.

Borz bácsi, a kertész jött.

Együtt sikerülni fog!

Együtt magukkal vitték egy régi távcsövet.

Útközben táncoltak hangosan.

Útközben énekeltek vidáman.

Hirtelen hangosan zörögött valami.

Mindenki tapsolt örömében.

Aki mer, nyer."
182,Lena és a meglepetés,"Lena, szeret festeni, élt a színes piacon.

A madarak vidáman énekeltek.

Egy nap Lena felfedezni a szigetet akart.

De esni kezdett.

Borz bácsi, a kertész jött.

Ne félj, segítek.

Együtt magukkal vitték egy kis kést.

Útközben énekeltek vidáman.

Útközben táncoltak egy kicsit.

Hirtelen brekegett egy béka.

Így a félelemből bátorság lett.

A bátorságot jutalmazzák."
183,Finn és a nagy kaland,"Finn, kis álmodozó, élt az öreg kútnál.

Friss fű illata volt.

Egy nap Finn megtalálni a barlangot akart.

De a térkép elveszett.

Mira néni, a vicces szomszéd jött.

Én is jövök!

Együtt magukkal vitték egy meleg takarót.

Útközben pihentek együtt.

Útközben nevettek együtt.

Hirtelen ugatott egy kutya.

Mindenki nevetett és hazament.

Megosztani öröm."
184,Pippa és a rejtély,"Pippa, bátor kisegér, élt a játszótéren.

Minden csendes és békés volt.

Egy nap Pippa látni a magas hegyet akart.

De besötétedett.

Mira néni, a vicces szomszéd jött.

Jó, hogy itt vagyok.

Együtt magukkal vitték egy színes térképet.

Útközben énekeltek egy kicsit.

Útközben beszélgettek vidáman.

Hirtelen leesett egy levél.

Így jól végződött a kaland.

Együtt minden könnyebb."
185,Nora legszebb napja,"Nora, sokat kérdez, élt a kék folyónál.

A nap melegen sütött.

Egy nap Nora megkeresni a kincset akart.

De a folyó túl mély volt.

Mira néni, a vicces szomszéd jött.

Együtt sikerülni fog!

Együtt magukkal vitték egy régi érmét.

Útközben pihentek vidáman.

Útközben pihentek hangosan.

Hirtelen zümmögött egy méh.

Végül mindenki boldog volt.

Az igazi barátok mindig segítenek."
186,Theo és a kincs,"Theo, vidám fiú, élt a zöld réten.

Pillangók repkedtek.

Egy nap Theo átkelni a tavon akart.

De egy fa feküdt keresztben.

Mira néni, a vicces szomszéd jött.

Ne félj, segítek.

Együtt magukkal vitték egy zöld kötelet.

Útközben énekeltek a pataknál.

Útközben énekeltek egy kicsit.

Hirtelen kopogtak.

A kaland felejthetetlen maradt.

A türelem szerencsét hoz."
187,Ema és a rejtély,"Ema, bátor lány, élt a nagy tölgynél.

Virágillat volt.

Egy nap Ema megtalálni a tengert akart.

De erős volt a szél.

Mira néni, a vicces szomszéd jött.

Én is jövök!

Együtt magukkal vitték egy kis lámpást.

Útközben pihentek egy kicsit.

Útközben táncoltak körben.

Hirtelen egy pillangó táncolt el.

Mindenki elégedetten ment haza.

A kíváncsiság csodákhoz vezet."
188,Péter és a terv,"Péter, szeret építeni, élt a zöld parkban.

Egy patak csobogott halkan.

Egy nap Péter látni a csillagos eget akart.

De köd volt.

Mira néni, a vicces szomszéd jött.

Jó, hogy itt vagyok.

Együtt magukkal vitték egy kék üveget.

Útközben énekeltek körben.

Útközben nevettek egy kicsit.

Hirtelen szél támadt.

Így tökéletes volt a nap.

A nevetés mindig segít."
189,Mia és az utazás,"Mia, kis énekesnő, élt az öreg erdőben.

Kék volt az ég.

Egy nap Mia megmászni a tornyot akart.

De a híd el volt törve.

Mira néni, a vicces szomszéd jött.

Együtt sikerülni fog!

Együtt magukkal vitték egy sárga táskát.

Útközben pihentek a pataknál.

Útközben beszélgettek a pataknál.

Hirtelen lehullt egy hullócsillag.

Mindenki tapsolt örömében.

Aki mer, nyer."
190,Leó és a lelet,"Leó, szereti az állatokat, élt a sárga mezőn.

A madarak vidáman énekeltek.

Egy nap Leó megnézni a régi várat akart.

De egy kutya hangosan ugatott.

Karcsi bácsi, mindent megjavít jött.

Ne félj, segítek.

Együtt magukkal vitték egy piros kötelet.

Útközben énekeltek hangosan.

Útközben játszottak vidáman.

Hirtelen valaki nevetett.

Így a félelemből bátorság lett.

A bátorságot jutalmazzák."
191,Anna és a felfedezés,"Anna, gyorsan gondolkodik, élt egy kis faluban.

Friss fű illata volt.

Egy nap Anna felfedezni az erdőt akart.

De az út el volt zárva.

Karcsi bácsi, mindent megjavít jött.

Én is jövök!

Együtt magukkal vitték egy régi távcsövet.

Útközben pihentek körben.

Útközben énekeltek hangosan.

Hirtelen hangosan zörögött valami.

Mindenki nevetett és hazament.

Megosztani öröm."
192,Max és a kirándulás,"Max, vidám fiú, élt a színes piacon.

Minden csendes és békés volt.

Egy nap Max felfedezni a szigetet akart.

De esni kezdett.

Karcsi bácsi, mindent megjavít jött.

Jó, hogy itt vagyok.

Együtt magukkal vitték egy kis kést.

Útközben meséket mondtak.

Útközben pihentek együtt.

Hirtelen brekegett egy béka.

Így jól végződött a kaland.

Együtt minden könnyebb."
193,Milo és a verseny,"Milo, kíváncsi fiú, élt az öreg kútnál.

A nap melegen sütött.

Egy nap Milo megtalálni a barlangot akart.

De a térkép elveszett.

Karcsi bácsi, mindent megjavít jött.

Együtt sikerülni fog!

Együtt magukkal vitték egy meleg takarót.

Útközben pihentek hangosan.

Útközben nevettek körben.

Hirtelen ugatott egy kutya.

Végül mindenki boldog volt.

Az igazi barátok mindig segítenek."
194,Lena és a rejtvény,"Lena, szeret festeni, élt a játszótéren.

Pillangók repkedtek.

Egy nap Lena látni a magas hegyet akart.

De besötétedett.

Karcsi bácsi, mindent megjavít jött.

Ne félj, segítek.

Együtt magukkal vitték egy színes térképet.

Útközben sokat nevettek.

Útközben beszélgettek hangosan.

Hirtelen leesett egy levél.

A kaland felejthetetlen maradt.

A türelem szerencsét hoz."
195,Finn és a meglepetés,"Finn, kis álmodozó, élt a kék folyónál.

Virágillat volt.

Egy nap Finn megkeresni a kincset akart.

De a folyó túl mély volt.

Karcsi bácsi, mindent megjavít jött.

Én is jövök!

Együtt magukkal vitték egy régi érmét.

Útközben játszottak együtt.

Útközben játszottak a pataknál.

Hirtelen zümmögött egy méh.

Mindenki elégedetten ment haza.

A kíváncsiság csodákhoz vezet."
196,Pippa és a nagy kaland,"Pippa, bátor kisegér, élt a zöld réten.

Egy patak csobogott halkan.

Egy nap Pippa átkelni a tavon akart.

De egy fa feküdt keresztben.

Karcsi bácsi, mindent megjavít jött.

Jó, hogy itt vagyok.

Együtt magukkal vitték egy zöld kötelet.

Útközben dalt énekeltek.

Útközben sokat nevettek.

Hirtelen kopogtak.

Így tökéletes volt a nap.

A nevetés mindig segít."
197,Nora és a rejtély,"Nora, sokat kérdez, élt a nagy tölgynél.

Kék volt az ég.

Egy nap Nora megtalálni a tengert akart.

De erős volt a szél.

A pék jött.

Együtt sikerülni fog!

Együtt magukkal vitték egy kis lámpást.

Útközben játszottak vidáman.

Útközben pihentek egy kicsit.

Hirtelen egy pillangó táncolt el.

Mindenki tapsolt örömében.

Aki mer, nyer."
198,Theo legszebb napja,"Theo, vidám fiú, élt a zöld parkban.

A madarak vidáman énekeltek.

Egy nap Theo látni a csillagos eget akart.

De köd volt.

A pék jött.

Ne félj, segítek.

Együtt magukkal vitték egy kék üveget.

Útközben beszélgettek együtt.

Útközben énekeltek együtt.

Hirtelen szél támadt.

Így a félelemből bátorság lett.

A bátorságot jutalmazzák."
199,Ema és a kincs,"Ema, bátor lány, élt az öreg erdőben.

Friss fű illata volt.

Egy nap Ema megmászni a tornyot akart.

De a híd el volt törve.

A pék jött.

Én is jövök!

Együtt magukkal vitték egy sárga táskát.

Útközben játszottak egy kicsit.

Útközben táncoltak vidáman.

Hirtelen lehullt egy hullócsillag.

Mindenki nevetett és hazament.

Megosztani öröm."
200,Péter és a rejtély,"Péter, szeret építeni, élt a sárga mezőn.

Minden csendes és békés volt.

Egy nap Péter megnézni a régi várat akart.

De egy kutya hangosan ugatott.

A pék jött.

Jó, hogy itt vagyok.

Együtt magukkal vitték egy piros kötelet.

Útközben beszélgettek vidáman.

Útközben játszottak hangosan.

Hirtelen valaki nevetett.

Így jól végződött a kaland.

Együtt minden könnyebb."
201,Mia és a terv,"Mia, kis énekesnő, élt egy kis faluban.

A nap melegen sütött.

Egy nap Mia felfedezni az erdőt akart.

De az út el volt zárva.

A pék jött.

Együtt sikerülni fog!

Együtt magukkal vitték egy régi távcsövet.

Útközben játszottak a pataknál.

Útközben beszélgettek együtt.

Hirtelen hangosan zörögött valami.

Végül mindenki boldog volt.

Az igazi barátok mindig segítenek."
202,Leó és az utazás,"Leó, szereti az állatokat, élt a színes piacon.

Pillangók repkedtek.

Egy nap Leó felfedezni a szigetet akart.

De esni kezdett.

A pék jött.

Ne félj, segítek.

Együtt magukkal vitték egy kis kést.

Útközben beszélgettek egy kicsit.

Útközben pihentek körben.

Hirtelen brekegett egy béka.

A kaland felejthetetlen maradt.

A türelem szerencsét hoz."
203,Anna és a lelet,"Anna, gyorsan gondolkodik, élt az öreg kútnál.

Virágillat volt.

Egy nap Anna megtalálni a barlangot akart.

De a térkép elveszett.

A pék jött.

Én is jövök!

Együtt magukkal vitték egy meleg takarót.

Útközben játszottak körben.

Útközben énekeltek egy kicsit.

Hirtelen ugatott egy kutya.

Mindenki elégedetten ment haza.

A kíváncsiság csodákhoz vezet."
204,Max és a felfedezés,"Max, vidám fiú, élt a játszótéren.

Egy patak csobogott halkan.

Egy nap Max látni a magas hegyet akart.

De besötétedett.

A postás jött.

Jó, hogy itt vagyok.

Együtt magukkal vitték egy színes térképet.

Útközben beszélgettek a pataknál.

Útközben táncoltak a pataknál.

Hirtelen leesett egy levél.

Így tökéletes volt a nap.

A nevetés mindig segít."
205,Milo és a kirándulás,"Milo, kíváncsi fiú, élt a kék folyónál.

Kék volt az ég.

Egy nap Milo megkeresni a kincset akart.

De a folyó túl mély volt.

A postás jött.

Együtt sikerülni fog!

Együtt magukkal vitték egy régi érmét.

Útközben játszottak hangosan.

Útközben nevettek vidáman.

Hirtelen zümmögött egy méh.

Mindenki tapsolt örömében.

Aki mer, nyer."
206,Lena és a verseny,"Lena, szeret festeni, élt a zöld réten.

A madarak vidáman énekeltek.

Egy nap Lena átkelni a tavon akart.

De egy fa feküdt keresztben.

A postás jött.

Ne félj, segítek.

Együtt magukkal vitték egy zöld kötelet.

Útközben beszélgettek körben.

Útközben beszélgettek egy kicsit.

Hirtelen kopogtak.

Így a félelemből bátorság lett.

A bátorságot jutalmazzák."
207,Finn és a rejtvény,"Finn, kis álmodozó, élt a nagy tölgynél.

Friss fű illata volt.

Egy nap Finn megtalálni a tengert akart.

De erős volt a szél.

A postás jött.

Én is jövök!

Együtt magukkal vitték egy kis lámpást.

Útközben nevettek együtt.

Útközben játszottak együtt.

Hirtelen egy pillangó táncolt el.

Mindenki nevetett és hazament.

Megosztani öröm."
208,Pippa és a meglepetés,"Pippa, bátor kisegér, élt a zöld parkban.

Minden csendes és békés volt.

Egy nap Pippa látni a csillagos eget akart.

De köd volt.

A postás jött.

Jó, hogy itt vagyok.

Együtt magukkal vitték egy kék üveget.

Útközben beszélgettek hangosan.

Útközben énekeltek körben.

Hirtelen szél támadt.

Így jól végződött a kaland.

Együtt minden könnyebb."
209,Nora és a nagy kaland,"Nora, sokat kérdez, élt az öreg erdőben.

A nap melegen sütött.

Egy nap Nora megmászni a tornyot akart.

De a híd el volt törve.

A postás jött.

Együtt sikerülni fog!

Együtt magukkal vitték egy sárga táskát.

Útközben nevettek vidáman.

Útközben táncoltak hangosan.

Hirtelen lehullt egy hullócsillag.

Végül mindenki boldog volt.

Az igazi barátok mindig segítenek."
210,Theo és a rejtély,"Theo, vidám fiú, élt a sárga mezőn.

Pillangók repkedtek.

Egy nap Theo megnézni a régi várat akart.

De egy kutya hangosan ugatott.

A postás jött.

Ne félj, segítek.

Együtt magukkal vitték egy piros kötelet.

Útközben táncoltak együtt.

Útközben nevettek a pataknál.

Hirtelen valaki nevetett.

A kaland felejthetetlen maradt.

A türelem szerencsét hoz."
211,Ema legszebb napja,"Ema, bátor lány, élt egy kis faluban.

Virágillat volt.

Egy nap Ema felfedezni az erdőt akart.

De az út el volt zárva.

Lina néni, mindent tud jött.

Én is jövök!

Együtt magukkal vitték egy régi távcsövet.

Útközben nevettek egy kicsit.

Útközben beszélgettek körben.

Hirtelen hangosan zörögött valami.

Mindenki elégedetten ment haza.

A kíváncsiság csodákhoz vezet."
212,Péter és a kincs,"Péter, szeret építeni, élt a színes piacon.

Egy patak csobogott halkan.

Egy nap Péter felfedezni a szigetet akart.

De esni kezdett.

Lina néni, mindent tud jött.

Jó, hogy itt vagyok.

Együtt magukkal vitték egy kis kést.

Útközben táncoltak vidáman.

Útközben játszottak egy kicsit.

Hirtelen brekegett egy béka.

Így tökéletes volt a nap.

A nevetés mindig segít."
213,Mia és a rejtély,"Mia, kis énekesnő, élt az öreg kútnál.

Kék volt az ég.

Egy nap Mia megtalálni a barlangot akart.

De a térkép elveszett.

Lina néni, mindent tud jött.

Együtt sikerülni fog!

Együtt magukkal vitték egy meleg takarót.

Útközben nevettek a pataknál.

Útközben meséket mondtak.

Hirtelen ugatott egy kutya.

Mindenki tapsolt örömében.

Aki mer, nyer."
214,Leó és a terv,"Leó, szereti az állatokat, élt a játszótéren.

A madarak vidáman énekeltek.

Egy nap Leó látni a magas hegyet akart.

De besötétedett.

Lina néni, mindent tud jött.

Ne félj, segítek.

Együtt magukkal vitték egy színes térképet.

Útközben táncoltak egy kicsit.

Útközben pihentek vidáman.

Hirtelen leesett egy levél.

Így a félelemből bátorság lett.

A bátorságot jutalmazzák."
215,Anna és az utazás,"Anna, gyorsan gondolkodik, élt a kék folyónál.

Friss fű illata volt.

Egy nap Anna megkeresni a kincset akart.

De a folyó túl mély volt.

Lina néni, mindent tud jött.

Én is jövök!

Együtt magukkal vitték egy régi érmét.

Útközben nevettek körben.

Útközben nevettek hangosan.

Hirtelen zümmögött egy méh.

Mindenki nevetett és hazament.

Megosztani öröm."
216,Max és a lelet,"Max, vidám fiú, élt a zöld réten.

Minden csendes és békés volt.

Egy nap Max átkelni a tavon akart.

De egy fa feküdt keresztben.

Lina néni, mindent tud jött.

Jó, hogy itt vagyok.

Együtt magukkal vitték egy zöld kötelet.

Útközben táncoltak a pataknál.

Útközben táncoltak együtt.

Hirtelen kopogtak.

Így jól végződött a kaland.

Együtt minden könnyebb."
217,Milo és a felfedezés,"Milo, kíváncsi fiú, élt a nagy tölgynél.

A nap melegen sütött.

Egy nap Milo megtalálni a tengert akart.

De erős volt a szél.

Lina néni, mindent tud jött.

Együtt sikerülni fog!

Együtt magukkal vitték egy kis lámpást.

Útközben nevettek hangosan.

Útközben játszottak körben.

Hirtelen egy pillangó táncolt el.

Végül mindenki boldog volt.

Az igazi barátok mindig segítenek."
218,Lena és a kirándulás,"Lena, szeret festeni, élt a zöld parkban.

Pillangók repkedtek.

Egy nap Lena látni a csillagos eget akart.

De köd volt.

Borz bácsi, a kertész jött.

Ne félj, segítek.

Együtt magukkal vitték egy kék üveget.

Útközben táncoltak körben.

Útközben dalt énekeltek.

Hirtelen szél támadt.

A kaland felejthetetlen maradt.

A türelem szerencsét hoz."
219,Finn és a verseny,"Finn, kis álmodozó, élt az öreg erdőben.

Virágillat volt.

Egy nap Finn megmászni a tornyot akart.

De a híd el volt törve.

Borz bácsi, a kertész jött.

Én is jövök!

Együtt magukkal vitték egy sárga táskát.

Útközben énekeltek együtt.

Útközben pihentek a pataknál.

Hirtelen lehullt egy hullócsillag.

Mindenki elégedetten ment haza.

A kíváncsiság csodákhoz vezet."
220,Pippa és a rejtvény,"Pippa, bátor kisegér, élt a sárga mezőn.

Egy patak csobogott halkan.

Egy nap Pippa megnézni a régi várat akart.

De egy kutya hangosan ugatott.

Borz bácsi, a kertész jött.

Jó, hogy itt vagyok.

Együtt magukkal vitték egy piros kötelet.

Útközben táncoltak hangosan.

Útközben énekeltek vidáman.

Hirtelen valaki nevetett.

Így tökéletes volt a nap.

A nevetés mindig segít."
221,Nora és a meglepetés,"Nora, sokat kérdez, élt egy kis faluban.

Kék volt az ég.

Egy nap Nora felfedezni az erdőt akart.

De az út el volt zárva.

Borz bácsi, a kertész jött.

Együtt sikerülni fog!

Együtt magukkal vitték egy régi távcsövet.

Útközben énekeltek vidáman.

Útközben táncoltak egy kicsit.

Hirtelen hangosan zörögött valami.

Mindenki tapsolt örömében.

Aki mer, nyer."
222,Theo és a nagy kaland,"Theo, vidám fiú, élt a színes piacon.

A madarak vidáman énekeltek.

Egy nap Theo felfedezni a szigetet akart.

De esni kezdett.

Borz bácsi, a kertész jött.

Ne félj, segítek.

Együtt magukkal vitték egy kis kést.

Útközben pihentek együtt.

Útközben nevettek együtt.

Hirtelen brekegett egy béka.

Így a félelemből bátorság lett.

A bátorságot jutalmazzák."
223,Ema és a rejtély,"Ema, bátor lány, élt az öreg kútnál.

Friss fű illata volt.

Egy nap Ema megtalálni a barlangot akart.

De a térkép elveszett.

Borz bácsi, a kertész jött.

Én is jövök!

Együtt magukkal vitték egy meleg takarót.

Útközben énekeltek egy kicsit.

Útközben beszélgettek vidáman.

Hirtelen ugatott egy kutya.

Mindenki nevetett és hazament.

Megosztani öröm."
224,Péter legszebb napja,"Péter, szeret építeni, élt a játszótéren.

Minden csendes és békés volt.

Egy nap Péter látni a magas hegyet akart.

De besötétedett.

Borz bácsi, a kertész jött.

Jó, hogy itt vagyok.

Együtt magukkal vitték egy színes térképet.

Útközben pihentek vidáman.

Útközben pihentek hangosan.

Hirtelen leesett egy levél.

Így jól végződött a kaland.

Együtt minden könnyebb."
225,Mia és a kincs,"Mia, kis énekesnő, élt a kék folyónál.

A nap melegen sütött.

Egy nap Mia megkeresni a kincset akart.

De a folyó túl mély volt.

Mira néni, a vicces szomszéd jött.

Együtt sikerülni fog!

Együtt magukkal vitték egy régi érmét.

Útközben énekeltek a pataknál.

Útközben énekeltek egy kicsit.

Hirtelen zümmögött egy méh.

Végül mindenki boldog volt.

Az igazi barátok mindig segítenek."
226,Leó és a rejtély,"Leó, szereti az állatokat, élt a zöld réten.

Pillangók repkedtek.

Egy nap Leó átkelni a tavon akart.

De egy fa feküdt keresztben.

Mira néni, a vicces szomszéd jött.

Ne félj, segítek.

Együtt magukkal vitték egy zöld kötelet.

Útközben pihentek egy kicsit.

Útközben táncoltak körben.

Hirtelen kopogtak.

A kaland felejthetetlen maradt.

A türelem szerencsét hoz."
227,Anna és a terv,"Anna, gyorsan gondolkodik, élt a nagy tölgynél.

Virágillat volt.

Egy nap Anna megtalálni a tengert akart.

De erős volt a szél.

Mira néni, a vicces szomszéd jött.

Én is jövök!

Együtt magukkal vitték egy kis lámpást.

Útközben énekeltek körben.

Útközben nevettek egy kicsit.

Hirtelen egy pillangó táncolt el.

Mindenki elégedetten ment haza.

A kíváncsiság csodákhoz vezet."
228,Max és az utazás,"Max, vidám fiú, élt a zöld parkban.

Egy patak csobogott halkan.

Egy nap Max látni a csillagos eget akart.

De köd volt.

Mira néni, a vicces szomszéd jött.

Jó, hogy itt vagyok.

Együtt magukkal vitték egy kék üveget.

Útközben pihentek a pataknál.

Útközben beszélgettek a pataknál.

Hirtelen szél támadt.

Így tökéletes volt a nap.

A nevetés mindig segít."
229,Milo és a lelet,"Milo, kíváncsi fiú, élt az öreg erdőben.

Kék volt az ég.

Egy nap Milo megmászni a tornyot akart.

De a híd el volt törve.

Mira néni, a vicces szomszéd jött.

Együtt sikerülni fog!

Együtt magukkal vitték egy sárga táskát.

Útközben énekeltek hangosan.

Útközben játszottak vidáman.

Hirtelen lehullt egy hullócsillag.

Mindenki tapsolt örömében.

Aki mer, nyer."
230,Lena és a felfedezés,"Lena, szeret festeni, élt a sárga mezőn.

A madarak vidáman énekeltek.

Egy nap Lena megnézni a régi várat akart.

De egy kutya hangosan ugatott.

Mira néni, a vicces szomszéd jött.

Ne félj, segítek.

Együtt magukkal vitték egy piros kötelet.

Útközben pihentek körben.

Útközben énekeltek hangosan.

Hirtelen valaki nevetett.

Így a félelemből bátorság lett.

A bátorságot jutalmazzák."
231,Finn és a kirándulás,"Finn, kis álmodozó, élt egy kis faluban.

Friss fű illata volt.

Egy nap Finn felfedezni az erdőt akart.

De az út el volt zárva.

Mira néni, a vicces szomszéd jött.

Én is jövök!

Együtt magukkal vitték egy régi távcsövet.

Útközben meséket mondtak.

Útközben pihentek együtt.

Hirtelen hangosan zörögött valami.

Mindenki nevetett és hazament.

Megosztani öröm."
232,Pippa és a verseny,"Pippa, bátor kisegér, élt a színes piacon.

Minden csendes és békés volt.

Egy nap Pippa felfedezni a szigetet akart.

De esni kezdett.

Karcsi bácsi, mindent megjavít jött.

Jó, hogy itt vagyok.

Együtt magukkal vitték egy kis kést.

Útközben pihentek hangosan.

Útközben nevettek körben.

Hirtelen brekegett egy béka.

Így jól végződött a kaland.

Együtt minden könnyebb."
233,Nora és a rejtvény,"Nora, sokat kérdez, élt az öreg kútnál.

A nap melegen sütött.

Egy nap Nora megtalálni a barlangot akart.

De a térkép elveszett.

Karcsi bácsi, mindent megjavít jött.

Együtt sikerülni fog!

Együtt magukkal vitték egy meleg takarót.

Útközben sokat nevettek.

Útközben beszélgettek hangosan.

Hirtelen ugatott egy kutya.

Végül mindenki boldog volt.

Az igazi barátok mindig segítenek."
234,Theo és a meglepetés,"Theo, vidám fiú, élt a játszótéren.

Pillangók repkedtek.

Egy nap Theo látni a magas hegyet akart.

De besötétedett.

Karcsi bácsi, mindent megjavít jött.

Ne félj, segítek.

Együtt magukkal vitték egy színes térképet.

Útközben játszottak együtt.

Útközben játszottak a pataknál.

Hirtelen leesett egy levél.

A kaland felejthetetlen maradt.

A türelem szerencsét hoz."
235,Ema és a nagy kaland,"Ema, bátor lány, élt a kék folyónál.

Virágillat volt.

Egy nap Ema megkeresni a kincset akart.

De a folyó túl mély volt.

Karcsi bácsi, mindent megjavít jött.

Én is jövök!

Együtt magukkal vitték egy régi érmét.

Útközben dalt énekeltek.

Útközben sokat nevettek.

Hirtelen zümmögött egy méh.

Mindenki elégedetten ment haza.

A kíváncsiság csodákhoz vezet."
236,Péter és a rejtély,"Péter, szeret építeni, élt a zöld réten.

Egy patak csobogott halkan.

Egy nap Péter átkelni a tavon akart.

De egy fa feküdt keresztben.

Karcsi bácsi, mindent megjavít jött.

Jó, hogy itt vagyok.

Együtt magukkal vitték egy zöld kötelet.

Útközben játszottak vidáman.

Útközben pihentek egy kicsit.

Hirtelen kopogtak.

Így tökéletes volt a nap.

A nevetés mindig segít."
237,Mia legszebb napja,"Mia, kis énekesnő, élt a nagy tölgynél.

Kék volt az ég.

Egy nap Mia megtalálni a tengert akart.

De erős volt a szél.

Karcsi bácsi, mindent megjavít jött.

Együtt sikerülni fog!

Együtt magukkal vitték egy kis lámpást.

Útközben beszélgettek együtt.

Útközben énekeltek együtt.

Hirtelen egy pillangó táncolt el.

Mindenki tapsolt örömében.

Aki mer, nyer."
238,Leó és a kincs,"Leó, szereti az állatokat, élt a zöld parkban.

A madarak vidáman énekeltek.

Egy nap Leó látni a csillagos eget akart.

De köd volt.

Karcsi bácsi, mindent megjavít jött.

Ne félj, segítek.

Együtt magukkal vitték egy kék üveget.

Útközben játszottak egy kicsit.

Útközben táncoltak vidáman.

Hirtelen szél támadt.

Így a félelemből bátorság lett.

A bátorságot jutalmazzák."
239,Anna és a rejtély,"Anna, gyorsan gondolkodik, élt az öreg erdőben.

Friss fű illata volt.

Egy nap Anna megmászni a tornyot akart.

De a híd el volt törve.

A pék jött.

Én is jövök!

Együtt magukkal vitték egy sárga táskát.

Útközben beszélgettek vidáman.

Útközben játszottak hangosan.

Hirtelen lehullt egy hullócsillag.

Mindenki nevetett és hazament.

Megosztani öröm."
240,Max és a terv,"Max, vidám fiú, élt a sárga mezőn.

Minden csendes és békés volt.

Egy nap Max megnézni a régi várat akart.

De egy kutya hangosan ugatott.

A pék jött.

Jó, hogy itt vagyok.

Együtt magukkal vitték egy piros kötelet.

Útközben játszottak a pataknál.

Útközben beszélgettek együtt.

Hirtelen valaki nevetett.

Így jól végződött a kaland.

Együtt minden könnyebb."
241,Milo és az utazás,"Milo, kíváncsi fiú, élt egy kis faluban.

A nap melegen sütött.

Egy nap Milo felfedezni az erdőt akart.

De az út el volt zárva.

A pék jött.

Együtt sikerülni fog!

Együtt magukkal vitték egy régi távcsövet.

Útközben beszélgettek egy kicsit.

Útközben pihentek körben.

Hirtelen hangosan zörögött valami.

Végül mindenki boldog volt.

Az igazi barátok mindig segítenek."
242,Lena és a lelet,"Lena, szeret festeni, élt a színes piacon.

Pillangók repkedtek.

Egy nap Lena felfedezni a szigetet akart.

De esni kezdett.

A pék jött.

Ne félj, segítek.

Együtt magukkal vitték egy kis kést.

Útközben játszottak körben.

Útközben énekeltek egy kicsit.

Hirtelen brekegett egy béka.

A kaland felejthetetlen maradt.

A türelem szerencsét hoz."
243,Finn és a felfedezés,"Finn, kis álmodozó, élt az öreg kútnál.

Virágillat volt.

Egy nap Finn megtalálni a barlangot akart.

De a térkép elveszett.

A pék jött.

Én is jövök!

Együtt magukkal vitték egy meleg takarót.

Útközben beszélgettek a pataknál.

Útközben táncoltak a pataknál.

Hirtelen ugatott egy kutya.

Mindenki elégedetten ment haza.

A kíváncsiság csodákhoz vezet."
244,Pippa és a kirándulás,"Pippa, bátor kisegér, élt a játszótéren.

Egy patak csobogott halkan.

Egy nap Pippa látni a magas hegyet akart.

De besötétedett.

A pék jött.

Jó, hogy itt vagyok.

Együtt magukkal vitték egy színes térképet.

Útközben játszottak hangosan.

Útközben nevettek vidáman.

Hirtelen leesett egy levél.

Így tökéletes volt a nap.

A nevetés mindig segít."
245,Nora és a verseny,"Nora, sokat kérdez, élt a kék folyónál.

Kék volt az ég.

Egy nap Nora megkeresni a kincset akart.

De a folyó túl mély volt.

A pék jött.

Együtt sikerülni fog!

Együtt magukkal vitték egy régi érmét.

Útközben beszélgettek körben.

Útközben beszélgettek egy kicsit.

Hirtelen zümmögött egy méh.

Mindenki tapsolt örömében.

Aki mer, nyer."
246,Theo és a rejtvény,"Theo, vidám fiú, élt a zöld réten.

A madarak vidáman énekeltek.

Egy nap Theo átkelni a tavon akart.

De egy fa feküdt keresztben.

A postás jött.

Ne félj, segítek.

Együtt magukkal vitték egy zöld kötelet.

Útközben nevettek együtt.

Útközben játszottak együtt.

Hirtelen kopogtak.

Így a félelemből bátorság lett.

A bátorságot jutalmazzák."
247,Ema és a meglepetés,"Ema, bátor lány, élt a nagy tölgynél.

Friss fű illata volt.

Egy nap Ema megtalálni a tengert akart.

De erős volt a szél.

A postás jött.

Én is jövök!

Együtt magukkal vitték egy kis lámpást.

Útközben beszélgettek hangosan.

Útközben énekeltek körben.

Hirtelen egy pillangó táncolt el.

Mindenki nevetett és hazament.

Megosztani öröm."
248,Péter és a nagy kaland,"Péter, szeret építeni, élt a zöld parkban.

Minden csendes és békés volt.

Egy nap Péter látni a csillagos eget akart.

De köd volt.

A postás jött.

Jó, hogy itt vagyok.

Együtt magukkal vitték egy kék üveget.

Útközben nevettek vidáman.

Útközben táncoltak hangosan.

Hirtelen szél támadt.

Így jól végződött a kaland.

Együtt minden könnyebb."
249,Mia és a rejtély,"Mia, kis énekesnő, élt az öreg erdőben.

A nap melegen sütött.

Egy nap Mia megmászni a tornyot akart.

De a híd el volt törve.

A postás jött.

Együtt sikerülni fog!

Együtt magukkal vitték egy sárga táskát.

Útközben táncoltak együtt.

Útközben nevettek a pataknál.

Hirtelen lehullt egy hullócsillag.

Végül mindenki boldog volt.

Az igazi barátok mindig segítenek."
250,Leó legszebb napja,"Leó, szereti az állatokat, élt a sárga mezőn.

Pillangók repkedtek.

Egy nap Leó megnézni a régi várat akart.

De egy kutya hangosan ugatott.

A postás jött.

Ne félj, segítek.

Együtt magukkal vitték egy piros kötelet.

Útközben nevettek egy kicsit.

Útközben beszélgettek körben.

Hirtelen valaki nevetett.

A kaland felejthetetlen maradt.

A türelem szerencsét hoz."
251,Anna és a kincs,"Anna, gyorsan gondolkodik, élt egy kis faluban.

Virágillat volt.

Egy nap Anna felfedezni az erdőt akart.

De az út el volt zárva.

A postás jött.

Én is jövök!

Együtt magukkal vitték egy régi távcsövet.

Útközben táncoltak vidáman.

Útközben játszottak egy kicsit.

Hirtelen hangosan zörögött valami.

Mindenki elégedetten ment haza.

A kíváncsiság csodákhoz vezet."
252,Max és a rejtély,"Max, vidám fiú, élt a színes piacon.

Egy patak csobogott halkan.

Egy nap Max felfedezni a szigetet akart.

De esni kezdett.

A postás jött.

Jó, hogy itt vagyok.

Együtt magukkal vitték egy kis kést.

Útközben nevettek a pataknál.

Útközben meséket mondtak.

Hirtelen brekegett egy béka.

Így tökéletes volt a nap.

A nevetés mindig segít."
253,Milo és a terv,"Milo, kíváncsi fiú, élt az öreg kútnál.

Kék volt az ég.

Egy nap Milo megtalálni a barlangot akart.

De a térkép elveszett.

Lina néni, mindent tud jött.

Együtt sikerülni fog!

Együtt magukkal vitték egy meleg takarót.

Útközben táncoltak egy kicsit.

Útközben pihentek vidáman.

Hirtelen ugatott egy kutya.

Mindenki tapsolt örömében.

Aki mer, nyer."
254,Lena és az utazás,"Lena, szeret festeni, élt a játszótéren.

A madarak vidáman énekeltek.

Egy nap Lena látni a magas hegyet akart.

De besötétedett.

Lina néni, mindent tud jött.

Ne félj, segítek.

Együtt magukkal vitték egy színes térképet.

Útközben nevettek körben.

Útközben nevettek hangosan.

Hirtelen leesett egy levél.

Így a félelemből bátorság lett.

A bátorságot jutalmazzák."
255,Finn és a lelet,"Finn, kis álmodozó, élt a kék folyónál.

Friss fű illata volt.

Egy nap Finn megkeresni a kincset akart.

De a folyó túl mély volt.

Lina néni, mindent tud jött.

Én is jövök!

Együtt magukkal vitték egy régi érmét.

Útközben táncoltak a pataknál.

Útközben táncoltak együtt.

Hirtelen zümmögött egy méh.

Mindenki nevetett és hazament.

Megosztani öröm."
256,Pippa és a felfedezés,"Pippa, bátor kisegér, élt a zöld réten.

Minden csendes és békés volt.

Egy nap Pippa átkelni a tavon akart.

De egy fa feküdt keresztben.

Lina néni, mindent tud jött.

Jó, hogy itt vagyok.

Együtt magukkal vitték egy zöld kötelet.

Útközben nevettek hangosan.

Útközben játszottak körben.

Hirtelen kopogtak.

Így jól végződött a kaland.

Együtt minden könnyebb."
257,Nora és a kirándulás,"Nora, sokat kérdez, élt a nagy tölgynél.

A nap melegen sütött.

Egy nap Nora megtalálni a tengert akart.

De erős volt a szél.

Lina néni, mindent tud jött.

Együtt sikerülni fog!

Együtt magukkal vitték egy kis lámpást.

Útközben táncoltak körben.

Útközben dalt énekeltek.

Hirtelen egy pillangó táncolt el.

Végül mindenki boldog volt.

Az igazi barátok mindig segítenek."
258,Theo és a verseny,"Theo, vidám fiú, élt a zöld parkban.

Pillangók repkedtek.

Egy nap Theo látni a csillagos eget akart.

De köd volt.

Lina néni, mindent tud jött.

Ne félj, segítek.

Együtt magukkal vitték egy kék üveget.

Útközben énekeltek együtt.

Útközben pihentek a pataknál.

Hirtelen szél támadt.

A kaland felejthetetlen maradt.

A türelem szerencsét hoz."
259,Ema és a rejtvény,"Ema, bátor lány, élt az öreg erdőben.

Virágillat volt.

Egy nap Ema megmászni a tornyot akart.

De a híd el volt törve.

Lina néni, mindent tud jött.

Én is jövök!

Együtt magukkal vitték egy sárga táskát.

Útközben táncoltak hangosan.

Útközben énekeltek vidáman.

Hirtelen lehullt egy hullócsillag.

Mindenki elégedetten ment haza.

A kíváncsiság csodákhoz vezet."
260,Péter és a meglepetés,"Péter, szeret építeni, élt a sárga mezőn.

Egy patak csobogott halkan.

Egy nap Péter megnézni a régi várat akart.

De egy kutya hangosan ugatott.

Borz bácsi, a kertész jött.

Jó, hogy itt vagyok.

Együtt magukkal vitték egy piros kötelet.

Útközben énekeltek vidáman.

Útközben táncoltak egy kicsit.

Hirtelen valaki nevetett.

Így tökéletes volt a nap.

A nevetés mindig segít."
261,Mia és a nagy kaland,"Mia, kis énekesnő, élt egy kis faluban.

Kék volt az ég.

Egy nap Mia felfedezni az erdőt akart.

De az út el volt zárva.

Borz bácsi, a kertész jött.

Együtt sikerülni fog!

Együtt magukkal vitték egy régi távcsövet.

Útközben pihentek együtt.

Útközben nevettek együtt.

Hirtelen hangosan zörögött valami.

Mindenki tapsolt örömében.

Aki mer, nyer."
262,Leó és a rejtély,"Leó, szereti az állatokat, élt a színes piacon.

A madarak vidáman énekeltek.

Egy nap Leó felfedezni a szigetet akart.

De esni kezdett.

Borz bácsi, a kertész jött.

Ne félj, segítek.

Együtt magukkal vitték egy kis kést.

Útközben énekeltek egy kicsit.

Útközben beszélgettek vidáman.

Hirtelen brekegett egy béka.

Így a félelemből bátorság lett.

A bátorságot jutalmazzák."
263,Anna legszebb napja,"Anna, gyorsan gondolkodik, élt az öreg kútnál.

Friss fű illata volt.

Egy nap Anna megtalálni a barlangot akart.

De a térkép elveszett.

Borz bácsi, a kertész jött.

Én is jövök!

Együtt magukkal vitték egy meleg takarót.

Útközben pihentek vidáman.

Útközben pihentek hangosan.

Hirtelen ugatott egy kutya.

Mindenki nevetett és hazament.

Megosztani öröm."
264,Max és a kincs,"Max, vidám fiú, élt a játszótéren.

Minden csendes és békés volt.

Egy nap Max látni a magas hegyet akart.

De besötétedett.

Borz bácsi, a kertész jött.

Jó, hogy itt vagyok.

Együtt magukkal vitték egy színes térképet.

Útközben énekeltek a pataknál.

Útközben énekeltek egy kicsit.

Hirtelen leesett egy levél.

Így jól végződött a kaland.

Együtt minden könnyebb."
265,Milo és a rejtély,"Milo, kíváncsi fiú, élt a kék folyónál.

A nap melegen sütött.

Egy nap Milo megkeresni a kincset akart.

De a folyó túl mély volt.

Borz bácsi, a kertész jött.

Együtt sikerülni fog!

Együtt magukkal vitték egy régi érmét.

Útközben pihentek egy kicsit.

Útközben táncoltak körben.

Hirtelen zümmögött egy méh.

Végül mindenki boldog volt.

Az igazi barátok mindig segítenek."
266,Lena és a terv,"Lena, szeret festeni, élt a zöld réten.

Pillangók repkedtek.

Egy nap Lena átkelni a tavon akart.

De egy fa feküdt keresztben.

Borz bácsi, a kertész jött.

Ne félj, segítek.

Együtt magukkal vitték egy zöld kötelet.

Útközben énekeltek körben.

Útközben nevettek egy kicsit.

Hirtelen kopogtak.

A kaland felejthetetlen maradt.

A türelem szerencsét hoz."
267,Finn és az utazás,"Finn, kis álmodozó, élt a nagy tölgynél.

Virágillat volt.

Egy nap Finn megtalálni a tengert akart.

De erős volt a szél.

Mira néni, a vicces szomszéd jött.

Én is jövök!

Együtt magukkal vitték egy kis lámpást.

Útközben pihentek a pataknál.

Útközben beszélgettek a pataknál.

Hirtelen egy pillangó táncolt el.

Mindenki elégedetten ment haza.

A kíváncsiság csodákhoz vezet."
268,Pippa és a lelet,"Pippa, bátor kisegér, élt a zöld parkban.

Egy patak csobogott halkan.

Egy nap Pippa látni a csillagos eget akart.

De köd volt.

Mira néni, a vicces szomszéd jött.

Jó, hogy itt vagyok.

Együtt magukkal vitték egy kék üveget.

Útközben énekeltek hangosan.

Útközben játszottak vidáman.

Hirtelen szél támadt.

Így tökéletes volt a nap.

A nevetés mindig segít."
269,Nora és a felfedezés,"Nora, sokat kérdez, élt az öreg erdőben.

Kék volt az ég.

Egy nap Nora megmászni a tornyot akart.

De a híd el volt törve.

Mira néni, a vicces szomszéd jött.

Együtt sikerülni fog!

Együtt magukkal vitték egy sárga táskát.

Útközben pihentek körben.

Útközben énekeltek hangosan.

Hirtelen lehullt egy hullócsillag.

Mindenki tapsolt örömében.

Aki mer, nyer."
270,Theo és a kirándulás,"Theo, vidám fiú, élt a sárga mezőn.

A madarak vidáman énekeltek.

Egy nap Theo megnézni a régi várat akart.

De egy kutya hangosan ugatott.

Mira néni, a vicces szomszéd jött.

Ne félj, segítek.

Együtt magukkal vitték egy piros kötelet.

Útközben meséket mondtak.

Útközben pihentek együtt.

Hirtelen valaki nevetett.

Így a félelemből bátorság lett.

A bátorságot jutalmazzák."
271,Ema és a verseny,"Ema, bátor lány, élt egy kis faluban.

Friss fű illata volt.

Egy nap Ema felfedezni az erdőt akart.

De az út el volt zárva.

Mira néni, a vicces szomszéd jött.

Én is jövök!

Együtt magukkal vitték egy régi távcsövet.

Útközben pihentek hangosan.

Útközben nevettek körben.

Hirtelen hangosan zörögött valami.

Mindenki nevetett és hazament.

Megosztani öröm."
272,Péter és a rejtvény,"Péter, szeret építeni, élt a színes piacon.

Minden csendes és békés volt.

Egy nap Péter felfedezni a szigetet akart.

De esni kezdett.

Mira néni, a vicces szomszéd jött.

Jó, hogy itt vagyok.

Együtt magukkal vitték egy kis kést.

Útközben sokat nevettek.

Útközben beszélgettek hangosan.

Hirtelen brekegett egy béka.

Így jól végződött a kaland.

Együtt minden könnyebb."
273,Mia és a meglepetés,"Mia, kis énekesnő, élt az öreg kútnál.

A nap melegen sütött.

Egy nap Mia megtalálni a barlangot akart.

De a térkép elveszett.

Mira néni, a vicces szomszéd jött.

Együtt sikerülni fog!

Együtt magukkal vitték egy meleg takarót.

Útközben játszottak együtt.

Útközben játszottak a pataknál.

Hirtelen ugatott egy kutya.

Végül mindenki boldog volt.

Az igazi barátok mindig segítenek."
274,Leó és a nagy kaland,"Leó, szereti az állatokat, élt a játszótéren.

Pillangók repkedtek.

Egy nap Leó látni a magas hegyet akart.

De besötétedett.

Karcsi bácsi, mindent megjavít jött.

Ne félj, segítek.

Együtt magukkal vitték egy színes térképet.

Útközben dalt énekeltek.

Útközben sokat nevettek.

Hirtelen leesett egy levél.

A kaland felejthetetlen maradt.

A türelem szerencsét hoz."
275,Anna és a rejtély,"Anna, gyorsan gondolkodik, élt a kék folyónál.

Virágillat volt.

Egy nap Anna megkeresni a kincset akart.

De a folyó túl mély volt.

Karcsi bácsi, mindent megjavít jött.

Én is jövök!

Együtt magukkal vitték egy régi érmét.

Útközben játszottak vidáman.

Útközben pihentek egy kicsit.

Hirtelen zümmögött egy méh.

Mindenki elégedetten ment haza.

A kíváncsiság csodákhoz vezet."
276,Max legszebb napja,"Max, vidám fiú, élt a zöld réten.

Egy patak csobogott halkan.

Egy nap Max átkelni a tavon akart.

De egy fa feküdt keresztben.

Karcsi bácsi, mindent megjavít jött.

Jó, hogy itt vagyok.

Együtt magukkal vitték egy zöld kötelet.

Útközben beszélgettek együtt.

Útközben énekeltek együtt.

Hirtelen kopogtak.

Így tökéletes volt a nap.

A nevetés mindig segít."
277,Milo és a kincs,"Milo, kíváncsi fiú, élt a nagy tölgynél.

Kék volt az ég.

Egy nap Milo megtalálni a tengert akart.

De erős volt a szél.

Karcsi bácsi, mindent megjavít jött.

Együtt sikerülni fog!

Együtt magukkal vitték egy kis lámpást.

Útközben játszottak egy kicsit.

Útközben táncoltak vidáman.

Hirtelen egy pillangó táncolt el.

Mindenki tapsolt örömében.

Aki mer, nyer."
278,Lena és a rejtély,"Lena, szeret festeni, élt a zöld parkban.

A madarak vidáman énekeltek.

Egy nap Lena látni a csillagos eget akart.

De köd volt.

Karcsi bácsi, mindent megjavít jött.

Ne félj, segítek.

Együtt magukkal vitték egy kék üveget.

Útközben beszélgettek vidáman.

Útközben játszottak hangosan.

Hirtelen szél támadt.

Így a félelemből bátorság lett.

A bátorságot jutalmazzák."
279,Finn és a terv,"Finn, kis álmodozó, élt az öreg erdőben.

Friss fű illata volt.

Egy nap Finn megmászni a tornyot akart.

De a híd el volt törve.

Karcsi bácsi, mindent megjavít jött.

Én is jövök!

Együtt magukkal vitték egy sárga táskát.

Útközben játszottak a pataknál.

Útközben beszélgettek együtt.

Hirtelen lehullt egy hullócsillag.

Mindenki nevetett és hazament.

Megosztani öröm."
280,Pippa és az utazás,"Pippa, bátor kisegér, élt a sárga mezőn.

Minden csendes és békés volt.

Egy nap Pippa megnézni a régi várat akart.

De egy kutya hangosan ugatott.

Karcsi bácsi, mindent megjavít jött.

Jó, hogy itt vagyok.

Együtt magukkal vitték egy piros kötelet.

Útközben beszélgettek egy kicsit.

Útközben pihentek körben.

Hirtelen valaki nevetett.

Így jól végződött a kaland.

Együtt minden könnyebb."
281,Nora és a lelet,"Nora, sokat kérdez, élt egy kis faluban.

A nap melegen sütött.

Egy nap Nora felfedezni az erdőt akart.

De az út el volt zárva.

A pék jött.

Együtt sikerülni fog!

Együtt magukkal vitték egy régi távcsövet.

Útközben játszottak körben.

Útközben énekeltek egy kicsit.

Hirtelen hangosan zörögött valami.

Végül mindenki boldog volt.

Az igazi barátok mindig segítenek."
282,Theo és a felfedezés,"Theo, vidám fiú, élt a színes piacon.

Pillangók repkedtek.

Egy nap Theo felfedezni a szigetet akart.

De esni kezdett.

A pék jött.

Ne félj, segítek.

Együtt magukkal vitték egy kis kést.

Útközben beszélgettek a pataknál.

Útközben táncoltak a pataknál.

Hirtelen brekegett egy béka.

A kaland felejthetetlen maradt.

A türelem szerencsét hoz."
283,Ema és a kirándulás,"Ema, bátor lány, élt az öreg kútnál.

Virágillat volt.

Egy nap Ema megtalálni a barlangot akart.

De a térkép elveszett.

A pék jött.

Én is jövök!

Együtt magukkal vitték egy meleg takarót.

Útközben játszottak hangosan.

Útközben nevettek vidáman.

Hirtelen ugatott egy kutya.

Mindenki elégedetten ment haza.

A kíváncsiság csodákhoz vezet."
284,Péter és a verseny,"Péter, szeret építeni, élt a játszótéren.

Egy patak csobogott halkan.

Egy nap Péter látni a magas hegyet akart.

De besötétedett.

A pék jött.

Jó, hogy itt vagyok.

Együtt magukkal vitték egy színes térképet.

Útközben beszélgettek körben.

Útközben beszélgettek egy kicsit.

Hirtelen leesett egy levél.

Így tökéletes volt a nap.

A nevetés mindig segít."
285,Mia és a rejtvény,"Mia, kis énekesnő, élt a kék folyónál.

Kék volt az ég.

Egy nap Mia megkeresni a kincset akart.

De a folyó túl mély volt.

A pék jött.

Együtt sikerülni fog!

Együtt magukkal vitték egy régi érmét.

Útközben nevettek együtt.

Útközben játszottak együtt.

Hirtelen zümmögött egy méh.

Mindenki tapsolt örömében.

Aki mer, nyer."
286,Leó és a meglepetés,"Leó, szereti az állatokat, élt a zöld réten.

A madarak vidáman énekeltek.

Egy nap Leó átkelni a tavon akart.

De egy fa feküdt keresztben.

A pék jött.

Ne félj, segítek.

Együtt magukkal vitték egy zöld kötelet.

Útközben beszélgettek hangosan.

Útközben énekeltek körben.

Hirtelen kopogtak.

Így a félelemből bátorság lett.

A bátorságot jutalmazzák."
287,Anna és a nagy kaland,"Anna, gyorsan gondolkodik, élt a nagy tölgynél.

Friss fű illata volt.

Egy nap Anna megtalálni a tengert akart.

De erős volt a szél.

A pék jött.

Én is jövök!

Együtt magukkal vitték egy kis lámpást.

Útközben nevettek vidáman.

Útközben táncoltak hangosan.

Hirtelen egy pillangó táncolt el.

Mindenki nevetett és hazament.

Megosztani öröm."
288,Max és a rejtély,"Max, vidám fiú, élt a zöld parkban.

Minden csendes és békés volt.

Egy nap Max látni a csillagos eget akart.

De köd volt.

A postás jött.

Jó, hogy itt vagyok.

Együtt magukkal vitték egy kék üveget.

Útközben táncoltak együtt.

Útközben nevettek a pataknál.

Hirtelen szél támadt.

Így jól végződött a kaland.

Együtt minden könnyebb."
289,Milo legszebb napja,"Milo, kíváncsi fiú, élt az öreg erdőben.

A nap melegen sütött.

Egy nap Milo megmászni a tornyot akart.

De a híd el volt törve.

A postás jött.

Együtt sikerülni fog!

Együtt magukkal vitték egy sárga táskát.

Útközben nevettek egy kicsit.

Útközben beszélgettek körben.

Hirtelen lehullt egy hullócsillag.

Végül mindenki boldog volt.

Az igazi barátok mindig segítenek."
290,Lena és a kincs,"Lena, szeret festeni, élt a sárga mezőn.

Pillangók repkedtek.

Egy nap Lena megnézni a régi várat akart.

De egy kutya hangosan ugatott.

A postás jött.

Ne félj, segítek.

Együtt magukkal vitték egy piros kötelet.

Útközben táncoltak vidáman.

Útközben játszottak egy kicsit.

Hirtelen valaki nevetett.

A kaland felejthetetlen maradt.

A türelem szerencsét hoz."
291,Finn és a rejtély,"Finn, kis álmodozó, élt egy kis faluban.

Virágillat volt.

Egy nap Finn felfedezni az erdőt akart.

De az út el volt zárva.

A postás jött.

Én is jövök!

Együtt magukkal vitték egy régi távcsövet.

Útközben nevettek a pataknál.

Útközben meséket mondtak.

Hirtelen hangosan zörögött valami.

Mindenki elégedetten ment haza.

A kíváncsiság csodákhoz vezet."
292,Pippa és a terv,"Pippa, bátor kisegér, élt a színes piacon.

Egy patak csobogott halkan.

Egy nap Pippa felfedezni a szigetet akart.

De esni kezdett.

A postás jött.

Jó, hogy itt vagyok.

Együtt magukkal vitték egy kis kést.

Útközben táncoltak egy kicsit.

Útközben pihentek vidáman.

Hirtelen brekegett egy béka.

Így tökéletes volt a nap.

A nevetés mindig segít."
293,Nora és az utazás,"Nora, sokat kérdez, élt az öreg kútnál.

Kék volt az ég.

Egy nap Nora megtalálni a barlangot akart.

De a térkép elveszett.

A postás jött.

Együtt sikerülni fog!

Együtt magukkal vitték egy meleg takarót.

Útközben nevettek körben.

Útközben nevettek hangosan.

Hirtelen ugatott egy kutya.

Mindenki tapsolt örömében.

Aki mer, nyer."
294,Theo és a lelet,"Theo, vidám fiú, élt a játszótéren.

A madarak vidáman énekeltek.

Egy nap Theo látni a magas hegyet akart.

De besötétedett.

A postás jött.

Ne félj, segítek.

Együtt magukkal vitték egy színes térképet.

Útközben táncoltak a pataknál.

Útközben táncoltak együtt.

Hirtelen leesett egy levél.

Így a félelemből bátorság lett.

A bátorságot jutalmazzák."
295,Ema és a felfedezés,"Ema, bátor lány, élt a kék folyónál.

Friss fű illata volt.

Egy nap Ema megkeresni a kincset akart.

De a folyó túl mély volt.

Lina néni, mindent tud jött.

Én is jövök!

Együtt magukkal vitték egy régi érmét.

Útközben nevettek hangosan.

Útközben játszottak körben.

Hirtelen zümmögött egy méh.

Mindenki nevetett és hazament.

Megosztani öröm."
296,Péter és a kirándulás,"Péter, szeret építeni, élt a zöld réten.

Minden csendes és békés volt.

Egy nap Péter átkelni a tavon akart.

De egy fa feküdt keresztben.

Lina néni, mindent tud jött.

Jó, hogy itt vagyok.

Együtt magukkal vitték egy zöld kötelet.

Útközben táncoltak körben.

Útközben dalt énekeltek.

Hirtelen kopogtak.

Így jól végződött a kaland.

Együtt minden könnyebb."
297,Mia és a verseny,"Mia, kis énekesnő, élt a nagy tölgynél.

A nap melegen sütött.

Egy nap Mia megtalálni a tengert akart.

De erős volt a szél.

Lina néni, mindent tud jött.

Együtt sikerülni fog!

Együtt magukkal vitték egy kis lámpást.

Útközben énekeltek együtt.

Útközben pihentek a pataknál.

Hirtelen egy pillangó táncolt el.

Végül mindenki boldog volt.

Az igazi barátok mindig segítenek."
298,Leó és a rejtvény,"Leó, szereti az állatokat, élt a zöld parkban.

Pillangók repkedtek.

Egy nap Leó látni a csillagos eget akart.

De köd volt.

Lina néni, mindent tud jött.

Ne félj, segítek.

Együtt magukkal vitték egy kék üveget.

Útközben táncoltak hangosan.

Útközben énekeltek vidáman.

Hirtelen szél támadt.

A kaland felejthetetlen maradt.

A türelem szerencsét hoz."
299,Anna és a meglepetés,"Anna, gyorsan gondolkodik, élt az öreg erdőben.

Virágillat volt.

Egy nap Anna megmászni a tornyot akart.

De a híd el volt törve.

Lina néni, mindent tud jött.

Én is jövök!

Együtt magukkal vitték egy sárga táskát.

Útközben énekeltek vidáman.

Útközben táncoltak egy kicsit.

Hirtelen lehullt egy hullócsillag.

Mindenki elégedetten ment haza.

A kíváncsiság csodákhoz vezet."
300,Max és a nagy kaland,"Max, vidám fiú, élt a sárga mezőn.

Egy patak csobogott halkan.

Egy nap Max megnézni a régi várat akart.

De egy kutya hangosan ugatott.

Lina néni, mindent tud jött.

Jó, hogy itt vagyok.

Együtt magukkal vitték egy piros kötelet.

Útközben pihentek együtt.

Útközben nevettek együtt.

Hirtelen valaki nevetett.

Így tökéletes volt a nap.

A nevetés mindig segít."
301,Milo és a rejtély,"Milo, kíváncsi fiú, élt egy kis faluban.

Kék volt az ég.

Egy nap Milo felfedezni az erdőt akart.

De az út el volt zárva.

Lina néni, mindent tud jött.

Együtt sikerülni fog!

Együtt magukkal vitték egy régi távcsövet.

Útközben énekeltek egy kicsit.

Útközben beszélgettek vidáman.

Hirtelen hangosan zörögött valami.

Mindenki tapsolt örömében.

Aki mer, nyer."
302,Lena legszebb napja,"Lena, szeret festeni, élt a színes piacon.

A madarak vidáman énekeltek.

Egy nap Lena felfedezni a szigetet akart.

De esni kezdett.

Borz bácsi, a kertész jött.

Ne félj, segítek.

Együtt magukkal vitték egy kis kést.

Útközben pihentek vidáman.

Útközben pihentek hangosan.

Hirtelen brekegett egy béka.

Így a félelemből bátorság lett.

A bátorságot jutalmazzák."
303,Finn és a kincs,"Finn, kis álmodozó, élt az öreg kútnál.

Friss fű illata volt.

Egy nap Finn megtalálni a barlangot akart.

De a térkép elveszett.

Borz bácsi, a kertész jött.

Én is jövök!

Együtt magukkal vitték egy meleg takarót.

Útközben énekeltek a pataknál.

Útközben énekeltek egy kicsit.

Hirtelen ugatott egy kutya.

Mindenki nevetett és hazament.

Megosztani öröm."
304,Pippa és a rejtély,"Pippa, bátor kisegér, élt a játszótéren.

Minden csendes és békés volt.

Egy nap Pippa látni a magas hegyet akart.

De besötétedett.

Borz bácsi, a kertész jött.

Jó, hogy itt vagyok.

Együtt magukkal vitték egy színes térképet.

Útközben pihentek egy kicsit.

Útközben táncoltak körben.

Hirtelen leesett egy levél.

Így jól végződött a kaland.

Együtt minden könnyebb."
305,Nora és a terv,"Nora, sokat kérdez, élt a kék folyónál.

A nap melegen sütött.

Egy nap Nora megkeresni a kincset akart.

De a folyó túl mély volt.

Borz bácsi, a kertész jött.

Együtt sikerülni fog!

Együtt magukkal vitték egy régi érmét.

Útközben énekeltek körben.

Útközben nevettek egy kicsit.

Hirtelen zümmögött egy méh.

Végül mindenki boldog volt.

Az igazi barátok mindig segítenek."
306,Theo és az utazás,"Theo, vidám fiú, élt a zöld réten.

Pillangók repkedtek.

Egy nap Theo átkelni a tavon akart.

De egy fa feküdt keresztben.

Borz bácsi, a kertész jött.

Ne félj, segítek.

Együtt magukkal vitték egy zöld kötelet.

Útközben pihentek a pataknál.

Útközben beszélgettek a pataknál.

Hirtelen kopogtak.

A kaland felejthetetlen maradt.

A türelem szerencsét hoz."
307,Ema és a lelet,"Ema, bátor lány, élt a nagy tölgynél.

Virágillat volt.

Egy nap Ema megtalálni a tengert akart.

De erős volt a szél.

Borz bácsi, a kertész jött.

Én is jövök!

Együtt magukkal vitték egy kis lámpást.

Útközben énekeltek hangosan.

Útközben játszottak vidáman.

Hirtelen egy pillangó táncolt el.

Mindenki elégedetten ment haza.

A kíváncsiság csodákhoz vezet."
308,Péter és a felfedezés,"Péter, szeret építeni, élt a zöld parkban.

Egy patak csobogott halkan.

Egy nap Péter látni a csillagos eget akart.

De köd volt.

Borz bácsi, a kertész jött.

Jó, hogy itt vagyok.

Együtt magukkal vitték egy kék üveget.

Útközben pihentek körben.

Útközben énekeltek hangosan.

Hirtelen szél támadt.

Így tökéletes volt a nap.

A nevetés mindig segít."
309,Mia és a kirándulás,"Mia, kis énekesnő, élt az öreg erdőben.

Kék volt az ég.

Egy nap Mia megmászni a tornyot akart.

De a híd el volt törve.

Mira néni, a vicces szomszéd jött.

Együtt sikerülni fog!

Együtt magukkal vitték egy sárga táskát.

Útközben meséket mondtak.

Útközben pihentek együtt.

Hirtelen lehullt egy hullócsillag.

Mindenki tapsolt örömében.

Aki mer, nyer."
310,Leó és a verseny,"Leó, szereti az állatokat, élt a sárga mezőn.

A madarak vidáman énekeltek.

Egy nap Leó megnézni a régi várat akart.

De egy kutya hangosan ugatott.

Mira néni, a vicces szomszéd jött.

Ne félj, segítek.

Együtt magukkal vitték egy piros kötelet.

Útközben pihentek hangosan.

Útközben nevettek körben.

Hirtelen valaki nevetett.

Így a félelemből bátorság lett.

A bátorságot jutalmazzák."
311,Anna és a rejtvény,"Anna, gyorsan gondolkodik, élt egy kis faluban.

Friss fű illata volt.

Egy nap Anna felfedezni az erdőt akart.

De az út el volt zárva.

Mira néni, a vicces szomszéd jött.

Én is jövök!

Együtt magukkal vitték egy régi távcsövet.

Útközben sokat nevettek.

Útközben beszélgettek hangosan.

Hirtelen hangosan zörögött valami.

Mindenki nevetett és hazament.

Megosztani öröm."
312,Max és a meglepetés,"Max, vidám fiú, élt a színes piacon.

Minden csendes és békés volt.

Egy nap Max felfedezni a szigetet akart.

De esni kezdett.

Mira néni, a vicces szomszéd jött.

Jó, hogy itt vagyok.

Együtt magukkal vitték egy kis kést.

Útközben játszottak együtt.

Útközben játszottak a pataknál.

Hirtelen brekegett egy béka.

Így jól végződött a kaland.

Együtt minden könnyebb."
313,Milo és a nagy kaland,"Milo, kíváncsi fiú, élt az öreg kútnál.

A nap melegen sütött.

Egy nap Milo megtalálni a barlangot akart.

De a térkép elveszett.

Mira néni, a vicces szomszéd jött.

Együtt sikerülni fog!

Együtt magukkal vitték egy meleg takarót.

Útközben dalt énekeltek.

Útközben sokat nevettek.

Hirtelen ugatott egy kutya.

Végül mindenki boldog volt.

Az igazi barátok mindig segítenek."
314,Lena és a rejtély,"Lena, szeret festeni, élt a játszótéren.

Pillangók repkedtek.

Egy nap Lena látni a magas hegyet akart.

De besötétedett.

Mira néni, a vicces szomszéd jött.

Ne félj, segítek.

Együtt magukkal vitték egy színes térképet.

Útközben játszottak vidáman.

Útközben pihentek egy kicsit.

Hirtelen leesett egy levél.

A kaland felejthetetlen maradt.

A türelem szerencsét hoz."
315,Finn legszebb napja,"Finn, kis álmodozó, élt a kék folyónál.

Virágillat volt.

Egy nap Finn megkeresni a kincset akart.

De a folyó túl mély volt.

Mira néni, a vicces szomszéd jött.

Én is jövök!

Együtt magukkal vitték egy régi érmét.

Útközben beszélgettek együtt.

Útközben énekeltek együtt.

Hirtelen zümmögött egy méh.

Mindenki elégedetten ment haza.

A kíváncsiság csodákhoz vezet."
316,Pippa és a kincs,"Pippa, bátor kisegér, élt a zöld réten.

Egy patak csobogott halkan.

Egy nap Pippa átkelni a tavon akart.

De egy fa feküdt keresztben.

Karcsi bácsi, mindent megjavít jött.

Jó, hogy itt vagyok.

Együtt magukkal vitték egy zöld kötelet.

Útközben játszottak egy kicsit.

Útközben táncoltak vidáman.

Hirtelen kopogtak.

Így tökéletes volt a nap.

A nevetés mindig segít."
317,Nora és a rejtély,"Nora, sokat kérdez, élt a nagy tölgynél.

Kék volt az ég.

Egy nap Nora megtalálni a tengert akart.

De erős volt a szél.

Karcsi bácsi, mindent megjavít jött.

Együtt sikerülni fog!

Együtt magukkal vitték egy kis lámpást.

Útközben beszélgettek vidáman.

Útközben játszottak hangosan.

Hirtelen egy pillangó táncolt el.

Mindenki tapsolt örömében.

Aki mer, nyer."
318,Theo és a terv,"Theo, vidám fiú, élt a zöld parkban.

A madarak vidáman énekeltek.

Egy nap Theo látni a csillagos eget akart.

De köd volt.

Karcsi bácsi, mindent megjavít jött.

Ne félj, segítek.

Együtt magukkal vitték egy kék üveget.

Útközben játszottak a pataknál.

Útközben beszélgettek együtt.

Hirtelen szél támadt.

Így a félelemből bátorság lett.

A bátorságot jutalmazzák."
319,Ema és az utazás,"Ema, bátor lány, élt az öreg erdőben.

Friss fű illata volt.

Egy nap Ema megmászni a tornyot akart.

De a híd el volt törve.

Karcsi bácsi, mindent megjavít jött.

Én is jövök!

Együtt magukkal vitték egy sárga táskát.

Útközben beszélgettek egy kicsit.

Útközben pihentek körben.

Hirtelen lehullt egy hullócsillag.

Mindenki nevetett és hazament.

Megosztani öröm."
320,Péter és a lelet,"Péter, szeret építeni, élt a sárga mezőn.

Minden csendes és békés volt.

Egy nap Péter megnézni a régi várat akart.

De egy kutya hangosan ugatott.

Karcsi bácsi, mindent megjavít jött.

Jó, hogy itt vagyok.

Együtt magukkal vitték egy piros kötelet.

Útközben játszottak körben.

Útközben énekeltek egy kicsit.

Hirtelen valaki nevetett.

Így jól végződött a kaland.

Együtt minden könnyebb."
321,Mia és a felfedezés,"Mia, kis énekesnő, élt egy kis faluban.

A nap melegen sütött.

Egy nap Mia felfedezni az erdőt akart.

De az út el volt zárva.

Karcsi bácsi, mindent megjavít jött.

Együtt sikerülni fog!

Együtt magukkal vitték egy régi távcsövet.

Útközben beszélgettek a pataknál.

Útközben táncoltak a pataknál.

Hirtelen hangosan zörögött valami.

Végül mindenki boldog volt.

Az igazi barátok mindig segítenek."
322,Leó és a kirándulás,"Leó, szereti az állatokat, élt a színes piacon.

Pillangók repkedtek.

Egy nap Leó felfedezni a szigetet akart.

De esni kezdett.

Karcsi bácsi, mindent megjavít jött.

Ne félj, segítek.

Együtt magukkal vitték egy kis kést.

Útközben játszottak hangosan.

Útközben nevettek vidáman.

Hirtelen brekegett egy béka.

A kaland felejthetetlen maradt.

A türelem szerencsét hoz."
323,Anna és a verseny,"Anna, gyorsan gondolkodik, élt az öreg kútnál.

Virágillat volt.

Egy nap Anna megtalálni a barlangot akart.

De a térkép elveszett.

A pék jött.

Én is jövök!

Együtt magukkal vitték egy meleg takarót.

Útközben beszélgettek körben.

Útközben beszélgettek egy kicsit.

Hirtelen ugatott egy kutya.

Mindenki elégedetten ment haza.

A kíváncsiság csodákhoz vezet."
324,Max és a rejtvény,"Max, vidám fiú, élt a játszótéren.

Egy patak csobogott halkan.

Egy nap Max látni a magas hegyet akart.

De besötétedett.

A pék jött.

Jó, hogy itt vagyok.

Együtt magukkal vitték egy színes térképet.

Útközben nevettek együtt.

Útközben játszottak együtt.

Hirtelen leesett egy levél.

Így tökéletes volt a nap.

A nevetés mindig segít."
325,Milo és a meglepetés,"Milo, kíváncsi fiú, élt a kék folyónál.

Kék volt az ég.

Egy nap Milo megkeresni a kincset akart.

De a folyó túl mély volt.

A pék jött.

Együtt sikerülni fog!

Együtt magukkal vitték egy régi érmét.

Útközben beszélgettek hangosan.

Útközben énekeltek körben.

Hirtelen zümmögött egy méh.

Mindenki tapsolt örömében.

Aki mer, nyer."
326,Lena és a nagy kaland,"Lena, szeret festeni, élt a zöld réten.

A madarak vidáman énekeltek.

Egy nap Lena átkelni a tavon akart.

De egy fa feküdt keresztben.

A pék jött.

Ne félj, segítek.

Együtt magukkal vitték egy zöld kötelet.

Útközben nevettek vidáman.

Útközben táncoltak hangosan.

Hirtelen kopogtak.

Így a félelemből bátorság lett.

A bátorságot jutalmazzák."
327,Finn és a rejtély,"Finn, kis álmodozó, élt a nagy tölgynél.

Friss fű illata volt.

Egy nap Finn megtalálni a tengert akart.

De erős volt a szél.

A pék jött.

Én is jövök!

Együtt magukkal vitték egy kis lámpást.

Útközben táncoltak együtt.

Útközben nevettek a pataknál.

Hirtelen egy pillangó táncolt el.

Mindenki nevetett és hazament.

Megosztani öröm."
328,Pippa legszebb napja,"Pippa, bátor kisegér, élt a zöld parkban.

Minden csendes és békés volt.

Egy nap Pippa látni a csillagos eget akart.

De köd volt.

A pék jött.

Jó, hogy itt vagyok.

Együtt magukkal vitték egy kék üveget.

Útközben nevettek egy kicsit.

Útközben beszélgettek körben.

Hirtelen szél támadt.

Így jól végződött a kaland.

Együtt minden könnyebb."
329,Nora és a kincs,"Nora, sokat kérdez, élt az öreg erdőben.

A nap melegen sütött.

Egy nap Nora megmászni a tornyot akart.

De a híd el volt törve.

A pék jött.

Együtt sikerülni fog!

Együtt magukkal vitték egy sárga táskát.

Útközben táncoltak vidáman.

Útközben játszottak egy kicsit.

Hirtelen lehullt egy hullócsillag.

Végül mindenki boldog volt.

Az igazi barátok mindig segítenek."
330,Theo és a rejtély,"Theo, vidám fiú, élt a sárga mezőn.

Pillangók repkedtek.

Egy nap Theo megnézni a régi várat akart.

De egy kutya hangosan ugatott.

A postás jött.

Ne félj, segítek.

Együtt magukkal vitték egy piros kötelet.

Útközben nevettek a pataknál.

Útközben meséket mondtak.

Hirtelen valaki nevetett.

A kaland felejthetetlen maradt.

A türelem szerencsét hoz."
331,Ema és a terv,"Ema, bátor lány, élt egy kis faluban.

Virágillat volt.

Egy nap Ema felfedezni az erdőt akart.

De az út el volt zárva.

A postás jött.

Én is jövök!

Együtt magukkal vitték egy régi távcsövet.

Útközben táncoltak egy kicsit.

Útközben pihentek vidáman.

Hirtelen hangosan zörögött valami.

Mindenki elégedetten ment haza.

A kíváncsiság csodákhoz vezet."
332,Péter és az utazás,"Péter, szeret építeni, élt a színes piacon.

Egy patak csobogott halkan.

Egy nap Péter felfedezni a szigetet akart.

De esni kezdett.

A postás jött.

Jó, hogy itt vagyok.

Együtt magukkal vitték egy kis kést.

Útközben nevettek körben.

Útközben nevettek hangosan.

Hirtelen brekegett egy béka.

Így tökéletes volt a nap.

A nevetés mindig segít."
333,Mia és a lelet,"Mia, kis énekesnő, élt az öreg kútnál.

Kék volt az ég.

Egy nap Mia megtalálni a barlangot akart.

De a térkép elveszett.

A postás jött.

Együtt sikerülni fog!

Együtt magukkal vitték egy meleg takarót.

Útközben táncoltak a pataknál.

Útközben táncoltak együtt.

Hirtelen ugatott egy kutya.

Mindenki tapsolt örömében.

Aki mer, nyer."
334,Leó és a felfedezés,"Leó, szereti az állatokat, élt a játszótéren.

A madarak vidáman énekeltek.

Egy nap Leó látni a magas hegyet akart.

De besötétedett.

A postás jött.

Ne félj, segítek.

Együtt magukkal vitték egy színes térképet.

Útközben nevettek hangosan.

Útközben játszottak körben.

Hirtelen leesett egy levél.

Így a félelemből bátorság lett.

A bátorságot jutalmazzák."
335,Anna és a kirándulás,"Anna, gyorsan gondolkodik, élt a kék folyónál.

Friss fű illata volt.

Egy nap Anna megkeresni a kincset akart.

De a folyó túl mély volt.

A postás jött.

Én is jövök!

Együtt magukkal vitték egy régi érmét.

Útközben táncoltak körben.

Útközben dalt énekeltek.

Hirtelen zümmögött egy méh.

Mindenki nevetett és hazament.

Megosztani öröm."
336,Max és a verseny,"Max, vidám fiú, élt a zöld réten.

Minden csendes és békés volt.

Egy nap Max átkelni a tavon akart.

De egy fa feküdt keresztben.

A postás jött.

Jó, hogy itt vagyok.

Együtt magukkal vitték egy zöld kötelet.

Útközben énekeltek együtt.

Útközben pihentek a pataknál.

Hirtelen kopogtak.

Így jól végződött a kaland.

Együtt minden könnyebb."
337,Milo és a rejtvény,"Milo, kíváncsi fiú, élt a nagy tölgynél.

A nap melegen sütött.

Egy nap Milo megtalálni a tengert akart.

De erős volt a szél.

Lina néni, mindent tud jött.

Együtt sikerülni fog!

Együtt magukkal vitték egy kis lámpást.

Útközben táncoltak hangosan.

Útközben énekeltek vidáman.

Hirtelen egy pillangó táncolt el.

Végül mindenki boldog volt.

Az igazi barátok mindig segítenek."
338,Lena és a meglepetés,"Lena, szeret festeni, élt a zöld parkban.

Pillangók repkedtek.

Egy nap Lena látni a csillagos eget akart.

De köd volt.

Lina néni, mindent tud jött.

Ne félj, segítek.

Együtt magukkal vitték egy kék üveget.

Útközben énekeltek vidáman.

Útközben táncoltak egy kicsit.

Hirtelen szél támadt.

A kaland felejthetetlen maradt.

A türelem szerencsét hoz."
339,Finn és a nagy kaland,"Finn, kis álmodozó, élt az öreg erdőben.

Virágillat volt.

Egy nap Finn megmászni a tornyot akart.

De a híd el volt törve.

Lina néni, mindent tud jött.

Én is jövök!

Együtt magukkal vitték egy sárga táskát.

Útközben pihentek együtt.

Útközben nevettek együtt.

Hirtelen lehullt egy hullócsillag.

Mindenki elégedetten ment haza.

A kíváncsiság csodákhoz vezet."
340,Pippa és a rejtély,"Pippa, bátor kisegér, élt a sárga mezőn.

Egy patak csobogott halkan.

Egy nap Pippa megnézni a régi várat akart.

De egy kutya hangosan ugatott.

Lina néni, mindent tud jött.

Jó, hogy itt vagyok.

Együtt magukkal vitték egy piros kötelet.

Útközben énekeltek egy kicsit.

Útközben beszélgettek vidáman.

Hirtelen valaki nevetett.

Így tökéletes volt a nap.

A nevetés mindig segít."
341,Nora legszebb napja,"Nora, sokat kérdez, élt egy kis faluban.

Kék volt az ég.

Egy nap Nora felfedezni az erdőt akart.

De az út el volt zárva.

Lina néni, mindent tud jött.

Együtt sikerülni fog!

Együtt magukkal vitték egy régi távcsövet.

Útközben pihentek vidáman.

Útközben pihentek hangosan.

Hirtelen hangosan zörögött valami.

Mindenki tapsolt örömében.

Aki mer, nyer."
342,Theo és a kincs,"Theo, vidám fiú, élt a színes piacon.

A madarak vidáman énekeltek.

Egy nap Theo felfedezni a szigetet akart.

De esni kezdett.

Lina néni, mindent tud jött.

Ne félj, segítek.

Együtt magukkal vitték egy kis kést.

Útközben énekeltek a pataknál.

Útközben énekeltek egy kicsit.

Hirtelen brekegett egy béka.

Így a félelemből bátorság lett.

A bátorságot jutalmazzák."
343,Ema és a rejtély,"Ema, bátor lány, élt az öreg kútnál.

Friss fű illata volt.

Egy nap Ema megtalálni a barlangot akart.

De a térkép elveszett.

Lina néni, mindent tud jött.

Én is jövök!

Együtt magukkal vitték egy meleg takarót.

Útközben pihentek egy kicsit.

Útközben táncoltak körben.

Hirtelen ugatott egy kutya.

Mindenki nevetett és hazament.

Megosztani öröm."
344,Péter és a terv,"Péter, szeret építeni, élt a játszótéren.

Minden csendes és békés volt.

Egy nap Péter látni a magas hegyet akart.

De besötétedett.

Borz bácsi, a kertész jött.

Jó, hogy itt vagyok.

Együtt magukkal vitték egy színes térképet.

Útközben énekeltek körben.

Útközben nevettek egy kicsit.

Hirtelen leesett egy levél.

Így jól végződött a kaland.

Együtt minden könnyebb."
345,Mia és az utazás,"Mia, kis énekesnő, élt a kék folyónál.

A nap melegen sütött.

Egy nap Mia megkeresni a kincset akart.

De a folyó túl mély volt.

Borz bácsi, a kertész jött.

Együtt sikerülni fog!

Együtt magukkal vitték egy régi érmét.

Útközben pihentek a pataknál.

Útközben beszélgettek a pataknál.

Hirtelen zümmögött egy méh.

Végül mindenki boldog volt.

Az igazi barátok mindig segítenek."
346,Leó és a lelet,"Leó, szereti az állatokat, élt a zöld réten.

Pillangók repkedtek.

Egy nap Leó átkelni a tavon akart.

De egy fa feküdt keresztben.

Borz bácsi, a kertész jött.

Ne félj, segítek.

Együtt magukkal vitték egy zöld kötelet.

Útközben énekeltek hangosan.

Útközben játszottak vidáman.

Hirtelen kopogtak.

A kaland felejthetetlen maradt.

A türelem szerencsét hoz."
347,Anna és a felfedezés,"Anna, gyorsan gondolkodik, élt a nagy tölgynél.

Virágillat volt.

Egy nap Anna megtalálni a tengert akart.

De erős volt a szél.

Borz bácsi, a kertész jött.

Én is jövök!

Együtt magukkal vitték egy kis lámpást.

Útközben pihentek körben.

Útközben énekeltek hangosan.

Hirtelen egy pillangó táncolt el.

Mindenki elégedetten ment haza.

A kíváncsiság csodákhoz vezet."
348,Max és a kirándulás,"Max, vidám fiú, élt a zöld parkban.

Egy patak csobogott halkan.

Egy nap Max látni a csillagos eget akart.

De köd volt.

Borz bácsi, a kertész jött.

Jó, hogy itt vagyok.

Együtt magukkal vitték egy kék üveget.

Útközben meséket mondtak.

Útközben pihentek együtt.

Hirtelen szél támadt.

Így tökéletes volt a nap.

A nevetés mindig segít."
349,Milo és a verseny,"Milo, kíváncsi fiú, élt az öreg erdőben.

Kék volt az ég.

Egy nap Milo megmászni a tornyot akart.

De a híd el volt törve.

Borz bácsi, a kertész jött.

Együtt sikerülni fog!

Együtt magukkal vitték egy sárga táskát.

Útközben pihentek hangosan.

Útközben nevettek körben.

Hirtelen lehullt egy hullócsillag.

Mindenki tapsolt örömében.

Aki mer, nyer."
350,Lena és a rejtvény,"Lena, szeret festeni, élt a sárga mezőn.

A madarak vidáman énekeltek.

Egy nap Lena megnézni a régi várat akart.

De egy kutya hangosan ugatott.

Borz bácsi, a kertész jött.

Ne félj, segítek.

Együtt magukkal vitték egy piros kötelet.

Útközben sokat nevettek.

Útközben beszélgettek hangosan.

Hirtelen valaki nevetett.

Így a félelemből bátorság lett.

A bátorságot jutalmazzák."
351,Finn és a meglepetés,"Finn, kis álmodozó, élt egy kis faluban.

Friss fű illata volt.

Egy nap Finn felfedezni az erdőt akart.

De az út el volt zárva.

Mira néni, a vicces szomszéd jött.

Én is jövök!

Együtt magukkal vitték egy régi távcsövet.

Útközben játszottak együtt.

Útközben játszottak a pataknál.

Hirtelen hangosan zörögött valami.

Mindenki nevetett és hazament.

Megosztani öröm."
352,Pippa és a nagy kaland,"Pippa, bátor kisegér, élt a színes piacon.

Minden csendes és békés volt.

Egy nap Pippa felfedezni a szigetet akart.

De esni kezdett.

Mira néni, a vicces szomszéd jött.

Jó, hogy itt vagyok.

Együtt magukkal vitték egy kis kést.

Útközben dalt énekeltek.

Útközben sokat nevettek.

Hirtelen brekegett egy béka.

Így jól végződött a kaland.

Együtt minden könnyebb."
353,Nora és a rejtély,"Nora, sokat kérdez, élt az öreg kútnál.

A nap melegen sütött.

Egy nap Nora megtalálni a barlangot akart.

De a térkép elveszett.

Mira néni, a vicces szomszéd jött.

Együtt sikerülni fog!

Együtt magukkal vitték egy meleg takarót.

Útközben játszottak vidáman.

Útközben pihentek egy kicsit.

Hirtelen ugatott egy kutya.

Végül mindenki boldog volt.

Az igazi barátok mindig segítenek."
354,Theo legszebb napja,"Theo, vidám fiú, élt a játszótéren.

Pillangók repkedtek.

Egy nap Theo látni a magas hegyet akart.

De besötétedett.

Mira néni, a vicces szomszéd jött.

Ne félj, segítek.

Együtt magukkal vitték egy színes térképet.

Útközben beszélgettek együtt.

Útközben énekeltek együtt.

Hirtelen leesett egy levél.

A kaland felejthetetlen maradt.

A türelem szerencsét hoz."
355,Ema és a kincs,"Ema, bátor lány, élt a kék folyónál.

Virágillat volt.

Egy nap Ema megkeresni a kincset akart.

De a folyó túl mély volt.

Mira néni, a vicces szomszéd jött.

Én is jövök!

Együtt magukkal vitték egy régi érmét.

Útközben játszottak egy kicsit.

Útközben táncoltak vidáman.

Hirtelen zümmögött egy méh.

Mindenki elégedetten ment haza.

A kíváncsiság csodákhoz vezet."
356,Péter és a rejtély,"Péter, szeret építeni, élt a zöld réten.

Egy patak csobogott halkan.

Egy nap Péter átkelni a tavon akart.

De egy fa feküdt keresztben.

Mira néni, a vicces szomszéd jött.

Jó, hogy itt vagyok.

Együtt magukkal vitték egy zöld kötelet.

Útközben beszélgettek vidáman.

Útközben játszottak hangosan.

Hirtelen kopogtak.

Így tökéletes volt a nap.

A nevetés mindig segít."
357,Mia és a terv,"Mia, kis énekesnő, élt a nagy tölgynél.

Kék volt az ég.

Egy nap Mia megtalálni a tengert akart.

De erős volt a szél.

Mira néni, a vicces szomszéd jött.

Együtt sikerülni fog!

Együtt magukkal vitték egy kis lámpást.

Útközben játszottak a pataknál.

Útközben beszélgettek együtt.

Hirtelen egy pillangó táncolt el.

Mindenki tapsolt örömében.

Aki mer, nyer."
358,Leó és az utazás,"Leó, szereti az állatokat, élt a zöld parkban.

A madarak vidáman énekeltek.

Egy nap Leó látni a csillagos eget akart.

De köd volt.

Karcsi bácsi, mindent megjavít jött.

Ne félj, segítek.

Együtt magukkal vitték egy kék üveget.

Útközben beszélgettek egy kicsit.

Útközben pihentek körben.

Hirtelen szél támadt.

Így a félelemből bátorság lett.

A bátorságot jutalmazzák."
359,Anna és a lelet,"Anna, gyorsan gondolkodik, élt az öreg erdőben.

Friss fű illata volt.

Egy nap Anna megmászni a tornyot akart.

De a híd el volt törve.

Karcsi bácsi, mindent megjavít jött.

Én is jövök!

Együtt magukkal vitték egy sárga táskát.

Útközben játszottak körben.

Útközben énekeltek egy kicsit.

Hirtelen lehullt egy hullócsillag.

Mindenki nevetett és hazament.

Megosztani öröm."
360,Max és a felfedezés,"Max, vidám fiú, élt a sárga mezőn.

Minden csendes és békés volt.

Egy nap Max megnézni a régi várat akart.

De egy kutya hangosan ugatott.

Karcsi bácsi, mindent megjavít jött.

Jó, hogy itt vagyok.

Együtt magukkal vitték egy piros kötelet.

Útközben beszélgettek a pataknál.

Útközben táncoltak a pataknál.

Hirtelen valaki nevetett.

Így jól végződött a kaland.

Együtt minden könnyebb."
361,Milo és a kirándulás,"Milo, kíváncsi fiú, élt egy kis faluban.

A nap melegen sütött.

Egy nap Milo felfedezni az erdőt akart.

De az út el volt zárva.

Karcsi bácsi, mindent megjavít jött.

Együtt sikerülni fog!

Együtt magukkal vitték egy régi távcsövet.

Útközben játszottak hangosan.

Útközben nevettek vidáman.

Hirtelen hangosan zörögött valami.

Végül mindenki boldog volt.

Az igazi barátok mindig segítenek."
362,Lena és a verseny,"Lena, szeret festeni, élt a színes piacon.

Pillangók repkedtek.

Egy nap Lena felfedezni a szigetet akart.

De esni kezdett.

Karcsi bácsi, mindent megjavít jött.

Ne félj, segítek.

Együtt magukkal vitték egy kis kést.

Útközben beszélgettek körben.

Útközben beszélgettek egy kicsit.

Hirtelen brekegett egy béka.

A kaland felejthetetlen maradt.

A türelem szerencsét hoz."
363,Finn és a rejtvény,"Finn, kis álmodozó, élt az öreg kútnál.

Virágillat volt.

Egy nap Finn megtalálni a barlangot akart.

De a térkép elveszett.

Karcsi bácsi, mindent megjavít jött.

Én is jövök!

Együtt magukkal vitték egy meleg takarót.

Útközben nevettek együtt.

Útközben játszottak együtt.

Hirtelen ugatott egy kutya.

Mindenki elégedetten ment haza.

A kíváncsiság csodákhoz vezet."
364,Pippa és a meglepetés,"Pippa, bátor kisegér, élt a játszótéren.

Egy patak csobogott halkan.

Egy nap Pippa látni a magas hegyet akart.

De besötétedett.

Karcsi bácsi, mindent megjavít jött.

Jó, hogy itt vagyok.

Együtt magukkal vitték egy színes térképet.

Útközben beszélgettek hangosan.

Útközben énekeltek körben.

Hirtelen leesett egy levél.

Így tökéletes volt a nap.

A nevetés mindig segít."
365,Nora és a nagy kaland,"Nora, sokat kérdez, élt a kék folyónál.

Kék volt az ég.

Egy nap Nora megkeresni a kincset akart.

De a folyó túl mély volt.

A pék jött.

Együtt sikerülni fog!

Együtt magukkal vitték egy régi érmét.

Útközben nevettek vidáman.

Útközben táncoltak hangosan.

Hirtelen zümmögött egy méh.

Mindenki tapsolt örömében.

Aki mer, nyer."
366,Theo és a rejtély,"Theo, vidám fiú, élt a zöld réten.

A madarak vidáman énekeltek.

Egy nap Theo átkelni a tavon akart.

De egy fa feküdt keresztben.

A pék jött.

Ne félj, segítek.

Együtt magukkal vitték egy zöld kötelet.

Útközben táncoltak együtt.

Útközben nevettek a pataknál.

Hirtelen kopogtak.

Így a félelemből bátorság lett.

A bátorságot jutalmazzák."
367,Ema legszebb napja,"Ema, bátor lány, élt a nagy tölgynél.

Friss fű illata volt.

Egy nap Ema megtalálni a tengert akart.

De erős volt a szél.

A pék jött.

Én is jövök!

Együtt magukkal vitték egy kis lámpást.

Útközben nevettek egy kicsit.

Útközben beszélgettek körben.

Hirtelen egy pillangó táncolt el.

Mindenki nevetett és hazament.

Megosztani öröm."
368,Péter és a kincs,"Péter, szeret építeni, élt a zöld parkban.

Minden csendes és békés volt.

Egy nap Péter látni a csillagos eget akart.

De köd volt.

A pék jött.

Jó, hogy itt vagyok.

Együtt magukkal vitték egy kék üveget.

Útközben táncoltak vidáman.

Útközben játszottak egy kicsit.

Hirtelen szél támadt.

Így jól végződött a kaland.

Együtt minden könnyebb."
369,Mia és a rejtély,"Mia, kis énekesnő, élt az öreg erdőben.

A nap melegen sütött.

Egy nap Mia megmászni a tornyot akart.

De a híd el volt törve.

A pék jött.

Együtt sikerülni fog!

Együtt magukkal vitték egy sárga táskát.

Útközben nevettek a pataknál.

Útközben meséket mondtak.

Hirtelen lehullt egy hullócsillag.

Végül mindenki boldog volt.

Az igazi barátok mindig segítenek."
370,Leó és a terv,"Leó, szereti az állatokat, élt a sárga mezőn.

Pillangók repkedtek.

Egy nap Leó megnézni a régi várat akart.

De egy kutya hangosan ugatott.

A pék jött.

Ne félj, segítek.

Együtt magukkal vitték egy piros kötelet.

Útközben táncoltak egy kicsit.

Útközben pihentek vidáman.

Hirtelen valaki nevetett.

A kaland felejthetetlen maradt.

A türelem szerencsét hoz."
371,Anna és az utazás,"Anna, gyorsan gondolkodik, élt egy kis faluban.

Virágillat volt.

Egy nap Anna felfedezni az erdőt akart.

De az út el volt zárva.

A pék jött.

Én is jövök!

Együtt magukkal vitték egy régi távcsövet.

Útközben nevettek körben.

Útközben nevettek hangosan.

Hirtelen hangosan zörögött valami.

Mindenki elégedetten ment haza.

A kíváncsiság csodákhoz vezet."
372,Max és a lelet,"Max, vidám fiú, élt a színes piacon.

Egy patak csobogott halkan.

Egy nap Max felfedezni a szigetet akart.

De esni kezdett.

A postás jött.

Jó, hogy itt vagyok.

Együtt magukkal vitték egy kis kést.

Útközben táncoltak a pataknál.

Útközben táncoltak együtt.

Hirtelen brekegett egy béka.

Így tökéletes volt a nap.

A nevetés mindig segít."
373,Milo és a felfedezés,"Milo, kíváncsi fiú, élt az öreg kútnál.

Kék volt az ég.

Egy nap Milo megtalálni a barlangot akart.

De a térkép elveszett.

A postás jött.

Együtt sikerülni fog!

Együtt magukkal vitték egy meleg takarót.

Útközben nevettek hangosan.

Útközben játszottak körben.

Hirtelen ugatott egy kutya.

Mindenki tapsolt örömében.

Aki mer, nyer."
374,Lena és a kirándulás,"Lena, szeret festeni, élt a játszótéren.

A madarak vidáman énekeltek.

Egy nap Lena látni a magas hegyet akart.

De besötétedett.

A postás jött.

Ne félj, segítek.

Együtt magukkal vitték egy színes térképet.

Útközben táncoltak körben.

Útközben dalt énekeltek.

Hirtelen leesett egy levél.

Így a félelemből bátorság lett.

A bátorságot jutalmazzák."
375,Finn és a verseny,"Finn, kis álmodozó, élt a kék folyónál.

Friss fű illata volt.

Egy nap Finn megkeresni a kincset akart.

De a folyó túl mély volt.

A postás jött.

Én is jövök!

Együtt magukkal vitték egy régi érmét.

Útközben énekeltek együtt.

Útközben pihentek a pataknál.

Hirtelen zümmögött egy méh.

Mindenki nevetett és hazament.

Megosztani öröm."
376,Pippa és a rejtvény,"Pippa, bátor kisegér, élt a zöld réten.

Minden csendes és békés volt.

Egy nap Pippa átkelni a tavon akart.

De egy fa feküdt keresztben.

A postás jött.

Jó, hogy itt vagyok.

Együtt magukkal vitték egy zöld kötelet.

Útközben táncoltak hangosan.

Útközben énekeltek vidáman.

Hirtelen kopogtak.

Így jól végződött a kaland.

Együtt minden könnyebb."
377,Nora és a meglepetés,"Nora, sokat kérdez, élt a nagy tölgynél.

A nap melegen sütött.

Egy nap Nora megtalálni a tengert akart.

De erős volt a szél.

A postás jött.

Együtt sikerülni fog!

Együtt magukkal vitték egy kis lámpást.

Útközben énekeltek vidáman.

Útközben táncoltak egy kicsit.

Hirtelen egy pillangó táncolt el.

Végül mindenki boldog volt.

Az igazi barátok mindig segítenek."
378,Theo és a nagy kaland,"Theo, vidám fiú, élt a zöld parkban.

Pillangók repkedtek.

Egy nap Theo látni a csillagos eget akart.

De köd volt.

A postás jött.

Ne félj, segítek.

Együtt magukkal vitték egy kék üveget.

Útközben pihentek együtt.

Útközben nevettek együtt.

Hirtelen szél támadt.

A kaland felejthetetlen maradt.

A türelem szerencsét hoz."
379,Ema és a rejtély,"Ema, bátor lány, élt az öreg erdőben.

Virágillat volt.

Egy nap Ema megmászni a tornyot akart.

De a híd el volt törve.

Lina néni, mindent tud jött.

Én is jövök!

Együtt magukkal vitték egy sárga táskát.

Útközben énekeltek egy kicsit.

Útközben beszélgettek vidáman.

Hirtelen lehullt egy hullócsillag.

Mindenki elégedetten ment haza.

A kíváncsiság csodákhoz vezet."
380,Péter legszebb napja,"Péter, szeret építeni, élt a sárga mezőn.

Egy patak csobogott halkan.

Egy nap Péter megnézni a régi várat akart.

De egy kutya hangosan ugatott.

Lina néni, mindent tud jött.

Jó, hogy itt vagyok.

Együtt magukkal vitték egy piros kötelet.

Útközben pihentek vidáman.

Útközben pihentek hangosan.

Hirtelen valaki nevetett.

Így tökéletes volt a nap.

A nevetés mindig segít."
381,Mia és a kincs,"Mia, kis énekesnő, élt egy kis faluban.

Kék volt az ég.

Egy nap Mia felfedezni az erdőt akart.

De az út el volt zárva.

Lina néni, mindent tud jött.

Együtt sikerülni fog!

Együtt magukkal vitték egy régi távcsövet.

Útközben énekeltek a pataknál.

Útközben énekeltek egy kicsit.

Hirtelen hangosan zörögött valami.

Mindenki tapsolt örömében.

Aki mer, nyer."
382,Leó és a rejtély,"Leó, szereti az állatokat, élt a színes piacon.

A madarak vidáman énekeltek.

Egy nap Leó felfedezni a szigetet akart.

De esni kezdett.

Lina néni, mindent tud jött.

Ne félj, segítek.

Együtt magukkal vitték egy kis kést.

Útközben pihentek egy kicsit.

Útközben táncoltak körben.

Hirtelen brekegett egy béka.

Így a félelemből bátorság lett.

A bátorságot jutalmazzák."
383,Anna és a terv,"Anna, gyorsan gondolkodik, élt az öreg kútnál.

Friss fű illata volt.

Egy nap Anna megtalálni a barlangot akart.

De a térkép elveszett.

Lina néni, mindent tud jött.

Én is jövök!

Együtt magukkal vitték egy meleg takarót.

Útközben énekeltek körben.

Útközben nevettek egy kicsit.

Hirtelen ugatott egy kutya.

Mindenki nevetett és hazament.

Megosztani öröm."
384,Max és az utazás,"Max, vidám fiú, élt a játszótéren.

Minden csendes és békés volt.

Egy nap Max látni a magas hegyet akart.

De besötétedett.

Lina néni, mindent tud jött.

Jó, hogy itt vagyok.

Együtt magukkal vitték egy színes térképet.

Útközben pihentek a pataknál.

Útközben beszélgettek a pataknál.

Hirtelen leesett egy levél.

Így jól végződött a kaland.

Együtt minden könnyebb."
385,Milo és a lelet,"Milo, kíváncsi fiú, élt a kék folyónál.

A nap melegen sütött.

Egy nap Milo megkeresni a kincset akart.

De a folyó túl mély volt.

Lina néni, mindent tud jött.

Együtt sikerülni fog!

Együtt magukkal vitték egy régi érmét.

Útközben énekeltek hangosan.

Útközben játszottak vidáman.

Hirtelen zümmögött egy méh.

Végül mindenki boldog volt.

Az igazi barátok mindig segítenek."
386,Lena és a felfedezés,"Lena, szeret festeni, élt a zöld réten.

Pillangók repkedtek.

Egy nap Lena átkelni a tavon akart.

De egy fa feküdt keresztben.

Borz bácsi, a kertész jött.

Ne félj, segítek.

Együtt magukkal vitték egy zöld kötelet.

Útközben pihentek körben.

Útközben énekeltek hangosan.

Hirtelen kopogtak.

A kaland felejthetetlen maradt.

A türelem szerencsét hoz."
387,Finn és a kirándulás,"Finn, kis álmodozó, élt a nagy tölgynél.

Virágillat volt.

Egy nap Finn megtalálni a tengert akart.

De erős volt a szél.

Borz bácsi, a kertész jött.

Én is jövök!

Együtt magukkal vitték egy kis lámpást.

Útközben meséket mondtak.

Útközben pihentek együtt.

Hirtelen egy pillangó táncolt el.

Mindenki elégedetten ment haza.

A kíváncsiság csodákhoz vezet."
388,Pippa és a verseny,"Pippa, bátor kisegér, élt a zöld parkban.

Egy patak csobogott halkan.

Egy nap Pippa látni a csillagos eget akart.

De köd volt.

Borz bácsi, a kertész jött.

Jó, hogy itt vagyok.

Együtt magukkal vitték egy kék üveget.

Útközben pihentek hangosan.

Útközben nevettek körben.

Hirtelen szél támadt.

Így tökéletes volt a nap.

A nevetés mindig segít."
389,Nora és a rejtvény,"Nora, sokat kérdez, élt az öreg erdőben.

Kék volt az ég.

Egy nap Nora megmászni a tornyot akart.

De a híd el volt törve.

Borz bácsi, a kertész jött.

Együtt sikerülni fog!

Együtt magukkal vitték egy sárga táskát.

Útközben sokat nevettek.

Útközben beszélgettek hangosan.

Hirtelen lehullt egy hullócsillag.

Mindenki tapsolt örömében.

Aki mer, nyer."
390,Theo és a meglepetés,"Theo, vidám fiú, élt a sárga mezőn.

A madarak vidáman énekeltek.

Egy nap Theo megnézni a régi várat akart.

De egy kutya hangosan ugatott.

Borz bácsi, a kertész jött.

Ne félj, segítek.

Együtt magukkal vitték egy piros kötelet.

Útközben játszottak együtt.

Útközben játszottak a pataknál.

Hirtelen valaki nevetett.

Így a félelemből bátorság lett.

A bátorságot jutalmazzák."
391,Ema és a nagy kaland,"Ema, bátor lány, élt egy kis faluban.

Friss fű illata volt.

Egy nap Ema felfedezni az erdőt akart.

De az út el volt zárva.

Borz bácsi, a kertész jött.

Én is jövök!

Együtt magukkal vitték egy régi távcsövet.

Útközben dalt énekeltek.

Útközben sokat nevettek.

Hirtelen hangosan zörögött valami.

Mindenki nevetett és hazament.

Megosztani öröm."
392,Péter és a rejtély,"Péter, szeret építeni, élt a színes piacon.

Minden csendes és békés volt.

Egy nap Péter felfedezni a szigetet akart.

De esni kezdett.

Borz bácsi, a kertész jött.

Jó, hogy itt vagyok.

Együtt magukkal vitték egy kis kést.

Útközben játszottak vidáman.

Útközben pihentek egy kicsit.

Hirtelen brekegett egy béka.

Így jól végződött a kaland.

Együtt minden könnyebb."
393,Mia legszebb napja,"Mia, kis énekesnő, élt az öreg kútnál.

A nap melegen sütött.

Egy nap Mia megtalálni a barlangot akart.

De a térkép elveszett.

Mira néni, a vicces szomszéd jött.

Együtt sikerülni fog!

Együtt magukkal vitték egy meleg takarót.

Útközben beszélgettek együtt.

Útközben énekeltek együtt.

Hirtelen ugatott egy kutya.

Végül mindenki boldog volt.

Az igazi barátok mindig segítenek."
394,Leó és a kincs,"Leó, szereti az állatokat, élt a játszótéren.

Pillangók repkedtek.

Egy nap Leó látni a magas hegyet akart.

De besötétedett.

Mira néni, a vicces szomszéd jött.

Ne félj, segítek.

Együtt magukkal vitték egy színes térképet.

Útközben játszottak egy kicsit.

Útközben táncoltak vidáman.

Hirtelen leesett egy levél.

A kaland felejthetetlen maradt.

A türelem szerencsét hoz."
395,Anna és a rejtély,"Anna, gyorsan gondolkodik, élt a kék folyónál.

Virágillat volt.

Egy nap Anna megkeresni a kincset akart.

De a folyó túl mély volt.

Mira néni, a vicces szomszéd jött.

Én is jövök!

Együtt magukkal vitték egy régi érmét.

Útközben beszélgettek vidáman.

Útközben játszottak hangosan.

Hirtelen zümmögött egy méh.

Mindenki elégedetten ment haza.

A kíváncsiság csodákhoz vezet."
396,Max és a terv,"Max, vidám fiú, élt a zöld réten.

Egy patak csobogott halkan.

Egy nap Max átkelni a tavon akart.

De egy fa feküdt keresztben.

Mira néni, a vicces szomszéd jött.

Jó, hogy itt vagyok.

Együtt magukkal vitték egy zöld kötelet.

Útközben játszottak a pataknál.

Útközben beszélgettek együtt.

Hirtelen kopogtak.

Így tökéletes volt a nap.

A nevetés mindig segít."
397,Milo és az utazás,"Milo, kíváncsi fiú, élt a nagy tölgynél.

Kék volt az ég.

Egy nap Milo megtalálni a tengert akart.

De erős volt a szél.

Mira néni, a vicces szomszéd jött.

Együtt sikerülni fog!

Együtt magukkal vitték egy kis lámpást.

Útközben beszélgettek egy kicsit.

Útközben pihentek körben.

Hirtelen egy pillangó táncolt el.

Mindenki tapsolt örömében.

Aki mer, nyer."
398,Lena és a lelet,"Lena, szeret festeni, élt a zöld parkban.

A madarak vidáman énekeltek.

Egy nap Lena látni a csillagos eget akart.

De köd volt.

Mira néni, a vicces szomszéd jött.

Ne félj, segítek.

Együtt magukkal vitték egy kék üveget.

Útközben játszottak körben.

Útközben énekeltek egy kicsit.

Hirtelen szél támadt.

Így a félelemből bátorság lett.

A bátorságot jutalmazzák."
399,Finn és a felfedezés,"Finn, kis álmodozó, élt az öreg erdőben.

Friss fű illata volt.

Egy nap Finn megmászni a tornyot akart.

De a híd el volt törve.

Mira néni, a vicces szomszéd jött.

Én is jövök!

Együtt magukkal vitték egy sárga táskát.

Útközben beszélgettek a pataknál.

Útközben táncoltak a pataknál.

Hirtelen lehullt egy hullócsillag.

Mindenki nevetett és hazament.

Megosztani öröm."
400,Pippa és a kirándulás,"Pippa, bátor kisegér, élt a sárga mezőn.

Minden csendes és békés volt.

Egy nap Pippa megnézni a régi várat akart.

De egy kutya hangosan ugatott.

Karcsi bácsi, mindent megjavít jött.

Jó, hogy itt vagyok.

Együtt magukkal vitték egy piros kötelet.

Útközben játszottak hangosan.

Útközben nevettek vidáman.

Hirtelen valaki nevetett.

Így jól végződött a kaland.

Együtt minden könnyebb."
401,Ema és a rejtély,"Pippa egy kis faluban volt, amikor Ema jött.

Friss fű illata volt.

Ema szomorú volt.

Mesélj, hallgatlak!

Együtt segítséget kértek.

Útközben beszélgettek egy kicsit.

Útközben sokat nevettek.

Hirtelen ugatott egy kutya.

Mindketten büszkék voltak.

A bátorságot jutalmazzák."
402,Mia legszebb napja,"Theo a színes piacon volt, amikor Mia jött.

Pillangók repkedtek.

Mia éhes volt.

Segítek!

Együtt útnak indultak.

Útközben meséket mondtak.

Útközben nevettek egy kicsit.

Hirtelen leesett egy levél.

Így minden jóra fordult.

Megosztani öröm."
403,Anna és a kincs,"Péter az öreg kútnál volt, amikor Anna jött.

Kék volt az ég.

Anna eltévedt.

Találunk megoldást.

Együtt megosztották a feladatot.

Útközben énekeltek vidáman.

Útközben pihentek a pataknál.

Hirtelen zümmögött egy méh.

Végül mindketten nevettek.

Együtt minden könnyebb."
404,Milo és a rejtély,"Leó a játszótéren volt, amikor Milo jött.

Minden csendes és békés volt.

Milo szomjas volt.

Gyere, megcsináljuk!

Együtt a szomszédokat kérdezték.

Útközben nevettek egy kicsit.

Útközben beszélgettek körben.

Hirtelen kopogtak.

Mindketten büszkék voltak.

Az igazi barátok mindig segítenek."
405,Finn és a terv,"Max a kék folyónál volt, amikor Finn jött.

Virágillat volt.

Finn pihenni akart.

Mesélj, hallgatlak!

Együtt mindenhol kerestek.

Útközben játszottak a pataknál.

Útközben énekeltek egy kicsit.

Hirtelen egy pillangó táncolt el.

Így minden jóra fordult.

A türelem szerencsét hoz."
406,Nora és az utazás,"Lena a zöld réten volt, amikor Nora jött.

A madarak vidáman énekeltek.

Nora elfelejtette a könyvet.

Segítek!

Együtt tervet készítettek.

Útközben pihentek körben.

Útközben játszottak a pataknál.

Hirtelen szél támadt.

Végül mindketten nevettek.

A kíváncsiság csodákhoz vezet."
407,Ema és a lelet,"Pippa a nagy tölgynél volt, amikor Ema jött.

A nap melegen sütött.

Ema kicsit fázott.

Találunk megoldást.

Együtt segítséget kértek.

Útközben táncoltak hangosan.

Útközben táncoltak körben.

Hirtelen lehullt egy hullócsillag.

Mindketten büszkék voltak.

A nevetés mindig segít."
408,Mia és a felfedezés,"Theo a zöld parkban volt, amikor Mia jött.

Egy patak csobogott halkan.

Mia búja volt.

Gyere, megcsináljuk!

Együtt útnak indultak.

Útközben táncoltak együtt.

Útközben dalt énekeltek.

Hirtelen valaki nevetett.

Így minden jóra fordult.

Aki mer, nyer."
409,Anna és a kirándulás,"Péter az öreg erdőben volt, amikor Anna jött.

Friss fű illata volt.

Anna a kulcsot kereste.

Mesélj, hallgatlak!

Együtt megosztották a feladatot.

Útközben beszélgettek vidáman.

Útközben nevettek a pataknál.

Hirtelen hangosan zörögött valami.

Végül mindketten nevettek.

A bátorságot jutalmazzák."
410,Milo és a verseny,"Leó a sárga mezőn volt, amikor Milo jött.

Pillangók repkedtek.

Milo félt a sötétben.

Segítek!

Együtt a szomszédokat kérdezték.

Útközben énekeltek hangosan.

Útközben pihentek körben.

Hirtelen brekegett egy béka.

Mindketten büszkék voltak.

Megosztani öröm."
411,Finn és a rejtvény,"Max egy kis faluban volt, amikor Finn jött.

Kék volt az ég.

Finn szomorú volt.

Találunk megoldást.

Együtt mindenhol kerestek.

Útközben énekeltek együtt.

Útközben beszélgettek hangosan.

Hirtelen ugatott egy kutya.

Így minden jóra fordult.

Együtt minden könnyebb."
412,Nora és a meglepetés,"Lena a színes piacon volt, amikor Nora jött.

Minden csendes és békés volt.

Nora éhes volt.

Gyere, megcsináljuk!

Együtt tervet készítettek.

Útközben nevettek vidáman.

Útközben énekeltek a pataknál.

Hirtelen leesett egy levél.

Végül mindketten nevettek.

Az igazi barátok mindig segítenek."
413,Ema és a nagy kaland,"Pippa az öreg kútnál volt, amikor Ema jött.

Virágillat volt.

Ema eltévedt.

Mesélj, hallgatlak!

Együtt segítséget kértek.

Útközben játszottak egy kicsit.

Útközben játszottak körben.

Hirtelen zümmögött egy méh.

Mindketten büszkék voltak.

A türelem szerencsét hoz."
414,Mia és a rejtély,"Theo a játszótéren volt, amikor Mia jött.

A madarak vidáman énekeltek.

Mia szomjas volt.

Segítek!

Együtt útnak indultak.

Útközben pihentek a pataknál.

Útközben táncoltak hangosan.

Hirtelen kopogtak.

Így minden jóra fordult.

A kíváncsiság csodákhoz vezet."
415,Anna legszebb napja,"Péter a kék folyónál volt, amikor Anna jött.

A nap melegen sütött.

Anna pihenni akart.

Találunk megoldást.

Együtt megosztották a feladatot.

Útközben táncoltak körben.

Útközben beszélgettek együtt.

Hirtelen egy pillangó táncolt el.

Végül mindketten nevettek.

A nevetés mindig segít."
416,Milo és a kincs,"Leó a zöld réten volt, amikor Milo jött.

Egy patak csobogott halkan.

Milo elfelejtette a könyvet.

Gyere, megcsináljuk!

Együtt a szomszédokat kérdezték.

Útközben beszélgettek hangosan.

Útközben nevettek körben.

Hirtelen szél támadt.

Mindketten büszkék voltak.

Aki mer, nyer."
417,Finn és a rejtély,"Max a nagy tölgynél volt, amikor Finn jött.

Friss fű illata volt.

Finn kicsit fázott.

Mesélj, hallgatlak!

Együtt mindenhol kerestek.

Útközben beszélgettek együtt.

Útközben pihentek hangosan.

Hirtelen lehullt egy hullócsillag.

Így minden jóra fordult.

A bátorságot jutalmazzák."
418,Nora és a terv,"Lena a zöld parkban volt, amikor Nora jött.

Pillangók repkedtek.

Nora búja volt.

Segítek!

Együtt tervet készítettek.

Útközben énekeltek körben.

Útközben táncoltak együtt.

Hirtelen valaki nevetett.

Végül mindketten nevettek.

Megosztani öröm."
419,Ema és az utazás,"Pippa az öreg erdőben volt, amikor Ema jött.

Kék volt az ég.

Ema a kulcsot kereste.

Találunk megoldást.

Együtt segítséget kértek.

Útközben nevettek hangosan.

Útközben énekeltek körben.

Hirtelen hangosan zörögött valami.

Mindketten büszkék voltak.

Együtt minden könnyebb."
420,Mia és a lelet,"Theo a sárga mezőn volt, amikor Mia jött.

Minden csendes és békés volt.

Mia félt a sötétben.

Gyere, megcsináljuk!

Együtt útnak indultak.

Útközben nevettek együtt.

Útközben játszottak hangosan.

Hirtelen brekegett egy béka.

Így minden jóra fordult.

Az igazi barátok mindig segítenek."
421,Anna és a felfedezés,"Péter egy kis faluban volt, amikor Anna jött.

Virágillat volt.

Anna szomorú volt.

Mesélj, hallgatlak!

Együtt megosztották a feladatot.

Útközben játszottak vidáman.

Útközben pihentek együtt.

Hirtelen ugatott egy kutya.

Végül mindketten nevettek.

A türelem szerencsét hoz."
422,Milo és a kirándulás,"Leó a színes piacon volt, amikor Milo jött.

A madarak vidáman énekeltek.

Milo éhes volt.

Segítek!

Együtt a szomszédokat kérdezték.

Útközben pihentek egy kicsit.

Útközben beszélgettek vidáman.

Hirtelen leesett egy levél.

Mindketten büszkék voltak.

A kíváncsiság csodákhoz vezet."
423,Finn és a verseny,"Max az öreg kútnál volt, amikor Finn jött.

A nap melegen sütött.

Finn eltévedt.

Találunk megoldást.

Együtt mindenhol kerestek.

Útközben táncoltak a pataknál.

Útközben nevettek hangosan.

Hirtelen zümmögött egy méh.

Így minden jóra fordult.

A nevetés mindig segít."
424,Nora és a rejtvény,"Lena a játszótéren volt, amikor Nora jött.

Egy patak csobogott halkan.

Nora szomjas volt.

Gyere, megcsináljuk!

Együtt tervet készítettek.

Útközben beszélgettek körben.

Útközben játszottak együtt.

Hirtelen kopogtak.

Végül mindketten nevettek.

Aki mer, nyer."
425,Ema és a meglepetés,"Pippa a kék folyónál volt, amikor Ema jött.

Friss fű illata volt.

Ema pihenni akart.

Mesélj, hallgatlak!

Együtt segítséget kértek.

Útközben dalt énekeltek.

Útközben táncoltak vidáman.

Hirtelen egy pillangó táncolt el.

Mindketten büszkék voltak.

A bátorságot jutalmazzák."
426,Mia és a nagy kaland,"Theo a zöld réten volt, amikor Mia jött.

Pillangók repkedtek.

Mia elfelejtette a könyvet.

Segítek!

Együtt útnak indultak.

Útközben énekeltek a pataknál.

Útközben énekeltek hangosan.

Hirtelen szél támadt.

Így minden jóra fordult.

Megosztani öröm."
427,Anna és a rejtély,"Péter a nagy tölgynél volt, amikor Anna jött.

Kék volt az ég.

Anna kicsit fázott.

Találunk megoldást.

Együtt megosztották a feladatot.

Útközben nevettek körben.

Útközben nevettek együtt.

Hirtelen lehullt egy hullócsillag.

Végül mindketten nevettek.

Együtt minden könnyebb."
428,Milo legszebb napja,"Leó a zöld parkban volt, amikor Milo jött.

Minden csendes és békés volt.

Milo búja volt.

Gyere, megcsináljuk!

Együtt a szomszédokat kérdezték.

Útközben játszottak hangosan.

Útközben pihentek vidáman.

Hirtelen valaki nevetett.

Mindketten büszkék voltak.

Az igazi barátok mindig segítenek."
429,Finn és a kincs,"Max az öreg erdőben volt, amikor Finn jött.

Virágillat volt.

Finn a kulcsot kereste.

Mesélj, hallgatlak!

Együtt mindenhol kerestek.

Útközben játszottak együtt.

Útközben beszélgettek egy kicsit.

Hirtelen hangosan zörögött valami.

Így minden jóra fordult.

A türelem szerencsét hoz."
430,Nora és a rejtély,"Lena a sárga mezőn volt, amikor Nora jött.

A madarak vidáman énekeltek.

Nora félt a sötétben.

Segítek!

Együtt tervet készítettek.

Útközben pihentek vidáman.

Útközben énekeltek együtt.

Hirtelen brekegett egy béka.

Végül mindketten nevettek.

A kíváncsiság csodákhoz vezet."
431,Ema és a terv,"Pippa egy kis faluban volt, amikor Ema jött.

A nap melegen sütött.

Ema szomorú volt.

Találunk megoldást.

Együtt segítséget kértek.

Útközben táncoltak egy kicsit.

Útközben játszottak vidáman.

Hirtelen ugatott egy kutya.

Mindketten büszkék voltak.

A nevetés mindig segít."
432,Mia és az utazás,"Theo a színes piacon volt, amikor Mia jött.

Egy patak csobogott halkan.

Mia éhes volt.

Gyere, megcsináljuk!

Együtt útnak indultak.

Útközben beszélgettek a pataknál.

Útközben táncoltak egy kicsit.

Hirtelen leesett egy levél.

Így minden jóra fordult.

Aki mer, nyer."
433,Anna és a lelet,"Péter az öreg kútnál volt, amikor Anna jött.

Friss fű illata volt.

Anna eltévedt.

Mesélj, hallgatlak!

Együtt megosztották a feladatot.

Útközben sokat nevettek.

Útközben meséket mondtak.

Hirtelen zümmögött egy méh.

Végül mindketten nevettek.

A bátorságot jutalmazzák."
434,Milo és a felfedezés,"Leó a játszótéren volt, amikor Milo jött.

Pillangók repkedtek.

Milo szomjas volt.

Segítek!

Együtt a szomszédokat kérdezték.

Útközben énekeltek egy kicsit.

Útközben nevettek vidáman.

Hirtelen kopogtak.

Mindketten büszkék voltak.

Megosztani öröm."
435,Finn és a kirándulás,"Max a kék folyónál volt, amikor Finn jött.

Kék volt az ég.

Finn pihenni akart.

Találunk megoldást.

Együtt mindenhol kerestek.

Útközben nevettek a pataknál.

Útközben pihentek egy kicsit.

Hirtelen egy pillangó táncolt el.

Így minden jóra fordult.

Együtt minden könnyebb."
436,Nora és a verseny,"Lena a zöld réten volt, amikor Nora jött.

Minden csendes és békés volt.

Nora elfelejtette a könyvet.

Gyere, megcsináljuk!

Együtt tervet készítettek.

Útközben játszottak körben.

Útközben beszélgettek a pataknál.

Hirtelen szél támadt.

Végül mindketten nevettek.

Az igazi barátok mindig segítenek."
437,Ema és a rejtvény,"Pippa a nagy tölgynél volt, amikor Ema jött.

Virágillat volt.

Ema kicsit fázott.

Mesélj, hallgatlak!

Együtt segítséget kértek.

Útközben pihentek hangosan.

Útközben énekeltek vidáman.

Hirtelen lehullt egy hullócsillag.

Mindketten büszkék voltak.

A türelem szerencsét hoz."
438,Mia és a meglepetés,"Theo a zöld parkban volt, amikor Mia jött.

A madarak vidáman énekeltek.

Mia búja volt.

Segítek!

Együtt útnak indultak.

Útközben pihentek együtt.

Útközben játszottak egy kicsit.

Hirtelen valaki nevetett.

Így minden jóra fordult.

A kíváncsiság csodákhoz vezet."
439,Anna és a nagy kaland,"Péter az öreg erdőben volt, amikor Anna jött.

A nap melegen sütött.

Anna a kulcsot kereste.

Találunk megoldást.

Együtt megosztották a feladatot.

Útközben táncoltak vidáman.

Útközben táncoltak a pataknál.

Hirtelen hangosan zörögött valami.

Végül mindketten nevettek.

A nevetés mindig segít."
440,Milo és a rejtély,"Leó a sárga mezőn volt, amikor Milo jött.

Egy patak csobogott halkan.

Milo félt a sötétben.

Gyere, megcsináljuk!

Együtt a szomszédokat kérdezték.

Útközben beszélgettek egy kicsit.

Útközben sokat nevettek.

Hirtelen brekegett egy béka.

Mindketten büszkék voltak.

Aki mer, nyer."
441,Finn legszebb napja,"Max egy kis faluban volt, amikor Finn jött.

Friss fű illata volt.

Finn szomorú volt.

Mesélj, hallgatlak!

Együtt mindenhol kerestek.

Útközben meséket mondtak.

Útközben nevettek egy kicsit.

Hirtelen ugatott egy kutya.

Így minden jóra fordult.

A bátorságot jutalmazzák."
442,Nora és a kincs,"Lena a színes piacon volt, amikor Nora jött.

Pillangók repkedtek.

Nora éhes volt.

Segítek!

Együtt tervet készítettek.

Útközben énekeltek vidáman.

Útközben pihentek a pataknál.

Hirtelen leesett egy levél.

Végül mindketten nevettek.

Megosztani öröm."
443,Ema és a rejtély,"Pippa az öreg kútnál volt, amikor Ema jött.

Kék volt az ég.

Ema eltévedt.

Találunk megoldást.

Együtt segítséget kértek.

Útközben nevettek egy kicsit.

Útközben beszélgettek körben.

Hirtelen zümmögött egy méh.

Mindketten büszkék voltak.

Együtt minden könnyebb."
444,Mia és a terv,"Theo a játszótéren volt, amikor Mia jött.

Minden csendes és békés volt.

Mia szomjas volt.

Gyere, megcsináljuk!

Együtt útnak indultak.

Útközben játszottak a pataknál.

Útközben énekeltek egy kicsit.

Hirtelen kopogtak.

Így minden jóra fordult.

Az igazi barátok mindig segítenek."
445,Anna és az utazás,"Péter a kék folyónál volt, amikor Anna jött.

Virágillat volt.

Anna pihenni akart.

Mesélj, hallgatlak!

Együtt megosztották a feladatot.

Útközben pihentek körben.

Útközben játszottak a pataknál.

Hirtelen egy pillangó táncolt el.

Végül mindketten nevettek.

A türelem szerencsét hoz."
446,Milo és a lelet,"Leó a zöld réten volt, amikor Milo jött.

A madarak vidáman énekeltek.

Milo elfelejtette a könyvet.

Segítek!

Együtt a szomszédokat kérdezték.

Útközben táncoltak hangosan.

Útközben táncoltak körben.

Hirtelen szél támadt.

Mindketten büszkék voltak.

A kíváncsiság csodákhoz vezet."
447,Finn és a felfedezés,"Max a nagy tölgynél volt, amikor Finn jött.

A nap melegen sütött.

Finn kicsit fázott.

Találunk megoldást.

Együtt mindenhol kerestek.

Útközben táncoltak együtt.

Útközben dalt énekeltek.

Hirtelen lehullt egy hullócsillag.

Így minden jóra fordult.

A nevetés mindig segít."
448,Nora és a kirándulás,"Lena a zöld parkban volt, amikor Nora jött.

Egy patak csobogott halkan.

Nora búja volt.

Gyere, megcsináljuk!

Együtt tervet készítettek.

Útközben beszélgettek vidáman.

Útközben nevettek a pataknál.

Hirtelen valaki nevetett.

Végül mindketten nevettek.

Aki mer, nyer."
449,Ema és a verseny,"Pippa az öreg erdőben volt, amikor Ema jött.

Friss fű illata volt.

Ema a kulcsot kereste.

Mesélj, hallgatlak!

Együtt segítséget kértek.

Útközben énekeltek hangosan.

Útközben pihentek körben.

Hirtelen hangosan zörögött valami.

Mindketten büszkék voltak.

A bátorságot jutalmazzák."
450,Mia és a rejtvény,"Theo a sárga mezőn volt, amikor Mia jött.

Pillangók repkedtek.

Mia félt a sötétben.

Segítek!

Együtt útnak indultak.

Útközben énekeltek együtt.

Útközben beszélgettek hangosan.

Hirtelen brekegett egy béka.

Így minden jóra fordult.

Megosztani öröm."
451,Anna és a meglepetés,"Péter egy kis faluban volt, amikor Anna jött.

Kék volt az ég.

Anna szomorú volt.

Találunk megoldást.

Együtt megosztották a feladatot.

Útközben nevettek vidáman.

Útközben énekeltek a pataknál.

Hirtelen ugatott egy kutya.

Végül mindketten nevettek.

Együtt minden könnyebb."
452,Milo és a nagy kaland,"Leó a színes piacon volt, amikor Milo jött.

Minden csendes és békés volt.

Milo éhes volt.

Gyere, megcsináljuk!

Együtt a szomszédokat kérdezték.

Útközben játszottak egy kicsit.

Útközben játszottak körben.

Hirtelen leesett egy levél.

Mindketten büszkék voltak.

Az igazi barátok mindig segítenek."
453,Finn és a rejtély,"Max az öreg kútnál volt, amikor Finn jött.

Virágillat volt.

Finn eltévedt.

Mesélj, hallgatlak!

Együtt mindenhol kerestek.

Útközben pihentek a pataknál.

Útközben táncoltak hangosan.

Hirtelen zümmögött egy méh.

Így minden jóra fordult.

A türelem szerencsét hoz."
454,Nora legszebb napja,"Lena a játszótéren volt, amikor Nora jött.

A madarak vidáman énekeltek.

Nora szomjas volt.

Segítek!

Együtt tervet készítettek.

Útközben táncoltak körben.

Útközben beszélgettek együtt.

Hirtelen kopogtak.

Végül mindketten nevettek.

A kíváncsiság csodákhoz vezet."
455,Ema és a kincs,"Pippa a kék folyónál volt, amikor Ema jött.

A nap melegen sütött.

Ema pihenni akart.

Találunk megoldást.

Együtt segítséget kértek.

Útközben beszélgettek hangosan.

Útközben nevettek körben.

Hirtelen egy pillangó táncolt el.

Mindketten büszkék voltak.

A nevetés mindig segít."
456,Mia és a rejtély,"Theo a zöld réten volt, amikor Mia jött.

Egy patak csobogott halkan.

Mia elfelejtette a könyvet.

Gyere, megcsináljuk!

Együtt útnak indultak.

Útközben beszélgettek együtt.

Útközben pihentek hangosan.

Hirtelen szél támadt.

Így minden jóra fordult.

Aki mer, nyer."
457,Anna és a terv,"Péter a nagy tölgynél volt, amikor Anna jött.

Friss fű illata volt.

Anna kicsit fázott.

Mesélj, hallgatlak!

Együtt megosztották a feladatot.

Útközben énekeltek körben.

Útközben táncoltak együtt.

Hirtelen lehullt egy hullócsillag.

Végül mindketten nevettek.

A bátorságot jutalmazzák."
458,Milo és az utazás,"Leó a zöld parkban volt, amikor Milo jött.

Pillangók repkedtek.

Milo búja volt.

Segítek!

Együtt a szomszédokat kérdezték.

Útközben nevettek hangosan.

Útközben énekeltek körben.

Hirtelen valaki nevetett.

Mindketten büszkék voltak.

Megosztani öröm."
459,Finn és a lelet,"Max az öreg erdőben volt, amikor Finn jött.

Kék volt az ég.

Finn a kulcsot kereste.

Találunk megoldást.

Együtt mindenhol kerestek.

Útközben nevettek együtt.

Útközben játszottak hangosan.

Hirtelen hangosan zörögött valami.

Így minden jóra fordult.

Együtt minden könnyebb."
460,Nora és a felfedezés,"Lena a sárga mezőn volt, amikor Nora jött.

Minden csendes és békés volt.

Nora félt a sötétben.

Gyere, megcsináljuk!

Együtt tervet készítettek.

Útközben játszottak vidáman.

Útközben pihentek együtt.

Hirtelen brekegett egy béka.

Végül mindketten nevettek.

Az igazi barátok mindig segítenek."
461,Ema és a kirándulás,"Pippa egy kis faluban volt, amikor Ema jött.

Virágillat volt.

Ema szomorú volt.

Mesélj, hallgatlak!

Együtt segítséget kértek.

Útközben pihentek egy kicsit.

Útközben beszélgettek vidáman.

Hirtelen ugatott egy kutya.

Mindketten büszkék voltak.

A türelem szerencsét hoz."
462,Mia és a verseny,"Theo a színes piacon volt, amikor Mia jött.

A madarak vidáman énekeltek.

Mia éhes volt.

Segítek!

Együtt útnak indultak.

Útközben táncoltak a pataknál.

Útközben nevettek hangosan.

Hirtelen leesett egy levél.

Így minden jóra fordult.

A kíváncsiság csodákhoz vezet."
463,Anna és a rejtvény,"Péter az öreg kútnál volt, amikor Anna jött.

A nap melegen sütött.

Anna eltévedt.

Találunk megoldást.

Együtt megosztották a feladatot.

Útközben beszélgettek körben.

Útközben játszottak együtt.

Hirtelen zümmögött egy méh.

Végül mindketten nevettek.

A nevetés mindig segít."
464,Milo és a meglepetés,"Leó a játszótéren volt, amikor Milo jött.

Egy patak csobogott halkan.

Milo szomjas volt.

Gyere, megcsináljuk!

Együtt a szomszédokat kérdezték.

Útközben dalt énekeltek.

Útközben táncoltak vidáman.

Hirtelen kopogtak.

Mindketten büszkék voltak.

Aki mer, nyer."
465,Finn és a nagy kaland,"Max a kék folyónál volt, amikor Finn jött.

Friss fű illata volt.

Finn pihenni akart.

Mesélj, hallgatlak!

Együtt mindenhol kerestek.

Útközben énekeltek a pataknál.

Útközben énekeltek hangosan.

Hirtelen egy pillangó táncolt el.

Így minden jóra fordult.

A bátorságot jutalmazzák."
466,Nora és a rejtély,"Lena a zöld réten volt, amikor Nora jött.

Pillangók repkedtek.

Nora elfelejtette a könyvet.

Segítek!

Együtt tervet készítettek.

Útközben nevettek körben.

Útközben nevettek együtt.

Hirtelen szél támadt.

Végül mindketten nevettek.

Megosztani öröm."
467,Ema legszebb napja,"Pippa a nagy tölgynél volt, amikor Ema jött.

Kék volt az ég.

Ema kicsit fázott.

Találunk megoldást.

Együtt segítséget kértek.

Útközben játszottak hangosan.

Útközben pihentek vidáman.

Hirtelen lehullt egy hullócsillag.

Mindketten büszkék voltak.

Együtt minden könnyebb."
468,Mia és a kincs,"Theo a zöld parkban volt, amikor Mia jött.

Minden csendes és békés volt.

Mia búja volt.

Gyere, megcsináljuk!

Együtt útnak indultak.

Útközben játszottak együtt.

Útközben beszélgettek egy kicsit.

Hirtelen valaki nevetett.

Így minden jóra fordult.

Az igazi barátok mindig segítenek."
469,Anna és a rejtély,"Péter az öreg erdőben volt, amikor Anna jött.

Virágillat volt.

Anna a kulcsot kereste.

Mesélj, hallgatlak!

Együtt megosztották a feladatot.

Útközben pihentek vidáman.

Útközben énekeltek együtt.

Hirtelen hangosan zörögött valami.

Végül mindketten nevettek.

A türelem szerencsét hoz."
470,Milo és a terv,"Leó a sárga mezőn volt, amikor Milo jött.

A madarak vidáman énekeltek.

Milo félt a sötétben.

Segítek!

Együtt a szomszédokat kérdezték.

Útközben táncoltak egy kicsit.

Útközben játszottak vidáman.

Hirtelen brekegett egy béka.

Mindketten büszkék voltak.

A kíváncsiság csodákhoz vezet."
471,Finn és az utazás,"Max egy kis faluban volt, amikor Finn jött.

A nap melegen sütött.

Finn szomorú volt.

Találunk megoldást.

Együtt mindenhol kerestek.

Útközben beszélgettek a pataknál.

Útközben táncoltak egy kicsit.

Hirtelen ugatott egy kutya.

Így minden jóra fordult.

A nevetés mindig segít."
472,Nora és a lelet,"Lena a színes piacon volt, amikor Nora jött.

Egy patak csobogott halkan.

Nora éhes volt.

Gyere, megcsináljuk!

Együtt tervet készítettek.

Útközben sokat nevettek.

Útközben meséket mondtak.

Hirtelen leesett egy levél.

Végül mindketten nevettek.

Aki mer, nyer."
473,Ema és a felfedezés,"Pippa az öreg kútnál volt, amikor Ema jött.

Friss fű illata volt.

Ema eltévedt.

Mesélj, hallgatlak!

Együtt segítséget kértek.

Útközben énekeltek egy kicsit.

Útközben nevettek vidáman.

Hirtelen zümmögött egy méh.

Mindketten büszkék voltak.

A bátorságot jutalmazzák."
474,Mia és a kirándulás,"Theo a játszótéren volt, amikor Mia jött.

Pillangók repkedtek.

Mia szomjas volt.

Segítek!

Együtt útnak indultak.

Útközben nevettek a pataknál.

Útközben pihentek egy kicsit.

Hirtelen kopogtak.

Így minden jóra fordult.

Megosztani öröm."
475,Anna és a verseny,"Péter a kék folyónál volt, amikor Anna jött.

Kék volt az ég.

Anna pihenni akart.

Találunk megoldást.

Együtt megosztották a feladatot.

Útközben játszottak körben.

Útközben beszélgettek a pataknál.

Hirtelen egy pillangó táncolt el.

Végül mindketten nevettek.

Együtt minden könnyebb."
476,Milo és a rejtvény,"Leó a zöld réten volt, amikor Milo jött.

Minden csendes és békés volt.

Milo elfelejtette a könyvet.

Gyere, megcsináljuk!

Együtt a szomszédokat kérdezték.

Útközben pihentek hangosan.

Útközben énekeltek vidáman.

Hirtelen szél támadt.

Mindketten büszkék voltak.

Az igazi barátok mindig segítenek."
477,Finn és a meglepetés,"Max a nagy tölgynél volt, amikor Finn jött.

Virágillat volt.

Finn kicsit fázott.

Mesélj, hallgatlak!

Együtt mindenhol kerestek.

Útközben pihentek együtt.

Útközben játszottak egy kicsit.

Hirtelen lehullt egy hullócsillag.

Így minden jóra fordult.

A türelem szerencsét hoz."
478,Nora és a nagy kaland,"Lena a zöld parkban volt, amikor Nora jött.

A madarak vidáman énekeltek.

Nora búja volt.

Segítek!

Együtt tervet készítettek.

Útközben táncoltak vidáman.

Útközben táncoltak a pataknál.

Hirtelen valaki nevetett.

Végül mindketten nevettek.

A kíváncsiság csodákhoz vezet."
479,Ema és a rejtély,"Pippa az öreg erdőben volt, amikor Ema jött.

A nap melegen sütött.

Ema a kulcsot kereste.

Találunk megoldást.

Együtt segítséget kértek.

Útközben beszélgettek egy kicsit.

Útközben sokat nevettek.

Hirtelen hangosan zörögött valami.

Mindketten büszkék voltak.

A nevetés mindig segít."
480,Mia legszebb napja,"Theo a sárga mezőn volt, amikor Mia jött.

Egy patak csobogott halkan.

Mia félt a sötétben.

Gyere, megcsináljuk!

Együtt útnak indultak.

Útközben meséket mondtak.

Útközben nevettek egy kicsit.

Hirtelen brekegett egy béka.

Így minden jóra fordult.

Aki mer, nyer."
481,Anna és a kincs,"Péter egy kis faluban volt, amikor Anna jött.

Friss fű illata volt.

Anna szomorú volt.

Mesélj, hallgatlak!

Együtt megosztották a feladatot.

Útközben énekeltek vidáman.

Útközben pihentek a pataknál.

Hirtelen ugatott egy kutya.

Végül mindketten nevettek.

A bátorságot jutalmazzák."
482,Milo és a rejtély,"Leó a színes piacon volt, amikor Milo jött.

Pillangók repkedtek.

Milo éhes volt.

Segítek!

Együtt a szomszédokat kérdezték.

Útközben nevettek egy kicsit.

Útközben beszélgettek körben.

Hirtelen leesett egy levél.

Mindketten büszkék voltak.

Megosztani öröm."
483,Finn és a terv,"Max az öreg kútnál volt, amikor Finn jött.

Kék volt az ég.

Finn eltévedt.

Találunk megoldást.

Együtt mindenhol kerestek.

Útközben játszottak a pataknál.

Útközben énekeltek egy kicsit.

Hirtelen zümmögött egy méh.

Így minden jóra fordult.

Együtt minden könnyebb."
484,Nora és az utazás,"Lena a játszótéren volt, amikor Nora jött.

Minden csendes és békés volt.

Nora szomjas volt.

Gyere, megcsináljuk!

Együtt tervet készítettek.

Útközben pihentek körben.

Útközben játszottak a pataknál.

Hirtelen kopogtak.

Végül mindketten nevettek.

Az igazi barátok mindig segítenek."
485,Ema és a lelet,"Pippa a kék folyónál volt, amikor Ema jött.

Virágillat volt.

Ema pihenni akart.

Mesélj, hallgatlak!

Együtt segítséget kértek.

Útközben táncoltak hangosan.

Útközben táncoltak körben.

Hirtelen egy pillangó táncolt el.

Mindketten büszkék voltak.

A türelem szerencsét hoz."
486,Mia és a felfedezés,"Theo a zöld réten volt, amikor Mia jött.

A madarak vidáman énekeltek.

Mia elfelejtette a könyvet.

Segítek!

Együtt útnak indultak.

Útközben táncoltak együtt.

Útközben dalt énekeltek.

Hirtelen szél támadt.

Így minden jóra fordult.

A kíváncsiság csodákhoz vezet."
487,Anna és a kirándulás,"Péter a nagy tölgynél volt, amikor Anna jött.

A nap melegen sütött.

Anna kicsit fázott.

Találunk megoldást.

Együtt megosztották a feladatot.

Útközben beszélgettek vidáman.

Útközben nevettek a pataknál.

Hirtelen lehullt egy hullócsillag.

Végül mindketten nevettek.

A nevetés mindig segít."
488,Milo és a verseny,"Leó a zöld parkban volt, amikor Milo jött.

Egy patak csobogott halkan.

Milo búja volt.

Gyere, megcsináljuk!

Együtt a szomszédokat kérdezték.

Útközben énekeltek hangosan.

Útközben pihentek körben.

Hirtelen valaki nevetett.

Mindketten büszkék voltak.

Aki mer, nyer."
489,Finn és a rejtvény,"Max az öreg erdőben volt, amikor Finn jött.

Friss fű illata volt.

Finn a kulcsot kereste.

Mesélj, hallgatlak!

Együtt mindenhol kerestek.

Útközben énekeltek együtt.

Útközben beszélgettek hangosan.

Hirtelen hangosan zörögött valami.

Így minden jóra fordult.

A bátorságot jutalmazzák."
490,Nora és a meglepetés,"Lena a sárga mezőn volt, amikor Nora jött.

Pillangók repkedtek.

Nora félt a sötétben.

Segítek!

Együtt tervet készítettek.

Útközben nevettek vidáman.

Útközben énekeltek a pataknál.

Hirtelen brekegett egy béka.

Végül mindketten nevettek.

Megosztani öröm."
491,Ema és a nagy kaland,"Pippa egy kis faluban volt, amikor Ema jött.

Kék volt az ég.

Ema szomorú volt.

Találunk megoldást.

Együtt segítséget kértek.

Útközben játszottak egy kicsit.

Útközben játszottak körben.

Hirtelen ugatott egy kutya.

Mindketten büszkék voltak.

Együtt minden könnyebb."
492,Mia és a rejtély,"Theo a színes piacon volt, amikor Mia jött.

Minden csendes és békés volt.

Mia éhes volt.

Gyere, megcsináljuk!

Együtt útnak indultak.

Útközben pihentek a pataknál.

Útközben táncoltak hangosan.

Hirtelen leesett egy levél.

Így minden jóra fordult.

Az igazi barátok mindig segítenek."
493,Anna legszebb napja,"Péter az öreg kútnál volt, amikor Anna jött.

Virágillat volt.

Anna eltévedt.

Mesélj, hallgatlak!

Együtt megosztották a feladatot.

Útközben táncoltak körben.

Útközben beszélgettek együtt.

Hirtelen zümmögött egy méh.

Végül mindketten nevettek.

A türelem szerencsét hoz."
494,Milo és a kincs,"Leó a játszótéren volt, amikor Milo jött.

A madarak vidáman énekeltek.

Milo szomjas volt.

Segítek!

Együtt a szomszédokat kérdezték.

Útközben beszélgettek hangosan.

Útközben nevettek körben.

Hirtelen kopogtak.

Mindketten büszkék voltak.

A kíváncsiság csodákhoz vezet."
495,Finn és a rejtély,"Max a kék folyónál volt, amikor Finn jött.

A nap melegen sütött.

Finn pihenni akart.

Találunk megoldást.

Együtt mindenhol kerestek.

Útközben beszélgettek együtt.

Útközben pihentek hangosan.

Hirtelen egy pillangó táncolt el.

Így minden jóra fordult.

A nevetés mindig segít."
496,Nora és a terv,"Lena a zöld réten volt, amikor Nora jött.

Egy patak csobogott halkan.

Nora elfelejtette a könyvet.

Gyere, megcsináljuk!

Együtt tervet készítettek.

Útközben énekeltek körben.

Útközben táncoltak együtt.

Hirtelen szél támadt.

Végül mindketten nevettek.

Aki mer, nyer."
497,Ema és az utazás,"Pippa a nagy tölgynél volt, amikor Ema jött.

Friss fű illata volt.

Ema kicsit fázott.

Mesélj, hallgatlak!

Együtt segítséget kértek.

Útközben nevettek hangosan.

Útközben énekeltek körben.

Hirtelen lehullt egy hullócsillag.

Mindketten büszkék voltak.

A bátorságot jutalmazzák."
498,Mia és a lelet,"Theo a zöld parkban volt, amikor Mia jött.

Pillangók repkedtek.

Mia búja volt.

Segítek!

Együtt útnak indultak.

Útközben nevettek együtt.

Útközben játszottak hangosan.

Hirtelen valaki nevetett.

Így minden jóra fordult.

Megosztani öröm."
499,Anna és a felfedezés,"Péter az öreg erdőben volt, amikor Anna jött.

Kék volt az ég.

Anna a kulcsot kereste.

Találunk megoldást.

Együtt megosztották a feladatot.

Útközben játszottak vidáman.

Útközben pihentek együtt.

Hirtelen hangosan zörögött valami.

Végül mindketten nevettek.

Együtt minden könnyebb."
500,Milo és a kirándulás,"Leó a sárga mezőn volt, amikor Milo jött.

Minden csendes és békés volt.

Milo félt a sötétben.

Gyere, megcsináljuk!

Együtt a szomszédokat kérdezték.

Útközben pihentek egy kicsit.

Útközben beszélgettek vidáman.

Hirtelen brekegett egy béka.

Mindketten büszkék voltak.

Az igazi barátok mindig segítenek."
501,Finn és a verseny,"Max egy kis faluban volt, amikor Finn jött.

Virágillat volt.

Finn szomorú volt.

Mesélj, hallgatlak!

Együtt mindenhol kerestek.

Útközben táncoltak a pataknál.

Útközben nevettek hangosan.

Hirtelen ugatott egy kutya.

Így minden jóra fordult.

A türelem szerencsét hoz."
502,Nora és a rejtvény,"Lena a színes piacon volt, amikor Nora jött.

A madarak vidáman énekeltek.

Nora éhes volt.

Segítek!

Együtt tervet készítettek.

Útközben beszélgettek körben.

Útközben játszottak együtt.

Hirtelen leesett egy levél.

Végül mindketten nevettek.

A kíváncsiság csodákhoz vezet."
503,Ema és a meglepetés,"Pippa az öreg kútnál volt, amikor Ema jött.

A nap melegen sütött.

Ema eltévedt.

Találunk megoldást.

Együtt segítséget kértek.

Útközben dalt énekeltek.

Útközben táncoltak vidáman.

Hirtelen zümmögött egy méh.

Mindketten büszkék voltak.

A nevetés mindig segít."
504,Mia és a nagy kaland,"Theo a játszótéren volt, amikor Mia jött.

Egy patak csobogott halkan.

Mia szomjas volt.

Gyere, megcsináljuk!

Együtt útnak indultak.

Útközben énekeltek a pataknál.

Útközben énekeltek hangosan.

Hirtelen kopogtak.

Így minden jóra fordult.

Aki mer, nyer."
505,Anna és a rejtély,"Péter a kék folyónál volt, amikor Anna jött.

Friss fű illata volt.

Anna pihenni akart.

Mesélj, hallgatlak!

Együtt megosztották a feladatot.

Útközben nevettek körben.

Útközben nevettek együtt.

Hirtelen egy pillangó táncolt el.

Végül mindketten nevettek.

A bátorságot jutalmazzák."
506,Milo legszebb napja,"Leó a zöld réten volt, amikor Milo jött.

Pillangók repkedtek.

Milo elfelejtette a könyvet.

Segítek!

Együtt a szomszédokat kérdezték.

Útközben játszottak hangosan.

Útközben pihentek vidáman.

Hirtelen szél támadt.

Mindketten büszkék voltak.

Megosztani öröm."
507,Finn és a kincs,"Max a nagy tölgynél volt, amikor Finn jött.

Kék volt az ég.

Finn kicsit fázott.

Találunk megoldást.

Együtt mindenhol kerestek.

Útközben játszottak együtt.

Útközben beszélgettek egy kicsit.

Hirtelen lehullt egy hullócsillag.

Így minden jóra fordult.

Együtt minden könnyebb."
508,Nora és a rejtély,"Lena a zöld parkban volt, amikor Nora jött.

Minden csendes és békés volt.

Nora búja volt.

Gyere, megcsináljuk!

Együtt tervet készítettek.

Útközben pihentek vidáman.

Útközben énekeltek együtt.

Hirtelen valaki nevetett.

Végül mindketten nevettek.

Az igazi barátok mindig segítenek."
509,Ema és a terv,"Pippa az öreg erdőben volt, amikor Ema jött.

Virágillat volt.

Ema a kulcsot kereste.

Mesélj, hallgatlak!

Együtt segítséget kértek.

Útközben táncoltak egy kicsit.

Útközben játszottak vidáman.

Hirtelen hangosan zörögött valami.

Mindketten büszkék voltak.

A türelem szerencsét hoz."
510,Mia és az utazás,"Theo a sárga mezőn volt, amikor Mia jött.

A madarak vidáman énekeltek.

Mia félt a sötétben.

Segítek!

Együtt útnak indultak.

Útközben beszélgettek a pataknál.

Útközben táncoltak egy kicsit.

Hirtelen brekegett egy béka.

Így minden jóra fordult.

A kíváncsiság csodákhoz vezet."
511,Anna és a lelet,"Péter egy kis faluban volt, amikor Anna jött.

A nap melegen sütött.

Anna szomorú volt.

Találunk megoldást.

Együtt megosztották a feladatot.

Útközben sokat nevettek.

Útközben meséket mondtak.

Hirtelen ugatott egy kutya.

Végül mindketten nevettek.

A nevetés mindig segít."
512,Milo és a felfedezés,"Leó a színes piacon volt, amikor Milo jött.

Egy patak csobogott halkan.

Milo éhes volt.

Gyere, megcsináljuk!

Együtt a szomszédokat kérdezték.

Útközben énekeltek egy kicsit.

Útközben nevettek vidáman.

Hirtelen leesett egy levél.

Mindketten büszkék voltak.

Aki mer, nyer."
513,Finn és a kirándulás,"Max az öreg kútnál volt, amikor Finn jött.

Friss fű illata volt.

Finn eltévedt.

Mesélj, hallgatlak!

Együtt mindenhol kerestek.

Útközben nevettek a pataknál.

Útközben pihentek egy kicsit.

Hirtelen zümmögött egy méh.

Így minden jóra fordult.

A bátorságot jutalmazzák."
514,Nora és a verseny,"Lena a játszótéren volt, amikor Nora jött.

Pillangók repkedtek.

Nora szomjas volt.

Segítek!

Együtt tervet készítettek.

Útközben játszottak körben.

Útközben beszélgettek a pataknál.

Hirtelen kopogtak.

Végül mindketten nevettek.

Megosztani öröm."
515,Ema és a rejtvény,"Pippa a kék folyónál volt, amikor Ema jött.

Kék volt az ég.

Ema pihenni akart.

Találunk megoldást.

Együtt segítséget kértek.

Útközben pihentek hangosan.

Útközben énekeltek vidáman.

Hirtelen egy pillangó táncolt el.

Mindketten büszkék voltak.

Együtt minden könnyebb."
516,Mia és a meglepetés,"Theo a zöld réten volt, amikor Mia jött.

Minden csendes és békés volt.

Mia elfelejtette a könyvet.

Gyere, megcsináljuk!

Együtt útnak indultak.

Útközben pihentek együtt.

Útközben játszottak egy kicsit.

Hirtelen szél támadt.

Így minden jóra fordult.

Az igazi barátok mindig segítenek."
517,Anna és a nagy kaland,"Péter a nagy tölgynél volt, amikor Anna jött.

Virágillat volt.

Anna kicsit fázott.

Mesélj, hallgatlak!

Együtt megosztották a feladatot.

Útközben táncoltak vidáman.

Útközben táncoltak a pataknál.

Hirtelen lehullt egy hullócsillag.

Végül mindketten nevettek.

A türelem szerencsét hoz."
518,Milo és a rejtély,"Leó a zöld parkban volt, amikor Milo jött.

A madarak vidáman énekeltek.

Milo búja volt.

Segítek!

Együtt a szomszédokat kérdezték.

Útközben beszélgettek egy kicsit.

Útközben sokat nevettek.

Hirtelen valaki nevetett.

Mindketten büszkék voltak.

A kíváncsiság csodákhoz vezet."
519,Finn legszebb napja,"Max az öreg erdőben volt, amikor Finn jött.

A nap melegen sütött.

Finn a kulcsot kereste.

Találunk megoldást.

Együtt mindenhol kerestek.

Útközben meséket mondtak.

Útközben nevettek egy kicsit.

Hirtelen hangosan zörögött valami.

Így minden jóra fordult.

A nevetés mindig segít."
520,Nora és a kincs,"Lena a sárga mezőn volt, amikor Nora jött.

Egy patak csobogott halkan.

Nora félt a sötétben.

Gyere, megcsináljuk!

Együtt tervet készítettek.

Útközben énekeltek vidáman.

Útközben pihentek a pataknál.

Hirtelen brekegett egy béka.

Végül mindketten nevettek.

Aki mer, nyer."
521,Ema és a rejtély,"Pippa egy kis faluban volt, amikor Ema jött.

Friss fű illata volt.

Ema szomorú volt.

Mesélj, hallgatlak!

Együtt segítséget kértek.

Útközben nevettek egy kicsit.

Útközben beszélgettek körben.

Hirtelen ugatott egy kutya.

Mindketten büszkék voltak.

A bátorságot jutalmazzák."
522,Mia és a terv,"Theo a színes piacon volt, amikor Mia jött.

Pillangók repkedtek.

Mia éhes volt.

Segítek!

Együtt útnak indultak.

Útközben játszottak a pataknál.

Útközben énekeltek egy kicsit.

Hirtelen leesett egy levél.

Így minden jóra fordult.

Megosztani öröm."
523,Anna és az utazás,"Péter az öreg kútnál volt, amikor Anna jött.

Kék volt az ég.

Anna eltévedt.

Találunk megoldást.

Együtt megosztották a feladatot.

Útközben pihentek körben.

Útközben játszottak a pataknál.

Hirtelen zümmögött egy méh.

Végül mindketten nevettek.

Együtt minden könnyebb."
524,Milo és a lelet,"Leó a játszótéren volt, amikor Milo jött.

Minden csendes és békés volt.

Milo szomjas volt.

Gyere, megcsináljuk!

Együtt a szomszédokat kérdezték.

Útközben táncoltak hangosan.

Útközben táncoltak körben.

Hirtelen kopogtak.

Mindketten büszkék voltak.

Az igazi barátok mindig segítenek."
525,Finn és a felfedezés,"Max a kék folyónál volt, amikor Finn jött.

Virágillat volt.

Finn pihenni akart.

Mesélj, hallgatlak!

Együtt mindenhol kerestek.

Útközben táncoltak együtt.

Útközben dalt énekeltek.

Hirtelen egy pillangó táncolt el.

Így minden jóra fordult.

A türelem szerencsét hoz."
526,Nora és a kirándulás,"Lena a zöld réten volt, amikor Nora jött.

A madarak vidáman énekeltek.

Nora elfelejtette a könyvet.

Segítek!

Együtt tervet készítettek.

Útközben beszélgettek vidáman.

Útközben nevettek a pataknál.

Hirtelen szél támadt.

Végül mindketten nevettek.

A kíváncsiság csodákhoz vezet."
527,Ema és a verseny,"Pippa a nagy tölgynél volt, amikor Ema jött.

A nap melegen sütött.

Ema kicsit fázott.

Találunk megoldást.

Együtt segítséget kértek.

Útközben énekeltek hangosan.

Útközben pihentek körben.

Hirtelen lehullt egy hullócsillag.

Mindketten büszkék voltak.

A nevetés mindig segít."
528,Mia és a rejtvény,"Theo a zöld parkban volt, amikor Mia jött.

Egy patak csobogott halkan.

Mia búja volt.

Gyere, megcsináljuk!

Együtt útnak indultak.

Útközben énekeltek együtt.

Útközben beszélgettek hangosan.

Hirtelen valaki nevetett.

Így minden jóra fordult.

Aki mer, nyer."
529,Anna és a meglepetés,"Péter az öreg erdőben volt, amikor Anna jött.

Friss fű illata volt.

Anna a kulcsot kereste.

Mesélj, hallgatlak!

Együtt megosztották a feladatot.

Útközben nevettek vidáman.

Útközben énekeltek a pataknál.

Hirtelen hangosan zörögött valami.

Végül mindketten nevettek.

A bátorságot jutalmazzák."
530,Milo és a nagy kaland,"Leó a sárga mezőn volt, amikor Milo jött.

Pillangók repkedtek.

Milo félt a sötétben.

Segítek!

Együtt a szomszédokat kérdezték.

Útközben játszottak egy kicsit.

Útközben játszottak körben.

Hirtelen brekegett egy béka.

Mindketten büszkék voltak.

Megosztani öröm."
531,Finn és a rejtély,"Max egy kis faluban volt, amikor Finn jött.

Kék volt az ég.

Finn szomorú volt.

Találunk megoldást.

Együtt mindenhol kerestek.

Útközben pihentek a pataknál.

Útközben táncoltak hangosan.

Hirtelen ugatott egy kutya.

Így minden jóra fordult.

Együtt minden könnyebb."
532,Nora legszebb napja,"Lena a színes piacon volt, amikor Nora jött.

Minden csendes és békés volt.

Nora éhes volt.

Gyere, megcsináljuk!

Együtt tervet készítettek.

Útközben táncoltak körben.

Útközben beszélgettek együtt.

Hirtelen leesett egy levél.

Végül mindketten nevettek.

Az igazi barátok mindig segítenek."
533,Ema és a kincs,"Pippa az öreg kútnál volt, amikor Ema jött.

Virágillat volt.

Ema eltévedt.

Mesélj, hallgatlak!

Együtt segítséget kértek.

Útközben beszélgettek hangosan.

Útközben nevettek körben.

Hirtelen zümmögött egy méh.

Mindketten büszkék voltak.

A türelem szerencsét hoz."
534,Mia és a rejtély,"Theo a játszótéren volt, amikor Mia jött.

A madarak vidáman énekeltek.

Mia szomjas volt.

Segítek!

Együtt útnak indultak.

Útközben beszélgettek együtt.

Útközben pihentek hangosan.

Hirtelen kopogtak.

Így minden jóra fordult.

A kíváncsiság csodákhoz vezet."
535,Anna és a terv,"Péter a kék folyónál volt, amikor Anna jött.

A nap melegen sütött.

Anna pihenni akart.

Találunk megoldást.

Együtt megosztották a feladatot.

Útközben énekeltek körben.

Útközben táncoltak együtt.

Hirtelen egy pillangó táncolt el.

Végül mindketten nevettek.

A nevetés mindig segít."
536,Milo és az utazás,"Leó a zöld réten volt, amikor Milo jött.

Egy patak csobogott halkan.

Milo elfelejtette a könyvet.

Gyere, megcsináljuk!

Együtt a szomszédokat kérdezték.

Útközben nevettek hangosan.

Útközben énekeltek körben.

Hirtelen szél támadt.

Mindketten büszkék voltak.

Aki mer, nyer."
537,Finn és a lelet,"Max a nagy tölgynél volt, amikor Finn jött.

Friss fű illata volt.

Finn kicsit fázott.

Mesélj, hallgatlak!

Együtt mindenhol kerestek.

Útközben nevettek együtt.

Útközben játszottak hangosan.

Hirtelen lehullt egy hullócsillag.

Így minden jóra fordult.

A bátorságot jutalmazzák."
538,Nora és a felfedezés,"Lena a zöld parkban volt, amikor Nora jött.

Pillangók repkedtek.

Nora búja volt.

Segítek!

Együtt tervet készítettek.

Útközben játszottak vidáman.

Útközben pihentek együtt.

Hirtelen valaki nevetett.

Végül mindketten nevettek.

Megosztani öröm."
539,Ema és a kirándulás,"Pippa az öreg erdőben volt, amikor Ema jött.

Kék volt az ég.

Ema a kulcsot kereste.

Találunk megoldást.

Együtt segítséget kértek.

Útközben pihentek egy kicsit.

Útközben beszélgettek vidáman.

Hirtelen hangosan zörögött valami.

Mindketten büszkék voltak.

Együtt minden könnyebb."
540,Mia és a verseny,"Theo a sárga mezőn volt, amikor Mia jött.

Minden csendes és békés volt.

Mia félt a sötétben.

Gyere, megcsináljuk!

Együtt útnak indultak.

Útközben táncoltak a pataknál.

Útközben nevettek hangosan.

Hirtelen brekegett egy béka.

Így minden jóra fordult.

Az igazi barátok mindig segítenek."
541,Anna és a rejtvény,"Péter egy kis faluban volt, amikor Anna jött.

Virágillat volt.

Anna szomorú volt.

Mesélj, hallgatlak!

Együtt megosztották a feladatot.

Útközben beszélgettek körben.

Útközben játszottak együtt.

Hirtelen ugatott egy kutya.

Végül mindketten nevettek.

A türelem szerencsét hoz."
542,Milo és a meglepetés,"Leó a színes piacon volt, amikor Milo jött.

A madarak vidáman énekeltek.

Milo éhes volt.

Segítek!

Együtt a szomszédokat kérdezték.

Útközben dalt énekeltek.

Útközben táncoltak vidáman.

Hirtelen leesett egy levél.

Mindketten büszkék voltak.

A kíváncsiság csodákhoz vezet."
543,Finn és a nagy kaland,"Max az öreg kútnál volt, amikor Finn jött.

A nap melegen sütött.

Finn eltévedt.

Találunk megoldást.

Együtt mindenhol kerestek.

Útközben énekeltek a pataknál.

Útközben énekeltek hangosan.

Hirtelen zümmögött egy méh.

Így minden jóra fordult.

A nevetés mindig segít."
544,Nora és a rejtély,"Lena a játszótéren volt, amikor Nora jött.

Egy patak csobogott halkan.

Nora szomjas volt.

Gyere, megcsináljuk!

Együtt tervet készítettek.

Útközben nevettek körben.

Útközben nevettek együtt.

Hirtelen kopogtak.

Végül mindketten nevettek.

Aki mer, nyer."
545,Ema legszebb napja,"Pippa a kék folyónál volt, amikor Ema jött.

Friss fű illata volt.

Ema pihenni akart.

Mesélj, hallgatlak!

Együtt segítséget kértek.

Útközben játszottak hangosan.

Útközben pihentek vidáman.

Hirtelen egy pillangó táncolt el.

Mindketten büszkék voltak.

A bátorságot jutalmazzák."
546,Mia és a kincs,"Theo a zöld réten volt, amikor Mia jött.

Pillangók repkedtek.

Mia elfelejtette a könyvet.

Segítek!

Együtt útnak indultak.

Útközben játszottak együtt.

Útközben beszélgettek egy kicsit.

Hirtelen szél támadt.

Így minden jóra fordult.

Megosztani öröm."
547,Anna és a rejtély,"Péter a nagy tölgynél volt, amikor Anna jött.

Kék volt az ég.

Anna kicsit fázott.

Találunk megoldást.

Együtt megosztották a feladatot.

Útközben pihentek vidáman.

Útközben énekeltek együtt.

Hirtelen lehullt egy hullócsillag.

Végül mindketten nevettek.

Együtt minden könnyebb."
548,Milo és a terv,"Leó a zöld parkban volt, amikor Milo jött.

Minden csendes és békés volt.

Milo búja volt.

Gyere, megcsináljuk!

Együtt a szomszédokat kérdezték.

Útközben táncoltak egy kicsit.

Útközben játszottak vidáman.

Hirtelen valaki nevetett.

Mindketten büszkék voltak.

Az igazi barátok mindig segítenek."
549,Finn és az utazás,"Max az öreg erdőben volt, amikor Finn jött.

Virágillat volt.

Finn a kulcsot kereste.

Mesélj, hallgatlak!

Együtt mindenhol kerestek.

Útközben beszélgettek a pataknál.

Útközben táncoltak egy kicsit.

Hirtelen hangosan zörögött valami.

Így minden jóra fordult.

A türelem szerencsét hoz."
550,Nora és a lelet,"Lena a sárga mezőn volt, amikor Nora jött.

A madarak vidáman énekeltek.

Nora félt a sötétben.

Segítek!

Együtt tervet készítettek.

Útközben sokat nevettek.

Útközben meséket mondtak.

Hirtelen brekegett egy béka.

Végül mindketten nevettek.

A kíváncsiság csodákhoz vezet."
551,Ema és a felfedezés,"Pippa egy kis faluban volt, amikor Ema jött.

A nap melegen sütött.

Ema szomorú volt.

Találunk megoldást.

Együtt segítséget kértek.

Útközben énekeltek egy kicsit.

Útközben nevettek vidáman.

Hirtelen ugatott egy kutya.

Mindketten büszkék voltak.

A nevetés mindig segít."
552,Mia és a kirándulás,"Theo a színes piacon volt, amikor Mia jött.

Egy patak csobogott halkan.

Mia éhes volt.

Gyere, megcsináljuk!

Együtt útnak indultak.

Útközben nevettek a pataknál.

Útközben pihentek egy kicsit.

Hirtelen leesett egy levél.

Így minden jóra fordult.

Aki mer, nyer."
553,Anna és a verseny,"Péter az öreg kútnál volt, amikor Anna jött.

Friss fű illata volt.

Anna eltévedt.

Mesélj, hallgatlak!

Együtt megosztották a feladatot.

Útközben játszottak körben.

Útközben beszélgettek a pataknál.

Hirtelen zümmögött egy méh.

Végül mindketten nevettek.

A bátorságot jutalmazzák."
554,Milo és a rejtvény,"Leó a játszótéren volt, amikor Milo jött.

Pillangók repkedtek.

Milo szomjas volt.

Segítek!

Együtt a szomszédokat kérdezték.

Útközben pihentek hangosan.

Útközben énekeltek vidáman.

Hirtelen kopogtak.

Mindketten büszkék voltak.

Megosztani öröm."
555,Finn és a meglepetés,"Max a kék folyónál volt, amikor Finn jött.

Kék volt az ég.

Finn pihenni akart.

Találunk megoldást.

Együtt mindenhol kerestek.

Útközben pihentek együtt.

Útközben játszottak egy kicsit.

Hirtelen egy pillangó táncolt el.

Így minden jóra fordult.

Együtt minden könnyebb."
556,Nora és a nagy kaland,"Lena a zöld réten volt, amikor Nora jött.

Minden csendes és békés volt.

Nora elfelejtette a könyvet.

Gyere, megcsináljuk!

Együtt tervet készítettek.

Útközben táncoltak vidáman.

Útközben táncoltak a pataknál.

Hirtelen szél támadt.

Végül mindketten nevettek.

Az igazi barátok mindig segítenek."
557,Ema és a rejtély,"Pippa a nagy tölgynél volt, amikor Ema jött.

Virágillat volt.

Ema kicsit fázott.

Mesélj, hallgatlak!

Együtt segítséget kértek.

Útközben beszélgettek egy kicsit.

Útközben sokat nevettek.

Hirtelen lehullt egy hullócsillag.

Mindketten büszkék voltak.

A türelem szerencsét hoz."
558,Mia legszebb napja,"Theo a zöld parkban volt, amikor Mia jött.

A madarak vidáman énekeltek.

Mia búja volt.

Segítek!

Együtt útnak indultak.

Útközben meséket mondtak.

Útközben nevettek egy kicsit.

Hirtelen valaki nevetett.

Így minden jóra fordult.

A kíváncsiság csodákhoz vezet."
559,Anna és a kincs,"Péter az öreg erdőben volt, amikor Anna jött.

A nap melegen sütött.

Anna a kulcsot kereste.

Találunk megoldást.

Együtt megosztották a feladatot.

Útközben énekeltek vidáman.

Útközben pihentek a pataknál.

Hirtelen hangosan zörögött valami.

Végül mindketten nevettek.

A nevetés mindig segít."
560,Milo és a rejtély,"Leó a sárga mezőn volt, amikor Milo jött.

Egy patak csobogott halkan.

Milo félt a sötétben.

Gyere, megcsináljuk!

Együtt a szomszédokat kérdezték.

Útközben nevettek egy kicsit.

Útközben beszélgettek körben.

Hirtelen brekegett egy béka.

Mindketten büszkék voltak.

Aki mer, nyer."
561,Finn és a terv,"Max egy kis faluban volt, amikor Finn jött.

Friss fű illata volt.

Finn szomorú volt.

Mesélj, hallgatlak!

Együtt mindenhol kerestek.

Útközben játszottak a pataknál.

Útközben énekeltek egy kicsit.

Hirtelen ugatott egy kutya.

Így minden jóra fordult.

A bátorságot jutalmazzák."
562,Nora és az utazás,"Lena a színes piacon volt, amikor Nora jött.

Pillangók repkedtek.

Nora éhes volt.

Segítek!

Együtt tervet készítettek.

Útközben pihentek körben.

Útközben játszottak a pataknál.

Hirtelen leesett egy levél.

Végül mindketten nevettek.

Megosztani öröm."
563,Ema és a lelet,"Pippa az öreg kútnál volt, amikor Ema jött.

Kék volt az ég.

Ema eltévedt.

Találunk megoldást.

Együtt segítséget kértek.

Útközben táncoltak hangosan.

Útközben táncoltak körben.

Hirtelen zümmögött egy méh.

Mindketten büszkék voltak.

Együtt minden könnyebb."
564,Mia és a felfedezés,"Theo a játszótéren volt, amikor Mia jött.

Minden csendes és békés volt.

Mia szomjas volt.

Gyere, megcsináljuk!

Együtt útnak indultak.

Útközben táncoltak együtt.

Útközben dalt énekeltek.

Hirtelen kopogtak.

Így minden jóra fordult.

Az igazi barátok mindig segítenek."
565,Anna és a kirándulás,"Péter a kék folyónál volt, amikor Anna jött.

Virágillat volt.

Anna pihenni akart.

Mesélj, hallgatlak!

Együtt megosztották a feladatot.

Útközben beszélgettek vidáman.

Útközben nevettek a pataknál.

Hirtelen egy pillangó táncolt el.

Végül mindketten nevettek.

A türelem szerencsét hoz."
566,Milo és a verseny,"Leó a zöld réten volt, amikor Milo jött.

A madarak vidáman énekeltek.

Milo elfelejtette a könyvet.

Segítek!

Együtt a szomszédokat kérdezték.

Útközben énekeltek hangosan.

Útközben pihentek körben.

Hirtelen szél támadt.

Mindketten büszkék voltak.

A kíváncsiság csodákhoz vezet."
567,Finn és a rejtvény,"Max a nagy tölgynél volt, amikor Finn jött.

A nap melegen sütött.

Finn kicsit fázott.

Találunk megoldást.

Együtt mindenhol kerestek.

Útközben énekeltek együtt.

Útközben beszélgettek hangosan.

Hirtelen lehullt egy hullócsillag.

Így minden jóra fordult.

A nevetés mindig segít."
568,Nora és a meglepetés,"Lena a zöld parkban volt, amikor Nora jött.

Egy patak csobogott halkan.

Nora búja volt.

Gyere, megcsináljuk!

Együtt tervet készítettek.

Útközben nevettek vidáman.

Útközben énekeltek a pataknál.

Hirtelen valaki nevetett.

Végül mindketten nevettek.

Aki mer, nyer."
569,Ema és a nagy kaland,"Pippa az öreg erdőben volt, amikor Ema jött.

Friss fű illata volt.

Ema a kulcsot kereste.

Mesélj, hallgatlak!

Együtt segítséget kértek.

Útközben játszottak egy kicsit.

Útközben játszottak körben.

Hirtelen hangosan zörögött valami.

Mindketten büszkék voltak.

A bátorságot jutalmazzák."
570,Mia és a rejtély,"Theo a sárga mezőn volt, amikor Mia jött.

Pillangók repkedtek.

Mia félt a sötétben.

Segítek!

Együtt útnak indultak.

Útközben pihentek a pataknál.

Útközben táncoltak hangosan.

Hirtelen brekegett egy béka.

Így minden jóra fordult.

Megosztani öröm."
571,Anna legszebb napja,"Péter egy kis faluban volt, amikor Anna jött.

Kék volt az ég.

Anna szomorú volt.

Találunk megoldást.

Együtt megosztották a feladatot.

Útközben táncoltak körben.

Útközben beszélgettek együtt.

Hirtelen ugatott egy kutya.

Végül mindketten nevettek.

Együtt minden könnyebb."
572,Milo és a kincs,"Leó a színes piacon volt, amikor Milo jött.

Minden csendes és békés volt.

Milo éhes volt.

Gyere, megcsináljuk!

Együtt a szomszédokat kérdezték.

Útközben beszélgettek hangosan.

Útközben nevettek körben.

Hirtelen leesett egy levél.

Mindketten büszkék voltak.

Az igazi barátok mindig segítenek."
573,Finn és a rejtély,"Max az öreg kútnál volt, amikor Finn jött.

Virágillat volt.

Finn eltévedt.

Mesélj, hallgatlak!

Együtt mindenhol kerestek.

Útközben beszélgettek együtt.

Útközben pihentek hangosan.

Hirtelen zümmögött egy méh.

Így minden jóra fordult.

A türelem szerencsét hoz."
574,Nora és a terv,"Lena a játszótéren volt, amikor Nora jött.

A madarak vidáman énekeltek.

Nora szomjas volt.

Segítek!

Együtt tervet készítettek.

Útközben énekeltek körben.

Útközben táncoltak együtt.

Hirtelen kopogtak.

Végül mindketten nevettek.

A kíváncsiság csodákhoz vezet."
575,Ema és az utazás,"Pippa a kék folyónál volt, amikor Ema jött.

A nap melegen sütött.

Ema pihenni akart.

Találunk megoldást.

Együtt segítséget kértek.

Útközben nevettek hangosan.

Útközben énekeltek körben.

Hirtelen egy pillangó táncolt el.

Mindketten büszkék voltak.

A nevetés mindig segít."
576,Mia és a lelet,"Theo a zöld réten volt, amikor Mia jött.

Egy patak csobogott halkan.

Mia elfelejtette a könyvet.

Gyere, megcsináljuk!

Együtt útnak indultak.

Útközben nevettek együtt.

Útközben játszottak hangosan.

Hirtelen szél támadt.

Így minden jóra fordult.

Aki mer, nyer."
577,Anna és a felfedezés,"Péter a nagy tölgynél volt, amikor Anna jött.

Friss fű illata volt.

Anna kicsit fázott.

Mesélj, hallgatlak!

Együtt megosztották a feladatot.

Útközben játszottak vidáman.

Útközben pihentek együtt.

Hirtelen lehullt egy hullócsillag.

Végül mindketten nevettek.

A bátorságot jutalmazzák."
578,Milo és a kirándulás,"Leó a zöld parkban volt, amikor Milo jött.

Pillangók repkedtek.

Milo búja volt.

Segítek!

Együtt a szomszédokat kérdezték.

Útközben pihentek egy kicsit.

Útközben beszélgettek vidáman.

Hirtelen valaki nevetett.

Mindketten büszkék voltak.

Megosztani öröm."
579,Finn és a verseny,"Max az öreg erdőben volt, amikor Finn jött.

Kék volt az ég.

Finn a kulcsot kereste.

Találunk megoldást.

Együtt mindenhol kerestek.

Útközben táncoltak a pataknál.

Útközben nevettek hangosan.

Hirtelen hangosan zörögött valami.

Így minden jóra fordult.

Együtt minden könnyebb."
580,Nora és a rejtvény,"Lena a sárga mezőn volt, amikor Nora jött.

Minden csendes és békés volt.

Nora félt a sötétben.

Gyere, megcsináljuk!

Együtt tervet készítettek.

Útközben beszélgettek körben.

Útközben játszottak együtt.

Hirtelen brekegett egy béka.

Végül mindketten nevettek.

Az igazi barátok mindig segítenek."
581,Ema és a meglepetés,"Pippa egy kis faluban volt, amikor Ema jött.

Virágillat volt.

Ema szomorú volt.

Mesélj, hallgatlak!

Együtt segítséget kértek.

Útközben dalt énekeltek.

Útközben táncoltak vidáman.

Hirtelen ugatott egy kutya.

Mindketten büszkék voltak.

A türelem szerencsét hoz."
582,Mia és a nagy kaland,"Theo a színes piacon volt, amikor Mia jött.

A madarak vidáman énekeltek.

Mia éhes volt.

Segítek!

Együtt útnak indultak.

Útközben énekeltek a pataknál.

Útközben énekeltek hangosan.

Hirtelen leesett egy levél.

Így minden jóra fordult.

A kíváncsiság csodákhoz vezet."
583,Anna és a rejtély,"Péter az öreg kútnál volt, amikor Anna jött.

A nap melegen sütött.

Anna eltévedt.

Találunk megoldást.

Együtt megosztották a feladatot.

Útközben nevettek körben.

Útközben nevettek együtt.

Hirtelen zümmögött egy méh.

Végül mindketten nevettek.

A nevetés mindig segít."
584,Milo legszebb napja,"Leó a játszótéren volt, amikor Milo jött.

Egy patak csobogott halkan.

Milo szomjas volt.

Gyere, megcsináljuk!

Együtt a szomszédokat kérdezték.

Útközben játszottak hangosan.

Útközben pihentek vidáman.

Hirtelen kopogtak.

Mindketten büszkék voltak.

Aki mer, nyer."
585,Finn és a kincs,"Max a kék folyónál volt, amikor Finn jött.

Friss fű illata volt.

Finn pihenni akart.

Mesélj, hallgatlak!

Együtt mindenhol kerestek.

Útközben játszottak együtt.

Útközben beszélgettek egy kicsit.

Hirtelen egy pillangó táncolt el.

Így minden jóra fordult.

A bátorságot jutalmazzák."
586,Nora és a rejtély,"Lena a zöld réten volt, amikor Nora jött.

Pillangók repkedtek.

Nora elfelejtette a könyvet.

Segítek!

Együtt tervet készítettek.

Útközben pihentek vidáman.

Útközben énekeltek együtt.

Hirtelen szél támadt.

Végül mindketten nevettek.

Megosztani öröm."
587,Ema és a terv,"Pippa a nagy tölgynél volt, amikor Ema jött.

Kék volt az ég.

Ema kicsit fázott.

Találunk megoldást.

Együtt segítséget kértek.

Útközben táncoltak egy kicsit.

Útközben játszottak vidáman.

Hirtelen lehullt egy hullócsillag.

Mindketten büszkék voltak.

Együtt minden könnyebb."
588,Mia és az utazás,"Theo a zöld parkban volt, amikor Mia jött.

Minden csendes és békés volt.

Mia búja volt.

Gyere, megcsináljuk!

Együtt útnak indultak.

Útközben beszélgettek a pataknál.

Útközben táncoltak egy kicsit.

Hirtelen valaki nevetett.

Így minden jóra fordult.

Az igazi barátok mindig segítenek."
589,Anna és a lelet,"Péter az öreg erdőben volt, amikor Anna jött.

Virágillat volt.

Anna a kulcsot kereste.

Mesélj, hallgatlak!

Együtt megosztották a feladatot.

Útközben sokat nevettek.

Útközben meséket mondtak.

Hirtelen hangosan zörögött valami.

Végül mindketten nevettek.

A türelem szerencsét hoz."
590,Milo és a felfedezés,"Leó a sárga mezőn volt, amikor Milo jött.

A madarak vidáman énekeltek.

Milo félt a sötétben.

Segítek!

Együtt a szomszédokat kérdezték.

Útközben énekeltek egy kicsit.

Útközben nevettek vidáman.

Hirtelen brekegett egy béka.

Mindketten büszkék voltak.

A kíváncsiság csodákhoz vezet."
591,Finn és a kirándulás,"Max egy kis faluban volt, amikor Finn jött.

A nap melegen sütött.

Finn szomorú volt.

Találunk megoldást.

Együtt mindenhol kerestek.

Útközben nevettek a pataknál.

Útközben pihentek egy kicsit.

Hirtelen ugatott egy kutya.

Így minden jóra fordult.

A nevetés mindig segít."
592,Nora és a verseny,"Lena a színes piacon volt, amikor Nora jött.

Egy patak csobogott halkan.

Nora éhes volt.

Gyere, megcsináljuk!

Együtt tervet készítettek.

Útközben játszottak körben.

Útközben beszélgettek a pataknál.

Hirtelen leesett egy levél.

Végül mindketten nevettek.

Aki mer, nyer."
593,Ema és a rejtvény,"Pippa az öreg kútnál volt, amikor Ema jött.

Friss fű illata volt.

Ema eltévedt.

Mesélj, hallgatlak!

Együtt segítséget kértek.

Útközben pihentek hangosan.

Útközben énekeltek vidáman.

Hirtelen zümmögött egy méh.

Mindketten büszkék voltak.

A bátorságot jutalmazzák."
594,Mia és a meglepetés,"Theo a játszótéren volt, amikor Mia jött.

Pillangók repkedtek.

Mia szomjas volt.

Segítek!

Együtt útnak indultak.

Útközben pihentek együtt.

Útközben játszottak egy kicsit.

Hirtelen kopogtak.

Így minden jóra fordult.

Megosztani öröm."
595,Anna és a nagy kaland,"Péter a kék folyónál volt, amikor Anna jött.

Kék volt az ég.

Anna pihenni akart.

Találunk megoldást.

Együtt megosztották a feladatot.

Útközben táncoltak vidáman.

Útközben táncoltak a pataknál.

Hirtelen egy pillangó táncolt el.

Végül mindketten nevettek.

Együtt minden könnyebb."
596,Milo és a rejtély,"Leó a zöld réten volt, amikor Milo jött.

Minden csendes és békés volt.

Milo elfelejtette a könyvet.

Gyere, megcsináljuk!

Együtt a szomszédokat kérdezték.

Útközben beszélgettek egy kicsit.

Útközben sokat nevettek.

Hirtelen szél támadt.

Mindketten büszkék voltak.

Az igazi barátok mindig segítenek."
597,Finn legszebb napja,"Max a nagy tölgynél volt, amikor Finn jött.

Virágillat volt.

Finn kicsit fázott.

Mesélj, hallgatlak!

Együtt mindenhol kerestek.

Útközben meséket mondtak.

Útközben nevettek egy kicsit.

Hirtelen lehullt egy hullócsillag.

Így minden jóra fordult.

A türelem szerencsét hoz."
598,Nora és a kincs,"Lena a zöld parkban volt, amikor Nora jött.

A madarak vidáman énekeltek.

Nora búja volt.

Segítek!

Együtt tervet készítettek.

Útközben énekeltek vidáman.

Útközben pihentek a pataknál.

Hirtelen valaki nevetett.

Végül mindketten nevettek.

A kíváncsiság csodákhoz vezet."
599,Ema és a rejtély,"Pippa az öreg erdőben volt, amikor Ema jött.

A nap melegen sütött.

Ema a kulcsot kereste.

Találunk megoldást.

Együtt segítséget kértek.

Útközben nevettek egy kicsit.

Útközben beszélgettek körben.

Hirtelen hangosan zörögött valami.

Mindketten büszkék voltak.

A nevetés mindig segít."
600,Mia és a terv,"Theo a sárga mezőn volt, amikor Mia jött.

Egy patak csobogott halkan.

Mia félt a sötétben.

Gyere, megcsináljuk!

Együtt útnak indultak.

Útközben játszottak a pataknál.

Útközben énekeltek egy kicsit.

Hirtelen brekegett egy béka.

Így minden jóra fordult.

Aki mer, nyer."
601,Anna és az utazás,"Péter egy kis faluban volt, amikor Anna jött.

Friss fű illata volt.

Anna szomorú volt.

Mesélj, hallgatlak!

Együtt megosztották a feladatot.

Útközben pihentek körben.

Útközben játszottak a pataknál.

Hirtelen ugatott egy kutya.

Végül mindketten nevettek.

A bátorságot jutalmazzák."
602,Milo és a lelet,"Leó a színes piacon volt, amikor Milo jött.

Pillangók repkedtek.

Milo éhes volt.

Segítek!

Együtt a szomszédokat kérdezték.

Útközben táncoltak hangosan.

Útközben táncoltak körben.

Hirtelen leesett egy levél.

Mindketten büszkék voltak.

Megosztani öröm."
603,Finn és a felfedezés,"Max az öreg kútnál volt, amikor Finn jött.

Kék volt az ég.

Finn eltévedt.

Találunk megoldást.

Együtt mindenhol kerestek.

Útközben táncoltak együtt.

Útközben dalt énekeltek.

Hirtelen zümmögött egy méh.

Így minden jóra fordult.

Együtt minden könnyebb."
604,Nora és a kirándulás,"Lena a játszótéren volt, amikor Nora jött.

Minden csendes és békés volt.

Nora szomjas volt.

Gyere, megcsináljuk!

Együtt tervet készítettek.

Útközben beszélgettek vidáman.

Útközben nevettek a pataknál.

Hirtelen kopogtak.

Végül mindketten nevettek.

Az igazi barátok mindig segítenek."
605,Ema és a verseny,"Pippa a kék folyónál volt, amikor Ema jött.

Virágillat volt.

Ema pihenni akart.

Mesélj, hallgatlak!

Együtt segítséget kértek.

Útközben énekeltek hangosan.

Útközben pihentek körben.

Hirtelen egy pillangó táncolt el.

Mindketten büszkék voltak.

A türelem szerencsét hoz."
606,Mia és a rejtvény,"Theo a zöld réten volt, amikor Mia jött.

A madarak vidáman énekeltek.

Mia elfelejtette a könyvet.

Segítek!

Együtt útnak indultak.

Útközben énekeltek együtt.

Útközben beszélgettek hangosan.

Hirtelen szél támadt.

Így minden jóra fordult.

A kíváncsiság csodákhoz vezet."
607,Anna és a meglepetés,"Péter a nagy tölgynél volt, amikor Anna jött.

A nap melegen sütött.

Anna kicsit fázott.

Találunk megoldást.

Együtt megosztották a feladatot.

Útközben nevettek vidáman.

Útközben énekeltek a pataknál.

Hirtelen lehullt egy hullócsillag.

Végül mindketten nevettek.

A nevetés mindig segít."
608,Milo és a nagy kaland,"Leó a zöld parkban volt, amikor Milo jött.

Egy patak csobogott halkan.

Milo búja volt.

Gyere, megcsináljuk!

Együtt a szomszédokat kérdezték.

Útközben játszottak egy kicsit.

Útközben játszottak körben.

Hirtelen valaki nevetett.

Mindketten büszkék voltak.

Aki mer, nyer."
609,Finn és a rejtély,"Max az öreg erdőben volt, amikor Finn jött.

Friss fű illata volt.

Finn a kulcsot kereste.

Mesélj, hallgatlak!

Együtt mindenhol kerestek.

Útközben pihentek a pataknál.

Útközben táncoltak hangosan.

Hirtelen hangosan zörögött valami.

Így minden jóra fordult.

A bátorságot jutalmazzák."
610,Nora legszebb napja,"Lena a sárga mezőn volt, amikor Nora jött.

Pillangók repkedtek.

Nora félt a sötétben.

Segítek!

Együtt tervet készítettek.

Útközben táncoltak körben.

Útközben beszélgettek együtt.

Hirtelen brekegett egy béka.

Végül mindketten nevettek.

Megosztani öröm."
611,Ema és a kincs,"Pippa egy kis faluban volt, amikor Ema jött.

Kék volt az ég.

Ema szomorú volt.

Találunk megoldást.

Együtt segítséget kértek.

Útközben beszélgettek hangosan.

Útközben nevettek körben.

Hirtelen ugatott egy kutya.

Mindketten büszkék voltak.

Együtt minden könnyebb."
612,Mia és a rejtély,"Theo a színes piacon volt, amikor Mia jött.

Minden csendes és békés volt.

Mia éhes volt.

Gyere, megcsináljuk!

Együtt útnak indultak.

Útközben beszélgettek együtt.

Útközben pihentek hangosan.

Hirtelen leesett egy levél.

Így minden jóra fordult.

Az igazi barátok mindig segítenek."
613,Anna és a terv,"Péter az öreg kútnál volt, amikor Anna jött.

Virágillat volt.

Anna eltévedt.

Mesélj, hallgatlak!

Együtt megosztották a feladatot.

Útközben énekeltek körben.

Útközben táncoltak együtt.

Hirtelen zümmögött egy méh.

Végül mindketten nevettek.

A türelem szerencsét hoz."
614,Milo és az utazás,"Leó a játszótéren volt, amikor Milo jött.

A madarak vidáman énekeltek.

Milo szomjas volt.

Segítek!

Együtt a szomszédokat kérdezték.

Útközben nevettek hangosan.

Útközben énekeltek körben.

Hirtelen kopogtak.

Mindketten büszkék voltak.

A kíváncsiság csodákhoz vezet."
615,Finn és a lelet,"Max a kék folyónál volt, amikor Finn jött.

A nap melegen sütött.

Finn pihenni akart.

Találunk megoldást.

Együtt mindenhol kerestek.

Útközben nevettek együtt.

Útközben játszottak hangosan.

Hirtelen egy pillangó táncolt el.

Így minden jóra fordult.

A nevetés mindig segít."
616,Nora és a felfedezés,"Lena a zöld réten volt, amikor Nora jött.

Egy patak csobogott halkan.

Nora elfelejtette a könyvet.

Gyere, megcsináljuk!

Együtt tervet készítettek.

Útközben játszottak vidáman.

Útközben pihentek együtt.

Hirtelen szél támadt.

Végül mindketten nevettek.

Aki mer, nyer."
617,Ema és a kirándulás,"Pippa a nagy tölgynél volt, amikor Ema jött.

Friss fű illata volt.

Ema kicsit fázott.

Mesélj, hallgatlak!

Együtt segítséget kértek.

Útközben pihentek egy kicsit.

Útközben beszélgettek vidáman.

Hirtelen lehullt egy hullócsillag.

Mindketten büszkék voltak.

A bátorságot jutalmazzák."
618,Mia és a verseny,"Theo a zöld parkban volt, amikor Mia jött.

Pillangók repkedtek.

Mia búja volt.

Segítek!

Együtt útnak indultak.

Útközben táncoltak a pataknál.

Útközben nevettek hangosan.

Hirtelen valaki nevetett.

Így minden jóra fordult.

Megosztani öröm."
619,Anna és a rejtvény,"Péter az öreg erdőben volt, amikor Anna jött.

Kék volt az ég.

Anna a kulcsot kereste.

Találunk megoldást.

Együtt megosztották a feladatot.

Útközben beszélgettek körben.

Útközben játszottak együtt.

Hirtelen hangosan zörögött valami.

Végül mindketten nevettek.

Együtt minden könnyebb."
620,Milo és a meglepetés,"Leó a sárga mezőn volt, amikor Milo jött.

Minden csendes és békés volt.

Milo félt a sötétben.

Gyere, megcsináljuk!

Együtt a szomszédokat kérdezték.

Útközben dalt énekeltek.

Útközben táncoltak vidáman.

Hirtelen brekegett egy béka.

Mindketten büszkék voltak.

Az igazi barátok mindig segítenek."
621,Finn és a nagy kaland,"Max egy kis faluban volt, amikor Finn jött.

Virágillat volt.

Finn szomorú volt.

Mesélj, hallgatlak!

Együtt mindenhol kerestek.

Útközben énekeltek a pataknál.

Útközben énekeltek hangosan.

Hirtelen ugatott egy kutya.

Így minden jóra fordult.

A türelem szerencsét hoz."
622,Nora és a rejtély,"Lena a színes piacon volt, amikor Nora jött.

A madarak vidáman énekeltek.

Nora éhes volt.

Segítek!

Együtt tervet készítettek.

Útközben nevettek körben.

Útközben nevettek együtt.

Hirtelen leesett egy levél.

Végül mindketten nevettek.

A kíváncsiság csodákhoz vezet."
623,Ema legszebb napja,"Pippa az öreg kútnál volt, amikor Ema jött.

A nap melegen sütött.

Ema eltévedt.

Találunk megoldást.

Együtt segítséget kértek.

Útközben játszottak hangosan.

Útközben pihentek vidáman.

Hirtelen zümmögött egy méh.

Mindketten büszkék voltak.

A nevetés mindig segít."
624,Mia és a kincs,"Theo a játszótéren volt, amikor Mia jött.

Egy patak csobogott halkan.

Mia szomjas volt.

Gyere, megcsináljuk!

Együtt útnak indultak.

Útközben játszottak együtt.

Útközben beszélgettek egy kicsit.

Hirtelen kopogtak.

Így minden jóra fordult.

Aki mer, nyer."
625,Anna és a rejtély,"Péter a kék folyónál volt, amikor Anna jött.

Friss fű illata volt.

Anna pihenni akart.

Mesélj, hallgatlak!

Együtt megosztották a feladatot.

Útközben pihentek vidáman.

Útközben énekeltek együtt.

Hirtelen egy pillangó táncolt el.

Végül mindketten nevettek.

A bátorságot jutalmazzák."
626,Milo és a terv,"Leó a zöld réten volt, amikor Milo jött.

Pillangók repkedtek.

Milo elfelejtette a könyvet.

Segítek!

Együtt a szomszédokat kérdezték.

Útközben táncoltak egy kicsit.

Útközben játszottak vidáman.

Hirtelen szél támadt.

Mindketten büszkék voltak.

Megosztani öröm."
627,Finn és az utazás,"Max a nagy tölgynél volt, amikor Finn jött.

Kék volt az ég.

Finn kicsit fázott.

Találunk megoldást.

Együtt mindenhol kerestek.

Útközben beszélgettek a pataknál.

Útközben táncoltak egy kicsit.

Hirtelen lehullt egy hullócsillag.

Így minden jóra fordult.

Együtt minden könnyebb."
628,Nora és a lelet,"Lena a zöld parkban volt, amikor Nora jött.

Minden csendes és békés volt.

Nora búja volt.

Gyere, megcsináljuk!

Együtt tervet készítettek.

Útközben sokat nevettek.

Útközben meséket mondtak.

Hirtelen valaki nevetett.

Végül mindketten nevettek.

Az igazi barátok mindig segítenek."
629,Ema és a felfedezés,"Pippa az öreg erdőben volt, amikor Ema jött.

Virágillat volt.

Ema a kulcsot kereste.

Mesélj, hallgatlak!

Együtt segítséget kértek.

Útközben énekeltek egy kicsit.

Útközben nevettek vidáman.

Hirtelen hangosan zörögött valami.

Mindketten büszkék voltak.

A türelem szerencsét hoz."
630,Mia és a kirándulás,"Theo a sárga mezőn volt, amikor Mia jött.

A madarak vidáman énekeltek.

Mia félt a sötétben.

Segítek!

Együtt útnak indultak.

Útközben nevettek a pataknál.

Útközben pihentek egy kicsit.

Hirtelen brekegett egy béka.

Így minden jóra fordult.

A kíváncsiság csodákhoz vezet."
631,Anna és a verseny,"Péter egy kis faluban volt, amikor Anna jött.

A nap melegen sütött.

Anna szomorú volt.

Találunk megoldást.

Együtt megosztották a feladatot.

Útközben játszottak körben.

Útközben beszélgettek a pataknál.

Hirtelen ugatott egy kutya.

Végül mindketten nevettek.

A nevetés mindig segít."
632,Milo és a rejtvény,"Leó a színes piacon volt, amikor Milo jött.

Egy patak csobogott halkan.

Milo éhes volt.

Gyere, megcsináljuk!

Együtt a szomszédokat kérdezték.

Útközben pihentek hangosan.

Útközben énekeltek vidáman.

Hirtelen leesett egy levél.

Mindketten büszkék voltak.

Aki mer, nyer."
633,Finn és a meglepetés,"Max az öreg kútnál volt, amikor Finn jött.

Friss fű illata volt.

Finn eltévedt.

Mesélj, hallgatlak!

Együtt mindenhol kerestek.

Útközben pihentek együtt.

Útközben játszottak egy kicsit.

Hirtelen zümmögött egy méh.

Így minden jóra fordult.

A bátorságot jutalmazzák."
634,Nora és a nagy kaland,"Lena a játszótéren volt, amikor Nora jött.

Pillangók repkedtek.

Nora szomjas volt.

Segítek!

Együtt tervet készítettek.

Útközben táncoltak vidáman.

Útközben táncoltak a pataknál.

Hirtelen kopogtak.

Végül mindketten nevettek.

Megosztani öröm."
635,Ema és a rejtély,"Pippa a kék folyónál volt, amikor Ema jött.

Kék volt az ég.

Ema pihenni akart.

Találunk megoldást.

Együtt segítséget kértek.

Útközben beszélgettek egy kicsit.

Útközben sokat nevettek.

Hirtelen egy pillangó táncolt el.

Mindketten büszkék voltak.

Együtt minden könnyebb."
636,Mia legszebb napja,"Theo a zöld réten volt, amikor Mia jött.

Minden csendes és békés volt.

Mia elfelejtette a könyvet.

Gyere, megcsináljuk!

Együtt útnak indultak.

Útközben meséket mondtak.

Útközben nevettek egy kicsit.

Hirtelen szél támadt.

Így minden jóra fordult.

Az igazi barátok mindig segítenek."
637,Anna és a kincs,"Péter a nagy tölgynél volt, amikor Anna jött.

Virágillat volt.

Anna kicsit fázott.

Mesélj, hallgatlak!

Együtt megosztották a feladatot.

Útközben énekeltek vidáman.

Útközben pihentek a pataknál.

Hirtelen lehullt egy hullócsillag.

Végül mindketten nevettek.

A türelem szerencsét hoz."
638,Milo és a rejtély,"Leó a zöld parkban volt, amikor Milo jött.

A madarak vidáman énekeltek.

Milo búja volt.

Segítek!

Együtt a szomszédokat kérdezték.

Útközben nevettek egy kicsit.

Útközben beszélgettek körben.

Hirtelen valaki nevetett.

Mindketten büszkék voltak.

A kíváncsiság csodákhoz vezet."
639,Finn és a terv,"Max az öreg erdőben volt, amikor Finn jött.

A nap melegen sütött.

Finn a kulcsot kereste.

Találunk megoldást.

Együtt mindenhol kerestek.

Útközben játszottak a pataknál.

Útközben énekeltek egy kicsit.

Hirtelen hangosan zörögött valami.

Így minden jóra fordult.

A nevetés mindig segít."
640,Nora és az utazás,"Lena a sárga mezőn volt, amikor Nora jött.

Egy patak csobogott halkan.

Nora félt a sötétben.

Gyere, megcsináljuk!

Együtt tervet készítettek.

Útközben pihentek körben.

Útközben játszottak a pataknál.

Hirtelen brekegett egy béka.

Végül mindketten nevettek.

Aki mer, nyer."
641,Ema és a lelet,"Pippa egy kis faluban volt, amikor Ema jött.

Friss fű illata volt.

Ema szomorú volt.

Mesélj, hallgatlak!

Együtt segítséget kértek.

Útközben táncoltak hangosan.

Útközben táncoltak körben.

Hirtelen ugatott egy kutya.

Mindketten büszkék voltak.

A bátorságot jutalmazzák."
642,Mia és a felfedezés,"Theo a színes piacon volt, amikor Mia jött.

Pillangók repkedtek.

Mia éhes volt.

Segítek!

Együtt útnak indultak.

Útközben táncoltak együtt.

Útközben dalt énekeltek.

Hirtelen leesett egy levél.

Így minden jóra fordult.

Megosztani öröm."
643,Anna és a kirándulás,"Péter az öreg kútnál volt, amikor Anna jött.

Kék volt az ég.

Anna eltévedt.

Találunk megoldást.

Együtt megosztották a feladatot.

Útközben beszélgettek vidáman.

Útközben nevettek a pataknál.

Hirtelen zümmögött egy méh.

Végül mindketten nevettek.

Együtt minden könnyebb."
644,Milo és a verseny,"Leó a játszótéren volt, amikor Milo jött.

Minden csendes és békés volt.

Milo szomjas volt.

Gyere, megcsináljuk!

Együtt a szomszédokat kérdezték.

Útközben énekeltek hangosan.

Útközben pihentek körben.

Hirtelen kopogtak.

Mindketten büszkék voltak.

Az igazi barátok mindig segítenek."
645,Finn és a rejtvény,"Max a kék folyónál volt, amikor Finn jött.

Virágillat volt.

Finn pihenni akart.

Mesélj, hallgatlak!

Együtt mindenhol kerestek.

Útközben énekeltek együtt.

Útközben beszélgettek hangosan.

Hirtelen egy pillangó táncolt el.

Így minden jóra fordult.

A türelem szerencsét hoz."
646,Nora és a meglepetés,"Lena a zöld réten volt, amikor Nora jött.

A madarak vidáman énekeltek.

Nora elfelejtette a könyvet.

Segítek!

Együtt tervet készítettek.

Útközben nevettek vidáman.

Útközben énekeltek a pataknál.

Hirtelen szél támadt.

Végül mindketten nevettek.

A kíváncsiság csodákhoz vezet."
647,Ema és a nagy kaland,"Pippa a nagy tölgynél volt, amikor Ema jött.

A nap melegen sütött.

Ema kicsit fázott.

Találunk megoldást.

Együtt segítséget kértek.

Útközben játszottak egy kicsit.

Útközben játszottak körben.

Hirtelen lehullt egy hullócsillag.

Mindketten büszkék voltak.

A nevetés mindig segít."
648,Mia és a rejtély,"Theo a zöld parkban volt, amikor Mia jött.

Egy patak csobogott halkan.

Mia búja volt.

Gyere, megcsináljuk!

Együtt útnak indultak.

Útközben pihentek a pataknál.

Útközben táncoltak hangosan.

Hirtelen valaki nevetett.

Így minden jóra fordult.

Aki mer, nyer."
649,Anna legszebb napja,"Péter az öreg erdőben volt, amikor Anna jött.

Friss fű illata volt.

Anna a kulcsot kereste.

Mesélj, hallgatlak!

Együtt megosztották a feladatot.

Útközben táncoltak körben.

Útközben beszélgettek együtt.

Hirtelen hangosan zörögött valami.

Végül mindketten nevettek.

A bátorságot jutalmazzák."
650,Milo és a kincs,"Leó a sárga mezőn volt, amikor Milo jött.

Pillangók repkedtek.

Milo félt a sötétben.

Segítek!

Együtt a szomszédokat kérdezték.

Útközben beszélgettek hangosan.

Útközben nevettek körben.

Hirtelen brekegett egy béka.

Mindketten büszkék voltak.

Megosztani öröm."
651,Finn és a rejtély,"Max egy kis faluban volt, amikor Finn jött.

Kék volt az ég.

Finn szomorú volt.

Találunk megoldást.

Együtt mindenhol kerestek.

Útközben beszélgettek együtt.

Útközben pihentek hangosan.

Hirtelen ugatott egy kutya.

Így minden jóra fordult.

Együtt minden könnyebb."
652,Nora és a terv,"Lena a színes piacon volt, amikor Nora jött.

Minden csendes és békés volt.

Nora éhes volt.

Gyere, megcsináljuk!

Együtt tervet készítettek.

Útközben énekeltek körben.

Útközben táncoltak együtt.

Hirtelen leesett egy levél.

Végül mindketten nevettek.

Az igazi barátok mindig segítenek."
653,Ema és az utazás,"Pippa az öreg kútnál volt, amikor Ema jött.

Virágillat volt.

Ema eltévedt.

Mesélj, hallgatlak!

Együtt segítséget kértek.

Útközben nevettek hangosan.

Útközben énekeltek körben.

Hirtelen zümmögött egy méh.

Mindketten büszkék voltak.

A türelem szerencsét hoz."
654,Mia és a lelet,"Theo a játszótéren volt, amikor Mia jött.

A madarak vidáman énekeltek.

Mia szomjas volt.

Segítek!

Együtt útnak indultak.

Útközben nevettek együtt.

Útközben játszottak hangosan.

Hirtelen kopogtak.

Így minden jóra fordult.

A kíváncsiság csodákhoz vezet."
655,Anna és a felfedezés,"Péter a kék folyónál volt, amikor Anna jött.

A nap melegen sütött.

Anna pihenni akart.

Találunk megoldást.

Együtt megosztották a feladatot.

Útközben játszottak vidáman.

Útközben pihentek együtt.

Hirtelen egy pillangó táncolt el.

Végül mindketten nevettek.

A nevetés mindig segít."
656,Milo és a kirándulás,"Leó a zöld réten volt, amikor Milo jött.

Egy patak csobogott halkan.

Milo elfelejtette a könyvet.

Gyere, megcsináljuk!

Együtt a szomszédokat kérdezték.

Útközben pihentek egy kicsit.

Útközben beszélgettek vidáman.

Hirtelen szél támadt.

Mindketten büszkék voltak.

Aki mer, nyer."
657,Finn és a verseny,"Max a nagy tölgynél volt, amikor Finn jött.

Friss fű illata volt.

Finn kicsit fázott.

Mesélj, hallgatlak!

Együtt mindenhol kerestek.

Útközben táncoltak a pataknál.

Útközben nevettek hangosan.

Hirtelen lehullt egy hullócsillag.

Így minden jóra fordult.

A bátorságot jutalmazzák."
658,Nora és a rejtvény,"Lena a zöld parkban volt, amikor Nora jött.

Pillangók repkedtek.

Nora búja volt.

Segítek!

Együtt tervet készítettek.

Útközben beszélgettek körben.

Útközben játszottak együtt.

Hirtelen valaki nevetett.

Végül mindketten nevettek.

Megosztani öröm."
659,Ema és a meglepetés,"Pippa az öreg erdőben volt, amikor Ema jött.

Kék volt az ég.

Ema a kulcsot kereste.

Találunk megoldást.

Együtt segítséget kértek.

Útközben dalt énekeltek.

Útközben táncoltak vidáman.

Hirtelen hangosan zörögött valami.

Mindketten büszkék voltak.

Együtt minden könnyebb."
660,Mia és a nagy kaland,"Theo a sárga mezőn volt, amikor Mia jött.

Minden csendes és békés volt.

Mia félt a sötétben.

Gyere, megcsináljuk!

Együtt útnak indultak.

Útközben énekeltek a pataknál.

Útközben énekeltek hangosan.

Hirtelen brekegett egy béka.

Így minden jóra fordult.

Az igazi barátok mindig segítenek."
661,Anna és a rejtély,"Péter egy kis faluban volt, amikor Anna jött.

Virágillat volt.

Anna szomorú volt.

Mesélj, hallgatlak!

Együtt megosztották a feladatot.

Útközben nevettek körben.

Útközben nevettek együtt.

Hirtelen ugatott egy kutya.

Végül mindketten nevettek.

A türelem szerencsét hoz."
662,Milo legszebb napja,"Leó a színes piacon volt, amikor Milo jött.

A madarak vidáman énekeltek.

Milo éhes volt.

Segítek!

Együtt a szomszédokat kérdezték.

Útközben játszottak hangosan.

Útközben pihentek vidáman.

Hirtelen leesett egy levél.

Mindketten büszkék voltak.

A kíváncsiság csodákhoz vezet."
663,Finn és a kincs,"Max az öreg kútnál volt, amikor Finn jött.

A nap melegen sütött.

Finn eltévedt.

Találunk megoldást.

Együtt mindenhol kerestek.

Útközben játszottak együtt.

Útközben beszélgettek egy kicsit.

Hirtelen zümmögött egy méh.

Így minden jóra fordult.

A nevetés mindig segít."
664,Nora és a rejtély,"Lena a játszótéren volt, amikor Nora jött.

Egy patak csobogott halkan.

Nora szomjas volt.

Gyere, megcsináljuk!

Együtt tervet készítettek.

Útközben pihentek vidáman.

Útközben énekeltek együtt.

Hirtelen kopogtak.

Végül mindketten nevettek.

Aki mer, nyer."
665,Ema és a terv,"Pippa a kék folyónál volt, amikor Ema jött.

Friss fű illata volt.

Ema pihenni akart.

Mesélj, hallgatlak!

Együtt segítséget kértek.

Útközben táncoltak egy kicsit.

Útközben játszottak vidáman.

Hirtelen egy pillangó táncolt el.

Mindketten büszkék voltak.

A bátorságot jutalmazzák."
666,Mia és az utazás,"Theo a zöld réten volt, amikor Mia jött.

Pillangók repkedtek.

Mia elfelejtette a könyvet.

Segítek!

Együtt útnak indultak.

Útközben beszélgettek a pataknál.

Útközben táncoltak egy kicsit.

Hirtelen szél támadt.

Így minden jóra fordult.

Megosztani öröm."
667,Anna és a lelet,"Péter a nagy tölgynél volt, amikor Anna jött.

Kék volt az ég.

Anna kicsit fázott.

Találunk megoldást.

Együtt megosztották a feladatot.

Útközben sokat nevettek.

Útközben meséket mondtak.

Hirtelen lehullt egy hullócsillag.

Végül mindketten nevettek.

Együtt minden könnyebb."
668,Milo és a felfedezés,"Leó a zöld parkban volt, amikor Milo jött.

Minden csendes és békés volt.

Milo búja volt.

Gyere, megcsináljuk!

Együtt a szomszédokat kérdezték.

Útközben énekeltek egy kicsit.

Útközben nevettek vidáman.

Hirtelen valaki nevetett.

Mindketten büszkék voltak.

Az igazi barátok mindig segítenek."
669,Finn és a kirándulás,"Max az öreg erdőben volt, amikor Finn jött.

Virágillat volt.

Finn a kulcsot kereste.

Mesélj, hallgatlak!

Együtt mindenhol kerestek.

Útközben nevettek a pataknál.

Útközben pihentek egy kicsit.

Hirtelen hangosan zörögött valami.

Így minden jóra fordult.

A türelem szerencsét hoz."
670,Nora és a verseny,"Lena a sárga mezőn volt, amikor Nora jött.

A madarak vidáman énekeltek.

Nora félt a sötétben.

Segítek!

Együtt tervet készítettek.

Útközben játszottak körben.

Útközben beszélgettek a pataknál.

Hirtelen brekegett egy béka.

Végül mindketten nevettek.

A kíváncsiság csodákhoz vezet."
671,Ema és a rejtvény,"Pippa egy kis faluban volt, amikor Ema jött.

A nap melegen sütött.

Ema szomorú volt.

Találunk megoldást.

Együtt segítséget kértek.

Útközben pihentek hangosan.

Útközben énekeltek vidáman.

Hirtelen ugatott egy kutya.

Mindketten büszkék voltak.

A nevetés mindig segít."
672,Mia és a meglepetés,"Theo a színes piacon volt, amikor Mia jött.

Egy patak csobogott halkan.

Mia éhes volt.

Gyere, megcsináljuk!

Együtt útnak indultak.

Útközben pihentek együtt.

Útközben játszottak egy kicsit.

Hirtelen leesett egy levél.

Így minden jóra fordult.

Aki mer, nyer."
673,Anna és a nagy kaland,"Péter az öreg kútnál volt, amikor Anna jött.

Friss fű illata volt.

Anna eltévedt.

Mesélj, hallgatlak!

Együtt megosztották a feladatot.

Útközben táncoltak vidáman.

Útközben táncoltak a pataknál.

Hirtelen zümmögött egy méh.

Végül mindketten nevettek.

A bátorságot jutalmazzák."
674,Milo és a rejtély,"Leó a játszótéren volt, amikor Milo jött.

Pillangók repkedtek.

Milo szomjas volt.

Segítek!

Együtt a szomszédokat kérdezték.

Útközben beszélgettek egy kicsit.

Útközben sokat nevettek.

Hirtelen kopogtak.

Mindketten büszkék voltak.

Megosztani öröm."
675,Finn legszebb napja,"Max a kék folyónál volt, amikor Finn jött.

Kék volt az ég.

Finn pihenni akart.

Találunk megoldást.

Együtt mindenhol kerestek.

Útközben meséket mondtak.

Útközben nevettek egy kicsit.

Hirtelen egy pillangó táncolt el.

Így minden jóra fordult.

Együtt minden könnyebb."
676,Nora és a kincs,"Lena a zöld réten volt, amikor Nora jött.

Minden csendes és békés volt.

Nora elfelejtette a könyvet.

Gyere, megcsináljuk!

Együtt tervet készítettek.

Útközben énekeltek vidáman.

Útközben pihentek a pataknál.

Hirtelen szél támadt.

Végül mindketten nevettek.

Az igazi barátok mindig segítenek."
677,Ema és a rejtély,"Pippa a nagy tölgynél volt, amikor Ema jött.

Virágillat volt.

Ema kicsit fázott.

Mesélj, hallgatlak!

Együtt segítséget kértek.

Útközben nevettek egy kicsit.

Útközben beszélgettek körben.

Hirtelen lehullt egy hullócsillag.

Mindketten büszkék voltak.

A türelem szerencsét hoz."
678,Mia és a terv,"Theo a zöld parkban volt, amikor Mia jött.

A madarak vidáman énekeltek.

Mia búja volt.

Segítek!

Együtt útnak indultak.

Útközben játszottak a pataknál.

Útközben énekeltek egy kicsit.

Hirtelen valaki nevetett.

Így minden jóra fordult.

A kíváncsiság csodákhoz vezet."
679,Anna és az utazás,"Péter az öreg erdőben volt, amikor Anna jött.

A nap melegen sütött.

Anna a kulcsot kereste.

Találunk megoldást.

Együtt megosztották a feladatot.

Útközben pihentek körben.

Útközben játszottak a pataknál.

Hirtelen hangosan zörögött valami.

Végül mindketten nevettek.

A nevetés mindig segít."
680,Milo és a lelet,"Leó a sárga mezőn volt, amikor Milo jött.

Egy patak csobogott halkan.

Milo félt a sötétben.

Gyere, megcsináljuk!

Együtt a szomszédokat kérdezték.

Útközben táncoltak hangosan.

Útközben táncoltak körben.

Hirtelen brekegett egy béka.

Mindketten büszkék voltak.

Aki mer, nyer."
681,Finn és a felfedezés,"Max egy kis faluban volt, amikor Finn jött.

Friss fű illata volt.

Finn szomorú volt.

Mesélj, hallgatlak!

Együtt mindenhol kerestek.

Útközben táncoltak együtt.

Útközben dalt énekeltek.

Hirtelen ugatott egy kutya.

Így minden jóra fordult.

A bátorságot jutalmazzák."
682,Nora és a kirándulás,"Lena a színes piacon volt, amikor Nora jött.

Pillangók repkedtek.

Nora éhes volt.

Segítek!

Együtt tervet készítettek.

Útközben beszélgettek vidáman.

Útközben nevettek a pataknál.

Hirtelen leesett egy levél.

Végül mindketten nevettek.

Megosztani öröm."
683,Ema és a verseny,"Pippa az öreg kútnál volt, amikor Ema jött.

Kék volt az ég.

Ema eltévedt.

Találunk megoldást.

Együtt segítséget kértek.

Útközben énekeltek hangosan.

Útközben pihentek körben.

Hirtelen zümmögött egy méh.

Mindketten büszkék voltak.

Együtt minden könnyebb."
684,Mia és a rejtvény,"Theo a játszótéren volt, amikor Mia jött.

Minden csendes és békés volt.

Mia szomjas volt.

Gyere, megcsináljuk!

Együtt útnak indultak.

Útközben énekeltek együtt.

Útközben beszélgettek hangosan.

Hirtelen kopogtak.

Így minden jóra fordult.

Az igazi barátok mindig segítenek."
685,Anna és a meglepetés,"Péter a kék folyónál volt, amikor Anna jött.

Virágillat volt.

Anna pihenni akart.

Mesélj, hallgatlak!

Együtt megosztották a feladatot.

Útközben nevettek vidáman.

Útközben énekeltek a pataknál.

Hirtelen egy pillangó táncolt el.

Végül mindketten nevettek.

A türelem szerencsét hoz."
686,Milo és a nagy kaland,"Leó a zöld réten volt, amikor Milo jött.

A madarak vidáman énekeltek.

Milo elfelejtette a könyvet.

Segítek!

Együtt a szomszédokat kérdezték.

Útközben játszottak egy kicsit.

Útközben játszottak körben.

Hirtelen szél támadt.

Mindketten büszkék voltak.

A kíváncsiság csodákhoz vezet."
687,Finn és a rejtély,"Max a nagy tölgynél volt, amikor Finn jött.

A nap melegen sütött.

Finn kicsit fázott.

Találunk megoldást.

Együtt mindenhol kerestek.

Útközben pihentek a pataknál.

Útközben táncoltak hangosan.

Hirtelen lehullt egy hullócsillag.

Így minden jóra fordult.

A nevetés mindig segít."
688,Nora legszebb napja,"Lena a zöld parkban volt, amikor Nora jött.

Egy patak csobogott halkan.

Nora búja volt.

Gyere, megcsináljuk!

Együtt tervet készítettek.

Útközben táncoltak körben.

Útközben beszélgettek együtt.

Hirtelen valaki nevetett.

Végül mindketten nevettek.

Aki mer, nyer."
689,Ema és a kincs,"Pippa az öreg erdőben volt, amikor Ema jött.

Friss fű illata volt.

Ema a kulcsot kereste.

Mesélj, hallgatlak!

Együtt segítséget kértek.

Útközben beszélgettek hangosan.

Útközben nevettek körben.

Hirtelen hangosan zörögött valami.

Mindketten büszkék voltak.

A bátorságot jutalmazzák."
690,Mia és a rejtély,"Theo a sárga mezőn volt, amikor Mia jött.

Pillangók repkedtek.

Mia félt a sötétben.

Segítek!

Együtt útnak indultak.

Útközben beszélgettek együtt.

Útközben pihentek hangosan.

Hirtelen brekegett egy béka.

Így minden jóra fordult.

Megosztani öröm."
691,Anna és a terv,"Péter egy kis faluban volt, amikor Anna jött.

Kék volt az ég.

Anna szomorú volt.

Találunk megoldást.

Együtt megosztották a feladatot.

Útközben énekeltek körben.

Útközben táncoltak együtt.

Hirtelen ugatott egy kutya.

Végül mindketten nevettek.

Együtt minden könnyebb."
692,Milo és az utazás,"Leó a színes piacon volt, amikor Milo jött.

Minden csendes és békés volt.

Milo éhes volt.

Gyere, megcsináljuk!

Együtt a szomszédokat kérdezték.

Útközben nevettek hangosan.

Útközben énekeltek körben.

Hirtelen leesett egy levél.

Mindketten büszkék voltak.

Az igazi barátok mindig segítenek."
693,Finn és a lelet,"Max az öreg kútnál volt, amikor Finn jött.

Virágillat volt.

Finn eltévedt.

Mesélj, hallgatlak!

Együtt mindenhol kerestek.

Útközben nevettek együtt.

Útközben játszottak hangosan.

Hirtelen zümmögött egy méh.

Így minden jóra fordult.

A türelem szerencsét hoz."
694,Nora és a felfedezés,"Lena a játszótéren volt, amikor Nora jött.

A madarak vidáman énekeltek.

Nora szomjas volt.

Segítek!

Együtt tervet készítettek.

Útközben játszottak vidáman.

Útközben pihentek együtt.

Hirtelen kopogtak.

Végül mindketten nevettek.

A kíváncsiság csodákhoz vezet."
695,Ema és a kirándulás,"Pippa a kék folyónál volt, amikor Ema jött.

A nap melegen sütött.

Ema pihenni akart.

Találunk megoldást.

Együtt segítséget kértek.

Útközben pihentek egy kicsit.

Útközben beszélgettek vidáman.

Hirtelen egy pillangó táncolt el.

Mindketten büszkék voltak.

A nevetés mindig segít."
696,Mia és a verseny,"Theo a zöld réten volt, amikor Mia jött.

Egy patak csobogott halkan.

Mia elfelejtette a könyvet.

Gyere, megcsináljuk!

Együtt útnak indultak.

Útközben táncoltak a pataknál.

Útközben nevettek hangosan.

Hirtelen szél támadt.

Így minden jóra fordult.

Aki mer, nyer."
697,Anna és a rejtvény,"Péter a nagy tölgynél volt, amikor Anna jött.

Friss fű illata volt.

Anna kicsit fázott.

Mesélj, hallgatlak!

Együtt megosztották a feladatot.

Útközben beszélgettek körben.

Útközben játszottak együtt.

Hirtelen lehullt egy hullócsillag.

Végül mindketten nevettek.

A bátorságot jutalmazzák."
698,Milo és a meglepetés,"Leó a zöld parkban volt, amikor Milo jött.

Pillangók repkedtek.

Milo búja volt.

Segítek!

Együtt a szomszédokat kérdezték.

Útközben dalt énekeltek.

Útközben táncoltak vidáman.

Hirtelen valaki nevetett.

Mindketten büszkék voltak.

Megosztani öröm."
699,Finn és a nagy kaland,"Max az öreg erdőben volt, amikor Finn jött.

Kék volt az ég.

Finn a kulcsot kereste.

Találunk megoldást.

Együtt mindenhol kerestek.

Útközben énekeltek a pataknál.

Útközben énekeltek hangosan.

Hirtelen hangosan zörögött valami.

Így minden jóra fordult.

Együtt minden könnyebb."
700,Nora és a rejtély,"Lena a sárga mezőn volt, amikor Nora jött.

Minden csendes és békés volt.

Nora félt a sötétben.

Gyere, megcsináljuk!

Együtt tervet készítettek.

Útközben nevettek körben.

Útközben nevettek együtt.

Hirtelen brekegett egy béka.

Végül mindketten nevettek.

Az igazi barátok mindig segítenek."
701,Ema legszebb napja,"Egy este Ema az öreg kútnál furcsa hangot hallott.

Minden csendes és békés volt.

Kíváncsian Ema közelebb ment.

Egy kő mögött Ema felfedezte egy kis kést.

Virágillat volt.

Hirtelen brekegett egy béka.

Hirtelen egy pillangó táncolt el.

Egy sün keresett ennivalót.

Végül mindenki boldog volt.

Aki mer, nyer."
702,Mia és a kincs,"Egy este Mia a játszótéren furcsa hangot hallott.

Friss fű illata volt.

Bátran Mia követte a hangot.

Egy kerítés mögött Mia felfedezte egy meleg takarót.

Egy patak csobogott halkan.

Hirtelen zümmögött egy méh.

Hirtelen kopogtak.

Egy macska játszott.

Így tökéletes volt a nap.

A türelem szerencsét hoz."
703,Anna és a rejtély,"Egy este Anna a kék folyónál furcsa hangot hallott.

A madarak vidáman énekeltek.

Kíváncsian Anna közelebb ment.

Egy fa mögött Anna felfedezte egy színes térképet.

Kék volt az ég.

Hirtelen szél támadt.

Hirtelen zümmögött egy méh.

Csak a kíváncsi macska volt.

Mindenki nevetett és hazament.

Megosztani öröm."
704,Milo és a terv,"Egy este Milo a zöld réten furcsa hangot hallott.

Kék volt az ég.

Bátran Milo követte a hangot.

Egy fal mögött Milo felfedezte egy régi érmét.

A madarak vidáman énekeltek.

Hirtelen hangosan zörögött valami.

Hirtelen leesett egy levél.

Az óra ütött.

A kaland felejthetetlen maradt.

A nevetés mindig segít."
705,Finn és az utazás,"Egy este Finn a nagy tölgynél furcsa hangot hallott.

Egy patak csobogott halkan.

Kíváncsian Finn közelebb ment.

Egy ajtó mögött Finn felfedezte egy zöld kötelet.

Friss fű illata volt.

Hirtelen leesett egy levél.

Hirtelen ugatott egy kutya.

A kakas kukorékolt.

Mindenki tapsolt örömében.

Az igazi barátok mindig segítenek."
706,Nora és a lelet,"Egy este Nora a zöld parkban furcsa hangot hallott.

Virágillat volt.

Bátran Nora követte a hangot.

Egy bokor mögött Nora felfedezte egy kis lámpást.

Minden csendes és békés volt.

Hirtelen egy pillangó táncolt el.

Hirtelen brekegett egy béka.

A szél mozdított egy ajtót.

Így jól végződött a kaland.

A bátorságot jutalmazzák."
707,Ema és a felfedezés,"Egy este Ema az öreg erdőben furcsa hangot hallott.

Pillangók repkedtek.

Kíváncsian Ema közelebb ment.

Egy kő mögött Ema felfedezte egy kék üveget.

A nap melegen sütött.

Hirtelen valaki nevetett.

Hirtelen hangosan zörögött valami.

Csak a postás volt.

Mindenki elégedetten ment haza.

A kíváncsiság csodákhoz vezet."
708,Mia és a kirándulás,"Egy este Mia a sárga mezőn furcsa hangot hallott.

A nap melegen sütött.

Bátran Mia követte a hangot.

Egy kerítés mögött Mia felfedezte egy sárga táskát.

Pillangók repkedtek.

Hirtelen ugatott egy kutya.

Hirtelen valaki nevetett.

Egy ág leesett.

Így a félelemből bátorság lett.

Együtt minden könnyebb."
709,Anna és a verseny,"Egy este Anna egy kis faluban furcsa hangot hallott.

Minden csendes és békés volt.

Kíváncsian Anna közelebb ment.

Egy fa mögött Anna felfedezte egy piros kötelet.

Virágillat volt.

Hirtelen kopogtak.

Hirtelen lehullt egy hullócsillag.

Egy sün keresett ennivalót.

Végül mindenki boldog volt.

Aki mer, nyer."
710,Milo és a rejtvény,"Egy este Milo a színes piacon furcsa hangot hallott.

Friss fű illata volt.

Bátran Milo követte a hangot.

Egy fal mögött Milo felfedezte egy régi távcsövet.

Egy patak csobogott halkan.

Hirtelen lehullt egy hullócsillag.

Hirtelen szél támadt.

Egy macska játszott.

Így tökéletes volt a nap.

A türelem szerencsét hoz."
711,Finn és a meglepetés,"Egy este Finn az öreg kútnál furcsa hangot hallott.

A madarak vidáman énekeltek.

Kíváncsian Finn közelebb ment.

Egy ajtó mögött Finn felfedezte egy kis kést.

Kék volt az ég.

Hirtelen brekegett egy béka.

Hirtelen egy pillangó táncolt el.

Csak a kíváncsi macska volt.

Mindenki nevetett és hazament.

Megosztani öröm."
712,Nora és a nagy kaland,"Egy este Nora a játszótéren furcsa hangot hallott.

Kék volt az ég.

Bátran Nora követte a hangot.

Egy bokor mögött Nora felfedezte egy meleg takarót.

A madarak vidáman énekeltek.

Hirtelen zümmögött egy méh.

Hirtelen kopogtak.

Az óra ütött.

A kaland felejthetetlen maradt.

A nevetés mindig segít."
713,Ema és a rejtély,"Egy este Ema a kék folyónál furcsa hangot hallott.

Egy patak csobogott halkan.

Kíváncsian Ema közelebb ment.

Egy kő mögött Ema felfedezte egy színes térképet.

Friss fű illata volt.

Hirtelen szél támadt.

Hirtelen zümmögött egy méh.

A kakas kukorékolt.

Mindenki tapsolt örömében.

Az igazi barátok mindig segítenek."
714,Mia legszebb napja,"Egy este Mia a zöld réten furcsa hangot hallott.

Virágillat volt.

Bátran Mia követte a hangot.

Egy kerítés mögött Mia felfedezte egy régi érmét.

Minden csendes és békés volt.

Hirtelen hangosan zörögött valami.

Hirtelen leesett egy levél.

A szél mozdított egy ajtót.

Így jól végződött a kaland.

A bátorságot jutalmazzák."
715,Anna és a kincs,"Egy este Anna a nagy tölgynél furcsa hangot hallott.

Pillangók repkedtek.

Kíváncsian Anna közelebb ment.

Egy fa mögött Anna felfedezte egy zöld kötelet.

A nap melegen sütött.

Hirtelen leesett egy levél.

Hirtelen ugatott egy kutya.

Csak a postás volt.

Mindenki elégedetten ment haza.

A kíváncsiság csodákhoz vezet."
716,Milo és a rejtély,"Egy este Milo a zöld parkban furcsa hangot hallott.

A nap melegen sütött.

Bátran Milo követte a hangot.

Egy fal mögött Milo felfedezte egy kis lámpást.

Pillangók repkedtek.

Hirtelen egy pillangó táncolt el.

Hirtelen brekegett egy béka.

Egy ág leesett.

Így a félelemből bátorság lett.

Együtt minden könnyebb."
717,Finn és a terv,"Egy este Finn az öreg erdőben furcsa hangot hallott.

Minden csendes és békés volt.

Kíváncsian Finn közelebb ment.

Egy ajtó mögött Finn felfedezte egy kék üveget.

Virágillat volt.

Hirtelen valaki nevetett.

Hirtelen hangosan zörögött valami.

Egy sün keresett ennivalót.

Végül mindenki boldog volt.

Aki mer, nyer."
718,Nora és az utazás,"Egy este Nora a sárga mezőn furcsa hangot hallott.

Friss fű illata volt.

Bátran Nora követte a hangot.

Egy bokor mögött Nora felfedezte egy sárga táskát.

Egy patak csobogott halkan.

Hirtelen ugatott egy kutya.

Hirtelen valaki nevetett.

Egy macska játszott.

Így tökéletes volt a nap.

A türelem szerencsét hoz."
719,Ema és a lelet,"Egy este Ema egy kis faluban furcsa hangot hallott.

A madarak vidáman énekeltek.

Kíváncsian Ema közelebb ment.

Egy kő mögött Ema felfedezte egy piros kötelet.

Kék volt az ég.

Hirtelen kopogtak.

Hirtelen lehullt egy hullócsillag.

Csak a kíváncsi macska volt.

Mindenki nevetett és hazament.

Megosztani öröm."
720,Mia és a felfedezés,"Egy este Mia a színes piacon furcsa hangot hallott.

Kék volt az ég.

Bátran Mia követte a hangot.

Egy kerítés mögött Mia felfedezte egy régi távcsövet.

A madarak vidáman énekeltek.

Hirtelen lehullt egy hullócsillag.

Hirtelen szél támadt.

Az óra ütött.

A kaland felejthetetlen maradt.

A nevetés mindig segít."
721,Anna és a kirándulás,"Egy este Anna az öreg kútnál furcsa hangot hallott.

Egy patak csobogott halkan.

Kíváncsian Anna közelebb ment.

Egy fa mögött Anna felfedezte egy kis kést.

Friss fű illata volt.

Hirtelen brekegett egy béka.

Hirtelen egy pillangó táncolt el.

A kakas kukorékolt.

Mindenki tapsolt örömében.

Az igazi barátok mindig segítenek."
722,Milo és a verseny,"Egy este Milo a játszótéren furcsa hangot hallott.

Virágillat volt.

Bátran Milo követte a hangot.

Egy fal mögött Milo felfedezte egy meleg takarót.

Minden csendes és békés volt.

Hirtelen zümmögött egy méh.

Hirtelen kopogtak.

A szél mozdított egy ajtót.

Így jól végződött a kaland.

A bátorságot jutalmazzák."
723,Finn és a rejtvény,"Egy este Finn a kék folyónál furcsa hangot hallott.

Pillangók repkedtek.

Kíváncsian Finn közelebb ment.

Egy ajtó mögött Finn felfedezte egy színes térképet.

A nap melegen sütött.

Hirtelen szél támadt.

Hirtelen zümmögött egy méh.

Csak a postás volt.

Mindenki elégedetten ment haza.

A kíváncsiság csodákhoz vezet."
724,Nora és a meglepetés,"Egy este Nora a zöld réten furcsa hangot hallott.

A nap melegen sütött.

Bátran Nora követte a hangot.

Egy bokor mögött Nora felfedezte egy régi érmét.

Pillangók repkedtek.

Hirtelen hangosan zörögött valami.

Hirtelen leesett egy levél.

Egy ág leesett.

Így a félelemből bátorság lett.

Együtt minden könnyebb."
725,Ema és a nagy kaland,"Egy este Ema a nagy tölgynél furcsa hangot hallott.

Minden csendes és békés volt.

Kíváncsian Ema közelebb ment.

Egy kő mögött Ema felfedezte egy zöld kötelet.

Virágillat volt.

Hirtelen leesett egy levél.

Hirtelen ugatott egy kutya.

Egy sün keresett ennivalót.

Végül mindenki boldog volt.

Aki mer, nyer."
726,Mia és a rejtély,"Egy este Mia a zöld parkban furcsa hangot hallott.

Friss fű illata volt.

Bátran Mia követte a hangot.

Egy kerítés mögött Mia felfedezte egy kis lámpást.

Egy patak csobogott halkan.

Hirtelen egy pillangó táncolt el.

Hirtelen brekegett egy béka.

Egy macska játszott.

Így tökéletes volt a nap.

A türelem szerencsét hoz."
727,Anna legszebb napja,"Egy este Anna az öreg erdőben furcsa hangot hallott.

A madarak vidáman énekeltek.

Kíváncsian Anna közelebb ment.

Egy fa mögött Anna felfedezte egy kék üveget.

Kék volt az ég.

Hirtelen valaki nevetett.

Hirtelen hangosan zörögött valami.

Csak a kíváncsi macska volt.

Mindenki nevetett és hazament.

Megosztani öröm."
728,Milo és a kincs,"Egy este Milo a sárga mezőn furcsa hangot hallott.

Kék volt az ég.

Bátran Milo követte a hangot.

Egy fal mögött Milo felfedezte egy sárga táskát.

A madarak vidáman énekeltek.

Hirtelen ugatott egy kutya.

Hirtelen valaki nevetett.

Az óra ütött.

A kaland felejthetetlen maradt.

A nevetés mindig segít."
729,Finn és a rejtély,"Egy este Finn egy kis faluban furcsa hangot hallott.

Egy patak csobogott halkan.

Kíváncsian Finn közelebb ment.

Egy ajtó mögött Finn felfedezte egy piros kötelet.

Friss fű illata volt.

Hirtelen kopogtak.

Hirtelen lehullt egy hullócsillag.

A kakas kukorékolt.

Mindenki tapsolt örömében.

Az igazi barátok mindig segítenek."
730,Nora és a terv,"Egy este Nora a színes piacon furcsa hangot hallott.

Virágillat volt.

Bátran Nora követte a hangot.

Egy bokor mögött Nora felfedezte egy régi távcsövet.

Minden csendes és békés volt.

Hirtelen lehullt egy hullócsillag.

Hirtelen szél támadt.

A szél mozdított egy ajtót.

Így jól végződött a kaland.

A bátorságot jutalmazzák."
731,Ema és az utazás,"Egy este Ema az öreg kútnál furcsa hangot hallott.

Pillangók repkedtek.

Kíváncsian Ema közelebb ment.

Egy kő mögött Ema felfedezte egy kis kést.

A nap melegen sütött.

Hirtelen brekegett egy béka.

Hirtelen egy pillangó táncolt el.

Csak a postás volt.

Mindenki elégedetten ment haza.

A kíváncsiság csodákhoz vezet."
732,Mia és a lelet,"Egy este Mia a játszótéren furcsa hangot hallott.

A nap melegen sütött.

Bátran Mia követte a hangot.

Egy kerítés mögött Mia felfedezte egy meleg takarót.

Pillangók repkedtek.

Hirtelen zümmögött egy méh.

Hirtelen kopogtak.

Egy ág leesett.

Így a félelemből bátorság lett.

Együtt minden könnyebb."
733,Anna és a felfedezés,"Egy este Anna a kék folyónál furcsa hangot hallott.

Minden csendes és békés volt.

Kíváncsian Anna közelebb ment.

Egy fa mögött Anna felfedezte egy színes térképet.

Virágillat volt.

Hirtelen szél támadt.

Hirtelen zümmögött egy méh.

Egy sün keresett ennivalót.

Végül mindenki boldog volt.

Aki mer, nyer."
734,Milo és a kirándulás,"Egy este Milo a zöld réten furcsa hangot hallott.

Friss fű illata volt.

Bátran Milo követte a hangot.

Egy fal mögött Milo felfedezte egy régi érmét.

Egy patak csobogott halkan.

Hirtelen hangosan zörögött valami.

Hirtelen leesett egy levél.

Egy macska játszott.

Így tökéletes volt a nap.

A türelem szerencsét hoz."
735,Finn és a verseny,"Egy este Finn a nagy tölgynél furcsa hangot hallott.

A madarak vidáman énekeltek.

Kíváncsian Finn közelebb ment.

Egy ajtó mögött Finn felfedezte egy zöld kötelet.

Kék volt az ég.

Hirtelen leesett egy levél.

Hirtelen ugatott egy kutya.

Csak a kíváncsi macska volt.

Mindenki nevetett és hazament.

Megosztani öröm."
736,Nora és a rejtvény,"Egy este Nora a zöld parkban furcsa hangot hallott.

Kék volt az ég.

Bátran Nora követte a hangot.

Egy bokor mögött Nora felfedezte egy kis lámpást.

A madarak vidáman énekeltek.

Hirtelen egy pillangó táncolt el.

Hirtelen brekegett egy béka.

Az óra ütött.

A kaland felejthetetlen maradt.

A nevetés mindig segít."
737,Ema és a meglepetés,"Egy este Ema az öreg erdőben furcsa hangot hallott.

Egy patak csobogott halkan.

Kíváncsian Ema közelebb ment.

Egy kő mögött Ema felfedezte egy kék üveget.

Friss fű illata volt.

Hirtelen valaki nevetett.

Hirtelen hangosan zörögött valami.

A kakas kukorékolt.

Mindenki tapsolt örömében.

Az igazi barátok mindig segítenek."
738,Mia és a nagy kaland,"Egy este Mia a sárga mezőn furcsa hangot hallott.

Virágillat volt.

Bátran Mia követte a hangot.

Egy kerítés mögött Mia felfedezte egy sárga táskát.

Minden csendes és békés volt.

Hirtelen ugatott egy kutya.

Hirtelen valaki nevetett.

A szél mozdított egy ajtót.

Így jól végződött a kaland.

A bátorságot jutalmazzák."
739,Anna és a rejtély,"Egy este Anna egy kis faluban furcsa hangot hallott.

Pillangók repkedtek.

Kíváncsian Anna közelebb ment.

Egy fa mögött Anna felfedezte egy piros kötelet.

A nap melegen sütött.

Hirtelen kopogtak.

Hirtelen lehullt egy hullócsillag.

Csak a postás volt.

Mindenki elégedetten ment haza.

A kíváncsiság csodákhoz vezet."
740,Milo legszebb napja,"Egy este Milo a színes piacon furcsa hangot hallott.

A nap melegen sütött.

Bátran Milo követte a hangot.

Egy fal mögött Milo felfedezte egy régi távcsövet.

Pillangók repkedtek.

Hirtelen lehullt egy hullócsillag.

Hirtelen szél támadt.

Egy ág leesett.

Így a félelemből bátorság lett.

Együtt minden könnyebb."
741,Finn és a kincs,"Egy este Finn az öreg kútnál furcsa hangot hallott.

Minden csendes és békés volt.

Kíváncsian Finn közelebb ment.

Egy ajtó mögött Finn felfedezte egy kis kést.

Virágillat volt.

Hirtelen brekegett egy béka.

Hirtelen egy pillangó táncolt el.

Egy sün keresett ennivalót.

Végül mindenki boldog volt.

Aki mer, nyer."
742,Nora és a rejtély,"Egy este Nora a játszótéren furcsa hangot hallott.

Friss fű illata volt.

Bátran Nora követte a hangot.

Egy bokor mögött Nora felfedezte egy meleg takarót.

Egy patak csobogott halkan.

Hirtelen zümmögött egy méh.

Hirtelen kopogtak.

Egy macska játszott.

Így tökéletes volt a nap.

A türelem szerencsét hoz."
743,Ema és a terv,"Egy este Ema a kék folyónál furcsa hangot hallott.

A madarak vidáman énekeltek.

Kíváncsian Ema közelebb ment.

Egy kő mögött Ema felfedezte egy színes térképet.

Kék volt az ég.

Hirtelen szél támadt.

Hirtelen zümmögött egy méh.

Csak a kíváncsi macska volt.

Mindenki nevetett és hazament.

Megosztani öröm."
744,Mia és az utazás,"Egy este Mia a zöld réten furcsa hangot hallott.

Kék volt az ég.

Bátran Mia követte a hangot.

Egy kerítés mögött Mia felfedezte egy régi érmét.

A madarak vidáman énekeltek.

Hirtelen hangosan zörögött valami.

Hirtelen leesett egy levél.

Az óra ütött.

A kaland felejthetetlen maradt.

A nevetés mindig segít."
745,Anna és a lelet,"Egy este Anna a nagy tölgynél furcsa hangot hallott.

Egy patak csobogott halkan.

Kíváncsian Anna közelebb ment.

Egy fa mögött Anna felfedezte egy zöld kötelet.

Friss fű illata volt.

Hirtelen leesett egy levél.

Hirtelen ugatott egy kutya.

A kakas kukorékolt.

Mindenki tapsolt örömében.

Az igazi barátok mindig segítenek."
746,Milo és a felfedezés,"Egy este Milo a zöld parkban furcsa hangot hallott.

Virágillat volt.

Bátran Milo követte a hangot.

Egy fal mögött Milo felfedezte egy kis lámpást.

Minden csendes és békés volt.

Hirtelen egy pillangó táncolt el.

Hirtelen brekegett egy béka.

A szél mozdított egy ajtót.

Így jól végződött a kaland.

A bátorságot jutalmazzák."
747,Finn és a kirándulás,"Egy este Finn az öreg erdőben furcsa hangot hallott.

Pillangók repkedtek.

Kíváncsian Finn közelebb ment.

Egy ajtó mögött Finn felfedezte egy kék üveget.

A nap melegen sütött.

Hirtelen valaki nevetett.

Hirtelen hangosan zörögött valami.

Csak a postás volt.

Mindenki elégedetten ment haza.

A kíváncsiság csodákhoz vezet."
748,Nora és a verseny,"Egy este Nora a sárga mezőn furcsa hangot hallott.

A nap melegen sütött.

Bátran Nora követte a hangot.

Egy bokor mögött Nora felfedezte egy sárga táskát.

Pillangók repkedtek.

Hirtelen ugatott egy kutya.

Hirtelen valaki nevetett.

Egy ág leesett.

Így a félelemből bátorság lett.

Együtt minden könnyebb."
749,Ema és a rejtvény,"Egy este Ema egy kis faluban furcsa hangot hallott.

Minden csendes és békés volt.

Kíváncsian Ema közelebb ment.

Egy kő mögött Ema felfedezte egy piros kötelet.

Virágillat volt.

Hirtelen kopogtak.

Hirtelen lehullt egy hullócsillag.

Egy sün keresett ennivalót.

Végül mindenki boldog volt.

Aki mer, nyer."
750,Mia és a meglepetés,"Egy este Mia a színes piacon furcsa hangot hallott.

Friss fű illata volt.

Bátran Mia követte a hangot.

Egy kerítés mögött Mia felfedezte egy régi távcsövet.

Egy patak csobogott halkan.

Hirtelen lehullt egy hullócsillag.

Hirtelen szél támadt.

Egy macska játszott.

Így tökéletes volt a nap.

A türelem szerencsét hoz."
751,Anna és a nagy kaland,"Egy este Anna az öreg kútnál furcsa hangot hallott.

A madarak vidáman énekeltek.

Kíváncsian Anna közelebb ment.

Egy fa mögött Anna felfedezte egy kis kést.

Kék volt az ég.

Hirtelen brekegett egy béka.

Hirtelen egy pillangó táncolt el.

Csak a kíváncsi macska volt.

Mindenki nevetett és hazament.

Megosztani öröm."
752,Milo és a rejtély,"Egy este Milo a játszótéren furcsa hangot hallott.

Kék volt az ég.

Bátran Milo követte a hangot.

Egy fal mögött Milo felfedezte egy meleg takarót.

A madarak vidáman énekeltek.

Hirtelen zümmögött egy méh.

Hirtelen kopogtak.

Az óra ütött.

A kaland felejthetetlen maradt.

A nevetés mindig segít."
753,Finn legszebb napja,"Egy este Finn a kék folyónál furcsa hangot hallott.

Egy patak csobogott halkan.

Kíváncsian Finn közelebb ment.

Egy ajtó mögött Finn felfedezte egy színes térképet.

Friss fű illata volt.

Hirtelen szél támadt.

Hirtelen zümmögött egy méh.

A kakas kukorékolt.

Mindenki tapsolt örömében.

Az igazi barátok mindig segítenek."
754,Nora és a kincs,"Egy este Nora a zöld réten furcsa hangot hallott.

Virágillat volt.

Bátran Nora követte a hangot.

Egy bokor mögött Nora felfedezte egy régi érmét.

Minden csendes és békés volt.

Hirtelen hangosan zörögött valami.

Hirtelen leesett egy levél.

A szél mozdított egy ajtót.

Így jól végződött a kaland.

A bátorságot jutalmazzák."
755,Ema és a rejtély,"Egy este Ema a nagy tölgynél furcsa hangot hallott.

Pillangók repkedtek.

Kíváncsian Ema közelebb ment.

Egy kő mögött Ema felfedezte egy zöld kötelet.

A nap melegen sütött.

Hirtelen leesett egy levél.

Hirtelen ugatott egy kutya.

Csak a postás volt.

Mindenki elégedetten ment haza.

A kíváncsiság csodákhoz vezet."
756,Mia és a terv,"Egy este Mia a zöld parkban furcsa hangot hallott.

A nap melegen sütött.

Bátran Mia követte a hangot.

Egy kerítés mögött Mia felfedezte egy kis lámpást.

Pillangók repkedtek.

Hirtelen egy pillangó táncolt el.

Hirtelen brekegett egy béka.

Egy ág leesett.

Így a félelemből bátorság lett.

Együtt minden könnyebb."
757,Anna és az utazás,"Egy este Anna az öreg erdőben furcsa hangot hallott.

Minden csendes és békés volt.

Kíváncsian Anna közelebb ment.

Egy fa mögött Anna felfedezte egy kék üveget.

Virágillat volt.

Hirtelen valaki nevetett.

Hirtelen hangosan zörögött valami.

Egy sün keresett ennivalót.

Végül mindenki boldog volt.

Aki mer, nyer."
758,Milo és a lelet,"Egy este Milo a sárga mezőn furcsa hangot hallott.

Friss fű illata volt.

Bátran Milo követte a hangot.

Egy fal mögött Milo felfedezte egy sárga táskát.

Egy patak csobogott halkan.

Hirtelen ugatott egy kutya.

Hirtelen valaki nevetett.

Egy macska játszott.

Így tökéletes volt a nap.

A türelem szerencsét hoz."
759,Finn és a felfedezés,"Egy este Finn egy kis faluban furcsa hangot hallott.

A madarak vidáman énekeltek.

Kíváncsian Finn közelebb ment.

Egy ajtó mögött Finn felfedezte egy piros kötelet.

Kék volt az ég.

Hirtelen kopogtak.

Hirtelen lehullt egy hullócsillag.

Csak a kíváncsi macska volt.

Mindenki nevetett és hazament.

Megosztani öröm."
760,Nora és a kirándulás,"Egy este Nora a színes piacon furcsa hangot hallott.

Kék volt az ég.

Bátran Nora követte a hangot.

Egy bokor mögött Nora felfedezte egy régi távcsövet.

A madarak vidáman énekeltek.

Hirtelen lehullt egy hullócsillag.

Hirtelen szél támadt.

Az óra ütött.

A kaland felejthetetlen maradt.

A nevetés mindig segít."
761,Ema és a verseny,"Egy este Ema az öreg kútnál furcsa hangot hallott.

Egy patak csobogott halkan.

Kíváncsian Ema közelebb ment.

Egy kő mögött Ema felfedezte egy kis kést.

Friss fű illata volt.

Hirtelen brekegett egy béka.

Hirtelen egy pillangó táncolt el.

A kakas kukorékolt.

Mindenki tapsolt örömében.

Az igazi barátok mindig segítenek."
762,Mia és a rejtvény,"Egy este Mia a játszótéren furcsa hangot hallott.

Virágillat volt.

Bátran Mia követte a hangot.

Egy kerítés mögött Mia felfedezte egy meleg takarót.

Minden csendes és békés volt.

Hirtelen zümmögött egy méh.

Hirtelen kopogtak.

A szél mozdított egy ajtót.

Így jól végződött a kaland.

A bátorságot jutalmazzák."
763,Anna és a meglepetés,"Egy este Anna a kék folyónál furcsa hangot hallott.

Pillangók repkedtek.

Kíváncsian Anna közelebb ment.

Egy fa mögött Anna felfedezte egy színes térképet.

A nap melegen sütött.

Hirtelen szél támadt.

Hirtelen zümmögött egy méh.

Csak a postás volt.

Mindenki elégedetten ment haza.

A kíváncsiság csodákhoz vezet."
764,Milo és a nagy kaland,"Egy este Milo a zöld réten furcsa hangot hallott.

A nap melegen sütött.

Bátran Milo követte a hangot.

Egy fal mögött Milo felfedezte egy régi érmét.

Pillangók repkedtek.

Hirtelen hangosan zörögött valami.

Hirtelen leesett egy levél.

Egy ág leesett.

Így a félelemből bátorság lett.

Együtt minden könnyebb."
765,Finn és a rejtély,"Egy este Finn a nagy tölgynél furcsa hangot hallott.

Minden csendes és békés volt.

Kíváncsian Finn közelebb ment.

Egy ajtó mögött Finn felfedezte egy zöld kötelet.

Virágillat volt.

Hirtelen leesett egy levél.

Hirtelen ugatott egy kutya.

Egy sün keresett ennivalót.

Végül mindenki boldog volt.

Aki mer, nyer."
766,Nora legszebb napja,"Egy este Nora a zöld parkban furcsa hangot hallott.

Friss fű illata volt.

Bátran Nora követte a hangot.

Egy bokor mögött Nora felfedezte egy kis lámpást.

Egy patak csobogott halkan.

Hirtelen egy pillangó táncolt el.

Hirtelen brekegett egy béka.

Egy macska játszott.

Így tökéletes volt a nap.

A türelem szerencsét hoz."
767,Ema és a kincs,"Egy este Ema az öreg erdőben furcsa hangot hallott.

A madarak vidáman énekeltek.

Kíváncsian Ema közelebb ment.

Egy kő mögött Ema felfedezte egy kék üveget.

Kék volt az ég.

Hirtelen valaki nevetett.

Hirtelen hangosan zörögött valami.

Csak a kíváncsi macska volt.

Mindenki nevetett és hazament.

Megosztani öröm."
768,Mia és a rejtély,"Egy este Mia a sárga mezőn furcsa hangot hallott.

Kék volt az ég.

Bátran Mia követte a hangot.

Egy kerítés mögött Mia felfedezte egy sárga táskát.

A madarak vidáman énekeltek.

Hirtelen ugatott egy kutya.

Hirtelen valaki nevetett.

Az óra ütött.

A kaland felejthetetlen maradt.

A nevetés mindig segít."
769,Anna és a terv,"Egy este Anna egy kis faluban furcsa hangot hallott.

Egy patak csobogott halkan.

Kíváncsian Anna közelebb ment.

Egy fa mögött Anna felfedezte egy piros kötelet.

Friss fű illata volt.

Hirtelen kopogtak.

Hirtelen lehullt egy hullócsillag.

A kakas kukorékolt.

Mindenki tapsolt örömében.

Az igazi barátok mindig segítenek."
770,Milo és az utazás,"Egy este Milo a színes piacon furcsa hangot hallott.

Virágillat volt.

Bátran Milo követte a hangot.

Egy fal mögött Milo felfedezte egy régi távcsövet.

Minden csendes és békés volt.

Hirtelen lehullt egy hullócsillag.

Hirtelen szél támadt.

A szél mozdított egy ajtót.

Így jól végződött a kaland.

A bátorságot jutalmazzák."
771,Finn és a lelet,"Egy este Finn az öreg kútnál furcsa hangot hallott.

Pillangók repkedtek.

Kíváncsian Finn közelebb ment.

Egy ajtó mögött Finn felfedezte egy kis kést.

A nap melegen sütött.

Hirtelen brekegett egy béka.

Hirtelen egy pillangó táncolt el.

Csak a postás volt.

Mindenki elégedetten ment haza.

A kíváncsiság csodákhoz vezet."
772,Nora és a felfedezés,"Egy este Nora a játszótéren furcsa hangot hallott.

A nap melegen sütött.

Bátran Nora követte a hangot.

Egy bokor mögött Nora felfedezte egy meleg takarót.

Pillangók repkedtek.

Hirtelen zümmögött egy méh.

Hirtelen kopogtak.

Egy ág leesett.

Így a félelemből bátorság lett.

Együtt minden könnyebb."
773,Ema és a kirándulás,"Egy este Ema a kék folyónál furcsa hangot hallott.

Minden csendes és békés volt.

Kíváncsian Ema közelebb ment.

Egy kő mögött Ema felfedezte egy színes térképet.

Virágillat volt.

Hirtelen szél támadt.

Hirtelen zümmögött egy méh.

Egy sün keresett ennivalót.

Végül mindenki boldog volt.

Aki mer, nyer."
774,Mia és a verseny,"Egy este Mia a zöld réten furcsa hangot hallott.

Friss fű illata volt.

Bátran Mia követte a hangot.

Egy kerítés mögött Mia felfedezte egy régi érmét.

Egy patak csobogott halkan.

Hirtelen hangosan zörögött valami.

Hirtelen leesett egy levél.

Egy macska játszott.

Így tökéletes volt a nap.

A türelem szerencsét hoz."
775,Anna és a rejtvény,"Egy este Anna a nagy tölgynél furcsa hangot hallott.

A madarak vidáman énekeltek.

Kíváncsian Anna közelebb ment.

Egy fa mögött Anna felfedezte egy zöld kötelet.

Kék volt az ég.

Hirtelen leesett egy levél.

Hirtelen ugatott egy kutya.

Csak a kíváncsi macska volt.

Mindenki nevetett és hazament.

Megosztani öröm."
776,Milo és a meglepetés,"Egy este Milo a zöld parkban furcsa hangot hallott.

Kék volt az ég.

Bátran Milo követte a hangot.

Egy fal mögött Milo felfedezte egy kis lámpást.

A madarak vidáman énekeltek.

Hirtelen egy pillangó táncolt el.

Hirtelen brekegett egy béka.

Az óra ütött.

A kaland felejthetetlen maradt.

A nevetés mindig segít."
777,Finn és a nagy kaland,"Egy este Finn az öreg erdőben furcsa hangot hallott.

Egy patak csobogott halkan.

Kíváncsian Finn közelebb ment.

Egy ajtó mögött Finn felfedezte egy kék üveget.

Friss fű illata volt.

Hirtelen valaki nevetett.

Hirtelen hangosan zörögött valami.

A kakas kukorékolt.

Mindenki tapsolt örömében.

Az igazi barátok mindig segítenek."
778,Nora és a rejtély,"Egy este Nora a sárga mezőn furcsa hangot hallott.

Virágillat volt.

Bátran Nora követte a hangot.

Egy bokor mögött Nora felfedezte egy sárga táskát.

Minden csendes és békés volt.

Hirtelen ugatott egy kutya.

Hirtelen valaki nevetett.

A szél mozdított egy ajtót.

Így jól végződött a kaland.

A bátorságot jutalmazzák."
779,Ema legszebb napja,"Egy este Ema egy kis faluban furcsa hangot hallott.

Pillangók repkedtek.

Kíváncsian Ema közelebb ment.

Egy kő mögött Ema felfedezte egy piros kötelet.

A nap melegen sütött.

Hirtelen kopogtak.

Hirtelen lehullt egy hullócsillag.

Csak a postás volt.

Mindenki elégedetten ment haza.

A kíváncsiság csodákhoz vezet."
780,Mia és a kincs,"Egy este Mia a színes piacon furcsa hangot hallott.

A nap melegen sütött.

Bátran Mia követte a hangot.

Egy kerítés mögött Mia felfedezte egy régi távcsövet.

Pillangók repkedtek.

Hirtelen lehullt egy hullócsillag.

Hirtelen szél támadt.

Egy ág leesett.

Így a félelemből bátorság lett.

Együtt minden könnyebb."
781,Anna és a rejtély,"Egy este Anna az öreg kútnál furcsa hangot hallott.

Minden csendes és békés volt.

Kíváncsian Anna közelebb ment.

Egy fa mögött Anna felfedezte egy kis kést.

Virágillat volt.

Hirtelen brekegett egy béka.

Hirtelen egy pillangó táncolt el.

Egy sün keresett ennivalót.

Végül mindenki boldog volt.

Aki mer, nyer."
782,Milo és a terv,"Egy este Milo a játszótéren furcsa hangot hallott.

Friss fű illata volt.

Bátran Milo követte a hangot.

Egy fal mögött Milo felfedezte egy meleg takarót.

Egy patak csobogott halkan.

Hirtelen zümmögött egy méh.

Hirtelen kopogtak.

Egy macska játszott.

Így tökéletes volt a nap.

A türelem szerencsét hoz."
783,Finn és az utazás,"Egy este Finn a kék folyónál furcsa hangot hallott.

A madarak vidáman énekeltek.

Kíváncsian Finn közelebb ment.

Egy ajtó mögött Finn felfedezte egy színes térképet.

Kék volt az ég.

Hirtelen szél támadt.

Hirtelen zümmögött egy méh.

Csak a kíváncsi macska volt.

Mindenki nevetett és hazament.

Megosztani öröm."
784,Nora és a lelet,"Egy este Nora a zöld réten furcsa hangot hallott.

Kék volt az ég.

Bátran Nora követte a hangot.

Egy bokor mögött Nora felfedezte egy régi érmét.

A madarak vidáman énekeltek.

Hirtelen hangosan zörögött valami.

Hirtelen leesett egy levél.

Az óra ütött.

A kaland felejthetetlen maradt.

A nevetés mindig segít."
785,Ema és a felfedezés,"Egy este Ema a nagy tölgynél furcsa hangot hallott.

Egy patak csobogott halkan.

Kíváncsian Ema közelebb ment.

Egy kő mögött Ema felfedezte egy zöld kötelet.

Friss fű illata volt.

Hirtelen leesett egy levél.

Hirtelen ugatott egy kutya.

A kakas kukorékolt.

Mindenki tapsolt örömében.

Az igazi barátok mindig segítenek."
786,Mia és a kirándulás,"Egy este Mia a zöld parkban furcsa hangot hallott.

Virágillat volt.

Bátran Mia követte a hangot.

Egy kerítés mögött Mia felfedezte egy kis lámpást.

Minden csendes és békés volt.

Hirtelen egy pillangó táncolt el.

Hirtelen brekegett egy béka.

A szél mozdított egy ajtót.

Így jól végződött a kaland.

A bátorságot jutalmazzák."
787,Anna és a verseny,"Egy este Anna az öreg erdőben furcsa hangot hallott.

Pillangók repkedtek.

Kíváncsian Anna közelebb ment.

Egy fa mögött Anna felfedezte egy kék üveget.

A nap melegen sütött.

Hirtelen valaki nevetett.

Hirtelen hangosan zörögött valami.

Csak a postás volt.

Mindenki elégedetten ment haza.

A kíváncsiság csodákhoz vezet."
788,Milo és a rejtvény,"Egy este Milo a sárga mezőn furcsa hangot hallott.

A nap melegen sütött.

Bátran Milo követte a hangot.

Egy fal mögött Milo felfedezte egy sárga táskát.

Pillangók repkedtek.

Hirtelen ugatott egy kutya.

Hirtelen valaki nevetett.

Egy ág leesett.

Így a félelemből bátorság lett.

Együtt minden könnyebb."
789,Finn és a meglepetés,"Egy este Finn egy kis faluban furcsa hangot hallott.

Minden csendes és békés volt.

Kíváncsian Finn közelebb ment.

Egy ajtó mögött Finn felfedezte egy piros kötelet.

Virágillat volt.

Hirtelen kopogtak.

Hirtelen lehullt egy hullócsillag.

Egy sün keresett ennivalót.

Végül mindenki boldog volt.

Aki mer, nyer."
790,Nora és a nagy kaland,"Egy este Nora a színes piacon furcsa hangot hallott.

Friss fű illata volt.

Bátran Nora követte a hangot.

Egy bokor mögött Nora felfedezte egy régi távcsövet.

Egy patak csobogott halkan.

Hirtelen lehullt egy hullócsillag.

Hirtelen szél támadt.

Egy macska játszott.

Így tökéletes volt a nap.

A türelem szerencsét hoz."
791,Ema és a rejtély,"Egy este Ema az öreg kútnál furcsa hangot hallott.

A madarak vidáman énekeltek.

Kíváncsian Ema közelebb ment.

Egy kő mögött Ema felfedezte egy kis kést.

Kék volt az ég.

Hirtelen brekegett egy béka.

Hirtelen egy pillangó táncolt el.

Csak a kíváncsi macska volt.

Mindenki nevetett és hazament.

Megosztani öröm."
792,Mia legszebb napja,"Egy este Mia a játszótéren furcsa hangot hallott.

Kék volt az ég.

Bátran Mia követte a hangot.

Egy kerítés mögött Mia felfedezte egy meleg takarót.

A madarak vidáman énekeltek.

Hirtelen zümmögött egy méh.

Hirtelen kopogtak.

Az óra ütött.

A kaland felejthetetlen maradt.

A nevetés mindig segít."
793,Anna és a kincs,"Egy este Anna a kék folyónál furcsa hangot hallott.

Egy patak csobogott halkan.

Kíváncsian Anna közelebb ment.

Egy fa mögött Anna felfedezte egy színes térképet.

Friss fű illata volt.

Hirtelen szél támadt.

Hirtelen zümmögött egy méh.

A kakas kukorékolt.

Mindenki tapsolt örömében.

Az igazi barátok mindig segítenek."
794,Milo és a rejtély,"Egy este Milo a zöld réten furcsa hangot hallott.

Virágillat volt.

Bátran Milo követte a hangot.

Egy fal mögött Milo felfedezte egy régi érmét.

Minden csendes és békés volt.

Hirtelen hangosan zörögött valami.

Hirtelen leesett egy levél.

A szél mozdított egy ajtót.

Így jól végződött a kaland.

A bátorságot jutalmazzák."
795,Finn és a terv,"Egy este Finn a nagy tölgynél furcsa hangot hallott.

Pillangók repkedtek.

Kíváncsian Finn közelebb ment.

Egy ajtó mögött Finn felfedezte egy zöld kötelet.

A nap melegen sütött.

Hirtelen leesett egy levél.

Hirtelen ugatott egy kutya.

Csak a postás volt.

Mindenki elégedetten ment haza.

A kíváncsiság csodákhoz vezet."
796,Nora és az utazás,"Egy este Nora a zöld parkban furcsa hangot hallott.

A nap melegen sütött.

Bátran Nora követte a hangot.

Egy bokor mögött Nora felfedezte egy kis lámpást.

Pillangók repkedtek.

Hirtelen egy pillangó táncolt el.

Hirtelen brekegett egy béka.

Egy ág leesett.

Így a félelemből bátorság lett.

Együtt minden könnyebb."
797,Ema és a lelet,"Egy este Ema az öreg erdőben furcsa hangot hallott.

Minden csendes és békés volt.

Kíváncsian Ema közelebb ment.

Egy kő mögött Ema felfedezte egy kék üveget.

Virágillat volt.

Hirtelen valaki nevetett.

Hirtelen hangosan zörögött valami.

Egy sün keresett ennivalót.

Végül mindenki boldog volt.

Aki mer, nyer."
798,Mia és a felfedezés,"Egy este Mia a sárga mezőn furcsa hangot hallott.

Friss fű illata volt.

Bátran Mia követte a hangot.

Egy kerítés mögött Mia felfedezte egy sárga táskát.

Egy patak csobogott halkan.

Hirtelen ugatott egy kutya.

Hirtelen valaki nevetett.

Egy macska játszott.

Így tökéletes volt a nap.

A türelem szerencsét hoz."
799,Anna és a kirándulás,"Egy este Anna egy kis faluban furcsa hangot hallott.

A madarak vidáman énekeltek.

Kíváncsian Anna közelebb ment.

Egy fa mögött Anna felfedezte egy piros kötelet.

Kék volt az ég.

Hirtelen kopogtak.

Hirtelen lehullt egy hullócsillag.

Csak a kíváncsi macska volt.

Mindenki nevetett és hazament.

Megosztani öröm."
800,Milo és a verseny,"Egy este Milo a színes piacon furcsa hangot hallott.

Kék volt az ég.

Bátran Milo követte a hangot.

Egy fal mögött Milo felfedezte egy régi távcsövet.

A madarak vidáman énekeltek.

Hirtelen lehullt egy hullócsillag.

Hirtelen szél támadt.

Az óra ütött.

A kaland felejthetetlen maradt.

A nevetés mindig segít."
801,Finn és a rejtvény,"Egy este Finn az öreg kútnál furcsa hangot hallott.

Egy patak csobogott halkan.

Kíváncsian Finn közelebb ment.

Egy ajtó mögött Finn felfedezte egy kis kést.

Friss fű illata volt.

Hirtelen brekegett egy béka.

Hirtelen egy pillangó táncolt el.

A kakas kukorékolt.

Mindenki tapsolt örömében.

Az igazi barátok mindig segítenek."
802,Nora és a meglepetés,"Egy este Nora a játszótéren furcsa hangot hallott.

Virágillat volt.

Bátran Nora követte a hangot.

Egy bokor mögött Nora felfedezte egy meleg takarót.

Minden csendes és békés volt.

Hirtelen zümmögött egy méh.

Hirtelen kopogtak.

A szél mozdított egy ajtót.

Így jól végződött a kaland.

A bátorságot jutalmazzák."
803,Ema és a nagy kaland,"Egy este Ema a kék folyónál furcsa hangot hallott.

Pillangók repkedtek.

Kíváncsian Ema közelebb ment.

Egy kő mögött Ema felfedezte egy színes térképet.

A nap melegen sütött.

Hirtelen szél támadt.

Hirtelen zümmögött egy méh.

Csak a postás volt.

Mindenki elégedetten ment haza.

A kíváncsiság csodákhoz vezet."
804,Mia és a rejtély,"Egy este Mia a zöld réten furcsa hangot hallott.

A nap melegen sütött.

Bátran Mia követte a hangot.

Egy kerítés mögött Mia felfedezte egy régi érmét.

Pillangók repkedtek.

Hirtelen hangosan zörögött valami.

Hirtelen leesett egy levél.

Egy ág leesett.

Így a félelemből bátorság lett.

Együtt minden könnyebb."
805,Anna legszebb napja,"Egy este Anna a nagy tölgynél furcsa hangot hallott.

Minden csendes és békés volt.

Kíváncsian Anna közelebb ment.

Egy fa mögött Anna felfedezte egy zöld kötelet.

Virágillat volt.

Hirtelen leesett egy levél.

Hirtelen ugatott egy kutya.

Egy sün keresett ennivalót.

Végül mindenki boldog volt.

Aki mer, nyer."
806,Milo és a kincs,"Egy este Milo a zöld parkban furcsa hangot hallott.

Friss fű illata volt.

Bátran Milo követte a hangot.

Egy fal mögött Milo felfedezte egy kis lámpást.

Egy patak csobogott halkan.

Hirtelen egy pillangó táncolt el.

Hirtelen brekegett egy béka.

Egy macska játszott.

Így tökéletes volt a nap.

A türelem szerencsét hoz."
807,Finn és a rejtély,"Egy este Finn az öreg erdőben furcsa hangot hallott.

A madarak vidáman énekeltek.

Kíváncsian Finn közelebb ment.

Egy ajtó mögött Finn felfedezte egy kék üveget.

Kék volt az ég.

Hirtelen valaki nevetett.

Hirtelen hangosan zörögött valami.

Csak a kíváncsi macska volt.

Mindenki nevetett és hazament.

Megosztani öröm."
808,Nora és a terv,"Egy este Nora a sárga mezőn furcsa hangot hallott.

Kék volt az ég.

Bátran Nora követte a hangot.

Egy bokor mögött Nora felfedezte egy sárga táskát.

A madarak vidáman énekeltek.

Hirtelen ugatott egy kutya.

Hirtelen valaki nevetett.

Az óra ütött.

A kaland felejthetetlen maradt.

A nevetés mindig segít."
809,Ema és az utazás,"Egy este Ema egy kis faluban furcsa hangot hallott.

Egy patak csobogott halkan.

Kíváncsian Ema közelebb ment.

Egy kő mögött Ema felfedezte egy piros kötelet.

Friss fű illata volt.

Hirtelen kopogtak.

Hirtelen lehullt egy hullócsillag.

A kakas kukorékolt.

Mindenki tapsolt örömében.

Az igazi barátok mindig segítenek."
810,Mia és a lelet,"Egy este Mia a színes piacon furcsa hangot hallott.

Virágillat volt.

Bátran Mia követte a hangot.

Egy kerítés mögött Mia felfedezte egy régi távcsövet.

Minden csendes és békés volt.

Hirtelen lehullt egy hullócsillag.

Hirtelen szél támadt.

A szél mozdított egy ajtót.

Így jól végződött a kaland.

A bátorságot jutalmazzák."
811,Anna és a felfedezés,"Egy este Anna az öreg kútnál furcsa hangot hallott.

Pillangók repkedtek.

Kíváncsian Anna közelebb ment.

Egy fa mögött Anna felfedezte egy kis kést.

A nap melegen sütött.

Hirtelen brekegett egy béka.

Hirtelen egy pillangó táncolt el.

Csak a postás volt.

Mindenki elégedetten ment haza.

A kíváncsiság csodákhoz vezet."
812,Milo és a kirándulás,"Egy este Milo a játszótéren furcsa hangot hallott.

A nap melegen sütött.

Bátran Milo követte a hangot.

Egy fal mögött Milo felfedezte egy meleg takarót.

Pillangók repkedtek.

Hirtelen zümmögött egy méh.

Hirtelen kopogtak.

Egy ág leesett.

Így a félelemből bátorság lett.

Együtt minden könnyebb."
813,Finn és a verseny,"Egy este Finn a kék folyónál furcsa hangot hallott.

Minden csendes és békés volt.

Kíváncsian Finn közelebb ment.

Egy ajtó mögött Finn felfedezte egy színes térképet.

Virágillat volt.

Hirtelen szél támadt.

Hirtelen zümmögött egy méh.

Egy sün keresett ennivalót.

Végül mindenki boldog volt.

Aki mer, nyer."
814,Nora és a rejtvény,"Egy este Nora a zöld réten furcsa hangot hallott.

Friss fű illata volt.

Bátran Nora követte a hangot.

Egy bokor mögött Nora felfedezte egy régi érmét.

Egy patak csobogott halkan.

Hirtelen hangosan zörögött valami.

Hirtelen leesett egy levél.

Egy macska játszott.

Így tökéletes volt a nap.

A türelem szerencsét hoz."
815,Ema és a meglepetés,"Egy este Ema a nagy tölgynél furcsa hangot hallott.

A madarak vidáman énekeltek.

Kíváncsian Ema közelebb ment.

Egy kő mögött Ema felfedezte egy zöld kötelet.

Kék volt az ég.

Hirtelen leesett egy levél.

Hirtelen ugatott egy kutya.

Csak a kíváncsi macska volt.

Mindenki nevetett és hazament.

Megosztani öröm."
816,Mia és a nagy kaland,"Egy este Mia a zöld parkban furcsa hangot hallott.

Kék volt az ég.

Bátran Mia követte a hangot.

Egy kerítés mögött Mia felfedezte egy kis lámpást.

A madarak vidáman énekeltek.

Hirtelen egy pillangó táncolt el.

Hirtelen brekegett egy béka.

Az óra ütött.

A kaland felejthetetlen maradt.

A nevetés mindig segít."
817,Anna és a rejtély,"Egy este Anna az öreg erdőben furcsa hangot hallott.

Egy patak csobogott halkan.

Kíváncsian Anna közelebb ment.

Egy fa mögött Anna felfedezte egy kék üveget.

Friss fű illata volt.

Hirtelen valaki nevetett.

Hirtelen hangosan zörögött valami.

A kakas kukorékolt.

Mindenki tapsolt örömében.

Az igazi barátok mindig segítenek."
818,Milo legszebb napja,"Egy este Milo a sárga mezőn furcsa hangot hallott.

Virágillat volt.

Bátran Milo követte a hangot.

Egy fal mögött Milo felfedezte egy sárga táskát.

Minden csendes és békés volt.

Hirtelen ugatott egy kutya.

Hirtelen valaki nevetett.

A szél mozdított egy ajtót.

Így jól végződött a kaland.

A bátorságot jutalmazzák."
819,Finn és a kincs,"Egy este Finn egy kis faluban furcsa hangot hallott.

Pillangók repkedtek.

Kíváncsian Finn közelebb ment.

Egy ajtó mögött Finn felfedezte egy piros kötelet.

A nap melegen sütött.

Hirtelen kopogtak.

Hirtelen lehullt egy hullócsillag.

Csak a postás volt.

Mindenki elégedetten ment haza.

A kíváncsiság csodákhoz vezet."
820,Nora és a rejtély,"Egy este Nora a színes piacon furcsa hangot hallott.

A nap melegen sütött.

Bátran Nora követte a hangot.

Egy bokor mögött Nora felfedezte egy régi távcsövet.

Pillangók repkedtek.

Hirtelen lehullt egy hullócsillag.

Hirtelen szél támadt.

Egy ág leesett.

Így a félelemből bátorság lett.

Együtt minden könnyebb."
821,Nora és a terv,"Egy este Nora az öreg erdőben furcsa hangot hallott.

A madarak vidáman énekeltek.

Bátran Nora követte a hangot.

Egy ajtó mögött Nora felfedezte egy színes térképet.

Friss fű illata volt.

Hirtelen szél támadt.

Hirtelen egy pillangó táncolt el.

Csak a kíváncsi macska volt.

Mindenki tapsolt örömében.

Aki mer, nyer."
822,Ema és az utazás,"Egy este Ema a sárga mezőn furcsa hangot hallott.

Kék volt az ég.

Kíváncsian Ema közelebb ment.

Egy bokor mögött Ema felfedezte egy régi érmét.

Minden csendes és békés volt.

Hirtelen hangosan zörögött valami.

Hirtelen kopogtak.

Az óra ütött.

Így jól végződött a kaland.

A türelem szerencsét hoz."
823,Mia és a lelet,"Egy este Mia egy kis faluban furcsa hangot hallott.

Egy patak csobogott halkan.

Bátran Mia követte a hangot.

Egy kő mögött Mia felfedezte egy zöld kötelet.

A nap melegen sütött.

Hirtelen leesett egy levél.

Hirtelen zümmögött egy méh.

A kakas kukorékolt.

Mindenki elégedetten ment haza.

Megosztani öröm."
824,Anna és a felfedezés,"Egy este Anna a színes piacon furcsa hangot hallott.

Virágillat volt.

Kíváncsian Anna közelebb ment.

Egy kerítés mögött Anna felfedezte egy kis lámpást.

Pillangók repkedtek.

Hirtelen egy pillangó táncolt el.

Hirtelen leesett egy levél.

A szél mozdított egy ajtót.

Így a félelemből bátorság lett.

A nevetés mindig segít."
825,Milo és a kirándulás,"Egy este Milo az öreg kútnál furcsa hangot hallott.

Pillangók repkedtek.

Bátran Milo követte a hangot.

Egy fa mögött Milo felfedezte egy kék üveget.

Virágillat volt.

Hirtelen valaki nevetett.

Hirtelen ugatott egy kutya.

Csak a postás volt.

Végül mindenki boldog volt.

Az igazi barátok mindig segítenek."
826,Finn és a verseny,"Egy este Finn a játszótéren furcsa hangot hallott.

A nap melegen sütött.

Kíváncsian Finn közelebb ment.

Egy fal mögött Finn felfedezte egy sárga táskát.

Egy patak csobogott halkan.

Hirtelen ugatott egy kutya.

Hirtelen brekegett egy béka.

Egy ág leesett.

Így tökéletes volt a nap.

A bátorságot jutalmazzák."
827,Nora és a rejtvény,"Egy este Nora a kék folyónál furcsa hangot hallott.

Minden csendes és békés volt.

Bátran Nora követte a hangot.

Egy ajtó mögött Nora felfedezte egy piros kötelet.

Kék volt az ég.

Hirtelen kopogtak.

Hirtelen hangosan zörögött valami.

Egy sün keresett ennivalót.

Mindenki nevetett és hazament.

A kíváncsiság csodákhoz vezet."
828,Ema és a meglepetés,"Egy este Ema a zöld réten furcsa hangot hallott.

Friss fű illata volt.

Kíváncsian Ema közelebb ment.

Egy bokor mögött Ema felfedezte egy régi távcsövet.

A madarak vidáman énekeltek.

Hirtelen lehullt egy hullócsillag.

Hirtelen valaki nevetett.

Egy macska játszott.

A kaland felejthetetlen maradt.

Együtt minden könnyebb."
829,Mia és a nagy kaland,"Egy este Mia a nagy tölgynél furcsa hangot hallott.

A madarak vidáman énekeltek.

Bátran Mia követte a hangot.

Egy kő mögött Mia felfedezte egy kis kést.

Friss fű illata volt.

Hirtelen brekegett egy béka.

Hirtelen lehullt egy hullócsillag.

Csak a kíváncsi macska volt.

Mindenki tapsolt örömében.

Aki mer, nyer."
830,Anna és a rejtély,"Egy este Anna a zöld parkban furcsa hangot hallott.

Kék volt az ég.

Kíváncsian Anna közelebb ment.

Egy kerítés mögött Anna felfedezte egy meleg takarót.

Minden csendes és békés volt.

Hirtelen zümmögött egy méh.

Hirtelen szél támadt.

Az óra ütött.

Így jól végződött a kaland.

A türelem szerencsét hoz."
831,Milo legszebb napja,"Egy este Milo az öreg erdőben furcsa hangot hallott.

Egy patak csobogott halkan.

Bátran Milo követte a hangot.

Egy fa mögött Milo felfedezte egy színes térképet.

A nap melegen sütött.

Hirtelen szél támadt.

Hirtelen egy pillangó táncolt el.

A kakas kukorékolt.

Mindenki elégedetten ment haza.

Megosztani öröm."
832,Finn és a kincs,"Egy este Finn a sárga mezőn furcsa hangot hallott.

Virágillat volt.

Kíváncsian Finn közelebb ment.

Egy fal mögött Finn felfedezte egy régi érmét.

Pillangók repkedtek.

Hirtelen hangosan zörögött valami.

Hirtelen kopogtak.

A szél mozdított egy ajtót.

Így a félelemből bátorság lett.

A nevetés mindig segít."
833,Nora és a rejtély,"Egy este Nora egy kis faluban furcsa hangot hallott.

Pillangók repkedtek.

Bátran Nora követte a hangot.

Egy ajtó mögött Nora felfedezte egy zöld kötelet.

Virágillat volt.

Hirtelen leesett egy levél.

Hirtelen zümmögött egy méh.

Csak a postás volt.

Végül mindenki boldog volt.

Az igazi barátok mindig segítenek."
834,Ema és a terv,"Egy este Ema a színes piacon furcsa hangot hallott.

A nap melegen sütött.

Kíváncsian Ema közelebb ment.

Egy bokor mögött Ema felfedezte egy kis lámpást.

Egy patak csobogott halkan.

Hirtelen egy pillangó táncolt el.

Hirtelen leesett egy levél.

Egy ág leesett.

Így tökéletes volt a nap.

A bátorságot jutalmazzák."
835,Mia és az utazás,"Egy este Mia az öreg kútnál furcsa hangot hallott.

Minden csendes és békés volt.

Bátran Mia követte a hangot.

Egy kő mögött Mia felfedezte egy kék üveget.

Kék volt az ég.

Hirtelen valaki nevetett.

Hirtelen ugatott egy kutya.

Egy sün keresett ennivalót.

Mindenki nevetett és hazament.

A kíváncsiság csodákhoz vezet."
836,Anna és a lelet,"Egy este Anna a játszótéren furcsa hangot hallott.

Friss fű illata volt.

Kíváncsian Anna közelebb ment.

Egy kerítés mögött Anna felfedezte egy sárga táskát.

A madarak vidáman énekeltek.

Hirtelen ugatott egy kutya.

Hirtelen brekegett egy béka.

Egy macska játszott.

A kaland felejthetetlen maradt.

Együtt minden könnyebb."
837,Milo és a felfedezés,"Egy este Milo a kék folyónál furcsa hangot hallott.

A madarak vidáman énekeltek.

Bátran Milo követte a hangot.

Egy fa mögött Milo felfedezte egy piros kötelet.

Friss fű illata volt.

Hirtelen kopogtak.

Hirtelen hangosan zörögött valami.

Csak a kíváncsi macska volt.

Mindenki tapsolt örömében.

Aki mer, nyer."
838,Finn és a kirándulás,"Egy este Finn a zöld réten furcsa hangot hallott.

Kék volt az ég.

Kíváncsian Finn közelebb ment.

Egy fal mögött Finn felfedezte egy régi távcsövet.

Minden csendes és békés volt.

Hirtelen lehullt egy hullócsillag.

Hirtelen valaki nevetett.

Az óra ütött.

Így jól végződött a kaland.

A türelem szerencsét hoz."
839,Nora és a verseny,"Egy este Nora a nagy tölgynél furcsa hangot hallott.

Egy patak csobogott halkan.

Bátran Nora követte a hangot.

Egy ajtó mögött Nora felfedezte egy kis kést.

A nap melegen sütött.

Hirtelen brekegett egy béka.

Hirtelen lehullt egy hullócsillag.

A kakas kukorékolt.

Mindenki elégedetten ment haza.

Megosztani öröm."
840,Ema és a rejtvény,"Egy este Ema a zöld parkban furcsa hangot hallott.

Virágillat volt.

Kíváncsian Ema közelebb ment.

Egy bokor mögött Ema felfedezte egy meleg takarót.

Pillangók repkedtek.

Hirtelen zümmögött egy méh.

Hirtelen szél támadt.

A szél mozdított egy ajtót.

Így a félelemből bátorság lett.

A nevetés mindig segít."
841,Mia és a meglepetés,"Egy este Mia az öreg erdőben furcsa hangot hallott.

Pillangók repkedtek.

Bátran Mia követte a hangot.

Egy kő mögött Mia felfedezte egy színes térképet.

Virágillat volt.

Hirtelen szél támadt.

Hirtelen egy pillangó táncolt el.

Csak a postás volt.

Végül mindenki boldog volt.

Az igazi barátok mindig segítenek."
842,Anna és a nagy kaland,"Egy este Anna a sárga mezőn furcsa hangot hallott.

A nap melegen sütött.

Kíváncsian Anna közelebb ment.

Egy kerítés mögött Anna felfedezte egy régi érmét.

Egy patak csobogott halkan.

Hirtelen hangosan zörögött valami.

Hirtelen kopogtak.

Egy ág leesett.

Így tökéletes volt a nap.

A bátorságot jutalmazzák."
843,Milo és a rejtély,"Egy este Milo egy kis faluban furcsa hangot hallott.

Minden csendes és békés volt.

Bátran Milo követte a hangot.

Egy fa mögött Milo felfedezte egy zöld kötelet.

Kék volt az ég.

Hirtelen leesett egy levél.

Hirtelen zümmögött egy méh.

Egy sün keresett ennivalót.

Mindenki nevetett és hazament.

A kíváncsiság csodákhoz vezet."
844,Finn legszebb napja,"Egy este Finn a színes piacon furcsa hangot hallott.

Friss fű illata volt.

Kíváncsian Finn közelebb ment.

Egy fal mögött Finn felfedezte egy kis lámpást.

A madarak vidáman énekeltek.

Hirtelen egy pillangó táncolt el.

Hirtelen leesett egy levél.

Egy macska játszott.

A kaland felejthetetlen maradt.

Együtt minden könnyebb."
845,Nora és a kincs,"Egy este Nora az öreg kútnál furcsa hangot hallott.

A madarak vidáman énekeltek.

Bátran Nora követte a hangot.

Egy ajtó mögött Nora felfedezte egy kék üveget.

Friss fű illata volt.

Hirtelen valaki nevetett.

Hirtelen ugatott egy kutya.

Csak a kíváncsi macska volt.

Mindenki tapsolt örömében.

Aki mer, nyer."
846,Ema és a rejtély,"Egy este Ema a játszótéren furcsa hangot hallott.

Kék volt az ég.

Kíváncsian Ema közelebb ment.

Egy bokor mögött Ema felfedezte egy sárga táskát.

Minden csendes és békés volt.

Hirtelen ugatott egy kutya.

Hirtelen brekegett egy béka.

Az óra ütött.

Így jól végződött a kaland.

A türelem szerencsét hoz."
847,Mia és a terv,"Egy este Mia a kék folyónál furcsa hangot hallott.

Egy patak csobogott halkan.

Bátran Mia követte a hangot.

Egy kő mögött Mia felfedezte egy piros kötelet.

A nap melegen sütött.

Hirtelen kopogtak.

Hirtelen hangosan zörögött valami.

A kakas kukorékolt.

Mindenki elégedetten ment haza.

Megosztani öröm."
848,Anna és az utazás,"Egy este Anna a zöld réten furcsa hangot hallott.

Virágillat volt.

Kíváncsian Anna közelebb ment.

Egy kerítés mögött Anna felfedezte egy régi távcsövet.

Pillangók repkedtek.

Hirtelen lehullt egy hullócsillag.

Hirtelen valaki nevetett.

A szél mozdított egy ajtót.

Így a félelemből bátorság lett.

A nevetés mindig segít."
849,Milo és a lelet,"Egy este Milo a nagy tölgynél furcsa hangot hallott.

Pillangók repkedtek.

Bátran Milo követte a hangot.

Egy fa mögött Milo felfedezte egy kis kést.

Virágillat volt.

Hirtelen brekegett egy béka.

Hirtelen lehullt egy hullócsillag.

Csak a postás volt.

Végül mindenki boldog volt.

Az igazi barátok mindig segítenek."
850,Finn és a felfedezés,"Egy este Finn a zöld parkban furcsa hangot hallott.

A nap melegen sütött.

Kíváncsian Finn közelebb ment.

Egy fal mögött Finn felfedezte egy meleg takarót.

Egy patak csobogott halkan.

Hirtelen zümmögött egy méh.

Hirtelen szél támadt.

Egy ág leesett.

Így tökéletes volt a nap.

A bátorságot jutalmazzák."
851,Nora és a kirándulás,"Egy este Nora az öreg erdőben furcsa hangot hallott.

Minden csendes és békés volt.

Bátran Nora követte a hangot.

Egy ajtó mögött Nora felfedezte egy színes térképet.

Kék volt az ég.

Hirtelen szél támadt.

Hirtelen egy pillangó táncolt el.

Egy sün keresett ennivalót.

Mindenki nevetett és hazament.

A kíváncsiság csodákhoz vezet."
852,Ema és a verseny,"Egy este Ema a sárga mezőn furcsa hangot hallott.

Friss fű illata volt.

Kíváncsian Ema közelebb ment.

Egy bokor mögött Ema felfedezte egy régi érmét.

A madarak vidáman énekeltek.

Hirtelen hangosan zörögött valami.

Hirtelen kopogtak.

Egy macska játszott.

A kaland felejthetetlen maradt.

Együtt minden könnyebb."
853,Mia és a rejtvény,"Egy este Mia egy kis faluban furcsa hangot hallott.

A madarak vidáman énekeltek.

Bátran Mia követte a hangot.

Egy kő mögött Mia felfedezte egy zöld kötelet.

Friss fű illata volt.

Hirtelen leesett egy levél.

Hirtelen zümmögött egy méh.

Csak a kíváncsi macska volt.

Mindenki tapsolt örömében.

Aki mer, nyer."
854,Anna és a meglepetés,"Egy este Anna a színes piacon furcsa hangot hallott.

Kék volt az ég.

Kíváncsian Anna közelebb ment.

Egy kerítés mögött Anna felfedezte egy kis lámpást.

Minden csendes és békés volt.

Hirtelen egy pillangó táncolt el.

Hirtelen leesett egy levél.

Az óra ütött.

Így jól végződött a kaland.

A türelem szerencsét hoz."
855,Milo és a nagy kaland,"Egy este Milo az öreg kútnál furcsa hangot hallott.

Egy patak csobogott halkan.

Bátran Milo követte a hangot.

Egy fa mögött Milo felfedezte egy kék üveget.

A nap melegen sütött.

Hirtelen valaki nevetett.

Hirtelen ugatott egy kutya.

A kakas kukorékolt.

Mindenki elégedetten ment haza.

Megosztani öröm."
856,Finn és a rejtély,"Egy este Finn a játszótéren furcsa hangot hallott.

Virágillat volt.

Kíváncsian Finn közelebb ment.

Egy fal mögött Finn felfedezte egy sárga táskát.

Pillangók repkedtek.

Hirtelen ugatott egy kutya.

Hirtelen brekegett egy béka.

A szél mozdított egy ajtót.

Így a félelemből bátorság lett.

A nevetés mindig segít."
857,Nora legszebb napja,"Egy este Nora a kék folyónál furcsa hangot hallott.

Pillangók repkedtek.

Bátran Nora követte a hangot.

Egy ajtó mögött Nora felfedezte egy piros kötelet.

Virágillat volt.

Hirtelen kopogtak.

Hirtelen hangosan zörögött valami.

Csak a postás volt.

Végül mindenki boldog volt.

Az igazi barátok mindig segítenek."
858,Ema és a kincs,"Egy este Ema a zöld réten furcsa hangot hallott.

A nap melegen sütött.

Kíváncsian Ema közelebb ment.

Egy bokor mögött Ema felfedezte egy régi távcsövet.

Egy patak csobogott halkan.

Hirtelen lehullt egy hullócsillag.

Hirtelen valaki nevetett.

Egy ág leesett.

Így tökéletes volt a nap.

A bátorságot jutalmazzák."
859,Mia és a rejtély,"Egy este Mia a nagy tölgynél furcsa hangot hallott.

Minden csendes és békés volt.

Bátran Mia követte a hangot.

Egy kő mögött Mia felfedezte egy kis kést.

Kék volt az ég.

Hirtelen brekegett egy béka.

Hirtelen lehullt egy hullócsillag.

Egy sün keresett ennivalót.

Mindenki nevetett és hazament.

A kíváncsiság csodákhoz vezet."
860,Anna és a terv,"Egy este Anna a zöld parkban furcsa hangot hallott.

Friss fű illata volt.

Kíváncsian Anna közelebb ment.

Egy kerítés mögött Anna felfedezte egy meleg takarót.

A madarak vidáman énekeltek.

Hirtelen zümmögött egy méh.

Hirtelen szél támadt.

Egy macska játszott.

A kaland felejthetetlen maradt.

Együtt minden könnyebb."
861,Milo és az utazás,"Egy este Milo az öreg erdőben furcsa hangot hallott.

A madarak vidáman énekeltek.

Bátran Milo követte a hangot.

Egy fa mögött Milo felfedezte egy színes térképet.

Friss fű illata volt.

Hirtelen szél támadt.

Hirtelen egy pillangó táncolt el.

Csak a kíváncsi macska volt.

Mindenki tapsolt örömében.

Aki mer, nyer."
862,Finn és a lelet,"Egy este Finn a sárga mezőn furcsa hangot hallott.

Kék volt az ég.

Kíváncsian Finn közelebb ment.

Egy fal mögött Finn felfedezte egy régi érmét.

Minden csendes és békés volt.

Hirtelen hangosan zörögött valami.

Hirtelen kopogtak.

Az óra ütött.

Így jól végződött a kaland.

A türelem szerencsét hoz."
863,Nora és a felfedezés,"Egy este Nora egy kis faluban furcsa hangot hallott.

Egy patak csobogott halkan.

Bátran Nora követte a hangot.

Egy ajtó mögött Nora felfedezte egy zöld kötelet.

A nap melegen sütött.

Hirtelen leesett egy levél.

Hirtelen zümmögött egy méh.

A kakas kukorékolt.

Mindenki elégedetten ment haza.

Megosztani öröm."
864,Ema és a kirándulás,"Egy este Ema a színes piacon furcsa hangot hallott.

Virágillat volt.

Kíváncsian Ema közelebb ment.

Egy bokor mögött Ema felfedezte egy kis lámpást.

Pillangók repkedtek.

Hirtelen egy pillangó táncolt el.

Hirtelen leesett egy levél.

A szél mozdított egy ajtót.

Így a félelemből bátorság lett.

A nevetés mindig segít."
865,Mia és a verseny,"Egy este Mia az öreg kútnál furcsa hangot hallott.

Pillangók repkedtek.

Bátran Mia követte a hangot.

Egy kő mögött Mia felfedezte egy kék üveget.

Virágillat volt.

Hirtelen valaki nevetett.

Hirtelen ugatott egy kutya.

Csak a postás volt.

Végül mindenki boldog volt.

Az igazi barátok mindig segítenek."
866,Anna és a rejtvény,"Egy este Anna a játszótéren furcsa hangot hallott.

A nap melegen sütött.

Kíváncsian Anna közelebb ment.

Egy kerítés mögött Anna felfedezte egy sárga táskát.

Egy patak csobogott halkan.

Hirtelen ugatott egy kutya.

Hirtelen brekegett egy béka.

Egy ág leesett.

Így tökéletes volt a nap.

A bátorságot jutalmazzák."
867,Milo és a meglepetés,"Egy este Milo a kék folyónál furcsa hangot hallott.

Minden csendes és békés volt.

Bátran Milo követte a hangot.

Egy fa mögött Milo felfedezte egy piros kötelet.

Kék volt az ég.

Hirtelen kopogtak.

Hirtelen hangosan zörögött valami.

Egy sün keresett ennivalót.

Mindenki nevetett és hazament.

A kíváncsiság csodákhoz vezet."
868,Finn és a nagy kaland,"Egy este Finn a zöld réten furcsa hangot hallott.

Friss fű illata volt.

Kíváncsian Finn közelebb ment.

Egy fal mögött Finn felfedezte egy régi távcsövet.

A madarak vidáman énekeltek.

Hirtelen lehullt egy hullócsillag.

Hirtelen valaki nevetett.

Egy macska játszott.

A kaland felejthetetlen maradt.

Együtt minden könnyebb."
869,Nora és a rejtély,"Egy este Nora a nagy tölgynél furcsa hangot hallott.

A madarak vidáman énekeltek.

Bátran Nora követte a hangot.

Egy ajtó mögött Nora felfedezte egy kis kést.

Friss fű illata volt.

Hirtelen brekegett egy béka.

Hirtelen lehullt egy hullócsillag.

Csak a kíváncsi macska volt.

Mindenki tapsolt örömében.

Aki mer, nyer."
870,Ema legszebb napja,"Egy este Ema a zöld parkban furcsa hangot hallott.

Kék volt az ég.

Kíváncsian Ema közelebb ment.

Egy bokor mögött Ema felfedezte egy meleg takarót.

Minden csendes és békés volt.

Hirtelen zümmögött egy méh.

Hirtelen szél támadt.

Az óra ütött.

Így jól végződött a kaland.

A türelem szerencsét hoz."
871,Mia és a kincs,"Egy este Mia az öreg erdőben furcsa hangot hallott.

Egy patak csobogott halkan.

Bátran Mia követte a hangot.

Egy kő mögött Mia felfedezte egy színes térképet.

A nap melegen sütött.

Hirtelen szél támadt.

Hirtelen egy pillangó táncolt el.

A kakas kukorékolt.

Mindenki elégedetten ment haza.

Megosztani öröm."
872,Anna és a rejtély,"Egy este Anna a sárga mezőn furcsa hangot hallott.

Virágillat volt.

Kíváncsian Anna közelebb ment.

Egy kerítés mögött Anna felfedezte egy régi érmét.

Pillangók repkedtek.

Hirtelen hangosan zörögött valami.

Hirtelen kopogtak.

A szél mozdított egy ajtót.

Így a félelemből bátorság lett.

A nevetés mindig segít."
873,Milo és a terv,"Egy este Milo egy kis faluban furcsa hangot hallott.

Pillangók repkedtek.

Bátran Milo követte a hangot.

Egy fa mögött Milo felfedezte egy zöld kötelet.

Virágillat volt.

Hirtelen leesett egy levél.

Hirtelen zümmögött egy méh.

Csak a postás volt.

Végül mindenki boldog volt.

Az igazi barátok mindig segítenek."
874,Finn és az utazás,"Egy este Finn a színes piacon furcsa hangot hallott.

A nap melegen sütött.

Kíváncsian Finn közelebb ment.

Egy fal mögött Finn felfedezte egy kis lámpást.

Egy patak csobogott halkan.

Hirtelen egy pillangó táncolt el.

Hirtelen leesett egy levél.

Egy ág leesett.

Így tökéletes volt a nap.

A bátorságot jutalmazzák."
875,Nora és a lelet,"Egy este Nora az öreg kútnál furcsa hangot hallott.

Minden csendes és békés volt.

Bátran Nora követte a hangot.

Egy ajtó mögött Nora felfedezte egy kék üveget.

Kék volt az ég.

Hirtelen valaki nevetett.

Hirtelen ugatott egy kutya.

Egy sün keresett ennivalót.

Mindenki nevetett és hazament.

A kíváncsiság csodákhoz vezet."
876,Ema és a felfedezés,"Egy este Ema a játszótéren furcsa hangot hallott.

Friss fű illata volt.

Kíváncsian Ema közelebb ment.

Egy bokor mögött Ema felfedezte egy sárga táskát.

A madarak vidáman énekeltek.

Hirtelen ugatott egy kutya.

Hirtelen brekegett egy béka.

Egy macska játszott.

A kaland felejthetetlen maradt.

Együtt minden könnyebb."
877,Mia és a kirándulás,"Egy este Mia a kék folyónál furcsa hangot hallott.

A madarak vidáman énekeltek.

Bátran Mia követte a hangot.

Egy kő mögött Mia felfedezte egy piros kötelet.

Friss fű illata volt.

Hirtelen kopogtak.

Hirtelen hangosan zörögött valami.

Csak a kíváncsi macska volt.

Mindenki tapsolt örömében.

Aki mer, nyer."
878,Anna és a verseny,"Egy este Anna a zöld réten furcsa hangot hallott.

Kék volt az ég.

Kíváncsian Anna közelebb ment.

Egy kerítés mögött Anna felfedezte egy régi távcsövet.

Minden csendes és békés volt.

Hirtelen lehullt egy hullócsillag.

Hirtelen valaki nevetett.

Az óra ütött.

Így jól végződött a kaland.

A türelem szerencsét hoz."
879,Milo és a rejtvény,"Egy este Milo a nagy tölgynél furcsa hangot hallott.

Egy patak csobogott halkan.

Bátran Milo követte a hangot.

Egy fa mögött Milo felfedezte egy kis kést.

A nap melegen sütött.

Hirtelen brekegett egy béka.

Hirtelen lehullt egy hullócsillag.

A kakas kukorékolt.

Mindenki elégedetten ment haza.

Megosztani öröm."
880,Finn és a meglepetés,"Egy este Finn a zöld parkban furcsa hangot hallott.

Virágillat volt.

Kíváncsian Finn közelebb ment.

Egy fal mögött Finn felfedezte egy meleg takarót.

Pillangók repkedtek.

Hirtelen zümmögött egy méh.

Hirtelen szél támadt.

A szél mozdított egy ajtót.

Így a félelemből bátorság lett.

A nevetés mindig segít."
881,Nora és a nagy kaland,"Egy este Nora az öreg erdőben furcsa hangot hallott.

Pillangók repkedtek.

Bátran Nora követte a hangot.

Egy ajtó mögött Nora felfedezte egy színes térképet.

Virágillat volt.

Hirtelen szél támadt.

Hirtelen egy pillangó táncolt el.

Csak a postás volt.

Végül mindenki boldog volt.

Az igazi barátok mindig segítenek."
882,Ema és a rejtély,"Egy este Ema a sárga mezőn furcsa hangot hallott.

A nap melegen sütött.

Kíváncsian Ema közelebb ment.

Egy bokor mögött Ema felfedezte egy régi érmét.

Egy patak csobogott halkan.

Hirtelen hangosan zörögött valami.

Hirtelen kopogtak.

Egy ág leesett.

Így tökéletes volt a nap.

A bátorságot jutalmazzák."
883,Mia legszebb napja,"Egy este Mia egy kis faluban furcsa hangot hallott.

Minden csendes és békés volt.

Bátran Mia követte a hangot.

Egy kő mögött Mia felfedezte egy zöld kötelet.

Kék volt az ég.

Hirtelen leesett egy levél.

Hirtelen zümmögött egy méh.

Egy sün keresett ennivalót.

Mindenki nevetett és hazament.

A kíváncsiság csodákhoz vezet."
884,Anna és a kincs,"Egy este Anna a színes piacon furcsa hangot hallott.

Friss fű illata volt.

Kíváncsian Anna közelebb ment.

Egy kerítés mögött Anna felfedezte egy kis lámpást.

A madarak vidáman énekeltek.

Hirtelen egy pillangó táncolt el.

Hirtelen leesett egy levél.

Egy macska játszott.

A kaland felejthetetlen maradt.

Együtt minden könnyebb."
885,Milo és a rejtély,"Egy este Milo az öreg kútnál furcsa hangot hallott.

A madarak vidáman énekeltek.

Bátran Milo követte a hangot.

Egy fa mögött Milo felfedezte egy kék üveget.

Friss fű illata volt.

Hirtelen valaki nevetett.

Hirtelen ugatott egy kutya.

Csak a kíváncsi macska volt.

Mindenki tapsolt örömében.

Aki mer, nyer."
886,Finn és a terv,"Egy este Finn a játszótéren furcsa hangot hallott.

Kék volt az ég.

Kíváncsian Finn közelebb ment.

Egy fal mögött Finn felfedezte egy sárga táskát.

Minden csendes és békés volt.

Hirtelen ugatott egy kutya.

Hirtelen brekegett egy béka.

Az óra ütött.

Így jól végződött a kaland.

A türelem szerencsét hoz."
887,Nora és az utazás,"Egy este Nora a kék folyónál furcsa hangot hallott.

Egy patak csobogott halkan.

Bátran Nora követte a hangot.

Egy ajtó mögött Nora felfedezte egy piros kötelet.

A nap melegen sütött.

Hirtelen kopogtak.

Hirtelen hangosan zörögött valami.

A kakas kukorékolt.

Mindenki elégedetten ment haza.

Megosztani öröm."
888,Ema és a lelet,"Egy este Ema a zöld réten furcsa hangot hallott.

Virágillat volt.

Kíváncsian Ema közelebb ment.

Egy bokor mögött Ema felfedezte egy régi távcsövet.

Pillangók repkedtek.

Hirtelen lehullt egy hullócsillag.

Hirtelen valaki nevetett.

A szél mozdított egy ajtót.

Így a félelemből bátorság lett.

A nevetés mindig segít."
889,Mia és a felfedezés,"Egy este Mia a nagy tölgynél furcsa hangot hallott.

Pillangók repkedtek.

Bátran Mia követte a hangot.

Egy kő mögött Mia felfedezte egy kis kést.

Virágillat volt.

Hirtelen brekegett egy béka.

Hirtelen lehullt egy hullócsillag.

Csak a postás volt.

Végül mindenki boldog volt.

Az igazi barátok mindig segítenek."
890,Anna és a kirándulás,"Egy este Anna a zöld parkban furcsa hangot hallott.

A nap melegen sütött.

Kíváncsian Anna közelebb ment.

Egy kerítés mögött Anna felfedezte egy meleg takarót.

Egy patak csobogott halkan.

Hirtelen zümmögött egy méh.

Hirtelen szél támadt.

Egy ág leesett.

Így tökéletes volt a nap.

A bátorságot jutalmazzák."
891,Milo és a verseny,"Egy este Milo az öreg erdőben furcsa hangot hallott.

Minden csendes és békés volt.

Bátran Milo követte a hangot.

Egy fa mögött Milo felfedezte egy színes térképet.

Kék volt az ég.

Hirtelen szél támadt.

Hirtelen egy pillangó táncolt el.

Egy sün keresett ennivalót.

Mindenki nevetett és hazament.

A kíváncsiság csodákhoz vezet."
892,Finn és a rejtvény,"Egy este Finn a sárga mezőn furcsa hangot hallott.

Friss fű illata volt.

Kíváncsian Finn közelebb ment.

Egy fal mögött Finn felfedezte egy régi érmét.

A madarak vidáman énekeltek.

Hirtelen hangosan zörögött valami.

Hirtelen kopogtak.

Egy macska játszott.

A kaland felejthetetlen maradt.

Együtt minden könnyebb."
893,Nora és a meglepetés,"Egy este Nora egy kis faluban furcsa hangot hallott.

A madarak vidáman énekeltek.

Bátran Nora követte a hangot.

Egy ajtó mögött Nora felfedezte egy zöld kötelet.

Friss fű illata volt.

Hirtelen leesett egy levél.

Hirtelen zümmögött egy méh.

Csak a kíváncsi macska volt.

Mindenki tapsolt örömében.

Aki mer, nyer."
894,Ema és a nagy kaland,"Egy este Ema a színes piacon furcsa hangot hallott.

Kék volt az ég.

Kíváncsian Ema közelebb ment.

Egy bokor mögött Ema felfedezte egy kis lámpást.

Minden csendes és békés volt.

Hirtelen egy pillangó táncolt el.

Hirtelen leesett egy levél.

Az óra ütött.

Így jól végződött a kaland.

A türelem szerencsét hoz."
895,Mia és a rejtély,"Egy este Mia az öreg kútnál furcsa hangot hallott.

Egy patak csobogott halkan.

Bátran Mia követte a hangot.

Egy kő mögött Mia felfedezte egy kék üveget.

A nap melegen sütött.

Hirtelen valaki nevetett.

Hirtelen ugatott egy kutya.

A kakas kukorékolt.

Mindenki elégedetten ment haza.

Megosztani öröm."
896,Anna legszebb napja,"Egy este Anna a játszótéren furcsa hangot hallott.

Virágillat volt.

Kíváncsian Anna közelebb ment.

Egy kerítés mögött Anna felfedezte egy sárga táskát.

Pillangók repkedtek.

Hirtelen ugatott egy kutya.

Hirtelen brekegett egy béka.

A szél mozdított egy ajtót.

Így a félelemből bátorság lett.

A nevetés mindig segít."
897,Milo és a kincs,"Egy este Milo a kék folyónál furcsa hangot hallott.

Pillangók repkedtek.

Bátran Milo követte a hangot.

Egy fa mögött Milo felfedezte egy piros kötelet.

Virágillat volt.

Hirtelen kopogtak.

Hirtelen hangosan zörögött valami.

Csak a postás volt.

Végül mindenki boldog volt.

Az igazi barátok mindig segítenek."
898,Finn és a rejtély,"Egy este Finn a zöld réten furcsa hangot hallott.

A nap melegen sütött.

Kíváncsian Finn közelebb ment.

Egy fal mögött Finn felfedezte egy régi távcsövet.

Egy patak csobogott halkan.

Hirtelen lehullt egy hullócsillag.

Hirtelen valaki nevetett.

Egy ág leesett.

Így tökéletes volt a nap.

A bátorságot jutalmazzák."
899,Nora és a terv,"Egy este Nora a nagy tölgynél furcsa hangot hallott.

Minden csendes és békés volt.

Bátran Nora követte a hangot.

Egy ajtó mögött Nora felfedezte egy kis kést.

Kék volt az ég.

Hirtelen brekegett egy béka.

Hirtelen lehullt egy hullócsillag.

Egy sün keresett ennivalót.

Mindenki nevetett és hazament.

A kíváncsiság csodákhoz vezet."
900,Ema és az utazás,"Egy este Ema a zöld parkban furcsa hangot hallott.

Friss fű illata volt.

Kíváncsian Ema közelebb ment.

Egy bokor mögött Ema felfedezte egy meleg takarót.

A madarak vidáman énekeltek.

Hirtelen zümmögött egy méh.

Hirtelen szél támadt.

Egy macska játszott.

A kaland felejthetetlen maradt.

Együtt minden könnyebb."
901,Mia és a lelet,"Egy este Mia az öreg erdőben furcsa hangot hallott.

A madarak vidáman énekeltek.

Bátran Mia követte a hangot.

Egy kő mögött Mia felfedezte egy színes térképet.

Friss fű illata volt.

Hirtelen szél támadt.

Hirtelen egy pillangó táncolt el.

Csak a kíváncsi macska volt.

Mindenki tapsolt örömében.

Aki mer, nyer."
902,Anna és a felfedezés,"Egy este Anna a sárga mezőn furcsa hangot hallott.

Kék volt az ég.

Kíváncsian Anna közelebb ment.

Egy kerítés mögött Anna felfedezte egy régi érmét.

Minden csendes és békés volt.

Hirtelen hangosan zörögött valami.

Hirtelen kopogtak.

Az óra ütött.

Így jól végződött a kaland.

A türelem szerencsét hoz."
903,Milo és a kirándulás,"Egy este Milo egy kis faluban furcsa hangot hallott.

Egy patak csobogott halkan.

Bátran Milo követte a hangot.

Egy fa mögött Milo felfedezte egy zöld kötelet.

A nap melegen sütött.

Hirtelen leesett egy levél.

Hirtelen zümmögött egy méh.

A kakas kukorékolt.

Mindenki elégedetten ment haza.

Megosztani öröm."
904,Finn és a verseny,"Egy este Finn a színes piacon furcsa hangot hallott.

Virágillat volt.

Kíváncsian Finn közelebb ment.

Egy fal mögött Finn felfedezte egy kis lámpást.

Pillangók repkedtek.

Hirtelen egy pillangó táncolt el.

Hirtelen leesett egy levél.

A szél mozdított egy ajtót.

Így a félelemből bátorság lett.

A nevetés mindig segít."
905,Nora és a rejtvény,"Egy este Nora az öreg kútnál furcsa hangot hallott.

Pillangók repkedtek.

Bátran Nora követte a hangot.

Egy ajtó mögött Nora felfedezte egy kék üveget.

Virágillat volt.

Hirtelen valaki nevetett.

Hirtelen ugatott egy kutya.

Csak a postás volt.

Végül mindenki boldog volt.

Az igazi barátok mindig segítenek."
906,Ema és a meglepetés,"Egy este Ema a játszótéren furcsa hangot hallott.

A nap melegen sütött.

Kíváncsian Ema közelebb ment.

Egy bokor mögött Ema felfedezte egy sárga táskát.

Egy patak csobogott halkan.

Hirtelen ugatott egy kutya.

Hirtelen brekegett egy béka.

Egy ág leesett.

Így tökéletes volt a nap.

A bátorságot jutalmazzák."
907,Mia és a nagy kaland,"Egy este Mia a kék folyónál furcsa hangot hallott.

Minden csendes és békés volt.

Bátran Mia követte a hangot.

Egy kő mögött Mia felfedezte egy piros kötelet.

Kék volt az ég.

Hirtelen kopogtak.

Hirtelen hangosan zörögött valami.

Egy sün keresett ennivalót.

Mindenki nevetett és hazament.

A kíváncsiság csodákhoz vezet."
908,Anna és a rejtély,"Egy este Anna a zöld réten furcsa hangot hallott.

Friss fű illata volt.

Kíváncsian Anna közelebb ment.

Egy kerítés mögött Anna felfedezte egy régi távcsövet.

A madarak vidáman énekeltek.

Hirtelen lehullt egy hullócsillag.

Hirtelen valaki nevetett.

Egy macska játszott.

A kaland felejthetetlen maradt.

Együtt minden könnyebb."
909,Milo legszebb napja,"Egy este Milo a nagy tölgynél furcsa hangot hallott.

A madarak vidáman énekeltek.

Bátran Milo követte a hangot.

Egy fa mögött Milo felfedezte egy kis kést.

Friss fű illata volt.

Hirtelen brekegett egy béka.

Hirtelen lehullt egy hullócsillag.

Csak a kíváncsi macska volt.

Mindenki tapsolt örömében.

Aki mer, nyer."
910,Finn és a kincs,"Egy este Finn a zöld parkban furcsa hangot hallott.

Kék volt az ég.

Kíváncsian Finn közelebb ment.

Egy fal mögött Finn felfedezte egy meleg takarót.

Minden csendes és békés volt.

Hirtelen zümmögött egy méh.

Hirtelen szél támadt.

Az óra ütött.

Így jól végződött a kaland.

A türelem szerencsét hoz."
911,Nora és a rejtély,"Egy este Nora az öreg erdőben furcsa hangot hallott.

Egy patak csobogott halkan.

Bátran Nora követte a hangot.

Egy ajtó mögött Nora felfedezte egy színes térképet.

A nap melegen sütött.

Hirtelen szél támadt.

Hirtelen egy pillangó táncolt el.

A kakas kukorékolt.

Mindenki elégedetten ment haza.

Megosztani öröm."
912,Ema és a terv,"Egy este Ema a sárga mezőn furcsa hangot hallott.

Virágillat volt.

Kíváncsian Ema közelebb ment.

Egy bokor mögött Ema felfedezte egy régi érmét.

Pillangók repkedtek.

Hirtelen hangosan zörögött valami.

Hirtelen kopogtak.

A szél mozdított egy ajtót.

Így a félelemből bátorság lett.

A nevetés mindig segít."
913,Mia és az utazás,"Egy este Mia egy kis faluban furcsa hangot hallott.

Pillangók repkedtek.

Bátran Mia követte a hangot.

Egy kő mögött Mia felfedezte egy zöld kötelet.

Virágillat volt.

Hirtelen leesett egy levél.

Hirtelen zümmögött egy méh.

Csak a postás volt.

Végül mindenki boldog volt.

Az igazi barátok mindig segítenek."
914,Anna és a lelet,"Egy este Anna a színes piacon furcsa hangot hallott.

A nap melegen sütött.

Kíváncsian Anna közelebb ment.

Egy kerítés mögött Anna felfedezte egy kis lámpást.

Egy patak csobogott halkan.

Hirtelen egy pillangó táncolt el.

Hirtelen leesett egy levél.

Egy ág leesett.

Így tökéletes volt a nap.

A bátorságot jutalmazzák."
915,Milo és a felfedezés,"Egy este Milo az öreg kútnál furcsa hangot hallott.

Minden csendes és békés volt.

Bátran Milo követte a hangot.

Egy fa mögött Milo felfedezte egy kék üveget.

Kék volt az ég.

Hirtelen valaki nevetett.

Hirtelen ugatott egy kutya.

Egy sün keresett ennivalót.

Mindenki nevetett és hazament.

A kíváncsiság csodákhoz vezet."
916,Finn és a kirándulás,"Egy este Finn a játszótéren furcsa hangot hallott.

Friss fű illata volt.

Kíváncsian Finn közelebb ment.

Egy fal mögött Finn felfedezte egy sárga táskát.

A madarak vidáman énekeltek.

Hirtelen ugatott egy kutya.

Hirtelen brekegett egy béka.

Egy macska játszott.

A kaland felejthetetlen maradt.

Együtt minden könnyebb."
917,Nora és a verseny,"Egy este Nora a kék folyónál furcsa hangot hallott.

A madarak vidáman énekeltek.

Bátran Nora követte a hangot.

Egy ajtó mögött Nora felfedezte egy piros kötelet.

Friss fű illata volt.

Hirtelen kopogtak.

Hirtelen hangosan zörögött valami.

Csak a kíváncsi macska volt.

Mindenki tapsolt örömében.

Aki mer, nyer."
918,Ema és a rejtvény,"Egy este Ema a zöld réten furcsa hangot hallott.

Kék volt az ég.

Kíváncsian Ema közelebb ment.

Egy bokor mögött Ema felfedezte egy régi távcsövet.

Minden csendes és békés volt.

Hirtelen lehullt egy hullócsillag.

Hirtelen valaki nevetett.

Az óra ütött.

Így jól végződött a kaland.

A türelem szerencsét hoz."
919,Mia és a meglepetés,"Egy este Mia a nagy tölgynél furcsa hangot hallott.

Egy patak csobogott halkan.

Bátran Mia követte a hangot.

Egy kő mögött Mia felfedezte egy kis kést.

A nap melegen sütött.

Hirtelen brekegett egy béka.

Hirtelen lehullt egy hullócsillag.

A kakas kukorékolt.

Mindenki elégedetten ment haza.

Megosztani öröm."
920,Anna és a nagy kaland,"Egy este Anna a zöld parkban furcsa hangot hallott.

Virágillat volt.

Kíváncsian Anna közelebb ment.

Egy kerítés mögött Anna felfedezte egy meleg takarót.

Pillangók repkedtek.

Hirtelen zümmögött egy méh.

Hirtelen szél támadt.

A szél mozdított egy ajtót.

Így a félelemből bátorság lett.

A nevetés mindig segít."
921,Milo és a rejtély,"Egy este Milo az öreg erdőben furcsa hangot hallott.

Pillangók repkedtek.

Bátran Milo követte a hangot.

Egy fa mögött Milo felfedezte egy színes térképet.

Virágillat volt.

Hirtelen szél támadt.

Hirtelen egy pillangó táncolt el.

Csak a postás volt.

Végül mindenki boldog volt.

Az igazi barátok mindig segítenek."
922,Finn legszebb napja,"Egy este Finn a sárga mezőn furcsa hangot hallott.

A nap melegen sütött.

Kíváncsian Finn közelebb ment.

Egy fal mögött Finn felfedezte egy régi érmét.

Egy patak csobogott halkan.

Hirtelen hangosan zörögött valami.

Hirtelen kopogtak.

Egy ág leesett.

Így tökéletes volt a nap.

A bátorságot jutalmazzák."
923,Nora és a kincs,"Egy este Nora egy kis faluban furcsa hangot hallott.

Minden csendes és békés volt.

Bátran Nora követte a hangot.

Egy ajtó mögött Nora felfedezte egy zöld kötelet.

Kék volt az ég.

Hirtelen leesett egy levél.

Hirtelen zümmögött egy méh.

Egy sün keresett ennivalót.

Mindenki nevetett és hazament.

A kíváncsiság csodákhoz vezet."
924,Ema és a rejtély,"Egy este Ema a színes piacon furcsa hangot hallott.

Friss fű illata volt.

Kíváncsian Ema közelebb ment.

Egy bokor mögött Ema felfedezte egy kis lámpást.

A madarak vidáman énekeltek.

Hirtelen egy pillangó táncolt el.

Hirtelen leesett egy levél.

Egy macska játszott.

A kaland felejthetetlen maradt.

Együtt minden könnyebb."
925,Mia és a terv,"Egy este Mia az öreg kútnál furcsa hangot hallott.

A madarak vidáman énekeltek.

Bátran Mia követte a hangot.

Egy kő mögött Mia felfedezte egy kék üveget.

Friss fű illata volt.

Hirtelen valaki nevetett.

Hirtelen ugatott egy kutya.

Csak a kíváncsi macska volt.

Mindenki tapsolt örömében.

Aki mer, nyer."
926,Anna és az utazás,"Egy este Anna a játszótéren furcsa hangot hallott.

Kék volt az ég.

Kíváncsian Anna közelebb ment.

Egy kerítés mögött Anna felfedezte egy sárga táskát.

Minden csendes és békés volt.

Hirtelen ugatott egy kutya.

Hirtelen brekegett egy béka.

Az óra ütött.

Így jól végződött a kaland.

A türelem szerencsét hoz."
927,Milo és a lelet,"Egy este Milo a kék folyónál furcsa hangot hallott.

Egy patak csobogott halkan.

Bátran Milo követte a hangot.

Egy fa mögött Milo felfedezte egy piros kötelet.

A nap melegen sütött.

Hirtelen kopogtak.

Hirtelen hangosan zörögött valami.

A kakas kukorékolt.

Mindenki elégedetten ment haza.

Megosztani öröm."
928,Finn és a felfedezés,"Egy este Finn a zöld réten furcsa hangot hallott.

Virágillat volt.

Kíváncsian Finn közelebb ment.

Egy fal mögött Finn felfedezte egy régi távcsövet.

Pillangók repkedtek.

Hirtelen lehullt egy hullócsillag.

Hirtelen valaki nevetett.

A szél mozdított egy ajtót.

Így a félelemből bátorság lett.

A nevetés mindig segít."
929,Nora és a kirándulás,"Egy este Nora a nagy tölgynél furcsa hangot hallott.

Pillangók repkedtek.

Bátran Nora követte a hangot.

Egy ajtó mögött Nora felfedezte egy kis kést.

Virágillat volt.

Hirtelen brekegett egy béka.

Hirtelen lehullt egy hullócsillag.

Csak a postás volt.

Végül mindenki boldog volt.

Az igazi barátok mindig segítenek."
930,Ema és a verseny,"Egy este Ema a zöld parkban furcsa hangot hallott.

A nap melegen sütött.

Kíváncsian Ema közelebb ment.

Egy bokor mögött Ema felfedezte egy meleg takarót.

Egy patak csobogott halkan.

Hirtelen zümmögött egy méh.

Hirtelen szél támadt.

Egy ág leesett.

Így tökéletes volt a nap.

A bátorságot jutalmazzák."
931,Mia és a rejtvény,"Egy este Mia az öreg erdőben furcsa hangot hallott.

Minden csendes és békés volt.

Bátran Mia követte a hangot.

Egy kő mögött Mia felfedezte egy színes térképet.

Kék volt az ég.

Hirtelen szél támadt.

Hirtelen egy pillangó táncolt el.

Egy sün keresett ennivalót.

Mindenki nevetett és hazament.

A kíváncsiság csodákhoz vezet."
932,Anna és a meglepetés,"Egy este Anna a sárga mezőn furcsa hangot hallott.

Friss fű illata volt.

Kíváncsian Anna közelebb ment.

Egy kerítés mögött Anna felfedezte egy régi érmét.

A madarak vidáman énekeltek.

Hirtelen hangosan zörögött valami.

Hirtelen kopogtak.

Egy macska játszott.

A kaland felejthetetlen maradt.

Együtt minden könnyebb."
933,Milo és a nagy kaland,"Egy este Milo egy kis faluban furcsa hangot hallott.

A madarak vidáman énekeltek.

Bátran Milo követte a hangot.

Egy fa mögött Milo felfedezte egy zöld kötelet.

Friss fű illata volt.

Hirtelen leesett egy levél.

Hirtelen zümmögött egy méh.

Csak a kíváncsi macska volt.

Mindenki tapsolt örömében.

Aki mer, nyer."
934,Finn és a rejtély,"Egy este Finn a színes piacon furcsa hangot hallott.

Kék volt az ég.

Kíváncsian Finn közelebb ment.

Egy fal mögött Finn felfedezte egy kis lámpást.

Minden csendes és békés volt.

Hirtelen egy pillangó táncolt el.

Hirtelen leesett egy levél.

Az óra ütött.

Így jól végződött a kaland.

A türelem szerencsét hoz."
935,Nora legszebb napja,"Egy este Nora az öreg kútnál furcsa hangot hallott.

Egy patak csobogott halkan.

Bátran Nora követte a hangot.

Egy ajtó mögött Nora felfedezte egy kék üveget.

A nap melegen sütött.

Hirtelen valaki nevetett.

Hirtelen ugatott egy kutya.

A kakas kukorékolt.

Mindenki elégedetten ment haza.

Megosztani öröm."
936,Ema és a kincs,"Egy este Ema a játszótéren furcsa hangot hallott.

Virágillat volt.

Kíváncsian Ema közelebb ment.

Egy bokor mögött Ema felfedezte egy sárga táskát.

Pillangók repkedtek.

Hirtelen ugatott egy kutya.

Hirtelen brekegett egy béka.

A szél mozdított egy ajtót.

Így a félelemből bátorság lett.

A nevetés mindig segít."
937,Mia és a rejtély,"Egy este Mia a kék folyónál furcsa hangot hallott.

Pillangók repkedtek.

Bátran Mia követte a hangot.

Egy kő mögött Mia felfedezte egy piros kötelet.

Virágillat volt.

Hirtelen kopogtak.

Hirtelen hangosan zörögött valami.

Csak a postás volt.

Végül mindenki boldog volt.

Az igazi barátok mindig segítenek."
938,Anna és a terv,"Egy este Anna a zöld réten furcsa hangot hallott.

A nap melegen sütött.

Kíváncsian Anna közelebb ment.

Egy kerítés mögött Anna felfedezte egy régi távcsövet.

Egy patak csobogott halkan.

Hirtelen lehullt egy hullócsillag.

Hirtelen valaki nevetett.

Egy ág leesett.

Így tökéletes volt a nap.

A bátorságot jutalmazzák."
939,Milo és az utazás,"Egy este Milo a nagy tölgynél furcsa hangot hallott.

Minden csendes és békés volt.

Bátran Milo követte a hangot.

Egy fa mögött Milo felfedezte egy kis kést.

Kék volt az ég.

Hirtelen brekegett egy béka.

Hirtelen lehullt egy hullócsillag.

Egy sün keresett ennivalót.

Mindenki nevetett és hazament.

A kíváncsiság csodákhoz vezet."
940,Finn és a lelet,"Egy este Finn a zöld parkban furcsa hangot hallott.

Friss fű illata volt.

Kíváncsian Finn közelebb ment.

Egy fal mögött Finn felfedezte egy meleg takarót.

A madarak vidáman énekeltek.

Hirtelen zümmögött egy méh.

Hirtelen szél támadt.

Egy macska játszott.

A kaland felejthetetlen maradt.

Együtt minden könnyebb."
941,Finn és a felfedezés,"Egy este Finn a kék folyónál furcsa hangot hallott.

Egy patak csobogott halkan.

Kíváncsian Finn közelebb ment.

Egy fa mögött Finn felfedezte egy zöld kötelet.

Virágillat volt.

Hirtelen leesett egy levél.

Hirtelen egy pillangó táncolt el.

A kakas kukorékolt.

Végül mindenki boldog volt.

Aki mer, nyer."
942,Nora és a kirándulás,"Egy este Nora a zöld réten furcsa hangot hallott.

Virágillat volt.

Bátran Nora követte a hangot.

Egy fal mögött Nora felfedezte egy kis lámpást.

Egy patak csobogott halkan.

Hirtelen egy pillangó táncolt el.

Hirtelen kopogtak.

A szél mozdított egy ajtót.

Így tökéletes volt a nap.

A türelem szerencsét hoz."
943,Ema és a verseny,"Egy este Ema a nagy tölgynél furcsa hangot hallott.

Pillangók repkedtek.

Kíváncsian Ema közelebb ment.

Egy ajtó mögött Ema felfedezte egy kék üveget.

Kék volt az ég.

Hirtelen valaki nevetett.

Hirtelen zümmögött egy méh.

Csak a postás volt.

Mindenki nevetett és hazament.

Megosztani öröm."
944,Mia és a rejtvény,"Egy este Mia a zöld parkban furcsa hangot hallott.

A nap melegen sütött.

Bátran Mia követte a hangot.

Egy bokor mögött Mia felfedezte egy sárga táskát.

A madarak vidáman énekeltek.

Hirtelen ugatott egy kutya.

Hirtelen leesett egy levél.

Egy ág leesett.

A kaland felejthetetlen maradt.

A nevetés mindig segít."
945,Anna és a meglepetés,"Egy este Anna az öreg erdőben furcsa hangot hallott.

Minden csendes és békés volt.

Kíváncsian Anna közelebb ment.

Egy kő mögött Anna felfedezte egy piros kötelet.

Friss fű illata volt.

Hirtelen kopogtak.

Hirtelen ugatott egy kutya.

Egy sün keresett ennivalót.

Mindenki tapsolt örömében.

Az igazi barátok mindig segítenek."
946,Milo és a nagy kaland,"Egy este Milo a sárga mezőn furcsa hangot hallott.

Friss fű illata volt.

Bátran Milo követte a hangot.

Egy kerítés mögött Milo felfedezte egy régi távcsövet.

Minden csendes és békés volt.

Hirtelen lehullt egy hullócsillag.

Hirtelen brekegett egy béka.

Egy macska játszott.

Így jól végződött a kaland.

A bátorságot jutalmazzák."
947,Finn és a rejtély,"Egy este Finn egy kis faluban furcsa hangot hallott.

A madarak vidáman énekeltek.

Kíváncsian Finn közelebb ment.

Egy fa mögött Finn felfedezte egy kis kést.

A nap melegen sütött.

Hirtelen brekegett egy béka.

Hirtelen hangosan zörögött valami.

Csak a kíváncsi macska volt.

Mindenki elégedetten ment haza.

A kíváncsiság csodákhoz vezet."
948,Nora legszebb napja,"Egy este Nora a színes piacon furcsa hangot hallott.

Kék volt az ég.

Bátran Nora követte a hangot.

Egy fal mögött Nora felfedezte egy meleg takarót.

Pillangók repkedtek.

Hirtelen zümmögött egy méh.

Hirtelen valaki nevetett.

Az óra ütött.

Így a félelemből bátorság lett.

Együtt minden könnyebb."
949,Ema és a kincs,"Egy este Ema az öreg kútnál furcsa hangot hallott.

Egy patak csobogott halkan.

Kíváncsian Ema közelebb ment.

Egy ajtó mögött Ema felfedezte egy színes térképet.

Virágillat volt.

Hirtelen szél támadt.

Hirtelen lehullt egy hullócsillag.

A kakas kukorékolt.

Végül mindenki boldog volt.

Aki mer, nyer."
950,Mia és a rejtély,"Egy este Mia a játszótéren furcsa hangot hallott.

Virágillat volt.

Bátran Mia követte a hangot.

Egy bokor mögött Mia felfedezte egy régi érmét.

Egy patak csobogott halkan.

Hirtelen hangosan zörögött valami.

Hirtelen szél támadt.

A szél mozdított egy ajtót.

Így tökéletes volt a nap.

A türelem szerencsét hoz."
951,Anna és a terv,"Egy este Anna a kék folyónál furcsa hangot hallott.

Pillangók repkedtek.

Kíváncsian Anna közelebb ment.

Egy kő mögött Anna felfedezte egy zöld kötelet.

Kék volt az ég.

Hirtelen leesett egy levél.

Hirtelen egy pillangó táncolt el.

Csak a postás volt.

Mindenki nevetett és hazament.

Megosztani öröm."
952,Milo és az utazás,"Egy este Milo a zöld réten furcsa hangot hallott.

A nap melegen sütött.

Bátran Milo követte a hangot.

Egy kerítés mögött Milo felfedezte egy kis lámpást.

A madarak vidáman énekeltek.

Hirtelen egy pillangó táncolt el.

Hirtelen kopogtak.

Egy ág leesett.

A kaland felejthetetlen maradt.

A nevetés mindig segít."
953,Finn és a lelet,"Egy este Finn a nagy tölgynél furcsa hangot hallott.

Minden csendes és békés volt.

Kíváncsian Finn közelebb ment.

Egy fa mögött Finn felfedezte egy kék üveget.

Friss fű illata volt.

Hirtelen valaki nevetett.

Hirtelen zümmögött egy méh.

Egy sün keresett ennivalót.

Mindenki tapsolt örömében.

Az igazi barátok mindig segítenek."
954,Nora és a felfedezés,"Egy este Nora a zöld parkban furcsa hangot hallott.

Friss fű illata volt.

Bátran Nora követte a hangot.

Egy fal mögött Nora felfedezte egy sárga táskát.

Minden csendes és békés volt.

Hirtelen ugatott egy kutya.

Hirtelen leesett egy levél.

Egy macska játszott.

Így jól végződött a kaland.

A bátorságot jutalmazzák."
955,Ema és a kirándulás,"Egy este Ema az öreg erdőben furcsa hangot hallott.

A madarak vidáman énekeltek.

Kíváncsian Ema közelebb ment.

Egy ajtó mögött Ema felfedezte egy piros kötelet.

A nap melegen sütött.

Hirtelen kopogtak.

Hirtelen ugatott egy kutya.

Csak a kíváncsi macska volt.

Mindenki elégedetten ment haza.

A kíváncsiság csodákhoz vezet."
956,Mia és a verseny,"Egy este Mia a sárga mezőn furcsa hangot hallott.

Kék volt az ég.

Bátran Mia követte a hangot.

Egy bokor mögött Mia felfedezte egy régi távcsövet.

Pillangók repkedtek.

Hirtelen lehullt egy hullócsillag.

Hirtelen brekegett egy béka.

Az óra ütött.

Így a félelemből bátorság lett.

Együtt minden könnyebb."
957,Anna és a rejtvény,"Egy este Anna egy kis faluban furcsa hangot hallott.

Egy patak csobogott halkan.

Kíváncsian Anna közelebb ment.

Egy kő mögött Anna felfedezte egy kis kést.

Virágillat volt.

Hirtelen brekegett egy béka.

Hirtelen hangosan zörögött valami.

A kakas kukorékolt.

Végül mindenki boldog volt.

Aki mer, nyer."
958,Milo és a meglepetés,"Egy este Milo a színes piacon furcsa hangot hallott.

Virágillat volt.

Bátran Milo követte a hangot.

Egy kerítés mögött Milo felfedezte egy meleg takarót.

Egy patak csobogott halkan.

Hirtelen zümmögött egy méh.

Hirtelen valaki nevetett.

A szél mozdított egy ajtót.

Így tökéletes volt a nap.

A türelem szerencsét hoz."
959,Finn és a nagy kaland,"Egy este Finn az öreg kútnál furcsa hangot hallott.

Pillangók repkedtek.

Kíváncsian Finn közelebb ment.

Egy fa mögött Finn felfedezte egy színes térképet.

Kék volt az ég.

Hirtelen szél támadt.

Hirtelen lehullt egy hullócsillag.

Csak a postás volt.

Mindenki nevetett és hazament.

Megosztani öröm."
960,Nora és a rejtély,"Egy este Nora a játszótéren furcsa hangot hallott.

A nap melegen sütött.

Bátran Nora követte a hangot.

Egy fal mögött Nora felfedezte egy régi érmét.

A madarak vidáman énekeltek.

Hirtelen hangosan zörögött valami.

Hirtelen szél támadt.

Egy ág leesett.

A kaland felejthetetlen maradt.

A nevetés mindig segít."
961,Ema legszebb napja,"Egy este Ema a kék folyónál furcsa hangot hallott.

Minden csendes és békés volt.

Kíváncsian Ema közelebb ment.

Egy ajtó mögött Ema felfedezte egy zöld kötelet.

Friss fű illata volt.

Hirtelen leesett egy levél.

Hirtelen egy pillangó táncolt el.

Egy sün keresett ennivalót.

Mindenki tapsolt örömében.

Az igazi barátok mindig segítenek."
962,Mia és a kincs,"Egy este Mia a zöld réten furcsa hangot hallott.

Friss fű illata volt.

Bátran Mia követte a hangot.

Egy bokor mögött Mia felfedezte egy kis lámpást.

Minden csendes és békés volt.

Hirtelen egy pillangó táncolt el.

Hirtelen kopogtak.

Egy macska játszott.

Így jól végződött a kaland.

A bátorságot jutalmazzák."
963,Anna és a rejtély,"Egy este Anna a nagy tölgynél furcsa hangot hallott.

A madarak vidáman énekeltek.

Kíváncsian Anna közelebb ment.

Egy kő mögött Anna felfedezte egy kék üveget.

A nap melegen sütött.

Hirtelen valaki nevetett.

Hirtelen zümmögött egy méh.

Csak a kíváncsi macska volt.

Mindenki elégedetten ment haza.

A kíváncsiság csodákhoz vezet."
964,Milo és a terv,"Egy este Milo a zöld parkban furcsa hangot hallott.

Kék volt az ég.

Bátran Milo követte a hangot.

Egy kerítés mögött Milo felfedezte egy sárga táskát.

Pillangók repkedtek.

Hirtelen ugatott egy kutya.

Hirtelen leesett egy levél.

Az óra ütött.

Így a félelemből bátorság lett.

Együtt minden könnyebb."
965,Finn és az utazás,"Egy este Finn az öreg erdőben furcsa hangot hallott.

Egy patak csobogott halkan.

Kíváncsian Finn közelebb ment.

Egy fa mögött Finn felfedezte egy piros kötelet.

Virágillat volt.

Hirtelen kopogtak.

Hirtelen ugatott egy kutya.

A kakas kukorékolt.

Végül mindenki boldog volt.

Aki mer, nyer."
966,Nora és a lelet,"Egy este Nora a sárga mezőn furcsa hangot hallott.

Virágillat volt.

Bátran Nora követte a hangot.

Egy fal mögött Nora felfedezte egy régi távcsövet.

Egy patak csobogott halkan.

Hirtelen lehullt egy hullócsillag.

Hirtelen brekegett egy béka.

A szél mozdított egy ajtót.

Így tökéletes volt a nap.

A türelem szerencsét hoz."
967,Ema és a felfedezés,"Egy este Ema egy kis faluban furcsa hangot hallott.

Pillangók repkedtek.

Kíváncsian Ema közelebb ment.

Egy ajtó mögött Ema felfedezte egy kis kést.

Kék volt az ég.

Hirtelen brekegett egy béka.

Hirtelen hangosan zörögött valami.

Csak a postás volt.

Mindenki nevetett és hazament.

Megosztani öröm."
968,Mia és a kirándulás,"Egy este Mia a színes piacon furcsa hangot hallott.

A nap melegen sütött.

Bátran Mia követte a hangot.

Egy bokor mögött Mia felfedezte egy meleg takarót.

A madarak vidáman énekeltek.

Hirtelen zümmögött egy méh.

Hirtelen valaki nevetett.

Egy ág leesett.

A kaland felejthetetlen maradt.

A nevetés mindig segít."
969,Anna és a verseny,"Egy este Anna az öreg kútnál furcsa hangot hallott.

Minden csendes és békés volt.

Kíváncsian Anna közelebb ment.

Egy kő mögött Anna felfedezte egy színes térképet.

Friss fű illata volt.

Hirtelen szél támadt.

Hirtelen lehullt egy hullócsillag.

Egy sün keresett ennivalót.

Mindenki tapsolt örömében.

Az igazi barátok mindig segítenek."
970,Milo és a rejtvény,"Egy este Milo a játszótéren furcsa hangot hallott.

Friss fű illata volt.

Bátran Milo követte a hangot.

Egy kerítés mögött Milo felfedezte egy régi érmét.

Minden csendes és békés volt.

Hirtelen hangosan zörögött valami.

Hirtelen szél támadt.

Egy macska játszott.

Így jól végződött a kaland.

A bátorságot jutalmazzák."
971,Finn és a meglepetés,"Egy este Finn a kék folyónál furcsa hangot hallott.

A madarak vidáman énekeltek.

Kíváncsian Finn közelebb ment.

Egy fa mögött Finn felfedezte egy zöld kötelet.

A nap melegen sütött.

Hirtelen leesett egy levél.

Hirtelen egy pillangó táncolt el.

Csak a kíváncsi macska volt.

Mindenki elégedetten ment haza.

A kíváncsiság csodákhoz vezet."
972,Nora és a nagy kaland,"Egy este Nora a zöld réten furcsa hangot hallott.

Kék volt az ég.

Bátran Nora követte a hangot.

Egy fal mögött Nora felfedezte egy kis lámpást.

Pillangók repkedtek.

Hirtelen egy pillangó táncolt el.

Hirtelen kopogtak.

Az óra ütött.

Így a félelemből bátorság lett.

Együtt minden könnyebb."
973,Ema és a rejtély,"Egy este Ema a nagy tölgynél furcsa hangot hallott.

Egy patak csobogott halkan.

Kíváncsian Ema közelebb ment.

Egy ajtó mögött Ema felfedezte egy kék üveget.

Virágillat volt.

Hirtelen valaki nevetett.

Hirtelen zümmögött egy méh.

A kakas kukorékolt.

Végül mindenki boldog volt.

Aki mer, nyer."
974,Mia legszebb napja,"Egy este Mia a zöld parkban furcsa hangot hallott.

Virágillat volt.

Bátran Mia követte a hangot.

Egy bokor mögött Mia felfedezte egy sárga táskát.

Egy patak csobogott halkan.

Hirtelen ugatott egy kutya.

Hirtelen leesett egy levél.

A szél mozdított egy ajtót.

Így tökéletes volt a nap.

A türelem szerencsét hoz."
975,Anna és a kincs,"Egy este Anna az öreg erdőben furcsa hangot hallott.

Pillangók repkedtek.

Kíváncsian Anna közelebb ment.

Egy kő mögött Anna felfedezte egy piros kötelet.

Kék volt az ég.

Hirtelen kopogtak.

Hirtelen ugatott egy kutya.

Csak a postás volt.

Mindenki nevetett és hazament.

Megosztani öröm."
976,Milo és a rejtély,"Egy este Milo a sárga mezőn furcsa hangot hallott.

A nap melegen sütött.

Bátran Milo követte a hangot.

Egy kerítés mögött Milo felfedezte egy régi távcsövet.

A madarak vidáman énekeltek.

Hirtelen lehullt egy hullócsillag.

Hirtelen brekegett egy béka.

Egy ág leesett.

A kaland felejthetetlen maradt.

A nevetés mindig segít."
977,Finn és a terv,"Egy este Finn egy kis faluban furcsa hangot hallott.

Minden csendes és békés volt.

Kíváncsian Finn közelebb ment.

Egy fa mögött Finn felfedezte egy kis kést.

Friss fű illata volt.

Hirtelen brekegett egy béka.

Hirtelen hangosan zörögött valami.

Egy sün keresett ennivalót.

Mindenki tapsolt örömében.

Az igazi barátok mindig segítenek."
978,Nora és az utazás,"Egy este Nora a színes piacon furcsa hangot hallott.

Friss fű illata volt.

Bátran Nora követte a hangot.

Egy fal mögött Nora felfedezte egy meleg takarót.

Minden csendes és békés volt.

Hirtelen zümmögött egy méh.

Hirtelen valaki nevetett.

Egy macska játszott.

Így jól végződött a kaland.

A bátorságot jutalmazzák."
979,Ema és a lelet,"Egy este Ema az öreg kútnál furcsa hangot hallott.

A madarak vidáman énekeltek.

Kíváncsian Ema közelebb ment.

Egy ajtó mögött Ema felfedezte egy színes térképet.

A nap melegen sütött.

Hirtelen szél támadt.

Hirtelen lehullt egy hullócsillag.

Csak a kíváncsi macska volt.

Mindenki elégedetten ment haza.

A kíváncsiság csodákhoz vezet."
980,Mia és a felfedezés,"Egy este Mia a játszótéren furcsa hangot hallott.

Kék volt az ég.

Bátran Mia követte a hangot.

Egy bokor mögött Mia felfedezte egy régi érmét.

Pillangók repkedtek.

Hirtelen hangosan zörögött valami.

Hirtelen szél támadt.

Az óra ütött.

Így a félelemből bátorság lett.

Együtt minden könnyebb."
981,Anna és a kirándulás,"Egy este Anna a kék folyónál furcsa hangot hallott.

Egy patak csobogott halkan.

Kíváncsian Anna közelebb ment.

Egy kő mögött Anna felfedezte egy zöld kötelet.

Virágillat volt.

Hirtelen leesett egy levél.

Hirtelen egy pillangó táncolt el.

A kakas kukorékolt.

Végül mindenki boldog volt.

Aki mer, nyer."
982,Milo és a verseny,"Egy este Milo a zöld réten furcsa hangot hallott.

Virágillat volt.

Bátran Milo követte a hangot.

Egy kerítés mögött Milo felfedezte egy kis lámpást.

Egy patak csobogott halkan.

Hirtelen egy pillangó táncolt el.

Hirtelen kopogtak.

A szél mozdított egy ajtót.

Így tökéletes volt a nap.

A türelem szerencsét hoz."
983,Finn és a rejtvény,"Egy este Finn a nagy tölgynél furcsa hangot hallott.

Pillangók repkedtek.

Kíváncsian Finn közelebb ment.

Egy fa mögött Finn felfedezte egy kék üveget.

Kék volt az ég.

Hirtelen valaki nevetett.

Hirtelen zümmögött egy méh.

Csak a postás volt.

Mindenki nevetett és hazament.

Megosztani öröm."
984,Nora és a meglepetés,"Egy este Nora a zöld parkban furcsa hangot hallott.

A nap melegen sütött.

Bátran Nora követte a hangot.

Egy fal mögött Nora felfedezte egy sárga táskát.

A madarak vidáman énekeltek.

Hirtelen ugatott egy kutya.

Hirtelen leesett egy levél.

Egy ág leesett.

A kaland felejthetetlen maradt.

A nevetés mindig segít."
985,Ema és a nagy kaland,"Egy este Ema az öreg erdőben furcsa hangot hallott.

Minden csendes és békés volt.

Kíváncsian Ema közelebb ment.

Egy ajtó mögött Ema felfedezte egy piros kötelet.

Friss fű illata volt.

Hirtelen kopogtak.

Hirtelen ugatott egy kutya.

Egy sün keresett ennivalót.

Mindenki tapsolt örömében.

Az igazi barátok mindig segítenek."
986,Mia és a rejtély,"Egy este Mia a sárga mezőn furcsa hangot hallott.

Friss fű illata volt.

Bátran Mia követte a hangot.

Egy bokor mögött Mia felfedezte egy régi távcsövet.

Minden csendes és békés volt.

Hirtelen lehullt egy hullócsillag.

Hirtelen brekegett egy béka.

Egy macska játszott.

Így jól végződött a kaland.

A bátorságot jutalmazzák."
987,Anna legszebb napja,"Egy este Anna egy kis faluban furcsa hangot hallott.

A madarak vidáman énekeltek.

Kíváncsian Anna közelebb ment.

Egy kő mögött Anna felfedezte egy kis kést.

A nap melegen sütött.

Hirtelen brekegett egy béka.

Hirtelen hangosan zörögött valami.

Csak a kíváncsi macska volt.

Mindenki elégedetten ment haza.

A kíváncsiság csodákhoz vezet."
988,Milo és a kincs,"Egy este Milo a színes piacon furcsa hangot hallott.

Kék volt az ég.

Bátran Milo követte a hangot.

Egy kerítés mögött Milo felfedezte egy meleg takarót.

Pillangók repkedtek.

Hirtelen zümmögött egy méh.

Hirtelen valaki nevetett.

Az óra ütött.

Így a félelemből bátorság lett.

Együtt minden könnyebb."
989,Finn és a rejtély,"Egy este Finn az öreg kútnál furcsa hangot hallott.

Egy patak csobogott halkan.

Kíváncsian Finn közelebb ment.

Egy fa mögött Finn felfedezte egy színes térképet.

Virágillat volt.

Hirtelen szél támadt.

Hirtelen lehullt egy hullócsillag.

A kakas kukorékolt.

Végül mindenki boldog volt.

Aki mer, nyer."
990,Nora és a terv,"Egy este Nora a játszótéren furcsa hangot hallott.

Virágillat volt.

Bátran Nora követte a hangot.

Egy fal mögött Nora felfedezte egy régi érmét.

Egy patak csobogott halkan.

Hirtelen hangosan zörögött valami.

Hirtelen szél támadt.

A szél mozdított egy ajtót.

Így tökéletes volt a nap.

A türelem szerencsét hoz."
991,Ema és az utazás,"Egy este Ema a kék folyónál furcsa hangot hallott.

Pillangók repkedtek.

Kíváncsian Ema közelebb ment.

Egy ajtó mögött Ema felfedezte egy zöld kötelet.

Kék volt az ég.

Hirtelen leesett egy levél.

Hirtelen egy pillangó táncolt el.

Csak a postás volt.

Mindenki nevetett és hazament.

Megosztani öröm."
992,Mia és a lelet,"Egy este Mia a zöld réten furcsa hangot hallott.

A nap melegen sütött.

Bátran Mia követte a hangot.

Egy bokor mögött Mia felfedezte egy kis lámpást.

A madarak vidáman énekeltek.

Hirtelen egy pillangó táncolt el.

Hirtelen kopogtak.

Egy ág leesett.

A kaland felejthetetlen maradt.

A nevetés mindig segít."
993,Anna és a felfedezés,"Egy este Anna a nagy tölgynél furcsa hangot hallott.

Minden csendes és békés volt.

Kíváncsian Anna közelebb ment.

Egy kő mögött Anna felfedezte egy kék üveget.

Friss fű illata volt.

Hirtelen valaki nevetett.

Hirtelen zümmögött egy méh.

Egy sün keresett ennivalót.

Mindenki tapsolt örömében.

Az igazi barátok mindig segítenek."
994,Milo és a kirándulás,"Egy este Milo a zöld parkban furcsa hangot hallott.

Friss fű illata volt.

Bátran Milo követte a hangot.

Egy kerítés mögött Milo felfedezte egy sárga táskát.

Minden csendes és békés volt.

Hirtelen ugatott egy kutya.

Hirtelen leesett egy levél.

Egy macska játszott.

Így jól végződött a kaland.

A bátorságot jutalmazzák."
995,Finn és a verseny,"Egy este Finn az öreg erdőben furcsa hangot hallott.

A madarak vidáman énekeltek.

Kíváncsian Finn közelebb ment.

Egy fa mögött Finn felfedezte egy piros kötelet.

A nap melegen sütött.

Hirtelen kopogtak.

Hirtelen ugatott egy kutya.

Csak a kíváncsi macska volt.

Mindenki elégedetten ment haza.

A kíváncsiság csodákhoz vezet."
996,Nora és a rejtvény,"Egy este Nora a sárga mezőn furcsa hangot hallott.

Kék volt az ég.

Bátran Nora követte a hangot.

Egy fal mögött Nora felfedezte egy régi távcsövet.

Pillangók repkedtek.

Hirtelen lehullt egy hullócsillag.

Hirtelen brekegett egy béka.

Az óra ütött.

Így a félelemből bátorság lett.

Együtt minden könnyebb."
997,Ema és a meglepetés,"Egy este Ema egy kis faluban furcsa hangot hallott.

Egy patak csobogott halkan.

Kíváncsian Ema közelebb ment.

Egy ajtó mögött Ema felfedezte egy kis kést.

Virágillat volt.

Hirtelen brekegett egy béka.

Hirtelen hangosan zörögött valami.

A kakas kukorékolt.

Végül mindenki boldog volt.

Aki mer, nyer."
998,Mia és a nagy kaland,"Egy este Mia a színes piacon furcsa hangot hallott.

Virágillat volt.

Bátran Mia követte a hangot.

Egy bokor mögött Mia felfedezte egy meleg takarót.

Egy patak csobogott halkan.

Hirtelen zümmögött egy méh.

Hirtelen valaki nevetett.

A szél mozdított egy ajtót.

Így tökéletes volt a nap.

A türelem szerencsét hoz."
999,Anna és a rejtély,"Egy este Anna az öreg kútnál furcsa hangot hallott.

Pillangók repkedtek.

Kíváncsian Anna közelebb ment.

Egy kő mögött Anna felfedezte egy színes térképet.

Kék volt az ég.

Hirtelen szél támadt.

Hirtelen lehullt egy hullócsillag.

Csak a postás volt.

Mindenki nevetett és hazament.

Megosztani öröm."
1000,Milo legszebb napja,"Egy este Milo a játszótéren furcsa hangot hallott.

A nap melegen sütött.

Bátran Milo követte a hangot.

Egy kerítés mögött Milo felfedezte egy régi érmét.

A madarak vidáman énekeltek.

Hirtelen hangosan zörögött valami.

Hirtelen szél támadt.

Egy ág leesett.

A kaland felejthetetlen maradt.

A nevetés mindig segít."
