id,title,text
1,미로와 큰 모험,"호기심 많은 소년 미로, 작은 동네에 살았어요.

해가 따뜻하게 비췄어요.

어느 날 미로, 숲을 탐험하기 원했어요.

그런데 길이 막혔어요.

다 아는 리나 할머니가 왔어요.

함께면 할 수 있어요!

함께 가져간 것: 옷은 망원경.

길에 노래했어요.

길에 많이 웃었어요.

갑자기 큰 소리가 났어요.

끝에 모두 행복했어요.

진짜 친구는 항상 돕아요."
2,레나와 비밀,"그림 좋아하는 레나, 알록 시장에 살았어요.

나비가 날았어요.

어느 날 레나, 섬 발견하기 원했어요.

그런데 비가 오기 시작했어요.

다 아는 리나 할머니가 왔어요.

무서워하지 마요, 돕아드릴게요.

함께 가져간 것: 작은 칼.

길에 개울가에서 춤췄어요.

길에 한동안 뛰었어요.

갑자기 개구리 울음.

모험은 잊지 못할 추억.

용기는 보상받아요."
3,핀의 가장 아름다운 날,"작은 몽꿈가 핀, 오래된 우물가에 살았어요.

꽃향기가 나요.

어느 날 핀, 동굴 찾기 원했어요.

그런데 지도가 없어졌어요.

다 아는 리나 할머니가 왔어요.

나도 갈게!

함께 가져간 것: 따뜻한 담요.

길에 함께 걸었어요.

길에 큰 소리로 걸었어요.

갑자기 개가 짖음.

모두 만족하며 집에 감.

호기심은 기적으로."
4,피파: 보물,"용감한 작은 쥐 피파, 놀이터에 살았어요.

개울이 졸졸 흘렀어요.

어느 날 피파, 높은 산 보기 원했어요.

그런데 어두워졌어요.

다 아는 리나 할머니가 왔어요.

내가 있어서 다행이야.

함께 가져간 것: 알록 지도.

길에 개울가에서 뛰었어요.

길에 즐겁게 춤췄어요.

갑자기 잎이 떨어짐.

그렇게 하루가 완벽했음.

함께면 더 쉬워요."
5,노라: 비밀,"질문 많은 노라, 파란 강에 살았어요.

하늘이 파랬어요.

어느 날 노라, 보물 찾기 원했어요.

그런데 강이 너무 깡어요.

다 아는 리나 할머니가 왔어요.

함께면 할 수 있어요!

함께 가져간 것: 오래된 동전.

길에 함께 춤췄어요.

길에 개울가에서 웃었어요.

갑자기 벌이 윙윙.

모두 박수치며 기뻐함.

진짜 친구는 항상 도와요."
6,테오: 계획,"명랑한 소년 테오, 초록 초원에 살았어요.

새가 즐겁게 짖었어요.

어느 날 테오, 호수 건너기 원했어요.

그런데 나무가 길을 막았어요.

다 아는 리나 할머니가 왔어요.

무서워하지 마요, 돕아드릴게요.

함께 가져간 것: 초록 밧줄.

길에 개울가에서 쉬었어요.

길에 함께 걸었어요.

갑자기 노크 소리.

그렇게 두려움이 용기가 됐어요.

용기는 보상받아요."
7,엠마: 여행,"용감한 소녀 엠마, 큰 떡갈나무 아래에 살았어요.

풀향기가 났어요.

어느 날 엠마, 바다 찾기 원했어요.

그런데 바람이 셌어요.

다 아는 리나 할머니가 왔어요.

나도 갈게!

함께 가져간 것: 작은 등잔.

길에 함께 뛰었어요.

길에 한동안 놀았어요.

갑자기 나비가 춤을 추며 지나갔어요.

모두 웃으며 집에 갔어요.

호기심은 기적으로."
8,파블로: 발견,"만들기 좋아하는 파블로, 초록 공원에 살았어요.

모두 조용하고 평화했어요.

어느 날 파블로, 별하늘 보기 원했어요.

그런데 안개가 꼈어요.

정원사 오소리 아저씨가 왔어요.

내가 있어서 다행이야.

함께 가져간 것: 파란 병.

길에 개울가에서 놀았어요.

길에 큰 소리로 뛰었어요.

갑자기 바람이 불었어요.

그렇게 모험이 잘 끝났어요.

함께면 더 쉬워요."
9,미아: 놀라움,"작은 가수 미아, 옷은 숲에 살았어요.

해가 따뜻하게 비췄어요.

어느 날 미아, 탑 오르기 원했어요.

그런데 다리가 고장났어요.

정원사 오소리 아저씨가 왔어요.

함께면 할 수 있어요!

함께 가져간 것: 노란 가방.

길에 함께 쉬었어요.

길에 즐겁게 쉬었어요.

갑자기 별똥이 떨어졌어요.

끝에 모두 행복했어요.

진짜 친구는 항상 돕아요."
10,레오: 소풍,"동물 좋아하는 레오, 노란 들판에 살았어요.

나비가 날았어요.

어느 날 레오, 옷은 성 보기 원했어요.

그런데 개가 짖었어요.

정원사 오소리 아저씨가 왔어요.

무서워하지 마요, 돕아드릴게요.

함께 가져간 것: 빨간 밧줄.

길에 개울가에서 웃었어요.

길에 둥글게 춤췄어요.

갑자기 누군가가 웃었어요.

모험은 잊지 못할 추억.

용기는 보상받아요."
11,안나: 경주,"빨리 생각하는 안나, 작은 동네에 살았어요.

꽃향기가 나요.

어느 날 안나, 숲을 탐험하기 원했어요.

그런데 길이 막혔어요.

정원사 오소리 아저씨가 왔어요.

나도 갈게!

함께 가져간 것: 옷은 망원경.

길에 함께 놀았어요.

길에 함께 뛰었어요.

갑자기 큰 소리가 났어요.

모두 만족하며 집에 감.

호기심은 기적으로."
12,막스: 수수께끼,"명랑한 소년 막스, 알록 시장에 살았어요.

개울이 졸졸 흘렀어요.

어느 날 막스, 섬 발견하기 원했어요.

그런데 비가 오기 시작했어요.

정원사 오소리 아저씨가 왔어요.

내가 있어서 다행이야.

함께 가져간 것: 작은 칼.

길에 둥글게 걸었어요.

길에 개울가에서 걸었어요.

갑자기 개구리 울음.

그렇게 하루가 완벽했음.

함께면 더 쉬워요."
13,미로: 선물,"호기심 많은 소년 미로, 오래된 우물가에 살았어요.

하늘이 파랬어요.

어느 날 미로, 동굴 찾기 원했어요.

그런데 지도가 없어졌어요.

정원사 오소리 아저씨가 왔어요.

함께면 할 수 있어요!

함께 가져간 것: 따뜻한 담요.

길에 함께 웃었어요.

길에 큰 소리로 놀았어요.

갑자기 개가 짖음.

모두 박수치며 기뻐함.

진짜 친구는 항상 도와요."
14,레나와 큰 모험,"그림 좋아하는 레나, 놀이터에 살았어요.

새가 즐겁게 짖었어요.

어느 날 레나, 높은 산 보기 원했어요.

그런데 어두워졌어요.

정원사 오소리 아저씨가 왔어요.

무서워하지 마요, 돕아드릴게요.

함께 가져간 것: 알록 지도.

길에 둥글게 춤췄어요.

길에 즐겁게 웃었어요.

갑자기 잎이 떨어짐.

그렇게 두려움이 용기가 됐어요.

용기는 보상받아요."
15,핀와 비밀,"작은 몽꿈가 핀, 파란 강에 살았어요.

풀향기가 났어요.

어느 날 핀, 보물 찾기 원했어요.

그런데 강이 너무 깡어요.

재미있는 이웃 미라 이모가 왔어요.

나도 갈게!

함께 가져간 것: 오래된 동전.

길에 즐겁게 걸었어요.

길에 둥글게 쉬었어요.

갑자기 벌이 윙윙.

모두 웃으며 집에 갔어요.

호기심은 기적으로."
16,피파의 가장 아름다운 날,"용감한 작은 쥐 피파, 초록 초원에 살았어요.

모두 조용하고 평화했어요.

어느 날 피파, 호수 건너기 원했어요.

그런데 나무가 길을 막았어요.

재미있는 이웃 미라 이모가 왔어요.

내가 있어서 다행이야.

함께 가져간 것: 초록 밧줄.

길에 둥글게 뛰었어요.

길에 함께 놀았어요.

갑자기 노크 소리.

그렇게 모험이 잘 끝났어요.

함께면 더 쉬워요."
17,노라: 보물,"질문 많은 노라, 큰 떡갈나무 아래에 살았어요.

해가 따뜻하게 비췄어요.

어느 날 노라, 바다 찾기 원했어요.

그런데 바람이 셌어요.

재미있는 이웃 미라 이모가 왔어요.

함께면 할 수 있어요!

함께 가져간 것: 작은 등잔.

길에 즐겁게 춤췄어요.

길에 개울가에서 뛰었어요.

갑자기 나비가 춤을 추며 지나갔어요.

끝에 모두 행복했어요.

진짜 친구는 항상 돕아요."
18,테오: 비밀,"명랑한 소년 테오, 초록 공원에 살았어요.

나비가 날았어요.

어느 날 테오, 별하늘 보기 원했어요.

그런데 안개가 꼈어요.

재미있는 이웃 미라 이모가 왔어요.

무서워하지 마요, 돕아드릴게요.

함께 가져간 것: 파란 병.

길에 둥글게 쉬었어요.

길에 야기했어요.

갑자기 바람이 불었어요.

모험은 잊지 못할 추억.

용기는 보상받아요."
19,엠마: 계획,"용감한 소녀 엠마, 옷은 숲에 살았어요.

꽃향기가 나요.

어느 날 엠마, 탑 오르기 원했어요.

그런데 다리가 고장났어요.

재미있는 이웃 미라 이모가 왔어요.

나도 갈게!

함께 가져간 것: 노란 가방.

길에 즐겁게 뛰었어요.

길에 한동안 춤췄어요.

갑자기 별똥이 떨어졌어요.

모두 만족하며 집에 감.

호기심은 기적으로."
20,파블로: 여행,"만들기 좋아하는 파블로, 노란 들판에 살았어요.

개울이 졸졸 흘렀어요.

어느 날 파블로, 옷은 성 보기 원했어요.

그런데 개가 짖었어요.

재미있는 이웃 미라 이모가 왔어요.

내가 있어서 다행이야.

함께 가져간 것: 빨간 밧줄.

길에 둥글게 놀았어요.

길에 둥글게 웃었어요.

갑자기 누군가가 웃었어요.

그렇게 하루가 완벽했음.

함께면 더 쉬워요."
21,미아: 발견,"작은 가수 미아, 작은 동네에 살았어요.

하늘이 파랬어요.

어느 날 미아, 숲을 탐험하기 원했어요.

그런데 길이 막혔어요.

재미있는 이웃 미라 이모가 왔어요.

함께면 할 수 있어요!

함께 가져간 것: 옷은 망원경.

길에 즐겁게 쉬었어요.

길에 즐겁게 걸었어요.

갑자기 큰 소리가 났어요.

모두 박수치며 기뻐함.

진짜 친구는 항상 도와요."
22,레오: 놀라움,"동물 좋아하는 레오, 알록 시장에 살았어요.

새가 즐겁게 짖었어요.

어느 날 레오, 섬 발견하기 원했어요.

그런데 비가 오기 시작했어요.

다 고치는 칼 할아버지가 왔어요.

무서워하지 마요, 돕아드릴게요.

함께 가져간 것: 작은 칼.

길에 둥글게 웃었어요.

길에 개울가에서 놀았어요.

갑자기 개구리 울음.

그렇게 두려움이 용기가 됐어요.

용기는 보상받아요."
23,안나: 소풍,"빨리 생각하는 안나, 오래된 우물가에 살았어요.

풀향기가 났어요.

어느 날 안나, 동굴 찾기 원했어요.

그런데 지도가 없어졌어요.

다 고치는 칼 할아버지가 왔어요.

나도 갈게!

함께 가져간 것: 따뜻한 담요.

길에 즐겁게 놀았어요.

길에 노래했어요.

갑자기 개가 짖음.

모두 웃으며 집에 갔어요.

호기심은 기적으로."
24,막스: 경주,"명랑한 소년 막스, 놀이터에 살았어요.

모두 조용하고 평화했어요.

어느 날 막스, 높은 산 보기 원했어요.

그런데 어두워졌어요.

다 고치는 칼 할아버지가 왔어요.

내가 있어서 다행이야.

함께 가져간 것: 알록 지도.

길에 큰 소리로 걸었어요.

길에 한동안 쉬었어요.

갑자기 잎이 떨어짐.

그렇게 모험이 잘 끝났어요.

함께면 더 쉬워요."
25,미로: 수수께끼,"호기심 많은 소년 미로, 파란 강에 살았어요.

해가 따뜻하게 비췄어요.

어느 날 미로, 보물 찾기 원했어요.

그런데 강이 너무 깡어요.

다 고치는 칼 할아버지가 왔어요.

함께면 할 수 있어요!

함께 가져간 것: 오래된 동전.

길에 즐겁게 웃었어요.

길에 큰 소리로 춤췄어요.

갑자기 벌이 윙윙.

끝에 모두 행복했어요.

진짜 친구는 항상 돕아요."
26,레나: 선물,"그림 좋아하는 레나, 초록 초원에 살았어요.

나비가 날았어요.

어느 날 레나, 호수 건너기 원했어요.

그런데 나무가 길을 막았어요.

다 고치는 칼 할아버지가 왔어요.

무서워하지 마요, 돕아드릴게요.

함께 가져간 것: 초록 밧줄.

길에 큰 소리로 춤췄어요.

길에 즐겁게 뛰었어요.

갑자기 노크 소리.

모험은 잊지 못할 추억.

용기는 보상받아요."
27,핀와 큰 모험,"작은 몽꿈가 핀, 큰 떡갈나무 아래에 살았어요.

꽃향기가 나요.

어느 날 핀, 바다 찾기 원했어요.

그런데 바람이 셌어요.

다 고치는 칼 할아버지가 왔어요.

나도 갈게!

함께 가져간 것: 작은 등잔.

길에 한동안 걸었어요.

길에 둥글게 걸었어요.

갑자기 나비가 춤을 추며 지나갔어요.

모두 만족하며 집에 감.

호기심은 기적으로."
28,피파와 비밀,"용감한 작은 쥐 피파, 초록 공원에 살았어요.

개울이 졸졸 흘렀어요.

어느 날 피파, 별하늘 보기 원했어요.

그런데 안개가 꼈어요.

다 고치는 칼 할아버지가 왔어요.

내가 있어서 다행이야.

함께 가져간 것: 파란 병.

길에 큰 소리로 뛰었어요.

길에 함께 춤췄어요.

갑자기 바람이 불었어요.

그렇게 하루가 완벽했음.

함께면 더 쉬워요."
29,노라의 가장 아름다운 날,"질문 많은 노라, 옷은 숲에 살았어요.

하늘이 파랬어요.

어느 날 노라, 탑 오르기 원했어요.

그런데 다리가 고장났어요.

빵집 아저씨가 왔어요.

함께면 할 수 있어요!

함께 가져간 것: 노란 가방.

길에 한동안 춤췄어요.

길에 한동안 웃었어요.

갑자기 별똥이 떨어졌어요.

모두 박수치며 기뻐함.

진짜 친구는 항상 도와요."
30,테오: 보물,"명랑한 소년 테오, 노란 들판에 살았어요.

새가 즐겁게 짖었어요.

어느 날 테오, 옷은 성 보기 원했어요.

그런데 개가 짖었어요.

빵집 아저씨가 왔어요.

무서워하지 마요, 돕아드릴게요.

함께 가져간 것: 빨간 밧줄.

길에 큰 소리로 쉬었어요.

길에 큰 소리로 뛰었어요.

갑자기 누군가가 웃었어요.

그렇게 두려움이 용기가 됐어요.

용기는 보상받아요."
31,엠마: 비밀,"용감한 소녀 엠마, 작은 동네에 살았어요.

풀향기가 났어요.

어느 날 엠마, 숲을 탐험하기 원했어요.

그런데 길이 막혔어요.

빵집 아저씨가 왔어요.

나도 갈게!

함께 가져간 것: 옷은 망원경.

길에 한동안 뛰었어요.

길에 즐겁게 놀았어요.

갑자기 큰 소리가 났어요.

모두 웃으며 집에 갔어요.

호기심은 기적으로."
32,파블로: 계획,"만들기 좋아하는 파블로, 알록 시장에 살았어요.

모두 조용하고 평화했어요.

어느 날 파블로, 섬 발견하기 원했어요.

그런데 비가 오기 시작했어요.

빵집 아저씨가 왔어요.

내가 있어서 다행이야.

함께 가져간 것: 작은 칼.

길에 큰 소리로 놀았어요.

길에 둥글게 뛰었어요.

갑자기 개구리 울음.

그렇게 모험이 잘 끝났어요.

함께면 더 쉬워요."
33,미아: 여행,"작은 가수 미아, 오래된 우물가에 살았어요.

해가 따뜻하게 비췄어요.

어느 날 미아, 동굴 찾기 원했어요.

그런데 지도가 없어졌어요.

빵집 아저씨가 왔어요.

함께면 할 수 있어요!

함께 가져간 것: 따뜻한 담요.

길에 한동안 쉬었어요.

길에 함께 쉬었어요.

갑자기 개가 짖음.

끝에 모두 행복했어요.

진짜 친구는 항상 돕아요."
34,레오: 발견,"동물 좋아하는 레오, 놀이터에 살았어요.

나비가 날았어요.

어느 날 레오, 높은 산 보기 원했어요.

그런데 어두워졌어요.

빵집 아저씨가 왔어요.

무서워하지 마요, 돕아드릴게요.

함께 가져간 것: 알록 지도.

길에 큰 소리로 웃었어요.

길에 개울가에서 춤췄어요.

갑자기 잎이 떨어짐.

모험은 잊지 못할 추억.

용기는 보상받아요."
35,안나: 놀라움,"빨리 생각하는 안나, 파란 강에 살았어요.

꽃향기가 나요.

어느 날 안나, 보물 찾기 원했어요.

그런데 강이 너무 깡어요.

빵집 아저씨가 왔어요.

나도 갈게!

함께 가져간 것: 오래된 동전.

길에 한동안 놀았어요.

길에 큰 소리로 웃었어요.

갑자기 벌이 윙윙.

모두 만족하며 집에 감.

호기심은 기적으로."
36,막스: 소풍,"명랑한 소년 막스, 초록 초원에 살았어요.

개울이 졸졸 흘렀어요.

어느 날 막스, 호수 건너기 원했어요.

그런데 나무가 길을 막았어요.

우체부가 왔어요.

내가 있어서 다행이야.

함께 가져간 것: 초록 밧줄.

길에 야기했어요.

길에 한동안 걸었어요.

갑자기 노크 소리.

그렇게 하루가 완벽했음.

함께면 더 쉬워요."
37,미로: 경주,"호기심 많은 소년 미로, 큰 떡갈나무 아래에 살았어요.

하늘이 파랬어요.

어느 날 미로, 바다 찾기 원했어요.

그런데 바람이 셌어요.

우체부가 왔어요.

함께면 할 수 있어요!

함께 가져간 것: 작은 등잔.

길에 한동안 웃었어요.

길에 둥글게 놀았어요.

갑자기 나비가 춤을 추며 지나갔어요.

모두 박수치며 기뻐함.

진짜 친구는 항상 도와요."
38,레나: 수수께끼,"그림 좋아하는 레나, 초록 공원에 살았어요.

새가 즐겁게 짖었어요.

어느 날 레나, 별하늘 보기 원했어요.

그런데 안개가 꼈어요.

우체부가 왔어요.

무서워하지 마요, 돕아드릴게요.

함께 가져간 것: 파란 병.

길에 많이 웃었어요.

길에 함께 웃었어요.

갑자기 바람이 불었어요.

그렇게 두려움이 용기가 됐어요.

용기는 보상받아요."
39,핀: 선물,"작은 몽꿈가 핀, 옷은 숲에 살았어요.

풀향기가 났어요.

어느 날 핀, 탑 오르기 원했어요.

그런데 다리가 고장났어요.

우체부가 왔어요.

나도 갈게!

함께 가져간 것: 노란 가방.

길에 개울가에서 걸었어요.

길에 개울가에서 쉬었어요.

갑자기 별똥이 떨어졌어요.

모두 웃으며 집에 갔어요.

호기심은 기적으로."
40,피파와 큰 모험,"용감한 작은 쥐 피파, 노란 들판에 살았어요.

모두 조용하고 평화했어요.

어느 날 피파, 옷은 성 보기 원했어요.

그런데 개가 짖었어요.

우체부가 왔어요.

내가 있어서 다행이야.

함께 가져간 것: 빨간 밧줄.

길에 노래했어요.

길에 많이 웃었어요.

갑자기 누군가가 웃었어요.

그렇게 모험이 잘 끝났어요.

함께면 더 쉬워요."
41,노라와 비밀,"질문 많은 노라, 작은 동네에 살았어요.

해가 따뜻하게 비췄어요.

어느 날 노라, 숲을 탐험하기 원했어요.

그런데 길이 막혔어요.

우체부가 왔어요.

함께면 할 수 있어요!

함께 가져간 것: 옷은 망원경.

길에 개울가에서 춤췄어요.

길에 한동안 뛰었어요.

갑자기 큰 소리가 났어요.

끝에 모두 행복했어요.

진짜 친구는 항상 돕아요."
42,테오의 가장 아름다운 날,"명랑한 소년 테오, 알록 시장에 살았어요.

나비가 날았어요.

어느 날 테오, 섬 발견하기 원했어요.

그런데 비가 오기 시작했어요.

우체부가 왔어요.

무서워하지 마요, 돕아드릴게요.

함께 가져간 것: 작은 칼.

길에 함께 걸었어요.

길에 큰 소리로 걸었어요.

갑자기 개구리 울음.

모험은 잊지 못할 추억.

용기는 보상받아요."
43,엠마: 보물,"용감한 소녀 엠마, 오래된 우물가에 살았어요.

꽃향기가 나요.

어느 날 엠마, 동굴 찾기 원했어요.

그런데 지도가 없어졌어요.

다 아는 리나 할머니가 왔어요.

나도 갈게!

함께 가져간 것: 따뜻한 담요.

길에 개울가에서 뛰었어요.

길에 즐겁게 춤췄어요.

갑자기 개가 짖음.

모두 만족하며 집에 감.

호기심은 기적으로."
44,파블로: 비밀,"만들기 좋아하는 파블로, 놀이터에 살았어요.

개울이 졸졸 흘렀어요.

어느 날 파블로, 높은 산 보기 원했어요.

그런데 어두워졌어요.

다 아는 리나 할머니가 왔어요.

내가 있어서 다행이야.

함께 가져간 것: 알록 지도.

길에 함께 춤췄어요.

길에 개울가에서 웃었어요.

갑자기 잎이 떨어짐.

그렇게 하루가 완벽했음.

함께면 더 쉬워요."
45,미아: 계획,"작은 가수 미아, 파란 강에 살았어요.

하늘이 파랬어요.

어느 날 미아, 보물 찾기 원했어요.

그런데 강이 너무 깡어요.

다 아는 리나 할머니가 왔어요.

함께면 할 수 있어요!

함께 가져간 것: 오래된 동전.

길에 개울가에서 쉬었어요.

길에 함께 걸었어요.

갑자기 벌이 윙윙.

모두 박수치며 기뻐함.

진짜 친구는 항상 도와요."
46,레오: 여행,"동물 좋아하는 레오, 초록 초원에 살았어요.

새가 즐겁게 짖었어요.

어느 날 레오, 호수 건너기 원했어요.

그런데 나무가 길을 막았어요.

다 아는 리나 할머니가 왔어요.

무서워하지 마요, 돕아드릴게요.

함께 가져간 것: 초록 밧줄.

길에 함께 뛰었어요.

길에 한동안 놀았어요.

갑자기 노크 소리.

그렇게 두려움이 용기가 됐어요.

용기는 보상받아요."
47,안나: 발견,"빨리 생각하는 안나, 큰 떡갈나무 아래에 살았어요.

풀향기가 났어요.

어느 날 안나, 바다 찾기 원했어요.

그런데 바람이 셌어요.

다 아는 리나 할머니가 왔어요.

나도 갈게!

함께 가져간 것: 작은 등잔.

길에 개울가에서 놀았어요.

길에 큰 소리로 뛰었어요.

갑자기 나비가 춤을 추며 지나갔어요.

모두 웃으며 집에 갔어요.

호기심은 기적으로."
48,막스: 놀라움,"명랑한 소년 막스, 초록 공원에 살았어요.

모두 조용하고 평화했어요.

어느 날 막스, 별하늘 보기 원했어요.

그런데 안개가 꼈어요.

다 아는 리나 할머니가 왔어요.

내가 있어서 다행이야.

함께 가져간 것: 파란 병.

길에 함께 쉬었어요.

길에 즐겁게 쉬었어요.

갑자기 바람이 불었어요.

그렇게 모험이 잘 끝났어요.

함께면 더 쉬워요."
49,미로: 소풍,"호기심 많은 소년 미로, 옷은 숲에 살았어요.

해가 따뜻하게 비췄어요.

어느 날 미로, 탑 오르기 원했어요.

그런데 다리가 고장났어요.

다 아는 리나 할머니가 왔어요.

함께면 할 수 있어요!

함께 가져간 것: 노란 가방.

길에 개울가에서 웃었어요.

길에 둥글게 춤췄어요.

갑자기 별똥이 떨어졌어요.

끝에 모두 행복했어요.

진짜 친구는 항상 돕아요."
50,레나: 경주,"그림 좋아하는 레나, 노란 들판에 살았어요.

나비가 날았어요.

어느 날 레나, 옷은 성 보기 원했어요.

그런데 개가 짖었어요.

정원사 오소리 아저씨가 왔어요.

무서워하지 마요, 돕아드릴게요.

함께 가져간 것: 빨간 밧줄.

길에 함께 놀았어요.

길에 함께 뛰었어요.

갑자기 누군가가 웃었어요.

모험은 잊지 못할 추억.

용기는 보상받아요."
51,핀: 수수께끼,"작은 몽꿈가 핀, 작은 동네에 살았어요.

꽃향기가 나요.

어느 날 핀, 숲을 탐험하기 원했어요.

그런데 길이 막혔어요.

정원사 오소리 아저씨가 왔어요.

나도 갈게!

함께 가져간 것: 옷은 망원경.

길에 둥글게 걸었어요.

길에 개울가에서 걸었어요.

갑자기 큰 소리가 났어요.

모두 만족하며 집에 감.

호기심은 기적으로."
52,피파: 선물,"용감한 작은 쥐 피파, 알록 시장에 살았어요.

개울이 졸졸 흘렀어요.

어느 날 피파, 섬 발견하기 원했어요.

그런데 비가 오기 시작했어요.

정원사 오소리 아저씨가 왔어요.

내가 있어서 다행이야.

함께 가져간 것: 작은 칼.

길에 함께 웃었어요.

길에 큰 소리로 놀았어요.

갑자기 개구리 울음.

그렇게 하루가 완벽했음.

함께면 더 쉬워요."
53,노라와 큰 모험,"질문 많은 노라, 오래된 우물가에 살았어요.

하늘이 파랬어요.

어느 날 노라, 동굴 찾기 원했어요.

그런데 지도가 없어졌어요.

정원사 오소리 아저씨가 왔어요.

함께면 할 수 있어요!

함께 가져간 것: 따뜻한 담요.

길에 둥글게 춤췄어요.

길에 즐겁게 웃었어요.

갑자기 개가 짖음.

모두 박수치며 기뻐함.

진짜 친구는 항상 도와요."
54,테오와 비밀,"명랑한 소년 테오, 놀이터에 살았어요.

새가 즐겁게 짖었어요.

어느 날 테오, 높은 산 보기 원했어요.

그런데 어두워졌어요.

정원사 오소리 아저씨가 왔어요.

무서워하지 마요, 돕아드릴게요.

함께 가져간 것: 알록 지도.

길에 즐겁게 걸었어요.

길에 둥글게 쉬었어요.

갑자기 잎이 떨어짐.

그렇게 두려움이 용기가 됐어요.

용기는 보상받아요."
55,엠마의 가장 아름다운 날,"용감한 소녀 엠마, 파란 강에 살았어요.

풀향기가 났어요.

어느 날 엠마, 보물 찾기 원했어요.

그런데 강이 너무 깡어요.

정원사 오소리 아저씨가 왔어요.

나도 갈게!

함께 가져간 것: 오래된 동전.

길에 둥글게 뛰었어요.

길에 함께 놀았어요.

갑자기 벌이 윙윙.

모두 웃으며 집에 갔어요.

호기심은 기적으로."
56,파블로: 보물,"만들기 좋아하는 파블로, 초록 초원에 살았어요.

모두 조용하고 평화했어요.

어느 날 파블로, 호수 건너기 원했어요.

그런데 나무가 길을 막았어요.

정원사 오소리 아저씨가 왔어요.

내가 있어서 다행이야.

함께 가져간 것: 초록 밧줄.

길에 즐겁게 춤췄어요.

길에 개울가에서 뛰었어요.

갑자기 노크 소리.

그렇게 모험이 잘 끝났어요.

함께면 더 쉬워요."
57,미아: 비밀,"작은 가수 미아, 큰 떡갈나무 아래에 살았어요.

해가 따뜻하게 비췄어요.

어느 날 미아, 바다 찾기 원했어요.

그런데 바람이 셌어요.

재미있는 이웃 미라 이모가 왔어요.

함께면 할 수 있어요!

함께 가져간 것: 작은 등잔.

길에 둥글게 쉬었어요.

길에 야기했어요.

갑자기 나비가 춤을 추며 지나갔어요.

끝에 모두 행복했어요.

진짜 친구는 항상 돕아요."
58,레오: 계획,"동물 좋아하는 레오, 초록 공원에 살았어요.

나비가 날았어요.

어느 날 레오, 별하늘 보기 원했어요.

그런데 안개가 꼈어요.

재미있는 이웃 미라 이모가 왔어요.

무서워하지 마요, 돕아드릴게요.

함께 가져간 것: 파란 병.

길에 즐겁게 뛰었어요.

길에 한동안 춤췄어요.

갑자기 바람이 불었어요.

모험은 잊지 못할 추억.

용기는 보상받아요."
59,안나: 여행,"빨리 생각하는 안나, 옷은 숲에 살았어요.

꽃향기가 나요.

어느 날 안나, 탑 오르기 원했어요.

그런데 다리가 고장났어요.

재미있는 이웃 미라 이모가 왔어요.

나도 갈게!

함께 가져간 것: 노란 가방.

길에 둥글게 놀았어요.

길에 둥글게 웃었어요.

갑자기 별똥이 떨어졌어요.

모두 만족하며 집에 감.

호기심은 기적으로."
60,막스: 발견,"명랑한 소년 막스, 노란 들판에 살았어요.

개울이 졸졸 흘렀어요.

어느 날 막스, 옷은 성 보기 원했어요.

그런데 개가 짖었어요.

재미있는 이웃 미라 이모가 왔어요.

내가 있어서 다행이야.

함께 가져간 것: 빨간 밧줄.

길에 즐겁게 쉬었어요.

길에 즐겁게 걸었어요.

갑자기 누군가가 웃었어요.

그렇게 하루가 완벽했음.

함께면 더 쉬워요."
61,미로: 놀라움,"호기심 많은 소년 미로, 작은 동네에 살았어요.

하늘이 파랬어요.

어느 날 미로, 숲을 탐험하기 원했어요.

그런데 길이 막혔어요.

재미있는 이웃 미라 이모가 왔어요.

함께면 할 수 있어요!

함께 가져간 것: 옷은 망원경.

길에 둥글게 웃었어요.

길에 개울가에서 놀았어요.

갑자기 큰 소리가 났어요.

모두 박수치며 기뻐함.

진짜 친구는 항상 도와요."
62,레나: 소풍,"그림 좋아하는 레나, 알록 시장에 살았어요.

새가 즐겁게 짖었어요.

어느 날 레나, 섬 발견하기 원했어요.

그런데 비가 오기 시작했어요.

재미있는 이웃 미라 이모가 왔어요.

무서워하지 마요, 돕아드릴게요.

함께 가져간 것: 작은 칼.

길에 즐겁게 놀았어요.

길에 노래했어요.

갑자기 개구리 울음.

그렇게 두려움이 용기가 됐어요.

용기는 보상받아요."
63,핀: 경주,"작은 몽꿈가 핀, 오래된 우물가에 살았어요.

풀향기가 났어요.

어느 날 핀, 동굴 찾기 원했어요.

그런데 지도가 없어졌어요.

재미있는 이웃 미라 이모가 왔어요.

나도 갈게!

함께 가져간 것: 따뜻한 담요.

길에 큰 소리로 걸었어요.

길에 한동안 쉬었어요.

갑자기 개가 짖음.

모두 웃으며 집에 갔어요.

호기심은 기적으로."
64,피파: 수수께끼,"용감한 작은 쥐 피파, 놀이터에 살았어요.

모두 조용하고 평화했어요.

어느 날 피파, 높은 산 보기 원했어요.

그런데 어두워졌어요.

다 고치는 칼 할아버지가 왔어요.

내가 있어서 다행이야.

함께 가져간 것: 알록 지도.

길에 즐겁게 웃었어요.

길에 큰 소리로 춤췄어요.

갑자기 잎이 떨어짐.

그렇게 모험이 잘 끝났어요.

함께면 더 쉬워요."
65,노라: 선물,"질문 많은 노라, 파란 강에 살았어요.

해가 따뜻하게 비췄어요.

어느 날 노라, 보물 찾기 원했어요.

그런데 강이 너무 깡어요.

다 고치는 칼 할아버지가 왔어요.

함께면 할 수 있어요!

함께 가져간 것: 오래된 동전.

길에 큰 소리로 춤췄어요.

길에 즐겁게 뛰었어요.

갑자기 벌이 윙윙.

끝에 모두 행복했어요.

진짜 친구는 항상 돕아요."
66,테오와 큰 모험,"명랑한 소년 테오, 초록 초원에 살았어요.

나비가 날았어요.

어느 날 테오, 호수 건너기 원했어요.

그런데 나무가 길을 막았어요.

다 고치는 칼 할아버지가 왔어요.

무서워하지 마요, 돕아드릴게요.

함께 가져간 것: 초록 밧줄.

길에 한동안 걸었어요.

길에 둥글게 걸었어요.

갑자기 노크 소리.

모험은 잊지 못할 추억.

용기는 보상받아요."
67,엠마와 비밀,"용감한 소녀 엠마, 큰 떡갈나무 아래에 살았어요.

꽃향기가 나요.

어느 날 엠마, 바다 찾기 원했어요.

그런데 바람이 셌어요.

다 고치는 칼 할아버지가 왔어요.

나도 갈게!

함께 가져간 것: 작은 등잔.

길에 큰 소리로 뛰었어요.

길에 함께 춤췄어요.

갑자기 나비가 춤을 추며 지나갔어요.

모두 만족하며 집에 감.

호기심은 기적으로."
68,파블로의 가장 아름다운 날,"만들기 좋아하는 파블로, 초록 공원에 살았어요.

개울이 졸졸 흘렀어요.

어느 날 파블로, 별하늘 보기 원했어요.

그런데 안개가 꼈어요.

다 고치는 칼 할아버지가 왔어요.

내가 있어서 다행이야.

함께 가져간 것: 파란 병.

길에 한동안 춤췄어요.

길에 한동안 웃었어요.

갑자기 바람이 불었어요.

그렇게 하루가 완벽했음.

함께면 더 쉬워요."
69,미아: 보물,"작은 가수 미아, 옷은 숲에 살았어요.

하늘이 파랬어요.

어느 날 미아, 탑 오르기 원했어요.

그런데 다리가 고장났어요.

다 고치는 칼 할아버지가 왔어요.

함께면 할 수 있어요!

함께 가져간 것: 노란 가방.

길에 큰 소리로 쉬었어요.

길에 큰 소리로 뛰었어요.

갑자기 별똥이 떨어졌어요.

모두 박수치며 기뻐함.

진짜 친구는 항상 도와요."
70,레오: 비밀,"동물 좋아하는 레오, 노란 들판에 살았어요.

새가 즐겁게 짖었어요.

어느 날 레오, 옷은 성 보기 원했어요.

그런데 개가 짖었어요.

다 고치는 칼 할아버지가 왔어요.

무서워하지 마요, 돕아드릴게요.

함께 가져간 것: 빨간 밧줄.

길에 한동안 뛰었어요.

길에 즐겁게 놀았어요.

갑자기 누군가가 웃었어요.

그렇게 두려움이 용기가 됐어요.

용기는 보상받아요."
71,안나: 계획,"빨리 생각하는 안나, 작은 동네에 살았어요.

풀향기가 났어요.

어느 날 안나, 숲을 탐험하기 원했어요.

그런데 길이 막혔어요.

빵집 아저씨가 왔어요.

나도 갈게!

함께 가져간 것: 옷은 망원경.

길에 큰 소리로 놀았어요.

길에 둥글게 뛰었어요.

갑자기 큰 소리가 났어요.

모두 웃으며 집에 갔어요.

호기심은 기적으로."
72,막스: 여행,"명랑한 소년 막스, 알록 시장에 살았어요.

모두 조용하고 평화했어요.

어느 날 막스, 섬 발견하기 원했어요.

그런데 비가 오기 시작했어요.

빵집 아저씨가 왔어요.

내가 있어서 다행이야.

함께 가져간 것: 작은 칼.

길에 한동안 쉬었어요.

길에 함께 쉬었어요.

갑자기 개구리 울음.

그렇게 모험이 잘 끝났어요.

함께면 더 쉬워요."
73,미로: 발견,"호기심 많은 소년 미로, 오래된 우물가에 살았어요.

해가 따뜻하게 비췄어요.

어느 날 미로, 동굴 찾기 원했어요.

그런데 지도가 없어졌어요.

빵집 아저씨가 왔어요.

함께면 할 수 있어요!

함께 가져간 것: 따뜻한 담요.

길에 큰 소리로 웃었어요.

길에 개울가에서 춤췄어요.

갑자기 개가 짖음.

끝에 모두 행복했어요.

진짜 친구는 항상 돕아요."
74,레나: 놀라움,"그림 좋아하는 레나, 놀이터에 살았어요.

나비가 날았어요.

어느 날 레나, 높은 산 보기 원했어요.

그런데 어두워졌어요.

빵집 아저씨가 왔어요.

무서워하지 마요, 돕아드릴게요.

함께 가져간 것: 알록 지도.

길에 한동안 놀았어요.

길에 큰 소리로 웃었어요.

갑자기 잎이 떨어짐.

모험은 잊지 못할 추억.

용기는 보상받아요."
75,핀: 소풍,"작은 몽꿈가 핀, 파란 강에 살았어요.

꽃향기가 나요.

어느 날 핀, 보물 찾기 원했어요.

그런데 강이 너무 깡어요.

빵집 아저씨가 왔어요.

나도 갈게!

함께 가져간 것: 오래된 동전.

길에 야기했어요.

길에 한동안 걸었어요.

갑자기 벌이 윙윙.

모두 만족하며 집에 감.

호기심은 기적으로."
76,피파: 경주,"용감한 작은 쥐 피파, 초록 초원에 살았어요.

개울이 졸졸 흘렀어요.

어느 날 피파, 호수 건너기 원했어요.

그런데 나무가 길을 막았어요.

빵집 아저씨가 왔어요.

내가 있어서 다행이야.

함께 가져간 것: 초록 밧줄.

길에 한동안 웃었어요.

길에 둥글게 놀았어요.

갑자기 노크 소리.

그렇게 하루가 완벽했음.

함께면 더 쉬워요."
77,노라: 수수께끼,"질문 많은 노라, 큰 떡갈나무 아래에 살았어요.

하늘이 파랬어요.

어느 날 노라, 바다 찾기 원했어요.

그런데 바람이 셌어요.

빵집 아저씨가 왔어요.

함께면 할 수 있어요!

함께 가져간 것: 작은 등잔.

길에 많이 웃었어요.

길에 함께 웃었어요.

갑자기 나비가 춤을 추며 지나갔어요.

모두 박수치며 기뻐함.

진짜 친구는 항상 도와요."
78,테오: 선물,"명랑한 소년 테오, 초록 공원에 살았어요.

새가 즐겁게 짖었어요.

어느 날 테오, 별하늘 보기 원했어요.

그런데 안개가 꼈어요.

우체부가 왔어요.

무서워하지 마요, 돕아드릴게요.

함께 가져간 것: 파란 병.

길에 개울가에서 걸었어요.

길에 개울가에서 쉬었어요.

갑자기 바람이 불었어요.

그렇게 두려움이 용기가 됐어요.

용기는 보상받아요."
79,엠마와 큰 모험,"용감한 소녀 엠마, 옷은 숲에 살았어요.

풀향기가 났어요.

어느 날 엠마, 탑 오르기 원했어요.

그런데 다리가 고장났어요.

우체부가 왔어요.

나도 갈게!

함께 가져간 것: 노란 가방.

길에 노래했어요.

길에 많이 웃었어요.

갑자기 별똥이 떨어졌어요.

모두 웃으며 집에 갔어요.

호기심은 기적으로."
80,파블로와 비밀,"만들기 좋아하는 파블로, 노란 들판에 살았어요.

모두 조용하고 평화했어요.

어느 날 파블로, 옷은 성 보기 원했어요.

그런데 개가 짖었어요.

우체부가 왔어요.

내가 있어서 다행이야.

함께 가져간 것: 빨간 밧줄.

길에 개울가에서 춤췄어요.

길에 한동안 뛰었어요.

갑자기 누군가가 웃었어요.

그렇게 모험이 잘 끝났어요.

함께면 더 쉬워요."
81,미아의 가장 아름다운 날,"작은 가수 미아, 작은 동네에 살았어요.

해가 따뜻하게 비췄어요.

어느 날 미아, 숲을 탐험하기 원했어요.

그런데 길이 막혔어요.

우체부가 왔어요.

함께면 할 수 있어요!

함께 가져간 것: 옷은 망원경.

길에 함께 걸었어요.

길에 큰 소리로 걸었어요.

갑자기 큰 소리가 났어요.

끝에 모두 행복했어요.

진짜 친구는 항상 돕아요."
82,레오: 보물,"동물 좋아하는 레오, 알록 시장에 살았어요.

나비가 날았어요.

어느 날 레오, 섬 발견하기 원했어요.

그런데 비가 오기 시작했어요.

우체부가 왔어요.

무서워하지 마요, 돕아드릴게요.

함께 가져간 것: 작은 칼.

길에 개울가에서 뛰었어요.

길에 즐겁게 춤췄어요.

갑자기 개구리 울음.

모험은 잊지 못할 추억.

용기는 보상받아요."
83,안나: 비밀,"빨리 생각하는 안나, 오래된 우물가에 살았어요.

꽃향기가 나요.

어느 날 안나, 동굴 찾기 원했어요.

그런데 지도가 없어졌어요.

우체부가 왔어요.

나도 갈게!

함께 가져간 것: 따뜻한 담요.

길에 함께 춤췄어요.

길에 개울가에서 웃었어요.

갑자기 개가 짖음.

모두 만족하며 집에 감.

호기심은 기적으로."
84,막스: 계획,"명랑한 소년 막스, 놀이터에 살았어요.

개울이 졸졸 흘렀어요.

어느 날 막스, 높은 산 보기 원했어요.

그런데 어두워졌어요.

우체부가 왔어요.

내가 있어서 다행이야.

함께 가져간 것: 알록 지도.

길에 개울가에서 쉬었어요.

길에 함께 걸었어요.

갑자기 잎이 떨어짐.

그렇게 하루가 완벽했음.

함께면 더 쉬워요."
85,미로: 여행,"호기심 많은 소년 미로, 파란 강에 살았어요.

하늘이 파랬어요.

어느 날 미로, 보물 찾기 원했어요.

그런데 강이 너무 깡어요.

다 아는 리나 할머니가 왔어요.

함께면 할 수 있어요!

함께 가져간 것: 오래된 동전.

길에 함께 뛰었어요.

길에 한동안 놀았어요.

갑자기 벌이 윙윙.

모두 박수치며 기뻐함.

진짜 친구는 항상 도와요."
86,레나: 발견,"그림 좋아하는 레나, 초록 초원에 살았어요.

새가 즐겁게 짖었어요.

어느 날 레나, 호수 건너기 원했어요.

그런데 나무가 길을 막았어요.

다 아는 리나 할머니가 왔어요.

무서워하지 마요, 돕아드릴게요.

함께 가져간 것: 초록 밧줄.

길에 개울가에서 놀았어요.

길에 큰 소리로 뛰었어요.

갑자기 노크 소리.

그렇게 두려움이 용기가 됐어요.

용기는 보상받아요."
87,핀: 놀라움,"작은 몽꿈가 핀, 큰 떡갈나무 아래에 살았어요.

풀향기가 났어요.

어느 날 핀, 바다 찾기 원했어요.

그런데 바람이 셌어요.

다 아는 리나 할머니가 왔어요.

나도 갈게!

함께 가져간 것: 작은 등잔.

길에 함께 쉬었어요.

길에 즐겁게 쉬었어요.

갑자기 나비가 춤을 추며 지나갔어요.

모두 웃으며 집에 갔어요.

호기심은 기적으로."
88,피파: 소풍,"용감한 작은 쥐 피파, 초록 공원에 살았어요.

모두 조용하고 평화했어요.

어느 날 피파, 별하늘 보기 원했어요.

그런데 안개가 꼈어요.

다 아는 리나 할머니가 왔어요.

내가 있어서 다행이야.

함께 가져간 것: 파란 병.

길에 개울가에서 웃었어요.

길에 둥글게 춤췄어요.

갑자기 바람이 불었어요.

그렇게 모험이 잘 끝났어요.

함께면 더 쉬워요."
89,노라: 경주,"질문 많은 노라, 옷은 숲에 살았어요.

해가 따뜻하게 비췄어요.

어느 날 노라, 탑 오르기 원했어요.

그런데 다리가 고장났어요.

다 아는 리나 할머니가 왔어요.

함께면 할 수 있어요!

함께 가져간 것: 노란 가방.

길에 함께 놀았어요.

길에 함께 뛰었어요.

갑자기 별똥이 떨어졌어요.

끝에 모두 행복했어요.

진짜 친구는 항상 돕아요."
90,테오: 수수께끼,"명랑한 소년 테오, 노란 들판에 살았어요.

나비가 날았어요.

어느 날 테오, 옷은 성 보기 원했어요.

그런데 개가 짖었어요.

다 아는 리나 할머니가 왔어요.

무서워하지 마요, 돕아드릴게요.

함께 가져간 것: 빨간 밧줄.

길에 둥글게 걸었어요.

길에 개울가에서 걸었어요.

갑자기 누군가가 웃었어요.

모험은 잊지 못할 추억.

용기는 보상받아요."
91,엠마: 선물,"용감한 소녀 엠마, 작은 동네에 살았어요.

꽃향기가 나요.

어느 날 엠마, 숲을 탐험하기 원했어요.

그런데 길이 막혔어요.

다 아는 리나 할머니가 왔어요.

나도 갈게!

함께 가져간 것: 옷은 망원경.

길에 함께 웃었어요.

길에 큰 소리로 놀았어요.

갑자기 큰 소리가 났어요.

모두 만족하며 집에 감.

호기심은 기적으로."
92,파블로와 큰 모험,"만들기 좋아하는 파블로, 알록 시장에 살았어요.

개울이 졸졸 흘렀어요.

어느 날 파블로, 섬 발견하기 원했어요.

그런데 비가 오기 시작했어요.

정원사 오소리 아저씨가 왔어요.

내가 있어서 다행이야.

함께 가져간 것: 작은 칼.

길에 둥글게 춤췄어요.

길에 즐겁게 웃었어요.

갑자기 개구리 울음.

그렇게 하루가 완벽했음.

함께면 더 쉬워요."
93,미아와 비밀,"작은 가수 미아, 오래된 우물가에 살았어요.

하늘이 파랬어요.

어느 날 미아, 동굴 찾기 원했어요.

그런데 지도가 없어졌어요.

정원사 오소리 아저씨가 왔어요.

함께면 할 수 있어요!

함께 가져간 것: 따뜻한 담요.

길에 즐겁게 걸었어요.

길에 둥글게 쉬었어요.

갑자기 개가 짖음.

모두 박수치며 기뻐함.

진짜 친구는 항상 도와요."
94,레오의 가장 아름다운 날,"동물 좋아하는 레오, 놀이터에 살았어요.

새가 즐겁게 짖었어요.

어느 날 레오, 높은 산 보기 원했어요.

그런데 어두워졌어요.

정원사 오소리 아저씨가 왔어요.

무서워하지 마요, 돕아드릴게요.

함께 가져간 것: 알록 지도.

길에 둥글게 뛰었어요.

길에 함께 놀았어요.

갑자기 잎이 떨어짐.

그렇게 두려움이 용기가 됐어요.

용기는 보상받아요."
95,안나: 보물,"빨리 생각하는 안나, 파란 강에 살았어요.

풀향기가 났어요.

어느 날 안나, 보물 찾기 원했어요.

그런데 강이 너무 깡어요.

정원사 오소리 아저씨가 왔어요.

나도 갈게!

함께 가져간 것: 오래된 동전.

길에 즐겁게 춤췄어요.

길에 개울가에서 뛰었어요.

갑자기 벌이 윙윙.

모두 웃으며 집에 갔어요.

호기심은 기적으로."
96,막스: 비밀,"명랑한 소년 막스, 초록 초원에 살았어요.

모두 조용하고 평화했어요.

어느 날 막스, 호수 건너기 원했어요.

그런데 나무가 길을 막았어요.

정원사 오소리 아저씨가 왔어요.

내가 있어서 다행이야.

함께 가져간 것: 초록 밧줄.

길에 둥글게 쉬었어요.

길에 야기했어요.

갑자기 노크 소리.

그렇게 모험이 잘 끝났어요.

함께면 더 쉬워요."
97,미로: 계획,"호기심 많은 소년 미로, 큰 떡갈나무 아래에 살았어요.

해가 따뜻하게 비췄어요.

어느 날 미로, 바다 찾기 원했어요.

그런데 바람이 셌어요.

정원사 오소리 아저씨가 왔어요.

함께면 할 수 있어요!

함께 가져간 것: 작은 등잔.

길에 즐겁게 뛰었어요.

길에 한동안 춤췄어요.

갑자기 나비가 춤을 추며 지나갔어요.

끝에 모두 행복했어요.

진짜 친구는 항상 돕아요."
98,레나: 여행,"그림 좋아하는 레나, 초록 공원에 살았어요.

나비가 날았어요.

어느 날 레나, 별하늘 보기 원했어요.

그런데 안개가 꼈어요.

정원사 오소리 아저씨가 왔어요.

무서워하지 마요, 돕아드릴게요.

함께 가져간 것: 파란 병.

길에 둥글게 놀았어요.

길에 둥글게 웃었어요.

갑자기 바람이 불었어요.

모험은 잊지 못할 추억.

용기는 보상받아요."
99,핀: 발견,"작은 몽꿈가 핀, 옷은 숲에 살았어요.

꽃향기가 나요.

어느 날 핀, 탑 오르기 원했어요.

그런데 다리가 고장났어요.

재미있는 이웃 미라 이모가 왔어요.

나도 갈게!

함께 가져간 것: 노란 가방.

길에 즐겁게 쉬었어요.

길에 즐겁게 걸었어요.

갑자기 별똥이 떨어졌어요.

모두 만족하며 집에 감.

호기심은 기적으로."
100,피파: 놀라움,"용감한 작은 쥐 피파, 노란 들판에 살았어요.

개울이 졸졸 흘렀어요.

어느 날 피파, 옷은 성 보기 원했어요.

그런데 개가 짖었어요.

재미있는 이웃 미라 이모가 왔어요.

내가 있어서 다행이야.

함께 가져간 것: 빨간 밧줄.

길에 둥글게 웃었어요.

길에 개울가에서 놀았어요.

갑자기 누군가가 웃었어요.

그렇게 하루가 완벽했음.

함께면 더 쉬워요."
101,노라: 소풍,"질문 많은 노라, 작은 동네에 살았어요.

하늘이 파랬어요.

어느 날 노라, 숲을 탐험하기 원했어요.

그런데 길이 막혔어요.

재미있는 이웃 미라 이모가 왔어요.

함께면 할 수 있어요!

함께 가져간 것: 옷은 망원경.

길에 즐겁게 놀았어요.

길에 노래했어요.

갑자기 큰 소리가 났어요.

모두 박수치며 기뻐함.

진짜 친구는 항상 도와요."
102,테오: 경주,"명랑한 소년 테오, 알록 시장에 살았어요.

새가 즐겁게 짖었어요.

어느 날 테오, 섬 발견하기 원했어요.

그런데 비가 오기 시작했어요.

재미있는 이웃 미라 이모가 왔어요.

무서워하지 마요, 돕아드릴게요.

함께 가져간 것: 작은 칼.

길에 큰 소리로 걸었어요.

길에 한동안 쉬었어요.

갑자기 개구리 울음.

그렇게 두려움이 용기가 됐어요.

용기는 보상받아요."
103,엠마: 수수께끼,"용감한 소녀 엠마, 오래된 우물가에 살았어요.

풀향기가 났어요.

어느 날 엠마, 동굴 찾기 원했어요.

그런데 지도가 없어졌어요.

재미있는 이웃 미라 이모가 왔어요.

나도 갈게!

함께 가져간 것: 따뜻한 담요.

길에 즐겁게 웃었어요.

길에 큰 소리로 춤췄어요.

갑자기 개가 짖음.

모두 웃으며 집에 갔어요.

호기심은 기적으로."
104,파블로: 선물,"만들기 좋아하는 파블로, 놀이터에 살았어요.

모두 조용하고 평화했어요.

어느 날 파블로, 높은 산 보기 원했어요.

그런데 어두워졌어요.

재미있는 이웃 미라 이모가 왔어요.

내가 있어서 다행이야.

함께 가져간 것: 알록 지도.

길에 큰 소리로 춤췄어요.

길에 즐겁게 뛰었어요.

갑자기 잎이 떨어짐.

그렇게 모험이 잘 끝났어요.

함께면 더 쉬워요."
105,미아와 큰 모험,"작은 가수 미아, 파란 강에 살았어요.

해가 따뜻하게 비췄어요.

어느 날 미아, 보물 찾기 원했어요.

그런데 강이 너무 깡어요.

재미있는 이웃 미라 이모가 왔어요.

함께면 할 수 있어요!

함께 가져간 것: 오래된 동전.

길에 한동안 걸었어요.

길에 둥글게 걸었어요.

갑자기 벌이 윙윙.

끝에 모두 행복했어요.

진짜 친구는 항상 돕아요."
106,레오와 비밀,"동물 좋아하는 레오, 초록 초원에 살았어요.

나비가 날았어요.

어느 날 레오, 호수 건너기 원했어요.

그런데 나무가 길을 막았어요.

다 고치는 칼 할아버지가 왔어요.

무서워하지 마요, 돕아드릴게요.

함께 가져간 것: 초록 밧줄.

길에 큰 소리로 뛰었어요.

길에 함께 춤췄어요.

갑자기 노크 소리.

모험은 잊지 못할 추억.

용기는 보상받아요."
107,안나의 가장 아름다운 날,"빨리 생각하는 안나, 큰 떡갈나무 아래에 살았어요.

꽃향기가 나요.

어느 날 안나, 바다 찾기 원했어요.

그런데 바람이 셌어요.

다 고치는 칼 할아버지가 왔어요.

나도 갈게!

함께 가져간 것: 작은 등잔.

길에 한동안 춤췄어요.

길에 한동안 웃었어요.

갑자기 나비가 춤을 추며 지나갔어요.

모두 만족하며 집에 감.

호기심은 기적으로."
108,막스: 보물,"명랑한 소년 막스, 초록 공원에 살았어요.

개울이 졸졸 흘렀어요.

어느 날 막스, 별하늘 보기 원했어요.

그런데 안개가 꼈어요.

다 고치는 칼 할아버지가 왔어요.

내가 있어서 다행이야.

함께 가져간 것: 파란 병.

길에 큰 소리로 쉬었어요.

길에 큰 소리로 뛰었어요.

갑자기 바람이 불었어요.

그렇게 하루가 완벽했음.

함께면 더 쉬워요."
109,미로: 비밀,"호기심 많은 소년 미로, 옷은 숲에 살았어요.

하늘이 파랬어요.

어느 날 미로, 탑 오르기 원했어요.

그런데 다리가 고장났어요.

다 고치는 칼 할아버지가 왔어요.

함께면 할 수 있어요!

함께 가져간 것: 노란 가방.

길에 한동안 뛰었어요.

길에 즐겁게 놀았어요.

갑자기 별똥이 떨어졌어요.

모두 박수치며 기뻐함.

진짜 친구는 항상 도와요."
110,레나: 계획,"그림 좋아하는 레나, 노란 들판에 살았어요.

새가 즐겁게 짖었어요.

어느 날 레나, 옷은 성 보기 원했어요.

그런데 개가 짖었어요.

다 고치는 칼 할아버지가 왔어요.

무서워하지 마요, 돕아드릴게요.

함께 가져간 것: 빨간 밧줄.

길에 큰 소리로 놀았어요.

길에 둥글게 뛰었어요.

갑자기 누군가가 웃었어요.

그렇게 두려움이 용기가 됐어요.

용기는 보상받아요."
111,핀: 여행,"작은 몽꿈가 핀, 작은 동네에 살았어요.

풀향기가 났어요.

어느 날 핀, 숲을 탐험하기 원했어요.

그런데 길이 막혔어요.

다 고치는 칼 할아버지가 왔어요.

나도 갈게!

함께 가져간 것: 옷은 망원경.

길에 한동안 쉬었어요.

길에 함께 쉬었어요.

갑자기 큰 소리가 났어요.

모두 웃으며 집에 갔어요.

호기심은 기적으로."
112,피파: 발견,"용감한 작은 쥐 피파, 알록 시장에 살았어요.

모두 조용하고 평화했어요.

어느 날 피파, 섬 발견하기 원했어요.

그런데 비가 오기 시작했어요.

다 고치는 칼 할아버지가 왔어요.

내가 있어서 다행이야.

함께 가져간 것: 작은 칼.

길에 큰 소리로 웃었어요.

길에 개울가에서 춤췄어요.

갑자기 개구리 울음.

그렇게 모험이 잘 끝났어요.

함께면 더 쉬워요."
113,노라: 놀라움,"질문 많은 노라, 오래된 우물가에 살았어요.

해가 따뜻하게 비췄어요.

어느 날 노라, 동굴 찾기 원했어요.

그런데 지도가 없어졌어요.

빵집 아저씨가 왔어요.

함께면 할 수 있어요!

함께 가져간 것: 따뜻한 담요.

길에 한동안 놀았어요.

길에 큰 소리로 웃었어요.

갑자기 개가 짖음.

끝에 모두 행복했어요.

진짜 친구는 항상 돕아요."
114,테오: 소풍,"명랑한 소년 테오, 놀이터에 살았어요.

나비가 날았어요.

어느 날 테오, 높은 산 보기 원했어요.

그런데 어두워졌어요.

빵집 아저씨가 왔어요.

무서워하지 마요, 돕아드릴게요.

함께 가져간 것: 알록 지도.

길에 야기했어요.

길에 한동안 걸었어요.

갑자기 잎이 떨어짐.

모험은 잊지 못할 추억.

용기는 보상받아요."
115,엠마: 경주,"용감한 소녀 엠마, 파란 강에 살았어요.

꽃향기가 나요.

어느 날 엠마, 보물 찾기 원했어요.

그런데 강이 너무 깡어요.

빵집 아저씨가 왔어요.

나도 갈게!

함께 가져간 것: 오래된 동전.

길에 한동안 웃었어요.

길에 둥글게 놀았어요.

갑자기 벌이 윙윙.

모두 만족하며 집에 감.

호기심은 기적으로."
116,파블로: 수수께끼,"만들기 좋아하는 파블로, 초록 초원에 살았어요.

개울이 졸졸 흘렀어요.

어느 날 파블로, 호수 건너기 원했어요.

그런데 나무가 길을 막았어요.

빵집 아저씨가 왔어요.

내가 있어서 다행이야.

함께 가져간 것: 초록 밧줄.

길에 많이 웃었어요.

길에 함께 웃었어요.

갑자기 노크 소리.

그렇게 하루가 완벽했음.

함께면 더 쉬워요."
117,미아: 선물,"작은 가수 미아, 큰 떡갈나무 아래에 살았어요.

하늘이 파랬어요.

어느 날 미아, 바다 찾기 원했어요.

그런데 바람이 셌어요.

빵집 아저씨가 왔어요.

함께면 할 수 있어요!

함께 가져간 것: 작은 등잔.

길에 개울가에서 걸었어요.

길에 개울가에서 쉬었어요.

갑자기 나비가 춤을 추며 지나갔어요.

모두 박수치며 기뻐함.

진짜 친구는 항상 도와요."
118,레오와 큰 모험,"동물 좋아하는 레오, 초록 공원에 살았어요.

새가 즐겁게 짖었어요.

어느 날 레오, 별하늘 보기 원했어요.

그런데 안개가 꼈어요.

빵집 아저씨가 왔어요.

무서워하지 마요, 돕아드릴게요.

함께 가져간 것: 파란 병.

길에 노래했어요.

길에 많이 웃었어요.

갑자기 바람이 불었어요.

그렇게 두려움이 용기가 됐어요.

용기는 보상받아요."
119,안나와 비밀,"빨리 생각하는 안나, 옷은 숲에 살았어요.

풀향기가 났어요.

어느 날 안나, 탑 오르기 원했어요.

그런데 다리가 고장났어요.

빵집 아저씨가 왔어요.

나도 갈게!

함께 가져간 것: 노란 가방.

길에 개울가에서 춤췄어요.

길에 한동안 뛰었어요.

갑자기 별똥이 떨어졌어요.

모두 웃으며 집에 갔어요.

호기심은 기적으로."
120,막스의 가장 아름다운 날,"명랑한 소년 막스, 노란 들판에 살았어요.

모두 조용하고 평화했어요.

어느 날 막스, 옷은 성 보기 원했어요.

그런데 개가 짖었어요.

우체부가 왔어요.

내가 있어서 다행이야.

함께 가져간 것: 빨간 밧줄.

길에 함께 걸었어요.

길에 큰 소리로 걸었어요.

갑자기 누군가가 웃었어요.

그렇게 모험이 잘 끝났어요.

함께면 더 쉬워요."
121,미로: 보물,"호기심 많은 소년 미로, 작은 동네에 살았어요.

해가 따뜻하게 비췄어요.

어느 날 미로, 숲을 탐험하기 원했어요.

그런데 길이 막혔어요.

우체부가 왔어요.

함께면 할 수 있어요!

함께 가져간 것: 옷은 망원경.

길에 개울가에서 뛰었어요.

길에 즐겁게 춤췄어요.

갑자기 큰 소리가 났어요.

끝에 모두 행복했어요.

진짜 친구는 항상 돕아요."
122,레나: 비밀,"그림 좋아하는 레나, 알록 시장에 살았어요.

나비가 날았어요.

어느 날 레나, 섬 발견하기 원했어요.

그런데 비가 오기 시작했어요.

우체부가 왔어요.

무서워하지 마요, 돕아드릴게요.

함께 가져간 것: 작은 칼.

길에 함께 춤췄어요.

길에 개울가에서 웃었어요.

갑자기 개구리 울음.

모험은 잊지 못할 추억.

용기는 보상받아요."
123,핀: 계획,"작은 몽꿈가 핀, 오래된 우물가에 살았어요.

꽃향기가 나요.

어느 날 핀, 동굴 찾기 원했어요.

그런데 지도가 없어졌어요.

우체부가 왔어요.

나도 갈게!

함께 가져간 것: 따뜻한 담요.

길에 개울가에서 쉬었어요.

길에 함께 걸었어요.

갑자기 개가 짖음.

모두 만족하며 집에 감.

호기심은 기적으로."
124,피파: 여행,"용감한 작은 쥐 피파, 놀이터에 살았어요.

개울이 졸졸 흘렀어요.

어느 날 피파, 높은 산 보기 원했어요.

그런데 어두워졌어요.

우체부가 왔어요.

내가 있어서 다행이야.

함께 가져간 것: 알록 지도.

길에 함께 뛰었어요.

길에 한동안 놀았어요.

갑자기 잎이 떨어짐.

그렇게 하루가 완벽했음.

함께면 더 쉬워요."
125,노라: 발견,"질문 많은 노라, 파란 강에 살았어요.

하늘이 파랬어요.

어느 날 노라, 보물 찾기 원했어요.

그런데 강이 너무 깡어요.

우체부가 왔어요.

함께면 할 수 있어요!

함께 가져간 것: 오래된 동전.

길에 개울가에서 놀았어요.

길에 큰 소리로 뛰었어요.

갑자기 벌이 윙윙.

모두 박수치며 기뻐함.

진짜 친구는 항상 도와요."
126,테오: 놀라움,"명랑한 소년 테오, 초록 초원에 살았어요.

새가 즐겁게 짖었어요.

어느 날 테오, 호수 건너기 원했어요.

그런데 나무가 길을 막았어요.

우체부가 왔어요.

무서워하지 마요, 돕아드릴게요.

함께 가져간 것: 초록 밧줄.

길에 함께 쉬었어요.

길에 즐겁게 쉬었어요.

갑자기 노크 소리.

그렇게 두려움이 용기가 됐어요.

용기는 보상받아요."
127,엠마: 소풍,"용감한 소녀 엠마, 큰 떡갈나무 아래에 살았어요.

풀향기가 났어요.

어느 날 엠마, 바다 찾기 원했어요.

그런데 바람이 셌어요.

다 아는 리나 할머니가 왔어요.

나도 갈게!

함께 가져간 것: 작은 등잔.

길에 개울가에서 웃었어요.

길에 둥글게 춤췄어요.

갑자기 나비가 춤을 추며 지나갔어요.

모두 웃으며 집에 갔어요.

호기심은 기적으로."
128,파블로: 경주,"만들기 좋아하는 파블로, 초록 공원에 살았어요.

모두 조용하고 평화했어요.

어느 날 파블로, 별하늘 보기 원했어요.

그런데 안개가 꼈어요.

다 아는 리나 할머니가 왔어요.

내가 있어서 다행이야.

함께 가져간 것: 파란 병.

길에 함께 놀았어요.

길에 함께 뛰었어요.

갑자기 바람이 불었어요.

그렇게 모험이 잘 끝났어요.

함께면 더 쉬워요."
129,미아: 수수께끼,"작은 가수 미아, 옷은 숲에 살았어요.

해가 따뜻하게 비췄어요.

어느 날 미아, 탑 오르기 원했어요.

그런데 다리가 고장났어요.

다 아는 리나 할머니가 왔어요.

함께면 할 수 있어요!

함께 가져간 것: 노란 가방.

길에 둥글게 걸었어요.

길에 개울가에서 걸었어요.

갑자기 별똥이 떨어졌어요.

끝에 모두 행복했어요.

진짜 친구는 항상 돕아요."
130,레오: 선물,"동물 좋아하는 레오, 노란 들판에 살았어요.

나비가 날았어요.

어느 날 레오, 옷은 성 보기 원했어요.

그런데 개가 짖었어요.

다 아는 리나 할머니가 왔어요.

무서워하지 마요, 돕아드릴게요.

함께 가져간 것: 빨간 밧줄.

길에 함께 웃었어요.

길에 큰 소리로 놀았어요.

갑자기 누군가가 웃었어요.

모험은 잊지 못할 추억.

용기는 보상받아요."
131,안나와 큰 모험,"빨리 생각하는 안나, 작은 동네에 살았어요.

꽃향기가 나요.

어느 날 안나, 숲을 탐험하기 원했어요.

그런데 길이 막혔어요.

다 아는 리나 할머니가 왔어요.

나도 갈게!

함께 가져간 것: 옷은 망원경.

길에 둥글게 춤췄어요.

길에 즐겁게 웃었어요.

갑자기 큰 소리가 났어요.

모두 만족하며 집에 감.

호기심은 기적으로."
132,막스와 비밀,"명랑한 소년 막스, 알록 시장에 살았어요.

개울이 졸졸 흘렀어요.

어느 날 막스, 섬 발견하기 원했어요.

그런데 비가 오기 시작했어요.

다 아는 리나 할머니가 왔어요.

내가 있어서 다행이야.

함께 가져간 것: 작은 칼.

길에 즐겁게 걸었어요.

길에 둥글게 쉬었어요.

갑자기 개구리 울음.

그렇게 하루가 완벽했음.

함께면 더 쉬워요."
133,미로의 가장 아름다운 날,"호기심 많은 소년 미로, 오래된 우물가에 살았어요.

하늘이 파랬어요.

어느 날 미로, 동굴 찾기 원했어요.

그런데 지도가 없어졌어요.

다 아는 리나 할머니가 왔어요.

함께면 할 수 있어요!

함께 가져간 것: 따뜻한 담요.

길에 둥글게 뛰었어요.

길에 함께 놀았어요.

갑자기 개가 짖음.

모두 박수치며 기뻐함.

진짜 친구는 항상 도와요."
134,레나: 보물,"그림 좋아하는 레나, 놀이터에 살았어요.

새가 즐겁게 짖었어요.

어느 날 레나, 높은 산 보기 원했어요.

그런데 어두워졌어요.

정원사 오소리 아저씨가 왔어요.

무서워하지 마요, 돕아드릴게요.

함께 가져간 것: 알록 지도.

길에 즐겁게 춤췄어요.

길에 개울가에서 뛰었어요.

갑자기 잎이 떨어짐.

그렇게 두려움이 용기가 됐어요.

용기는 보상받아요."
135,핀: 비밀,"작은 몽꿈가 핀, 파란 강에 살았어요.

풀향기가 났어요.

어느 날 핀, 보물 찾기 원했어요.

그런데 강이 너무 깡어요.

정원사 오소리 아저씨가 왔어요.

나도 갈게!

함께 가져간 것: 오래된 동전.

길에 둥글게 쉬었어요.

길에 야기했어요.

갑자기 벌이 윙윙.

모두 웃으며 집에 갔어요.

호기심은 기적으로."
136,피파: 계획,"용감한 작은 쥐 피파, 초록 초원에 살았어요.

모두 조용하고 평화했어요.

어느 날 피파, 호수 건너기 원했어요.

그런데 나무가 길을 막았어요.

정원사 오소리 아저씨가 왔어요.

내가 있어서 다행이야.

함께 가져간 것: 초록 밧줄.

길에 즐겁게 뛰었어요.

길에 한동안 춤췄어요.

갑자기 노크 소리.

그렇게 모험이 잘 끝났어요.

함께면 더 쉬워요."
137,노라: 여행,"질문 많은 노라, 큰 떡갈나무 아래에 살았어요.

해가 따뜻하게 비췄어요.

어느 날 노라, 바다 찾기 원했어요.

그런데 바람이 셌어요.

정원사 오소리 아저씨가 왔어요.

함께면 할 수 있어요!

함께 가져간 것: 작은 등잔.

길에 둥글게 놀았어요.

길에 둥글게 웃었어요.

갑자기 나비가 춤을 추며 지나갔어요.

끝에 모두 행복했어요.

진짜 친구는 항상 돕아요."
138,테오: 발견,"명랑한 소년 테오, 초록 공원에 살았어요.

나비가 날았어요.

어느 날 테오, 별하늘 보기 원했어요.

그런데 안개가 꼈어요.

정원사 오소리 아저씨가 왔어요.

무서워하지 마요, 돕아드릴게요.

함께 가져간 것: 파란 병.

길에 즐겁게 쉬었어요.

길에 즐겁게 걸었어요.

갑자기 바람이 불었어요.

모험은 잊지 못할 추억.

용기는 보상받아요."
139,엠마: 놀라움,"용감한 소녀 엠마, 옷은 숲에 살았어요.

꽃향기가 나요.

어느 날 엠마, 탑 오르기 원했어요.

그런데 다리가 고장났어요.

정원사 오소리 아저씨가 왔어요.

나도 갈게!

함께 가져간 것: 노란 가방.

길에 둥글게 웃었어요.

길에 개울가에서 놀았어요.

갑자기 별똥이 떨어졌어요.

모두 만족하며 집에 감.

호기심은 기적으로."
140,파블로: 소풍,"만들기 좋아하는 파블로, 노란 들판에 살았어요.

개울이 졸졸 흘렀어요.

어느 날 파블로, 옷은 성 보기 원했어요.

그런데 개가 짖었어요.

정원사 오소리 아저씨가 왔어요.

내가 있어서 다행이야.

함께 가져간 것: 빨간 밧줄.

길에 즐겁게 놀았어요.

길에 노래했어요.

갑자기 누군가가 웃었어요.

그렇게 하루가 완벽했음.

함께면 더 쉬워요."
141,미아: 경주,"작은 가수 미아, 작은 동네에 살았어요.

하늘이 파랬어요.

어느 날 미아, 숲을 탐험하기 원했어요.

그런데 길이 막혔어요.

재미있는 이웃 미라 이모가 왔어요.

함께면 할 수 있어요!

함께 가져간 것: 옷은 망원경.

길에 큰 소리로 걸었어요.

길에 한동안 쉬었어요.

갑자기 큰 소리가 났어요.

모두 박수치며 기뻐함.

진짜 친구는 항상 도와요."
142,레오: 수수께끼,"동물 좋아하는 레오, 알록 시장에 살았어요.

새가 즐겁게 짖었어요.

어느 날 레오, 섬 발견하기 원했어요.

그런데 비가 오기 시작했어요.

재미있는 이웃 미라 이모가 왔어요.

무서워하지 마요, 돕아드릴게요.

함께 가져간 것: 작은 칼.

길에 즐겁게 웃었어요.

길에 큰 소리로 춤췄어요.

갑자기 개구리 울음.

그렇게 두려움이 용기가 됐어요.

용기는 보상받아요."
143,안나: 선물,"빨리 생각하는 안나, 오래된 우물가에 살았어요.

풀향기가 났어요.

어느 날 안나, 동굴 찾기 원했어요.

그런데 지도가 없어졌어요.

재미있는 이웃 미라 이모가 왔어요.

나도 갈게!

함께 가져간 것: 따뜻한 담요.

길에 큰 소리로 춤췄어요.

길에 즐겁게 뛰었어요.

갑자기 개가 짖음.

모두 웃으며 집에 갔어요.

호기심은 기적으로."
144,막스와 큰 모험,"명랑한 소년 막스, 놀이터에 살았어요.

모두 조용하고 평화했어요.

어느 날 막스, 높은 산 보기 원했어요.

그런데 어두워졌어요.

재미있는 이웃 미라 이모가 왔어요.

내가 있어서 다행이야.

함께 가져간 것: 알록 지도.

길에 한동안 걸었어요.

길에 둥글게 걸었어요.

갑자기 잎이 떨어짐.

그렇게 모험이 잘 끝났어요.

함께면 더 쉬워요."
145,미로와 비밀,"호기심 많은 소년 미로, 파란 강에 살았어요.

해가 따뜻하게 비췄어요.

어느 날 미로, 보물 찾기 원했어요.

그런데 강이 너무 깡어요.

재미있는 이웃 미라 이모가 왔어요.

함께면 할 수 있어요!

함께 가져간 것: 오래된 동전.

길에 큰 소리로 뛰었어요.

길에 함께 춤췄어요.

갑자기 벌이 윙윙.

끝에 모두 행복했어요.

진짜 친구는 항상 돕아요."
146,레나의 가장 아름다운 날,"그림 좋아하는 레나, 초록 초원에 살았어요.

나비가 날았어요.

어느 날 레나, 호수 건너기 원했어요.

그런데 나무가 길을 막았어요.

재미있는 이웃 미라 이모가 왔어요.

무서워하지 마요, 돕아드릴게요.

함께 가져간 것: 초록 밧줄.

길에 한동안 춤췄어요.

길에 한동안 웃었어요.

갑자기 노크 소리.

모험은 잊지 못할 추억.

용기는 보상받아요."
147,핀: 보물,"작은 몽꿈가 핀, 큰 떡갈나무 아래에 살았어요.

꽃향기가 나요.

어느 날 핀, 바다 찾기 원했어요.

그런데 바람이 셌어요.

재미있는 이웃 미라 이모가 왔어요.

나도 갈게!

함께 가져간 것: 작은 등잔.

길에 큰 소리로 쉬었어요.

길에 큰 소리로 뛰었어요.

갑자기 나비가 춤을 추며 지나갔어요.

모두 만족하며 집에 감.

호기심은 기적으로."
148,피파: 비밀,"용감한 작은 쥐 피파, 초록 공원에 살았어요.

개울이 졸졸 흘렀어요.

어느 날 피파, 별하늘 보기 원했어요.

그런데 안개가 꼈어요.

다 고치는 칼 할아버지가 왔어요.

내가 있어서 다행이야.

함께 가져간 것: 파란 병.

길에 한동안 뛰었어요.

길에 즐겁게 놀았어요.

갑자기 바람이 불었어요.

그렇게 하루가 완벽했음.

함께면 더 쉬워요."
149,노라: 계획,"질문 많은 노라, 옷은 숲에 살았어요.

하늘이 파랬어요.

어느 날 노라, 탑 오르기 원했어요.

그런데 다리가 고장났어요.

다 고치는 칼 할아버지가 왔어요.

함께면 할 수 있어요!

함께 가져간 것: 노란 가방.

길에 큰 소리로 놀았어요.

길에 둥글게 뛰었어요.

갑자기 별똥이 떨어졌어요.

모두 박수치며 기뻐함.

진짜 친구는 항상 도와요."
150,테오: 여행,"명랑한 소년 테오, 노란 들판에 살았어요.

새가 즐겁게 짖었어요.

어느 날 테오, 옷은 성 보기 원했어요.

그런데 개가 짖었어요.

다 고치는 칼 할아버지가 왔어요.

무서워하지 마요, 돕아드릴게요.

함께 가져간 것: 빨간 밧줄.

길에 한동안 쉬었어요.

길에 함께 쉬었어요.

갑자기 누군가가 웃었어요.

그렇게 두려움이 용기가 됐어요.

용기는 보상받아요."
151,엠마: 발견,"용감한 소녀 엠마, 작은 동네에 살았어요.

풀향기가 났어요.

어느 날 엠마, 숲을 탐험하기 원했어요.

그런데 길이 막혔어요.

다 고치는 칼 할아버지가 왔어요.

나도 갈게!

함께 가져간 것: 옷은 망원경.

길에 큰 소리로 웃었어요.

길에 개울가에서 춤췄어요.

갑자기 큰 소리가 났어요.

모두 웃으며 집에 갔어요.

호기심은 기적으로."
152,파블로: 놀라움,"만들기 좋아하는 파블로, 알록 시장에 살았어요.

모두 조용하고 평화했어요.

어느 날 파블로, 섬 발견하기 원했어요.

그런데 비가 오기 시작했어요.

다 고치는 칼 할아버지가 왔어요.

내가 있어서 다행이야.

함께 가져간 것: 작은 칼.

길에 한동안 놀았어요.

길에 큰 소리로 웃었어요.

갑자기 개구리 울음.

그렇게 모험이 잘 끝났어요.

함께면 더 쉬워요."
153,미아: 소풍,"작은 가수 미아, 오래된 우물가에 살았어요.

해가 따뜻하게 비췄어요.

어느 날 미아, 동굴 찾기 원했어요.

그런데 지도가 없어졌어요.

다 고치는 칼 할아버지가 왔어요.

함께면 할 수 있어요!

함께 가져간 것: 따뜻한 담요.

길에 야기했어요.

길에 한동안 걸었어요.

갑자기 개가 짖음.

끝에 모두 행복했어요.

진짜 친구는 항상 돕아요."
154,레오: 경주,"동물 좋아하는 레오, 놀이터에 살았어요.

나비가 날았어요.

어느 날 레오, 높은 산 보기 원했어요.

그런데 어두워졌어요.

다 고치는 칼 할아버지가 왔어요.

무서워하지 마요, 돕아드릴게요.

함께 가져간 것: 알록 지도.

길에 한동안 웃었어요.

길에 둥글게 놀았어요.

갑자기 잎이 떨어짐.

모험은 잊지 못할 추억.

용기는 보상받아요."
155,안나: 수수께끼,"빨리 생각하는 안나, 파란 강에 살았어요.

꽃향기가 나요.

어느 날 안나, 보물 찾기 원했어요.

그런데 강이 너무 깡어요.

빵집 아저씨가 왔어요.

나도 갈게!

함께 가져간 것: 오래된 동전.

길에 많이 웃었어요.

길에 함께 웃었어요.

갑자기 벌이 윙윙.

모두 만족하며 집에 감.

호기심은 기적으로."
156,막스: 선물,"명랑한 소년 막스, 초록 초원에 살았어요.

개울이 졸졸 흘렀어요.

어느 날 막스, 호수 건너기 원했어요.

그런데 나무가 길을 막았어요.

빵집 아저씨가 왔어요.

내가 있어서 다행이야.

함께 가져간 것: 초록 밧줄.

길에 개울가에서 걸었어요.

길에 개울가에서 쉬었어요.

갑자기 노크 소리.

그렇게 하루가 완벽했음.

함께면 더 쉬워요."
157,미로와 큰 모험,"호기심 많은 소년 미로, 큰 떡갈나무 아래에 살았어요.

하늘이 파랬어요.

어느 날 미로, 바다 찾기 원했어요.

그런데 바람이 셌어요.

빵집 아저씨가 왔어요.

함께면 할 수 있어요!

함께 가져간 것: 작은 등잔.

길에 노래했어요.

길에 많이 웃었어요.

갑자기 나비가 춤을 추며 지나갔어요.

모두 박수치며 기뻐함.

진짜 친구는 항상 도와요."
158,레나와 비밀,"그림 좋아하는 레나, 초록 공원에 살았어요.

새가 즐겁게 짖었어요.

어느 날 레나, 별하늘 보기 원했어요.

그런데 안개가 꼈어요.

빵집 아저씨가 왔어요.

무서워하지 마요, 돕아드릴게요.

함께 가져간 것: 파란 병.

길에 개울가에서 춤췄어요.

길에 한동안 뛰었어요.

갑자기 바람이 불었어요.

그렇게 두려움이 용기가 됐어요.

용기는 보상받아요."
159,핀의 가장 아름다운 날,"작은 몽꿈가 핀, 옷은 숲에 살았어요.

풀향기가 났어요.

어느 날 핀, 탑 오르기 원했어요.

그런데 다리가 고장났어요.

빵집 아저씨가 왔어요.

나도 갈게!

함께 가져간 것: 노란 가방.

길에 함께 걸었어요.

길에 큰 소리로 걸었어요.

갑자기 별똥이 떨어졌어요.

모두 웃으며 집에 갔어요.

호기심은 기적으로."
160,피파: 보물,"용감한 작은 쥐 피파, 노란 들판에 살았어요.

모두 조용하고 평화했어요.

어느 날 피파, 옷은 성 보기 원했어요.

그런데 개가 짖었어요.

빵집 아저씨가 왔어요.

내가 있어서 다행이야.

함께 가져간 것: 빨간 밧줄.

길에 개울가에서 뛰었어요.

길에 즐겁게 춤췄어요.

갑자기 누군가가 웃었어요.

그렇게 모험이 잘 끝났어요.

함께면 더 쉬워요."
161,노라: 비밀,"질문 많은 노라, 작은 동네에 살았어요.

해가 따뜻하게 비췄어요.

어느 날 노라, 숲을 탐험하기 원했어요.

그런데 길이 막혔어요.

빵집 아저씨가 왔어요.

함께면 할 수 있어요!

함께 가져간 것: 옷은 망원경.

길에 함께 춤췄어요.

길에 개울가에서 웃었어요.

갑자기 큰 소리가 났어요.

끝에 모두 행복했어요.

진짜 친구는 항상 돕아요."
162,테오: 계획,"명랑한 소년 테오, 알록 시장에 살았어요.

나비가 날았어요.

어느 날 테오, 섬 발견하기 원했어요.

그런데 비가 오기 시작했어요.

우체부가 왔어요.

무서워하지 마요, 돕아드릴게요.

함께 가져간 것: 작은 칼.

길에 개울가에서 쉬었어요.

길에 함께 걸었어요.

갑자기 개구리 울음.

모험은 잊지 못할 추억.

용기는 보상받아요."
163,엠마: 여행,"용감한 소녀 엠마, 오래된 우물가에 살았어요.

꽃향기가 나요.

어느 날 엠마, 동굴 찾기 원했어요.

그런데 지도가 없어졌어요.

우체부가 왔어요.

나도 갈게!

함께 가져간 것: 따뜻한 담요.

길에 함께 뛰었어요.

길에 한동안 놀았어요.

갑자기 개가 짖음.

모두 만족하며 집에 감.

호기심은 기적으로."
164,파블로: 발견,"만들기 좋아하는 파블로, 놀이터에 살았어요.

개울이 졸졸 흘렀어요.

어느 날 파블로, 높은 산 보기 원했어요.

그런데 어두워졌어요.

우체부가 왔어요.

내가 있어서 다행이야.

함께 가져간 것: 알록 지도.

길에 개울가에서 놀았어요.

길에 큰 소리로 뛰었어요.

갑자기 잎이 떨어짐.

그렇게 하루가 완벽했음.

함께면 더 쉬워요."
165,미아: 놀라움,"작은 가수 미아, 파란 강에 살았어요.

하늘이 파랬어요.

어느 날 미아, 보물 찾기 원했어요.

그런데 강이 너무 깡어요.

우체부가 왔어요.

함께면 할 수 있어요!

함께 가져간 것: 오래된 동전.

길에 함께 쉬었어요.

길에 즐겁게 쉬었어요.

갑자기 벌이 윙윙.

모두 박수치며 기뻐함.

진짜 친구는 항상 도와요."
166,레오: 소풍,"동물 좋아하는 레오, 초록 초원에 살았어요.

새가 즐겁게 짖었어요.

어느 날 레오, 호수 건너기 원했어요.

그런데 나무가 길을 막았어요.

우체부가 왔어요.

무서워하지 마요, 돕아드릴게요.

함께 가져간 것: 초록 밧줄.

길에 개울가에서 웃었어요.

길에 둥글게 춤췄어요.

갑자기 노크 소리.

그렇게 두려움이 용기가 됐어요.

용기는 보상받아요."
167,안나: 경주,"빨리 생각하는 안나, 큰 떡갈나무 아래에 살았어요.

풀향기가 났어요.

어느 날 안나, 바다 찾기 원했어요.

그런데 바람이 셌어요.

우체부가 왔어요.

나도 갈게!

함께 가져간 것: 작은 등잔.

길에 함께 놀았어요.

길에 함께 뛰었어요.

갑자기 나비가 춤을 추며 지나갔어요.

모두 웃으며 집에 갔어요.

호기심은 기적으로."
168,막스: 수수께끼,"명랑한 소년 막스, 초록 공원에 살았어요.

모두 조용하고 평화했어요.

어느 날 막스, 별하늘 보기 원했어요.

그런데 안개가 꼈어요.

우체부가 왔어요.

내가 있어서 다행이야.

함께 가져간 것: 파란 병.

길에 둥글게 걸었어요.

길에 개울가에서 걸었어요.

갑자기 바람이 불었어요.

그렇게 모험이 잘 끝났어요.

함께면 더 쉬워요."
169,미로: 선물,"호기심 많은 소년 미로, 옷은 숲에 살았어요.

해가 따뜻하게 비췄어요.

어느 날 미로, 탑 오르기 원했어요.

그런데 다리가 고장났어요.

다 아는 리나 할머니가 왔어요.

함께면 할 수 있어요!

함께 가져간 것: 노란 가방.

길에 함께 웃었어요.

길에 큰 소리로 놀았어요.

갑자기 별똥이 떨어졌어요.

끝에 모두 행복했어요.

진짜 친구는 항상 돕아요."
170,레나와 큰 모험,"그림 좋아하는 레나, 노란 들판에 살았어요.

나비가 날았어요.

어느 날 레나, 옷은 성 보기 원했어요.

그런데 개가 짖었어요.

다 아는 리나 할머니가 왔어요.

무서워하지 마요, 돕아드릴게요.

함께 가져간 것: 빨간 밧줄.

길에 둥글게 춤췄어요.

길에 즐겁게 웃었어요.

갑자기 누군가가 웃었어요.

모험은 잊지 못할 추억.

용기는 보상받아요."
171,핀와 비밀,"작은 몽꿈가 핀, 작은 동네에 살았어요.

꽃향기가 나요.

어느 날 핀, 숲을 탐험하기 원했어요.

그런데 길이 막혔어요.

다 아는 리나 할머니가 왔어요.

나도 갈게!

함께 가져간 것: 옷은 망원경.

길에 즐겁게 걸었어요.

길에 둥글게 쉬었어요.

갑자기 큰 소리가 났어요.

모두 만족하며 집에 감.

호기심은 기적으로."
172,피파의 가장 아름다운 날,"용감한 작은 쥐 피파, 알록 시장에 살았어요.

개울이 졸졸 흘렀어요.

어느 날 피파, 섬 발견하기 원했어요.

그런데 비가 오기 시작했어요.

다 아는 리나 할머니가 왔어요.

내가 있어서 다행이야.

함께 가져간 것: 작은 칼.

길에 둥글게 뛰었어요.

길에 함께 놀았어요.

갑자기 개구리 울음.

그렇게 하루가 완벽했음.

함께면 더 쉬워요."
173,노라: 보물,"질문 많은 노라, 오래된 우물가에 살았어요.

하늘이 파랬어요.

어느 날 노라, 동굴 찾기 원했어요.

그런데 지도가 없어졌어요.

다 아는 리나 할머니가 왔어요.

함께면 할 수 있어요!

함께 가져간 것: 따뜻한 담요.

길에 즐겁게 춤췄어요.

길에 개울가에서 뛰었어요.

갑자기 개가 짖음.

모두 박수치며 기뻐함.

진짜 친구는 항상 도와요."
174,테오: 비밀,"명랑한 소년 테오, 놀이터에 살았어요.

새가 즐겁게 짖었어요.

어느 날 테오, 높은 산 보기 원했어요.

그런데 어두워졌어요.

다 아는 리나 할머니가 왔어요.

무서워하지 마요, 돕아드릴게요.

함께 가져간 것: 알록 지도.

길에 둥글게 쉬었어요.

길에 야기했어요.

갑자기 잎이 떨어짐.

그렇게 두려움이 용기가 됐어요.

용기는 보상받아요."
175,엠마: 계획,"용감한 소녀 엠마, 파란 강에 살았어요.

풀향기가 났어요.

어느 날 엠마, 보물 찾기 원했어요.

그런데 강이 너무 깡어요.

다 아는 리나 할머니가 왔어요.

나도 갈게!

함께 가져간 것: 오래된 동전.

길에 즐겁게 뛰었어요.

길에 한동안 춤췄어요.

갑자기 벌이 윙윙.

모두 웃으며 집에 갔어요.

호기심은 기적으로."
176,파블로: 여행,"만들기 좋아하는 파블로, 초록 초원에 살았어요.

모두 조용하고 평화했어요.

어느 날 파블로, 호수 건너기 원했어요.

그런데 나무가 길을 막았어요.

정원사 오소리 아저씨가 왔어요.

내가 있어서 다행이야.

함께 가져간 것: 초록 밧줄.

길에 둥글게 놀았어요.

길에 둥글게 웃었어요.

갑자기 노크 소리.

그렇게 모험이 잘 끝났어요.

함께면 더 쉬워요."
177,미아: 발견,"작은 가수 미아, 큰 떡갈나무 아래에 살았어요.

해가 따뜻하게 비췄어요.

어느 날 미아, 바다 찾기 원했어요.

그런데 바람이 셌어요.

정원사 오소리 아저씨가 왔어요.

함께면 할 수 있어요!

함께 가져간 것: 작은 등잔.

길에 즐겁게 쉬었어요.

길에 즐겁게 걸었어요.

갑자기 나비가 춤을 추며 지나갔어요.

끝에 모두 행복했어요.

진짜 친구는 항상 돕아요."
178,레오: 놀라움,"동물 좋아하는 레오, 초록 공원에 살았어요.

나비가 날았어요.

어느 날 레오, 별하늘 보기 원했어요.

그런데 안개가 꼈어요.

정원사 오소리 아저씨가 왔어요.

무서워하지 마요, 돕아드릴게요.

함께 가져간 것: 파란 병.

길에 둥글게 웃었어요.

길에 개울가에서 놀았어요.

갑자기 바람이 불었어요.

모험은 잊지 못할 추억.

용기는 보상받아요."
179,안나: 소풍,"빨리 생각하는 안나, 옷은 숲에 살았어요.

꽃향기가 나요.

어느 날 안나, 탑 오르기 원했어요.

그런데 다리가 고장났어요.

정원사 오소리 아저씨가 왔어요.

나도 갈게!

함께 가져간 것: 노란 가방.

길에 즐겁게 놀았어요.

길에 노래했어요.

갑자기 별똥이 떨어졌어요.

모두 만족하며 집에 감.

호기심은 기적으로."
180,막스: 경주,"명랑한 소년 막스, 노란 들판에 살았어요.

개울이 졸졸 흘렀어요.

어느 날 막스, 옷은 성 보기 원했어요.

그런데 개가 짖었어요.

정원사 오소리 아저씨가 왔어요.

내가 있어서 다행이야.

함께 가져간 것: 빨간 밧줄.

길에 큰 소리로 걸었어요.

길에 한동안 쉬었어요.

갑자기 누군가가 웃었어요.

그렇게 하루가 완벽했음.

함께면 더 쉬워요."
181,미로: 수수께끼,"호기심 많은 소년 미로, 작은 동네에 살았어요.

하늘이 파랬어요.

어느 날 미로, 숲을 탐험하기 원했어요.

그런데 길이 막혔어요.

정원사 오소리 아저씨가 왔어요.

함께면 할 수 있어요!

함께 가져간 것: 옷은 망원경.

길에 즐겁게 웃었어요.

길에 큰 소리로 춤췄어요.

갑자기 큰 소리가 났어요.

모두 박수치며 기뻐함.

진짜 친구는 항상 도와요."
182,레나: 선물,"그림 좋아하는 레나, 알록 시장에 살았어요.

새가 즐겁게 짖었어요.

어느 날 레나, 섬 발견하기 원했어요.

그런데 비가 오기 시작했어요.

정원사 오소리 아저씨가 왔어요.

무서워하지 마요, 돕아드릴게요.

함께 가져간 것: 작은 칼.

길에 큰 소리로 춤췄어요.

길에 즐겁게 뛰었어요.

갑자기 개구리 울음.

그렇게 두려움이 용기가 됐어요.

용기는 보상받아요."
183,핀와 큰 모험,"작은 몽꿈가 핀, 오래된 우물가에 살았어요.

풀향기가 났어요.

어느 날 핀, 동굴 찾기 원했어요.

그런데 지도가 없어졌어요.

재미있는 이웃 미라 이모가 왔어요.

나도 갈게!

함께 가져간 것: 따뜻한 담요.

길에 한동안 걸었어요.

길에 둥글게 걸었어요.

갑자기 개가 짖음.

모두 웃으며 집에 갔어요.

호기심은 기적으로."
184,피파와 비밀,"용감한 작은 쥐 피파, 놀이터에 살았어요.

모두 조용하고 평화했어요.

어느 날 피파, 높은 산 보기 원했어요.

그런데 어두워졌어요.

재미있는 이웃 미라 이모가 왔어요.

내가 있어서 다행이야.

함께 가져간 것: 알록 지도.

길에 큰 소리로 뛰었어요.

길에 함께 춤췄어요.

갑자기 잎이 떨어짐.

그렇게 모험이 잘 끝났어요.

함께면 더 쉬워요."
185,노라의 가장 아름다운 날,"질문 많은 노라, 파란 강에 살았어요.

해가 따뜻하게 비췄어요.

어느 날 노라, 보물 찾기 원했어요.

그런데 강이 너무 깡어요.

재미있는 이웃 미라 이모가 왔어요.

함께면 할 수 있어요!

함께 가져간 것: 오래된 동전.

길에 한동안 춤췄어요.

길에 한동안 웃었어요.

갑자기 벌이 윙윙.

끝에 모두 행복했어요.

진짜 친구는 항상 돕아요."
186,테오: 보물,"명랑한 소년 테오, 초록 초원에 살았어요.

나비가 날았어요.

어느 날 테오, 호수 건너기 원했어요.

그런데 나무가 길을 막았어요.

재미있는 이웃 미라 이모가 왔어요.

무서워하지 마요, 돕아드릴게요.

함께 가져간 것: 초록 밧줄.

길에 큰 소리로 쉬었어요.

길에 큰 소리로 뛰었어요.

갑자기 노크 소리.

모험은 잊지 못할 추억.

용기는 보상받아요."
187,엠마: 비밀,"용감한 소녀 엠마, 큰 떡갈나무 아래에 살았어요.

꽃향기가 나요.

어느 날 엠마, 바다 찾기 원했어요.

그런데 바람이 셌어요.

재미있는 이웃 미라 이모가 왔어요.

나도 갈게!

함께 가져간 것: 작은 등잔.

길에 한동안 뛰었어요.

길에 즐겁게 놀았어요.

갑자기 나비가 춤을 추며 지나갔어요.

모두 만족하며 집에 감.

호기심은 기적으로."
188,파블로: 계획,"만들기 좋아하는 파블로, 초록 공원에 살았어요.

개울이 졸졸 흘렀어요.

어느 날 파블로, 별하늘 보기 원했어요.

그런데 안개가 꼈어요.

재미있는 이웃 미라 이모가 왔어요.

내가 있어서 다행이야.

함께 가져간 것: 파란 병.

길에 큰 소리로 놀았어요.

길에 둥글게 뛰었어요.

갑자기 바람이 불었어요.

그렇게 하루가 완벽했음.

함께면 더 쉬워요."
189,미아: 여행,"작은 가수 미아, 옷은 숲에 살았어요.

하늘이 파랬어요.

어느 날 미아, 탑 오르기 원했어요.

그런데 다리가 고장났어요.

재미있는 이웃 미라 이모가 왔어요.

함께면 할 수 있어요!

함께 가져간 것: 노란 가방.

길에 한동안 쉬었어요.

길에 함께 쉬었어요.

갑자기 별똥이 떨어졌어요.

모두 박수치며 기뻐함.

진짜 친구는 항상 도와요."
190,레오: 발견,"동물 좋아하는 레오, 노란 들판에 살았어요.

새가 즐겁게 짖었어요.

어느 날 레오, 옷은 성 보기 원했어요.

그런데 개가 짖었어요.

다 고치는 칼 할아버지가 왔어요.

무서워하지 마요, 돕아드릴게요.

함께 가져간 것: 빨간 밧줄.

길에 큰 소리로 웃었어요.

길에 개울가에서 춤췄어요.

갑자기 누군가가 웃었어요.

그렇게 두려움이 용기가 됐어요.

용기는 보상받아요."
191,안나: 놀라움,"빨리 생각하는 안나, 작은 동네에 살았어요.

풀향기가 났어요.

어느 날 안나, 숲을 탐험하기 원했어요.

그런데 길이 막혔어요.

다 고치는 칼 할아버지가 왔어요.

나도 갈게!

함께 가져간 것: 옷은 망원경.

길에 한동안 놀았어요.

길에 큰 소리로 웃었어요.

갑자기 큰 소리가 났어요.

모두 웃으며 집에 갔어요.

호기심은 기적으로."
192,막스: 소풍,"명랑한 소년 막스, 알록 시장에 살았어요.

모두 조용하고 평화했어요.

어느 날 막스, 섬 발견하기 원했어요.

그런데 비가 오기 시작했어요.

다 고치는 칼 할아버지가 왔어요.

내가 있어서 다행이야.

함께 가져간 것: 작은 칼.

길에 야기했어요.

길에 한동안 걸었어요.

갑자기 개구리 울음.

그렇게 모험이 잘 끝났어요.

함께면 더 쉬워요."
193,미로: 경주,"호기심 많은 소년 미로, 오래된 우물가에 살았어요.

해가 따뜻하게 비췄어요.

어느 날 미로, 동굴 찾기 원했어요.

그런데 지도가 없어졌어요.

다 고치는 칼 할아버지가 왔어요.

함께면 할 수 있어요!

함께 가져간 것: 따뜻한 담요.

길에 한동안 웃었어요.

길에 둥글게 놀았어요.

갑자기 개가 짖음.

끝에 모두 행복했어요.

진짜 친구는 항상 돕아요."
194,레나: 수수께끼,"그림 좋아하는 레나, 놀이터에 살았어요.

나비가 날았어요.

어느 날 레나, 높은 산 보기 원했어요.

그런데 어두워졌어요.

다 고치는 칼 할아버지가 왔어요.

무서워하지 마요, 돕아드릴게요.

함께 가져간 것: 알록 지도.

길에 많이 웃었어요.

길에 함께 웃었어요.

갑자기 잎이 떨어짐.

모험은 잊지 못할 추억.

용기는 보상받아요."
195,핀: 선물,"작은 몽꿈가 핀, 파란 강에 살았어요.

꽃향기가 나요.

어느 날 핀, 보물 찾기 원했어요.

그런데 강이 너무 깡어요.

다 고치는 칼 할아버지가 왔어요.

나도 갈게!

함께 가져간 것: 오래된 동전.

길에 개울가에서 걸었어요.

길에 개울가에서 쉬었어요.

갑자기 벌이 윙윙.

모두 만족하며 집에 감.

호기심은 기적으로."
196,피파와 큰 모험,"용감한 작은 쥐 피파, 초록 초원에 살았어요.

개울이 졸졸 흘렀어요.

어느 날 피파, 호수 건너기 원했어요.

그런데 나무가 길을 막았어요.

다 고치는 칼 할아버지가 왔어요.

내가 있어서 다행이야.

함께 가져간 것: 초록 밧줄.

길에 노래했어요.

길에 많이 웃었어요.

갑자기 노크 소리.

그렇게 하루가 완벽했음.

함께면 더 쉬워요."
197,노라와 비밀,"질문 많은 노라, 큰 떡갈나무 아래에 살았어요.

하늘이 파랬어요.

어느 날 노라, 바다 찾기 원했어요.

그런데 바람이 셌어요.

빵집 아저씨가 왔어요.

함께면 할 수 있어요!

함께 가져간 것: 작은 등잔.

길에 개울가에서 춤췄어요.

길에 한동안 뛰었어요.

갑자기 나비가 춤을 추며 지나갔어요.

모두 박수치며 기뻐함.

진짜 친구는 항상 도와요."
198,테오의 가장 아름다운 날,"명랑한 소년 테오, 초록 공원에 살았어요.

새가 즐겁게 짖었어요.

어느 날 테오, 별하늘 보기 원했어요.

그런데 안개가 꼈어요.

빵집 아저씨가 왔어요.

무서워하지 마요, 돕아드릴게요.

함께 가져간 것: 파란 병.

길에 함께 걸었어요.

길에 큰 소리로 걸었어요.

갑자기 바람이 불었어요.

그렇게 두려움이 용기가 됐어요.

용기는 보상받아요."
199,엠마: 보물,"용감한 소녀 엠마, 옷은 숲에 살았어요.

풀향기가 났어요.

어느 날 엠마, 탑 오르기 원했어요.

그런데 다리가 고장났어요.

빵집 아저씨가 왔어요.

나도 갈게!

함께 가져간 것: 노란 가방.

길에 개울가에서 뛰었어요.

길에 즐겁게 춤췄어요.

갑자기 별똥이 떨어졌어요.

모두 웃으며 집에 갔어요.

호기심은 기적으로."
200,파블로: 비밀,"만들기 좋아하는 파블로, 노란 들판에 살았어요.

모두 조용하고 평화했어요.

어느 날 파블로, 옷은 성 보기 원했어요.

그런데 개가 짖었어요.

빵집 아저씨가 왔어요.

내가 있어서 다행이야.

함께 가져간 것: 빨간 밧줄.

길에 함께 춤췄어요.

길에 개울가에서 웃었어요.

갑자기 누군가가 웃었어요.

그렇게 모험이 잘 끝났어요.

함께면 더 쉬워요."
201,미아: 계획,"작은 가수 미아, 작은 동네에 살았어요.

해가 따뜻하게 비췄어요.

어느 날 미아, 숲을 탐험하기 원했어요.

그런데 길이 막혔어요.

빵집 아저씨가 왔어요.

함께면 할 수 있어요!

함께 가져간 것: 옷은 망원경.

길에 개울가에서 쉬었어요.

길에 함께 걸었어요.

갑자기 큰 소리가 났어요.

끝에 모두 행복했어요.

진짜 친구는 항상 돕아요."
202,레오: 여행,"동물 좋아하는 레오, 알록 시장에 살았어요.

나비가 날았어요.

어느 날 레오, 섬 발견하기 원했어요.

그런데 비가 오기 시작했어요.

빵집 아저씨가 왔어요.

무서워하지 마요, 돕아드릴게요.

함께 가져간 것: 작은 칼.

길에 함께 뛰었어요.

길에 한동안 놀았어요.

갑자기 개구리 울음.

모험은 잊지 못할 추억.

용기는 보상받아요."
203,안나: 발견,"빨리 생각하는 안나, 오래된 우물가에 살았어요.

꽃향기가 나요.

어느 날 안나, 동굴 찾기 원했어요.

그런데 지도가 없어졌어요.

빵집 아저씨가 왔어요.

나도 갈게!

함께 가져간 것: 따뜻한 담요.

길에 개울가에서 놀았어요.

길에 큰 소리로 뛰었어요.

갑자기 개가 짖음.

모두 만족하며 집에 감.

호기심은 기적으로."
204,막스: 놀라움,"명랑한 소년 막스, 놀이터에 살았어요.

개울이 졸졸 흘렀어요.

어느 날 막스, 높은 산 보기 원했어요.

그런데 어두워졌어요.

우체부가 왔어요.

내가 있어서 다행이야.

함께 가져간 것: 알록 지도.

길에 함께 쉬었어요.

길에 즐겁게 쉬었어요.

갑자기 잎이 떨어짐.

그렇게 하루가 완벽했음.

함께면 더 쉬워요."
205,미로: 소풍,"호기심 많은 소년 미로, 파란 강에 살았어요.

하늘이 파랬어요.

어느 날 미로, 보물 찾기 원했어요.

그런데 강이 너무 깡어요.

우체부가 왔어요.

함께면 할 수 있어요!

함께 가져간 것: 오래된 동전.

길에 개울가에서 웃었어요.

길에 둥글게 춤췄어요.

갑자기 벌이 윙윙.

모두 박수치며 기뻐함.

진짜 친구는 항상 도와요."
206,레나: 경주,"그림 좋아하는 레나, 초록 초원에 살았어요.

새가 즐겁게 짖었어요.

어느 날 레나, 호수 건너기 원했어요.

그런데 나무가 길을 막았어요.

우체부가 왔어요.

무서워하지 마요, 돕아드릴게요.

함께 가져간 것: 초록 밧줄.

길에 함께 놀았어요.

길에 함께 뛰었어요.

갑자기 노크 소리.

그렇게 두려움이 용기가 됐어요.

용기는 보상받아요."
207,핀: 수수께끼,"작은 몽꿈가 핀, 큰 떡갈나무 아래에 살았어요.

풀향기가 났어요.

어느 날 핀, 바다 찾기 원했어요.

그런데 바람이 셌어요.

우체부가 왔어요.

나도 갈게!

함께 가져간 것: 작은 등잔.

길에 둥글게 걸었어요.

길에 개울가에서 걸었어요.

갑자기 나비가 춤을 추며 지나갔어요.

모두 웃으며 집에 갔어요.

호기심은 기적으로."
208,피파: 선물,"용감한 작은 쥐 피파, 초록 공원에 살았어요.

모두 조용하고 평화했어요.

어느 날 피파, 별하늘 보기 원했어요.

그런데 안개가 꼈어요.

우체부가 왔어요.

내가 있어서 다행이야.

함께 가져간 것: 파란 병.

길에 함께 웃었어요.

길에 큰 소리로 놀았어요.

갑자기 바람이 불었어요.

그렇게 모험이 잘 끝났어요.

함께면 더 쉬워요."
209,노라와 큰 모험,"질문 많은 노라, 옷은 숲에 살았어요.

해가 따뜻하게 비췄어요.

어느 날 노라, 탑 오르기 원했어요.

그런데 다리가 고장났어요.

우체부가 왔어요.

함께면 할 수 있어요!

함께 가져간 것: 노란 가방.

길에 둥글게 춤췄어요.

길에 즐겁게 웃었어요.

갑자기 별똥이 떨어졌어요.

끝에 모두 행복했어요.

진짜 친구는 항상 돕아요."
210,테오와 비밀,"명랑한 소년 테오, 노란 들판에 살았어요.

나비가 날았어요.

어느 날 테오, 옷은 성 보기 원했어요.

그런데 개가 짖었어요.

우체부가 왔어요.

무서워하지 마요, 돕아드릴게요.

함께 가져간 것: 빨간 밧줄.

길에 즐겁게 걸었어요.

길에 둥글게 쉬었어요.

갑자기 누군가가 웃었어요.

모험은 잊지 못할 추억.

용기는 보상받아요."
211,엠마의 가장 아름다운 날,"용감한 소녀 엠마, 작은 동네에 살았어요.

꽃향기가 나요.

어느 날 엠마, 숲을 탐험하기 원했어요.

그런데 길이 막혔어요.

다 아는 리나 할머니가 왔어요.

나도 갈게!

함께 가져간 것: 옷은 망원경.

길에 둥글게 뛰었어요.

길에 함께 놀았어요.

갑자기 큰 소리가 났어요.

모두 만족하며 집에 감.

호기심은 기적으로."
212,파블로: 보물,"만들기 좋아하는 파블로, 알록 시장에 살았어요.

개울이 졸졸 흘렀어요.

어느 날 파블로, 섬 발견하기 원했어요.

그런데 비가 오기 시작했어요.

다 아는 리나 할머니가 왔어요.

내가 있어서 다행이야.

함께 가져간 것: 작은 칼.

길에 즐겁게 춤췄어요.

길에 개울가에서 뛰었어요.

갑자기 개구리 울음.

그렇게 하루가 완벽했음.

함께면 더 쉬워요."
213,미아: 비밀,"작은 가수 미아, 오래된 우물가에 살았어요.

하늘이 파랬어요.

어느 날 미아, 동굴 찾기 원했어요.

그런데 지도가 없어졌어요.

다 아는 리나 할머니가 왔어요.

함께면 할 수 있어요!

함께 가져간 것: 따뜻한 담요.

길에 둥글게 쉬었어요.

길에 야기했어요.

갑자기 개가 짖음.

모두 박수치며 기뻐함.

진짜 친구는 항상 도와요."
214,레오: 계획,"동물 좋아하는 레오, 놀이터에 살았어요.

새가 즐겁게 짖었어요.

어느 날 레오, 높은 산 보기 원했어요.

그런데 어두워졌어요.

다 아는 리나 할머니가 왔어요.

무서워하지 마요, 돕아드릴게요.

함께 가져간 것: 알록 지도.

길에 즐겁게 뛰었어요.

길에 한동안 춤췄어요.

갑자기 잎이 떨어짐.

그렇게 두려움이 용기가 됐어요.

용기는 보상받아요."
215,안나: 여행,"빨리 생각하는 안나, 파란 강에 살았어요.

풀향기가 났어요.

어느 날 안나, 보물 찾기 원했어요.

그런데 강이 너무 깡어요.

다 아는 리나 할머니가 왔어요.

나도 갈게!

함께 가져간 것: 오래된 동전.

길에 둥글게 놀았어요.

길에 둥글게 웃었어요.

갑자기 벌이 윙윙.

모두 웃으며 집에 갔어요.

호기심은 기적으로."
216,막스: 발견,"명랑한 소년 막스, 초록 초원에 살았어요.

모두 조용하고 평화했어요.

어느 날 막스, 호수 건너기 원했어요.

그런데 나무가 길을 막았어요.

다 아는 리나 할머니가 왔어요.

내가 있어서 다행이야.

함께 가져간 것: 초록 밧줄.

길에 즐겁게 쉬었어요.

길에 즐겁게 걸었어요.

갑자기 노크 소리.

그렇게 모험이 잘 끝났어요.

함께면 더 쉬워요."
217,미로: 놀라움,"호기심 많은 소년 미로, 큰 떡갈나무 아래에 살았어요.

해가 따뜻하게 비췄어요.

어느 날 미로, 바다 찾기 원했어요.

그런데 바람이 셌어요.

다 아는 리나 할머니가 왔어요.

함께면 할 수 있어요!

함께 가져간 것: 작은 등잔.

길에 둥글게 웃었어요.

길에 개울가에서 놀았어요.

갑자기 나비가 춤을 추며 지나갔어요.

끝에 모두 행복했어요.

진짜 친구는 항상 돕아요."
218,레나: 소풍,"그림 좋아하는 레나, 초록 공원에 살았어요.

나비가 날았어요.

어느 날 레나, 별하늘 보기 원했어요.

그런데 안개가 꼈어요.

정원사 오소리 아저씨가 왔어요.

무서워하지 마요, 돕아드릴게요.

함께 가져간 것: 파란 병.

길에 즐겁게 놀았어요.

길에 노래했어요.

갑자기 바람이 불었어요.

모험은 잊지 못할 추억.

용기는 보상받아요."
219,핀: 경주,"작은 몽꿈가 핀, 옷은 숲에 살았어요.

꽃향기가 나요.

어느 날 핀, 탑 오르기 원했어요.

그런데 다리가 고장났어요.

정원사 오소리 아저씨가 왔어요.

나도 갈게!

함께 가져간 것: 노란 가방.

길에 큰 소리로 걸었어요.

길에 한동안 쉬었어요.

갑자기 별똥이 떨어졌어요.

모두 만족하며 집에 감.

호기심은 기적으로."
220,피파: 수수께끼,"용감한 작은 쥐 피파, 노란 들판에 살았어요.

개울이 졸졸 흘렀어요.

어느 날 피파, 옷은 성 보기 원했어요.

그런데 개가 짖었어요.

정원사 오소리 아저씨가 왔어요.

내가 있어서 다행이야.

함께 가져간 것: 빨간 밧줄.

길에 즐겁게 웃었어요.

길에 큰 소리로 춤췄어요.

갑자기 누군가가 웃었어요.

그렇게 하루가 완벽했음.

함께면 더 쉬워요."
221,노라: 선물,"질문 많은 노라, 작은 동네에 살았어요.

하늘이 파랬어요.

어느 날 노라, 숲을 탐험하기 원했어요.

그런데 길이 막혔어요.

정원사 오소리 아저씨가 왔어요.

함께면 할 수 있어요!

함께 가져간 것: 옷은 망원경.

길에 큰 소리로 춤췄어요.

길에 즐겁게 뛰었어요.

갑자기 큰 소리가 났어요.

모두 박수치며 기뻐함.

진짜 친구는 항상 도와요."
222,테오와 큰 모험,"명랑한 소년 테오, 알록 시장에 살았어요.

새가 즐겁게 짖었어요.

어느 날 테오, 섬 발견하기 원했어요.

그런데 비가 오기 시작했어요.

정원사 오소리 아저씨가 왔어요.

무서워하지 마요, 돕아드릴게요.

함께 가져간 것: 작은 칼.

길에 한동안 걸었어요.

길에 둥글게 걸었어요.

갑자기 개구리 울음.

그렇게 두려움이 용기가 됐어요.

용기는 보상받아요."
223,엠마와 비밀,"용감한 소녀 엠마, 오래된 우물가에 살았어요.

풀향기가 났어요.

어느 날 엠마, 동굴 찾기 원했어요.

그런데 지도가 없어졌어요.

정원사 오소리 아저씨가 왔어요.

나도 갈게!

함께 가져간 것: 따뜻한 담요.

길에 큰 소리로 뛰었어요.

길에 함께 춤췄어요.

갑자기 개가 짖음.

모두 웃으며 집에 갔어요.

호기심은 기적으로."
224,파블로의 가장 아름다운 날,"만들기 좋아하는 파블로, 놀이터에 살았어요.

모두 조용하고 평화했어요.

어느 날 파블로, 높은 산 보기 원했어요.

그런데 어두워졌어요.

정원사 오소리 아저씨가 왔어요.

내가 있어서 다행이야.

함께 가져간 것: 알록 지도.

길에 한동안 춤췄어요.

길에 한동안 웃었어요.

갑자기 잎이 떨어짐.

그렇게 모험이 잘 끝났어요.

함께면 더 쉬워요."
225,미아: 보물,"작은 가수 미아, 파란 강에 살았어요.

해가 따뜻하게 비췄어요.

어느 날 미아, 보물 찾기 원했어요.

그런데 강이 너무 깡어요.

재미있는 이웃 미라 이모가 왔어요.

함께면 할 수 있어요!

함께 가져간 것: 오래된 동전.

길에 큰 소리로 쉬었어요.

길에 큰 소리로 뛰었어요.

갑자기 벌이 윙윙.

끝에 모두 행복했어요.

진짜 친구는 항상 돕아요."
226,레오: 비밀,"동물 좋아하는 레오, 초록 초원에 살았어요.

나비가 날았어요.

어느 날 레오, 호수 건너기 원했어요.

그런데 나무가 길을 막았어요.

재미있는 이웃 미라 이모가 왔어요.

무서워하지 마요, 돕아드릴게요.

함께 가져간 것: 초록 밧줄.

길에 한동안 뛰었어요.

길에 즐겁게 놀았어요.

갑자기 노크 소리.

모험은 잊지 못할 추억.

용기는 보상받아요."
227,안나: 계획,"빨리 생각하는 안나, 큰 떡갈나무 아래에 살았어요.

꽃향기가 나요.

어느 날 안나, 바다 찾기 원했어요.

그런데 바람이 셌어요.

재미있는 이웃 미라 이모가 왔어요.

나도 갈게!

함께 가져간 것: 작은 등잔.

길에 큰 소리로 놀았어요.

길에 둥글게 뛰었어요.

갑자기 나비가 춤을 추며 지나갔어요.

모두 만족하며 집에 감.

호기심은 기적으로."
228,막스: 여행,"명랑한 소년 막스, 초록 공원에 살았어요.

개울이 졸졸 흘렀어요.

어느 날 막스, 별하늘 보기 원했어요.

그런데 안개가 꼈어요.

재미있는 이웃 미라 이모가 왔어요.

내가 있어서 다행이야.

함께 가져간 것: 파란 병.

길에 한동안 쉬었어요.

길에 함께 쉬었어요.

갑자기 바람이 불었어요.

그렇게 하루가 완벽했음.

함께면 더 쉬워요."
229,미로: 발견,"호기심 많은 소년 미로, 옷은 숲에 살았어요.

하늘이 파랬어요.

어느 날 미로, 탑 오르기 원했어요.

그런데 다리가 고장났어요.

재미있는 이웃 미라 이모가 왔어요.

함께면 할 수 있어요!

함께 가져간 것: 노란 가방.

길에 큰 소리로 웃었어요.

길에 개울가에서 춤췄어요.

갑자기 별똥이 떨어졌어요.

모두 박수치며 기뻐함.

진짜 친구는 항상 도와요."
230,레나: 놀라움,"그림 좋아하는 레나, 노란 들판에 살았어요.

새가 즐겁게 짖었어요.

어느 날 레나, 옷은 성 보기 원했어요.

그런데 개가 짖었어요.

재미있는 이웃 미라 이모가 왔어요.

무서워하지 마요, 돕아드릴게요.

함께 가져간 것: 빨간 밧줄.

길에 한동안 놀았어요.

길에 큰 소리로 웃었어요.

갑자기 누군가가 웃었어요.

그렇게 두려움이 용기가 됐어요.

용기는 보상받아요."
231,핀: 소풍,"작은 몽꿈가 핀, 작은 동네에 살았어요.

풀향기가 났어요.

어느 날 핀, 숲을 탐험하기 원했어요.

그런데 길이 막혔어요.

재미있는 이웃 미라 이모가 왔어요.

나도 갈게!

함께 가져간 것: 옷은 망원경.

길에 야기했어요.

길에 한동안 걸었어요.

갑자기 큰 소리가 났어요.

모두 웃으며 집에 갔어요.

호기심은 기적으로."
232,피파: 경주,"용감한 작은 쥐 피파, 알록 시장에 살았어요.

모두 조용하고 평화했어요.

어느 날 피파, 섬 발견하기 원했어요.

그런데 비가 오기 시작했어요.

다 고치는 칼 할아버지가 왔어요.

내가 있어서 다행이야.

함께 가져간 것: 작은 칼.

길에 한동안 웃었어요.

길에 둥글게 놀았어요.

갑자기 개구리 울음.

그렇게 모험이 잘 끝났어요.

함께면 더 쉬워요."
233,노라: 수수께끼,"질문 많은 노라, 오래된 우물가에 살았어요.

해가 따뜻하게 비췄어요.

어느 날 노라, 동굴 찾기 원했어요.

그런데 지도가 없어졌어요.

다 고치는 칼 할아버지가 왔어요.

함께면 할 수 있어요!

함께 가져간 것: 따뜻한 담요.

길에 많이 웃었어요.

길에 함께 웃었어요.

갑자기 개가 짖음.

끝에 모두 행복했어요.

진짜 친구는 항상 돕아요."
234,테오: 선물,"명랑한 소년 테오, 놀이터에 살았어요.

나비가 날았어요.

어느 날 테오, 높은 산 보기 원했어요.

그런데 어두워졌어요.

다 고치는 칼 할아버지가 왔어요.

무서워하지 마요, 돕아드릴게요.

함께 가져간 것: 알록 지도.

길에 개울가에서 걸었어요.

길에 개울가에서 쉬었어요.

갑자기 잎이 떨어짐.

모험은 잊지 못할 추억.

용기는 보상받아요."
235,엠마와 큰 모험,"용감한 소녀 엠마, 파란 강에 살았어요.

꽃향기가 나요.

어느 날 엠마, 보물 찾기 원했어요.

그런데 강이 너무 깡어요.

다 고치는 칼 할아버지가 왔어요.

나도 갈게!

함께 가져간 것: 오래된 동전.

길에 노래했어요.

길에 많이 웃었어요.

갑자기 벌이 윙윙.

모두 만족하며 집에 감.

호기심은 기적으로."
236,파블로와 비밀,"만들기 좋아하는 파블로, 초록 초원에 살았어요.

개울이 졸졸 흘렀어요.

어느 날 파블로, 호수 건너기 원했어요.

그런데 나무가 길을 막았어요.

다 고치는 칼 할아버지가 왔어요.

내가 있어서 다행이야.

함께 가져간 것: 초록 밧줄.

길에 개울가에서 춤췄어요.

길에 한동안 뛰었어요.

갑자기 노크 소리.

그렇게 하루가 완벽했음.

함께면 더 쉬워요."
237,미아의 가장 아름다운 날,"작은 가수 미아, 큰 떡갈나무 아래에 살았어요.

하늘이 파랬어요.

어느 날 미아, 바다 찾기 원했어요.

그런데 바람이 셌어요.

다 고치는 칼 할아버지가 왔어요.

함께면 할 수 있어요!

함께 가져간 것: 작은 등잔.

길에 함께 걸었어요.

길에 큰 소리로 걸었어요.

갑자기 나비가 춤을 추며 지나갔어요.

모두 박수치며 기뻐함.

진짜 친구는 항상 도와요."
238,레오: 보물,"동물 좋아하는 레오, 초록 공원에 살았어요.

새가 즐겁게 짖었어요.

어느 날 레오, 별하늘 보기 원했어요.

그런데 안개가 꼈어요.

다 고치는 칼 할아버지가 왔어요.

무서워하지 마요, 돕아드릴게요.

함께 가져간 것: 파란 병.

길에 개울가에서 뛰었어요.

길에 즐겁게 춤췄어요.

갑자기 바람이 불었어요.

그렇게 두려움이 용기가 됐어요.

용기는 보상받아요."
239,안나: 비밀,"빨리 생각하는 안나, 옷은 숲에 살았어요.

풀향기가 났어요.

어느 날 안나, 탑 오르기 원했어요.

그런데 다리가 고장났어요.

빵집 아저씨가 왔어요.

나도 갈게!

함께 가져간 것: 노란 가방.

길에 함께 춤췄어요.

길에 개울가에서 웃었어요.

갑자기 별똥이 떨어졌어요.

모두 웃으며 집에 갔어요.

호기심은 기적으로."
240,막스: 계획,"명랑한 소년 막스, 노란 들판에 살았어요.

모두 조용하고 평화했어요.

어느 날 막스, 옷은 성 보기 원했어요.

그런데 개가 짖었어요.

빵집 아저씨가 왔어요.

내가 있어서 다행이야.

함께 가져간 것: 빨간 밧줄.

길에 개울가에서 쉬었어요.

길에 함께 걸었어요.

갑자기 누군가가 웃었어요.

그렇게 모험이 잘 끝났어요.

함께면 더 쉬워요."
241,미로: 여행,"호기심 많은 소년 미로, 작은 동네에 살았어요.

해가 따뜻하게 비췄어요.

어느 날 미로, 숲을 탐험하기 원했어요.

그런데 길이 막혔어요.

빵집 아저씨가 왔어요.

함께면 할 수 있어요!

함께 가져간 것: 옷은 망원경.

길에 함께 뛰었어요.

길에 한동안 놀았어요.

갑자기 큰 소리가 났어요.

끝에 모두 행복했어요.

진짜 친구는 항상 돕아요."
242,레나: 발견,"그림 좋아하는 레나, 알록 시장에 살았어요.

나비가 날았어요.

어느 날 레나, 섬 발견하기 원했어요.

그런데 비가 오기 시작했어요.

빵집 아저씨가 왔어요.

무서워하지 마요, 돕아드릴게요.

함께 가져간 것: 작은 칼.

길에 개울가에서 놀았어요.

길에 큰 소리로 뛰었어요.

갑자기 개구리 울음.

모험은 잊지 못할 추억.

용기는 보상받아요."
243,핀: 놀라움,"작은 몽꿈가 핀, 오래된 우물가에 살았어요.

꽃향기가 나요.

어느 날 핀, 동굴 찾기 원했어요.

그런데 지도가 없어졌어요.

빵집 아저씨가 왔어요.

나도 갈게!

함께 가져간 것: 따뜻한 담요.

길에 함께 쉬었어요.

길에 즐겁게 쉬었어요.

갑자기 개가 짖음.

모두 만족하며 집에 감.

호기심은 기적으로."
244,피파: 소풍,"용감한 작은 쥐 피파, 놀이터에 살았어요.

개울이 졸졸 흘렀어요.

어느 날 피파, 높은 산 보기 원했어요.

그런데 어두워졌어요.

빵집 아저씨가 왔어요.

내가 있어서 다행이야.

함께 가져간 것: 알록 지도.

길에 개울가에서 웃었어요.

길에 둥글게 춤췄어요.

갑자기 잎이 떨어짐.

그렇게 하루가 완벽했음.

함께면 더 쉬워요."
245,노라: 경주,"질문 많은 노라, 파란 강에 살았어요.

하늘이 파랬어요.

어느 날 노라, 보물 찾기 원했어요.

그런데 강이 너무 깡어요.

빵집 아저씨가 왔어요.

함께면 할 수 있어요!

함께 가져간 것: 오래된 동전.

길에 함께 놀았어요.

길에 함께 뛰었어요.

갑자기 벌이 윙윙.

모두 박수치며 기뻐함.

진짜 친구는 항상 도와요."
246,테오: 수수께끼,"명랑한 소년 테오, 초록 초원에 살았어요.

새가 즐겁게 짖었어요.

어느 날 테오, 호수 건너기 원했어요.

그런데 나무가 길을 막았어요.

우체부가 왔어요.

무서워하지 마요, 돕아드릴게요.

함께 가져간 것: 초록 밧줄.

길에 둥글게 걸었어요.

길에 개울가에서 걸었어요.

갑자기 노크 소리.

그렇게 두려움이 용기가 됐어요.

용기는 보상받아요."
247,엠마: 선물,"용감한 소녀 엠마, 큰 떡갈나무 아래에 살았어요.

풀향기가 났어요.

어느 날 엠마, 바다 찾기 원했어요.

그런데 바람이 셌어요.

우체부가 왔어요.

나도 갈게!

함께 가져간 것: 작은 등잔.

길에 함께 웃었어요.

길에 큰 소리로 놀았어요.

갑자기 나비가 춤을 추며 지나갔어요.

모두 웃으며 집에 갔어요.

호기심은 기적으로."
248,파블로와 큰 모험,"만들기 좋아하는 파블로, 초록 공원에 살았어요.

모두 조용하고 평화했어요.

어느 날 파블로, 별하늘 보기 원했어요.

그런데 안개가 꼈어요.

우체부가 왔어요.

내가 있어서 다행이야.

함께 가져간 것: 파란 병.

길에 둥글게 춤췄어요.

길에 즐겁게 웃었어요.

갑자기 바람이 불었어요.

그렇게 모험이 잘 끝났어요.

함께면 더 쉬워요."
249,미아와 비밀,"작은 가수 미아, 옷은 숲에 살았어요.

해가 따뜻하게 비췄어요.

어느 날 미아, 탑 오르기 원했어요.

그런데 다리가 고장났어요.

우체부가 왔어요.

함께면 할 수 있어요!

함께 가져간 것: 노란 가방.

길에 즐겁게 걸었어요.

길에 둥글게 쉬었어요.

갑자기 별똥이 떨어졌어요.

끝에 모두 행복했어요.

진짜 친구는 항상 돕아요."
250,레오의 가장 아름다운 날,"동물 좋아하는 레오, 노란 들판에 살았어요.

나비가 날았어요.

어느 날 레오, 옷은 성 보기 원했어요.

그런데 개가 짖었어요.

우체부가 왔어요.

무서워하지 마요, 돕아드릴게요.

함께 가져간 것: 빨간 밧줄.

길에 둥글게 뛰었어요.

길에 함께 놀았어요.

갑자기 누군가가 웃었어요.

모험은 잊지 못할 추억.

용기는 보상받아요."
251,안나: 보물,"빨리 생각하는 안나, 작은 동네에 살았어요.

꽃향기가 나요.

어느 날 안나, 숲을 탐험하기 원했어요.

그런데 길이 막혔어요.

우체부가 왔어요.

나도 갈게!

함께 가져간 것: 옷은 망원경.

길에 즐겁게 춤췄어요.

길에 개울가에서 뛰었어요.

갑자기 큰 소리가 났어요.

모두 만족하며 집에 감.

호기심은 기적으로."
252,막스: 비밀,"명랑한 소년 막스, 알록 시장에 살았어요.

개울이 졸졸 흘렀어요.

어느 날 막스, 섬 발견하기 원했어요.

그런데 비가 오기 시작했어요.

우체부가 왔어요.

내가 있어서 다행이야.

함께 가져간 것: 작은 칼.

길에 둥글게 쉬었어요.

길에 야기했어요.

갑자기 개구리 울음.

그렇게 하루가 완벽했음.

함께면 더 쉬워요."
253,미로: 계획,"호기심 많은 소년 미로, 오래된 우물가에 살았어요.

하늘이 파랬어요.

어느 날 미로, 동굴 찾기 원했어요.

그런데 지도가 없어졌어요.

다 아는 리나 할머니가 왔어요.

함께면 할 수 있어요!

함께 가져간 것: 따뜻한 담요.

길에 즐겁게 뛰었어요.

길에 한동안 춤췄어요.

갑자기 개가 짖음.

모두 박수치며 기뻐함.

진짜 친구는 항상 도와요."
254,레나: 여행,"그림 좋아하는 레나, 놀이터에 살았어요.

새가 즐겁게 짖었어요.

어느 날 레나, 높은 산 보기 원했어요.

그런데 어두워졌어요.

다 아는 리나 할머니가 왔어요.

무서워하지 마요, 돕아드릴게요.

함께 가져간 것: 알록 지도.

길에 둥글게 놀았어요.

길에 둥글게 웃었어요.

갑자기 잎이 떨어짐.

그렇게 두려움이 용기가 됐어요.

용기는 보상받아요."
255,핀: 발견,"작은 몽꿈가 핀, 파란 강에 살았어요.

풀향기가 났어요.

어느 날 핀, 보물 찾기 원했어요.

그런데 강이 너무 깡어요.

다 아는 리나 할머니가 왔어요.

나도 갈게!

함께 가져간 것: 오래된 동전.

길에 즐겁게 쉬었어요.

길에 즐겁게 걸었어요.

갑자기 벌이 윙윙.

모두 웃으며 집에 갔어요.

호기심은 기적으로."
256,피파: 놀라움,"용감한 작은 쥐 피파, 초록 초원에 살았어요.

모두 조용하고 평화했어요.

어느 날 피파, 호수 건너기 원했어요.

그런데 나무가 길을 막았어요.

다 아는 리나 할머니가 왔어요.

내가 있어서 다행이야.

함께 가져간 것: 초록 밧줄.

길에 둥글게 웃었어요.

길에 개울가에서 놀았어요.

갑자기 노크 소리.

그렇게 모험이 잘 끝났어요.

함께면 더 쉬워요."
257,노라: 소풍,"질문 많은 노라, 큰 떡갈나무 아래에 살았어요.

해가 따뜻하게 비췄어요.

어느 날 노라, 바다 찾기 원했어요.

그런데 바람이 셌어요.

다 아는 리나 할머니가 왔어요.

함께면 할 수 있어요!

함께 가져간 것: 작은 등잔.

길에 즐겁게 놀았어요.

길에 노래했어요.

갑자기 나비가 춤을 추며 지나갔어요.

끝에 모두 행복했어요.

진짜 친구는 항상 돕아요."
258,테오: 경주,"명랑한 소년 테오, 초록 공원에 살았어요.

나비가 날았어요.

어느 날 테오, 별하늘 보기 원했어요.

그런데 안개가 꼈어요.

다 아는 리나 할머니가 왔어요.

무서워하지 마요, 돕아드릴게요.

함께 가져간 것: 파란 병.

길에 큰 소리로 걸었어요.

길에 한동안 쉬었어요.

갑자기 바람이 불었어요.

모험은 잊지 못할 추억.

용기는 보상받아요."
259,엠마: 수수께끼,"용감한 소녀 엠마, 옷은 숲에 살았어요.

꽃향기가 나요.

어느 날 엠마, 탑 오르기 원했어요.

그런데 다리가 고장났어요.

다 아는 리나 할머니가 왔어요.

나도 갈게!

함께 가져간 것: 노란 가방.

길에 즐겁게 웃었어요.

길에 큰 소리로 춤췄어요.

갑자기 별똥이 떨어졌어요.

모두 만족하며 집에 감.

호기심은 기적으로."
260,파블로: 선물,"만들기 좋아하는 파블로, 노란 들판에 살았어요.

개울이 졸졸 흘렀어요.

어느 날 파블로, 옷은 성 보기 원했어요.

그런데 개가 짖었어요.

정원사 오소리 아저씨가 왔어요.

내가 있어서 다행이야.

함께 가져간 것: 빨간 밧줄.

길에 큰 소리로 춤췄어요.

길에 즐겁게 뛰었어요.

갑자기 누군가가 웃었어요.

그렇게 하루가 완벽했음.

함께면 더 쉬워요."
261,미아와 큰 모험,"작은 가수 미아, 작은 동네에 살았어요.

하늘이 파랬어요.

어느 날 미아, 숲을 탐험하기 원했어요.

그런데 길이 막혔어요.

정원사 오소리 아저씨가 왔어요.

함께면 할 수 있어요!

함께 가져간 것: 옷은 망원경.

길에 한동안 걸었어요.

길에 둥글게 걸었어요.

갑자기 큰 소리가 났어요.

모두 박수치며 기뻐함.

진짜 친구는 항상 도와요."
262,레오와 비밀,"동물 좋아하는 레오, 알록 시장에 살았어요.

새가 즐겁게 짖었어요.

어느 날 레오, 섬 발견하기 원했어요.

그런데 비가 오기 시작했어요.

정원사 오소리 아저씨가 왔어요.

무서워하지 마요, 돕아드릴게요.

함께 가져간 것: 작은 칼.

길에 큰 소리로 뛰었어요.

길에 함께 춤췄어요.

갑자기 개구리 울음.

그렇게 두려움이 용기가 됐어요.

용기는 보상받아요."
263,안나의 가장 아름다운 날,"빨리 생각하는 안나, 오래된 우물가에 살았어요.

풀향기가 났어요.

어느 날 안나, 동굴 찾기 원했어요.

그런데 지도가 없어졌어요.

정원사 오소리 아저씨가 왔어요.

나도 갈게!

함께 가져간 것: 따뜻한 담요.

길에 한동안 춤췄어요.

길에 한동안 웃었어요.

갑자기 개가 짖음.

모두 웃으며 집에 갔어요.

호기심은 기적으로."
264,막스: 보물,"명랑한 소년 막스, 놀이터에 살았어요.

모두 조용하고 평화했어요.

어느 날 막스, 높은 산 보기 원했어요.

그런데 어두워졌어요.

정원사 오소리 아저씨가 왔어요.

내가 있어서 다행이야.

함께 가져간 것: 알록 지도.

길에 큰 소리로 쉬었어요.

길에 큰 소리로 뛰었어요.

갑자기 잎이 떨어짐.

그렇게 모험이 잘 끝났어요.

함께면 더 쉬워요."
265,미로: 비밀,"호기심 많은 소년 미로, 파란 강에 살았어요.

해가 따뜻하게 비췄어요.

어느 날 미로, 보물 찾기 원했어요.

그런데 강이 너무 깡어요.

정원사 오소리 아저씨가 왔어요.

함께면 할 수 있어요!

함께 가져간 것: 오래된 동전.

길에 한동안 뛰었어요.

길에 즐겁게 놀았어요.

갑자기 벌이 윙윙.

끝에 모두 행복했어요.

진짜 친구는 항상 돕아요."
266,레나: 계획,"그림 좋아하는 레나, 초록 초원에 살았어요.

나비가 날았어요.

어느 날 레나, 호수 건너기 원했어요.

그런데 나무가 길을 막았어요.

정원사 오소리 아저씨가 왔어요.

무서워하지 마요, 돕아드릴게요.

함께 가져간 것: 초록 밧줄.

길에 큰 소리로 놀았어요.

길에 둥글게 뛰었어요.

갑자기 노크 소리.

모험은 잊지 못할 추억.

용기는 보상받아요."
267,핀: 여행,"작은 몽꿈가 핀, 큰 떡갈나무 아래에 살았어요.

꽃향기가 나요.

어느 날 핀, 바다 찾기 원했어요.

그런데 바람이 셌어요.

재미있는 이웃 미라 이모가 왔어요.

나도 갈게!

함께 가져간 것: 작은 등잔.

길에 한동안 쉬었어요.

길에 함께 쉬었어요.

갑자기 나비가 춤을 추며 지나갔어요.

모두 만족하며 집에 감.

호기심은 기적으로."
268,피파: 발견,"용감한 작은 쥐 피파, 초록 공원에 살았어요.

개울이 졸졸 흘렀어요.

어느 날 피파, 별하늘 보기 원했어요.

그런데 안개가 꼈어요.

재미있는 이웃 미라 이모가 왔어요.

내가 있어서 다행이야.

함께 가져간 것: 파란 병.

길에 큰 소리로 웃었어요.

길에 개울가에서 춤췄어요.

갑자기 바람이 불었어요.

그렇게 하루가 완벽했음.

함께면 더 쉬워요."
269,노라: 놀라움,"질문 많은 노라, 옷은 숲에 살았어요.

하늘이 파랬어요.

어느 날 노라, 탑 오르기 원했어요.

그런데 다리가 고장났어요.

재미있는 이웃 미라 이모가 왔어요.

함께면 할 수 있어요!

함께 가져간 것: 노란 가방.

길에 한동안 놀았어요.

길에 큰 소리로 웃었어요.

갑자기 별똥이 떨어졌어요.

모두 박수치며 기뻐함.

진짜 친구는 항상 도와요."
270,테오: 소풍,"명랑한 소년 테오, 노란 들판에 살았어요.

새가 즐겁게 짖었어요.

어느 날 테오, 옷은 성 보기 원했어요.

그런데 개가 짖었어요.

재미있는 이웃 미라 이모가 왔어요.

무서워하지 마요, 돕아드릴게요.

함께 가져간 것: 빨간 밧줄.

길에 야기했어요.

길에 한동안 걸었어요.

갑자기 누군가가 웃었어요.

그렇게 두려움이 용기가 됐어요.

용기는 보상받아요."
271,엠마: 경주,"용감한 소녀 엠마, 작은 동네에 살았어요.

풀향기가 났어요.

어느 날 엠마, 숲을 탐험하기 원했어요.

그런데 길이 막혔어요.

재미있는 이웃 미라 이모가 왔어요.

나도 갈게!

함께 가져간 것: 옷은 망원경.

길에 한동안 웃었어요.

길에 둥글게 놀았어요.

갑자기 큰 소리가 났어요.

모두 웃으며 집에 갔어요.

호기심은 기적으로."
272,파블로: 수수께끼,"만들기 좋아하는 파블로, 알록 시장에 살았어요.

모두 조용하고 평화했어요.

어느 날 파블로, 섬 발견하기 원했어요.

그런데 비가 오기 시작했어요.

재미있는 이웃 미라 이모가 왔어요.

내가 있어서 다행이야.

함께 가져간 것: 작은 칼.

길에 많이 웃었어요.

길에 함께 웃었어요.

갑자기 개구리 울음.

그렇게 모험이 잘 끝났어요.

함께면 더 쉬워요."
273,미아: 선물,"작은 가수 미아, 오래된 우물가에 살았어요.

해가 따뜻하게 비췄어요.

어느 날 미아, 동굴 찾기 원했어요.

그런데 지도가 없어졌어요.

재미있는 이웃 미라 이모가 왔어요.

함께면 할 수 있어요!

함께 가져간 것: 따뜻한 담요.

길에 개울가에서 걸었어요.

길에 개울가에서 쉬었어요.

갑자기 개가 짖음.

끝에 모두 행복했어요.

진짜 친구는 항상 돕아요."
274,레오와 큰 모험,"동물 좋아하는 레오, 놀이터에 살았어요.

나비가 날았어요.

어느 날 레오, 높은 산 보기 원했어요.

그런데 어두워졌어요.

다 고치는 칼 할아버지가 왔어요.

무서워하지 마요, 돕아드릴게요.

함께 가져간 것: 알록 지도.

길에 노래했어요.

길에 많이 웃었어요.

갑자기 잎이 떨어짐.

모험은 잊지 못할 추억.

용기는 보상받아요."
275,안나와 비밀,"빨리 생각하는 안나, 파란 강에 살았어요.

꽃향기가 나요.

어느 날 안나, 보물 찾기 원했어요.

그런데 강이 너무 깡어요.

다 고치는 칼 할아버지가 왔어요.

나도 갈게!

함께 가져간 것: 오래된 동전.

길에 개울가에서 춤췄어요.

길에 한동안 뛰었어요.

갑자기 벌이 윙윙.

모두 만족하며 집에 감.

호기심은 기적으로."
276,막스의 가장 아름다운 날,"명랑한 소년 막스, 초록 초원에 살았어요.

개울이 졸졸 흘렀어요.

어느 날 막스, 호수 건너기 원했어요.

그런데 나무가 길을 막았어요.

다 고치는 칼 할아버지가 왔어요.

내가 있어서 다행이야.

함께 가져간 것: 초록 밧줄.

길에 함께 걸었어요.

길에 큰 소리로 걸었어요.

갑자기 노크 소리.

그렇게 하루가 완벽했음.

함께면 더 쉬워요."
277,미로: 보물,"호기심 많은 소년 미로, 큰 떡갈나무 아래에 살았어요.

하늘이 파랬어요.

어느 날 미로, 바다 찾기 원했어요.

그런데 바람이 셌어요.

다 고치는 칼 할아버지가 왔어요.

함께면 할 수 있어요!

함께 가져간 것: 작은 등잔.

길에 개울가에서 뛰었어요.

길에 즐겁게 춤췄어요.

갑자기 나비가 춤을 추며 지나갔어요.

모두 박수치며 기뻐함.

진짜 친구는 항상 도와요."
278,레나: 비밀,"그림 좋아하는 레나, 초록 공원에 살았어요.

새가 즐겁게 짖었어요.

어느 날 레나, 별하늘 보기 원했어요.

그런데 안개가 꼈어요.

다 고치는 칼 할아버지가 왔어요.

무서워하지 마요, 돕아드릴게요.

함께 가져간 것: 파란 병.

길에 함께 춤췄어요.

길에 개울가에서 웃었어요.

갑자기 바람이 불었어요.

그렇게 두려움이 용기가 됐어요.

용기는 보상받아요."
279,핀: 계획,"작은 몽꿈가 핀, 옷은 숲에 살았어요.

풀향기가 났어요.

어느 날 핀, 탑 오르기 원했어요.

그런데 다리가 고장났어요.

다 고치는 칼 할아버지가 왔어요.

나도 갈게!

함께 가져간 것: 노란 가방.

길에 개울가에서 쉬었어요.

길에 함께 걸었어요.

갑자기 별똥이 떨어졌어요.

모두 웃으며 집에 갔어요.

호기심은 기적으로."
280,피파: 여행,"용감한 작은 쥐 피파, 노란 들판에 살았어요.

모두 조용하고 평화했어요.

어느 날 피파, 옷은 성 보기 원했어요.

그런데 개가 짖었어요.

다 고치는 칼 할아버지가 왔어요.

내가 있어서 다행이야.

함께 가져간 것: 빨간 밧줄.

길에 함께 뛰었어요.

길에 한동안 놀았어요.

갑자기 누군가가 웃었어요.

그렇게 모험이 잘 끝났어요.

함께면 더 쉬워요."
281,노라: 발견,"질문 많은 노라, 작은 동네에 살았어요.

해가 따뜻하게 비췄어요.

어느 날 노라, 숲을 탐험하기 원했어요.

그런데 길이 막혔어요.

빵집 아저씨가 왔어요.

함께면 할 수 있어요!

함께 가져간 것: 옷은 망원경.

길에 개울가에서 놀았어요.

길에 큰 소리로 뛰었어요.

갑자기 큰 소리가 났어요.

끝에 모두 행복했어요.

진짜 친구는 항상 돕아요."
282,테오: 놀라움,"명랑한 소년 테오, 알록 시장에 살았어요.

나비가 날았어요.

어느 날 테오, 섬 발견하기 원했어요.

그런데 비가 오기 시작했어요.

빵집 아저씨가 왔어요.

무서워하지 마요, 돕아드릴게요.

함께 가져간 것: 작은 칼.

길에 함께 쉬었어요.

길에 즐겁게 쉬었어요.

갑자기 개구리 울음.

모험은 잊지 못할 추억.

용기는 보상받아요."
283,엠마: 소풍,"용감한 소녀 엠마, 오래된 우물가에 살았어요.

꽃향기가 나요.

어느 날 엠마, 동굴 찾기 원했어요.

그런데 지도가 없어졌어요.

빵집 아저씨가 왔어요.

나도 갈게!

함께 가져간 것: 따뜻한 담요.

길에 개울가에서 웃었어요.

길에 둥글게 춤췄어요.

갑자기 개가 짖음.

모두 만족하며 집에 감.

호기심은 기적으로."
284,파블로: 경주,"만들기 좋아하는 파블로, 놀이터에 살았어요.

개울이 졸졸 흘렀어요.

어느 날 파블로, 높은 산 보기 원했어요.

그런데 어두워졌어요.

빵집 아저씨가 왔어요.

내가 있어서 다행이야.

함께 가져간 것: 알록 지도.

길에 함께 놀았어요.

길에 함께 뛰었어요.

갑자기 잎이 떨어짐.

그렇게 하루가 완벽했음.

함께면 더 쉬워요."
285,미아: 수수께끼,"작은 가수 미아, 파란 강에 살았어요.

하늘이 파랬어요.

어느 날 미아, 보물 찾기 원했어요.

그런데 강이 너무 깡어요.

빵집 아저씨가 왔어요.

함께면 할 수 있어요!

함께 가져간 것: 오래된 동전.

길에 둥글게 걸었어요.

길에 개울가에서 걸었어요.

갑자기 벌이 윙윙.

모두 박수치며 기뻐함.

진짜 친구는 항상 도와요."
286,레오: 선물,"동물 좋아하는 레오, 초록 초원에 살았어요.

새가 즐겁게 짖었어요.

어느 날 레오, 호수 건너기 원했어요.

그런데 나무가 길을 막았어요.

빵집 아저씨가 왔어요.

무서워하지 마요, 돕아드릴게요.

함께 가져간 것: 초록 밧줄.

길에 함께 웃었어요.

길에 큰 소리로 놀았어요.

갑자기 노크 소리.

그렇게 두려움이 용기가 됐어요.

용기는 보상받아요."
287,안나와 큰 모험,"빨리 생각하는 안나, 큰 떡갈나무 아래에 살았어요.

풀향기가 났어요.

어느 날 안나, 바다 찾기 원했어요.

그런데 바람이 셌어요.

빵집 아저씨가 왔어요.

나도 갈게!

함께 가져간 것: 작은 등잔.

길에 둥글게 춤췄어요.

길에 즐겁게 웃었어요.

갑자기 나비가 춤을 추며 지나갔어요.

모두 웃으며 집에 갔어요.

호기심은 기적으로."
288,막스와 비밀,"명랑한 소년 막스, 초록 공원에 살았어요.

모두 조용하고 평화했어요.

어느 날 막스, 별하늘 보기 원했어요.

그런데 안개가 꼈어요.

우체부가 왔어요.

내가 있어서 다행이야.

함께 가져간 것: 파란 병.

길에 즐겁게 걸었어요.

길에 둥글게 쉬었어요.

갑자기 바람이 불었어요.

그렇게 모험이 잘 끝났어요.

함께면 더 쉬워요."
289,미로의 가장 아름다운 날,"호기심 많은 소년 미로, 옷은 숲에 살았어요.

해가 따뜻하게 비췄어요.

어느 날 미로, 탑 오르기 원했어요.

그런데 다리가 고장났어요.

우체부가 왔어요.

함께면 할 수 있어요!

함께 가져간 것: 노란 가방.

길에 둥글게 뛰었어요.

길에 함께 놀았어요.

갑자기 별똥이 떨어졌어요.

끝에 모두 행복했어요.

진짜 친구는 항상 돕아요."
290,레나: 보물,"그림 좋아하는 레나, 노란 들판에 살았어요.

나비가 날았어요.

어느 날 레나, 옷은 성 보기 원했어요.

그런데 개가 짖었어요.

우체부가 왔어요.

무서워하지 마요, 돕아드릴게요.

함께 가져간 것: 빨간 밧줄.

길에 즐겁게 춤췄어요.

길에 개울가에서 뛰었어요.

갑자기 누군가가 웃었어요.

모험은 잊지 못할 추억.

용기는 보상받아요."
291,핀: 비밀,"작은 몽꿈가 핀, 작은 동네에 살았어요.

꽃향기가 나요.

어느 날 핀, 숲을 탐험하기 원했어요.

그런데 길이 막혔어요.

우체부가 왔어요.

나도 갈게!

함께 가져간 것: 옷은 망원경.

길에 둥글게 쉬었어요.

길에 야기했어요.

갑자기 큰 소리가 났어요.

모두 만족하며 집에 감.

호기심은 기적으로."
292,피파: 계획,"용감한 작은 쥐 피파, 알록 시장에 살았어요.

개울이 졸졸 흘렀어요.

어느 날 피파, 섬 발견하기 원했어요.

그런데 비가 오기 시작했어요.

우체부가 왔어요.

내가 있어서 다행이야.

함께 가져간 것: 작은 칼.

길에 즐겁게 뛰었어요.

길에 한동안 춤췄어요.

갑자기 개구리 울음.

그렇게 하루가 완벽했음.

함께면 더 쉬워요."
293,노라: 여행,"질문 많은 노라, 오래된 우물가에 살았어요.

하늘이 파랬어요.

어느 날 노라, 동굴 찾기 원했어요.

그런데 지도가 없어졌어요.

우체부가 왔어요.

함께면 할 수 있어요!

함께 가져간 것: 따뜻한 담요.

길에 둥글게 놀았어요.

길에 둥글게 웃었어요.

갑자기 개가 짖음.

모두 박수치며 기뻐함.

진짜 친구는 항상 도와요."
294,테오: 발견,"명랑한 소년 테오, 놀이터에 살았어요.

새가 즐겁게 짖었어요.

어느 날 테오, 높은 산 보기 원했어요.

그런데 어두워졌어요.

우체부가 왔어요.

무서워하지 마요, 돕아드릴게요.

함께 가져간 것: 알록 지도.

길에 즐겁게 쉬었어요.

길에 즐겁게 걸었어요.

갑자기 잎이 떨어짐.

그렇게 두려움이 용기가 됐어요.

용기는 보상받아요."
295,엠마: 놀라움,"용감한 소녀 엠마, 파란 강에 살았어요.

풀향기가 났어요.

어느 날 엠마, 보물 찾기 원했어요.

그런데 강이 너무 깡어요.

다 아는 리나 할머니가 왔어요.

나도 갈게!

함께 가져간 것: 오래된 동전.

길에 둥글게 웃었어요.

길에 개울가에서 놀았어요.

갑자기 벌이 윙윙.

모두 웃으며 집에 갔어요.

호기심은 기적으로."
296,파블로: 소풍,"만들기 좋아하는 파블로, 초록 초원에 살았어요.

모두 조용하고 평화했어요.

어느 날 파블로, 호수 건너기 원했어요.

그런데 나무가 길을 막았어요.

다 아는 리나 할머니가 왔어요.

내가 있어서 다행이야.

함께 가져간 것: 초록 밧줄.

길에 즐겁게 놀았어요.

길에 노래했어요.

갑자기 노크 소리.

그렇게 모험이 잘 끝났어요.

함께면 더 쉬워요."
297,미아: 경주,"작은 가수 미아, 큰 떡갈나무 아래에 살았어요.

해가 따뜻하게 비췄어요.

어느 날 미아, 바다 찾기 원했어요.

그런데 바람이 셌어요.

다 아는 리나 할머니가 왔어요.

함께면 할 수 있어요!

함께 가져간 것: 작은 등잔.

길에 큰 소리로 걸었어요.

길에 한동안 쉬었어요.

갑자기 나비가 춤을 추며 지나갔어요.

끝에 모두 행복했어요.

진짜 친구는 항상 돕아요."
298,레오: 수수께끼,"동물 좋아하는 레오, 초록 공원에 살았어요.

나비가 날았어요.

어느 날 레오, 별하늘 보기 원했어요.

그런데 안개가 꼈어요.

다 아는 리나 할머니가 왔어요.

무서워하지 마요, 돕아드릴게요.

함께 가져간 것: 파란 병.

길에 즐겁게 웃었어요.

길에 큰 소리로 춤췄어요.

갑자기 바람이 불었어요.

모험은 잊지 못할 추억.

용기는 보상받아요."
299,안나: 선물,"빨리 생각하는 안나, 옷은 숲에 살았어요.

꽃향기가 나요.

어느 날 안나, 탑 오르기 원했어요.

그런데 다리가 고장났어요.

다 아는 리나 할머니가 왔어요.

나도 갈게!

함께 가져간 것: 노란 가방.

길에 큰 소리로 춤췄어요.

길에 즐겁게 뛰었어요.

갑자기 별똥이 떨어졌어요.

모두 만족하며 집에 감.

호기심은 기적으로."
300,막스와 큰 모험,"명랑한 소년 막스, 노란 들판에 살았어요.

개울이 졸졸 흘렀어요.

어느 날 막스, 옷은 성 보기 원했어요.

그런데 개가 짖었어요.

다 아는 리나 할머니가 왔어요.

내가 있어서 다행이야.

함께 가져간 것: 빨간 밧줄.

길에 한동안 걸었어요.

길에 둥글게 걸었어요.

갑자기 누군가가 웃었어요.

그렇게 하루가 완벽했음.

함께면 더 쉬워요."
301,미로와 비밀,"호기심 많은 소년 미로, 작은 동네에 살았어요.

하늘이 파랬어요.

어느 날 미로, 숲을 탐험하기 원했어요.

그런데 길이 막혔어요.

다 아는 리나 할머니가 왔어요.

함께면 할 수 있어요!

함께 가져간 것: 옷은 망원경.

길에 큰 소리로 뛰었어요.

길에 함께 춤췄어요.

갑자기 큰 소리가 났어요.

모두 박수치며 기뻐함.

진짜 친구는 항상 도와요."
302,레나의 가장 아름다운 날,"그림 좋아하는 레나, 알록 시장에 살았어요.

새가 즐겁게 짖었어요.

어느 날 레나, 섬 발견하기 원했어요.

그런데 비가 오기 시작했어요.

정원사 오소리 아저씨가 왔어요.

무서워하지 마요, 돕아드릴게요.

함께 가져간 것: 작은 칼.

길에 한동안 춤췄어요.

길에 한동안 웃었어요.

갑자기 개구리 울음.

그렇게 두려움이 용기가 됐어요.

용기는 보상받아요."
303,핀: 보물,"작은 몽꿈가 핀, 오래된 우물가에 살았어요.

풀향기가 났어요.

어느 날 핀, 동굴 찾기 원했어요.

그런데 지도가 없어졌어요.

정원사 오소리 아저씨가 왔어요.

나도 갈게!

함께 가져간 것: 따뜻한 담요.

길에 큰 소리로 쉬었어요.

길에 큰 소리로 뛰었어요.

갑자기 개가 짖음.

모두 웃으며 집에 갔어요.

호기심은 기적으로."
304,피파: 비밀,"용감한 작은 쥐 피파, 놀이터에 살았어요.

모두 조용하고 평화했어요.

어느 날 피파, 높은 산 보기 원했어요.

그런데 어두워졌어요.

정원사 오소리 아저씨가 왔어요.

내가 있어서 다행이야.

함께 가져간 것: 알록 지도.

길에 한동안 뛰었어요.

길에 즐겁게 놀았어요.

갑자기 잎이 떨어짐.

그렇게 모험이 잘 끝났어요.

함께면 더 쉬워요."
305,노라: 계획,"질문 많은 노라, 파란 강에 살았어요.

해가 따뜻하게 비췄어요.

어느 날 노라, 보물 찾기 원했어요.

그런데 강이 너무 깡어요.

정원사 오소리 아저씨가 왔어요.

함께면 할 수 있어요!

함께 가져간 것: 오래된 동전.

길에 큰 소리로 놀았어요.

길에 둥글게 뛰었어요.

갑자기 벌이 윙윙.

끝에 모두 행복했어요.

진짜 친구는 항상 돕아요."
306,테오: 여행,"명랑한 소년 테오, 초록 초원에 살았어요.

나비가 날았어요.

어느 날 테오, 호수 건너기 원했어요.

그런데 나무가 길을 막았어요.

정원사 오소리 아저씨가 왔어요.

무서워하지 마요, 돕아드릴게요.

함께 가져간 것: 초록 밧줄.

길에 한동안 쉬었어요.

길에 함께 쉬었어요.

갑자기 노크 소리.

모험은 잊지 못할 추억.

용기는 보상받아요."
307,엠마: 발견,"용감한 소녀 엠마, 큰 떡갈나무 아래에 살았어요.

꽃향기가 나요.

어느 날 엠마, 바다 찾기 원했어요.

그런데 바람이 셌어요.

정원사 오소리 아저씨가 왔어요.

나도 갈게!

함께 가져간 것: 작은 등잔.

길에 큰 소리로 웃었어요.

길에 개울가에서 춤췄어요.

갑자기 나비가 춤을 추며 지나갔어요.

모두 만족하며 집에 감.

호기심은 기적으로."
308,파블로: 놀라움,"만들기 좋아하는 파블로, 초록 공원에 살았어요.

개울이 졸졸 흘렀어요.

어느 날 파블로, 별하늘 보기 원했어요.

그런데 안개가 꼈어요.

정원사 오소리 아저씨가 왔어요.

내가 있어서 다행이야.

함께 가져간 것: 파란 병.

길에 한동안 놀았어요.

길에 큰 소리로 웃었어요.

갑자기 바람이 불었어요.

그렇게 하루가 완벽했음.

함께면 더 쉬워요."
309,미아: 소풍,"작은 가수 미아, 옷은 숲에 살았어요.

하늘이 파랬어요.

어느 날 미아, 탑 오르기 원했어요.

그런데 다리가 고장났어요.

재미있는 이웃 미라 이모가 왔어요.

함께면 할 수 있어요!

함께 가져간 것: 노란 가방.

길에 야기했어요.

길에 한동안 걸었어요.

갑자기 별똥이 떨어졌어요.

모두 박수치며 기뻐함.

진짜 친구는 항상 도와요."
310,레오: 경주,"동물 좋아하는 레오, 노란 들판에 살았어요.

새가 즐겁게 짖었어요.

어느 날 레오, 옷은 성 보기 원했어요.

그런데 개가 짖었어요.

재미있는 이웃 미라 이모가 왔어요.

무서워하지 마요, 돕아드릴게요.

함께 가져간 것: 빨간 밧줄.

길에 한동안 웃었어요.

길에 둥글게 놀았어요.

갑자기 누군가가 웃었어요.

그렇게 두려움이 용기가 됐어요.

용기는 보상받아요."
311,안나: 수수께끼,"빨리 생각하는 안나, 작은 동네에 살았어요.

풀향기가 났어요.

어느 날 안나, 숲을 탐험하기 원했어요.

그런데 길이 막혔어요.

재미있는 이웃 미라 이모가 왔어요.

나도 갈게!

함께 가져간 것: 옷은 망원경.

길에 많이 웃었어요.

길에 함께 웃었어요.

갑자기 큰 소리가 났어요.

모두 웃으며 집에 갔어요.

호기심은 기적으로."
312,막스: 선물,"명랑한 소년 막스, 알록 시장에 살았어요.

모두 조용하고 평화했어요.

어느 날 막스, 섬 발견하기 원했어요.

그런데 비가 오기 시작했어요.

재미있는 이웃 미라 이모가 왔어요.

내가 있어서 다행이야.

함께 가져간 것: 작은 칼.

길에 개울가에서 걸었어요.

길에 개울가에서 쉬었어요.

갑자기 개구리 울음.

그렇게 모험이 잘 끝났어요.

함께면 더 쉬워요."
313,미로와 큰 모험,"호기심 많은 소년 미로, 오래된 우물가에 살았어요.

해가 따뜻하게 비췄어요.

어느 날 미로, 동굴 찾기 원했어요.

그런데 지도가 없어졌어요.

재미있는 이웃 미라 이모가 왔어요.

함께면 할 수 있어요!

함께 가져간 것: 따뜻한 담요.

길에 노래했어요.

길에 많이 웃었어요.

갑자기 개가 짖음.

끝에 모두 행복했어요.

진짜 친구는 항상 돕아요."
314,레나와 비밀,"그림 좋아하는 레나, 놀이터에 살았어요.

나비가 날았어요.

어느 날 레나, 높은 산 보기 원했어요.

그런데 어두워졌어요.

재미있는 이웃 미라 이모가 왔어요.

무서워하지 마요, 돕아드릴게요.

함께 가져간 것: 알록 지도.

길에 개울가에서 춤췄어요.

길에 한동안 뛰었어요.

갑자기 잎이 떨어짐.

모험은 잊지 못할 추억.

용기는 보상받아요."
315,핀의 가장 아름다운 날,"작은 몽꿈가 핀, 파란 강에 살았어요.

꽃향기가 나요.

어느 날 핀, 보물 찾기 원했어요.

그런데 강이 너무 깡어요.

재미있는 이웃 미라 이모가 왔어요.

나도 갈게!

함께 가져간 것: 오래된 동전.

길에 함께 걸었어요.

길에 큰 소리로 걸었어요.

갑자기 벌이 윙윙.

모두 만족하며 집에 감.

호기심은 기적으로."
316,피파: 보물,"용감한 작은 쥐 피파, 초록 초원에 살았어요.

개울이 졸졸 흘렀어요.

어느 날 피파, 호수 건너기 원했어요.

그런데 나무가 길을 막았어요.

다 고치는 칼 할아버지가 왔어요.

내가 있어서 다행이야.

함께 가져간 것: 초록 밧줄.

길에 개울가에서 뛰었어요.

길에 즐겁게 춤췄어요.

갑자기 노크 소리.

그렇게 하루가 완벽했음.

함께면 더 쉬워요."
317,노라: 비밀,"질문 많은 노라, 큰 떡갈나무 아래에 살았어요.

하늘이 파랬어요.

어느 날 노라, 바다 찾기 원했어요.

그런데 바람이 셌어요.

다 고치는 칼 할아버지가 왔어요.

함께면 할 수 있어요!

함께 가져간 것: 작은 등잔.

길에 함께 춤췄어요.

길에 개울가에서 웃었어요.

갑자기 나비가 춤을 추며 지나갔어요.

모두 박수치며 기뻐함.

진짜 친구는 항상 도와요."
318,테오: 계획,"명랑한 소년 테오, 초록 공원에 살았어요.

새가 즐겁게 짖었어요.

어느 날 테오, 별하늘 보기 원했어요.

그런데 안개가 꼈어요.

다 고치는 칼 할아버지가 왔어요.

무서워하지 마요, 돕아드릴게요.

함께 가져간 것: 파란 병.

길에 개울가에서 쉬었어요.

길에 함께 걸었어요.

갑자기 바람이 불었어요.

그렇게 두려움이 용기가 됐어요.

용기는 보상받아요."
319,엠마: 여행,"용감한 소녀 엠마, 옷은 숲에 살았어요.

풀향기가 났어요.

어느 날 엠마, 탑 오르기 원했어요.

그런데 다리가 고장났어요.

다 고치는 칼 할아버지가 왔어요.

나도 갈게!

함께 가져간 것: 노란 가방.

길에 함께 뛰었어요.

길에 한동안 놀았어요.

갑자기 별똥이 떨어졌어요.

모두 웃으며 집에 갔어요.

호기심은 기적으로."
320,파블로: 발견,"만들기 좋아하는 파블로, 노란 들판에 살았어요.

모두 조용하고 평화했어요.

어느 날 파블로, 옷은 성 보기 원했어요.

그런데 개가 짖었어요.

다 고치는 칼 할아버지가 왔어요.

내가 있어서 다행이야.

함께 가져간 것: 빨간 밧줄.

길에 개울가에서 놀았어요.

길에 큰 소리로 뛰었어요.

갑자기 누군가가 웃었어요.

그렇게 모험이 잘 끝났어요.

함께면 더 쉬워요."
321,미아: 놀라움,"작은 가수 미아, 작은 동네에 살았어요.

해가 따뜻하게 비췄어요.

어느 날 미아, 숲을 탐험하기 원했어요.

그런데 길이 막혔어요.

다 고치는 칼 할아버지가 왔어요.

함께면 할 수 있어요!

함께 가져간 것: 옷은 망원경.

길에 함께 쉬었어요.

길에 즐겁게 쉬었어요.

갑자기 큰 소리가 났어요.

끝에 모두 행복했어요.

진짜 친구는 항상 돕아요."
322,레오: 소풍,"동물 좋아하는 레오, 알록 시장에 살았어요.

나비가 날았어요.

어느 날 레오, 섬 발견하기 원했어요.

그런데 비가 오기 시작했어요.

다 고치는 칼 할아버지가 왔어요.

무서워하지 마요, 돕아드릴게요.

함께 가져간 것: 작은 칼.

길에 개울가에서 웃었어요.

길에 둥글게 춤췄어요.

갑자기 개구리 울음.

모험은 잊지 못할 추억.

용기는 보상받아요."
323,안나: 경주,"빨리 생각하는 안나, 오래된 우물가에 살았어요.

꽃향기가 나요.

어느 날 안나, 동굴 찾기 원했어요.

그런데 지도가 없어졌어요.

빵집 아저씨가 왔어요.

나도 갈게!

함께 가져간 것: 따뜻한 담요.

길에 함께 놀았어요.

길에 함께 뛰었어요.

갑자기 개가 짖음.

모두 만족하며 집에 감.

호기심은 기적으로."
324,막스: 수수께끼,"명랑한 소년 막스, 놀이터에 살았어요.

개울이 졸졸 흘렀어요.

어느 날 막스, 높은 산 보기 원했어요.

그런데 어두워졌어요.

빵집 아저씨가 왔어요.

내가 있어서 다행이야.

함께 가져간 것: 알록 지도.

길에 둥글게 걸었어요.

길에 개울가에서 걸었어요.

갑자기 잎이 떨어짐.

그렇게 하루가 완벽했음.

함께면 더 쉬워요."
325,미로: 선물,"호기심 많은 소년 미로, 파란 강에 살았어요.

하늘이 파랬어요.

어느 날 미로, 보물 찾기 원했어요.

그런데 강이 너무 깡어요.

빵집 아저씨가 왔어요.

함께면 할 수 있어요!

함께 가져간 것: 오래된 동전.

길에 함께 웃었어요.

길에 큰 소리로 놀았어요.

갑자기 벌이 윙윙.

모두 박수치며 기뻐함.

진짜 친구는 항상 도와요."
326,레나와 큰 모험,"그림 좋아하는 레나, 초록 초원에 살았어요.

새가 즐겁게 짖었어요.

어느 날 레나, 호수 건너기 원했어요.

그런데 나무가 길을 막았어요.

빵집 아저씨가 왔어요.

무서워하지 마요, 돕아드릴게요.

함께 가져간 것: 초록 밧줄.

길에 둥글게 춤췄어요.

길에 즐겁게 웃었어요.

갑자기 노크 소리.

그렇게 두려움이 용기가 됐어요.

용기는 보상받아요."
327,핀와 비밀,"작은 몽꿈가 핀, 큰 떡갈나무 아래에 살았어요.

풀향기가 났어요.

어느 날 핀, 바다 찾기 원했어요.

그런데 바람이 셌어요.

빵집 아저씨가 왔어요.

나도 갈게!

함께 가져간 것: 작은 등잔.

길에 즐겁게 걸었어요.

길에 둥글게 쉬었어요.

갑자기 나비가 춤을 추며 지나갔어요.

모두 웃으며 집에 갔어요.

호기심은 기적으로."
328,피파의 가장 아름다운 날,"용감한 작은 쥐 피파, 초록 공원에 살았어요.

모두 조용하고 평화했어요.

어느 날 피파, 별하늘 보기 원했어요.

그런데 안개가 꼈어요.

빵집 아저씨가 왔어요.

내가 있어서 다행이야.

함께 가져간 것: 파란 병.

길에 둥글게 뛰었어요.

길에 함께 놀았어요.

갑자기 바람이 불었어요.

그렇게 모험이 잘 끝났어요.

함께면 더 쉬워요."
329,노라: 보물,"질문 많은 노라, 옷은 숲에 살았어요.

해가 따뜻하게 비췄어요.

어느 날 노라, 탑 오르기 원했어요.

그런데 다리가 고장났어요.

빵집 아저씨가 왔어요.

함께면 할 수 있어요!

함께 가져간 것: 노란 가방.

길에 즐겁게 춤췄어요.

길에 개울가에서 뛰었어요.

갑자기 별똥이 떨어졌어요.

끝에 모두 행복했어요.

진짜 친구는 항상 돕아요."
330,테오: 비밀,"명랑한 소년 테오, 노란 들판에 살았어요.

나비가 날았어요.

어느 날 테오, 옷은 성 보기 원했어요.

그런데 개가 짖었어요.

우체부가 왔어요.

무서워하지 마요, 돕아드릴게요.

함께 가져간 것: 빨간 밧줄.

길에 둥글게 쉬었어요.

길에 야기했어요.

갑자기 누군가가 웃었어요.

모험은 잊지 못할 추억.

용기는 보상받아요."
331,엠마: 계획,"용감한 소녀 엠마, 작은 동네에 살았어요.

꽃향기가 나요.

어느 날 엠마, 숲을 탐험하기 원했어요.

그런데 길이 막혔어요.

우체부가 왔어요.

나도 갈게!

함께 가져간 것: 옷은 망원경.

길에 즐겁게 뛰었어요.

길에 한동안 춤췄어요.

갑자기 큰 소리가 났어요.

모두 만족하며 집에 감.

호기심은 기적으로."
332,파블로: 여행,"만들기 좋아하는 파블로, 알록 시장에 살았어요.

개울이 졸졸 흘렀어요.

어느 날 파블로, 섬 발견하기 원했어요.

그런데 비가 오기 시작했어요.

우체부가 왔어요.

내가 있어서 다행이야.

함께 가져간 것: 작은 칼.

길에 둥글게 놀았어요.

길에 둥글게 웃었어요.

갑자기 개구리 울음.

그렇게 하루가 완벽했음.

함께면 더 쉬워요."
333,미아: 발견,"작은 가수 미아, 오래된 우물가에 살았어요.

하늘이 파랬어요.

어느 날 미아, 동굴 찾기 원했어요.

그런데 지도가 없어졌어요.

우체부가 왔어요.

함께면 할 수 있어요!

함께 가져간 것: 따뜻한 담요.

길에 즐겁게 쉬었어요.

길에 즐겁게 걸었어요.

갑자기 개가 짖음.

모두 박수치며 기뻐함.

진짜 친구는 항상 도와요."
334,레오: 놀라움,"동물 좋아하는 레오, 놀이터에 살았어요.

새가 즐겁게 짖었어요.

어느 날 레오, 높은 산 보기 원했어요.

그런데 어두워졌어요.

우체부가 왔어요.

무서워하지 마요, 돕아드릴게요.

함께 가져간 것: 알록 지도.

길에 둥글게 웃었어요.

길에 개울가에서 놀았어요.

갑자기 잎이 떨어짐.

그렇게 두려움이 용기가 됐어요.

용기는 보상받아요."
335,안나: 소풍,"빨리 생각하는 안나, 파란 강에 살았어요.

풀향기가 났어요.

어느 날 안나, 보물 찾기 원했어요.

그런데 강이 너무 깡어요.

우체부가 왔어요.

나도 갈게!

함께 가져간 것: 오래된 동전.

길에 즐겁게 놀았어요.

길에 노래했어요.

갑자기 벌이 윙윙.

모두 웃으며 집에 갔어요.

호기심은 기적으로."
336,막스: 경주,"명랑한 소년 막스, 초록 초원에 살았어요.

모두 조용하고 평화했어요.

어느 날 막스, 호수 건너기 원했어요.

그런데 나무가 길을 막았어요.

우체부가 왔어요.

내가 있어서 다행이야.

함께 가져간 것: 초록 밧줄.

길에 큰 소리로 걸었어요.

길에 한동안 쉬었어요.

갑자기 노크 소리.

그렇게 모험이 잘 끝났어요.

함께면 더 쉬워요."
337,미로: 수수께끼,"호기심 많은 소년 미로, 큰 떡갈나무 아래에 살았어요.

해가 따뜻하게 비췄어요.

어느 날 미로, 바다 찾기 원했어요.

그런데 바람이 셌어요.

다 아는 리나 할머니가 왔어요.

함께면 할 수 있어요!

함께 가져간 것: 작은 등잔.

길에 즐겁게 웃었어요.

길에 큰 소리로 춤췄어요.

갑자기 나비가 춤을 추며 지나갔어요.

끝에 모두 행복했어요.

진짜 친구는 항상 돕아요."
338,레나: 선물,"그림 좋아하는 레나, 초록 공원에 살았어요.

나비가 날았어요.

어느 날 레나, 별하늘 보기 원했어요.

그런데 안개가 꼈어요.

다 아는 리나 할머니가 왔어요.

무서워하지 마요, 돕아드릴게요.

함께 가져간 것: 파란 병.

길에 큰 소리로 춤췄어요.

길에 즐겁게 뛰었어요.

갑자기 바람이 불었어요.

모험은 잊지 못할 추억.

용기는 보상받아요."
339,핀와 큰 모험,"작은 몽꿈가 핀, 옷은 숲에 살았어요.

꽃향기가 나요.

어느 날 핀, 탑 오르기 원했어요.

그런데 다리가 고장났어요.

다 아는 리나 할머니가 왔어요.

나도 갈게!

함께 가져간 것: 노란 가방.

길에 한동안 걸었어요.

길에 둥글게 걸었어요.

갑자기 별똥이 떨어졌어요.

모두 만족하며 집에 감.

호기심은 기적으로."
340,피파와 비밀,"용감한 작은 쥐 피파, 노란 들판에 살았어요.

개울이 졸졸 흘렀어요.

어느 날 피파, 옷은 성 보기 원했어요.

그런데 개가 짖었어요.

다 아는 리나 할머니가 왔어요.

내가 있어서 다행이야.

함께 가져간 것: 빨간 밧줄.

길에 큰 소리로 뛰었어요.

길에 함께 춤췄어요.

갑자기 누군가가 웃었어요.

그렇게 하루가 완벽했음.

함께면 더 쉬워요."
341,노라의 가장 아름다운 날,"질문 많은 노라, 작은 동네에 살았어요.

하늘이 파랬어요.

어느 날 노라, 숲을 탐험하기 원했어요.

그런데 길이 막혔어요.

다 아는 리나 할머니가 왔어요.

함께면 할 수 있어요!

함께 가져간 것: 옷은 망원경.

길에 한동안 춤췄어요.

길에 한동안 웃었어요.

갑자기 큰 소리가 났어요.

모두 박수치며 기뻐함.

진짜 친구는 항상 도와요."
342,테오: 보물,"명랑한 소년 테오, 알록 시장에 살았어요.

새가 즐겁게 짖었어요.

어느 날 테오, 섬 발견하기 원했어요.

그런데 비가 오기 시작했어요.

다 아는 리나 할머니가 왔어요.

무서워하지 마요, 돕아드릴게요.

함께 가져간 것: 작은 칼.

길에 큰 소리로 쉬었어요.

길에 큰 소리로 뛰었어요.

갑자기 개구리 울음.

그렇게 두려움이 용기가 됐어요.

용기는 보상받아요."
343,엠마: 비밀,"용감한 소녀 엠마, 오래된 우물가에 살았어요.

풀향기가 났어요.

어느 날 엠마, 동굴 찾기 원했어요.

그런데 지도가 없어졌어요.

다 아는 리나 할머니가 왔어요.

나도 갈게!

함께 가져간 것: 따뜻한 담요.

길에 한동안 뛰었어요.

길에 즐겁게 놀았어요.

갑자기 개가 짖음.

모두 웃으며 집에 갔어요.

호기심은 기적으로."
344,파블로: 계획,"만들기 좋아하는 파블로, 놀이터에 살았어요.

모두 조용하고 평화했어요.

어느 날 파블로, 높은 산 보기 원했어요.

그런데 어두워졌어요.

정원사 오소리 아저씨가 왔어요.

내가 있어서 다행이야.

함께 가져간 것: 알록 지도.

길에 큰 소리로 놀았어요.

길에 둥글게 뛰었어요.

갑자기 잎이 떨어짐.

그렇게 모험이 잘 끝났어요.

함께면 더 쉬워요."
345,미아: 여행,"작은 가수 미아, 파란 강에 살았어요.

해가 따뜻하게 비췄어요.

어느 날 미아, 보물 찾기 원했어요.

그런데 강이 너무 깡어요.

정원사 오소리 아저씨가 왔어요.

함께면 할 수 있어요!

함께 가져간 것: 오래된 동전.

길에 한동안 쉬었어요.

길에 함께 쉬었어요.

갑자기 벌이 윙윙.

끝에 모두 행복했어요.

진짜 친구는 항상 돕아요."
346,레오: 발견,"동물 좋아하는 레오, 초록 초원에 살았어요.

나비가 날았어요.

어느 날 레오, 호수 건너기 원했어요.

그런데 나무가 길을 막았어요.

정원사 오소리 아저씨가 왔어요.

무서워하지 마요, 돕아드릴게요.

함께 가져간 것: 초록 밧줄.

길에 큰 소리로 웃었어요.

길에 개울가에서 춤췄어요.

갑자기 노크 소리.

모험은 잊지 못할 추억.

용기는 보상받아요."
347,안나: 놀라움,"빨리 생각하는 안나, 큰 떡갈나무 아래에 살았어요.

꽃향기가 나요.

어느 날 안나, 바다 찾기 원했어요.

그런데 바람이 셌어요.

정원사 오소리 아저씨가 왔어요.

나도 갈게!

함께 가져간 것: 작은 등잔.

길에 한동안 놀았어요.

길에 큰 소리로 웃었어요.

갑자기 나비가 춤을 추며 지나갔어요.

모두 만족하며 집에 감.

호기심은 기적으로."
348,막스: 소풍,"명랑한 소년 막스, 초록 공원에 살았어요.

개울이 졸졸 흘렀어요.

어느 날 막스, 별하늘 보기 원했어요.

그런데 안개가 꼈어요.

정원사 오소리 아저씨가 왔어요.

내가 있어서 다행이야.

함께 가져간 것: 파란 병.

길에 야기했어요.

길에 한동안 걸었어요.

갑자기 바람이 불었어요.

그렇게 하루가 완벽했음.

함께면 더 쉬워요."
349,미로: 경주,"호기심 많은 소년 미로, 옷은 숲에 살았어요.

하늘이 파랬어요.

어느 날 미로, 탑 오르기 원했어요.

그런데 다리가 고장났어요.

정원사 오소리 아저씨가 왔어요.

함께면 할 수 있어요!

함께 가져간 것: 노란 가방.

길에 한동안 웃었어요.

길에 둥글게 놀았어요.

갑자기 별똥이 떨어졌어요.

모두 박수치며 기뻐함.

진짜 친구는 항상 도와요."
350,레나: 수수께끼,"그림 좋아하는 레나, 노란 들판에 살았어요.

새가 즐겁게 짖었어요.

어느 날 레나, 옷은 성 보기 원했어요.

그런데 개가 짖었어요.

정원사 오소리 아저씨가 왔어요.

무서워하지 마요, 돕아드릴게요.

함께 가져간 것: 빨간 밧줄.

길에 많이 웃었어요.

길에 함께 웃었어요.

갑자기 누군가가 웃었어요.

그렇게 두려움이 용기가 됐어요.

용기는 보상받아요."
351,핀: 선물,"작은 몽꿈가 핀, 작은 동네에 살았어요.

풀향기가 났어요.

어느 날 핀, 숲을 탐험하기 원했어요.

그런데 길이 막혔어요.

재미있는 이웃 미라 이모가 왔어요.

나도 갈게!

함께 가져간 것: 옷은 망원경.

길에 개울가에서 걸었어요.

길에 개울가에서 쉬었어요.

갑자기 큰 소리가 났어요.

모두 웃으며 집에 갔어요.

호기심은 기적으로."
352,피파와 큰 모험,"용감한 작은 쥐 피파, 알록 시장에 살았어요.

모두 조용하고 평화했어요.

어느 날 피파, 섬 발견하기 원했어요.

그런데 비가 오기 시작했어요.

재미있는 이웃 미라 이모가 왔어요.

내가 있어서 다행이야.

함께 가져간 것: 작은 칼.

길에 노래했어요.

길에 많이 웃었어요.

갑자기 개구리 울음.

그렇게 모험이 잘 끝났어요.

함께면 더 쉬워요."
353,노라와 비밀,"질문 많은 노라, 오래된 우물가에 살았어요.

해가 따뜻하게 비췄어요.

어느 날 노라, 동굴 찾기 원했어요.

그런데 지도가 없어졌어요.

재미있는 이웃 미라 이모가 왔어요.

함께면 할 수 있어요!

함께 가져간 것: 따뜻한 담요.

길에 개울가에서 춤췄어요.

길에 한동안 뛰었어요.

갑자기 개가 짖음.

끝에 모두 행복했어요.

진짜 친구는 항상 돕아요."
354,테오의 가장 아름다운 날,"명랑한 소년 테오, 놀이터에 살았어요.

나비가 날았어요.

어느 날 테오, 높은 산 보기 원했어요.

그런데 어두워졌어요.

재미있는 이웃 미라 이모가 왔어요.

무서워하지 마요, 돕아드릴게요.

함께 가져간 것: 알록 지도.

길에 함께 걸었어요.

길에 큰 소리로 걸었어요.

갑자기 잎이 떨어짐.

모험은 잊지 못할 추억.

용기는 보상받아요."
355,엠마: 보물,"용감한 소녀 엠마, 파란 강에 살았어요.

꽃향기가 나요.

어느 날 엠마, 보물 찾기 원했어요.

그런데 강이 너무 깡어요.

재미있는 이웃 미라 이모가 왔어요.

나도 갈게!

함께 가져간 것: 오래된 동전.

길에 개울가에서 뛰었어요.

길에 즐겁게 춤췄어요.

갑자기 벌이 윙윙.

모두 만족하며 집에 감.

호기심은 기적으로."
356,파블로: 비밀,"만들기 좋아하는 파블로, 초록 초원에 살았어요.

개울이 졸졸 흘렀어요.

어느 날 파블로, 호수 건너기 원했어요.

그런데 나무가 길을 막았어요.

재미있는 이웃 미라 이모가 왔어요.

내가 있어서 다행이야.

함께 가져간 것: 초록 밧줄.

길에 함께 춤췄어요.

길에 개울가에서 웃었어요.

갑자기 노크 소리.

그렇게 하루가 완벽했음.

함께면 더 쉬워요."
357,미아: 계획,"작은 가수 미아, 큰 떡갈나무 아래에 살았어요.

하늘이 파랬어요.

어느 날 미아, 바다 찾기 원했어요.

그런데 바람이 셌어요.

재미있는 이웃 미라 이모가 왔어요.

함께면 할 수 있어요!

함께 가져간 것: 작은 등잔.

길에 개울가에서 쉬었어요.

길에 함께 걸었어요.

갑자기 나비가 춤을 추며 지나갔어요.

모두 박수치며 기뻐함.

진짜 친구는 항상 도와요."
358,레오: 여행,"동물 좋아하는 레오, 초록 공원에 살았어요.

새가 즐겁게 짖었어요.

어느 날 레오, 별하늘 보기 원했어요.

그런데 안개가 꼈어요.

다 고치는 칼 할아버지가 왔어요.

무서워하지 마요, 돕아드릴게요.

함께 가져간 것: 파란 병.

길에 함께 뛰었어요.

길에 한동안 놀았어요.

갑자기 바람이 불었어요.

그렇게 두려움이 용기가 됐어요.

용기는 보상받아요."
359,안나: 발견,"빨리 생각하는 안나, 옷은 숲에 살았어요.

풀향기가 났어요.

어느 날 안나, 탑 오르기 원했어요.

그런데 다리가 고장났어요.

다 고치는 칼 할아버지가 왔어요.

나도 갈게!

함께 가져간 것: 노란 가방.

길에 개울가에서 놀았어요.

길에 큰 소리로 뛰었어요.

갑자기 별똥이 떨어졌어요.

모두 웃으며 집에 갔어요.

호기심은 기적으로."
360,막스: 놀라움,"명랑한 소년 막스, 노란 들판에 살았어요.

모두 조용하고 평화했어요.

어느 날 막스, 옷은 성 보기 원했어요.

그런데 개가 짖었어요.

다 고치는 칼 할아버지가 왔어요.

내가 있어서 다행이야.

함께 가져간 것: 빨간 밧줄.

길에 함께 쉬었어요.

길에 즐겁게 쉬었어요.

갑자기 누군가가 웃었어요.

그렇게 모험이 잘 끝났어요.

함께면 더 쉬워요."
361,미로: 소풍,"호기심 많은 소년 미로, 작은 동네에 살았어요.

해가 따뜻하게 비췄어요.

어느 날 미로, 숲을 탐험하기 원했어요.

그런데 길이 막혔어요.

다 고치는 칼 할아버지가 왔어요.

함께면 할 수 있어요!

함께 가져간 것: 옷은 망원경.

길에 개울가에서 웃었어요.

길에 둥글게 춤췄어요.

갑자기 큰 소리가 났어요.

끝에 모두 행복했어요.

진짜 친구는 항상 돕아요."
362,레나: 경주,"그림 좋아하는 레나, 알록 시장에 살았어요.

나비가 날았어요.

어느 날 레나, 섬 발견하기 원했어요.

그런데 비가 오기 시작했어요.

다 고치는 칼 할아버지가 왔어요.

무서워하지 마요, 돕아드릴게요.

함께 가져간 것: 작은 칼.

길에 함께 놀았어요.

길에 함께 뛰었어요.

갑자기 개구리 울음.

모험은 잊지 못할 추억.

용기는 보상받아요."
363,핀: 수수께끼,"작은 몽꿈가 핀, 오래된 우물가에 살았어요.

꽃향기가 나요.

어느 날 핀, 동굴 찾기 원했어요.

그런데 지도가 없어졌어요.

다 고치는 칼 할아버지가 왔어요.

나도 갈게!

함께 가져간 것: 따뜻한 담요.

길에 둥글게 걸었어요.

길에 개울가에서 걸었어요.

갑자기 개가 짖음.

모두 만족하며 집에 감.

호기심은 기적으로."
364,피파: 선물,"용감한 작은 쥐 피파, 놀이터에 살았어요.

개울이 졸졸 흘렀어요.

어느 날 피파, 높은 산 보기 원했어요.

그런데 어두워졌어요.

다 고치는 칼 할아버지가 왔어요.

내가 있어서 다행이야.

함께 가져간 것: 알록 지도.

길에 함께 웃었어요.

길에 큰 소리로 놀았어요.

갑자기 잎이 떨어짐.

그렇게 하루가 완벽했음.

함께면 더 쉬워요."
365,노라와 큰 모험,"질문 많은 노라, 파란 강에 살았어요.

하늘이 파랬어요.

어느 날 노라, 보물 찾기 원했어요.

그런데 강이 너무 깡어요.

빵집 아저씨가 왔어요.

함께면 할 수 있어요!

함께 가져간 것: 오래된 동전.

길에 둥글게 춤췄어요.

길에 즐겁게 웃었어요.

갑자기 벌이 윙윙.

모두 박수치며 기뻐함.

진짜 친구는 항상 도와요."
366,테오와 비밀,"명랑한 소년 테오, 초록 초원에 살았어요.

새가 즐겁게 짖었어요.

어느 날 테오, 호수 건너기 원했어요.

그런데 나무가 길을 막았어요.

빵집 아저씨가 왔어요.

무서워하지 마요, 돕아드릴게요.

함께 가져간 것: 초록 밧줄.

길에 즐겁게 걸었어요.

길에 둥글게 쉬었어요.

갑자기 노크 소리.

그렇게 두려움이 용기가 됐어요.

용기는 보상받아요."
367,엠마의 가장 아름다운 날,"용감한 소녀 엠마, 큰 떡갈나무 아래에 살았어요.

풀향기가 났어요.

어느 날 엠마, 바다 찾기 원했어요.

그런데 바람이 셌어요.

빵집 아저씨가 왔어요.

나도 갈게!

함께 가져간 것: 작은 등잔.

길에 둥글게 뛰었어요.

길에 함께 놀았어요.

갑자기 나비가 춤을 추며 지나갔어요.

모두 웃으며 집에 갔어요.

호기심은 기적으로."
368,파블로: 보물,"만들기 좋아하는 파블로, 초록 공원에 살았어요.

모두 조용하고 평화했어요.

어느 날 파블로, 별하늘 보기 원했어요.

그런데 안개가 꼈어요.

빵집 아저씨가 왔어요.

내가 있어서 다행이야.

함께 가져간 것: 파란 병.

길에 즐겁게 춤췄어요.

길에 개울가에서 뛰었어요.

갑자기 바람이 불었어요.

그렇게 모험이 잘 끝났어요.

함께면 더 쉬워요."
369,미아: 비밀,"작은 가수 미아, 옷은 숲에 살았어요.

해가 따뜻하게 비췄어요.

어느 날 미아, 탑 오르기 원했어요.

그런데 다리가 고장났어요.

빵집 아저씨가 왔어요.

함께면 할 수 있어요!

함께 가져간 것: 노란 가방.

길에 둥글게 쉬었어요.

길에 야기했어요.

갑자기 별똥이 떨어졌어요.

끝에 모두 행복했어요.

진짜 친구는 항상 돕아요."
370,레오: 계획,"동물 좋아하는 레오, 노란 들판에 살았어요.

나비가 날았어요.

어느 날 레오, 옷은 성 보기 원했어요.

그런데 개가 짖었어요.

빵집 아저씨가 왔어요.

무서워하지 마요, 돕아드릴게요.

함께 가져간 것: 빨간 밧줄.

길에 즐겁게 뛰었어요.

길에 한동안 춤췄어요.

갑자기 누군가가 웃었어요.

모험은 잊지 못할 추억.

용기는 보상받아요."
371,안나: 여행,"빨리 생각하는 안나, 작은 동네에 살았어요.

꽃향기가 나요.

어느 날 안나, 숲을 탐험하기 원했어요.

그런데 길이 막혔어요.

빵집 아저씨가 왔어요.

나도 갈게!

함께 가져간 것: 옷은 망원경.

길에 둥글게 놀았어요.

길에 둥글게 웃었어요.

갑자기 큰 소리가 났어요.

모두 만족하며 집에 감.

호기심은 기적으로."
372,막스: 발견,"명랑한 소년 막스, 알록 시장에 살았어요.

개울이 졸졸 흘렀어요.

어느 날 막스, 섬 발견하기 원했어요.

그런데 비가 오기 시작했어요.

우체부가 왔어요.

내가 있어서 다행이야.

함께 가져간 것: 작은 칼.

길에 즐겁게 쉬었어요.

길에 즐겁게 걸었어요.

갑자기 개구리 울음.

그렇게 하루가 완벽했음.

함께면 더 쉬워요."
373,미로: 놀라움,"호기심 많은 소년 미로, 오래된 우물가에 살았어요.

하늘이 파랬어요.

어느 날 미로, 동굴 찾기 원했어요.

그런데 지도가 없어졌어요.

우체부가 왔어요.

함께면 할 수 있어요!

함께 가져간 것: 따뜻한 담요.

길에 둥글게 웃었어요.

길에 개울가에서 놀았어요.

갑자기 개가 짖음.

모두 박수치며 기뻐함.

진짜 친구는 항상 도와요."
374,레나: 소풍,"그림 좋아하는 레나, 놀이터에 살았어요.

새가 즐겁게 짖었어요.

어느 날 레나, 높은 산 보기 원했어요.

그런데 어두워졌어요.

우체부가 왔어요.

무서워하지 마요, 돕아드릴게요.

함께 가져간 것: 알록 지도.

길에 즐겁게 놀았어요.

길에 노래했어요.

갑자기 잎이 떨어짐.

그렇게 두려움이 용기가 됐어요.

용기는 보상받아요."
375,핀: 경주,"작은 몽꿈가 핀, 파란 강에 살았어요.

풀향기가 났어요.

어느 날 핀, 보물 찾기 원했어요.

그런데 강이 너무 깡어요.

우체부가 왔어요.

나도 갈게!

함께 가져간 것: 오래된 동전.

길에 큰 소리로 걸었어요.

길에 한동안 쉬었어요.

갑자기 벌이 윙윙.

모두 웃으며 집에 갔어요.

호기심은 기적으로."
376,피파: 수수께끼,"용감한 작은 쥐 피파, 초록 초원에 살았어요.

모두 조용하고 평화했어요.

어느 날 피파, 호수 건너기 원했어요.

그런데 나무가 길을 막았어요.

우체부가 왔어요.

내가 있어서 다행이야.

함께 가져간 것: 초록 밧줄.

길에 즐겁게 웃었어요.

길에 큰 소리로 춤췄어요.

갑자기 노크 소리.

그렇게 모험이 잘 끝났어요.

함께면 더 쉬워요."
377,노라: 선물,"질문 많은 노라, 큰 떡갈나무 아래에 살았어요.

해가 따뜻하게 비췄어요.

어느 날 노라, 바다 찾기 원했어요.

그런데 바람이 셌어요.

우체부가 왔어요.

함께면 할 수 있어요!

함께 가져간 것: 작은 등잔.

길에 큰 소리로 춤췄어요.

길에 즐겁게 뛰었어요.

갑자기 나비가 춤을 추며 지나갔어요.

끝에 모두 행복했어요.

진짜 친구는 항상 돕아요."
378,테오와 큰 모험,"명랑한 소년 테오, 초록 공원에 살았어요.

나비가 날았어요.

어느 날 테오, 별하늘 보기 원했어요.

그런데 안개가 꼈어요.

우체부가 왔어요.

무서워하지 마요, 돕아드릴게요.

함께 가져간 것: 파란 병.

길에 한동안 걸었어요.

길에 둥글게 걸었어요.

갑자기 바람이 불었어요.

모험은 잊지 못할 추억.

용기는 보상받아요."
379,엠마와 비밀,"용감한 소녀 엠마, 옷은 숲에 살았어요.

꽃향기가 나요.

어느 날 엠마, 탑 오르기 원했어요.

그런데 다리가 고장났어요.

다 아는 리나 할머니가 왔어요.

나도 갈게!

함께 가져간 것: 노란 가방.

길에 큰 소리로 뛰었어요.

길에 함께 춤췄어요.

갑자기 별똥이 떨어졌어요.

모두 만족하며 집에 감.

호기심은 기적으로."
380,파블로의 가장 아름다운 날,"만들기 좋아하는 파블로, 노란 들판에 살았어요.

개울이 졸졸 흘렀어요.

어느 날 파블로, 옷은 성 보기 원했어요.

그런데 개가 짖었어요.

다 아는 리나 할머니가 왔어요.

내가 있어서 다행이야.

함께 가져간 것: 빨간 밧줄.

길에 한동안 춤췄어요.

길에 한동안 웃었어요.

갑자기 누군가가 웃었어요.

그렇게 하루가 완벽했음.

함께면 더 쉬워요."
381,미아: 보물,"작은 가수 미아, 작은 동네에 살았어요.

하늘이 파랬어요.

어느 날 미아, 숲을 탐험하기 원했어요.

그런데 길이 막혔어요.

다 아는 리나 할머니가 왔어요.

함께면 할 수 있어요!

함께 가져간 것: 옷은 망원경.

길에 큰 소리로 쉬었어요.

길에 큰 소리로 뛰었어요.

갑자기 큰 소리가 났어요.

모두 박수치며 기뻐함.

진짜 친구는 항상 도와요."
382,레오: 비밀,"동물 좋아하는 레오, 알록 시장에 살았어요.

새가 즐겁게 짖었어요.

어느 날 레오, 섬 발견하기 원했어요.

그런데 비가 오기 시작했어요.

다 아는 리나 할머니가 왔어요.

무서워하지 마요, 돕아드릴게요.

함께 가져간 것: 작은 칼.

길에 한동안 뛰었어요.

길에 즐겁게 놀았어요.

갑자기 개구리 울음.

그렇게 두려움이 용기가 됐어요.

용기는 보상받아요."
383,안나: 계획,"빨리 생각하는 안나, 오래된 우물가에 살았어요.

풀향기가 났어요.

어느 날 안나, 동굴 찾기 원했어요.

그런데 지도가 없어졌어요.

다 아는 리나 할머니가 왔어요.

나도 갈게!

함께 가져간 것: 따뜻한 담요.

길에 큰 소리로 놀았어요.

길에 둥글게 뛰었어요.

갑자기 개가 짖음.

모두 웃으며 집에 갔어요.

호기심은 기적으로."
384,막스: 여행,"명랑한 소년 막스, 놀이터에 살았어요.

모두 조용하고 평화했어요.

어느 날 막스, 높은 산 보기 원했어요.

그런데 어두워졌어요.

다 아는 리나 할머니가 왔어요.

내가 있어서 다행이야.

함께 가져간 것: 알록 지도.

길에 한동안 쉬었어요.

길에 함께 쉬었어요.

갑자기 잎이 떨어짐.

그렇게 모험이 잘 끝났어요.

함께면 더 쉬워요."
385,미로: 발견,"호기심 많은 소년 미로, 파란 강에 살았어요.

해가 따뜻하게 비췄어요.

어느 날 미로, 보물 찾기 원했어요.

그런데 강이 너무 깡어요.

다 아는 리나 할머니가 왔어요.

함께면 할 수 있어요!

함께 가져간 것: 오래된 동전.

길에 큰 소리로 웃었어요.

길에 개울가에서 춤췄어요.

갑자기 벌이 윙윙.

끝에 모두 행복했어요.

진짜 친구는 항상 돕아요."
386,레나: 놀라움,"그림 좋아하는 레나, 초록 초원에 살았어요.

나비가 날았어요.

어느 날 레나, 호수 건너기 원했어요.

그런데 나무가 길을 막았어요.

정원사 오소리 아저씨가 왔어요.

무서워하지 마요, 돕아드릴게요.

함께 가져간 것: 초록 밧줄.

길에 한동안 놀았어요.

길에 큰 소리로 웃었어요.

갑자기 노크 소리.

모험은 잊지 못할 추억.

용기는 보상받아요."
387,핀: 소풍,"작은 몽꿈가 핀, 큰 떡갈나무 아래에 살았어요.

꽃향기가 나요.

어느 날 핀, 바다 찾기 원했어요.

그런데 바람이 셌어요.

정원사 오소리 아저씨가 왔어요.

나도 갈게!

함께 가져간 것: 작은 등잔.

길에 야기했어요.

길에 한동안 걸었어요.

갑자기 나비가 춤을 추며 지나갔어요.

모두 만족하며 집에 감.

호기심은 기적으로."
388,피파: 경주,"용감한 작은 쥐 피파, 초록 공원에 살았어요.

개울이 졸졸 흘렀어요.

어느 날 피파, 별하늘 보기 원했어요.

그런데 안개가 꼈어요.

정원사 오소리 아저씨가 왔어요.

내가 있어서 다행이야.

함께 가져간 것: 파란 병.

길에 한동안 웃었어요.

길에 둥글게 놀았어요.

갑자기 바람이 불었어요.

그렇게 하루가 완벽했음.

함께면 더 쉬워요."
389,노라: 수수께끼,"질문 많은 노라, 옷은 숲에 살았어요.

하늘이 파랬어요.

어느 날 노라, 탑 오르기 원했어요.

그런데 다리가 고장났어요.

정원사 오소리 아저씨가 왔어요.

함께면 할 수 있어요!

함께 가져간 것: 노란 가방.

길에 많이 웃었어요.

길에 함께 웃었어요.

갑자기 별똥이 떨어졌어요.

모두 박수치며 기뻐함.

진짜 친구는 항상 도와요."
390,테오: 선물,"명랑한 소년 테오, 노란 들판에 살았어요.

새가 즐겁게 짖었어요.

어느 날 테오, 옷은 성 보기 원했어요.

그런데 개가 짖었어요.

정원사 오소리 아저씨가 왔어요.

무서워하지 마요, 돕아드릴게요.

함께 가져간 것: 빨간 밧줄.

길에 개울가에서 걸었어요.

길에 개울가에서 쉬었어요.

갑자기 누군가가 웃었어요.

그렇게 두려움이 용기가 됐어요.

용기는 보상받아요."
391,엠마와 큰 모험,"용감한 소녀 엠마, 작은 동네에 살았어요.

풀향기가 났어요.

어느 날 엠마, 숲을 탐험하기 원했어요.

그런데 길이 막혔어요.

정원사 오소리 아저씨가 왔어요.

나도 갈게!

함께 가져간 것: 옷은 망원경.

길에 노래했어요.

길에 많이 웃었어요.

갑자기 큰 소리가 났어요.

모두 웃으며 집에 갔어요.

호기심은 기적으로."
392,파블로와 비밀,"만들기 좋아하는 파블로, 알록 시장에 살았어요.

모두 조용하고 평화했어요.

어느 날 파블로, 섬 발견하기 원했어요.

그런데 비가 오기 시작했어요.

정원사 오소리 아저씨가 왔어요.

내가 있어서 다행이야.

함께 가져간 것: 작은 칼.

길에 개울가에서 춤췄어요.

길에 한동안 뛰었어요.

갑자기 개구리 울음.

그렇게 모험이 잘 끝났어요.

함께면 더 쉬워요."
393,미아의 가장 아름다운 날,"작은 가수 미아, 오래된 우물가에 살았어요.

해가 따뜻하게 비췄어요.

어느 날 미아, 동굴 찾기 원했어요.

그런데 지도가 없어졌어요.

재미있는 이웃 미라 이모가 왔어요.

함께면 할 수 있어요!

함께 가져간 것: 따뜻한 담요.

길에 함께 걸었어요.

길에 큰 소리로 걸었어요.

갑자기 개가 짖음.

끝에 모두 행복했어요.

진짜 친구는 항상 돕아요."
394,레오: 보물,"동물 좋아하는 레오, 놀이터에 살았어요.

나비가 날았어요.

어느 날 레오, 높은 산 보기 원했어요.

그런데 어두워졌어요.

재미있는 이웃 미라 이모가 왔어요.

무서워하지 마요, 돕아드릴게요.

함께 가져간 것: 알록 지도.

길에 개울가에서 뛰었어요.

길에 즐겁게 춤췄어요.

갑자기 잎이 떨어짐.

모험은 잊지 못할 추억.

용기는 보상받아요."
395,안나: 비밀,"빨리 생각하는 안나, 파란 강에 살았어요.

꽃향기가 나요.

어느 날 안나, 보물 찾기 원했어요.

그런데 강이 너무 깡어요.

재미있는 이웃 미라 이모가 왔어요.

나도 갈게!

함께 가져간 것: 오래된 동전.

길에 함께 춤췄어요.

길에 개울가에서 웃었어요.

갑자기 벌이 윙윙.

모두 만족하며 집에 감.

호기심은 기적으로."
396,막스: 계획,"명랑한 소년 막스, 초록 초원에 살았어요.

개울이 졸졸 흘렀어요.

어느 날 막스, 호수 건너기 원했어요.

그런데 나무가 길을 막았어요.

재미있는 이웃 미라 이모가 왔어요.

내가 있어서 다행이야.

함께 가져간 것: 초록 밧줄.

길에 개울가에서 쉬었어요.

길에 함께 걸었어요.

갑자기 노크 소리.

그렇게 하루가 완벽했음.

함께면 더 쉬워요."
397,미로: 여행,"호기심 많은 소년 미로, 큰 떡갈나무 아래에 살았어요.

하늘이 파랬어요.

어느 날 미로, 바다 찾기 원했어요.

그런데 바람이 셌어요.

재미있는 이웃 미라 이모가 왔어요.

함께면 할 수 있어요!

함께 가져간 것: 작은 등잔.

길에 함께 뛰었어요.

길에 한동안 놀았어요.

갑자기 나비가 춤을 추며 지나갔어요.

모두 박수치며 기뻐함.

진짜 친구는 항상 도와요."
398,레나: 발견,"그림 좋아하는 레나, 초록 공원에 살았어요.

새가 즐겁게 짖었어요.

어느 날 레나, 별하늘 보기 원했어요.

그런데 안개가 꼈어요.

재미있는 이웃 미라 이모가 왔어요.

무서워하지 마요, 돕아드릴게요.

함께 가져간 것: 파란 병.

길에 개울가에서 놀았어요.

길에 큰 소리로 뛰었어요.

갑자기 바람이 불었어요.

그렇게 두려움이 용기가 됐어요.

용기는 보상받아요."
399,핀: 놀라움,"작은 몽꿈가 핀, 옷은 숲에 살았어요.

풀향기가 났어요.

어느 날 핀, 탑 오르기 원했어요.

그런데 다리가 고장났어요.

재미있는 이웃 미라 이모가 왔어요.

나도 갈게!

함께 가져간 것: 노란 가방.

길에 함께 쉬었어요.

길에 즐겁게 쉬었어요.

갑자기 별똥이 떨어졌어요.

모두 웃으며 집에 갔어요.

호기심은 기적으로."
400,피파: 소풍,"용감한 작은 쥐 피파, 노란 들판에 살았어요.

모두 조용하고 평화했어요.

어느 날 피파, 옷은 성 보기 원했어요.

그런데 개가 짖었어요.

다 고치는 칼 할아버지가 왔어요.

내가 있어서 다행이야.

함께 가져간 것: 빨간 밧줄.

길에 개울가에서 웃었어요.

길에 둥글게 춤췄어요.

갑자기 누군가가 웃었어요.

그렇게 모험이 잘 끝났어요.

함께면 더 쉬워요."
401,엠마와 비밀,"피파, 작은 동네에 — 그때 엠마도 있었다.

풀향기가 났어요.

엠마은 슬펐요.

방법을 찾자!

함께 이웃에게 물었어요.

길에 함께 뛰었어요.

길에 많이 웃었어요.

갑자기 개가 짖음.

둘 다 자랑스러웠어요.

용기는 보상받아요."
402,미아의 가장 아름다운 날,"테오, 알록 시장에 — 그때 미아도 있었다.

나비가 날았어요.

미아은 배고파요.

돕아줄게요!

함께 사방을 찾았어요.

길에 야기했어요.

길에 둥글게 뛰었어요.

갑자기 잎이 떨어짐.

그렇게 다시 좋아졌어요.

호기심은 기적으로."
403,안나: 보물,"파블로, 오래된 우물가에 — 그때 안나도 있었다.

하늘이 파랬어요.

안나은 고민이 있어요.

방법을 찾아요!

함께 계획을 세웠어요.

길에 큰 소리로 춤췄어요.

길에 한동안 쉬었어요.

갑자기 벌이 윙윙.

끝에 둘 다 웃었어요.

함께면 더 쉬워요."
404,미로: 비밀,"레오, 놀이터에 — 그때 미로도 있었다.

모두 조용하고 평화했어요.

미로은 목말라요.

도와줄게!

함께 이웃에게 물었어요.

길에 둥글게 뛰었어요.

길에 함께 놀았어요.

갑자기 노크 소리.

둘 다 자랑스럽어요.

진짜 친구는 항상 돕아요."
405,핀: 계획,"막스, 파란 강에 — 그때 핀도 있었다.

꽃향기가 나요.

핀은 쉬고 싶어요.

방법을 찾자!

함께 어디든데 찾아요.

길에 개울가에서 쉬었어요.

길에 큰 소리로 뛰었어요.

갑자기 나비가 춤을 추며 지나갔어요.

그렇게 다시 좋아졌어요.

용기는 보상받아요."
406,노라: 여행,"레나, 초록 초원에 — 그때 노라도 있었다.

새가 즐겁게 짖었어요.

노라은 책을 잊었어요.

돕아줄게요!

함께 계획을 세웠어요.

길에 한동안 놀았어요.

길에 개울가에서 쉬었어요.

갑자기 바람이 불었어요.

끝에 둘 다 웃었어요.

호기심은 기적으로."
407,엠마: 발견,"피파, 큰 떡갈나무 아래에 — 그때 엠마도 있었다.

해가 따뜻하게 비췄어요.

엠마은 조금 추워요.

방법을 찾아요!

함께 이웃에게 물었어요.

길에 즐겁게 웃었어요.

길에 즐겁게 놀았어요.

갑자기 별똥이 떨어졌어요.

둘 다 자랑스러웠어요.

함께면 더 쉬워요."
408,미아: 놀라움,"테오, 초록 공원에 — 그때 미아도 있었다.

개울이 졸졸 흘렀어요.

미아은 고민이 있어요.

도와줄게!

함께 사방을 찾았어요.

길에 즐겁게 걸었어요.

길에 노래했어요.

갑자기 누군가가 웃었어요.

그렇게 다시 좋아졌어요.

진짜 친구는 항상 도와요."
409,안나: 소풍,"파블로, 옷은 숲에 — 그때 안나도 있었다.

풀향기가 났어요.

안나은 열쇠를 찾아요.

방법을 찾자!

함께 계획을 세웠어요.

길에 함께 춤췄어요.

길에 둥글게 쉬었어요.

갑자기 큰 소리가 났어요.

끝에 둘 다 웃었어요.

용기는 보상받아요."
410,미로: 경주,"레오, 노란 들판에 — 그때 미로도 있었다.

나비가 날았어요.

미로은 어두움에 무서워해요.

돕아줄게요!

함께 이웃에게 물었어요.

길에 큰 소리로 웃었어요.

길에 한동안 놀았어요.

갑자기 개구리 울음.

둘 다 자랑스럽어요.

호기심은 기적으로."
411,핀: 수수께끼,"막스, 작은 동네에 — 그때 핀도 있었다.

하늘이 파랬어요.

핀은 슬펐요.

방법을 찾아요!

함께 어디든데 찾아요.

길에 큰 소리로 걸었어요.

길에 함께 웃었어요.

갑자기 개가 짖음.

그렇게 다시 좋아졌어요.

함께면 더 쉬워요."
412,노라: 선물,"레나, 알록 시장에 — 그때 노라도 있었다.

모두 조용하고 평화했어요.

노라은 배고파요.

도와줄게!

함께 계획을 세웠어요.

길에 둥글게 춤췄어요.

길에 큰 소리로 쉬었어요.

갑자기 잎이 떨어짐.

끝에 둘 다 웃었어요.

진짜 친구는 항상 돕아요."
413,엠마와 큰 모험,"피파, 오래된 우물가에 — 그때 엠마도 있었다.

꽃향기가 나요.

엠마은 고민이 있어요.

방법을 찾자!

함께 이웃에게 물었어요.

길에 개울가에서 뛰었어요.

길에 개울가에서 놀았어요.

갑자기 벌이 윙윙.

둘 다 자랑스러웠어요.

용기는 보상받아요."
414,미아와 비밀,"테오, 놀이터에 — 그때 미아도 있었다.

새가 즐겁게 짖었어요.

미아은 목말라요.

돕아줄게요!

함께 사방을 찾았어요.

길에 한동안 쉬었어요.

길에 즐겁게 웃었어요.

갑자기 노크 소리.

그렇게 다시 좋아졌어요.

호기심은 기적으로."
415,안나의 가장 아름다운 날,"파블로, 파란 강에 — 그때 안나도 있었다.

해가 따뜻하게 비췄어요.

안나은 쉬고 싶어요.

방법을 찾아요!

함께 계획을 세웠어요.

길에 즐겁게 놀았어요.

길에 함께 걸었어요.

갑자기 나비가 춤을 추며 지나갔어요.

끝에 둘 다 웃었어요.

함께면 더 쉬워요."
416,미로: 보물,"레오, 초록 초원에 — 그때 미로도 있었다.

개울이 졸졸 흘렀어요.

미로은 책을 잊었어요.

도와줄게!

함께 이웃에게 물었어요.

길에 함께 웃었어요.

길에 둥글게 놀았어요.

갑자기 바람이 불었어요.

둘 다 자랑스럽어요.

진짜 친구는 항상 도와요."
417,핀: 비밀,"막스, 큰 떡갈나무 아래에 — 그때 핀도 있었다.

풀향기가 났어요.

핀은 조금 추워요.

방법을 찾자!

함께 어디든데 찾아요.

길에 함께 걸었어요.

길에 한동안 웃었어요.

갑자기 별똥이 떨어졌어요.

그렇게 다시 좋아졌어요.

용기는 보상받아요."
418,노라: 계획,"레나, 초록 공원에 — 그때 노라도 있었다.

나비가 날았어요.

노라은 고민이 있어요.

돕아줄게요!

함께 계획을 세웠어요.

길에 큰 소리로 놀았어요.

길에 즐겁게 걸었어요.

갑자기 누군가가 웃었어요.

끝에 둘 다 웃었어요.

호기심은 기적으로."
419,엠마: 여행,"피파, 옷은 숲에 — 그때 엠마도 있었다.

하늘이 파랬어요.

엠마은 열쇠를 찾아요.

방법을 찾아요!

함께 이웃에게 물었어요.

길에 둥글게 웃었어요.

길에 큰 소리로 놀았어요.

갑자기 큰 소리가 났어요.

둘 다 자랑스러웠어요.

함께면 더 쉬워요."
420,미아: 발견,"테오, 노란 들판에 — 그때 미아도 있었다.

모두 조용하고 평화했어요.

미아은 어두움에 무서워해요.

도와줄게!

함께 사방을 찾았어요.

길에 둥글게 걸었어요.

길에 개울가에서 웃었어요.

갑자기 개구리 울음.

그렇게 다시 좋아졌어요.

진짜 친구는 항상 돕아요."
421,안나: 놀라움,"파블로, 작은 동네에 — 그때 안나도 있었다.

꽃향기가 나요.

안나은 슬펐요.

방법을 찾자!

함께 계획을 세웠어요.

길에 개울가에서 춤췄어요.

길에 한동안 걸었어요.

갑자기 개가 짖음.

끝에 둘 다 웃었어요.

용기는 보상받아요."
422,미로: 소풍,"레오, 알록 시장에 — 그때 미로도 있었다.

새가 즐겁게 짖었어요.

미로은 배고파요.

돕아줄게요!

함께 이웃에게 물었어요.

길에 한동안 뛰었어요.

길에 함께 춤췄어요.

갑자기 잎이 떨어짐.

둘 다 자랑스럽어요.

호기심은 기적으로."
423,핀: 경주,"막스, 오래된 우물가에 — 그때 핀도 있었다.

해가 따뜻하게 비췄어요.

핀은 고민이 있어요.

방법을 찾아요!

함께 어디든데 찾아요.

길에 즐겁게 쉬었어요.

길에 둥글게 웃었어요.

갑자기 벌이 윙윙.

그렇게 다시 좋아졌어요.

함께면 더 쉬워요."
424,노라: 수수께끼,"레나, 놀이터에 — 그때 노라도 있었다.

개울이 졸졸 흘렀어요.

노라은 목말라요.

도와줄게!

함께 계획을 세웠어요.

길에 함께 놀았어요.

길에 개울가에서 걸었어요.

갑자기 노크 소리.

끝에 둘 다 웃었어요.

진짜 친구는 항상 도와요."
425,엠마: 선물,"피파, 파란 강에 — 그때 엠마도 있었다.

풀향기가 났어요.

엠마은 쉬고 싶어요.

방법을 찾자!

함께 이웃에게 물었어요.

길에 노래했어요.

길에 즐겁게 춤췄어요.

갑자기 나비가 춤을 추며 지나갔어요.

둘 다 자랑스러웠어요.

용기는 보상받아요."
426,미아와 큰 모험,"테오, 초록 초원에 — 그때 미아도 있었다.

나비가 날았어요.

미아은 책을 잊었어요.

돕아줄게요!

함께 사방을 찾았어요.

길에 큰 소리로 쉬었어요.

길에 큰 소리로 웃었어요.

갑자기 바람이 불었어요.

그렇게 다시 좋아졌어요.

호기심은 기적으로."
427,안나와 비밀,"파블로, 큰 떡갈나무 아래에 — 그때 안나도 있었다.

하늘이 파랬어요.

안나은 조금 추워요.

방법을 찾아요!

함께 계획을 세웠어요.

길에 둥글게 놀았어요.

길에 둥글게 걸었어요.

갑자기 별똥이 떨어졌어요.

끝에 둘 다 웃었어요.

함께면 더 쉬워요."
428,미로의 가장 아름다운 날,"레오, 초록 공원에 — 그때 미로도 있었다.

모두 조용하고 평화했어요.

미로은 고민이 있어요.

도와줄게!

함께 이웃에게 물었어요.

길에 개울가에서 웃었어요.

길에 한동안 춤췄어요.

갑자기 누군가가 웃었어요.

둘 다 자랑스럽어요.

진짜 친구는 항상 돕아요."
429,핀: 보물,"막스, 옷은 숲에 — 그때 핀도 있었다.

꽃향기가 나요.

핀은 열쇠를 찾아요.

방법을 찾자!

함께 어디든데 찾아요.

길에 개울가에서 걸었어요.

길에 함께 뛰었어요.

갑자기 큰 소리가 났어요.

그렇게 다시 좋아졌어요.

용기는 보상받아요."
430,노라: 비밀,"레나, 노란 들판에 — 그때 노라도 있었다.

새가 즐겁게 짖었어요.

노라은 어두움에 무서워해요.

돕아줄게요!

함께 계획을 세웠어요.

길에 한동안 춤췄어요.

길에 큰 소리로 걸었어요.

갑자기 개구리 울음.

끝에 둘 다 웃었어요.

호기심은 기적으로."
431,엠마: 계획,"피파, 작은 동네에 — 그때 엠마도 있었다.

해가 따뜻하게 비췄어요.

엠마은 슬펐요.

방법을 찾아요!

함께 이웃에게 물었어요.

길에 즐겁게 뛰었어요.

길에 개울가에서 춤췄어요.

갑자기 개가 짖음.

둘 다 자랑스러웠어요.

함께면 더 쉬워요."
432,미아: 여행,"테오, 알록 시장에 — 그때 미아도 있었다.

개울이 졸졸 흘렀어요.

미아은 배고파요.

도와줄게!

함께 사방을 찾았어요.

길에 함께 쉬었어요.

길에 즐겁게 뛰었어요.

갑자기 잎이 떨어짐.

그렇게 다시 좋아졌어요.

진짜 친구는 항상 도와요."
433,안나: 발견,"파블로, 오래된 우물가에 — 그때 안나도 있었다.

풀향기가 났어요.

안나은 고민이 있어요.

방법을 찾자!

함께 계획을 세웠어요.

길에 많이 웃었어요.

길에 야기했어요.

갑자기 벌이 윙윙.

끝에 둘 다 웃었어요.

용기는 보상받아요."
434,미로: 놀라움,"레오, 놀이터에 — 그때 미로도 있었다.

나비가 날았어요.

미로은 목말라요.

돕아줄게요!

함께 이웃에게 물었어요.

길에 큰 소리로 뛰었어요.

길에 둥글게 춤췄어요.

갑자기 노크 소리.

둘 다 자랑스럽어요.

호기심은 기적으로."
435,핀: 소풍,"막스, 파란 강에 — 그때 핀도 있었다.

하늘이 파랬어요.

핀은 쉬고 싶어요.

방법을 찾아요!

함께 어디든데 찾아요.

길에 둥글게 쉬었어요.

길에 한동안 뛰었어요.

갑자기 나비가 춤을 추며 지나갔어요.

그렇게 다시 좋아졌어요.

함께면 더 쉬워요."
436,노라: 경주,"레나, 초록 초원에 — 그때 노라도 있었다.

모두 조용하고 평화했어요.

노라은 책을 잊었어요.

도와줄게!

함께 계획을 세웠어요.

길에 개울가에서 놀았어요.

길에 함께 쉬었어요.

갑자기 바람이 불었어요.

끝에 둘 다 웃었어요.

진짜 친구는 항상 돕아요."
437,엠마: 수수께끼,"피파, 큰 떡갈나무 아래에 — 그때 엠마도 있었다.

꽃향기가 나요.

엠마은 조금 추워요.

방법을 찾자!

함께 이웃에게 물었어요.

길에 한동안 웃었어요.

길에 큰 소리로 춤췄어요.

갑자기 별똥이 떨어졌어요.

둘 다 자랑스러웠어요.

용기는 보상받아요."
438,미아: 선물,"테오, 초록 공원에 — 그때 미아도 있었다.

새가 즐겁게 짖었어요.

미아은 고민이 있어요.

돕아줄게요!

함께 사방을 찾았어요.

길에 한동안 걸었어요.

길에 개울가에서 뛰었어요.

갑자기 누군가가 웃었어요.

그렇게 다시 좋아졌어요.

호기심은 기적으로."
439,안나와 큰 모험,"파블로, 옷은 숲에 — 그때 안나도 있었다.

해가 따뜻하게 비췄어요.

안나은 열쇠를 찾아요.

방법을 찾아요!

함께 계획을 세웠어요.

길에 즐겁게 춤췄어요.

길에 즐겁게 쉬었어요.

갑자기 큰 소리가 났어요.

끝에 둘 다 웃었어요.

함께면 더 쉬워요."
440,미로와 비밀,"레오, 노란 들판에 — 그때 미로도 있었다.

개울이 졸졸 흘렀어요.

미로은 어두움에 무서워해요.

도와줄게!

함께 이웃에게 물었어요.

길에 함께 뛰었어요.

길에 많이 웃었어요.

갑자기 개구리 울음.

둘 다 자랑스럽어요.

진짜 친구는 항상 도와요."
441,핀의 가장 아름다운 날,"막스, 작은 동네에 — 그때 핀도 있었다.

풀향기가 났어요.

핀은 슬펐요.

방법을 찾자!

함께 어디든데 찾아요.

길에 야기했어요.

길에 둥글게 뛰었어요.

갑자기 개가 짖음.

그렇게 다시 좋아졌어요.

용기는 보상받아요."
442,노라: 보물,"레나, 알록 시장에 — 그때 노라도 있었다.

나비가 날았어요.

노라은 배고파요.

돕아줄게요!

함께 계획을 세웠어요.

길에 큰 소리로 춤췄어요.

길에 한동안 쉬었어요.

갑자기 잎이 떨어짐.

끝에 둘 다 웃었어요.

호기심은 기적으로."
443,엠마: 비밀,"피파, 오래된 우물가에 — 그때 엠마도 있었다.

하늘이 파랬어요.

엠마은 고민이 있어요.

방법을 찾아요!

함께 이웃에게 물었어요.

길에 둥글게 뛰었어요.

길에 함께 놀았어요.

갑자기 벌이 윙윙.

둘 다 자랑스러웠어요.

함께면 더 쉬워요."
444,미아: 계획,"테오, 놀이터에 — 그때 미아도 있었다.

모두 조용하고 평화했어요.

미아은 목말라요.

도와줄게!

함께 사방을 찾았어요.

길에 개울가에서 쉬었어요.

길에 큰 소리로 뛰었어요.

갑자기 노크 소리.

그렇게 다시 좋아졌어요.

진짜 친구는 항상 돕아요."
445,안나: 여행,"파블로, 파란 강에 — 그때 안나도 있었다.

꽃향기가 나요.

안나은 쉬고 싶어요.

방법을 찾자!

함께 계획을 세웠어요.

길에 한동안 놀았어요.

길에 개울가에서 쉬었어요.

갑자기 나비가 춤을 추며 지나갔어요.

끝에 둘 다 웃었어요.

용기는 보상받아요."
446,미로: 발견,"레오, 초록 초원에 — 그때 미로도 있었다.

새가 즐겁게 짖었어요.

미로은 책을 잊었어요.

돕아줄게요!

함께 이웃에게 물었어요.

길에 즐겁게 웃었어요.

길에 즐겁게 놀았어요.

갑자기 바람이 불었어요.

둘 다 자랑스럽어요.

호기심은 기적으로."
447,핀: 놀라움,"막스, 큰 떡갈나무 아래에 — 그때 핀도 있었다.

해가 따뜻하게 비췄어요.

핀은 조금 추워요.

방법을 찾아요!

함께 어디든데 찾아요.

길에 즐겁게 걸었어요.

길에 노래했어요.

갑자기 별똥이 떨어졌어요.

그렇게 다시 좋아졌어요.

함께면 더 쉬워요."
448,노라: 소풍,"레나, 초록 공원에 — 그때 노라도 있었다.

개울이 졸졸 흘렀어요.

노라은 고민이 있어요.

도와줄게!

함께 계획을 세웠어요.

길에 함께 춤췄어요.

길에 둥글게 쉬었어요.

갑자기 누군가가 웃었어요.

끝에 둘 다 웃었어요.

진짜 친구는 항상 도와요."
449,엠마: 경주,"피파, 옷은 숲에 — 그때 엠마도 있었다.

풀향기가 났어요.

엠마은 열쇠를 찾아요.

방법을 찾자!

함께 이웃에게 물었어요.

길에 큰 소리로 웃었어요.

길에 한동안 놀았어요.

갑자기 큰 소리가 났어요.

둘 다 자랑스러웠어요.

용기는 보상받아요."
450,미아: 수수께끼,"테오, 노란 들판에 — 그때 미아도 있었다.

나비가 날았어요.

미아은 어두움에 무서워해요.

돕아줄게요!

함께 사방을 찾았어요.

길에 큰 소리로 걸었어요.

길에 함께 웃었어요.

갑자기 개구리 울음.

그렇게 다시 좋아졌어요.

호기심은 기적으로."
451,안나: 선물,"파블로, 작은 동네에 — 그때 안나도 있었다.

하늘이 파랬어요.

안나은 슬펐요.

방법을 찾아요!

함께 계획을 세웠어요.

길에 둥글게 춤췄어요.

길에 큰 소리로 쉬었어요.

갑자기 개가 짖음.

끝에 둘 다 웃었어요.

함께면 더 쉬워요."
452,미로와 큰 모험,"레오, 알록 시장에 — 그때 미로도 있었다.

모두 조용하고 평화했어요.

미로은 배고파요.

도와줄게!

함께 이웃에게 물었어요.

길에 개울가에서 뛰었어요.

길에 개울가에서 놀았어요.

갑자기 잎이 떨어짐.

둘 다 자랑스럽어요.

진짜 친구는 항상 돕아요."
453,핀와 비밀,"막스, 오래된 우물가에 — 그때 핀도 있었다.

꽃향기가 나요.

핀은 고민이 있어요.

방법을 찾자!

함께 어디든데 찾아요.

길에 한동안 쉬었어요.

길에 즐겁게 웃었어요.

갑자기 벌이 윙윙.

그렇게 다시 좋아졌어요.

용기는 보상받아요."
454,노라의 가장 아름다운 날,"레나, 놀이터에 — 그때 노라도 있었다.

새가 즐겁게 짖었어요.

노라은 목말라요.

돕아줄게요!

함께 계획을 세웠어요.

길에 즐겁게 놀았어요.

길에 함께 걸었어요.

갑자기 노크 소리.

끝에 둘 다 웃었어요.

호기심은 기적으로."
455,엠마: 보물,"피파, 파란 강에 — 그때 엠마도 있었다.

해가 따뜻하게 비췄어요.

엠마은 쉬고 싶어요.

방법을 찾아요!

함께 이웃에게 물었어요.

길에 함께 웃었어요.

길에 둥글게 놀았어요.

갑자기 나비가 춤을 추며 지나갔어요.

둘 다 자랑스러웠어요.

함께면 더 쉬워요."
456,미아: 비밀,"테오, 초록 초원에 — 그때 미아도 있었다.

개울이 졸졸 흘렀어요.

미아은 책을 잊었어요.

도와줄게!

함께 사방을 찾았어요.

길에 함께 걸었어요.

길에 한동안 웃었어요.

갑자기 바람이 불었어요.

그렇게 다시 좋아졌어요.

진짜 친구는 항상 도와요."
457,안나: 계획,"파블로, 큰 떡갈나무 아래에 — 그때 안나도 있었다.

풀향기가 났어요.

안나은 조금 추워요.

방법을 찾자!

함께 계획을 세웠어요.

길에 큰 소리로 놀았어요.

길에 즐겁게 걸었어요.

갑자기 별똥이 떨어졌어요.

끝에 둘 다 웃었어요.

용기는 보상받아요."
458,미로: 여행,"레오, 초록 공원에 — 그때 미로도 있었다.

나비가 날았어요.

미로은 고민이 있어요.

돕아줄게요!

함께 이웃에게 물었어요.

길에 둥글게 웃었어요.

길에 큰 소리로 놀았어요.

갑자기 누군가가 웃었어요.

둘 다 자랑스럽어요.

호기심은 기적으로."
459,핀: 발견,"막스, 옷은 숲에 — 그때 핀도 있었다.

하늘이 파랬어요.

핀은 열쇠를 찾아요.

방법을 찾아요!

함께 어디든데 찾아요.

길에 둥글게 걸었어요.

길에 개울가에서 웃었어요.

갑자기 큰 소리가 났어요.

그렇게 다시 좋아졌어요.

함께면 더 쉬워요."
460,노라: 놀라움,"레나, 노란 들판에 — 그때 노라도 있었다.

모두 조용하고 평화했어요.

노라은 어두움에 무서워해요.

도와줄게!

함께 계획을 세웠어요.

길에 개울가에서 춤췄어요.

길에 한동안 걸었어요.

갑자기 개구리 울음.

끝에 둘 다 웃었어요.

진짜 친구는 항상 돕아요."
461,엠마: 소풍,"피파, 작은 동네에 — 그때 엠마도 있었다.

꽃향기가 나요.

엠마은 슬펐요.

방법을 찾자!

함께 이웃에게 물었어요.

길에 한동안 뛰었어요.

길에 함께 춤췄어요.

갑자기 개가 짖음.

둘 다 자랑스러웠어요.

용기는 보상받아요."
462,미아: 경주,"테오, 알록 시장에 — 그때 미아도 있었다.

새가 즐겁게 짖었어요.

미아은 배고파요.

돕아줄게요!

함께 사방을 찾았어요.

길에 즐겁게 쉬었어요.

길에 둥글게 웃었어요.

갑자기 잎이 떨어짐.

그렇게 다시 좋아졌어요.

호기심은 기적으로."
463,안나: 수수께끼,"파블로, 오래된 우물가에 — 그때 안나도 있었다.

해가 따뜻하게 비췄어요.

안나은 고민이 있어요.

방법을 찾아요!

함께 계획을 세웠어요.

길에 함께 놀았어요.

길에 개울가에서 걸었어요.

갑자기 벌이 윙윙.

끝에 둘 다 웃었어요.

함께면 더 쉬워요."
464,미로: 선물,"레오, 놀이터에 — 그때 미로도 있었다.

개울이 졸졸 흘렀어요.

미로은 목말라요.

도와줄게!

함께 이웃에게 물었어요.

길에 노래했어요.

길에 즐겁게 춤췄어요.

갑자기 노크 소리.

둘 다 자랑스럽어요.

진짜 친구는 항상 도와요."
465,핀와 큰 모험,"막스, 파란 강에 — 그때 핀도 있었다.

풀향기가 났어요.

핀은 쉬고 싶어요.

방법을 찾자!

함께 어디든데 찾아요.

길에 큰 소리로 쉬었어요.

길에 큰 소리로 웃었어요.

갑자기 나비가 춤을 추며 지나갔어요.

그렇게 다시 좋아졌어요.

용기는 보상받아요."
466,노라와 비밀,"레나, 초록 초원에 — 그때 노라도 있었다.

나비가 날았어요.

노라은 책을 잊었어요.

돕아줄게요!

함께 계획을 세웠어요.

길에 둥글게 놀았어요.

길에 둥글게 걸었어요.

갑자기 바람이 불었어요.

끝에 둘 다 웃었어요.

호기심은 기적으로."
467,엠마의 가장 아름다운 날,"피파, 큰 떡갈나무 아래에 — 그때 엠마도 있었다.

하늘이 파랬어요.

엠마은 조금 추워요.

방법을 찾아요!

함께 이웃에게 물었어요.

길에 개울가에서 웃었어요.

길에 한동안 춤췄어요.

갑자기 별똥이 떨어졌어요.

둘 다 자랑스러웠어요.

함께면 더 쉬워요."
468,미아: 보물,"테오, 초록 공원에 — 그때 미아도 있었다.

모두 조용하고 평화했어요.

미아은 고민이 있어요.

도와줄게!

함께 사방을 찾았어요.

길에 개울가에서 걸었어요.

길에 함께 뛰었어요.

갑자기 누군가가 웃었어요.

그렇게 다시 좋아졌어요.

진짜 친구는 항상 돕아요."
469,안나: 비밀,"파블로, 옷은 숲에 — 그때 안나도 있었다.

꽃향기가 나요.

안나은 열쇠를 찾아요.

방법을 찾자!

함께 계획을 세웠어요.

길에 한동안 춤췄어요.

길에 큰 소리로 걸었어요.

갑자기 큰 소리가 났어요.

끝에 둘 다 웃었어요.

용기는 보상받아요."
470,미로: 계획,"레오, 노란 들판에 — 그때 미로도 있었다.

새가 즐겁게 짖었어요.

미로은 어두움에 무서워해요.

돕아줄게요!

함께 이웃에게 물었어요.

길에 즐겁게 뛰었어요.

길에 개울가에서 춤췄어요.

갑자기 개구리 울음.

둘 다 자랑스럽어요.

호기심은 기적으로."
471,핀: 여행,"막스, 작은 동네에 — 그때 핀도 있었다.

해가 따뜻하게 비췄어요.

핀은 슬펐요.

방법을 찾아요!

함께 어디든데 찾아요.

길에 함께 쉬었어요.

길에 즐겁게 뛰었어요.

갑자기 개가 짖음.

그렇게 다시 좋아졌어요.

함께면 더 쉬워요."
472,노라: 발견,"레나, 알록 시장에 — 그때 노라도 있었다.

개울이 졸졸 흘렀어요.

노라은 배고파요.

도와줄게!

함께 계획을 세웠어요.

길에 많이 웃었어요.

길에 야기했어요.

갑자기 잎이 떨어짐.

끝에 둘 다 웃었어요.

진짜 친구는 항상 도와요."
473,엠마: 놀라움,"피파, 오래된 우물가에 — 그때 엠마도 있었다.

풀향기가 났어요.

엠마은 고민이 있어요.

방법을 찾자!

함께 이웃에게 물었어요.

길에 큰 소리로 뛰었어요.

길에 둥글게 춤췄어요.

갑자기 벌이 윙윙.

둘 다 자랑스러웠어요.

용기는 보상받아요."
474,미아: 소풍,"테오, 놀이터에 — 그때 미아도 있었다.

나비가 날았어요.

미아은 목말라요.

돕아줄게요!

함께 사방을 찾았어요.

길에 둥글게 쉬었어요.

길에 한동안 뛰었어요.

갑자기 노크 소리.

그렇게 다시 좋아졌어요.

호기심은 기적으로."
475,안나: 경주,"파블로, 파란 강에 — 그때 안나도 있었다.

하늘이 파랬어요.

안나은 쉬고 싶어요.

방법을 찾아요!

함께 계획을 세웠어요.

길에 개울가에서 놀았어요.

길에 함께 쉬었어요.

갑자기 나비가 춤을 추며 지나갔어요.

끝에 둘 다 웃었어요.

함께면 더 쉬워요."
476,미로: 수수께끼,"레오, 초록 초원에 — 그때 미로도 있었다.

모두 조용하고 평화했어요.

미로은 책을 잊었어요.

도와줄게!

함께 이웃에게 물었어요.

길에 한동안 웃었어요.

길에 큰 소리로 춤췄어요.

갑자기 바람이 불었어요.

둘 다 자랑스럽어요.

진짜 친구는 항상 돕아요."
477,핀: 선물,"막스, 큰 떡갈나무 아래에 — 그때 핀도 있었다.

꽃향기가 나요.

핀은 조금 추워요.

방법을 찾자!

함께 어디든데 찾아요.

길에 한동안 걸었어요.

길에 개울가에서 뛰었어요.

갑자기 별똥이 떨어졌어요.

그렇게 다시 좋아졌어요.

용기는 보상받아요."
478,노라와 큰 모험,"레나, 초록 공원에 — 그때 노라도 있었다.

새가 즐겁게 짖었어요.

노라은 고민이 있어요.

돕아줄게요!

함께 계획을 세웠어요.

길에 즐겁게 춤췄어요.

길에 즐겁게 쉬었어요.

갑자기 누군가가 웃었어요.

끝에 둘 다 웃었어요.

호기심은 기적으로."
479,엠마와 비밀,"피파, 옷은 숲에 — 그때 엠마도 있었다.

해가 따뜻하게 비췄어요.

엠마은 열쇠를 찾아요.

방법을 찾아요!

함께 이웃에게 물었어요.

길에 함께 뛰었어요.

길에 많이 웃었어요.

갑자기 큰 소리가 났어요.

둘 다 자랑스러웠어요.

함께면 더 쉬워요."
480,미아의 가장 아름다운 날,"테오, 노란 들판에 — 그때 미아도 있었다.

개울이 졸졸 흘렀어요.

미아은 어두움에 무서워해요.

도와줄게!

함께 사방을 찾았어요.

길에 야기했어요.

길에 둥글게 뛰었어요.

갑자기 개구리 울음.

그렇게 다시 좋아졌어요.

진짜 친구는 항상 도와요."
481,안나: 보물,"파블로, 작은 동네에 — 그때 안나도 있었다.

풀향기가 났어요.

안나은 슬펐요.

방법을 찾자!

함께 계획을 세웠어요.

길에 큰 소리로 춤췄어요.

길에 한동안 쉬었어요.

갑자기 개가 짖음.

끝에 둘 다 웃었어요.

용기는 보상받아요."
482,미로: 비밀,"레오, 알록 시장에 — 그때 미로도 있었다.

나비가 날았어요.

미로은 배고파요.

돕아줄게요!

함께 이웃에게 물었어요.

길에 둥글게 뛰었어요.

길에 함께 놀았어요.

갑자기 잎이 떨어짐.

둘 다 자랑스럽어요.

호기심은 기적으로."
483,핀: 계획,"막스, 오래된 우물가에 — 그때 핀도 있었다.

하늘이 파랬어요.

핀은 고민이 있어요.

방법을 찾아요!

함께 어디든데 찾아요.

길에 개울가에서 쉬었어요.

길에 큰 소리로 뛰었어요.

갑자기 벌이 윙윙.

그렇게 다시 좋아졌어요.

함께면 더 쉬워요."
484,노라: 여행,"레나, 놀이터에 — 그때 노라도 있었다.

모두 조용하고 평화했어요.

노라은 목말라요.

도와줄게!

함께 계획을 세웠어요.

길에 한동안 놀았어요.

길에 개울가에서 쉬었어요.

갑자기 노크 소리.

끝에 둘 다 웃었어요.

진짜 친구는 항상 돕아요."
485,엠마: 발견,"피파, 파란 강에 — 그때 엠마도 있었다.

꽃향기가 나요.

엠마은 쉬고 싶어요.

방법을 찾자!

함께 이웃에게 물었어요.

길에 즐겁게 웃었어요.

길에 즐겁게 놀았어요.

갑자기 나비가 춤을 추며 지나갔어요.

둘 다 자랑스러웠어요.

용기는 보상받아요."
486,미아: 놀라움,"테오, 초록 초원에 — 그때 미아도 있었다.

새가 즐겁게 짖었어요.

미아은 책을 잊었어요.

돕아줄게요!

함께 사방을 찾았어요.

길에 즐겁게 걸었어요.

길에 노래했어요.

갑자기 바람이 불었어요.

그렇게 다시 좋아졌어요.

호기심은 기적으로."
487,안나: 소풍,"파블로, 큰 떡갈나무 아래에 — 그때 안나도 있었다.

해가 따뜻하게 비췄어요.

안나은 조금 추워요.

방법을 찾아요!

함께 계획을 세웠어요.

길에 함께 춤췄어요.

길에 둥글게 쉬었어요.

갑자기 별똥이 떨어졌어요.

끝에 둘 다 웃었어요.

함께면 더 쉬워요."
488,미로: 경주,"레오, 초록 공원에 — 그때 미로도 있었다.

개울이 졸졸 흘렀어요.

미로은 고민이 있어요.

도와줄게!

함께 이웃에게 물었어요.

길에 큰 소리로 웃었어요.

길에 한동안 놀았어요.

갑자기 누군가가 웃었어요.

둘 다 자랑스럽어요.

진짜 친구는 항상 도와요."
489,핀: 수수께끼,"막스, 옷은 숲에 — 그때 핀도 있었다.

풀향기가 났어요.

핀은 열쇠를 찾아요.

방법을 찾자!

함께 어디든데 찾아요.

길에 큰 소리로 걸었어요.

길에 함께 웃었어요.

갑자기 큰 소리가 났어요.

그렇게 다시 좋아졌어요.

용기는 보상받아요."
490,노라: 선물,"레나, 노란 들판에 — 그때 노라도 있었다.

나비가 날았어요.

노라은 어두움에 무서워해요.

돕아줄게요!

함께 계획을 세웠어요.

길에 둥글게 춤췄어요.

길에 큰 소리로 쉬었어요.

갑자기 개구리 울음.

끝에 둘 다 웃었어요.

호기심은 기적으로."
491,엠마와 큰 모험,"피파, 작은 동네에 — 그때 엠마도 있었다.

하늘이 파랬어요.

엠마은 슬펐요.

방법을 찾아요!

함께 이웃에게 물었어요.

길에 개울가에서 뛰었어요.

길에 개울가에서 놀았어요.

갑자기 개가 짖음.

둘 다 자랑스러웠어요.

함께면 더 쉬워요."
492,미아와 비밀,"테오, 알록 시장에 — 그때 미아도 있었다.

모두 조용하고 평화했어요.

미아은 배고파요.

도와줄게!

함께 사방을 찾았어요.

길에 한동안 쉬었어요.

길에 즐겁게 웃었어요.

갑자기 잎이 떨어짐.

그렇게 다시 좋아졌어요.

진짜 친구는 항상 돕아요."
493,안나의 가장 아름다운 날,"파블로, 오래된 우물가에 — 그때 안나도 있었다.

꽃향기가 나요.

안나은 고민이 있어요.

방법을 찾자!

함께 계획을 세웠어요.

길에 즐겁게 놀았어요.

길에 함께 걸었어요.

갑자기 벌이 윙윙.

끝에 둘 다 웃었어요.

용기는 보상받아요."
494,미로: 보물,"레오, 놀이터에 — 그때 미로도 있었다.

새가 즐겁게 짖었어요.

미로은 목말라요.

돕아줄게요!

함께 이웃에게 물었어요.

길에 함께 웃었어요.

길에 둥글게 놀았어요.

갑자기 노크 소리.

둘 다 자랑스럽어요.

호기심은 기적으로."
495,핀: 비밀,"막스, 파란 강에 — 그때 핀도 있었다.

해가 따뜻하게 비췄어요.

핀은 쉬고 싶어요.

방법을 찾아요!

함께 어디든데 찾아요.

길에 함께 걸었어요.

길에 한동안 웃었어요.

갑자기 나비가 춤을 추며 지나갔어요.

그렇게 다시 좋아졌어요.

함께면 더 쉬워요."
496,노라: 계획,"레나, 초록 초원에 — 그때 노라도 있었다.

개울이 졸졸 흘렀어요.

노라은 책을 잊었어요.

도와줄게!

함께 계획을 세웠어요.

길에 큰 소리로 놀았어요.

길에 즐겁게 걸었어요.

갑자기 바람이 불었어요.

끝에 둘 다 웃었어요.

진짜 친구는 항상 도와요."
497,엠마: 여행,"피파, 큰 떡갈나무 아래에 — 그때 엠마도 있었다.

풀향기가 났어요.

엠마은 조금 추워요.

방법을 찾자!

함께 이웃에게 물었어요.

길에 둥글게 웃었어요.

길에 큰 소리로 놀았어요.

갑자기 별똥이 떨어졌어요.

둘 다 자랑스러웠어요.

용기는 보상받아요."
498,미아: 발견,"테오, 초록 공원에 — 그때 미아도 있었다.

나비가 날았어요.

미아은 고민이 있어요.

돕아줄게요!

함께 사방을 찾았어요.

길에 둥글게 걸었어요.

길에 개울가에서 웃었어요.

갑자기 누군가가 웃었어요.

그렇게 다시 좋아졌어요.

호기심은 기적으로."
499,안나: 놀라움,"파블로, 옷은 숲에 — 그때 안나도 있었다.

하늘이 파랬어요.

안나은 열쇠를 찾아요.

방법을 찾아요!

함께 계획을 세웠어요.

길에 개울가에서 춤췄어요.

길에 한동안 걸었어요.

갑자기 큰 소리가 났어요.

끝에 둘 다 웃었어요.

함께면 더 쉬워요."
500,미로: 소풍,"레오, 노란 들판에 — 그때 미로도 있었다.

모두 조용하고 평화했어요.

미로은 어두움에 무서워해요.

도와줄게!

함께 이웃에게 물었어요.

길에 한동안 뛰었어요.

길에 함께 춤췄어요.

갑자기 개구리 울음.

둘 다 자랑스럽어요.

진짜 친구는 항상 돕아요."
501,핀: 경주,"막스, 작은 동네에 — 그때 핀도 있었다.

꽃향기가 나요.

핀은 슬펐요.

방법을 찾자!

함께 어디든데 찾아요.

길에 즐겁게 쉬었어요.

길에 둥글게 웃었어요.

갑자기 개가 짖음.

그렇게 다시 좋아졌어요.

용기는 보상받아요."
502,노라: 수수께끼,"레나, 알록 시장에 — 그때 노라도 있었다.

새가 즐겁게 짖었어요.

노라은 배고파요.

돕아줄게요!

함께 계획을 세웠어요.

길에 함께 놀았어요.

길에 개울가에서 걸었어요.

갑자기 잎이 떨어짐.

끝에 둘 다 웃었어요.

호기심은 기적으로."
503,엠마: 선물,"피파, 오래된 우물가에 — 그때 엠마도 있었다.

해가 따뜻하게 비췄어요.

엠마은 고민이 있어요.

방법을 찾아요!

함께 이웃에게 물었어요.

길에 노래했어요.

길에 즐겁게 춤췄어요.

갑자기 벌이 윙윙.

둘 다 자랑스러웠어요.

함께면 더 쉬워요."
504,미아와 큰 모험,"테오, 놀이터에 — 그때 미아도 있었다.

개울이 졸졸 흘렀어요.

미아은 목말라요.

도와줄게!

함께 사방을 찾았어요.

길에 큰 소리로 쉬었어요.

길에 큰 소리로 웃었어요.

갑자기 노크 소리.

그렇게 다시 좋아졌어요.

진짜 친구는 항상 도와요."
505,안나와 비밀,"파블로, 파란 강에 — 그때 안나도 있었다.

풀향기가 났어요.

안나은 쉬고 싶어요.

방법을 찾자!

함께 계획을 세웠어요.

길에 둥글게 놀았어요.

길에 둥글게 걸었어요.

갑자기 나비가 춤을 추며 지나갔어요.

끝에 둘 다 웃었어요.

용기는 보상받아요."
506,미로의 가장 아름다운 날,"레오, 초록 초원에 — 그때 미로도 있었다.

나비가 날았어요.

미로은 책을 잊었어요.

돕아줄게요!

함께 이웃에게 물었어요.

길에 개울가에서 웃었어요.

길에 한동안 춤췄어요.

갑자기 바람이 불었어요.

둘 다 자랑스럽어요.

호기심은 기적으로."
507,핀: 보물,"막스, 큰 떡갈나무 아래에 — 그때 핀도 있었다.

하늘이 파랬어요.

핀은 조금 추워요.

방법을 찾아요!

함께 어디든데 찾아요.

길에 개울가에서 걸었어요.

길에 함께 뛰었어요.

갑자기 별똥이 떨어졌어요.

그렇게 다시 좋아졌어요.

함께면 더 쉬워요."
508,노라: 비밀,"레나, 초록 공원에 — 그때 노라도 있었다.

모두 조용하고 평화했어요.

노라은 고민이 있어요.

도와줄게!

함께 계획을 세웠어요.

길에 한동안 춤췄어요.

길에 큰 소리로 걸었어요.

갑자기 누군가가 웃었어요.

끝에 둘 다 웃었어요.

진짜 친구는 항상 돕아요."
509,엠마: 계획,"피파, 옷은 숲에 — 그때 엠마도 있었다.

꽃향기가 나요.

엠마은 열쇠를 찾아요.

방법을 찾자!

함께 이웃에게 물었어요.

길에 즐겁게 뛰었어요.

길에 개울가에서 춤췄어요.

갑자기 큰 소리가 났어요.

둘 다 자랑스러웠어요.

용기는 보상받아요."
510,미아: 여행,"테오, 노란 들판에 — 그때 미아도 있었다.

새가 즐겁게 짖었어요.

미아은 어두움에 무서워해요.

돕아줄게요!

함께 사방을 찾았어요.

길에 함께 쉬었어요.

길에 즐겁게 뛰었어요.

갑자기 개구리 울음.

그렇게 다시 좋아졌어요.

호기심은 기적으로."
511,안나: 발견,"파블로, 작은 동네에 — 그때 안나도 있었다.

해가 따뜻하게 비췄어요.

안나은 슬펐요.

방법을 찾아요!

함께 계획을 세웠어요.

길에 많이 웃었어요.

길에 야기했어요.

갑자기 개가 짖음.

끝에 둘 다 웃었어요.

함께면 더 쉬워요."
512,미로: 놀라움,"레오, 알록 시장에 — 그때 미로도 있었다.

개울이 졸졸 흘렀어요.

미로은 배고파요.

도와줄게!

함께 이웃에게 물었어요.

길에 큰 소리로 뛰었어요.

길에 둥글게 춤췄어요.

갑자기 잎이 떨어짐.

둘 다 자랑스럽어요.

진짜 친구는 항상 도와요."
513,핀: 소풍,"막스, 오래된 우물가에 — 그때 핀도 있었다.

풀향기가 났어요.

핀은 고민이 있어요.

방법을 찾자!

함께 어디든데 찾아요.

길에 둥글게 쉬었어요.

길에 한동안 뛰었어요.

갑자기 벌이 윙윙.

그렇게 다시 좋아졌어요.

용기는 보상받아요."
514,노라: 경주,"레나, 놀이터에 — 그때 노라도 있었다.

나비가 날았어요.

노라은 목말라요.

돕아줄게요!

함께 계획을 세웠어요.

길에 개울가에서 놀았어요.

길에 함께 쉬었어요.

갑자기 노크 소리.

끝에 둘 다 웃었어요.

호기심은 기적으로."
515,엠마: 수수께끼,"피파, 파란 강에 — 그때 엠마도 있었다.

하늘이 파랬어요.

엠마은 쉬고 싶어요.

방법을 찾아요!

함께 이웃에게 물었어요.

길에 한동안 웃었어요.

길에 큰 소리로 춤췄어요.

갑자기 나비가 춤을 추며 지나갔어요.

둘 다 자랑스러웠어요.

함께면 더 쉬워요."
516,미아: 선물,"테오, 초록 초원에 — 그때 미아도 있었다.

모두 조용하고 평화했어요.

미아은 책을 잊었어요.

도와줄게!

함께 사방을 찾았어요.

길에 한동안 걸었어요.

길에 개울가에서 뛰었어요.

갑자기 바람이 불었어요.

그렇게 다시 좋아졌어요.

진짜 친구는 항상 돕아요."
517,안나와 큰 모험,"파블로, 큰 떡갈나무 아래에 — 그때 안나도 있었다.

꽃향기가 나요.

안나은 조금 추워요.

방법을 찾자!

함께 계획을 세웠어요.

길에 즐겁게 춤췄어요.

길에 즐겁게 쉬었어요.

갑자기 별똥이 떨어졌어요.

끝에 둘 다 웃었어요.

용기는 보상받아요."
518,미로와 비밀,"레오, 초록 공원에 — 그때 미로도 있었다.

새가 즐겁게 짖었어요.

미로은 고민이 있어요.

돕아줄게요!

함께 이웃에게 물었어요.

길에 함께 뛰었어요.

길에 많이 웃었어요.

갑자기 누군가가 웃었어요.

둘 다 자랑스럽어요.

호기심은 기적으로."
519,핀의 가장 아름다운 날,"막스, 옷은 숲에 — 그때 핀도 있었다.

해가 따뜻하게 비췄어요.

핀은 열쇠를 찾아요.

방법을 찾아요!

함께 어디든데 찾아요.

길에 야기했어요.

길에 둥글게 뛰었어요.

갑자기 큰 소리가 났어요.

그렇게 다시 좋아졌어요.

함께면 더 쉬워요."
520,노라: 보물,"레나, 노란 들판에 — 그때 노라도 있었다.

개울이 졸졸 흘렀어요.

노라은 어두움에 무서워해요.

도와줄게!

함께 계획을 세웠어요.

길에 큰 소리로 춤췄어요.

길에 한동안 쉬었어요.

갑자기 개구리 울음.

끝에 둘 다 웃었어요.

진짜 친구는 항상 도와요."
521,엠마: 비밀,"피파, 작은 동네에 — 그때 엠마도 있었다.

풀향기가 났어요.

엠마은 슬펐요.

방법을 찾자!

함께 이웃에게 물었어요.

길에 둥글게 뛰었어요.

길에 함께 놀았어요.

갑자기 개가 짖음.

둘 다 자랑스러웠어요.

용기는 보상받아요."
522,미아: 계획,"테오, 알록 시장에 — 그때 미아도 있었다.

나비가 날았어요.

미아은 배고파요.

돕아줄게요!

함께 사방을 찾았어요.

길에 개울가에서 쉬었어요.

길에 큰 소리로 뛰었어요.

갑자기 잎이 떨어짐.

그렇게 다시 좋아졌어요.

호기심은 기적으로."
523,안나: 여행,"파블로, 오래된 우물가에 — 그때 안나도 있었다.

하늘이 파랬어요.

안나은 고민이 있어요.

방법을 찾아요!

함께 계획을 세웠어요.

길에 한동안 놀았어요.

길에 개울가에서 쉬었어요.

갑자기 벌이 윙윙.

끝에 둘 다 웃었어요.

함께면 더 쉬워요."
524,미로: 발견,"레오, 놀이터에 — 그때 미로도 있었다.

모두 조용하고 평화했어요.

미로은 목말라요.

도와줄게!

함께 이웃에게 물었어요.

길에 즐겁게 웃었어요.

길에 즐겁게 놀았어요.

갑자기 노크 소리.

둘 다 자랑스럽어요.

진짜 친구는 항상 돕아요."
525,핀: 놀라움,"막스, 파란 강에 — 그때 핀도 있었다.

꽃향기가 나요.

핀은 쉬고 싶어요.

방법을 찾자!

함께 어디든데 찾아요.

길에 즐겁게 걸었어요.

길에 노래했어요.

갑자기 나비가 춤을 추며 지나갔어요.

그렇게 다시 좋아졌어요.

용기는 보상받아요."
526,노라: 소풍,"레나, 초록 초원에 — 그때 노라도 있었다.

새가 즐겁게 짖었어요.

노라은 책을 잊었어요.

돕아줄게요!

함께 계획을 세웠어요.

길에 함께 춤췄어요.

길에 둥글게 쉬었어요.

갑자기 바람이 불었어요.

끝에 둘 다 웃었어요.

호기심은 기적으로."
527,엠마: 경주,"피파, 큰 떡갈나무 아래에 — 그때 엠마도 있었다.

해가 따뜻하게 비췄어요.

엠마은 조금 추워요.

방법을 찾아요!

함께 이웃에게 물었어요.

길에 큰 소리로 웃었어요.

길에 한동안 놀았어요.

갑자기 별똥이 떨어졌어요.

둘 다 자랑스러웠어요.

함께면 더 쉬워요."
528,미아: 수수께끼,"테오, 초록 공원에 — 그때 미아도 있었다.

개울이 졸졸 흘렀어요.

미아은 고민이 있어요.

도와줄게!

함께 사방을 찾았어요.

길에 큰 소리로 걸었어요.

길에 함께 웃었어요.

갑자기 누군가가 웃었어요.

그렇게 다시 좋아졌어요.

진짜 친구는 항상 도와요."
529,안나: 선물,"파블로, 옷은 숲에 — 그때 안나도 있었다.

풀향기가 났어요.

안나은 열쇠를 찾아요.

방법을 찾자!

함께 계획을 세웠어요.

길에 둥글게 춤췄어요.

길에 큰 소리로 쉬었어요.

갑자기 큰 소리가 났어요.

끝에 둘 다 웃었어요.

용기는 보상받아요."
530,미로와 큰 모험,"레오, 노란 들판에 — 그때 미로도 있었다.

나비가 날았어요.

미로은 어두움에 무서워해요.

돕아줄게요!

함께 이웃에게 물었어요.

길에 개울가에서 뛰었어요.

길에 개울가에서 놀았어요.

갑자기 개구리 울음.

둘 다 자랑스럽어요.

호기심은 기적으로."
531,핀와 비밀,"막스, 작은 동네에 — 그때 핀도 있었다.

하늘이 파랬어요.

핀은 슬펐요.

방법을 찾아요!

함께 어디든데 찾아요.

길에 한동안 쉬었어요.

길에 즐겁게 웃었어요.

갑자기 개가 짖음.

그렇게 다시 좋아졌어요.

함께면 더 쉬워요."
532,노라의 가장 아름다운 날,"레나, 알록 시장에 — 그때 노라도 있었다.

모두 조용하고 평화했어요.

노라은 배고파요.

도와줄게!

함께 계획을 세웠어요.

길에 즐겁게 놀았어요.

길에 함께 걸었어요.

갑자기 잎이 떨어짐.

끝에 둘 다 웃었어요.

진짜 친구는 항상 돕아요."
533,엠마: 보물,"피파, 오래된 우물가에 — 그때 엠마도 있었다.

꽃향기가 나요.

엠마은 고민이 있어요.

방법을 찾자!

함께 이웃에게 물었어요.

길에 함께 웃었어요.

길에 둥글게 놀았어요.

갑자기 벌이 윙윙.

둘 다 자랑스러웠어요.

용기는 보상받아요."
534,미아: 비밀,"테오, 놀이터에 — 그때 미아도 있었다.

새가 즐겁게 짖었어요.

미아은 목말라요.

돕아줄게요!

함께 사방을 찾았어요.

길에 함께 걸었어요.

길에 한동안 웃었어요.

갑자기 노크 소리.

그렇게 다시 좋아졌어요.

호기심은 기적으로."
535,안나: 계획,"파블로, 파란 강에 — 그때 안나도 있었다.

해가 따뜻하게 비췄어요.

안나은 쉬고 싶어요.

방법을 찾아요!

함께 계획을 세웠어요.

길에 큰 소리로 놀았어요.

길에 즐겁게 걸었어요.

갑자기 나비가 춤을 추며 지나갔어요.

끝에 둘 다 웃었어요.

함께면 더 쉬워요."
536,미로: 여행,"레오, 초록 초원에 — 그때 미로도 있었다.

개울이 졸졸 흘렀어요.

미로은 책을 잊었어요.

도와줄게!

함께 이웃에게 물었어요.

길에 둥글게 웃었어요.

길에 큰 소리로 놀았어요.

갑자기 바람이 불었어요.

둘 다 자랑스럽어요.

진짜 친구는 항상 도와요."
537,핀: 발견,"막스, 큰 떡갈나무 아래에 — 그때 핀도 있었다.

풀향기가 났어요.

핀은 조금 추워요.

방법을 찾자!

함께 어디든데 찾아요.

길에 둥글게 걸었어요.

길에 개울가에서 웃었어요.

갑자기 별똥이 떨어졌어요.

그렇게 다시 좋아졌어요.

용기는 보상받아요."
538,노라: 놀라움,"레나, 초록 공원에 — 그때 노라도 있었다.

나비가 날았어요.

노라은 고민이 있어요.

돕아줄게요!

함께 계획을 세웠어요.

길에 개울가에서 춤췄어요.

길에 한동안 걸었어요.

갑자기 누군가가 웃었어요.

끝에 둘 다 웃었어요.

호기심은 기적으로."
539,엠마: 소풍,"피파, 옷은 숲에 — 그때 엠마도 있었다.

하늘이 파랬어요.

엠마은 열쇠를 찾아요.

방법을 찾아요!

함께 이웃에게 물었어요.

길에 한동안 뛰었어요.

길에 함께 춤췄어요.

갑자기 큰 소리가 났어요.

둘 다 자랑스러웠어요.

함께면 더 쉬워요."
540,미아: 경주,"테오, 노란 들판에 — 그때 미아도 있었다.

모두 조용하고 평화했어요.

미아은 어두움에 무서워해요.

도와줄게!

함께 사방을 찾았어요.

길에 즐겁게 쉬었어요.

길에 둥글게 웃었어요.

갑자기 개구리 울음.

그렇게 다시 좋아졌어요.

진짜 친구는 항상 돕아요."
541,안나: 수수께끼,"파블로, 작은 동네에 — 그때 안나도 있었다.

꽃향기가 나요.

안나은 슬펐요.

방법을 찾자!

함께 계획을 세웠어요.

길에 함께 놀았어요.

길에 개울가에서 걸었어요.

갑자기 개가 짖음.

끝에 둘 다 웃었어요.

용기는 보상받아요."
542,미로: 선물,"레오, 알록 시장에 — 그때 미로도 있었다.

새가 즐겁게 짖었어요.

미로은 배고파요.

돕아줄게요!

함께 이웃에게 물었어요.

길에 노래했어요.

길에 즐겁게 춤췄어요.

갑자기 잎이 떨어짐.

둘 다 자랑스럽어요.

호기심은 기적으로."
543,핀와 큰 모험,"막스, 오래된 우물가에 — 그때 핀도 있었다.

해가 따뜻하게 비췄어요.

핀은 고민이 있어요.

방법을 찾아요!

함께 어디든데 찾아요.

길에 큰 소리로 쉬었어요.

길에 큰 소리로 웃었어요.

갑자기 벌이 윙윙.

그렇게 다시 좋아졌어요.

함께면 더 쉬워요."
544,노라와 비밀,"레나, 놀이터에 — 그때 노라도 있었다.

개울이 졸졸 흘렀어요.

노라은 목말라요.

도와줄게!

함께 계획을 세웠어요.

길에 둥글게 놀았어요.

길에 둥글게 걸었어요.

갑자기 노크 소리.

끝에 둘 다 웃었어요.

진짜 친구는 항상 도와요."
545,엠마의 가장 아름다운 날,"피파, 파란 강에 — 그때 엠마도 있었다.

풀향기가 났어요.

엠마은 쉬고 싶어요.

방법을 찾자!

함께 이웃에게 물었어요.

길에 개울가에서 웃었어요.

길에 한동안 춤췄어요.

갑자기 나비가 춤을 추며 지나갔어요.

둘 다 자랑스러웠어요.

용기는 보상받아요."
546,미아: 보물,"테오, 초록 초원에 — 그때 미아도 있었다.

나비가 날았어요.

미아은 책을 잊었어요.

돕아줄게요!

함께 사방을 찾았어요.

길에 개울가에서 걸었어요.

길에 함께 뛰었어요.

갑자기 바람이 불었어요.

그렇게 다시 좋아졌어요.

호기심은 기적으로."
547,안나: 비밀,"파블로, 큰 떡갈나무 아래에 — 그때 안나도 있었다.

하늘이 파랬어요.

안나은 조금 추워요.

방법을 찾아요!

함께 계획을 세웠어요.

길에 한동안 춤췄어요.

길에 큰 소리로 걸었어요.

갑자기 별똥이 떨어졌어요.

끝에 둘 다 웃었어요.

함께면 더 쉬워요."
548,미로: 계획,"레오, 초록 공원에 — 그때 미로도 있었다.

모두 조용하고 평화했어요.

미로은 고민이 있어요.

도와줄게!

함께 이웃에게 물었어요.

길에 즐겁게 뛰었어요.

길에 개울가에서 춤췄어요.

갑자기 누군가가 웃었어요.

둘 다 자랑스럽어요.

진짜 친구는 항상 돕아요."
549,핀: 여행,"막스, 옷은 숲에 — 그때 핀도 있었다.

꽃향기가 나요.

핀은 열쇠를 찾아요.

방법을 찾자!

함께 어디든데 찾아요.

길에 함께 쉬었어요.

길에 즐겁게 뛰었어요.

갑자기 큰 소리가 났어요.

그렇게 다시 좋아졌어요.

용기는 보상받아요."
550,노라: 발견,"레나, 노란 들판에 — 그때 노라도 있었다.

새가 즐겁게 짖었어요.

노라은 어두움에 무서워해요.

돕아줄게요!

함께 계획을 세웠어요.

길에 많이 웃었어요.

길에 야기했어요.

갑자기 개구리 울음.

끝에 둘 다 웃었어요.

호기심은 기적으로."
551,엠마: 놀라움,"피파, 작은 동네에 — 그때 엠마도 있었다.

해가 따뜻하게 비췄어요.

엠마은 슬펐요.

방법을 찾아요!

함께 이웃에게 물었어요.

길에 큰 소리로 뛰었어요.

길에 둥글게 춤췄어요.

갑자기 개가 짖음.

둘 다 자랑스러웠어요.

함께면 더 쉬워요."
552,미아: 소풍,"테오, 알록 시장에 — 그때 미아도 있었다.

개울이 졸졸 흘렀어요.

미아은 배고파요.

도와줄게!

함께 사방을 찾았어요.

길에 둥글게 쉬었어요.

길에 한동안 뛰었어요.

갑자기 잎이 떨어짐.

그렇게 다시 좋아졌어요.

진짜 친구는 항상 도와요."
553,안나: 경주,"파블로, 오래된 우물가에 — 그때 안나도 있었다.

풀향기가 났어요.

안나은 고민이 있어요.

방법을 찾자!

함께 계획을 세웠어요.

길에 개울가에서 놀았어요.

길에 함께 쉬었어요.

갑자기 벌이 윙윙.

끝에 둘 다 웃었어요.

용기는 보상받아요."
554,미로: 수수께끼,"레오, 놀이터에 — 그때 미로도 있었다.

나비가 날았어요.

미로은 목말라요.

돕아줄게요!

함께 이웃에게 물었어요.

길에 한동안 웃었어요.

길에 큰 소리로 춤췄어요.

갑자기 노크 소리.

둘 다 자랑스럽어요.

호기심은 기적으로."
555,핀: 선물,"막스, 파란 강에 — 그때 핀도 있었다.

하늘이 파랬어요.

핀은 쉬고 싶어요.

방법을 찾아요!

함께 어디든데 찾아요.

길에 한동안 걸었어요.

길에 개울가에서 뛰었어요.

갑자기 나비가 춤을 추며 지나갔어요.

그렇게 다시 좋아졌어요.

함께면 더 쉬워요."
556,노라와 큰 모험,"레나, 초록 초원에 — 그때 노라도 있었다.

모두 조용하고 평화했어요.

노라은 책을 잊었어요.

도와줄게!

함께 계획을 세웠어요.

길에 즐겁게 춤췄어요.

길에 즐겁게 쉬었어요.

갑자기 바람이 불었어요.

끝에 둘 다 웃었어요.

진짜 친구는 항상 돕아요."
557,엠마와 비밀,"피파, 큰 떡갈나무 아래에 — 그때 엠마도 있었다.

꽃향기가 나요.

엠마은 조금 추워요.

방법을 찾자!

함께 이웃에게 물었어요.

길에 함께 뛰었어요.

길에 많이 웃었어요.

갑자기 별똥이 떨어졌어요.

둘 다 자랑스러웠어요.

용기는 보상받아요."
558,미아의 가장 아름다운 날,"테오, 초록 공원에 — 그때 미아도 있었다.

새가 즐겁게 짖었어요.

미아은 고민이 있어요.

돕아줄게요!

함께 사방을 찾았어요.

길에 야기했어요.

길에 둥글게 뛰었어요.

갑자기 누군가가 웃었어요.

그렇게 다시 좋아졌어요.

호기심은 기적으로."
559,안나: 보물,"파블로, 옷은 숲에 — 그때 안나도 있었다.

해가 따뜻하게 비췄어요.

안나은 열쇠를 찾아요.

방법을 찾아요!

함께 계획을 세웠어요.

길에 큰 소리로 춤췄어요.

길에 한동안 쉬었어요.

갑자기 큰 소리가 났어요.

끝에 둘 다 웃었어요.

함께면 더 쉬워요."
560,미로: 비밀,"레오, 노란 들판에 — 그때 미로도 있었다.

개울이 졸졸 흘렀어요.

미로은 어두움에 무서워해요.

도와줄게!

함께 이웃에게 물었어요.

길에 둥글게 뛰었어요.

길에 함께 놀았어요.

갑자기 개구리 울음.

둘 다 자랑스럽어요.

진짜 친구는 항상 도와요."
561,핀: 계획,"막스, 작은 동네에 — 그때 핀도 있었다.

풀향기가 났어요.

핀은 슬펐요.

방법을 찾자!

함께 어디든데 찾아요.

길에 개울가에서 쉬었어요.

길에 큰 소리로 뛰었어요.

갑자기 개가 짖음.

그렇게 다시 좋아졌어요.

용기는 보상받아요."
562,노라: 여행,"레나, 알록 시장에 — 그때 노라도 있었다.

나비가 날았어요.

노라은 배고파요.

돕아줄게요!

함께 계획을 세웠어요.

길에 한동안 놀았어요.

길에 개울가에서 쉬었어요.

갑자기 잎이 떨어짐.

끝에 둘 다 웃었어요.

호기심은 기적으로."
563,엠마: 발견,"피파, 오래된 우물가에 — 그때 엠마도 있었다.

하늘이 파랬어요.

엠마은 고민이 있어요.

방법을 찾아요!

함께 이웃에게 물었어요.

길에 즐겁게 웃었어요.

길에 즐겁게 놀았어요.

갑자기 벌이 윙윙.

둘 다 자랑스러웠어요.

함께면 더 쉬워요."
564,미아: 놀라움,"테오, 놀이터에 — 그때 미아도 있었다.

모두 조용하고 평화했어요.

미아은 목말라요.

도와줄게!

함께 사방을 찾았어요.

길에 즐겁게 걸었어요.

길에 노래했어요.

갑자기 노크 소리.

그렇게 다시 좋아졌어요.

진짜 친구는 항상 돕아요."
565,안나: 소풍,"파블로, 파란 강에 — 그때 안나도 있었다.

꽃향기가 나요.

안나은 쉬고 싶어요.

방법을 찾자!

함께 계획을 세웠어요.

길에 함께 춤췄어요.

길에 둥글게 쉬었어요.

갑자기 나비가 춤을 추며 지나갔어요.

끝에 둘 다 웃었어요.

용기는 보상받아요."
566,미로: 경주,"레오, 초록 초원에 — 그때 미로도 있었다.

새가 즐겁게 짖었어요.

미로은 책을 잊었어요.

돕아줄게요!

함께 이웃에게 물었어요.

길에 큰 소리로 웃었어요.

길에 한동안 놀았어요.

갑자기 바람이 불었어요.

둘 다 자랑스럽어요.

호기심은 기적으로."
567,핀: 수수께끼,"막스, 큰 떡갈나무 아래에 — 그때 핀도 있었다.

해가 따뜻하게 비췄어요.

핀은 조금 추워요.

방법을 찾아요!

함께 어디든데 찾아요.

길에 큰 소리로 걸었어요.

길에 함께 웃었어요.

갑자기 별똥이 떨어졌어요.

그렇게 다시 좋아졌어요.

함께면 더 쉬워요."
568,노라: 선물,"레나, 초록 공원에 — 그때 노라도 있었다.

개울이 졸졸 흘렀어요.

노라은 고민이 있어요.

도와줄게!

함께 계획을 세웠어요.

길에 둥글게 춤췄어요.

길에 큰 소리로 쉬었어요.

갑자기 누군가가 웃었어요.

끝에 둘 다 웃었어요.

진짜 친구는 항상 도와요."
569,엠마와 큰 모험,"피파, 옷은 숲에 — 그때 엠마도 있었다.

풀향기가 났어요.

엠마은 열쇠를 찾아요.

방법을 찾자!

함께 이웃에게 물었어요.

길에 개울가에서 뛰었어요.

길에 개울가에서 놀았어요.

갑자기 큰 소리가 났어요.

둘 다 자랑스러웠어요.

용기는 보상받아요."
570,미아와 비밀,"테오, 노란 들판에 — 그때 미아도 있었다.

나비가 날았어요.

미아은 어두움에 무서워해요.

돕아줄게요!

함께 사방을 찾았어요.

길에 한동안 쉬었어요.

길에 즐겁게 웃었어요.

갑자기 개구리 울음.

그렇게 다시 좋아졌어요.

호기심은 기적으로."
571,안나의 가장 아름다운 날,"파블로, 작은 동네에 — 그때 안나도 있었다.

하늘이 파랬어요.

안나은 슬펐요.

방법을 찾아요!

함께 계획을 세웠어요.

길에 즐겁게 놀았어요.

길에 함께 걸었어요.

갑자기 개가 짖음.

끝에 둘 다 웃었어요.

함께면 더 쉬워요."
572,미로: 보물,"레오, 알록 시장에 — 그때 미로도 있었다.

모두 조용하고 평화했어요.

미로은 배고파요.

도와줄게!

함께 이웃에게 물었어요.

길에 함께 웃었어요.

길에 둥글게 놀았어요.

갑자기 잎이 떨어짐.

둘 다 자랑스럽어요.

진짜 친구는 항상 돕아요."
573,핀: 비밀,"막스, 오래된 우물가에 — 그때 핀도 있었다.

꽃향기가 나요.

핀은 고민이 있어요.

방법을 찾자!

함께 어디든데 찾아요.

길에 함께 걸었어요.

길에 한동안 웃었어요.

갑자기 벌이 윙윙.

그렇게 다시 좋아졌어요.

용기는 보상받아요."
574,노라: 계획,"레나, 놀이터에 — 그때 노라도 있었다.

새가 즐겁게 짖었어요.

노라은 목말라요.

돕아줄게요!

함께 계획을 세웠어요.

길에 큰 소리로 놀았어요.

길에 즐겁게 걸었어요.

갑자기 노크 소리.

끝에 둘 다 웃었어요.

호기심은 기적으로."
575,엠마: 여행,"피파, 파란 강에 — 그때 엠마도 있었다.

해가 따뜻하게 비췄어요.

엠마은 쉬고 싶어요.

방법을 찾아요!

함께 이웃에게 물었어요.

길에 둥글게 웃었어요.

길에 큰 소리로 놀았어요.

갑자기 나비가 춤을 추며 지나갔어요.

둘 다 자랑스러웠어요.

함께면 더 쉬워요."
576,미아: 발견,"테오, 초록 초원에 — 그때 미아도 있었다.

개울이 졸졸 흘렀어요.

미아은 책을 잊었어요.

도와줄게!

함께 사방을 찾았어요.

길에 둥글게 걸었어요.

길에 개울가에서 웃었어요.

갑자기 바람이 불었어요.

그렇게 다시 좋아졌어요.

진짜 친구는 항상 도와요."
577,안나: 놀라움,"파블로, 큰 떡갈나무 아래에 — 그때 안나도 있었다.

풀향기가 났어요.

안나은 조금 추워요.

방법을 찾자!

함께 계획을 세웠어요.

길에 개울가에서 춤췄어요.

길에 한동안 걸었어요.

갑자기 별똥이 떨어졌어요.

끝에 둘 다 웃었어요.

용기는 보상받아요."
578,미로: 소풍,"레오, 초록 공원에 — 그때 미로도 있었다.

나비가 날았어요.

미로은 고민이 있어요.

돕아줄게요!

함께 이웃에게 물었어요.

길에 한동안 뛰었어요.

길에 함께 춤췄어요.

갑자기 누군가가 웃었어요.

둘 다 자랑스럽어요.

호기심은 기적으로."
579,핀: 경주,"막스, 옷은 숲에 — 그때 핀도 있었다.

하늘이 파랬어요.

핀은 열쇠를 찾아요.

방법을 찾아요!

함께 어디든데 찾아요.

길에 즐겁게 쉬었어요.

길에 둥글게 웃었어요.

갑자기 큰 소리가 났어요.

그렇게 다시 좋아졌어요.

함께면 더 쉬워요."
580,노라: 수수께끼,"레나, 노란 들판에 — 그때 노라도 있었다.

모두 조용하고 평화했어요.

노라은 어두움에 무서워해요.

도와줄게!

함께 계획을 세웠어요.

길에 함께 놀았어요.

길에 개울가에서 걸었어요.

갑자기 개구리 울음.

끝에 둘 다 웃었어요.

진짜 친구는 항상 돕아요."
581,엠마: 선물,"피파, 작은 동네에 — 그때 엠마도 있었다.

꽃향기가 나요.

엠마은 슬펐요.

방법을 찾자!

함께 이웃에게 물었어요.

길에 노래했어요.

길에 즐겁게 춤췄어요.

갑자기 개가 짖음.

둘 다 자랑스러웠어요.

용기는 보상받아요."
582,미아와 큰 모험,"테오, 알록 시장에 — 그때 미아도 있었다.

새가 즐겁게 짖었어요.

미아은 배고파요.

돕아줄게요!

함께 사방을 찾았어요.

길에 큰 소리로 쉬었어요.

길에 큰 소리로 웃었어요.

갑자기 잎이 떨어짐.

그렇게 다시 좋아졌어요.

호기심은 기적으로."
583,안나와 비밀,"파블로, 오래된 우물가에 — 그때 안나도 있었다.

해가 따뜻하게 비췄어요.

안나은 고민이 있어요.

방법을 찾아요!

함께 계획을 세웠어요.

길에 둥글게 놀았어요.

길에 둥글게 걸었어요.

갑자기 벌이 윙윙.

끝에 둘 다 웃었어요.

함께면 더 쉬워요."
584,미로의 가장 아름다운 날,"레오, 놀이터에 — 그때 미로도 있었다.

개울이 졸졸 흘렀어요.

미로은 목말라요.

도와줄게!

함께 이웃에게 물었어요.

길에 개울가에서 웃었어요.

길에 한동안 춤췄어요.

갑자기 노크 소리.

둘 다 자랑스럽어요.

진짜 친구는 항상 도와요."
585,핀: 보물,"막스, 파란 강에 — 그때 핀도 있었다.

풀향기가 났어요.

핀은 쉬고 싶어요.

방법을 찾자!

함께 어디든데 찾아요.

길에 개울가에서 걸었어요.

길에 함께 뛰었어요.

갑자기 나비가 춤을 추며 지나갔어요.

그렇게 다시 좋아졌어요.

용기는 보상받아요."
586,노라: 비밀,"레나, 초록 초원에 — 그때 노라도 있었다.

나비가 날았어요.

노라은 책을 잊었어요.

돕아줄게요!

함께 계획을 세웠어요.

길에 한동안 춤췄어요.

길에 큰 소리로 걸었어요.

갑자기 바람이 불었어요.

끝에 둘 다 웃었어요.

호기심은 기적으로."
587,엠마: 계획,"피파, 큰 떡갈나무 아래에 — 그때 엠마도 있었다.

하늘이 파랬어요.

엠마은 조금 추워요.

방법을 찾아요!

함께 이웃에게 물었어요.

길에 즐겁게 뛰었어요.

길에 개울가에서 춤췄어요.

갑자기 별똥이 떨어졌어요.

둘 다 자랑스러웠어요.

함께면 더 쉬워요."
588,미아: 여행,"테오, 초록 공원에 — 그때 미아도 있었다.

모두 조용하고 평화했어요.

미아은 고민이 있어요.

도와줄게!

함께 사방을 찾았어요.

길에 함께 쉬었어요.

길에 즐겁게 뛰었어요.

갑자기 누군가가 웃었어요.

그렇게 다시 좋아졌어요.

진짜 친구는 항상 돕아요."
589,안나: 발견,"파블로, 옷은 숲에 — 그때 안나도 있었다.

꽃향기가 나요.

안나은 열쇠를 찾아요.

방법을 찾자!

함께 계획을 세웠어요.

길에 많이 웃었어요.

길에 야기했어요.

갑자기 큰 소리가 났어요.

끝에 둘 다 웃었어요.

용기는 보상받아요."
590,미로: 놀라움,"레오, 노란 들판에 — 그때 미로도 있었다.

새가 즐겁게 짖었어요.

미로은 어두움에 무서워해요.

돕아줄게요!

함께 이웃에게 물었어요.

길에 큰 소리로 뛰었어요.

길에 둥글게 춤췄어요.

갑자기 개구리 울음.

둘 다 자랑스럽어요.

호기심은 기적으로."
591,핀: 소풍,"막스, 작은 동네에 — 그때 핀도 있었다.

해가 따뜻하게 비췄어요.

핀은 슬펐요.

방법을 찾아요!

함께 어디든데 찾아요.

길에 둥글게 쉬었어요.

길에 한동안 뛰었어요.

갑자기 개가 짖음.

그렇게 다시 좋아졌어요.

함께면 더 쉬워요."
592,노라: 경주,"레나, 알록 시장에 — 그때 노라도 있었다.

개울이 졸졸 흘렀어요.

노라은 배고파요.

도와줄게!

함께 계획을 세웠어요.

길에 개울가에서 놀았어요.

길에 함께 쉬었어요.

갑자기 잎이 떨어짐.

끝에 둘 다 웃었어요.

진짜 친구는 항상 도와요."
593,엠마: 수수께끼,"피파, 오래된 우물가에 — 그때 엠마도 있었다.

풀향기가 났어요.

엠마은 고민이 있어요.

방법을 찾자!

함께 이웃에게 물었어요.

길에 한동안 웃었어요.

길에 큰 소리로 춤췄어요.

갑자기 벌이 윙윙.

둘 다 자랑스러웠어요.

용기는 보상받아요."
594,미아: 선물,"테오, 놀이터에 — 그때 미아도 있었다.

나비가 날았어요.

미아은 목말라요.

돕아줄게요!

함께 사방을 찾았어요.

길에 한동안 걸었어요.

길에 개울가에서 뛰었어요.

갑자기 노크 소리.

그렇게 다시 좋아졌어요.

호기심은 기적으로."
595,안나와 큰 모험,"파블로, 파란 강에 — 그때 안나도 있었다.

하늘이 파랬어요.

안나은 쉬고 싶어요.

방법을 찾아요!

함께 계획을 세웠어요.

길에 즐겁게 춤췄어요.

길에 즐겁게 쉬었어요.

갑자기 나비가 춤을 추며 지나갔어요.

끝에 둘 다 웃었어요.

함께면 더 쉬워요."
596,미로와 비밀,"레오, 초록 초원에 — 그때 미로도 있었다.

모두 조용하고 평화했어요.

미로은 책을 잊었어요.

도와줄게!

함께 이웃에게 물었어요.

길에 함께 뛰었어요.

길에 많이 웃었어요.

갑자기 바람이 불었어요.

둘 다 자랑스럽어요.

진짜 친구는 항상 돕아요."
597,핀의 가장 아름다운 날,"막스, 큰 떡갈나무 아래에 — 그때 핀도 있었다.

꽃향기가 나요.

핀은 조금 추워요.

방법을 찾자!

함께 어디든데 찾아요.

길에 야기했어요.

길에 둥글게 뛰었어요.

갑자기 별똥이 떨어졌어요.

그렇게 다시 좋아졌어요.

용기는 보상받아요."
598,노라: 보물,"레나, 초록 공원에 — 그때 노라도 있었다.

새가 즐겁게 짖었어요.

노라은 고민이 있어요.

돕아줄게요!

함께 계획을 세웠어요.

길에 큰 소리로 춤췄어요.

길에 한동안 쉬었어요.

갑자기 누군가가 웃었어요.

끝에 둘 다 웃었어요.

호기심은 기적으로."
599,엠마: 비밀,"피파, 옷은 숲에 — 그때 엠마도 있었다.

해가 따뜻하게 비췄어요.

엠마은 열쇠를 찾아요.

방법을 찾아요!

함께 이웃에게 물었어요.

길에 둥글게 뛰었어요.

길에 함께 놀았어요.

갑자기 큰 소리가 났어요.

둘 다 자랑스러웠어요.

함께면 더 쉬워요."
600,미아: 계획,"테오, 노란 들판에 — 그때 미아도 있었다.

개울이 졸졸 흘렀어요.

미아은 어두움에 무서워해요.

도와줄게!

함께 사방을 찾았어요.

길에 개울가에서 쉬었어요.

길에 큰 소리로 뛰었어요.

갑자기 개구리 울음.

그렇게 다시 좋아졌어요.

진짜 친구는 항상 도와요."
601,안나: 여행,"파블로, 작은 동네에 — 그때 안나도 있었다.

풀향기가 났어요.

안나은 슬펐요.

방법을 찾자!

함께 계획을 세웠어요.

길에 한동안 놀았어요.

길에 개울가에서 쉬었어요.

갑자기 개가 짖음.

끝에 둘 다 웃었어요.

용기는 보상받아요."
602,미로: 발견,"레오, 알록 시장에 — 그때 미로도 있었다.

나비가 날았어요.

미로은 배고파요.

돕아줄게요!

함께 이웃에게 물었어요.

길에 즐겁게 웃었어요.

길에 즐겁게 놀았어요.

갑자기 잎이 떨어짐.

둘 다 자랑스럽어요.

호기심은 기적으로."
603,핀: 놀라움,"막스, 오래된 우물가에 — 그때 핀도 있었다.

하늘이 파랬어요.

핀은 고민이 있어요.

방법을 찾아요!

함께 어디든데 찾아요.

길에 즐겁게 걸었어요.

길에 노래했어요.

갑자기 벌이 윙윙.

그렇게 다시 좋아졌어요.

함께면 더 쉬워요."
604,노라: 소풍,"레나, 놀이터에 — 그때 노라도 있었다.

모두 조용하고 평화했어요.

노라은 목말라요.

도와줄게!

함께 계획을 세웠어요.

길에 함께 춤췄어요.

길에 둥글게 쉬었어요.

갑자기 노크 소리.

끝에 둘 다 웃었어요.

진짜 친구는 항상 돕아요."
605,엠마: 경주,"피파, 파란 강에 — 그때 엠마도 있었다.

꽃향기가 나요.

엠마은 쉬고 싶어요.

방법을 찾자!

함께 이웃에게 물었어요.

길에 큰 소리로 웃었어요.

길에 한동안 놀았어요.

갑자기 나비가 춤을 추며 지나갔어요.

둘 다 자랑스러웠어요.

용기는 보상받아요."
606,미아: 수수께끼,"테오, 초록 초원에 — 그때 미아도 있었다.

새가 즐겁게 짖었어요.

미아은 책을 잊었어요.

돕아줄게요!

함께 사방을 찾았어요.

길에 큰 소리로 걸었어요.

길에 함께 웃었어요.

갑자기 바람이 불었어요.

그렇게 다시 좋아졌어요.

호기심은 기적으로."
607,안나: 선물,"파블로, 큰 떡갈나무 아래에 — 그때 안나도 있었다.

해가 따뜻하게 비췄어요.

안나은 조금 추워요.

방법을 찾아요!

함께 계획을 세웠어요.

길에 둥글게 춤췄어요.

길에 큰 소리로 쉬었어요.

갑자기 별똥이 떨어졌어요.

끝에 둘 다 웃었어요.

함께면 더 쉬워요."
608,미로와 큰 모험,"레오, 초록 공원에 — 그때 미로도 있었다.

개울이 졸졸 흘렀어요.

미로은 고민이 있어요.

도와줄게!

함께 이웃에게 물었어요.

길에 개울가에서 뛰었어요.

길에 개울가에서 놀았어요.

갑자기 누군가가 웃었어요.

둘 다 자랑스럽어요.

진짜 친구는 항상 도와요."
609,핀와 비밀,"막스, 옷은 숲에 — 그때 핀도 있었다.

풀향기가 났어요.

핀은 열쇠를 찾아요.

방법을 찾자!

함께 어디든데 찾아요.

길에 한동안 쉬었어요.

길에 즐겁게 웃었어요.

갑자기 큰 소리가 났어요.

그렇게 다시 좋아졌어요.

용기는 보상받아요."
610,노라의 가장 아름다운 날,"레나, 노란 들판에 — 그때 노라도 있었다.

나비가 날았어요.

노라은 어두움에 무서워해요.

돕아줄게요!

함께 계획을 세웠어요.

길에 즐겁게 놀았어요.

길에 함께 걸었어요.

갑자기 개구리 울음.

끝에 둘 다 웃었어요.

호기심은 기적으로."
611,엠마: 보물,"피파, 작은 동네에 — 그때 엠마도 있었다.

하늘이 파랬어요.

엠마은 슬펐요.

방법을 찾아요!

함께 이웃에게 물었어요.

길에 함께 웃었어요.

길에 둥글게 놀았어요.

갑자기 개가 짖음.

둘 다 자랑스러웠어요.

함께면 더 쉬워요."
612,미아: 비밀,"테오, 알록 시장에 — 그때 미아도 있었다.

모두 조용하고 평화했어요.

미아은 배고파요.

도와줄게!

함께 사방을 찾았어요.

길에 함께 걸었어요.

길에 한동안 웃었어요.

갑자기 잎이 떨어짐.

그렇게 다시 좋아졌어요.

진짜 친구는 항상 돕아요."
613,안나: 계획,"파블로, 오래된 우물가에 — 그때 안나도 있었다.

꽃향기가 나요.

안나은 고민이 있어요.

방법을 찾자!

함께 계획을 세웠어요.

길에 큰 소리로 놀았어요.

길에 즐겁게 걸었어요.

갑자기 벌이 윙윙.

끝에 둘 다 웃었어요.

용기는 보상받아요."
614,미로: 여행,"레오, 놀이터에 — 그때 미로도 있었다.

새가 즐겁게 짖었어요.

미로은 목말라요.

돕아줄게요!

함께 이웃에게 물었어요.

길에 둥글게 웃었어요.

길에 큰 소리로 놀았어요.

갑자기 노크 소리.

둘 다 자랑스럽어요.

호기심은 기적으로."
615,핀: 발견,"막스, 파란 강에 — 그때 핀도 있었다.

해가 따뜻하게 비췄어요.

핀은 쉬고 싶어요.

방법을 찾아요!

함께 어디든데 찾아요.

길에 둥글게 걸었어요.

길에 개울가에서 웃었어요.

갑자기 나비가 춤을 추며 지나갔어요.

그렇게 다시 좋아졌어요.

함께면 더 쉬워요."
616,노라: 놀라움,"레나, 초록 초원에 — 그때 노라도 있었다.

개울이 졸졸 흘렀어요.

노라은 책을 잊었어요.

도와줄게!

함께 계획을 세웠어요.

길에 개울가에서 춤췄어요.

길에 한동안 걸었어요.

갑자기 바람이 불었어요.

끝에 둘 다 웃었어요.

진짜 친구는 항상 도와요."
617,엠마: 소풍,"피파, 큰 떡갈나무 아래에 — 그때 엠마도 있었다.

풀향기가 났어요.

엠마은 조금 추워요.

방법을 찾자!

함께 이웃에게 물었어요.

길에 한동안 뛰었어요.

길에 함께 춤췄어요.

갑자기 별똥이 떨어졌어요.

둘 다 자랑스러웠어요.

용기는 보상받아요."
618,미아: 경주,"테오, 초록 공원에 — 그때 미아도 있었다.

나비가 날았어요.

미아은 고민이 있어요.

돕아줄게요!

함께 사방을 찾았어요.

길에 즐겁게 쉬었어요.

길에 둥글게 웃었어요.

갑자기 누군가가 웃었어요.

그렇게 다시 좋아졌어요.

호기심은 기적으로."
619,안나: 수수께끼,"파블로, 옷은 숲에 — 그때 안나도 있었다.

하늘이 파랬어요.

안나은 열쇠를 찾아요.

방법을 찾아요!

함께 계획을 세웠어요.

길에 함께 놀았어요.

길에 개울가에서 걸었어요.

갑자기 큰 소리가 났어요.

끝에 둘 다 웃었어요.

함께면 더 쉬워요."
620,미로: 선물,"레오, 노란 들판에 — 그때 미로도 있었다.

모두 조용하고 평화했어요.

미로은 어두움에 무서워해요.

도와줄게!

함께 이웃에게 물었어요.

길에 노래했어요.

길에 즐겁게 춤췄어요.

갑자기 개구리 울음.

둘 다 자랑스럽어요.

진짜 친구는 항상 돕아요."
621,핀와 큰 모험,"막스, 작은 동네에 — 그때 핀도 있었다.

꽃향기가 나요.

핀은 슬펐요.

방법을 찾자!

함께 어디든데 찾아요.

길에 큰 소리로 쉬었어요.

길에 큰 소리로 웃었어요.

갑자기 개가 짖음.

그렇게 다시 좋아졌어요.

용기는 보상받아요."
622,노라와 비밀,"레나, 알록 시장에 — 그때 노라도 있었다.

새가 즐겁게 짖었어요.

노라은 배고파요.

돕아줄게요!

함께 계획을 세웠어요.

길에 둥글게 놀았어요.

길에 둥글게 걸었어요.

갑자기 잎이 떨어짐.

끝에 둘 다 웃었어요.

호기심은 기적으로."
623,엠마의 가장 아름다운 날,"피파, 오래된 우물가에 — 그때 엠마도 있었다.

해가 따뜻하게 비췄어요.

엠마은 고민이 있어요.

방법을 찾아요!

함께 이웃에게 물었어요.

길에 개울가에서 웃었어요.

길에 한동안 춤췄어요.

갑자기 벌이 윙윙.

둘 다 자랑스러웠어요.

함께면 더 쉬워요."
624,미아: 보물,"테오, 놀이터에 — 그때 미아도 있었다.

개울이 졸졸 흘렀어요.

미아은 목말라요.

도와줄게!

함께 사방을 찾았어요.

길에 개울가에서 걸었어요.

길에 함께 뛰었어요.

갑자기 노크 소리.

그렇게 다시 좋아졌어요.

진짜 친구는 항상 도와요."
625,안나: 비밀,"파블로, 파란 강에 — 그때 안나도 있었다.

풀향기가 났어요.

안나은 쉬고 싶어요.

방법을 찾자!

함께 계획을 세웠어요.

길에 한동안 춤췄어요.

길에 큰 소리로 걸었어요.

갑자기 나비가 춤을 추며 지나갔어요.

끝에 둘 다 웃었어요.

용기는 보상받아요."
626,미로: 계획,"레오, 초록 초원에 — 그때 미로도 있었다.

나비가 날았어요.

미로은 책을 잊었어요.

돕아줄게요!

함께 이웃에게 물었어요.

길에 즐겁게 뛰었어요.

길에 개울가에서 춤췄어요.

갑자기 바람이 불었어요.

둘 다 자랑스럽어요.

호기심은 기적으로."
627,핀: 여행,"막스, 큰 떡갈나무 아래에 — 그때 핀도 있었다.

하늘이 파랬어요.

핀은 조금 추워요.

방법을 찾아요!

함께 어디든데 찾아요.

길에 함께 쉬었어요.

길에 즐겁게 뛰었어요.

갑자기 별똥이 떨어졌어요.

그렇게 다시 좋아졌어요.

함께면 더 쉬워요."
628,노라: 발견,"레나, 초록 공원에 — 그때 노라도 있었다.

모두 조용하고 평화했어요.

노라은 고민이 있어요.

도와줄게!

함께 계획을 세웠어요.

길에 많이 웃었어요.

길에 야기했어요.

갑자기 누군가가 웃었어요.

끝에 둘 다 웃었어요.

진짜 친구는 항상 돕아요."
629,엠마: 놀라움,"피파, 옷은 숲에 — 그때 엠마도 있었다.

꽃향기가 나요.

엠마은 열쇠를 찾아요.

방법을 찾자!

함께 이웃에게 물었어요.

길에 큰 소리로 뛰었어요.

길에 둥글게 춤췄어요.

갑자기 큰 소리가 났어요.

둘 다 자랑스러웠어요.

용기는 보상받아요."
630,미아: 소풍,"테오, 노란 들판에 — 그때 미아도 있었다.

새가 즐겁게 짖었어요.

미아은 어두움에 무서워해요.

돕아줄게요!

함께 사방을 찾았어요.

길에 둥글게 쉬었어요.

길에 한동안 뛰었어요.

갑자기 개구리 울음.

그렇게 다시 좋아졌어요.

호기심은 기적으로."
631,안나: 경주,"파블로, 작은 동네에 — 그때 안나도 있었다.

해가 따뜻하게 비췄어요.

안나은 슬펐요.

방법을 찾아요!

함께 계획을 세웠어요.

길에 개울가에서 놀았어요.

길에 함께 쉬었어요.

갑자기 개가 짖음.

끝에 둘 다 웃었어요.

함께면 더 쉬워요."
632,미로: 수수께끼,"레오, 알록 시장에 — 그때 미로도 있었다.

개울이 졸졸 흘렀어요.

미로은 배고파요.

도와줄게!

함께 이웃에게 물었어요.

길에 한동안 웃었어요.

길에 큰 소리로 춤췄어요.

갑자기 잎이 떨어짐.

둘 다 자랑스럽어요.

진짜 친구는 항상 도와요."
633,핀: 선물,"막스, 오래된 우물가에 — 그때 핀도 있었다.

풀향기가 났어요.

핀은 고민이 있어요.

방법을 찾자!

함께 어디든데 찾아요.

길에 한동안 걸었어요.

길에 개울가에서 뛰었어요.

갑자기 벌이 윙윙.

그렇게 다시 좋아졌어요.

용기는 보상받아요."
634,노라와 큰 모험,"레나, 놀이터에 — 그때 노라도 있었다.

나비가 날았어요.

노라은 목말라요.

돕아줄게요!

함께 계획을 세웠어요.

길에 즐겁게 춤췄어요.

길에 즐겁게 쉬었어요.

갑자기 노크 소리.

끝에 둘 다 웃었어요.

호기심은 기적으로."
635,엠마와 비밀,"피파, 파란 강에 — 그때 엠마도 있었다.

하늘이 파랬어요.

엠마은 쉬고 싶어요.

방법을 찾아요!

함께 이웃에게 물었어요.

길에 함께 뛰었어요.

길에 많이 웃었어요.

갑자기 나비가 춤을 추며 지나갔어요.

둘 다 자랑스러웠어요.

함께면 더 쉬워요."
636,미아의 가장 아름다운 날,"테오, 초록 초원에 — 그때 미아도 있었다.

모두 조용하고 평화했어요.

미아은 책을 잊었어요.

도와줄게!

함께 사방을 찾았어요.

길에 야기했어요.

길에 둥글게 뛰었어요.

갑자기 바람이 불었어요.

그렇게 다시 좋아졌어요.

진짜 친구는 항상 돕아요."
637,안나: 보물,"파블로, 큰 떡갈나무 아래에 — 그때 안나도 있었다.

꽃향기가 나요.

안나은 조금 추워요.

방법을 찾자!

함께 계획을 세웠어요.

길에 큰 소리로 춤췄어요.

길에 한동안 쉬었어요.

갑자기 별똥이 떨어졌어요.

끝에 둘 다 웃었어요.

용기는 보상받아요."
638,미로: 비밀,"레오, 초록 공원에 — 그때 미로도 있었다.

새가 즐겁게 짖었어요.

미로은 고민이 있어요.

돕아줄게요!

함께 이웃에게 물었어요.

길에 둥글게 뛰었어요.

길에 함께 놀았어요.

갑자기 누군가가 웃었어요.

둘 다 자랑스럽어요.

호기심은 기적으로."
639,핀: 계획,"막스, 옷은 숲에 — 그때 핀도 있었다.

해가 따뜻하게 비췄어요.

핀은 열쇠를 찾아요.

방법을 찾아요!

함께 어디든데 찾아요.

길에 개울가에서 쉬었어요.

길에 큰 소리로 뛰었어요.

갑자기 큰 소리가 났어요.

그렇게 다시 좋아졌어요.

함께면 더 쉬워요."
640,노라: 여행,"레나, 노란 들판에 — 그때 노라도 있었다.

개울이 졸졸 흘렀어요.

노라은 어두움에 무서워해요.

도와줄게!

함께 계획을 세웠어요.

길에 한동안 놀았어요.

길에 개울가에서 쉬었어요.

갑자기 개구리 울음.

끝에 둘 다 웃었어요.

진짜 친구는 항상 도와요."
641,엠마: 발견,"피파, 작은 동네에 — 그때 엠마도 있었다.

풀향기가 났어요.

엠마은 슬펐요.

방법을 찾자!

함께 이웃에게 물었어요.

길에 즐겁게 웃었어요.

길에 즐겁게 놀았어요.

갑자기 개가 짖음.

둘 다 자랑스러웠어요.

용기는 보상받아요."
642,미아: 놀라움,"테오, 알록 시장에 — 그때 미아도 있었다.

나비가 날았어요.

미아은 배고파요.

돕아줄게요!

함께 사방을 찾았어요.

길에 즐겁게 걸었어요.

길에 노래했어요.

갑자기 잎이 떨어짐.

그렇게 다시 좋아졌어요.

호기심은 기적으로."
643,안나: 소풍,"파블로, 오래된 우물가에 — 그때 안나도 있었다.

하늘이 파랬어요.

안나은 고민이 있어요.

방법을 찾아요!

함께 계획을 세웠어요.

길에 함께 춤췄어요.

길에 둥글게 쉬었어요.

갑자기 벌이 윙윙.

끝에 둘 다 웃었어요.

함께면 더 쉬워요."
644,미로: 경주,"레오, 놀이터에 — 그때 미로도 있었다.

모두 조용하고 평화했어요.

미로은 목말라요.

도와줄게!

함께 이웃에게 물었어요.

길에 큰 소리로 웃었어요.

길에 한동안 놀았어요.

갑자기 노크 소리.

둘 다 자랑스럽어요.

진짜 친구는 항상 돕아요."
645,핀: 수수께끼,"막스, 파란 강에 — 그때 핀도 있었다.

꽃향기가 나요.

핀은 쉬고 싶어요.

방법을 찾자!

함께 어디든데 찾아요.

길에 큰 소리로 걸었어요.

길에 함께 웃었어요.

갑자기 나비가 춤을 추며 지나갔어요.

그렇게 다시 좋아졌어요.

용기는 보상받아요."
646,노라: 선물,"레나, 초록 초원에 — 그때 노라도 있었다.

새가 즐겁게 짖었어요.

노라은 책을 잊었어요.

돕아줄게요!

함께 계획을 세웠어요.

길에 둥글게 춤췄어요.

길에 큰 소리로 쉬었어요.

갑자기 바람이 불었어요.

끝에 둘 다 웃었어요.

호기심은 기적으로."
647,엠마와 큰 모험,"피파, 큰 떡갈나무 아래에 — 그때 엠마도 있었다.

해가 따뜻하게 비췄어요.

엠마은 조금 추워요.

방법을 찾아요!

함께 이웃에게 물었어요.

길에 개울가에서 뛰었어요.

길에 개울가에서 놀았어요.

갑자기 별똥이 떨어졌어요.

둘 다 자랑스러웠어요.

함께면 더 쉬워요."
648,미아와 비밀,"테오, 초록 공원에 — 그때 미아도 있었다.

개울이 졸졸 흘렀어요.

미아은 고민이 있어요.

도와줄게!

함께 사방을 찾았어요.

길에 한동안 쉬었어요.

길에 즐겁게 웃었어요.

갑자기 누군가가 웃었어요.

그렇게 다시 좋아졌어요.

진짜 친구는 항상 도와요."
649,안나의 가장 아름다운 날,"파블로, 옷은 숲에 — 그때 안나도 있었다.

풀향기가 났어요.

안나은 열쇠를 찾아요.

방법을 찾자!

함께 계획을 세웠어요.

길에 즐겁게 놀았어요.

길에 함께 걸었어요.

갑자기 큰 소리가 났어요.

끝에 둘 다 웃었어요.

용기는 보상받아요."
650,미로: 보물,"레오, 노란 들판에 — 그때 미로도 있었다.

나비가 날았어요.

미로은 어두움에 무서워해요.

돕아줄게요!

함께 이웃에게 물었어요.

길에 함께 웃었어요.

길에 둥글게 놀았어요.

갑자기 개구리 울음.

둘 다 자랑스럽어요.

호기심은 기적으로."
651,핀: 비밀,"막스, 작은 동네에 — 그때 핀도 있었다.

하늘이 파랬어요.

핀은 슬펐요.

방법을 찾아요!

함께 어디든데 찾아요.

길에 함께 걸었어요.

길에 한동안 웃었어요.

갑자기 개가 짖음.

그렇게 다시 좋아졌어요.

함께면 더 쉬워요."
652,노라: 계획,"레나, 알록 시장에 — 그때 노라도 있었다.

모두 조용하고 평화했어요.

노라은 배고파요.

도와줄게!

함께 계획을 세웠어요.

길에 큰 소리로 놀았어요.

길에 즐겁게 걸었어요.

갑자기 잎이 떨어짐.

끝에 둘 다 웃었어요.

진짜 친구는 항상 돕아요."
653,엠마: 여행,"피파, 오래된 우물가에 — 그때 엠마도 있었다.

꽃향기가 나요.

엠마은 고민이 있어요.

방법을 찾자!

함께 이웃에게 물었어요.

길에 둥글게 웃었어요.

길에 큰 소리로 놀았어요.

갑자기 벌이 윙윙.

둘 다 자랑스러웠어요.

용기는 보상받아요."
654,미아: 발견,"테오, 놀이터에 — 그때 미아도 있었다.

새가 즐겁게 짖었어요.

미아은 목말라요.

돕아줄게요!

함께 사방을 찾았어요.

길에 둥글게 걸었어요.

길에 개울가에서 웃었어요.

갑자기 노크 소리.

그렇게 다시 좋아졌어요.

호기심은 기적으로."
655,안나: 놀라움,"파블로, 파란 강에 — 그때 안나도 있었다.

해가 따뜻하게 비췄어요.

안나은 쉬고 싶어요.

방법을 찾아요!

함께 계획을 세웠어요.

길에 개울가에서 춤췄어요.

길에 한동안 걸었어요.

갑자기 나비가 춤을 추며 지나갔어요.

끝에 둘 다 웃었어요.

함께면 더 쉬워요."
656,미로: 소풍,"레오, 초록 초원에 — 그때 미로도 있었다.

개울이 졸졸 흘렀어요.

미로은 책을 잊었어요.

도와줄게!

함께 이웃에게 물었어요.

길에 한동안 뛰었어요.

길에 함께 춤췄어요.

갑자기 바람이 불었어요.

둘 다 자랑스럽어요.

진짜 친구는 항상 도와요."
657,핀: 경주,"막스, 큰 떡갈나무 아래에 — 그때 핀도 있었다.

풀향기가 났어요.

핀은 조금 추워요.

방법을 찾자!

함께 어디든데 찾아요.

길에 즐겁게 쉬었어요.

길에 둥글게 웃었어요.

갑자기 별똥이 떨어졌어요.

그렇게 다시 좋아졌어요.

용기는 보상받아요."
658,노라: 수수께끼,"레나, 초록 공원에 — 그때 노라도 있었다.

나비가 날았어요.

노라은 고민이 있어요.

돕아줄게요!

함께 계획을 세웠어요.

길에 함께 놀았어요.

길에 개울가에서 걸었어요.

갑자기 누군가가 웃었어요.

끝에 둘 다 웃었어요.

호기심은 기적으로."
659,엠마: 선물,"피파, 옷은 숲에 — 그때 엠마도 있었다.

하늘이 파랬어요.

엠마은 열쇠를 찾아요.

방법을 찾아요!

함께 이웃에게 물었어요.

길에 노래했어요.

길에 즐겁게 춤췄어요.

갑자기 큰 소리가 났어요.

둘 다 자랑스러웠어요.

함께면 더 쉬워요."
660,미아와 큰 모험,"테오, 노란 들판에 — 그때 미아도 있었다.

모두 조용하고 평화했어요.

미아은 어두움에 무서워해요.

도와줄게!

함께 사방을 찾았어요.

길에 큰 소리로 쉬었어요.

길에 큰 소리로 웃었어요.

갑자기 개구리 울음.

그렇게 다시 좋아졌어요.

진짜 친구는 항상 돕아요."
661,안나와 비밀,"파블로, 작은 동네에 — 그때 안나도 있었다.

꽃향기가 나요.

안나은 슬펐요.

방법을 찾자!

함께 계획을 세웠어요.

길에 둥글게 놀았어요.

길에 둥글게 걸었어요.

갑자기 개가 짖음.

끝에 둘 다 웃었어요.

용기는 보상받아요."
662,미로의 가장 아름다운 날,"레오, 알록 시장에 — 그때 미로도 있었다.

새가 즐겁게 짖었어요.

미로은 배고파요.

돕아줄게요!

함께 이웃에게 물었어요.

길에 개울가에서 웃었어요.

길에 한동안 춤췄어요.

갑자기 잎이 떨어짐.

둘 다 자랑스럽어요.

호기심은 기적으로."
663,핀: 보물,"막스, 오래된 우물가에 — 그때 핀도 있었다.

해가 따뜻하게 비췄어요.

핀은 고민이 있어요.

방법을 찾아요!

함께 어디든데 찾아요.

길에 개울가에서 걸었어요.

길에 함께 뛰었어요.

갑자기 벌이 윙윙.

그렇게 다시 좋아졌어요.

함께면 더 쉬워요."
664,노라: 비밀,"레나, 놀이터에 — 그때 노라도 있었다.

개울이 졸졸 흘렀어요.

노라은 목말라요.

도와줄게!

함께 계획을 세웠어요.

길에 한동안 춤췄어요.

길에 큰 소리로 걸었어요.

갑자기 노크 소리.

끝에 둘 다 웃었어요.

진짜 친구는 항상 도와요."
665,엠마: 계획,"피파, 파란 강에 — 그때 엠마도 있었다.

풀향기가 났어요.

엠마은 쉬고 싶어요.

방법을 찾자!

함께 이웃에게 물었어요.

길에 즐겁게 뛰었어요.

길에 개울가에서 춤췄어요.

갑자기 나비가 춤을 추며 지나갔어요.

둘 다 자랑스러웠어요.

용기는 보상받아요."
666,미아: 여행,"테오, 초록 초원에 — 그때 미아도 있었다.

나비가 날았어요.

미아은 책을 잊었어요.

돕아줄게요!

함께 사방을 찾았어요.

길에 함께 쉬었어요.

길에 즐겁게 뛰었어요.

갑자기 바람이 불었어요.

그렇게 다시 좋아졌어요.

호기심은 기적으로."
667,안나: 발견,"파블로, 큰 떡갈나무 아래에 — 그때 안나도 있었다.

하늘이 파랬어요.

안나은 조금 추워요.

방법을 찾아요!

함께 계획을 세웠어요.

길에 많이 웃었어요.

길에 야기했어요.

갑자기 별똥이 떨어졌어요.

끝에 둘 다 웃었어요.

함께면 더 쉬워요."
668,미로: 놀라움,"레오, 초록 공원에 — 그때 미로도 있었다.

모두 조용하고 평화했어요.

미로은 고민이 있어요.

도와줄게!

함께 이웃에게 물었어요.

길에 큰 소리로 뛰었어요.

길에 둥글게 춤췄어요.

갑자기 누군가가 웃었어요.

둘 다 자랑스럽어요.

진짜 친구는 항상 돕아요."
669,핀: 소풍,"막스, 옷은 숲에 — 그때 핀도 있었다.

꽃향기가 나요.

핀은 열쇠를 찾아요.

방법을 찾자!

함께 어디든데 찾아요.

길에 둥글게 쉬었어요.

길에 한동안 뛰었어요.

갑자기 큰 소리가 났어요.

그렇게 다시 좋아졌어요.

용기는 보상받아요."
670,노라: 경주,"레나, 노란 들판에 — 그때 노라도 있었다.

새가 즐겁게 짖었어요.

노라은 어두움에 무서워해요.

돕아줄게요!

함께 계획을 세웠어요.

길에 개울가에서 놀았어요.

길에 함께 쉬었어요.

갑자기 개구리 울음.

끝에 둘 다 웃었어요.

호기심은 기적으로."
671,엠마: 수수께끼,"피파, 작은 동네에 — 그때 엠마도 있었다.

해가 따뜻하게 비췄어요.

엠마은 슬펐요.

방법을 찾아요!

함께 이웃에게 물었어요.

길에 한동안 웃었어요.

길에 큰 소리로 춤췄어요.

갑자기 개가 짖음.

둘 다 자랑스러웠어요.

함께면 더 쉬워요."
672,미아: 선물,"테오, 알록 시장에 — 그때 미아도 있었다.

개울이 졸졸 흘렀어요.

미아은 배고파요.

도와줄게!

함께 사방을 찾았어요.

길에 한동안 걸었어요.

길에 개울가에서 뛰었어요.

갑자기 잎이 떨어짐.

그렇게 다시 좋아졌어요.

진짜 친구는 항상 도와요."
673,안나와 큰 모험,"파블로, 오래된 우물가에 — 그때 안나도 있었다.

풀향기가 났어요.

안나은 고민이 있어요.

방법을 찾자!

함께 계획을 세웠어요.

길에 즐겁게 춤췄어요.

길에 즐겁게 쉬었어요.

갑자기 벌이 윙윙.

끝에 둘 다 웃었어요.

용기는 보상받아요."
674,미로와 비밀,"레오, 놀이터에 — 그때 미로도 있었다.

나비가 날았어요.

미로은 목말라요.

돕아줄게요!

함께 이웃에게 물었어요.

길에 함께 뛰었어요.

길에 많이 웃었어요.

갑자기 노크 소리.

둘 다 자랑스럽어요.

호기심은 기적으로."
675,핀의 가장 아름다운 날,"막스, 파란 강에 — 그때 핀도 있었다.

하늘이 파랬어요.

핀은 쉬고 싶어요.

방법을 찾아요!

함께 어디든데 찾아요.

길에 야기했어요.

길에 둥글게 뛰었어요.

갑자기 나비가 춤을 추며 지나갔어요.

그렇게 다시 좋아졌어요.

함께면 더 쉬워요."
676,노라: 보물,"레나, 초록 초원에 — 그때 노라도 있었다.

모두 조용하고 평화했어요.

노라은 책을 잊었어요.

도와줄게!

함께 계획을 세웠어요.

길에 큰 소리로 춤췄어요.

길에 한동안 쉬었어요.

갑자기 바람이 불었어요.

끝에 둘 다 웃었어요.

진짜 친구는 항상 돕아요."
677,엠마: 비밀,"피파, 큰 떡갈나무 아래에 — 그때 엠마도 있었다.

꽃향기가 나요.

엠마은 조금 추워요.

방법을 찾자!

함께 이웃에게 물었어요.

길에 둥글게 뛰었어요.

길에 함께 놀았어요.

갑자기 별똥이 떨어졌어요.

둘 다 자랑스러웠어요.

용기는 보상받아요."
678,미아: 계획,"테오, 초록 공원에 — 그때 미아도 있었다.

새가 즐겁게 짖었어요.

미아은 고민이 있어요.

돕아줄게요!

함께 사방을 찾았어요.

길에 개울가에서 쉬었어요.

길에 큰 소리로 뛰었어요.

갑자기 누군가가 웃었어요.

그렇게 다시 좋아졌어요.

호기심은 기적으로."
679,안나: 여행,"파블로, 옷은 숲에 — 그때 안나도 있었다.

해가 따뜻하게 비췄어요.

안나은 열쇠를 찾아요.

방법을 찾아요!

함께 계획을 세웠어요.

길에 한동안 놀았어요.

길에 개울가에서 쉬었어요.

갑자기 큰 소리가 났어요.

끝에 둘 다 웃었어요.

함께면 더 쉬워요."
680,미로: 발견,"레오, 노란 들판에 — 그때 미로도 있었다.

개울이 졸졸 흘렀어요.

미로은 어두움에 무서워해요.

도와줄게!

함께 이웃에게 물었어요.

길에 즐겁게 웃었어요.

길에 즐겁게 놀았어요.

갑자기 개구리 울음.

둘 다 자랑스럽어요.

진짜 친구는 항상 도와요."
681,핀: 놀라움,"막스, 작은 동네에 — 그때 핀도 있었다.

풀향기가 났어요.

핀은 슬펐요.

방법을 찾자!

함께 어디든데 찾아요.

길에 즐겁게 걸었어요.

길에 노래했어요.

갑자기 개가 짖음.

그렇게 다시 좋아졌어요.

용기는 보상받아요."
682,노라: 소풍,"레나, 알록 시장에 — 그때 노라도 있었다.

나비가 날았어요.

노라은 배고파요.

돕아줄게요!

함께 계획을 세웠어요.

길에 함께 춤췄어요.

길에 둥글게 쉬었어요.

갑자기 잎이 떨어짐.

끝에 둘 다 웃었어요.

호기심은 기적으로."
683,엠마: 경주,"피파, 오래된 우물가에 — 그때 엠마도 있었다.

하늘이 파랬어요.

엠마은 고민이 있어요.

방법을 찾아요!

함께 이웃에게 물었어요.

길에 큰 소리로 웃었어요.

길에 한동안 놀았어요.

갑자기 벌이 윙윙.

둘 다 자랑스러웠어요.

함께면 더 쉬워요."
684,미아: 수수께끼,"테오, 놀이터에 — 그때 미아도 있었다.

모두 조용하고 평화했어요.

미아은 목말라요.

도와줄게!

함께 사방을 찾았어요.

길에 큰 소리로 걸었어요.

길에 함께 웃었어요.

갑자기 노크 소리.

그렇게 다시 좋아졌어요.

진짜 친구는 항상 돕아요."
685,안나: 선물,"파블로, 파란 강에 — 그때 안나도 있었다.

꽃향기가 나요.

안나은 쉬고 싶어요.

방법을 찾자!

함께 계획을 세웠어요.

길에 둥글게 춤췄어요.

길에 큰 소리로 쉬었어요.

갑자기 나비가 춤을 추며 지나갔어요.

끝에 둘 다 웃었어요.

용기는 보상받아요."
686,미로와 큰 모험,"레오, 초록 초원에 — 그때 미로도 있었다.

새가 즐겁게 짖었어요.

미로은 책을 잊었어요.

돕아줄게요!

함께 이웃에게 물었어요.

길에 개울가에서 뛰었어요.

길에 개울가에서 놀았어요.

갑자기 바람이 불었어요.

둘 다 자랑스럽어요.

호기심은 기적으로."
687,핀와 비밀,"막스, 큰 떡갈나무 아래에 — 그때 핀도 있었다.

해가 따뜻하게 비췄어요.

핀은 조금 추워요.

방법을 찾아요!

함께 어디든데 찾아요.

길에 한동안 쉬었어요.

길에 즐겁게 웃었어요.

갑자기 별똥이 떨어졌어요.

그렇게 다시 좋아졌어요.

함께면 더 쉬워요."
688,노라의 가장 아름다운 날,"레나, 초록 공원에 — 그때 노라도 있었다.

개울이 졸졸 흘렀어요.

노라은 고민이 있어요.

도와줄게!

함께 계획을 세웠어요.

길에 즐겁게 놀았어요.

길에 함께 걸었어요.

갑자기 누군가가 웃었어요.

끝에 둘 다 웃었어요.

진짜 친구는 항상 도와요."
689,엠마: 보물,"피파, 옷은 숲에 — 그때 엠마도 있었다.

풀향기가 났어요.

엠마은 열쇠를 찾아요.

방법을 찾자!

함께 이웃에게 물었어요.

길에 함께 웃었어요.

길에 둥글게 놀았어요.

갑자기 큰 소리가 났어요.

둘 다 자랑스러웠어요.

용기는 보상받아요."
690,미아: 비밀,"테오, 노란 들판에 — 그때 미아도 있었다.

나비가 날았어요.

미아은 어두움에 무서워해요.

돕아줄게요!

함께 사방을 찾았어요.

길에 함께 걸었어요.

길에 한동안 웃었어요.

갑자기 개구리 울음.

그렇게 다시 좋아졌어요.

호기심은 기적으로."
691,안나: 계획,"파블로, 작은 동네에 — 그때 안나도 있었다.

하늘이 파랬어요.

안나은 슬펐요.

방법을 찾아요!

함께 계획을 세웠어요.

길에 큰 소리로 놀았어요.

길에 즐겁게 걸었어요.

갑자기 개가 짖음.

끝에 둘 다 웃었어요.

함께면 더 쉬워요."
692,미로: 여행,"레오, 알록 시장에 — 그때 미로도 있었다.

모두 조용하고 평화했어요.

미로은 배고파요.

도와줄게!

함께 이웃에게 물었어요.

길에 둥글게 웃었어요.

길에 큰 소리로 놀았어요.

갑자기 잎이 떨어짐.

둘 다 자랑스럽어요.

진짜 친구는 항상 돕아요."
693,핀: 발견,"막스, 오래된 우물가에 — 그때 핀도 있었다.

꽃향기가 나요.

핀은 고민이 있어요.

방법을 찾자!

함께 어디든데 찾아요.

길에 둥글게 걸었어요.

길에 개울가에서 웃었어요.

갑자기 벌이 윙윙.

그렇게 다시 좋아졌어요.

용기는 보상받아요."
694,노라: 놀라움,"레나, 놀이터에 — 그때 노라도 있었다.

새가 즐겁게 짖었어요.

노라은 목말라요.

돕아줄게요!

함께 계획을 세웠어요.

길에 개울가에서 춤췄어요.

길에 한동안 걸었어요.

갑자기 노크 소리.

끝에 둘 다 웃었어요.

호기심은 기적으로."
695,엠마: 소풍,"피파, 파란 강에 — 그때 엠마도 있었다.

해가 따뜻하게 비췄어요.

엠마은 쉬고 싶어요.

방법을 찾아요!

함께 이웃에게 물었어요.

길에 한동안 뛰었어요.

길에 함께 춤췄어요.

갑자기 나비가 춤을 추며 지나갔어요.

둘 다 자랑스러웠어요.

함께면 더 쉬워요."
696,미아: 경주,"테오, 초록 초원에 — 그때 미아도 있었다.

개울이 졸졸 흘렀어요.

미아은 책을 잊었어요.

도와줄게!

함께 사방을 찾았어요.

길에 즐겁게 쉬었어요.

길에 둥글게 웃었어요.

갑자기 바람이 불었어요.

그렇게 다시 좋아졌어요.

진짜 친구는 항상 도와요."
697,안나: 수수께끼,"파블로, 큰 떡갈나무 아래에 — 그때 안나도 있었다.

풀향기가 났어요.

안나은 조금 추워요.

방법을 찾자!

함께 계획을 세웠어요.

길에 함께 놀았어요.

길에 개울가에서 걸었어요.

갑자기 별똥이 떨어졌어요.

끝에 둘 다 웃었어요.

용기는 보상받아요."
698,미로: 선물,"레오, 초록 공원에 — 그때 미로도 있었다.

나비가 날았어요.

미로은 고민이 있어요.

돕아줄게요!

함께 이웃에게 물었어요.

길에 노래했어요.

길에 즐겁게 춤췄어요.

갑자기 누군가가 웃었어요.

둘 다 자랑스럽어요.

호기심은 기적으로."
699,핀와 큰 모험,"막스, 옷은 숲에 — 그때 핀도 있었다.

하늘이 파랬어요.

핀은 열쇠를 찾아요.

방법을 찾아요!

함께 어디든데 찾아요.

길에 큰 소리로 쉬었어요.

길에 큰 소리로 웃었어요.

갑자기 큰 소리가 났어요.

그렇게 다시 좋아졌어요.

함께면 더 쉬워요."
700,노라와 비밀,"레나, 노란 들판에 — 그때 노라도 있었다.

모두 조용하고 평화했어요.

노라은 어두움에 무서워해요.

도와줄게!

함께 계획을 세웠어요.

길에 둥글게 놀았어요.

길에 둥글게 걸었어요.

갑자기 개구리 울음.

끝에 둘 다 웃었어요.

진짜 친구는 항상 돕아요."
701,엠마의 가장 아름다운 날,"어느 저녁, 오래된 우물가에 — 이상한 소리. 엠마도 들었다.

모두 조용하고 평화했어요.

엠마, 호기심에 가까이 갔어요.

돌 뒤에 — 엠마의 발견: 작은 칼.

꽃향기가 나요.

갑자기 개구리 울음.

갑자기 나비가 춤을 추며 지나갔어요.

고슴도치가 먹이를 찾아요.

끝에 모두 행복했어요.

진짜 친구는 항상 도와요."
702,미아: 보물,"어느 저녁, 놀이터에 — 이상한 소리. 미아도 들었다.

풀향기가 났어요.

미아, 용감하게 따랐아갔어요.

울타리 뒤에 — 미아의 발견: 따뜻한 담요.

개울이 졸졸 흘렀어요.

갑자기 벌이 윙윙.

갑자기 노크 소리.

바람이 문을 움직였어요.

그렇게 하루가 완벽했음.

용기는 보상받아요."
703,안나: 비밀,"어느 저녁, 파란 강에 — 이상한 소리. 안나도 들었다.

새가 즐겁게 짖었어요.

안나, 호기심에 가까이 갔어요.

나무 뒤에 — 안나의 발견: 알록 지도.

하늘이 파랬어요.

갑자기 바람이 불었어요.

갑자기 벌이 윙윙.

관심 많은 고양이였어요.

모두 웃으며 집에 갔어요.

호기심은 기적으로."
704,미로: 계획,"어느 저녁, 초록 초원에 — 이상한 소리. 미로도 들었다.

하늘이 파랬어요.

미로, 용감하게 따랐아갔어요.

벽 뒤에 — 미로의 발견: 오래된 동전.

새가 즐겁게 짖었어요.

갑자기 큰 소리가 났어요.

갑자기 잎이 떨어짐.

시계가 울렸어요.

모험은 잊지 못할 추억.

함께면 더 쉬워요."
705,핀: 여행,"어느 저녁, 큰 떡갈나무 아래에 — 이상한 소리. 핀도 들었다.

개울이 졸졸 흘렀어요.

핀, 호기심에 가까이 갔어요.

문 뒤에 — 핀의 발견: 초록 밧줄.

풀향기가 났어요.

갑자기 잎이 떨어짐.

갑자기 개가 짖음.

수탉이 울었어요.

모두 박수치며 기뻐함.

진짜 친구는 항상 돕아요."
706,노라: 발견,"어느 저녁, 초록 공원에 — 이상한 소리. 노라도 들었다.

꽃향기가 나요.

노라, 용감하게 따랐아갔어요.

덩불 뒤에 — 노라의 발견: 작은 등잔.

모두 조용하고 평화했어요.

갑자기 나비가 춤을 추며 지나갔어요.

갑자기 개구리 울음.

바람이 문을 움직였어요.

그렇게 모험이 잘 끝났어요.

용기는 보상받아요."
707,엠마: 놀라움,"어느 저녁, 옷은 숲에 — 이상한 소리. 엠마도 들었다.

나비가 날았어요.

엠마, 호기심에 가까이 갔어요.

돌 뒤에 — 엠마의 발견: 파란 병.

해가 따뜻하게 비췄어요.

갑자기 누군가가 웃었어요.

갑자기 큰 소리가 났어요.

관심 많은 고양이였어요.

모두 만족하며 집에 감.

호기심은 기적으로."
708,미아: 소풍,"어느 저녁, 노란 들판에 — 이상한 소리. 미아도 들었다.

해가 따뜻하게 비췄어요.

미아, 용감하게 따랐아갔어요.

울타리 뒤에 — 미아의 발견: 노란 가방.

나비가 날았어요.

갑자기 개가 짖음.

갑자기 누군가가 웃었어요.

나뭇가지가 떨어졌어요.

그렇게 두려움이 용기가 됐어요.

함께면 더 쉬워요."
709,안나: 경주,"어느 저녁, 작은 동네에 — 이상한 소리. 안나도 들었다.

모두 조용하고 평화했어요.

안나, 호기심에 가까이 갔어요.

나무 뒤에 — 안나의 발견: 빨간 밧줄.

꽃향기가 나요.

갑자기 노크 소리.

갑자기 별똥이 떨어졌어요.

고슴도치가 먹이를 찾아요.

끝에 모두 행복했어요.

진짜 친구는 항상 도와요."
710,미로: 수수께끼,"어느 저녁, 알록 시장에 — 이상한 소리. 미로도 들었다.

풀향기가 났어요.

미로, 용감하게 따랐아갔어요.

벽 뒤에 — 미로의 발견: 옷은 망원경.

개울이 졸졸 흘렀어요.

갑자기 별똥이 떨어졌어요.

갑자기 바람이 불었어요.

바람이 문을 움직였어요.

그렇게 하루가 완벽했음.

용기는 보상받아요."
711,핀: 선물,"어느 저녁, 오래된 우물가에 — 이상한 소리. 핀도 들었다.

새가 즐겁게 짖었어요.

핀, 호기심에 가까이 갔어요.

문 뒤에 — 핀의 발견: 작은 칼.

하늘이 파랬어요.

갑자기 개구리 울음.

갑자기 나비가 춤을 추며 지나갔어요.

관심 많은 고양이였어요.

모두 웃으며 집에 갔어요.

호기심은 기적으로."
712,노라와 큰 모험,"어느 저녁, 놀이터에 — 이상한 소리. 노라도 들었다.

하늘이 파랬어요.

노라, 용감하게 따랐아갔어요.

덩불 뒤에 — 노라의 발견: 따뜻한 담요.

새가 즐겁게 짖었어요.

갑자기 벌이 윙윙.

갑자기 노크 소리.

시계가 울렸어요.

모험은 잊지 못할 추억.

함께면 더 쉬워요."
713,엠마와 비밀,"어느 저녁, 파란 강에 — 이상한 소리. 엠마도 들었다.

개울이 졸졸 흘렀어요.

엠마, 호기심에 가까이 갔어요.

돌 뒤에 — 엠마의 발견: 알록 지도.

풀향기가 났어요.

갑자기 바람이 불었어요.

갑자기 벌이 윙윙.

수탉이 울었어요.

모두 박수치며 기뻐함.

진짜 친구는 항상 돕아요."
714,미아의 가장 아름다운 날,"어느 저녁, 초록 초원에 — 이상한 소리. 미아도 들었다.

꽃향기가 나요.

미아, 용감하게 따랐아갔어요.

울타리 뒤에 — 미아의 발견: 오래된 동전.

모두 조용하고 평화했어요.

갑자기 큰 소리가 났어요.

갑자기 잎이 떨어짐.

바람이 문을 움직였어요.

그렇게 모험이 잘 끝났어요.

용기는 보상받아요."
715,안나: 보물,"어느 저녁, 큰 떡갈나무 아래에 — 이상한 소리. 안나도 들었다.

나비가 날았어요.

안나, 호기심에 가까이 갔어요.

나무 뒤에 — 안나의 발견: 초록 밧줄.

해가 따뜻하게 비췄어요.

갑자기 잎이 떨어짐.

갑자기 개가 짖음.

관심 많은 고양이였어요.

모두 만족하며 집에 감.

호기심은 기적으로."
716,미로: 비밀,"어느 저녁, 초록 공원에 — 이상한 소리. 미로도 들었다.

해가 따뜻하게 비췄어요.

미로, 용감하게 따랐아갔어요.

벽 뒤에 — 미로의 발견: 작은 등잔.

나비가 날았어요.

갑자기 나비가 춤을 추며 지나갔어요.

갑자기 개구리 울음.

나뭇가지가 떨어졌어요.

그렇게 두려움이 용기가 됐어요.

함께면 더 쉬워요."
717,핀: 계획,"어느 저녁, 옷은 숲에 — 이상한 소리. 핀도 들었다.

모두 조용하고 평화했어요.

핀, 호기심에 가까이 갔어요.

문 뒤에 — 핀의 발견: 파란 병.

꽃향기가 나요.

갑자기 누군가가 웃었어요.

갑자기 큰 소리가 났어요.

고슴도치가 먹이를 찾아요.

끝에 모두 행복했어요.

진짜 친구는 항상 도와요."
718,노라: 여행,"어느 저녁, 노란 들판에 — 이상한 소리. 노라도 들었다.

풀향기가 났어요.

노라, 용감하게 따랐아갔어요.

덩불 뒤에 — 노라의 발견: 노란 가방.

개울이 졸졸 흘렀어요.

갑자기 개가 짖음.

갑자기 누군가가 웃었어요.

바람이 문을 움직였어요.

그렇게 하루가 완벽했음.

용기는 보상받아요."
719,엠마: 발견,"어느 저녁, 작은 동네에 — 이상한 소리. 엠마도 들었다.

새가 즐겁게 짖었어요.

엠마, 호기심에 가까이 갔어요.

돌 뒤에 — 엠마의 발견: 빨간 밧줄.

하늘이 파랬어요.

갑자기 노크 소리.

갑자기 별똥이 떨어졌어요.

관심 많은 고양이였어요.

모두 웃으며 집에 갔어요.

호기심은 기적으로."
720,미아: 놀라움,"어느 저녁, 알록 시장에 — 이상한 소리. 미아도 들었다.

하늘이 파랬어요.

미아, 용감하게 따랐아갔어요.

울타리 뒤에 — 미아의 발견: 옷은 망원경.

새가 즐겁게 짖었어요.

갑자기 별똥이 떨어졌어요.

갑자기 바람이 불었어요.

시계가 울렸어요.

모험은 잊지 못할 추억.

함께면 더 쉬워요."
721,안나: 소풍,"어느 저녁, 오래된 우물가에 — 이상한 소리. 안나도 들었다.

개울이 졸졸 흘렀어요.

안나, 호기심에 가까이 갔어요.

나무 뒤에 — 안나의 발견: 작은 칼.

풀향기가 났어요.

갑자기 개구리 울음.

갑자기 나비가 춤을 추며 지나갔어요.

수탉이 울었어요.

모두 박수치며 기뻐함.

진짜 친구는 항상 돕아요."
722,미로: 경주,"어느 저녁, 놀이터에 — 이상한 소리. 미로도 들었다.

꽃향기가 나요.

미로, 용감하게 따랐아갔어요.

벽 뒤에 — 미로의 발견: 따뜻한 담요.

모두 조용하고 평화했어요.

갑자기 벌이 윙윙.

갑자기 노크 소리.

바람이 문을 움직였어요.

그렇게 모험이 잘 끝났어요.

용기는 보상받아요."
723,핀: 수수께끼,"어느 저녁, 파란 강에 — 이상한 소리. 핀도 들었다.

나비가 날았어요.

핀, 호기심에 가까이 갔어요.

문 뒤에 — 핀의 발견: 알록 지도.

해가 따뜻하게 비췄어요.

갑자기 바람이 불었어요.

갑자기 벌이 윙윙.

관심 많은 고양이였어요.

모두 만족하며 집에 감.

호기심은 기적으로."
724,노라: 선물,"어느 저녁, 초록 초원에 — 이상한 소리. 노라도 들었다.

해가 따뜻하게 비췄어요.

노라, 용감하게 따랐아갔어요.

덩불 뒤에 — 노라의 발견: 오래된 동전.

나비가 날았어요.

갑자기 큰 소리가 났어요.

갑자기 잎이 떨어짐.

나뭇가지가 떨어졌어요.

그렇게 두려움이 용기가 됐어요.

함께면 더 쉬워요."
725,엠마와 큰 모험,"어느 저녁, 큰 떡갈나무 아래에 — 이상한 소리. 엠마도 들었다.

모두 조용하고 평화했어요.

엠마, 호기심에 가까이 갔어요.

돌 뒤에 — 엠마의 발견: 초록 밧줄.

꽃향기가 나요.

갑자기 잎이 떨어짐.

갑자기 개가 짖음.

고슴도치가 먹이를 찾아요.

끝에 모두 행복했어요.

진짜 친구는 항상 도와요."
726,미아와 비밀,"어느 저녁, 초록 공원에 — 이상한 소리. 미아도 들었다.

풀향기가 났어요.

미아, 용감하게 따랐아갔어요.

울타리 뒤에 — 미아의 발견: 작은 등잔.

개울이 졸졸 흘렀어요.

갑자기 나비가 춤을 추며 지나갔어요.

갑자기 개구리 울음.

바람이 문을 움직였어요.

그렇게 하루가 완벽했음.

용기는 보상받아요."
727,안나의 가장 아름다운 날,"어느 저녁, 옷은 숲에 — 이상한 소리. 안나도 들었다.

새가 즐겁게 짖었어요.

안나, 호기심에 가까이 갔어요.

나무 뒤에 — 안나의 발견: 파란 병.

하늘이 파랬어요.

갑자기 누군가가 웃었어요.

갑자기 큰 소리가 났어요.

관심 많은 고양이였어요.

모두 웃으며 집에 갔어요.

호기심은 기적으로."
728,미로: 보물,"어느 저녁, 노란 들판에 — 이상한 소리. 미로도 들었다.

하늘이 파랬어요.

미로, 용감하게 따랐아갔어요.

벽 뒤에 — 미로의 발견: 노란 가방.

새가 즐겁게 짖었어요.

갑자기 개가 짖음.

갑자기 누군가가 웃었어요.

시계가 울렸어요.

모험은 잊지 못할 추억.

함께면 더 쉬워요."
729,핀: 비밀,"어느 저녁, 작은 동네에 — 이상한 소리. 핀도 들었다.

개울이 졸졸 흘렀어요.

핀, 호기심에 가까이 갔어요.

문 뒤에 — 핀의 발견: 빨간 밧줄.

풀향기가 났어요.

갑자기 노크 소리.

갑자기 별똥이 떨어졌어요.

수탉이 울었어요.

모두 박수치며 기뻐함.

진짜 친구는 항상 돕아요."
730,노라: 계획,"어느 저녁, 알록 시장에 — 이상한 소리. 노라도 들었다.

꽃향기가 나요.

노라, 용감하게 따랐아갔어요.

덩불 뒤에 — 노라의 발견: 옷은 망원경.

모두 조용하고 평화했어요.

갑자기 별똥이 떨어졌어요.

갑자기 바람이 불었어요.

바람이 문을 움직였어요.

그렇게 모험이 잘 끝났어요.

용기는 보상받아요."
731,엠마: 여행,"어느 저녁, 오래된 우물가에 — 이상한 소리. 엠마도 들었다.

나비가 날았어요.

엠마, 호기심에 가까이 갔어요.

돌 뒤에 — 엠마의 발견: 작은 칼.

해가 따뜻하게 비췄어요.

갑자기 개구리 울음.

갑자기 나비가 춤을 추며 지나갔어요.

관심 많은 고양이였어요.

모두 만족하며 집에 감.

호기심은 기적으로."
732,미아: 발견,"어느 저녁, 놀이터에 — 이상한 소리. 미아도 들었다.

해가 따뜻하게 비췄어요.

미아, 용감하게 따랐아갔어요.

울타리 뒤에 — 미아의 발견: 따뜻한 담요.

나비가 날았어요.

갑자기 벌이 윙윙.

갑자기 노크 소리.

나뭇가지가 떨어졌어요.

그렇게 두려움이 용기가 됐어요.

함께면 더 쉬워요."
733,안나: 놀라움,"어느 저녁, 파란 강에 — 이상한 소리. 안나도 들었다.

모두 조용하고 평화했어요.

안나, 호기심에 가까이 갔어요.

나무 뒤에 — 안나의 발견: 알록 지도.

꽃향기가 나요.

갑자기 바람이 불었어요.

갑자기 벌이 윙윙.

고슴도치가 먹이를 찾아요.

끝에 모두 행복했어요.

진짜 친구는 항상 도와요."
734,미로: 소풍,"어느 저녁, 초록 초원에 — 이상한 소리. 미로도 들었다.

풀향기가 났어요.

미로, 용감하게 따랐아갔어요.

벽 뒤에 — 미로의 발견: 오래된 동전.

개울이 졸졸 흘렀어요.

갑자기 큰 소리가 났어요.

갑자기 잎이 떨어짐.

바람이 문을 움직였어요.

그렇게 하루가 완벽했음.

용기는 보상받아요."
735,핀: 경주,"어느 저녁, 큰 떡갈나무 아래에 — 이상한 소리. 핀도 들었다.

새가 즐겁게 짖었어요.

핀, 호기심에 가까이 갔어요.

문 뒤에 — 핀의 발견: 초록 밧줄.

하늘이 파랬어요.

갑자기 잎이 떨어짐.

갑자기 개가 짖음.

관심 많은 고양이였어요.

모두 웃으며 집에 갔어요.

호기심은 기적으로."
736,노라: 수수께끼,"어느 저녁, 초록 공원에 — 이상한 소리. 노라도 들었다.

하늘이 파랬어요.

노라, 용감하게 따랐아갔어요.

덩불 뒤에 — 노라의 발견: 작은 등잔.

새가 즐겁게 짖었어요.

갑자기 나비가 춤을 추며 지나갔어요.

갑자기 개구리 울음.

시계가 울렸어요.

모험은 잊지 못할 추억.

함께면 더 쉬워요."
737,엠마: 선물,"어느 저녁, 옷은 숲에 — 이상한 소리. 엠마도 들었다.

개울이 졸졸 흘렀어요.

엠마, 호기심에 가까이 갔어요.

돌 뒤에 — 엠마의 발견: 파란 병.

풀향기가 났어요.

갑자기 누군가가 웃었어요.

갑자기 큰 소리가 났어요.

수탉이 울었어요.

모두 박수치며 기뻐함.

진짜 친구는 항상 돕아요."
738,미아와 큰 모험,"어느 저녁, 노란 들판에 — 이상한 소리. 미아도 들었다.

꽃향기가 나요.

미아, 용감하게 따랐아갔어요.

울타리 뒤에 — 미아의 발견: 노란 가방.

모두 조용하고 평화했어요.

갑자기 개가 짖음.

갑자기 누군가가 웃었어요.

바람이 문을 움직였어요.

그렇게 모험이 잘 끝났어요.

용기는 보상받아요."
739,안나와 비밀,"어느 저녁, 작은 동네에 — 이상한 소리. 안나도 들었다.

나비가 날았어요.

안나, 호기심에 가까이 갔어요.

나무 뒤에 — 안나의 발견: 빨간 밧줄.

해가 따뜻하게 비췄어요.

갑자기 노크 소리.

갑자기 별똥이 떨어졌어요.

관심 많은 고양이였어요.

모두 만족하며 집에 감.

호기심은 기적으로."
740,미로의 가장 아름다운 날,"어느 저녁, 알록 시장에 — 이상한 소리. 미로도 들었다.

해가 따뜻하게 비췄어요.

미로, 용감하게 따랐아갔어요.

벽 뒤에 — 미로의 발견: 옷은 망원경.

나비가 날았어요.

갑자기 별똥이 떨어졌어요.

갑자기 바람이 불었어요.

나뭇가지가 떨어졌어요.

그렇게 두려움이 용기가 됐어요.

함께면 더 쉬워요."
741,핀: 보물,"어느 저녁, 오래된 우물가에 — 이상한 소리. 핀도 들었다.

모두 조용하고 평화했어요.

핀, 호기심에 가까이 갔어요.

문 뒤에 — 핀의 발견: 작은 칼.

꽃향기가 나요.

갑자기 개구리 울음.

갑자기 나비가 춤을 추며 지나갔어요.

고슴도치가 먹이를 찾아요.

끝에 모두 행복했어요.

진짜 친구는 항상 도와요."
742,노라: 비밀,"어느 저녁, 놀이터에 — 이상한 소리. 노라도 들었다.

풀향기가 났어요.

노라, 용감하게 따랐아갔어요.

덩불 뒤에 — 노라의 발견: 따뜻한 담요.

개울이 졸졸 흘렀어요.

갑자기 벌이 윙윙.

갑자기 노크 소리.

바람이 문을 움직였어요.

그렇게 하루가 완벽했음.

용기는 보상받아요."
743,엠마: 계획,"어느 저녁, 파란 강에 — 이상한 소리. 엠마도 들었다.

새가 즐겁게 짖었어요.

엠마, 호기심에 가까이 갔어요.

돌 뒤에 — 엠마의 발견: 알록 지도.

하늘이 파랬어요.

갑자기 바람이 불었어요.

갑자기 벌이 윙윙.

관심 많은 고양이였어요.

모두 웃으며 집에 갔어요.

호기심은 기적으로."
744,미아: 여행,"어느 저녁, 초록 초원에 — 이상한 소리. 미아도 들었다.

하늘이 파랬어요.

미아, 용감하게 따랐아갔어요.

울타리 뒤에 — 미아의 발견: 오래된 동전.

새가 즐겁게 짖었어요.

갑자기 큰 소리가 났어요.

갑자기 잎이 떨어짐.

시계가 울렸어요.

모험은 잊지 못할 추억.

함께면 더 쉬워요."
745,안나: 발견,"어느 저녁, 큰 떡갈나무 아래에 — 이상한 소리. 안나도 들었다.

개울이 졸졸 흘렀어요.

안나, 호기심에 가까이 갔어요.

나무 뒤에 — 안나의 발견: 초록 밧줄.

풀향기가 났어요.

갑자기 잎이 떨어짐.

갑자기 개가 짖음.

수탉이 울었어요.

모두 박수치며 기뻐함.

진짜 친구는 항상 돕아요."
746,미로: 놀라움,"어느 저녁, 초록 공원에 — 이상한 소리. 미로도 들었다.

꽃향기가 나요.

미로, 용감하게 따랐아갔어요.

벽 뒤에 — 미로의 발견: 작은 등잔.

모두 조용하고 평화했어요.

갑자기 나비가 춤을 추며 지나갔어요.

갑자기 개구리 울음.

바람이 문을 움직였어요.

그렇게 모험이 잘 끝났어요.

용기는 보상받아요."
747,핀: 소풍,"어느 저녁, 옷은 숲에 — 이상한 소리. 핀도 들었다.

나비가 날았어요.

핀, 호기심에 가까이 갔어요.

문 뒤에 — 핀의 발견: 파란 병.

해가 따뜻하게 비췄어요.

갑자기 누군가가 웃었어요.

갑자기 큰 소리가 났어요.

관심 많은 고양이였어요.

모두 만족하며 집에 감.

호기심은 기적으로."
748,노라: 경주,"어느 저녁, 노란 들판에 — 이상한 소리. 노라도 들었다.

해가 따뜻하게 비췄어요.

노라, 용감하게 따랐아갔어요.

덩불 뒤에 — 노라의 발견: 노란 가방.

나비가 날았어요.

갑자기 개가 짖음.

갑자기 누군가가 웃었어요.

나뭇가지가 떨어졌어요.

그렇게 두려움이 용기가 됐어요.

함께면 더 쉬워요."
749,엠마: 수수께끼,"어느 저녁, 작은 동네에 — 이상한 소리. 엠마도 들었다.

모두 조용하고 평화했어요.

엠마, 호기심에 가까이 갔어요.

돌 뒤에 — 엠마의 발견: 빨간 밧줄.

꽃향기가 나요.

갑자기 노크 소리.

갑자기 별똥이 떨어졌어요.

고슴도치가 먹이를 찾아요.

끝에 모두 행복했어요.

진짜 친구는 항상 도와요."
750,미아: 선물,"어느 저녁, 알록 시장에 — 이상한 소리. 미아도 들었다.

풀향기가 났어요.

미아, 용감하게 따랐아갔어요.

울타리 뒤에 — 미아의 발견: 옷은 망원경.

개울이 졸졸 흘렀어요.

갑자기 별똥이 떨어졌어요.

갑자기 바람이 불었어요.

바람이 문을 움직였어요.

그렇게 하루가 완벽했음.

용기는 보상받아요."
751,안나와 큰 모험,"어느 저녁, 오래된 우물가에 — 이상한 소리. 안나도 들었다.

새가 즐겁게 짖었어요.

안나, 호기심에 가까이 갔어요.

나무 뒤에 — 안나의 발견: 작은 칼.

하늘이 파랬어요.

갑자기 개구리 울음.

갑자기 나비가 춤을 추며 지나갔어요.

관심 많은 고양이였어요.

모두 웃으며 집에 갔어요.

호기심은 기적으로."
752,미로와 비밀,"어느 저녁, 놀이터에 — 이상한 소리. 미로도 들었다.

하늘이 파랬어요.

미로, 용감하게 따랐아갔어요.

벽 뒤에 — 미로의 발견: 따뜻한 담요.

새가 즐겁게 짖었어요.

갑자기 벌이 윙윙.

갑자기 노크 소리.

시계가 울렸어요.

모험은 잊지 못할 추억.

함께면 더 쉬워요."
753,핀의 가장 아름다운 날,"어느 저녁, 파란 강에 — 이상한 소리. 핀도 들었다.

개울이 졸졸 흘렀어요.

핀, 호기심에 가까이 갔어요.

문 뒤에 — 핀의 발견: 알록 지도.

풀향기가 났어요.

갑자기 바람이 불었어요.

갑자기 벌이 윙윙.

수탉이 울었어요.

모두 박수치며 기뻐함.

진짜 친구는 항상 돕아요."
754,노라: 보물,"어느 저녁, 초록 초원에 — 이상한 소리. 노라도 들었다.

꽃향기가 나요.

노라, 용감하게 따랐아갔어요.

덩불 뒤에 — 노라의 발견: 오래된 동전.

모두 조용하고 평화했어요.

갑자기 큰 소리가 났어요.

갑자기 잎이 떨어짐.

바람이 문을 움직였어요.

그렇게 모험이 잘 끝났어요.

용기는 보상받아요."
755,엠마: 비밀,"어느 저녁, 큰 떡갈나무 아래에 — 이상한 소리. 엠마도 들었다.

나비가 날았어요.

엠마, 호기심에 가까이 갔어요.

돌 뒤에 — 엠마의 발견: 초록 밧줄.

해가 따뜻하게 비췄어요.

갑자기 잎이 떨어짐.

갑자기 개가 짖음.

관심 많은 고양이였어요.

모두 만족하며 집에 감.

호기심은 기적으로."
756,미아: 계획,"어느 저녁, 초록 공원에 — 이상한 소리. 미아도 들었다.

해가 따뜻하게 비췄어요.

미아, 용감하게 따랐아갔어요.

울타리 뒤에 — 미아의 발견: 작은 등잔.

나비가 날았어요.

갑자기 나비가 춤을 추며 지나갔어요.

갑자기 개구리 울음.

나뭇가지가 떨어졌어요.

그렇게 두려움이 용기가 됐어요.

함께면 더 쉬워요."
757,안나: 여행,"어느 저녁, 옷은 숲에 — 이상한 소리. 안나도 들었다.

모두 조용하고 평화했어요.

안나, 호기심에 가까이 갔어요.

나무 뒤에 — 안나의 발견: 파란 병.

꽃향기가 나요.

갑자기 누군가가 웃었어요.

갑자기 큰 소리가 났어요.

고슴도치가 먹이를 찾아요.

끝에 모두 행복했어요.

진짜 친구는 항상 도와요."
758,미로: 발견,"어느 저녁, 노란 들판에 — 이상한 소리. 미로도 들었다.

풀향기가 났어요.

미로, 용감하게 따랐아갔어요.

벽 뒤에 — 미로의 발견: 노란 가방.

개울이 졸졸 흘렀어요.

갑자기 개가 짖음.

갑자기 누군가가 웃었어요.

바람이 문을 움직였어요.

그렇게 하루가 완벽했음.

용기는 보상받아요."
759,핀: 놀라움,"어느 저녁, 작은 동네에 — 이상한 소리. 핀도 들었다.

새가 즐겁게 짖었어요.

핀, 호기심에 가까이 갔어요.

문 뒤에 — 핀의 발견: 빨간 밧줄.

하늘이 파랬어요.

갑자기 노크 소리.

갑자기 별똥이 떨어졌어요.

관심 많은 고양이였어요.

모두 웃으며 집에 갔어요.

호기심은 기적으로."
760,노라: 소풍,"어느 저녁, 알록 시장에 — 이상한 소리. 노라도 들었다.

하늘이 파랬어요.

노라, 용감하게 따랐아갔어요.

덩불 뒤에 — 노라의 발견: 옷은 망원경.

새가 즐겁게 짖었어요.

갑자기 별똥이 떨어졌어요.

갑자기 바람이 불었어요.

시계가 울렸어요.

모험은 잊지 못할 추억.

함께면 더 쉬워요."
761,엠마: 경주,"어느 저녁, 오래된 우물가에 — 이상한 소리. 엠마도 들었다.

개울이 졸졸 흘렀어요.

엠마, 호기심에 가까이 갔어요.

돌 뒤에 — 엠마의 발견: 작은 칼.

풀향기가 났어요.

갑자기 개구리 울음.

갑자기 나비가 춤을 추며 지나갔어요.

수탉이 울었어요.

모두 박수치며 기뻐함.

진짜 친구는 항상 돕아요."
762,미아: 수수께끼,"어느 저녁, 놀이터에 — 이상한 소리. 미아도 들었다.

꽃향기가 나요.

미아, 용감하게 따랐아갔어요.

울타리 뒤에 — 미아의 발견: 따뜻한 담요.

모두 조용하고 평화했어요.

갑자기 벌이 윙윙.

갑자기 노크 소리.

바람이 문을 움직였어요.

그렇게 모험이 잘 끝났어요.

용기는 보상받아요."
763,안나: 선물,"어느 저녁, 파란 강에 — 이상한 소리. 안나도 들었다.

나비가 날았어요.

안나, 호기심에 가까이 갔어요.

나무 뒤에 — 안나의 발견: 알록 지도.

해가 따뜻하게 비췄어요.

갑자기 바람이 불었어요.

갑자기 벌이 윙윙.

관심 많은 고양이였어요.

모두 만족하며 집에 감.

호기심은 기적으로."
764,미로와 큰 모험,"어느 저녁, 초록 초원에 — 이상한 소리. 미로도 들었다.

해가 따뜻하게 비췄어요.

미로, 용감하게 따랐아갔어요.

벽 뒤에 — 미로의 발견: 오래된 동전.

나비가 날았어요.

갑자기 큰 소리가 났어요.

갑자기 잎이 떨어짐.

나뭇가지가 떨어졌어요.

그렇게 두려움이 용기가 됐어요.

함께면 더 쉬워요."
765,핀와 비밀,"어느 저녁, 큰 떡갈나무 아래에 — 이상한 소리. 핀도 들었다.

모두 조용하고 평화했어요.

핀, 호기심에 가까이 갔어요.

문 뒤에 — 핀의 발견: 초록 밧줄.

꽃향기가 나요.

갑자기 잎이 떨어짐.

갑자기 개가 짖음.

고슴도치가 먹이를 찾아요.

끝에 모두 행복했어요.

진짜 친구는 항상 도와요."
766,노라의 가장 아름다운 날,"어느 저녁, 초록 공원에 — 이상한 소리. 노라도 들었다.

풀향기가 났어요.

노라, 용감하게 따랐아갔어요.

덩불 뒤에 — 노라의 발견: 작은 등잔.

개울이 졸졸 흘렀어요.

갑자기 나비가 춤을 추며 지나갔어요.

갑자기 개구리 울음.

바람이 문을 움직였어요.

그렇게 하루가 완벽했음.

용기는 보상받아요."
767,엠마: 보물,"어느 저녁, 옷은 숲에 — 이상한 소리. 엠마도 들었다.

새가 즐겁게 짖었어요.

엠마, 호기심에 가까이 갔어요.

돌 뒤에 — 엠마의 발견: 파란 병.

하늘이 파랬어요.

갑자기 누군가가 웃었어요.

갑자기 큰 소리가 났어요.

관심 많은 고양이였어요.

모두 웃으며 집에 갔어요.

호기심은 기적으로."
768,미아: 비밀,"어느 저녁, 노란 들판에 — 이상한 소리. 미아도 들었다.

하늘이 파랬어요.

미아, 용감하게 따랐아갔어요.

울타리 뒤에 — 미아의 발견: 노란 가방.

새가 즐겁게 짖었어요.

갑자기 개가 짖음.

갑자기 누군가가 웃었어요.

시계가 울렸어요.

모험은 잊지 못할 추억.

함께면 더 쉬워요."
769,안나: 계획,"어느 저녁, 작은 동네에 — 이상한 소리. 안나도 들었다.

개울이 졸졸 흘렀어요.

안나, 호기심에 가까이 갔어요.

나무 뒤에 — 안나의 발견: 빨간 밧줄.

풀향기가 났어요.

갑자기 노크 소리.

갑자기 별똥이 떨어졌어요.

수탉이 울었어요.

모두 박수치며 기뻐함.

진짜 친구는 항상 돕아요."
770,미로: 여행,"어느 저녁, 알록 시장에 — 이상한 소리. 미로도 들었다.

꽃향기가 나요.

미로, 용감하게 따랐아갔어요.

벽 뒤에 — 미로의 발견: 옷은 망원경.

모두 조용하고 평화했어요.

갑자기 별똥이 떨어졌어요.

갑자기 바람이 불었어요.

바람이 문을 움직였어요.

그렇게 모험이 잘 끝났어요.

용기는 보상받아요."
771,핀: 발견,"어느 저녁, 오래된 우물가에 — 이상한 소리. 핀도 들었다.

나비가 날았어요.

핀, 호기심에 가까이 갔어요.

문 뒤에 — 핀의 발견: 작은 칼.

해가 따뜻하게 비췄어요.

갑자기 개구리 울음.

갑자기 나비가 춤을 추며 지나갔어요.

관심 많은 고양이였어요.

모두 만족하며 집에 감.

호기심은 기적으로."
772,노라: 놀라움,"어느 저녁, 놀이터에 — 이상한 소리. 노라도 들었다.

해가 따뜻하게 비췄어요.

노라, 용감하게 따랐아갔어요.

덩불 뒤에 — 노라의 발견: 따뜻한 담요.

나비가 날았어요.

갑자기 벌이 윙윙.

갑자기 노크 소리.

나뭇가지가 떨어졌어요.

그렇게 두려움이 용기가 됐어요.

함께면 더 쉬워요."
773,엠마: 소풍,"어느 저녁, 파란 강에 — 이상한 소리. 엠마도 들었다.

모두 조용하고 평화했어요.

엠마, 호기심에 가까이 갔어요.

돌 뒤에 — 엠마의 발견: 알록 지도.

꽃향기가 나요.

갑자기 바람이 불었어요.

갑자기 벌이 윙윙.

고슴도치가 먹이를 찾아요.

끝에 모두 행복했어요.

진짜 친구는 항상 도와요."
774,미아: 경주,"어느 저녁, 초록 초원에 — 이상한 소리. 미아도 들었다.

풀향기가 났어요.

미아, 용감하게 따랐아갔어요.

울타리 뒤에 — 미아의 발견: 오래된 동전.

개울이 졸졸 흘렀어요.

갑자기 큰 소리가 났어요.

갑자기 잎이 떨어짐.

바람이 문을 움직였어요.

그렇게 하루가 완벽했음.

용기는 보상받아요."
775,안나: 수수께끼,"어느 저녁, 큰 떡갈나무 아래에 — 이상한 소리. 안나도 들었다.

새가 즐겁게 짖었어요.

안나, 호기심에 가까이 갔어요.

나무 뒤에 — 안나의 발견: 초록 밧줄.

하늘이 파랬어요.

갑자기 잎이 떨어짐.

갑자기 개가 짖음.

관심 많은 고양이였어요.

모두 웃으며 집에 갔어요.

호기심은 기적으로."
776,미로: 선물,"어느 저녁, 초록 공원에 — 이상한 소리. 미로도 들었다.

하늘이 파랬어요.

미로, 용감하게 따랐아갔어요.

벽 뒤에 — 미로의 발견: 작은 등잔.

새가 즐겁게 짖었어요.

갑자기 나비가 춤을 추며 지나갔어요.

갑자기 개구리 울음.

시계가 울렸어요.

모험은 잊지 못할 추억.

함께면 더 쉬워요."
777,핀와 큰 모험,"어느 저녁, 옷은 숲에 — 이상한 소리. 핀도 들었다.

개울이 졸졸 흘렀어요.

핀, 호기심에 가까이 갔어요.

문 뒤에 — 핀의 발견: 파란 병.

풀향기가 났어요.

갑자기 누군가가 웃었어요.

갑자기 큰 소리가 났어요.

수탉이 울었어요.

모두 박수치며 기뻐함.

진짜 친구는 항상 돕아요."
778,노라와 비밀,"어느 저녁, 노란 들판에 — 이상한 소리. 노라도 들었다.

꽃향기가 나요.

노라, 용감하게 따랐아갔어요.

덩불 뒤에 — 노라의 발견: 노란 가방.

모두 조용하고 평화했어요.

갑자기 개가 짖음.

갑자기 누군가가 웃었어요.

바람이 문을 움직였어요.

그렇게 모험이 잘 끝났어요.

용기는 보상받아요."
779,엠마의 가장 아름다운 날,"어느 저녁, 작은 동네에 — 이상한 소리. 엠마도 들었다.

나비가 날았어요.

엠마, 호기심에 가까이 갔어요.

돌 뒤에 — 엠마의 발견: 빨간 밧줄.

해가 따뜻하게 비췄어요.

갑자기 노크 소리.

갑자기 별똥이 떨어졌어요.

관심 많은 고양이였어요.

모두 만족하며 집에 감.

호기심은 기적으로."
780,미아: 보물,"어느 저녁, 알록 시장에 — 이상한 소리. 미아도 들었다.

해가 따뜻하게 비췄어요.

미아, 용감하게 따랐아갔어요.

울타리 뒤에 — 미아의 발견: 옷은 망원경.

나비가 날았어요.

갑자기 별똥이 떨어졌어요.

갑자기 바람이 불었어요.

나뭇가지가 떨어졌어요.

그렇게 두려움이 용기가 됐어요.

함께면 더 쉬워요."
781,안나: 비밀,"어느 저녁, 오래된 우물가에 — 이상한 소리. 안나도 들었다.

모두 조용하고 평화했어요.

안나, 호기심에 가까이 갔어요.

나무 뒤에 — 안나의 발견: 작은 칼.

꽃향기가 나요.

갑자기 개구리 울음.

갑자기 나비가 춤을 추며 지나갔어요.

고슴도치가 먹이를 찾아요.

끝에 모두 행복했어요.

진짜 친구는 항상 도와요."
782,미로: 계획,"어느 저녁, 놀이터에 — 이상한 소리. 미로도 들었다.

풀향기가 났어요.

미로, 용감하게 따랐아갔어요.

벽 뒤에 — 미로의 발견: 따뜻한 담요.

개울이 졸졸 흘렀어요.

갑자기 벌이 윙윙.

갑자기 노크 소리.

바람이 문을 움직였어요.

그렇게 하루가 완벽했음.

용기는 보상받아요."
783,핀: 여행,"어느 저녁, 파란 강에 — 이상한 소리. 핀도 들었다.

새가 즐겁게 짖었어요.

핀, 호기심에 가까이 갔어요.

문 뒤에 — 핀의 발견: 알록 지도.

하늘이 파랬어요.

갑자기 바람이 불었어요.

갑자기 벌이 윙윙.

관심 많은 고양이였어요.

모두 웃으며 집에 갔어요.

호기심은 기적으로."
784,노라: 발견,"어느 저녁, 초록 초원에 — 이상한 소리. 노라도 들었다.

하늘이 파랬어요.

노라, 용감하게 따랐아갔어요.

덩불 뒤에 — 노라의 발견: 오래된 동전.

새가 즐겁게 짖었어요.

갑자기 큰 소리가 났어요.

갑자기 잎이 떨어짐.

시계가 울렸어요.

모험은 잊지 못할 추억.

함께면 더 쉬워요."
785,엠마: 놀라움,"어느 저녁, 큰 떡갈나무 아래에 — 이상한 소리. 엠마도 들었다.

개울이 졸졸 흘렀어요.

엠마, 호기심에 가까이 갔어요.

돌 뒤에 — 엠마의 발견: 초록 밧줄.

풀향기가 났어요.

갑자기 잎이 떨어짐.

갑자기 개가 짖음.

수탉이 울었어요.

모두 박수치며 기뻐함.

진짜 친구는 항상 돕아요."
786,미아: 소풍,"어느 저녁, 초록 공원에 — 이상한 소리. 미아도 들었다.

꽃향기가 나요.

미아, 용감하게 따랐아갔어요.

울타리 뒤에 — 미아의 발견: 작은 등잔.

모두 조용하고 평화했어요.

갑자기 나비가 춤을 추며 지나갔어요.

갑자기 개구리 울음.

바람이 문을 움직였어요.

그렇게 모험이 잘 끝났어요.

용기는 보상받아요."
787,안나: 경주,"어느 저녁, 옷은 숲에 — 이상한 소리. 안나도 들었다.

나비가 날았어요.

안나, 호기심에 가까이 갔어요.

나무 뒤에 — 안나의 발견: 파란 병.

해가 따뜻하게 비췄어요.

갑자기 누군가가 웃었어요.

갑자기 큰 소리가 났어요.

관심 많은 고양이였어요.

모두 만족하며 집에 감.

호기심은 기적으로."
788,미로: 수수께끼,"어느 저녁, 노란 들판에 — 이상한 소리. 미로도 들었다.

해가 따뜻하게 비췄어요.

미로, 용감하게 따랐아갔어요.

벽 뒤에 — 미로의 발견: 노란 가방.

나비가 날았어요.

갑자기 개가 짖음.

갑자기 누군가가 웃었어요.

나뭇가지가 떨어졌어요.

그렇게 두려움이 용기가 됐어요.

함께면 더 쉬워요."
789,핀: 선물,"어느 저녁, 작은 동네에 — 이상한 소리. 핀도 들었다.

모두 조용하고 평화했어요.

핀, 호기심에 가까이 갔어요.

문 뒤에 — 핀의 발견: 빨간 밧줄.

꽃향기가 나요.

갑자기 노크 소리.

갑자기 별똥이 떨어졌어요.

고슴도치가 먹이를 찾아요.

끝에 모두 행복했어요.

진짜 친구는 항상 도와요."
790,노라와 큰 모험,"어느 저녁, 알록 시장에 — 이상한 소리. 노라도 들었다.

풀향기가 났어요.

노라, 용감하게 따랐아갔어요.

덩불 뒤에 — 노라의 발견: 옷은 망원경.

개울이 졸졸 흘렀어요.

갑자기 별똥이 떨어졌어요.

갑자기 바람이 불었어요.

바람이 문을 움직였어요.

그렇게 하루가 완벽했음.

용기는 보상받아요."
791,엠마와 비밀,"어느 저녁, 오래된 우물가에 — 이상한 소리. 엠마도 들었다.

새가 즐겁게 짖었어요.

엠마, 호기심에 가까이 갔어요.

돌 뒤에 — 엠마의 발견: 작은 칼.

하늘이 파랬어요.

갑자기 개구리 울음.

갑자기 나비가 춤을 추며 지나갔어요.

관심 많은 고양이였어요.

모두 웃으며 집에 갔어요.

호기심은 기적으로."
792,미아의 가장 아름다운 날,"어느 저녁, 놀이터에 — 이상한 소리. 미아도 들었다.

하늘이 파랬어요.

미아, 용감하게 따랐아갔어요.

울타리 뒤에 — 미아의 발견: 따뜻한 담요.

새가 즐겁게 짖었어요.

갑자기 벌이 윙윙.

갑자기 노크 소리.

시계가 울렸어요.

모험은 잊지 못할 추억.

함께면 더 쉬워요."
793,안나: 보물,"어느 저녁, 파란 강에 — 이상한 소리. 안나도 들었다.

개울이 졸졸 흘렀어요.

안나, 호기심에 가까이 갔어요.

나무 뒤에 — 안나의 발견: 알록 지도.

풀향기가 났어요.

갑자기 바람이 불었어요.

갑자기 벌이 윙윙.

수탉이 울었어요.

모두 박수치며 기뻐함.

진짜 친구는 항상 돕아요."
794,미로: 비밀,"어느 저녁, 초록 초원에 — 이상한 소리. 미로도 들었다.

꽃향기가 나요.

미로, 용감하게 따랐아갔어요.

벽 뒤에 — 미로의 발견: 오래된 동전.

모두 조용하고 평화했어요.

갑자기 큰 소리가 났어요.

갑자기 잎이 떨어짐.

바람이 문을 움직였어요.

그렇게 모험이 잘 끝났어요.

용기는 보상받아요."
795,핀: 계획,"어느 저녁, 큰 떡갈나무 아래에 — 이상한 소리. 핀도 들었다.

나비가 날았어요.

핀, 호기심에 가까이 갔어요.

문 뒤에 — 핀의 발견: 초록 밧줄.

해가 따뜻하게 비췄어요.

갑자기 잎이 떨어짐.

갑자기 개가 짖음.

관심 많은 고양이였어요.

모두 만족하며 집에 감.

호기심은 기적으로."
796,노라: 여행,"어느 저녁, 초록 공원에 — 이상한 소리. 노라도 들었다.

해가 따뜻하게 비췄어요.

노라, 용감하게 따랐아갔어요.

덩불 뒤에 — 노라의 발견: 작은 등잔.

나비가 날았어요.

갑자기 나비가 춤을 추며 지나갔어요.

갑자기 개구리 울음.

나뭇가지가 떨어졌어요.

그렇게 두려움이 용기가 됐어요.

함께면 더 쉬워요."
797,엠마: 발견,"어느 저녁, 옷은 숲에 — 이상한 소리. 엠마도 들었다.

모두 조용하고 평화했어요.

엠마, 호기심에 가까이 갔어요.

돌 뒤에 — 엠마의 발견: 파란 병.

꽃향기가 나요.

갑자기 누군가가 웃었어요.

갑자기 큰 소리가 났어요.

고슴도치가 먹이를 찾아요.

끝에 모두 행복했어요.

진짜 친구는 항상 도와요."
798,미아: 놀라움,"어느 저녁, 노란 들판에 — 이상한 소리. 미아도 들었다.

풀향기가 났어요.

미아, 용감하게 따랐아갔어요.

울타리 뒤에 — 미아의 발견: 노란 가방.

개울이 졸졸 흘렀어요.

갑자기 개가 짖음.

갑자기 누군가가 웃었어요.

바람이 문을 움직였어요.

그렇게 하루가 완벽했음.

용기는 보상받아요."
799,안나: 소풍,"어느 저녁, 작은 동네에 — 이상한 소리. 안나도 들었다.

새가 즐겁게 짖었어요.

안나, 호기심에 가까이 갔어요.

나무 뒤에 — 안나의 발견: 빨간 밧줄.

하늘이 파랬어요.

갑자기 노크 소리.

갑자기 별똥이 떨어졌어요.

관심 많은 고양이였어요.

모두 웃으며 집에 갔어요.

호기심은 기적으로."
800,미로: 경주,"어느 저녁, 알록 시장에 — 이상한 소리. 미로도 들었다.

하늘이 파랬어요.

미로, 용감하게 따랐아갔어요.

벽 뒤에 — 미로의 발견: 옷은 망원경.

새가 즐겁게 짖었어요.

갑자기 별똥이 떨어졌어요.

갑자기 바람이 불었어요.

시계가 울렸어요.

모험은 잊지 못할 추억.

함께면 더 쉬워요."
801,핀: 수수께끼,"어느 저녁, 오래된 우물가에 — 이상한 소리. 핀도 들었다.

개울이 졸졸 흘렀어요.

핀, 호기심에 가까이 갔어요.

문 뒤에 — 핀의 발견: 작은 칼.

풀향기가 났어요.

갑자기 개구리 울음.

갑자기 나비가 춤을 추며 지나갔어요.

수탉이 울었어요.

모두 박수치며 기뻐함.

진짜 친구는 항상 돕아요."
802,노라: 선물,"어느 저녁, 놀이터에 — 이상한 소리. 노라도 들었다.

꽃향기가 나요.

노라, 용감하게 따랐아갔어요.

덩불 뒤에 — 노라의 발견: 따뜻한 담요.

모두 조용하고 평화했어요.

갑자기 벌이 윙윙.

갑자기 노크 소리.

바람이 문을 움직였어요.

그렇게 모험이 잘 끝났어요.

용기는 보상받아요."
803,엠마와 큰 모험,"어느 저녁, 파란 강에 — 이상한 소리. 엠마도 들었다.

나비가 날았어요.

엠마, 호기심에 가까이 갔어요.

돌 뒤에 — 엠마의 발견: 알록 지도.

해가 따뜻하게 비췄어요.

갑자기 바람이 불었어요.

갑자기 벌이 윙윙.

관심 많은 고양이였어요.

모두 만족하며 집에 감.

호기심은 기적으로."
804,미아와 비밀,"어느 저녁, 초록 초원에 — 이상한 소리. 미아도 들었다.

해가 따뜻하게 비췄어요.

미아, 용감하게 따랐아갔어요.

울타리 뒤에 — 미아의 발견: 오래된 동전.

나비가 날았어요.

갑자기 큰 소리가 났어요.

갑자기 잎이 떨어짐.

나뭇가지가 떨어졌어요.

그렇게 두려움이 용기가 됐어요.

함께면 더 쉬워요."
805,안나의 가장 아름다운 날,"어느 저녁, 큰 떡갈나무 아래에 — 이상한 소리. 안나도 들었다.

모두 조용하고 평화했어요.

안나, 호기심에 가까이 갔어요.

나무 뒤에 — 안나의 발견: 초록 밧줄.

꽃향기가 나요.

갑자기 잎이 떨어짐.

갑자기 개가 짖음.

고슴도치가 먹이를 찾아요.

끝에 모두 행복했어요.

진짜 친구는 항상 도와요."
806,미로: 보물,"어느 저녁, 초록 공원에 — 이상한 소리. 미로도 들었다.

풀향기가 났어요.

미로, 용감하게 따랐아갔어요.

벽 뒤에 — 미로의 발견: 작은 등잔.

개울이 졸졸 흘렀어요.

갑자기 나비가 춤을 추며 지나갔어요.

갑자기 개구리 울음.

바람이 문을 움직였어요.

그렇게 하루가 완벽했음.

용기는 보상받아요."
807,핀: 비밀,"어느 저녁, 옷은 숲에 — 이상한 소리. 핀도 들었다.

새가 즐겁게 짖었어요.

핀, 호기심에 가까이 갔어요.

문 뒤에 — 핀의 발견: 파란 병.

하늘이 파랬어요.

갑자기 누군가가 웃었어요.

갑자기 큰 소리가 났어요.

관심 많은 고양이였어요.

모두 웃으며 집에 갔어요.

호기심은 기적으로."
808,노라: 계획,"어느 저녁, 노란 들판에 — 이상한 소리. 노라도 들었다.

하늘이 파랬어요.

노라, 용감하게 따랐아갔어요.

덩불 뒤에 — 노라의 발견: 노란 가방.

새가 즐겁게 짖었어요.

갑자기 개가 짖음.

갑자기 누군가가 웃었어요.

시계가 울렸어요.

모험은 잊지 못할 추억.

함께면 더 쉬워요."
809,엠마: 여행,"어느 저녁, 작은 동네에 — 이상한 소리. 엠마도 들었다.

개울이 졸졸 흘렀어요.

엠마, 호기심에 가까이 갔어요.

돌 뒤에 — 엠마의 발견: 빨간 밧줄.

풀향기가 났어요.

갑자기 노크 소리.

갑자기 별똥이 떨어졌어요.

수탉이 울었어요.

모두 박수치며 기뻐함.

진짜 친구는 항상 돕아요."
810,미아: 발견,"어느 저녁, 알록 시장에 — 이상한 소리. 미아도 들었다.

꽃향기가 나요.

미아, 용감하게 따랐아갔어요.

울타리 뒤에 — 미아의 발견: 옷은 망원경.

모두 조용하고 평화했어요.

갑자기 별똥이 떨어졌어요.

갑자기 바람이 불었어요.

바람이 문을 움직였어요.

그렇게 모험이 잘 끝났어요.

용기는 보상받아요."
811,안나: 놀라움,"어느 저녁, 오래된 우물가에 — 이상한 소리. 안나도 들었다.

나비가 날았어요.

안나, 호기심에 가까이 갔어요.

나무 뒤에 — 안나의 발견: 작은 칼.

해가 따뜻하게 비췄어요.

갑자기 개구리 울음.

갑자기 나비가 춤을 추며 지나갔어요.

관심 많은 고양이였어요.

모두 만족하며 집에 감.

호기심은 기적으로."
812,미로: 소풍,"어느 저녁, 놀이터에 — 이상한 소리. 미로도 들었다.

해가 따뜻하게 비췄어요.

미로, 용감하게 따랐아갔어요.

벽 뒤에 — 미로의 발견: 따뜻한 담요.

나비가 날았어요.

갑자기 벌이 윙윙.

갑자기 노크 소리.

나뭇가지가 떨어졌어요.

그렇게 두려움이 용기가 됐어요.

함께면 더 쉬워요."
813,핀: 경주,"어느 저녁, 파란 강에 — 이상한 소리. 핀도 들었다.

모두 조용하고 평화했어요.

핀, 호기심에 가까이 갔어요.

문 뒤에 — 핀의 발견: 알록 지도.

꽃향기가 나요.

갑자기 바람이 불었어요.

갑자기 벌이 윙윙.

고슴도치가 먹이를 찾아요.

끝에 모두 행복했어요.

진짜 친구는 항상 도와요."
814,노라: 수수께끼,"어느 저녁, 초록 초원에 — 이상한 소리. 노라도 들었다.

풀향기가 났어요.

노라, 용감하게 따랐아갔어요.

덩불 뒤에 — 노라의 발견: 오래된 동전.

개울이 졸졸 흘렀어요.

갑자기 큰 소리가 났어요.

갑자기 잎이 떨어짐.

바람이 문을 움직였어요.

그렇게 하루가 완벽했음.

용기는 보상받아요."
815,엠마: 선물,"어느 저녁, 큰 떡갈나무 아래에 — 이상한 소리. 엠마도 들었다.

새가 즐겁게 짖었어요.

엠마, 호기심에 가까이 갔어요.

돌 뒤에 — 엠마의 발견: 초록 밧줄.

하늘이 파랬어요.

갑자기 잎이 떨어짐.

갑자기 개가 짖음.

관심 많은 고양이였어요.

모두 웃으며 집에 갔어요.

호기심은 기적으로."
816,미아와 큰 모험,"어느 저녁, 초록 공원에 — 이상한 소리. 미아도 들었다.

하늘이 파랬어요.

미아, 용감하게 따랐아갔어요.

울타리 뒤에 — 미아의 발견: 작은 등잔.

새가 즐겁게 짖었어요.

갑자기 나비가 춤을 추며 지나갔어요.

갑자기 개구리 울음.

시계가 울렸어요.

모험은 잊지 못할 추억.

함께면 더 쉬워요."
817,안나와 비밀,"어느 저녁, 옷은 숲에 — 이상한 소리. 안나도 들었다.

개울이 졸졸 흘렀어요.

안나, 호기심에 가까이 갔어요.

나무 뒤에 — 안나의 발견: 파란 병.

풀향기가 났어요.

갑자기 누군가가 웃었어요.

갑자기 큰 소리가 났어요.

수탉이 울었어요.

모두 박수치며 기뻐함.

진짜 친구는 항상 돕아요."
818,미로의 가장 아름다운 날,"어느 저녁, 노란 들판에 — 이상한 소리. 미로도 들었다.

꽃향기가 나요.

미로, 용감하게 따랐아갔어요.

벽 뒤에 — 미로의 발견: 노란 가방.

모두 조용하고 평화했어요.

갑자기 개가 짖음.

갑자기 누군가가 웃었어요.

바람이 문을 움직였어요.

그렇게 모험이 잘 끝났어요.

용기는 보상받아요."
819,핀: 보물,"어느 저녁, 작은 동네에 — 이상한 소리. 핀도 들었다.

나비가 날았어요.

핀, 호기심에 가까이 갔어요.

문 뒤에 — 핀의 발견: 빨간 밧줄.

해가 따뜻하게 비췄어요.

갑자기 노크 소리.

갑자기 별똥이 떨어졌어요.

관심 많은 고양이였어요.

모두 만족하며 집에 감.

호기심은 기적으로."
820,노라: 비밀,"어느 저녁, 알록 시장에 — 이상한 소리. 노라도 들었다.

해가 따뜻하게 비췄어요.

노라, 용감하게 따랐아갔어요.

덩불 뒤에 — 노라의 발견: 옷은 망원경.

나비가 날았어요.

갑자기 별똥이 떨어졌어요.

갑자기 바람이 불었어요.

나뭇가지가 떨어졌어요.

그렇게 두려움이 용기가 됐어요.

함께면 더 쉬워요."
821,노라: 계획,"어느 저녁, 옷은 숲에 — 이상한 소리. 노라도 들었다.

새가 즐겁게 짖었어요.

노라, 용감하게 따랐아갔어요.

문 뒤에 — 노라의 발견: 알록 지도.

풀향기가 났어요.

갑자기 바람이 불었어요.

갑자기 나비가 춤을 추며 지나갔어요.

관심 많은 고양이였어요.

모두 박수치며 기뻐함.

진짜 친구는 항상 도와요."
822,엠마: 여행,"어느 저녁, 노란 들판에 — 이상한 소리. 엠마도 들었다.

하늘이 파랬어요.

엠마, 호기심에 가까이 갔어요.

덩불 뒤에 — 엠마의 발견: 오래된 동전.

모두 조용하고 평화했어요.

갑자기 큰 소리가 났어요.

갑자기 노크 소리.

시계가 울렸어요.

그렇게 모험이 잘 끝났어요.

용기는 보상받아요."
823,미아: 발견,"어느 저녁, 작은 동네에 — 이상한 소리. 미아도 들었다.

개울이 졸졸 흘렀어요.

미아, 용감하게 따랐아갔어요.

돌 뒤에 — 미아의 발견: 초록 밧줄.

해가 따뜻하게 비췄어요.

갑자기 잎이 떨어짐.

갑자기 벌이 윙윙.

수탉이 울었어요.

모두 만족하며 집에 감.

호기심은 기적으로."
824,안나: 놀라움,"어느 저녁, 알록 시장에 — 이상한 소리. 안나도 들었다.

꽃향기가 나요.

안나, 호기심에 가까이 갔어요.

울타리 뒤에 — 안나의 발견: 작은 등잔.

나비가 날았어요.

갑자기 나비가 춤을 추며 지나갔어요.

갑자기 잎이 떨어짐.

바람이 문을 움직였어요.

그렇게 두려움이 용기가 됐어요.

함께면 더 쉬워요."
825,미로: 소풍,"어느 저녁, 오래된 우물가에 — 이상한 소리. 미로도 들었다.

나비가 날았어요.

미로, 용감하게 따랐아갔어요.

나무 뒤에 — 미로의 발견: 파란 병.

꽃향기가 나요.

갑자기 누군가가 웃었어요.

갑자기 개가 짖음.

관심 많은 고양이였어요.

끝에 모두 행복했어요.

진짜 친구는 항상 돕아요."
826,핀: 경주,"어느 저녁, 놀이터에 — 이상한 소리. 핀도 들었다.

해가 따뜻하게 비췄어요.

핀, 호기심에 가까이 갔어요.

벽 뒤에 — 핀의 발견: 노란 가방.

개울이 졸졸 흘렀어요.

갑자기 개가 짖음.

갑자기 개구리 울음.

나뭇가지가 떨어졌어요.

그렇게 하루가 완벽했음.

용기는 보상받아요."
827,노라: 수수께끼,"어느 저녁, 파란 강에 — 이상한 소리. 노라도 들었다.

모두 조용하고 평화했어요.

노라, 용감하게 따랐아갔어요.

문 뒤에 — 노라의 발견: 빨간 밧줄.

하늘이 파랬어요.

갑자기 노크 소리.

갑자기 큰 소리가 났어요.

고슴도치가 먹이를 찾아요.

모두 웃으며 집에 갔어요.

호기심은 기적으로."
828,엠마: 선물,"어느 저녁, 초록 초원에 — 이상한 소리. 엠마도 들었다.

풀향기가 났어요.

엠마, 호기심에 가까이 갔어요.

덩불 뒤에 — 엠마의 발견: 옷은 망원경.

새가 즐겁게 짖었어요.

갑자기 별똥이 떨어졌어요.

갑자기 누군가가 웃었어요.

바람이 문을 움직였어요.

모험은 잊지 못할 추억.

함께면 더 쉬워요."
829,미아와 큰 모험,"어느 저녁, 큰 떡갈나무 아래에 — 이상한 소리. 미아도 들었다.

새가 즐겁게 짖었어요.

미아, 용감하게 따랐아갔어요.

돌 뒤에 — 미아의 발견: 작은 칼.

풀향기가 났어요.

갑자기 개구리 울음.

갑자기 별똥이 떨어졌어요.

관심 많은 고양이였어요.

모두 박수치며 기뻐함.

진짜 친구는 항상 도와요."
830,안나와 비밀,"어느 저녁, 초록 공원에 — 이상한 소리. 안나도 들었다.

하늘이 파랬어요.

안나, 호기심에 가까이 갔어요.

울타리 뒤에 — 안나의 발견: 따뜻한 담요.

모두 조용하고 평화했어요.

갑자기 벌이 윙윙.

갑자기 바람이 불었어요.

시계가 울렸어요.

그렇게 모험이 잘 끝났어요.

용기는 보상받아요."
831,미로의 가장 아름다운 날,"어느 저녁, 옷은 숲에 — 이상한 소리. 미로도 들었다.

개울이 졸졸 흘렀어요.

미로, 용감하게 따랐아갔어요.

나무 뒤에 — 미로의 발견: 알록 지도.

해가 따뜻하게 비췄어요.

갑자기 바람이 불었어요.

갑자기 나비가 춤을 추며 지나갔어요.

수탉이 울었어요.

모두 만족하며 집에 감.

호기심은 기적으로."
832,핀: 보물,"어느 저녁, 노란 들판에 — 이상한 소리. 핀도 들었다.

꽃향기가 나요.

핀, 호기심에 가까이 갔어요.

벽 뒤에 — 핀의 발견: 오래된 동전.

나비가 날았어요.

갑자기 큰 소리가 났어요.

갑자기 노크 소리.

바람이 문을 움직였어요.

그렇게 두려움이 용기가 됐어요.

함께면 더 쉬워요."
833,노라: 비밀,"어느 저녁, 작은 동네에 — 이상한 소리. 노라도 들었다.

나비가 날았어요.

노라, 용감하게 따랐아갔어요.

문 뒤에 — 노라의 발견: 초록 밧줄.

꽃향기가 나요.

갑자기 잎이 떨어짐.

갑자기 벌이 윙윙.

관심 많은 고양이였어요.

끝에 모두 행복했어요.

진짜 친구는 항상 돕아요."
834,엠마: 계획,"어느 저녁, 알록 시장에 — 이상한 소리. 엠마도 들었다.

해가 따뜻하게 비췄어요.

엠마, 호기심에 가까이 갔어요.

덩불 뒤에 — 엠마의 발견: 작은 등잔.

개울이 졸졸 흘렀어요.

갑자기 나비가 춤을 추며 지나갔어요.

갑자기 잎이 떨어짐.

나뭇가지가 떨어졌어요.

그렇게 하루가 완벽했음.

용기는 보상받아요."
835,미아: 여행,"어느 저녁, 오래된 우물가에 — 이상한 소리. 미아도 들었다.

모두 조용하고 평화했어요.

미아, 용감하게 따랐아갔어요.

돌 뒤에 — 미아의 발견: 파란 병.

하늘이 파랬어요.

갑자기 누군가가 웃었어요.

갑자기 개가 짖음.

고슴도치가 먹이를 찾아요.

모두 웃으며 집에 갔어요.

호기심은 기적으로."
836,안나: 발견,"어느 저녁, 놀이터에 — 이상한 소리. 안나도 들었다.

풀향기가 났어요.

안나, 호기심에 가까이 갔어요.

울타리 뒤에 — 안나의 발견: 노란 가방.

새가 즐겁게 짖었어요.

갑자기 개가 짖음.

갑자기 개구리 울음.

바람이 문을 움직였어요.

모험은 잊지 못할 추억.

함께면 더 쉬워요."
837,미로: 놀라움,"어느 저녁, 파란 강에 — 이상한 소리. 미로도 들었다.

새가 즐겁게 짖었어요.

미로, 용감하게 따랐아갔어요.

나무 뒤에 — 미로의 발견: 빨간 밧줄.

풀향기가 났어요.

갑자기 노크 소리.

갑자기 큰 소리가 났어요.

관심 많은 고양이였어요.

모두 박수치며 기뻐함.

진짜 친구는 항상 도와요."
838,핀: 소풍,"어느 저녁, 초록 초원에 — 이상한 소리. 핀도 들었다.

하늘이 파랬어요.

핀, 호기심에 가까이 갔어요.

벽 뒤에 — 핀의 발견: 옷은 망원경.

모두 조용하고 평화했어요.

갑자기 별똥이 떨어졌어요.

갑자기 누군가가 웃었어요.

시계가 울렸어요.

그렇게 모험이 잘 끝났어요.

용기는 보상받아요."
839,노라: 경주,"어느 저녁, 큰 떡갈나무 아래에 — 이상한 소리. 노라도 들었다.

개울이 졸졸 흘렀어요.

노라, 용감하게 따랐아갔어요.

문 뒤에 — 노라의 발견: 작은 칼.

해가 따뜻하게 비췄어요.

갑자기 개구리 울음.

갑자기 별똥이 떨어졌어요.

수탉이 울었어요.

모두 만족하며 집에 감.

호기심은 기적으로."
840,엠마: 수수께끼,"어느 저녁, 초록 공원에 — 이상한 소리. 엠마도 들었다.

꽃향기가 나요.

엠마, 호기심에 가까이 갔어요.

덩불 뒤에 — 엠마의 발견: 따뜻한 담요.

나비가 날았어요.

갑자기 벌이 윙윙.

갑자기 바람이 불었어요.

바람이 문을 움직였어요.

그렇게 두려움이 용기가 됐어요.

함께면 더 쉬워요."
841,미아: 선물,"어느 저녁, 옷은 숲에 — 이상한 소리. 미아도 들었다.

나비가 날았어요.

미아, 용감하게 따랐아갔어요.

돌 뒤에 — 미아의 발견: 알록 지도.

꽃향기가 나요.

갑자기 바람이 불었어요.

갑자기 나비가 춤을 추며 지나갔어요.

관심 많은 고양이였어요.

끝에 모두 행복했어요.

진짜 친구는 항상 돕아요."
842,안나와 큰 모험,"어느 저녁, 노란 들판에 — 이상한 소리. 안나도 들었다.

해가 따뜻하게 비췄어요.

안나, 호기심에 가까이 갔어요.

울타리 뒤에 — 안나의 발견: 오래된 동전.

개울이 졸졸 흘렀어요.

갑자기 큰 소리가 났어요.

갑자기 노크 소리.

나뭇가지가 떨어졌어요.

그렇게 하루가 완벽했음.

용기는 보상받아요."
843,미로와 비밀,"어느 저녁, 작은 동네에 — 이상한 소리. 미로도 들었다.

모두 조용하고 평화했어요.

미로, 용감하게 따랐아갔어요.

나무 뒤에 — 미로의 발견: 초록 밧줄.

하늘이 파랬어요.

갑자기 잎이 떨어짐.

갑자기 벌이 윙윙.

고슴도치가 먹이를 찾아요.

모두 웃으며 집에 갔어요.

호기심은 기적으로."
844,핀의 가장 아름다운 날,"어느 저녁, 알록 시장에 — 이상한 소리. 핀도 들었다.

풀향기가 났어요.

핀, 호기심에 가까이 갔어요.

벽 뒤에 — 핀의 발견: 작은 등잔.

새가 즐겁게 짖었어요.

갑자기 나비가 춤을 추며 지나갔어요.

갑자기 잎이 떨어짐.

바람이 문을 움직였어요.

모험은 잊지 못할 추억.

함께면 더 쉬워요."
845,노라: 보물,"어느 저녁, 오래된 우물가에 — 이상한 소리. 노라도 들었다.

새가 즐겁게 짖었어요.

노라, 용감하게 따랐아갔어요.

문 뒤에 — 노라의 발견: 파란 병.

풀향기가 났어요.

갑자기 누군가가 웃었어요.

갑자기 개가 짖음.

관심 많은 고양이였어요.

모두 박수치며 기뻐함.

진짜 친구는 항상 도와요."
846,엠마: 비밀,"어느 저녁, 놀이터에 — 이상한 소리. 엠마도 들었다.

하늘이 파랬어요.

엠마, 호기심에 가까이 갔어요.

덩불 뒤에 — 엠마의 발견: 노란 가방.

모두 조용하고 평화했어요.

갑자기 개가 짖음.

갑자기 개구리 울음.

시계가 울렸어요.

그렇게 모험이 잘 끝났어요.

용기는 보상받아요."
847,미아: 계획,"어느 저녁, 파란 강에 — 이상한 소리. 미아도 들었다.

개울이 졸졸 흘렀어요.

미아, 용감하게 따랐아갔어요.

돌 뒤에 — 미아의 발견: 빨간 밧줄.

해가 따뜻하게 비췄어요.

갑자기 노크 소리.

갑자기 큰 소리가 났어요.

수탉이 울었어요.

모두 만족하며 집에 감.

호기심은 기적으로."
848,안나: 여행,"어느 저녁, 초록 초원에 — 이상한 소리. 안나도 들었다.

꽃향기가 나요.

안나, 호기심에 가까이 갔어요.

울타리 뒤에 — 안나의 발견: 옷은 망원경.

나비가 날았어요.

갑자기 별똥이 떨어졌어요.

갑자기 누군가가 웃었어요.

바람이 문을 움직였어요.

그렇게 두려움이 용기가 됐어요.

함께면 더 쉬워요."
849,미로: 발견,"어느 저녁, 큰 떡갈나무 아래에 — 이상한 소리. 미로도 들었다.

나비가 날았어요.

미로, 용감하게 따랐아갔어요.

나무 뒤에 — 미로의 발견: 작은 칼.

꽃향기가 나요.

갑자기 개구리 울음.

갑자기 별똥이 떨어졌어요.

관심 많은 고양이였어요.

끝에 모두 행복했어요.

진짜 친구는 항상 돕아요."
850,핀: 놀라움,"어느 저녁, 초록 공원에 — 이상한 소리. 핀도 들었다.

해가 따뜻하게 비췄어요.

핀, 호기심에 가까이 갔어요.

벽 뒤에 — 핀의 발견: 따뜻한 담요.

개울이 졸졸 흘렀어요.

갑자기 벌이 윙윙.

갑자기 바람이 불었어요.

나뭇가지가 떨어졌어요.

그렇게 하루가 완벽했음.

용기는 보상받아요."
851,노라: 소풍,"어느 저녁, 옷은 숲에 — 이상한 소리. 노라도 들었다.

모두 조용하고 평화했어요.

노라, 용감하게 따랐아갔어요.

문 뒤에 — 노라의 발견: 알록 지도.

하늘이 파랬어요.

갑자기 바람이 불었어요.

갑자기 나비가 춤을 추며 지나갔어요.

고슴도치가 먹이를 찾아요.

모두 웃으며 집에 갔어요.

호기심은 기적으로."
852,엠마: 경주,"어느 저녁, 노란 들판에 — 이상한 소리. 엠마도 들었다.

풀향기가 났어요.

엠마, 호기심에 가까이 갔어요.

덩불 뒤에 — 엠마의 발견: 오래된 동전.

새가 즐겁게 짖었어요.

갑자기 큰 소리가 났어요.

갑자기 노크 소리.

바람이 문을 움직였어요.

모험은 잊지 못할 추억.

함께면 더 쉬워요."
853,미아: 수수께끼,"어느 저녁, 작은 동네에 — 이상한 소리. 미아도 들었다.

새가 즐겁게 짖었어요.

미아, 용감하게 따랐아갔어요.

돌 뒤에 — 미아의 발견: 초록 밧줄.

풀향기가 났어요.

갑자기 잎이 떨어짐.

갑자기 벌이 윙윙.

관심 많은 고양이였어요.

모두 박수치며 기뻐함.

진짜 친구는 항상 도와요."
854,안나: 선물,"어느 저녁, 알록 시장에 — 이상한 소리. 안나도 들었다.

하늘이 파랬어요.

안나, 호기심에 가까이 갔어요.

울타리 뒤에 — 안나의 발견: 작은 등잔.

모두 조용하고 평화했어요.

갑자기 나비가 춤을 추며 지나갔어요.

갑자기 잎이 떨어짐.

시계가 울렸어요.

그렇게 모험이 잘 끝났어요.

용기는 보상받아요."
855,미로와 큰 모험,"어느 저녁, 오래된 우물가에 — 이상한 소리. 미로도 들었다.

개울이 졸졸 흘렀어요.

미로, 용감하게 따랐아갔어요.

나무 뒤에 — 미로의 발견: 파란 병.

해가 따뜻하게 비췄어요.

갑자기 누군가가 웃었어요.

갑자기 개가 짖음.

수탉이 울었어요.

모두 만족하며 집에 감.

호기심은 기적으로."
856,핀와 비밀,"어느 저녁, 놀이터에 — 이상한 소리. 핀도 들었다.

꽃향기가 나요.

핀, 호기심에 가까이 갔어요.

벽 뒤에 — 핀의 발견: 노란 가방.

나비가 날았어요.

갑자기 개가 짖음.

갑자기 개구리 울음.

바람이 문을 움직였어요.

그렇게 두려움이 용기가 됐어요.

함께면 더 쉬워요."
857,노라의 가장 아름다운 날,"어느 저녁, 파란 강에 — 이상한 소리. 노라도 들었다.

나비가 날았어요.

노라, 용감하게 따랐아갔어요.

문 뒤에 — 노라의 발견: 빨간 밧줄.

꽃향기가 나요.

갑자기 노크 소리.

갑자기 큰 소리가 났어요.

관심 많은 고양이였어요.

끝에 모두 행복했어요.

진짜 친구는 항상 돕아요."
858,엠마: 보물,"어느 저녁, 초록 초원에 — 이상한 소리. 엠마도 들었다.

해가 따뜻하게 비췄어요.

엠마, 호기심에 가까이 갔어요.

덩불 뒤에 — 엠마의 발견: 옷은 망원경.

개울이 졸졸 흘렀어요.

갑자기 별똥이 떨어졌어요.

갑자기 누군가가 웃었어요.

나뭇가지가 떨어졌어요.

그렇게 하루가 완벽했음.

용기는 보상받아요."
859,미아: 비밀,"어느 저녁, 큰 떡갈나무 아래에 — 이상한 소리. 미아도 들었다.

모두 조용하고 평화했어요.

미아, 용감하게 따랐아갔어요.

돌 뒤에 — 미아의 발견: 작은 칼.

하늘이 파랬어요.

갑자기 개구리 울음.

갑자기 별똥이 떨어졌어요.

고슴도치가 먹이를 찾아요.

모두 웃으며 집에 갔어요.

호기심은 기적으로."
860,안나: 계획,"어느 저녁, 초록 공원에 — 이상한 소리. 안나도 들었다.

풀향기가 났어요.

안나, 호기심에 가까이 갔어요.

울타리 뒤에 — 안나의 발견: 따뜻한 담요.

새가 즐겁게 짖었어요.

갑자기 벌이 윙윙.

갑자기 바람이 불었어요.

바람이 문을 움직였어요.

모험은 잊지 못할 추억.

함께면 더 쉬워요."
861,미로: 여행,"어느 저녁, 옷은 숲에 — 이상한 소리. 미로도 들었다.

새가 즐겁게 짖었어요.

미로, 용감하게 따랐아갔어요.

나무 뒤에 — 미로의 발견: 알록 지도.

풀향기가 났어요.

갑자기 바람이 불었어요.

갑자기 나비가 춤을 추며 지나갔어요.

관심 많은 고양이였어요.

모두 박수치며 기뻐함.

진짜 친구는 항상 도와요."
862,핀: 발견,"어느 저녁, 노란 들판에 — 이상한 소리. 핀도 들었다.

하늘이 파랬어요.

핀, 호기심에 가까이 갔어요.

벽 뒤에 — 핀의 발견: 오래된 동전.

모두 조용하고 평화했어요.

갑자기 큰 소리가 났어요.

갑자기 노크 소리.

시계가 울렸어요.

그렇게 모험이 잘 끝났어요.

용기는 보상받아요."
863,노라: 놀라움,"어느 저녁, 작은 동네에 — 이상한 소리. 노라도 들었다.

개울이 졸졸 흘렀어요.

노라, 용감하게 따랐아갔어요.

문 뒤에 — 노라의 발견: 초록 밧줄.

해가 따뜻하게 비췄어요.

갑자기 잎이 떨어짐.

갑자기 벌이 윙윙.

수탉이 울었어요.

모두 만족하며 집에 감.

호기심은 기적으로."
864,엠마: 소풍,"어느 저녁, 알록 시장에 — 이상한 소리. 엠마도 들었다.

꽃향기가 나요.

엠마, 호기심에 가까이 갔어요.

덩불 뒤에 — 엠마의 발견: 작은 등잔.

나비가 날았어요.

갑자기 나비가 춤을 추며 지나갔어요.

갑자기 잎이 떨어짐.

바람이 문을 움직였어요.

그렇게 두려움이 용기가 됐어요.

함께면 더 쉬워요."
865,미아: 경주,"어느 저녁, 오래된 우물가에 — 이상한 소리. 미아도 들었다.

나비가 날았어요.

미아, 용감하게 따랐아갔어요.

돌 뒤에 — 미아의 발견: 파란 병.

꽃향기가 나요.

갑자기 누군가가 웃었어요.

갑자기 개가 짖음.

관심 많은 고양이였어요.

끝에 모두 행복했어요.

진짜 친구는 항상 돕아요."
866,안나: 수수께끼,"어느 저녁, 놀이터에 — 이상한 소리. 안나도 들었다.

해가 따뜻하게 비췄어요.

안나, 호기심에 가까이 갔어요.

울타리 뒤에 — 안나의 발견: 노란 가방.

개울이 졸졸 흘렀어요.

갑자기 개가 짖음.

갑자기 개구리 울음.

나뭇가지가 떨어졌어요.

그렇게 하루가 완벽했음.

용기는 보상받아요."
867,미로: 선물,"어느 저녁, 파란 강에 — 이상한 소리. 미로도 들었다.

모두 조용하고 평화했어요.

미로, 용감하게 따랐아갔어요.

나무 뒤에 — 미로의 발견: 빨간 밧줄.

하늘이 파랬어요.

갑자기 노크 소리.

갑자기 큰 소리가 났어요.

고슴도치가 먹이를 찾아요.

모두 웃으며 집에 갔어요.

호기심은 기적으로."
868,핀와 큰 모험,"어느 저녁, 초록 초원에 — 이상한 소리. 핀도 들었다.

풀향기가 났어요.

핀, 호기심에 가까이 갔어요.

벽 뒤에 — 핀의 발견: 옷은 망원경.

새가 즐겁게 짖었어요.

갑자기 별똥이 떨어졌어요.

갑자기 누군가가 웃었어요.

바람이 문을 움직였어요.

모험은 잊지 못할 추억.

함께면 더 쉬워요."
869,노라와 비밀,"어느 저녁, 큰 떡갈나무 아래에 — 이상한 소리. 노라도 들었다.

새가 즐겁게 짖었어요.

노라, 용감하게 따랐아갔어요.

문 뒤에 — 노라의 발견: 작은 칼.

풀향기가 났어요.

갑자기 개구리 울음.

갑자기 별똥이 떨어졌어요.

관심 많은 고양이였어요.

모두 박수치며 기뻐함.

진짜 친구는 항상 도와요."
870,엠마의 가장 아름다운 날,"어느 저녁, 초록 공원에 — 이상한 소리. 엠마도 들었다.

하늘이 파랬어요.

엠마, 호기심에 가까이 갔어요.

덩불 뒤에 — 엠마의 발견: 따뜻한 담요.

모두 조용하고 평화했어요.

갑자기 벌이 윙윙.

갑자기 바람이 불었어요.

시계가 울렸어요.

그렇게 모험이 잘 끝났어요.

용기는 보상받아요."
871,미아: 보물,"어느 저녁, 옷은 숲에 — 이상한 소리. 미아도 들었다.

개울이 졸졸 흘렀어요.

미아, 용감하게 따랐아갔어요.

돌 뒤에 — 미아의 발견: 알록 지도.

해가 따뜻하게 비췄어요.

갑자기 바람이 불었어요.

갑자기 나비가 춤을 추며 지나갔어요.

수탉이 울었어요.

모두 만족하며 집에 감.

호기심은 기적으로."
872,안나: 비밀,"어느 저녁, 노란 들판에 — 이상한 소리. 안나도 들었다.

꽃향기가 나요.

안나, 호기심에 가까이 갔어요.

울타리 뒤에 — 안나의 발견: 오래된 동전.

나비가 날았어요.

갑자기 큰 소리가 났어요.

갑자기 노크 소리.

바람이 문을 움직였어요.

그렇게 두려움이 용기가 됐어요.

함께면 더 쉬워요."
873,미로: 계획,"어느 저녁, 작은 동네에 — 이상한 소리. 미로도 들었다.

나비가 날았어요.

미로, 용감하게 따랐아갔어요.

나무 뒤에 — 미로의 발견: 초록 밧줄.

꽃향기가 나요.

갑자기 잎이 떨어짐.

갑자기 벌이 윙윙.

관심 많은 고양이였어요.

끝에 모두 행복했어요.

진짜 친구는 항상 돕아요."
874,핀: 여행,"어느 저녁, 알록 시장에 — 이상한 소리. 핀도 들었다.

해가 따뜻하게 비췄어요.

핀, 호기심에 가까이 갔어요.

벽 뒤에 — 핀의 발견: 작은 등잔.

개울이 졸졸 흘렀어요.

갑자기 나비가 춤을 추며 지나갔어요.

갑자기 잎이 떨어짐.

나뭇가지가 떨어졌어요.

그렇게 하루가 완벽했음.

용기는 보상받아요."
875,노라: 발견,"어느 저녁, 오래된 우물가에 — 이상한 소리. 노라도 들었다.

모두 조용하고 평화했어요.

노라, 용감하게 따랐아갔어요.

문 뒤에 — 노라의 발견: 파란 병.

하늘이 파랬어요.

갑자기 누군가가 웃었어요.

갑자기 개가 짖음.

고슴도치가 먹이를 찾아요.

모두 웃으며 집에 갔어요.

호기심은 기적으로."
876,엠마: 놀라움,"어느 저녁, 놀이터에 — 이상한 소리. 엠마도 들었다.

풀향기가 났어요.

엠마, 호기심에 가까이 갔어요.

덩불 뒤에 — 엠마의 발견: 노란 가방.

새가 즐겁게 짖었어요.

갑자기 개가 짖음.

갑자기 개구리 울음.

바람이 문을 움직였어요.

모험은 잊지 못할 추억.

함께면 더 쉬워요."
877,미아: 소풍,"어느 저녁, 파란 강에 — 이상한 소리. 미아도 들었다.

새가 즐겁게 짖었어요.

미아, 용감하게 따랐아갔어요.

돌 뒤에 — 미아의 발견: 빨간 밧줄.

풀향기가 났어요.

갑자기 노크 소리.

갑자기 큰 소리가 났어요.

관심 많은 고양이였어요.

모두 박수치며 기뻐함.

진짜 친구는 항상 도와요."
878,안나: 경주,"어느 저녁, 초록 초원에 — 이상한 소리. 안나도 들었다.

하늘이 파랬어요.

안나, 호기심에 가까이 갔어요.

울타리 뒤에 — 안나의 발견: 옷은 망원경.

모두 조용하고 평화했어요.

갑자기 별똥이 떨어졌어요.

갑자기 누군가가 웃었어요.

시계가 울렸어요.

그렇게 모험이 잘 끝났어요.

용기는 보상받아요."
879,미로: 수수께끼,"어느 저녁, 큰 떡갈나무 아래에 — 이상한 소리. 미로도 들었다.

개울이 졸졸 흘렀어요.

미로, 용감하게 따랐아갔어요.

나무 뒤에 — 미로의 발견: 작은 칼.

해가 따뜻하게 비췄어요.

갑자기 개구리 울음.

갑자기 별똥이 떨어졌어요.

수탉이 울었어요.

모두 만족하며 집에 감.

호기심은 기적으로."
880,핀: 선물,"어느 저녁, 초록 공원에 — 이상한 소리. 핀도 들었다.

꽃향기가 나요.

핀, 호기심에 가까이 갔어요.

벽 뒤에 — 핀의 발견: 따뜻한 담요.

나비가 날았어요.

갑자기 벌이 윙윙.

갑자기 바람이 불었어요.

바람이 문을 움직였어요.

그렇게 두려움이 용기가 됐어요.

함께면 더 쉬워요."
881,노라와 큰 모험,"어느 저녁, 옷은 숲에 — 이상한 소리. 노라도 들었다.

나비가 날았어요.

노라, 용감하게 따랐아갔어요.

문 뒤에 — 노라의 발견: 알록 지도.

꽃향기가 나요.

갑자기 바람이 불었어요.

갑자기 나비가 춤을 추며 지나갔어요.

관심 많은 고양이였어요.

끝에 모두 행복했어요.

진짜 친구는 항상 돕아요."
882,엠마와 비밀,"어느 저녁, 노란 들판에 — 이상한 소리. 엠마도 들었다.

해가 따뜻하게 비췄어요.

엠마, 호기심에 가까이 갔어요.

덩불 뒤에 — 엠마의 발견: 오래된 동전.

개울이 졸졸 흘렀어요.

갑자기 큰 소리가 났어요.

갑자기 노크 소리.

나뭇가지가 떨어졌어요.

그렇게 하루가 완벽했음.

용기는 보상받아요."
883,미아의 가장 아름다운 날,"어느 저녁, 작은 동네에 — 이상한 소리. 미아도 들었다.

모두 조용하고 평화했어요.

미아, 용감하게 따랐아갔어요.

돌 뒤에 — 미아의 발견: 초록 밧줄.

하늘이 파랬어요.

갑자기 잎이 떨어짐.

갑자기 벌이 윙윙.

고슴도치가 먹이를 찾아요.

모두 웃으며 집에 갔어요.

호기심은 기적으로."
884,안나: 보물,"어느 저녁, 알록 시장에 — 이상한 소리. 안나도 들었다.

풀향기가 났어요.

안나, 호기심에 가까이 갔어요.

울타리 뒤에 — 안나의 발견: 작은 등잔.

새가 즐겁게 짖었어요.

갑자기 나비가 춤을 추며 지나갔어요.

갑자기 잎이 떨어짐.

바람이 문을 움직였어요.

모험은 잊지 못할 추억.

함께면 더 쉬워요."
885,미로: 비밀,"어느 저녁, 오래된 우물가에 — 이상한 소리. 미로도 들었다.

새가 즐겁게 짖었어요.

미로, 용감하게 따랐아갔어요.

나무 뒤에 — 미로의 발견: 파란 병.

풀향기가 났어요.

갑자기 누군가가 웃었어요.

갑자기 개가 짖음.

관심 많은 고양이였어요.

모두 박수치며 기뻐함.

진짜 친구는 항상 도와요."
886,핀: 계획,"어느 저녁, 놀이터에 — 이상한 소리. 핀도 들었다.

하늘이 파랬어요.

핀, 호기심에 가까이 갔어요.

벽 뒤에 — 핀의 발견: 노란 가방.

모두 조용하고 평화했어요.

갑자기 개가 짖음.

갑자기 개구리 울음.

시계가 울렸어요.

그렇게 모험이 잘 끝났어요.

용기는 보상받아요."
887,노라: 여행,"어느 저녁, 파란 강에 — 이상한 소리. 노라도 들었다.

개울이 졸졸 흘렀어요.

노라, 용감하게 따랐아갔어요.

문 뒤에 — 노라의 발견: 빨간 밧줄.

해가 따뜻하게 비췄어요.

갑자기 노크 소리.

갑자기 큰 소리가 났어요.

수탉이 울었어요.

모두 만족하며 집에 감.

호기심은 기적으로."
888,엠마: 발견,"어느 저녁, 초록 초원에 — 이상한 소리. 엠마도 들었다.

꽃향기가 나요.

엠마, 호기심에 가까이 갔어요.

덩불 뒤에 — 엠마의 발견: 옷은 망원경.

나비가 날았어요.

갑자기 별똥이 떨어졌어요.

갑자기 누군가가 웃었어요.

바람이 문을 움직였어요.

그렇게 두려움이 용기가 됐어요.

함께면 더 쉬워요."
889,미아: 놀라움,"어느 저녁, 큰 떡갈나무 아래에 — 이상한 소리. 미아도 들었다.

나비가 날았어요.

미아, 용감하게 따랐아갔어요.

돌 뒤에 — 미아의 발견: 작은 칼.

꽃향기가 나요.

갑자기 개구리 울음.

갑자기 별똥이 떨어졌어요.

관심 많은 고양이였어요.

끝에 모두 행복했어요.

진짜 친구는 항상 돕아요."
890,안나: 소풍,"어느 저녁, 초록 공원에 — 이상한 소리. 안나도 들었다.

해가 따뜻하게 비췄어요.

안나, 호기심에 가까이 갔어요.

울타리 뒤에 — 안나의 발견: 따뜻한 담요.

개울이 졸졸 흘렀어요.

갑자기 벌이 윙윙.

갑자기 바람이 불었어요.

나뭇가지가 떨어졌어요.

그렇게 하루가 완벽했음.

용기는 보상받아요."
891,미로: 경주,"어느 저녁, 옷은 숲에 — 이상한 소리. 미로도 들었다.

모두 조용하고 평화했어요.

미로, 용감하게 따랐아갔어요.

나무 뒤에 — 미로의 발견: 알록 지도.

하늘이 파랬어요.

갑자기 바람이 불었어요.

갑자기 나비가 춤을 추며 지나갔어요.

고슴도치가 먹이를 찾아요.

모두 웃으며 집에 갔어요.

호기심은 기적으로."
892,핀: 수수께끼,"어느 저녁, 노란 들판에 — 이상한 소리. 핀도 들었다.

풀향기가 났어요.

핀, 호기심에 가까이 갔어요.

벽 뒤에 — 핀의 발견: 오래된 동전.

새가 즐겁게 짖었어요.

갑자기 큰 소리가 났어요.

갑자기 노크 소리.

바람이 문을 움직였어요.

모험은 잊지 못할 추억.

함께면 더 쉬워요."
893,노라: 선물,"어느 저녁, 작은 동네에 — 이상한 소리. 노라도 들었다.

새가 즐겁게 짖었어요.

노라, 용감하게 따랐아갔어요.

문 뒤에 — 노라의 발견: 초록 밧줄.

풀향기가 났어요.

갑자기 잎이 떨어짐.

갑자기 벌이 윙윙.

관심 많은 고양이였어요.

모두 박수치며 기뻐함.

진짜 친구는 항상 도와요."
894,엠마와 큰 모험,"어느 저녁, 알록 시장에 — 이상한 소리. 엠마도 들었다.

하늘이 파랬어요.

엠마, 호기심에 가까이 갔어요.

덩불 뒤에 — 엠마의 발견: 작은 등잔.

모두 조용하고 평화했어요.

갑자기 나비가 춤을 추며 지나갔어요.

갑자기 잎이 떨어짐.

시계가 울렸어요.

그렇게 모험이 잘 끝났어요.

용기는 보상받아요."
895,미아와 비밀,"어느 저녁, 오래된 우물가에 — 이상한 소리. 미아도 들었다.

개울이 졸졸 흘렀어요.

미아, 용감하게 따랐아갔어요.

돌 뒤에 — 미아의 발견: 파란 병.

해가 따뜻하게 비췄어요.

갑자기 누군가가 웃었어요.

갑자기 개가 짖음.

수탉이 울었어요.

모두 만족하며 집에 감.

호기심은 기적으로."
896,안나의 가장 아름다운 날,"어느 저녁, 놀이터에 — 이상한 소리. 안나도 들었다.

꽃향기가 나요.

안나, 호기심에 가까이 갔어요.

울타리 뒤에 — 안나의 발견: 노란 가방.

나비가 날았어요.

갑자기 개가 짖음.

갑자기 개구리 울음.

바람이 문을 움직였어요.

그렇게 두려움이 용기가 됐어요.

함께면 더 쉬워요."
897,미로: 보물,"어느 저녁, 파란 강에 — 이상한 소리. 미로도 들었다.

나비가 날았어요.

미로, 용감하게 따랐아갔어요.

나무 뒤에 — 미로의 발견: 빨간 밧줄.

꽃향기가 나요.

갑자기 노크 소리.

갑자기 큰 소리가 났어요.

관심 많은 고양이였어요.

끝에 모두 행복했어요.

진짜 친구는 항상 돕아요."
898,핀: 비밀,"어느 저녁, 초록 초원에 — 이상한 소리. 핀도 들었다.

해가 따뜻하게 비췄어요.

핀, 호기심에 가까이 갔어요.

벽 뒤에 — 핀의 발견: 옷은 망원경.

개울이 졸졸 흘렀어요.

갑자기 별똥이 떨어졌어요.

갑자기 누군가가 웃었어요.

나뭇가지가 떨어졌어요.

그렇게 하루가 완벽했음.

용기는 보상받아요."
899,노라: 계획,"어느 저녁, 큰 떡갈나무 아래에 — 이상한 소리. 노라도 들었다.

모두 조용하고 평화했어요.

노라, 용감하게 따랐아갔어요.

문 뒤에 — 노라의 발견: 작은 칼.

하늘이 파랬어요.

갑자기 개구리 울음.

갑자기 별똥이 떨어졌어요.

고슴도치가 먹이를 찾아요.

모두 웃으며 집에 갔어요.

호기심은 기적으로."
900,엠마: 여행,"어느 저녁, 초록 공원에 — 이상한 소리. 엠마도 들었다.

풀향기가 났어요.

엠마, 호기심에 가까이 갔어요.

덩불 뒤에 — 엠마의 발견: 따뜻한 담요.

새가 즐겁게 짖었어요.

갑자기 벌이 윙윙.

갑자기 바람이 불었어요.

바람이 문을 움직였어요.

모험은 잊지 못할 추억.

함께면 더 쉬워요."
901,미아: 발견,"어느 저녁, 옷은 숲에 — 이상한 소리. 미아도 들었다.

새가 즐겁게 짖었어요.

미아, 용감하게 따랐아갔어요.

돌 뒤에 — 미아의 발견: 알록 지도.

풀향기가 났어요.

갑자기 바람이 불었어요.

갑자기 나비가 춤을 추며 지나갔어요.

관심 많은 고양이였어요.

모두 박수치며 기뻐함.

진짜 친구는 항상 도와요."
902,안나: 놀라움,"어느 저녁, 노란 들판에 — 이상한 소리. 안나도 들었다.

하늘이 파랬어요.

안나, 호기심에 가까이 갔어요.

울타리 뒤에 — 안나의 발견: 오래된 동전.

모두 조용하고 평화했어요.

갑자기 큰 소리가 났어요.

갑자기 노크 소리.

시계가 울렸어요.

그렇게 모험이 잘 끝났어요.

용기는 보상받아요."
903,미로: 소풍,"어느 저녁, 작은 동네에 — 이상한 소리. 미로도 들었다.

개울이 졸졸 흘렀어요.

미로, 용감하게 따랐아갔어요.

나무 뒤에 — 미로의 발견: 초록 밧줄.

해가 따뜻하게 비췄어요.

갑자기 잎이 떨어짐.

갑자기 벌이 윙윙.

수탉이 울었어요.

모두 만족하며 집에 감.

호기심은 기적으로."
904,핀: 경주,"어느 저녁, 알록 시장에 — 이상한 소리. 핀도 들었다.

꽃향기가 나요.

핀, 호기심에 가까이 갔어요.

벽 뒤에 — 핀의 발견: 작은 등잔.

나비가 날았어요.

갑자기 나비가 춤을 추며 지나갔어요.

갑자기 잎이 떨어짐.

바람이 문을 움직였어요.

그렇게 두려움이 용기가 됐어요.

함께면 더 쉬워요."
905,노라: 수수께끼,"어느 저녁, 오래된 우물가에 — 이상한 소리. 노라도 들었다.

나비가 날았어요.

노라, 용감하게 따랐아갔어요.

문 뒤에 — 노라의 발견: 파란 병.

꽃향기가 나요.

갑자기 누군가가 웃었어요.

갑자기 개가 짖음.

관심 많은 고양이였어요.

끝에 모두 행복했어요.

진짜 친구는 항상 돕아요."
906,엠마: 선물,"어느 저녁, 놀이터에 — 이상한 소리. 엠마도 들었다.

해가 따뜻하게 비췄어요.

엠마, 호기심에 가까이 갔어요.

덩불 뒤에 — 엠마의 발견: 노란 가방.

개울이 졸졸 흘렀어요.

갑자기 개가 짖음.

갑자기 개구리 울음.

나뭇가지가 떨어졌어요.

그렇게 하루가 완벽했음.

용기는 보상받아요."
907,미아와 큰 모험,"어느 저녁, 파란 강에 — 이상한 소리. 미아도 들었다.

모두 조용하고 평화했어요.

미아, 용감하게 따랐아갔어요.

돌 뒤에 — 미아의 발견: 빨간 밧줄.

하늘이 파랬어요.

갑자기 노크 소리.

갑자기 큰 소리가 났어요.

고슴도치가 먹이를 찾아요.

모두 웃으며 집에 갔어요.

호기심은 기적으로."
908,안나와 비밀,"어느 저녁, 초록 초원에 — 이상한 소리. 안나도 들었다.

풀향기가 났어요.

안나, 호기심에 가까이 갔어요.

울타리 뒤에 — 안나의 발견: 옷은 망원경.

새가 즐겁게 짖었어요.

갑자기 별똥이 떨어졌어요.

갑자기 누군가가 웃었어요.

바람이 문을 움직였어요.

모험은 잊지 못할 추억.

함께면 더 쉬워요."
909,미로의 가장 아름다운 날,"어느 저녁, 큰 떡갈나무 아래에 — 이상한 소리. 미로도 들었다.

새가 즐겁게 짖었어요.

미로, 용감하게 따랐아갔어요.

나무 뒤에 — 미로의 발견: 작은 칼.

풀향기가 났어요.

갑자기 개구리 울음.

갑자기 별똥이 떨어졌어요.

관심 많은 고양이였어요.

모두 박수치며 기뻐함.

진짜 친구는 항상 도와요."
910,핀: 보물,"어느 저녁, 초록 공원에 — 이상한 소리. 핀도 들었다.

하늘이 파랬어요.

핀, 호기심에 가까이 갔어요.

벽 뒤에 — 핀의 발견: 따뜻한 담요.

모두 조용하고 평화했어요.

갑자기 벌이 윙윙.

갑자기 바람이 불었어요.

시계가 울렸어요.

그렇게 모험이 잘 끝났어요.

용기는 보상받아요."
911,노라: 비밀,"어느 저녁, 옷은 숲에 — 이상한 소리. 노라도 들었다.

개울이 졸졸 흘렀어요.

노라, 용감하게 따랐아갔어요.

문 뒤에 — 노라의 발견: 알록 지도.

해가 따뜻하게 비췄어요.

갑자기 바람이 불었어요.

갑자기 나비가 춤을 추며 지나갔어요.

수탉이 울었어요.

모두 만족하며 집에 감.

호기심은 기적으로."
912,엠마: 계획,"어느 저녁, 노란 들판에 — 이상한 소리. 엠마도 들었다.

꽃향기가 나요.

엠마, 호기심에 가까이 갔어요.

덩불 뒤에 — 엠마의 발견: 오래된 동전.

나비가 날았어요.

갑자기 큰 소리가 났어요.

갑자기 노크 소리.

바람이 문을 움직였어요.

그렇게 두려움이 용기가 됐어요.

함께면 더 쉬워요."
913,미아: 여행,"어느 저녁, 작은 동네에 — 이상한 소리. 미아도 들었다.

나비가 날았어요.

미아, 용감하게 따랐아갔어요.

돌 뒤에 — 미아의 발견: 초록 밧줄.

꽃향기가 나요.

갑자기 잎이 떨어짐.

갑자기 벌이 윙윙.

관심 많은 고양이였어요.

끝에 모두 행복했어요.

진짜 친구는 항상 돕아요."
914,안나: 발견,"어느 저녁, 알록 시장에 — 이상한 소리. 안나도 들었다.

해가 따뜻하게 비췄어요.

안나, 호기심에 가까이 갔어요.

울타리 뒤에 — 안나의 발견: 작은 등잔.

개울이 졸졸 흘렀어요.

갑자기 나비가 춤을 추며 지나갔어요.

갑자기 잎이 떨어짐.

나뭇가지가 떨어졌어요.

그렇게 하루가 완벽했음.

용기는 보상받아요."
915,미로: 놀라움,"어느 저녁, 오래된 우물가에 — 이상한 소리. 미로도 들었다.

모두 조용하고 평화했어요.

미로, 용감하게 따랐아갔어요.

나무 뒤에 — 미로의 발견: 파란 병.

하늘이 파랬어요.

갑자기 누군가가 웃었어요.

갑자기 개가 짖음.

고슴도치가 먹이를 찾아요.

모두 웃으며 집에 갔어요.

호기심은 기적으로."
916,핀: 소풍,"어느 저녁, 놀이터에 — 이상한 소리. 핀도 들었다.

풀향기가 났어요.

핀, 호기심에 가까이 갔어요.

벽 뒤에 — 핀의 발견: 노란 가방.

새가 즐겁게 짖었어요.

갑자기 개가 짖음.

갑자기 개구리 울음.

바람이 문을 움직였어요.

모험은 잊지 못할 추억.

함께면 더 쉬워요."
917,노라: 경주,"어느 저녁, 파란 강에 — 이상한 소리. 노라도 들었다.

새가 즐겁게 짖었어요.

노라, 용감하게 따랐아갔어요.

문 뒤에 — 노라의 발견: 빨간 밧줄.

풀향기가 났어요.

갑자기 노크 소리.

갑자기 큰 소리가 났어요.

관심 많은 고양이였어요.

모두 박수치며 기뻐함.

진짜 친구는 항상 도와요."
918,엠마: 수수께끼,"어느 저녁, 초록 초원에 — 이상한 소리. 엠마도 들었다.

하늘이 파랬어요.

엠마, 호기심에 가까이 갔어요.

덩불 뒤에 — 엠마의 발견: 옷은 망원경.

모두 조용하고 평화했어요.

갑자기 별똥이 떨어졌어요.

갑자기 누군가가 웃었어요.

시계가 울렸어요.

그렇게 모험이 잘 끝났어요.

용기는 보상받아요."
919,미아: 선물,"어느 저녁, 큰 떡갈나무 아래에 — 이상한 소리. 미아도 들었다.

개울이 졸졸 흘렀어요.

미아, 용감하게 따랐아갔어요.

돌 뒤에 — 미아의 발견: 작은 칼.

해가 따뜻하게 비췄어요.

갑자기 개구리 울음.

갑자기 별똥이 떨어졌어요.

수탉이 울었어요.

모두 만족하며 집에 감.

호기심은 기적으로."
920,안나와 큰 모험,"어느 저녁, 초록 공원에 — 이상한 소리. 안나도 들었다.

꽃향기가 나요.

안나, 호기심에 가까이 갔어요.

울타리 뒤에 — 안나의 발견: 따뜻한 담요.

나비가 날았어요.

갑자기 벌이 윙윙.

갑자기 바람이 불었어요.

바람이 문을 움직였어요.

그렇게 두려움이 용기가 됐어요.

함께면 더 쉬워요."
921,미로와 비밀,"어느 저녁, 옷은 숲에 — 이상한 소리. 미로도 들었다.

나비가 날았어요.

미로, 용감하게 따랐아갔어요.

나무 뒤에 — 미로의 발견: 알록 지도.

꽃향기가 나요.

갑자기 바람이 불었어요.

갑자기 나비가 춤을 추며 지나갔어요.

관심 많은 고양이였어요.

끝에 모두 행복했어요.

진짜 친구는 항상 돕아요."
922,핀의 가장 아름다운 날,"어느 저녁, 노란 들판에 — 이상한 소리. 핀도 들었다.

해가 따뜻하게 비췄어요.

핀, 호기심에 가까이 갔어요.

벽 뒤에 — 핀의 발견: 오래된 동전.

개울이 졸졸 흘렀어요.

갑자기 큰 소리가 났어요.

갑자기 노크 소리.

나뭇가지가 떨어졌어요.

그렇게 하루가 완벽했음.

용기는 보상받아요."
923,노라: 보물,"어느 저녁, 작은 동네에 — 이상한 소리. 노라도 들었다.

모두 조용하고 평화했어요.

노라, 용감하게 따랐아갔어요.

문 뒤에 — 노라의 발견: 초록 밧줄.

하늘이 파랬어요.

갑자기 잎이 떨어짐.

갑자기 벌이 윙윙.

고슴도치가 먹이를 찾아요.

모두 웃으며 집에 갔어요.

호기심은 기적으로."
924,엠마: 비밀,"어느 저녁, 알록 시장에 — 이상한 소리. 엠마도 들었다.

풀향기가 났어요.

엠마, 호기심에 가까이 갔어요.

덩불 뒤에 — 엠마의 발견: 작은 등잔.

새가 즐겁게 짖었어요.

갑자기 나비가 춤을 추며 지나갔어요.

갑자기 잎이 떨어짐.

바람이 문을 움직였어요.

모험은 잊지 못할 추억.

함께면 더 쉬워요."
925,미아: 계획,"어느 저녁, 오래된 우물가에 — 이상한 소리. 미아도 들었다.

새가 즐겁게 짖었어요.

미아, 용감하게 따랐아갔어요.

돌 뒤에 — 미아의 발견: 파란 병.

풀향기가 났어요.

갑자기 누군가가 웃었어요.

갑자기 개가 짖음.

관심 많은 고양이였어요.

모두 박수치며 기뻐함.

진짜 친구는 항상 도와요."
926,안나: 여행,"어느 저녁, 놀이터에 — 이상한 소리. 안나도 들었다.

하늘이 파랬어요.

안나, 호기심에 가까이 갔어요.

울타리 뒤에 — 안나의 발견: 노란 가방.

모두 조용하고 평화했어요.

갑자기 개가 짖음.

갑자기 개구리 울음.

시계가 울렸어요.

그렇게 모험이 잘 끝났어요.

용기는 보상받아요."
927,미로: 발견,"어느 저녁, 파란 강에 — 이상한 소리. 미로도 들었다.

개울이 졸졸 흘렀어요.

미로, 용감하게 따랐아갔어요.

나무 뒤에 — 미로의 발견: 빨간 밧줄.

해가 따뜻하게 비췄어요.

갑자기 노크 소리.

갑자기 큰 소리가 났어요.

수탉이 울었어요.

모두 만족하며 집에 감.

호기심은 기적으로."
928,핀: 놀라움,"어느 저녁, 초록 초원에 — 이상한 소리. 핀도 들었다.

꽃향기가 나요.

핀, 호기심에 가까이 갔어요.

벽 뒤에 — 핀의 발견: 옷은 망원경.

나비가 날았어요.

갑자기 별똥이 떨어졌어요.

갑자기 누군가가 웃었어요.

바람이 문을 움직였어요.

그렇게 두려움이 용기가 됐어요.

함께면 더 쉬워요."
929,노라: 소풍,"어느 저녁, 큰 떡갈나무 아래에 — 이상한 소리. 노라도 들었다.

나비가 날았어요.

노라, 용감하게 따랐아갔어요.

문 뒤에 — 노라의 발견: 작은 칼.

꽃향기가 나요.

갑자기 개구리 울음.

갑자기 별똥이 떨어졌어요.

관심 많은 고양이였어요.

끝에 모두 행복했어요.

진짜 친구는 항상 돕아요."
930,엠마: 경주,"어느 저녁, 초록 공원에 — 이상한 소리. 엠마도 들었다.

해가 따뜻하게 비췄어요.

엠마, 호기심에 가까이 갔어요.

덩불 뒤에 — 엠마의 발견: 따뜻한 담요.

개울이 졸졸 흘렀어요.

갑자기 벌이 윙윙.

갑자기 바람이 불었어요.

나뭇가지가 떨어졌어요.

그렇게 하루가 완벽했음.

용기는 보상받아요."
931,미아: 수수께끼,"어느 저녁, 옷은 숲에 — 이상한 소리. 미아도 들었다.

모두 조용하고 평화했어요.

미아, 용감하게 따랐아갔어요.

돌 뒤에 — 미아의 발견: 알록 지도.

하늘이 파랬어요.

갑자기 바람이 불었어요.

갑자기 나비가 춤을 추며 지나갔어요.

고슴도치가 먹이를 찾아요.

모두 웃으며 집에 갔어요.

호기심은 기적으로."
932,안나: 선물,"어느 저녁, 노란 들판에 — 이상한 소리. 안나도 들었다.

풀향기가 났어요.

안나, 호기심에 가까이 갔어요.

울타리 뒤에 — 안나의 발견: 오래된 동전.

새가 즐겁게 짖었어요.

갑자기 큰 소리가 났어요.

갑자기 노크 소리.

바람이 문을 움직였어요.

모험은 잊지 못할 추억.

함께면 더 쉬워요."
933,미로와 큰 모험,"어느 저녁, 작은 동네에 — 이상한 소리. 미로도 들었다.

새가 즐겁게 짖었어요.

미로, 용감하게 따랐아갔어요.

나무 뒤에 — 미로의 발견: 초록 밧줄.

풀향기가 났어요.

갑자기 잎이 떨어짐.

갑자기 벌이 윙윙.

관심 많은 고양이였어요.

모두 박수치며 기뻐함.

진짜 친구는 항상 도와요."
934,핀와 비밀,"어느 저녁, 알록 시장에 — 이상한 소리. 핀도 들었다.

하늘이 파랬어요.

핀, 호기심에 가까이 갔어요.

벽 뒤에 — 핀의 발견: 작은 등잔.

모두 조용하고 평화했어요.

갑자기 나비가 춤을 추며 지나갔어요.

갑자기 잎이 떨어짐.

시계가 울렸어요.

그렇게 모험이 잘 끝났어요.

용기는 보상받아요."
935,노라의 가장 아름다운 날,"어느 저녁, 오래된 우물가에 — 이상한 소리. 노라도 들었다.

개울이 졸졸 흘렀어요.

노라, 용감하게 따랐아갔어요.

문 뒤에 — 노라의 발견: 파란 병.

해가 따뜻하게 비췄어요.

갑자기 누군가가 웃었어요.

갑자기 개가 짖음.

수탉이 울었어요.

모두 만족하며 집에 감.

호기심은 기적으로."
936,엠마: 보물,"어느 저녁, 놀이터에 — 이상한 소리. 엠마도 들었다.

꽃향기가 나요.

엠마, 호기심에 가까이 갔어요.

덩불 뒤에 — 엠마의 발견: 노란 가방.

나비가 날았어요.

갑자기 개가 짖음.

갑자기 개구리 울음.

바람이 문을 움직였어요.

그렇게 두려움이 용기가 됐어요.

함께면 더 쉬워요."
937,미아: 비밀,"어느 저녁, 파란 강에 — 이상한 소리. 미아도 들었다.

나비가 날았어요.

미아, 용감하게 따랐아갔어요.

돌 뒤에 — 미아의 발견: 빨간 밧줄.

꽃향기가 나요.

갑자기 노크 소리.

갑자기 큰 소리가 났어요.

관심 많은 고양이였어요.

끝에 모두 행복했어요.

진짜 친구는 항상 돕아요."
938,안나: 계획,"어느 저녁, 초록 초원에 — 이상한 소리. 안나도 들었다.

해가 따뜻하게 비췄어요.

안나, 호기심에 가까이 갔어요.

울타리 뒤에 — 안나의 발견: 옷은 망원경.

개울이 졸졸 흘렀어요.

갑자기 별똥이 떨어졌어요.

갑자기 누군가가 웃었어요.

나뭇가지가 떨어졌어요.

그렇게 하루가 완벽했음.

용기는 보상받아요."
939,미로: 여행,"어느 저녁, 큰 떡갈나무 아래에 — 이상한 소리. 미로도 들었다.

모두 조용하고 평화했어요.

미로, 용감하게 따랐아갔어요.

나무 뒤에 — 미로의 발견: 작은 칼.

하늘이 파랬어요.

갑자기 개구리 울음.

갑자기 별똥이 떨어졌어요.

고슴도치가 먹이를 찾아요.

모두 웃으며 집에 갔어요.

호기심은 기적으로."
940,핀: 발견,"어느 저녁, 초록 공원에 — 이상한 소리. 핀도 들었다.

풀향기가 났어요.

핀, 호기심에 가까이 갔어요.

벽 뒤에 — 핀의 발견: 따뜻한 담요.

새가 즐겁게 짖었어요.

갑자기 벌이 윙윙.

갑자기 바람이 불었어요.

바람이 문을 움직였어요.

모험은 잊지 못할 추억.

함께면 더 쉬워요."
941,핀: 놀라움,"어느 저녁, 파란 강에 — 이상한 소리. 핀도 들었다.

개울이 졸졸 흘렀어요.

핀, 호기심에 가까이 갔어요.

나무 뒤에 — 핀의 발견: 초록 밧줄.

꽃향기가 나요.

갑자기 잎이 떨어짐.

갑자기 나비가 춤을 추며 지나갔어요.

수탉이 울었어요.

끝에 모두 행복했어요.

진짜 친구는 항상 도와요."
942,노라: 소풍,"어느 저녁, 초록 초원에 — 이상한 소리. 노라도 들었다.

꽃향기가 나요.

노라, 용감하게 따랐아갔어요.

벽 뒤에 — 노라의 발견: 작은 등잔.

개울이 졸졸 흘렀어요.

갑자기 나비가 춤을 추며 지나갔어요.

갑자기 노크 소리.

바람이 문을 움직였어요.

그렇게 하루가 완벽했음.

용기는 보상받아요."
943,엠마: 경주,"어느 저녁, 큰 떡갈나무 아래에 — 이상한 소리. 엠마도 들었다.

나비가 날았어요.

엠마, 호기심에 가까이 갔어요.

문 뒤에 — 엠마의 발견: 파란 병.

하늘이 파랬어요.

갑자기 누군가가 웃었어요.

갑자기 벌이 윙윙.

관심 많은 고양이였어요.

모두 웃으며 집에 갔어요.

호기심은 기적으로."
944,미아: 수수께끼,"어느 저녁, 초록 공원에 — 이상한 소리. 미아도 들었다.

해가 따뜻하게 비췄어요.

미아, 용감하게 따랐아갔어요.

덩불 뒤에 — 미아의 발견: 노란 가방.

새가 즐겁게 짖었어요.

갑자기 개가 짖음.

갑자기 잎이 떨어짐.

나뭇가지가 떨어졌어요.

모험은 잊지 못할 추억.

함께면 더 쉬워요."
945,안나: 선물,"어느 저녁, 옷은 숲에 — 이상한 소리. 안나도 들었다.

모두 조용하고 평화했어요.

안나, 호기심에 가까이 갔어요.

돌 뒤에 — 안나의 발견: 빨간 밧줄.

풀향기가 났어요.

갑자기 노크 소리.

갑자기 개가 짖음.

고슴도치가 먹이를 찾아요.

모두 박수치며 기뻐함.

진짜 친구는 항상 돕아요."
946,미로와 큰 모험,"어느 저녁, 노란 들판에 — 이상한 소리. 미로도 들었다.

풀향기가 났어요.

미로, 용감하게 따랐아갔어요.

울타리 뒤에 — 미로의 발견: 옷은 망원경.

모두 조용하고 평화했어요.

갑자기 별똥이 떨어졌어요.

갑자기 개구리 울음.

바람이 문을 움직였어요.

그렇게 모험이 잘 끝났어요.

용기는 보상받아요."
947,핀와 비밀,"어느 저녁, 작은 동네에 — 이상한 소리. 핀도 들었다.

새가 즐겁게 짖었어요.

핀, 호기심에 가까이 갔어요.

나무 뒤에 — 핀의 발견: 작은 칼.

해가 따뜻하게 비췄어요.

갑자기 개구리 울음.

갑자기 큰 소리가 났어요.

관심 많은 고양이였어요.

모두 만족하며 집에 감.

호기심은 기적으로."
948,노라의 가장 아름다운 날,"어느 저녁, 알록 시장에 — 이상한 소리. 노라도 들었다.

하늘이 파랬어요.

노라, 용감하게 따랐아갔어요.

벽 뒤에 — 노라의 발견: 따뜻한 담요.

나비가 날았어요.

갑자기 벌이 윙윙.

갑자기 누군가가 웃었어요.

시계가 울렸어요.

그렇게 두려움이 용기가 됐어요.

함께면 더 쉬워요."
949,엠마: 보물,"어느 저녁, 오래된 우물가에 — 이상한 소리. 엠마도 들었다.

개울이 졸졸 흘렀어요.

엠마, 호기심에 가까이 갔어요.

문 뒤에 — 엠마의 발견: 알록 지도.

꽃향기가 나요.

갑자기 바람이 불었어요.

갑자기 별똥이 떨어졌어요.

수탉이 울었어요.

끝에 모두 행복했어요.

진짜 친구는 항상 도와요."
950,미아: 비밀,"어느 저녁, 놀이터에 — 이상한 소리. 미아도 들었다.

꽃향기가 나요.

미아, 용감하게 따랐아갔어요.

덩불 뒤에 — 미아의 발견: 오래된 동전.

개울이 졸졸 흘렀어요.

갑자기 큰 소리가 났어요.

갑자기 바람이 불었어요.

바람이 문을 움직였어요.

그렇게 하루가 완벽했음.

용기는 보상받아요."
951,안나: 계획,"어느 저녁, 파란 강에 — 이상한 소리. 안나도 들었다.

나비가 날았어요.

안나, 호기심에 가까이 갔어요.

돌 뒤에 — 안나의 발견: 초록 밧줄.

하늘이 파랬어요.

갑자기 잎이 떨어짐.

갑자기 나비가 춤을 추며 지나갔어요.

관심 많은 고양이였어요.

모두 웃으며 집에 갔어요.

호기심은 기적으로."
952,미로: 여행,"어느 저녁, 초록 초원에 — 이상한 소리. 미로도 들었다.

해가 따뜻하게 비췄어요.

미로, 용감하게 따랐아갔어요.

울타리 뒤에 — 미로의 발견: 작은 등잔.

새가 즐겁게 짖었어요.

갑자기 나비가 춤을 추며 지나갔어요.

갑자기 노크 소리.

나뭇가지가 떨어졌어요.

모험은 잊지 못할 추억.

함께면 더 쉬워요."
953,핀: 발견,"어느 저녁, 큰 떡갈나무 아래에 — 이상한 소리. 핀도 들었다.

모두 조용하고 평화했어요.

핀, 호기심에 가까이 갔어요.

나무 뒤에 — 핀의 발견: 파란 병.

풀향기가 났어요.

갑자기 누군가가 웃었어요.

갑자기 벌이 윙윙.

고슴도치가 먹이를 찾아요.

모두 박수치며 기뻐함.

진짜 친구는 항상 돕아요."
954,노라: 놀라움,"어느 저녁, 초록 공원에 — 이상한 소리. 노라도 들었다.

풀향기가 났어요.

노라, 용감하게 따랐아갔어요.

벽 뒤에 — 노라의 발견: 노란 가방.

모두 조용하고 평화했어요.

갑자기 개가 짖음.

갑자기 잎이 떨어짐.

바람이 문을 움직였어요.

그렇게 모험이 잘 끝났어요.

용기는 보상받아요."
955,엠마: 소풍,"어느 저녁, 옷은 숲에 — 이상한 소리. 엠마도 들었다.

새가 즐겁게 짖었어요.

엠마, 호기심에 가까이 갔어요.

문 뒤에 — 엠마의 발견: 빨간 밧줄.

해가 따뜻하게 비췄어요.

갑자기 노크 소리.

갑자기 개가 짖음.

관심 많은 고양이였어요.

모두 만족하며 집에 감.

호기심은 기적으로."
956,미아: 경주,"어느 저녁, 노란 들판에 — 이상한 소리. 미아도 들었다.

하늘이 파랬어요.

미아, 용감하게 따랐아갔어요.

덩불 뒤에 — 미아의 발견: 옷은 망원경.

나비가 날았어요.

갑자기 별똥이 떨어졌어요.

갑자기 개구리 울음.

시계가 울렸어요.

그렇게 두려움이 용기가 됐어요.

함께면 더 쉬워요."
957,안나: 수수께끼,"어느 저녁, 작은 동네에 — 이상한 소리. 안나도 들었다.

개울이 졸졸 흘렀어요.

안나, 호기심에 가까이 갔어요.

돌 뒤에 — 안나의 발견: 작은 칼.

꽃향기가 나요.

갑자기 개구리 울음.

갑자기 큰 소리가 났어요.

수탉이 울었어요.

끝에 모두 행복했어요.

진짜 친구는 항상 도와요."
958,미로: 선물,"어느 저녁, 알록 시장에 — 이상한 소리. 미로도 들었다.

꽃향기가 나요.

미로, 용감하게 따랐아갔어요.

울타리 뒤에 — 미로의 발견: 따뜻한 담요.

개울이 졸졸 흘렀어요.

갑자기 벌이 윙윙.

갑자기 누군가가 웃었어요.

바람이 문을 움직였어요.

그렇게 하루가 완벽했음.

용기는 보상받아요."
959,핀와 큰 모험,"어느 저녁, 오래된 우물가에 — 이상한 소리. 핀도 들었다.

나비가 날았어요.

핀, 호기심에 가까이 갔어요.

나무 뒤에 — 핀의 발견: 알록 지도.

하늘이 파랬어요.

갑자기 바람이 불었어요.

갑자기 별똥이 떨어졌어요.

관심 많은 고양이였어요.

모두 웃으며 집에 갔어요.

호기심은 기적으로."
960,노라와 비밀,"어느 저녁, 놀이터에 — 이상한 소리. 노라도 들었다.

해가 따뜻하게 비췄어요.

노라, 용감하게 따랐아갔어요.

벽 뒤에 — 노라의 발견: 오래된 동전.

새가 즐겁게 짖었어요.

갑자기 큰 소리가 났어요.

갑자기 바람이 불었어요.

나뭇가지가 떨어졌어요.

모험은 잊지 못할 추억.

함께면 더 쉬워요."
961,엠마의 가장 아름다운 날,"어느 저녁, 파란 강에 — 이상한 소리. 엠마도 들었다.

모두 조용하고 평화했어요.

엠마, 호기심에 가까이 갔어요.

문 뒤에 — 엠마의 발견: 초록 밧줄.

풀향기가 났어요.

갑자기 잎이 떨어짐.

갑자기 나비가 춤을 추며 지나갔어요.

고슴도치가 먹이를 찾아요.

모두 박수치며 기뻐함.

진짜 친구는 항상 돕아요."
962,미아: 보물,"어느 저녁, 초록 초원에 — 이상한 소리. 미아도 들었다.

풀향기가 났어요.

미아, 용감하게 따랐아갔어요.

덩불 뒤에 — 미아의 발견: 작은 등잔.

모두 조용하고 평화했어요.

갑자기 나비가 춤을 추며 지나갔어요.

갑자기 노크 소리.

바람이 문을 움직였어요.

그렇게 모험이 잘 끝났어요.

용기는 보상받아요."
963,안나: 비밀,"어느 저녁, 큰 떡갈나무 아래에 — 이상한 소리. 안나도 들었다.

새가 즐겁게 짖었어요.

안나, 호기심에 가까이 갔어요.

돌 뒤에 — 안나의 발견: 파란 병.

해가 따뜻하게 비췄어요.

갑자기 누군가가 웃었어요.

갑자기 벌이 윙윙.

관심 많은 고양이였어요.

모두 만족하며 집에 감.

호기심은 기적으로."
964,미로: 계획,"어느 저녁, 초록 공원에 — 이상한 소리. 미로도 들었다.

하늘이 파랬어요.

미로, 용감하게 따랐아갔어요.

울타리 뒤에 — 미로의 발견: 노란 가방.

나비가 날았어요.

갑자기 개가 짖음.

갑자기 잎이 떨어짐.

시계가 울렸어요.

그렇게 두려움이 용기가 됐어요.

함께면 더 쉬워요."
965,핀: 여행,"어느 저녁, 옷은 숲에 — 이상한 소리. 핀도 들었다.

개울이 졸졸 흘렀어요.

핀, 호기심에 가까이 갔어요.

나무 뒤에 — 핀의 발견: 빨간 밧줄.

꽃향기가 나요.

갑자기 노크 소리.

갑자기 개가 짖음.

수탉이 울었어요.

끝에 모두 행복했어요.

진짜 친구는 항상 도와요."
966,노라: 발견,"어느 저녁, 노란 들판에 — 이상한 소리. 노라도 들었다.

꽃향기가 나요.

노라, 용감하게 따랐아갔어요.

벽 뒤에 — 노라의 발견: 옷은 망원경.

개울이 졸졸 흘렀어요.

갑자기 별똥이 떨어졌어요.

갑자기 개구리 울음.

바람이 문을 움직였어요.

그렇게 하루가 완벽했음.

용기는 보상받아요."
967,엠마: 놀라움,"어느 저녁, 작은 동네에 — 이상한 소리. 엠마도 들었다.

나비가 날았어요.

엠마, 호기심에 가까이 갔어요.

문 뒤에 — 엠마의 발견: 작은 칼.

하늘이 파랬어요.

갑자기 개구리 울음.

갑자기 큰 소리가 났어요.

관심 많은 고양이였어요.

모두 웃으며 집에 갔어요.

호기심은 기적으로."
968,미아: 소풍,"어느 저녁, 알록 시장에 — 이상한 소리. 미아도 들었다.

해가 따뜻하게 비췄어요.

미아, 용감하게 따랐아갔어요.

덩불 뒤에 — 미아의 발견: 따뜻한 담요.

새가 즐겁게 짖었어요.

갑자기 벌이 윙윙.

갑자기 누군가가 웃었어요.

나뭇가지가 떨어졌어요.

모험은 잊지 못할 추억.

함께면 더 쉬워요."
969,안나: 경주,"어느 저녁, 오래된 우물가에 — 이상한 소리. 안나도 들었다.

모두 조용하고 평화했어요.

안나, 호기심에 가까이 갔어요.

돌 뒤에 — 안나의 발견: 알록 지도.

풀향기가 났어요.

갑자기 바람이 불었어요.

갑자기 별똥이 떨어졌어요.

고슴도치가 먹이를 찾아요.

모두 박수치며 기뻐함.

진짜 친구는 항상 돕아요."
970,미로: 수수께끼,"어느 저녁, 놀이터에 — 이상한 소리. 미로도 들었다.

풀향기가 났어요.

미로, 용감하게 따랐아갔어요.

울타리 뒤에 — 미로의 발견: 오래된 동전.

모두 조용하고 평화했어요.

갑자기 큰 소리가 났어요.

갑자기 바람이 불었어요.

바람이 문을 움직였어요.

그렇게 모험이 잘 끝났어요.

용기는 보상받아요."
971,핀: 선물,"어느 저녁, 파란 강에 — 이상한 소리. 핀도 들었다.

새가 즐겁게 짖었어요.

핀, 호기심에 가까이 갔어요.

나무 뒤에 — 핀의 발견: 초록 밧줄.

해가 따뜻하게 비췄어요.

갑자기 잎이 떨어짐.

갑자기 나비가 춤을 추며 지나갔어요.

관심 많은 고양이였어요.

모두 만족하며 집에 감.

호기심은 기적으로."
972,노라와 큰 모험,"어느 저녁, 초록 초원에 — 이상한 소리. 노라도 들었다.

하늘이 파랬어요.

노라, 용감하게 따랐아갔어요.

벽 뒤에 — 노라의 발견: 작은 등잔.

나비가 날았어요.

갑자기 나비가 춤을 추며 지나갔어요.

갑자기 노크 소리.

시계가 울렸어요.

그렇게 두려움이 용기가 됐어요.

함께면 더 쉬워요."
973,엠마와 비밀,"어느 저녁, 큰 떡갈나무 아래에 — 이상한 소리. 엠마도 들었다.

개울이 졸졸 흘렀어요.

엠마, 호기심에 가까이 갔어요.

문 뒤에 — 엠마의 발견: 파란 병.

꽃향기가 나요.

갑자기 누군가가 웃었어요.

갑자기 벌이 윙윙.

수탉이 울었어요.

끝에 모두 행복했어요.

진짜 친구는 항상 도와요."
974,미아의 가장 아름다운 날,"어느 저녁, 초록 공원에 — 이상한 소리. 미아도 들었다.

꽃향기가 나요.

미아, 용감하게 따랐아갔어요.

덩불 뒤에 — 미아의 발견: 노란 가방.

개울이 졸졸 흘렀어요.

갑자기 개가 짖음.

갑자기 잎이 떨어짐.

바람이 문을 움직였어요.

그렇게 하루가 완벽했음.

용기는 보상받아요."
975,안나: 보물,"어느 저녁, 옷은 숲에 — 이상한 소리. 안나도 들었다.

나비가 날았어요.

안나, 호기심에 가까이 갔어요.

돌 뒤에 — 안나의 발견: 빨간 밧줄.

하늘이 파랬어요.

갑자기 노크 소리.

갑자기 개가 짖음.

관심 많은 고양이였어요.

모두 웃으며 집에 갔어요.

호기심은 기적으로."
976,미로: 비밀,"어느 저녁, 노란 들판에 — 이상한 소리. 미로도 들었다.

해가 따뜻하게 비췄어요.

미로, 용감하게 따랐아갔어요.

울타리 뒤에 — 미로의 발견: 옷은 망원경.

새가 즐겁게 짖었어요.

갑자기 별똥이 떨어졌어요.

갑자기 개구리 울음.

나뭇가지가 떨어졌어요.

모험은 잊지 못할 추억.

함께면 더 쉬워요."
977,핀: 계획,"어느 저녁, 작은 동네에 — 이상한 소리. 핀도 들었다.

모두 조용하고 평화했어요.

핀, 호기심에 가까이 갔어요.

나무 뒤에 — 핀의 발견: 작은 칼.

풀향기가 났어요.

갑자기 개구리 울음.

갑자기 큰 소리가 났어요.

고슴도치가 먹이를 찾아요.

모두 박수치며 기뻐함.

진짜 친구는 항상 돕아요."
978,노라: 여행,"어느 저녁, 알록 시장에 — 이상한 소리. 노라도 들었다.

풀향기가 났어요.

노라, 용감하게 따랐아갔어요.

벽 뒤에 — 노라의 발견: 따뜻한 담요.

모두 조용하고 평화했어요.

갑자기 벌이 윙윙.

갑자기 누군가가 웃었어요.

바람이 문을 움직였어요.

그렇게 모험이 잘 끝났어요.

용기는 보상받아요."
979,엠마: 발견,"어느 저녁, 오래된 우물가에 — 이상한 소리. 엠마도 들었다.

새가 즐겁게 짖었어요.

엠마, 호기심에 가까이 갔어요.

문 뒤에 — 엠마의 발견: 알록 지도.

해가 따뜻하게 비췄어요.

갑자기 바람이 불었어요.

갑자기 별똥이 떨어졌어요.

관심 많은 고양이였어요.

모두 만족하며 집에 감.

호기심은 기적으로."
980,미아: 놀라움,"어느 저녁, 놀이터에 — 이상한 소리. 미아도 들었다.

하늘이 파랬어요.

미아, 용감하게 따랐아갔어요.

덩불 뒤에 — 미아의 발견: 오래된 동전.

나비가 날았어요.

갑자기 큰 소리가 났어요.

갑자기 바람이 불었어요.

시계가 울렸어요.

그렇게 두려움이 용기가 됐어요.

함께면 더 쉬워요."
981,안나: 소풍,"어느 저녁, 파란 강에 — 이상한 소리. 안나도 들었다.

개울이 졸졸 흘렀어요.

안나, 호기심에 가까이 갔어요.

돌 뒤에 — 안나의 발견: 초록 밧줄.

꽃향기가 나요.

갑자기 잎이 떨어짐.

갑자기 나비가 춤을 추며 지나갔어요.

수탉이 울었어요.

끝에 모두 행복했어요.

진짜 친구는 항상 도와요."
982,미로: 경주,"어느 저녁, 초록 초원에 — 이상한 소리. 미로도 들었다.

꽃향기가 나요.

미로, 용감하게 따랐아갔어요.

울타리 뒤에 — 미로의 발견: 작은 등잔.

개울이 졸졸 흘렀어요.

갑자기 나비가 춤을 추며 지나갔어요.

갑자기 노크 소리.

바람이 문을 움직였어요.

그렇게 하루가 완벽했음.

용기는 보상받아요."
983,핀: 수수께끼,"어느 저녁, 큰 떡갈나무 아래에 — 이상한 소리. 핀도 들었다.

나비가 날았어요.

핀, 호기심에 가까이 갔어요.

나무 뒤에 — 핀의 발견: 파란 병.

하늘이 파랬어요.

갑자기 누군가가 웃었어요.

갑자기 벌이 윙윙.

관심 많은 고양이였어요.

모두 웃으며 집에 갔어요.

호기심은 기적으로."
984,노라: 선물,"어느 저녁, 초록 공원에 — 이상한 소리. 노라도 들었다.

해가 따뜻하게 비췄어요.

노라, 용감하게 따랐아갔어요.

벽 뒤에 — 노라의 발견: 노란 가방.

새가 즐겁게 짖었어요.

갑자기 개가 짖음.

갑자기 잎이 떨어짐.

나뭇가지가 떨어졌어요.

모험은 잊지 못할 추억.

함께면 더 쉬워요."
985,엠마와 큰 모험,"어느 저녁, 옷은 숲에 — 이상한 소리. 엠마도 들었다.

모두 조용하고 평화했어요.

엠마, 호기심에 가까이 갔어요.

문 뒤에 — 엠마의 발견: 빨간 밧줄.

풀향기가 났어요.

갑자기 노크 소리.

갑자기 개가 짖음.

고슴도치가 먹이를 찾아요.

모두 박수치며 기뻐함.

진짜 친구는 항상 돕아요."
986,미아와 비밀,"어느 저녁, 노란 들판에 — 이상한 소리. 미아도 들었다.

풀향기가 났어요.

미아, 용감하게 따랐아갔어요.

덩불 뒤에 — 미아의 발견: 옷은 망원경.

모두 조용하고 평화했어요.

갑자기 별똥이 떨어졌어요.

갑자기 개구리 울음.

바람이 문을 움직였어요.

그렇게 모험이 잘 끝났어요.

용기는 보상받아요."
987,안나의 가장 아름다운 날,"어느 저녁, 작은 동네에 — 이상한 소리. 안나도 들었다.

새가 즐겁게 짖었어요.

안나, 호기심에 가까이 갔어요.

돌 뒤에 — 안나의 발견: 작은 칼.

해가 따뜻하게 비췄어요.

갑자기 개구리 울음.

갑자기 큰 소리가 났어요.

관심 많은 고양이였어요.

모두 만족하며 집에 감.

호기심은 기적으로."
988,미로: 보물,"어느 저녁, 알록 시장에 — 이상한 소리. 미로도 들었다.

하늘이 파랬어요.

미로, 용감하게 따랐아갔어요.

울타리 뒤에 — 미로의 발견: 따뜻한 담요.

나비가 날았어요.

갑자기 벌이 윙윙.

갑자기 누군가가 웃었어요.

시계가 울렸어요.

그렇게 두려움이 용기가 됐어요.

함께면 더 쉬워요."
989,핀: 비밀,"어느 저녁, 오래된 우물가에 — 이상한 소리. 핀도 들었다.

개울이 졸졸 흘렀어요.

핀, 호기심에 가까이 갔어요.

나무 뒤에 — 핀의 발견: 알록 지도.

꽃향기가 나요.

갑자기 바람이 불었어요.

갑자기 별똥이 떨어졌어요.

수탉이 울었어요.

끝에 모두 행복했어요.

진짜 친구는 항상 도와요."
990,노라: 계획,"어느 저녁, 놀이터에 — 이상한 소리. 노라도 들었다.

꽃향기가 나요.

노라, 용감하게 따랐아갔어요.

벽 뒤에 — 노라의 발견: 오래된 동전.

개울이 졸졸 흘렀어요.

갑자기 큰 소리가 났어요.

갑자기 바람이 불었어요.

바람이 문을 움직였어요.

그렇게 하루가 완벽했음.

용기는 보상받아요."
991,엠마: 여행,"어느 저녁, 파란 강에 — 이상한 소리. 엠마도 들었다.

나비가 날았어요.

엠마, 호기심에 가까이 갔어요.

문 뒤에 — 엠마의 발견: 초록 밧줄.

하늘이 파랬어요.

갑자기 잎이 떨어짐.

갑자기 나비가 춤을 추며 지나갔어요.

관심 많은 고양이였어요.

모두 웃으며 집에 갔어요.

호기심은 기적으로."
992,미아: 발견,"어느 저녁, 초록 초원에 — 이상한 소리. 미아도 들었다.

해가 따뜻하게 비췄어요.

미아, 용감하게 따랐아갔어요.

덩불 뒤에 — 미아의 발견: 작은 등잔.

새가 즐겁게 짖었어요.

갑자기 나비가 춤을 추며 지나갔어요.

갑자기 노크 소리.

나뭇가지가 떨어졌어요.

모험은 잊지 못할 추억.

함께면 더 쉬워요."
993,안나: 놀라움,"어느 저녁, 큰 떡갈나무 아래에 — 이상한 소리. 안나도 들었다.

모두 조용하고 평화했어요.

안나, 호기심에 가까이 갔어요.

돌 뒤에 — 안나의 발견: 파란 병.

풀향기가 났어요.

갑자기 누군가가 웃었어요.

갑자기 벌이 윙윙.

고슴도치가 먹이를 찾아요.

모두 박수치며 기뻐함.

진짜 친구는 항상 돕아요."
994,미로: 소풍,"어느 저녁, 초록 공원에 — 이상한 소리. 미로도 들었다.

풀향기가 났어요.

미로, 용감하게 따랐아갔어요.

울타리 뒤에 — 미로의 발견: 노란 가방.

모두 조용하고 평화했어요.

갑자기 개가 짖음.

갑자기 잎이 떨어짐.

바람이 문을 움직였어요.

그렇게 모험이 잘 끝났어요.

용기는 보상받아요."
995,핀: 경주,"어느 저녁, 옷은 숲에 — 이상한 소리. 핀도 들었다.

새가 즐겁게 짖었어요.

핀, 호기심에 가까이 갔어요.

나무 뒤에 — 핀의 발견: 빨간 밧줄.

해가 따뜻하게 비췄어요.

갑자기 노크 소리.

갑자기 개가 짖음.

관심 많은 고양이였어요.

모두 만족하며 집에 감.

호기심은 기적으로."
996,노라: 수수께끼,"어느 저녁, 노란 들판에 — 이상한 소리. 노라도 들었다.

하늘이 파랬어요.

노라, 용감하게 따랐아갔어요.

벽 뒤에 — 노라의 발견: 옷은 망원경.

나비가 날았어요.

갑자기 별똥이 떨어졌어요.

갑자기 개구리 울음.

시계가 울렸어요.

그렇게 두려움이 용기가 됐어요.

함께면 더 쉬워요."
997,엠마: 선물,"어느 저녁, 작은 동네에 — 이상한 소리. 엠마도 들었다.

개울이 졸졸 흘렀어요.

엠마, 호기심에 가까이 갔어요.

문 뒤에 — 엠마의 발견: 작은 칼.

꽃향기가 나요.

갑자기 개구리 울음.

갑자기 큰 소리가 났어요.

수탉이 울었어요.

끝에 모두 행복했어요.

진짜 친구는 항상 도와요."
998,미아와 큰 모험,"어느 저녁, 알록 시장에 — 이상한 소리. 미아도 들었다.

꽃향기가 나요.

미아, 용감하게 따랐아갔어요.

덩불 뒤에 — 미아의 발견: 따뜻한 담요.

개울이 졸졸 흘렀어요.

갑자기 벌이 윙윙.

갑자기 누군가가 웃었어요.

바람이 문을 움직였어요.

그렇게 하루가 완벽했음.

용기는 보상받아요."
999,안나와 비밀,"어느 저녁, 오래된 우물가에 — 이상한 소리. 안나도 들었다.

나비가 날았어요.

안나, 호기심에 가까이 갔어요.

돌 뒤에 — 안나의 발견: 알록 지도.

하늘이 파랬어요.

갑자기 바람이 불었어요.

갑자기 별똥이 떨어졌어요.

관심 많은 고양이였어요.

모두 웃으며 집에 갔어요.

호기심은 기적으로."
1000,미로의 가장 아름다운 날,"어느 저녁, 놀이터에 — 이상한 소리. 미로도 들었다.

해가 따뜻하게 비췄어요.

미로, 용감하게 따랐아갔어요.

울타리 뒤에 — 미로의 발견: 오래된 동전.

새가 즐겁게 짖었어요.

갑자기 큰 소리가 났어요.

갑자기 바람이 불었어요.

나뭇가지가 떨어졌어요.

모험은 잊지 못할 추억.

함께면 더 쉬워요."
