id,title,text
1,Milo und das große Abenteuer,"Milo, ein neugieriger Junge, lebte in einem kleinen Dorf.

Die Sonne schien warm.

Eines Tages wollte Milo den Wald erkunden.

Aber der Weg war versperrt.

Oma Lina, die alles weiß, kam dazu.

Zusammen schaffen wir das!

Gemeinsam nahmen sie das alte Fernglas mit.

Unterwegs sangen sie ein Lied.

Unterwegs lachten sie viel.

Plötzlich raschelte es laut.

Am Ende waren alle glücklich.

Wahre Freunde helfen immer."
2,Lena und das Geheimnis,"Lena, die gerne malt, lebte auf dem bunten Markt.

Schmetterlinge flogen umher.

Eines Tages wollte Lena die Insel entdecken.

Aber es fing an zu regnen.

Oma Lina, die alles weiß, kam dazu.

Keine Angst, ich helfe dir.

Gemeinsam nahmen sie das kleine Messer mit.

Unterwegs spielten sie fröhlich.

Unterwegs rasteten sie eine Weile.

Plötzlich quakte ein Frosch.

Das Abenteuer blieb unvergessen.

Geduld bringt Glück."
3,Finns schönster Tag,"Finn, ein kleiner Träumer, lebte am alten Brunnen.

Es duftete nach Blumen.

Eines Tages wollte Finn die Höhle finden.

Aber die Karte war weg.

Oma Lina, die alles weiß, kam dazu.

Ich komme mit!

Gemeinsam nahmen sie eine warme Decke mit.

Unterwegs plauderten sie zusammen.

Unterwegs sangen sie zusammen.

Plötzlich bellte ein Hund.

Alle gingen zufrieden heim.

Neugier führt zu Wundern."
4,Pippa und der Schatz,"Pippa, eine mutige Maus, lebte auf dem Spielplatz.

Ein Bach plätscherte leise.

Eines Tages wollte Pippa den hohen Berg sehen.

Aber es wurde dunkel.

Oma Lina, die alles weiß, kam dazu.

Gut, dass ich da bin.

Gemeinsam nahmen sie eine bunte Karte mit.

Unterwegs spielten sie eine Weile.

Unterwegs tanzten sie fröhlich.

Plötzlich fiel ein Blatt.

So war der Tag perfekt.

Lachen hilft immer."
5,Nora und das Geheimnis,"Nora, die viele Fragen stellt, lebte am blauen Fluss.

Der Himmel war blau.

Eines Tages wollte Nora den Schatz suchen.

Aber der Fluss war zu tief.

Oma Lina, die alles weiß, kam dazu.

Zusammen schaffen wir das!

Gemeinsam nahmen sie eine alte Münze mit.

Unterwegs plauderten sie fröhlich.

Unterwegs spielten sie laut.

Plötzlich summte eine Biene.

Alle klatschten vor Freude.

Wer wagt, gewinnt."
6,Theo und der Plan,"Theo, ein fröhlicher Junge, lebte auf der grünen Wiese.

Vögel sangen lustig.

Eines Tages wollte Theo den See überqueren.

Aber ein Baum lag quer.

Oma Lina, die alles weiß, kam dazu.

Keine Angst, ich helfe dir.

Gemeinsam nahmen sie das grüne Seil mit.

Unterwegs spielten sie am Bach.

Unterwegs plauderten sie zusammen.

Plötzlich klopfte es.

So wurde aus Angst Mut.

Mut wird belohnt."
7,Emma und die Reise,"Emma, ein mutiges Mädchen, lebte bei der großen Eiche.

Es roch nach frischem Gras.

Eines Tages wollte Emma das Meer finden.

Aber der Wind war stark.

Oma Lina, die alles weiß, kam dazu.

Ich komme mit!

Gemeinsam nahmen sie die kleine Laterne mit.

Unterwegs plauderten sie eine Weile.

Unterwegs rasteten sie im Kreis.

Plötzlich tanzte ein Schmetterling vorbei.

Alle lachten und gingen heim.

Teilen macht Freude."
8,Paul und der Fund,"Paul, der gerne baut, lebte im grünen Park.

Alles war still und friedlich.

Eines Tages wollte Paul den Sternenhimmel sehen.

Aber es war neblig.

Herr Dachs, der Gärtner, kam dazu.

Gut, dass ich da bin.

Gemeinsam nahmen sie die blaue Flasche mit.

Unterwegs spielten sie im Kreis.

Unterwegs sangen sie eine Weile.

Plötzlich kam Wind auf.

So endete das Abenteuer gut.

Zusammen ist alles leichter."
9,Mia und die Entdeckung,"Mia, eine kleine Sängerin, lebte im alten Wald.

Die Sonne schien warm.

Eines Tages wollte Mia den Turm besteigen.

Aber die Brücke war kaputt.

Herr Dachs, der Gärtner, kam dazu.

Zusammen schaffen wir das!

Gemeinsam nahmen sie die gelbe Tasche mit.

Unterwegs plauderten sie am Bach.

Unterwegs tanzten sie am Bach.

Plötzlich fiel eine Sternschnuppe.

Am Ende waren alle glücklich.

Wahre Freunde helfen immer."
10,Leo und der Ausflug,"Leo, der Tiere liebt, lebte im gelben Feld.

Schmetterlinge flogen umher.

Eines Tages wollte Leo das alte Schloss besuchen.

Aber ein Hund bellte laut.

Herr Dachs, der Gärtner, kam dazu.

Keine Angst, ich helfe dir.

Gemeinsam nahmen sie das rote Seil mit.

Unterwegs spielten sie laut.

Unterwegs lachten sie fröhlich.

Plötzlich lachte jemand.

Das Abenteuer blieb unvergessen.

Geduld bringt Glück."
11,Anna und der Wettkampf,"Anna, die schnell denkt, lebte in einem kleinen Dorf.

Es duftete nach Blumen.

Eines Tages wollte Anna den Wald erkunden.

Aber der Weg war versperrt.

Herr Dachs, der Gärtner, kam dazu.

Ich komme mit!

Gemeinsam nahmen sie das alte Fernglas mit.

Unterwegs plauderten sie im Kreis.

Unterwegs plauderten sie eine Weile.

Plötzlich raschelte es laut.

Alle gingen zufrieden heim.

Neugier führt zu Wundern."
12,Max und das Rätsel,"Max, ein fröhlicher Junge, lebte auf dem bunten Markt.

Ein Bach plätscherte leise.

Eines Tages wollte Max die Insel entdecken.

Aber es fing an zu regnen.

Herr Dachs, der Gärtner, kam dazu.

Gut, dass ich da bin.

Gemeinsam nahmen sie das kleine Messer mit.

Unterwegs lachten sie zusammen.

Unterwegs spielten sie zusammen.

Plötzlich quakte ein Frosch.

So war der Tag perfekt.

Lachen hilft immer."
13,Milo und die Überraschung,"Milo, ein neugieriger Junge, lebte am alten Brunnen.

Der Himmel war blau.

Eines Tages wollte Milo die Höhle finden.

Aber die Karte war weg.

Herr Dachs, der Gärtner, kam dazu.

Zusammen schaffen wir das!

Gemeinsam nahmen sie eine warme Decke mit.

Unterwegs plauderten sie laut.

Unterwegs sangen sie im Kreis.

Plötzlich bellte ein Hund.

Alle klatschten vor Freude.

Wer wagt, gewinnt."
14,Lena und das große Abenteuer,"Lena, die gerne malt, lebte auf dem Spielplatz.

Vögel sangen lustig.

Eines Tages wollte Lena den hohen Berg sehen.

Aber es wurde dunkel.

Herr Dachs, der Gärtner, kam dazu.

Keine Angst, ich helfe dir.

Gemeinsam nahmen sie eine bunte Karte mit.

Unterwegs lachten sie fröhlich.

Unterwegs tanzten sie laut.

Plötzlich fiel ein Blatt.

So wurde aus Angst Mut.

Mut wird belohnt."
15,Finn und das Geheimnis,"Finn, ein kleiner Träumer, lebte am blauen Fluss.

Es roch nach frischem Gras.

Eines Tages wollte Finn den Schatz suchen.

Aber der Fluss war zu tief.

Tante Mira, die lustige Nachbarin, kam dazu.

Ich komme mit!

Gemeinsam nahmen sie eine alte Münze mit.

Unterwegs tanzten sie zusammen.

Unterwegs lachten sie am Bach.

Plötzlich summte eine Biene.

Alle lachten und gingen heim.

Teilen macht Freude."
16,Pippas schönster Tag,"Pippa, eine mutige Maus, lebte auf der grünen Wiese.

Alles war still und friedlich.

Eines Tages wollte Pippa den See überqueren.

Aber ein Baum lag quer.

Tante Mira, die lustige Nachbarin, kam dazu.

Gut, dass ich da bin.

Gemeinsam nahmen sie das grüne Seil mit.

Unterwegs lachten sie eine Weile.

Unterwegs plauderten sie im Kreis.

Plötzlich klopfte es.

So endete das Abenteuer gut.

Zusammen ist alles leichter."
17,Nora und der Schatz,"Nora, die viele Fragen stellt, lebte bei der großen Eiche.

Die Sonne schien warm.

Eines Tages wollte Nora das Meer finden.

Aber der Wind war stark.

Tante Mira, die lustige Nachbarin, kam dazu.

Zusammen schaffen wir das!

Gemeinsam nahmen sie die kleine Laterne mit.

Unterwegs tanzten sie fröhlich.

Unterwegs spielten sie eine Weile.

Plötzlich tanzte ein Schmetterling vorbei.

Am Ende waren alle glücklich.

Wahre Freunde helfen immer."
18,Theo und das Geheimnis,"Theo, ein fröhlicher Junge, lebte im grünen Park.

Schmetterlinge flogen umher.

Eines Tages wollte Theo den Sternenhimmel sehen.

Aber es war neblig.

Tante Mira, die lustige Nachbarin, kam dazu.

Keine Angst, ich helfe dir.

Gemeinsam nahmen sie die blaue Flasche mit.

Unterwegs lachten sie am Bach.

Unterwegs erzählten sie Geschichten.

Plötzlich kam Wind auf.

Das Abenteuer blieb unvergessen.

Geduld bringt Glück."
19,Emma und der Plan,"Emma, ein mutiges Mädchen, lebte im alten Wald.

Es duftete nach Blumen.

Eines Tages wollte Emma den Turm besteigen.

Aber die Brücke war kaputt.

Tante Mira, die lustige Nachbarin, kam dazu.

Ich komme mit!

Gemeinsam nahmen sie die gelbe Tasche mit.

Unterwegs tanzten sie eine Weile.

Unterwegs rasteten sie fröhlich.

Plötzlich fiel eine Sternschnuppe.

Alle gingen zufrieden heim.

Neugier führt zu Wundern."
20,Paul und die Reise,"Paul, der gerne baut, lebte im gelben Feld.

Ein Bach plätscherte leise.

Eines Tages wollte Paul das alte Schloss besuchen.

Aber ein Hund bellte laut.

Tante Mira, die lustige Nachbarin, kam dazu.

Gut, dass ich da bin.

Gemeinsam nahmen sie das rote Seil mit.

Unterwegs lachten sie im Kreis.

Unterwegs lachten sie laut.

Plötzlich lachte jemand.

So war der Tag perfekt.

Lachen hilft immer."
21,Mia und der Fund,"Mia, eine kleine Sängerin, lebte in einem kleinen Dorf.

Der Himmel war blau.

Eines Tages wollte Mia den Wald erkunden.

Aber der Weg war versperrt.

Tante Mira, die lustige Nachbarin, kam dazu.

Zusammen schaffen wir das!

Gemeinsam nahmen sie das alte Fernglas mit.

Unterwegs tanzten sie am Bach.

Unterwegs tanzten sie zusammen.

Plötzlich raschelte es laut.

Alle klatschten vor Freude.

Wer wagt, gewinnt."
22,Leo und die Entdeckung,"Leo, der Tiere liebt, lebte auf dem bunten Markt.

Vögel sangen lustig.

Eines Tages wollte Leo die Insel entdecken.

Aber es fing an zu regnen.

Opa Karl, der alles repariert, kam dazu.

Keine Angst, ich helfe dir.

Gemeinsam nahmen sie das kleine Messer mit.

Unterwegs lachten sie laut.

Unterwegs spielten sie im Kreis.

Plötzlich quakte ein Frosch.

So wurde aus Angst Mut.

Mut wird belohnt."
23,Anna und der Ausflug,"Anna, die schnell denkt, lebte am alten Brunnen.

Es roch nach frischem Gras.

Eines Tages wollte Anna die Höhle finden.

Aber die Karte war weg.

Opa Karl, der alles repariert, kam dazu.

Ich komme mit!

Gemeinsam nahmen sie eine warme Decke mit.

Unterwegs tanzten sie im Kreis.

Unterwegs sangen sie ein Lied.

Plötzlich bellte ein Hund.

Alle lachten und gingen heim.

Teilen macht Freude."
24,Max und der Wettkampf,"Max, ein fröhlicher Junge, lebte auf dem Spielplatz.

Alles war still und friedlich.

Eines Tages wollte Max den hohen Berg sehen.

Aber es wurde dunkel.

Opa Karl, der alles repariert, kam dazu.

Gut, dass ich da bin.

Gemeinsam nahmen sie eine bunte Karte mit.

Unterwegs sangen sie zusammen.

Unterwegs rasteten sie am Bach.

Plötzlich fiel ein Blatt.

So endete das Abenteuer gut.

Zusammen ist alles leichter."
25,Milo und das Rätsel,"Milo, ein neugieriger Junge, lebte am blauen Fluss.

Die Sonne schien warm.

Eines Tages wollte Milo den Schatz suchen.

Aber der Fluss war zu tief.

Opa Karl, der alles repariert, kam dazu.

Zusammen schaffen wir das!

Gemeinsam nahmen sie eine alte Münze mit.

Unterwegs tanzten sie laut.

Unterwegs sangen sie fröhlich.

Plötzlich summte eine Biene.

Am Ende waren alle glücklich.

Wahre Freunde helfen immer."
26,Lena und die Überraschung,"Lena, die gerne malt, lebte auf der grünen Wiese.

Schmetterlinge flogen umher.

Eines Tages wollte Lena den See überqueren.

Aber ein Baum lag quer.

Opa Karl, der alles repariert, kam dazu.

Keine Angst, ich helfe dir.

Gemeinsam nahmen sie das grüne Seil mit.

Unterwegs sangen sie fröhlich.

Unterwegs tanzten sie eine Weile.

Plötzlich klopfte es.

Das Abenteuer blieb unvergessen.

Geduld bringt Glück."
27,Finn und das große Abenteuer,"Finn, ein kleiner Träumer, lebte bei der großen Eiche.

Es duftete nach Blumen.

Eines Tages wollte Finn das Meer finden.

Aber der Wind war stark.

Opa Karl, der alles repariert, kam dazu.

Ich komme mit!

Gemeinsam nahmen sie die kleine Laterne mit.

Unterwegs rasteten sie zusammen.

Unterwegs lachten sie zusammen.

Plötzlich tanzte ein Schmetterling vorbei.

Alle gingen zufrieden heim.

Neugier führt zu Wundern."
28,Pippa und das Geheimnis,"Pippa, eine mutige Maus, lebte im grünen Park.

Ein Bach plätscherte leise.

Eines Tages wollte Pippa den Sternenhimmel sehen.

Aber es war neblig.

Opa Karl, der alles repariert, kam dazu.

Gut, dass ich da bin.

Gemeinsam nahmen sie die blaue Flasche mit.

Unterwegs sangen sie eine Weile.

Unterwegs plauderten sie fröhlich.

Plötzlich kam Wind auf.

So war der Tag perfekt.

Lachen hilft immer."
29,Noras schönster Tag,"Nora, die viele Fragen stellt, lebte im alten Wald.

Der Himmel war blau.

Eines Tages wollte Nora den Turm besteigen.

Aber die Brücke war kaputt.

Frau Sonne, die Bäckerin, kam dazu.

Zusammen schaffen wir das!

Gemeinsam nahmen sie die gelbe Tasche mit.

Unterwegs rasteten sie fröhlich.

Unterwegs rasteten sie laut.

Plötzlich fiel eine Sternschnuppe.

Alle klatschten vor Freude.

Wer wagt, gewinnt."
30,Theo und der Schatz,"Theo, ein fröhlicher Junge, lebte im gelben Feld.

Vögel sangen lustig.

Eines Tages wollte Theo das alte Schloss besuchen.

Aber ein Hund bellte laut.

Frau Sonne, die Bäckerin, kam dazu.

Keine Angst, ich helfe dir.

Gemeinsam nahmen sie das rote Seil mit.

Unterwegs sangen sie am Bach.

Unterwegs sangen sie eine Weile.

Plötzlich lachte jemand.

So wurde aus Angst Mut.

Mut wird belohnt."
31,Emma und das Geheimnis,"Emma, ein mutiges Mädchen, lebte in einem kleinen Dorf.

Es roch nach frischem Gras.

Eines Tages wollte Emma den Wald erkunden.

Aber der Weg war versperrt.

Frau Sonne, die Bäckerin, kam dazu.

Ich komme mit!

Gemeinsam nahmen sie das alte Fernglas mit.

Unterwegs rasteten sie eine Weile.

Unterwegs tanzten sie im Kreis.

Plötzlich raschelte es laut.

Alle lachten und gingen heim.

Teilen macht Freude."
32,Paul und der Plan,"Paul, der gerne baut, lebte auf dem bunten Markt.

Alles war still und friedlich.

Eines Tages wollte Paul die Insel entdecken.

Aber es fing an zu regnen.

Frau Sonne, die Bäckerin, kam dazu.

Gut, dass ich da bin.

Gemeinsam nahmen sie das kleine Messer mit.

Unterwegs sangen sie im Kreis.

Unterwegs lachten sie eine Weile.

Plötzlich quakte ein Frosch.

So endete das Abenteuer gut.

Zusammen ist alles leichter."
33,Mia und die Reise,"Mia, eine kleine Sängerin, lebte am alten Brunnen.

Die Sonne schien warm.

Eines Tages wollte Mia die Höhle finden.

Aber die Karte war weg.

Frau Sonne, die Bäckerin, kam dazu.

Zusammen schaffen wir das!

Gemeinsam nahmen sie eine warme Decke mit.

Unterwegs rasteten sie am Bach.

Unterwegs plauderten sie am Bach.

Plötzlich bellte ein Hund.

Am Ende waren alle glücklich.

Wahre Freunde helfen immer."
34,Leo und der Fund,"Leo, der Tiere liebt, lebte auf dem Spielplatz.

Schmetterlinge flogen umher.

Eines Tages wollte Leo den hohen Berg sehen.

Aber es wurde dunkel.

Frau Sonne, die Bäckerin, kam dazu.

Keine Angst, ich helfe dir.

Gemeinsam nahmen sie eine bunte Karte mit.

Unterwegs sangen sie laut.

Unterwegs spielten sie fröhlich.

Plötzlich fiel ein Blatt.

Das Abenteuer blieb unvergessen.

Geduld bringt Glück."
35,Anna und die Entdeckung,"Anna, die schnell denkt, lebte am blauen Fluss.

Es duftete nach Blumen.

Eines Tages wollte Anna den Schatz suchen.

Aber der Fluss war zu tief.

Frau Sonne, die Bäckerin, kam dazu.

Ich komme mit!

Gemeinsam nahmen sie eine alte Münze mit.

Unterwegs rasteten sie im Kreis.

Unterwegs sangen sie laut.

Plötzlich summte eine Biene.

Alle gingen zufrieden heim.

Neugier führt zu Wundern."
36,Max und der Ausflug,"Max, ein fröhlicher Junge, lebte auf der grünen Wiese.

Ein Bach plätscherte leise.

Eines Tages wollte Max den See überqueren.

Aber ein Baum lag quer.

Herr Post, der Briefträger, kam dazu.

Gut, dass ich da bin.

Gemeinsam nahmen sie das grüne Seil mit.

Unterwegs erzählten sie Geschichten.

Unterwegs rasteten sie zusammen.

Plötzlich klopfte es.

So war der Tag perfekt.

Lachen hilft immer."
37,Milo und der Wettkampf,"Milo, ein neugieriger Junge, lebte bei der großen Eiche.

Der Himmel war blau.

Eines Tages wollte Milo das Meer finden.

Aber der Wind war stark.

Herr Post, der Briefträger, kam dazu.

Zusammen schaffen wir das!

Gemeinsam nahmen sie die kleine Laterne mit.

Unterwegs rasteten sie laut.

Unterwegs lachten sie im Kreis.

Plötzlich tanzte ein Schmetterling vorbei.

Alle klatschten vor Freude.

Wer wagt, gewinnt."
38,Lena und das Rätsel,"Lena, die gerne malt, lebte im grünen Park.

Vögel sangen lustig.

Eines Tages wollte Lena den Sternenhimmel sehen.

Aber es war neblig.

Herr Post, der Briefträger, kam dazu.

Keine Angst, ich helfe dir.

Gemeinsam nahmen sie die blaue Flasche mit.

Unterwegs lachten sie viel.

Unterwegs plauderten sie laut.

Plötzlich kam Wind auf.

So wurde aus Angst Mut.

Mut wird belohnt."
39,Finn und die Überraschung,"Finn, ein kleiner Träumer, lebte im alten Wald.

Es roch nach frischem Gras.

Eines Tages wollte Finn den Turm besteigen.

Aber die Brücke war kaputt.

Herr Post, der Briefträger, kam dazu.

Ich komme mit!

Gemeinsam nahmen sie die gelbe Tasche mit.

Unterwegs spielten sie zusammen.

Unterwegs spielten sie am Bach.

Plötzlich fiel eine Sternschnuppe.

Alle lachten und gingen heim.

Teilen macht Freude."
40,Pippa und das große Abenteuer,"Pippa, eine mutige Maus, lebte im gelben Feld.

Alles war still und friedlich.

Eines Tages wollte Pippa das alte Schloss besuchen.

Aber ein Hund bellte laut.

Herr Post, der Briefträger, kam dazu.

Gut, dass ich da bin.

Gemeinsam nahmen sie das rote Seil mit.

Unterwegs sangen sie ein Lied.

Unterwegs lachten sie viel.

Plötzlich lachte jemand.

So endete das Abenteuer gut.

Zusammen ist alles leichter."
41,Nora und das Geheimnis,"Nora, die viele Fragen stellt, lebte in einem kleinen Dorf.

Die Sonne schien warm.

Eines Tages wollte Nora den Wald erkunden.

Aber der Weg war versperrt.

Herr Post, der Briefträger, kam dazu.

Zusammen schaffen wir das!

Gemeinsam nahmen sie das alte Fernglas mit.

Unterwegs spielten sie fröhlich.

Unterwegs rasteten sie eine Weile.

Plötzlich raschelte es laut.

Am Ende waren alle glücklich.

Wahre Freunde helfen immer."
42,Theos schönster Tag,"Theo, ein fröhlicher Junge, lebte auf dem bunten Markt.

Schmetterlinge flogen umher.

Eines Tages wollte Theo die Insel entdecken.

Aber es fing an zu regnen.

Herr Post, der Briefträger, kam dazu.

Keine Angst, ich helfe dir.

Gemeinsam nahmen sie das kleine Messer mit.

Unterwegs plauderten sie zusammen.

Unterwegs sangen sie zusammen.

Plötzlich quakte ein Frosch.

Das Abenteuer blieb unvergessen.

Geduld bringt Glück."
43,Emma und der Schatz,"Emma, ein mutiges Mädchen, lebte am alten Brunnen.

Es duftete nach Blumen.

Eines Tages wollte Emma die Höhle finden.

Aber die Karte war weg.

Oma Lina, die alles weiß, kam dazu.

Ich komme mit!

Gemeinsam nahmen sie eine warme Decke mit.

Unterwegs spielten sie eine Weile.

Unterwegs tanzten sie fröhlich.

Plötzlich bellte ein Hund.

Alle gingen zufrieden heim.

Neugier führt zu Wundern."
44,Paul und das Geheimnis,"Paul, der gerne baut, lebte auf dem Spielplatz.

Ein Bach plätscherte leise.

Eines Tages wollte Paul den hohen Berg sehen.

Aber es wurde dunkel.

Oma Lina, die alles weiß, kam dazu.

Gut, dass ich da bin.

Gemeinsam nahmen sie eine bunte Karte mit.

Unterwegs plauderten sie fröhlich.

Unterwegs spielten sie laut.

Plötzlich fiel ein Blatt.

So war der Tag perfekt.

Lachen hilft immer."
45,Mia und der Plan,"Mia, eine kleine Sängerin, lebte am blauen Fluss.

Der Himmel war blau.

Eines Tages wollte Mia den Schatz suchen.

Aber der Fluss war zu tief.

Oma Lina, die alles weiß, kam dazu.

Zusammen schaffen wir das!

Gemeinsam nahmen sie eine alte Münze mit.

Unterwegs spielten sie am Bach.

Unterwegs plauderten sie zusammen.

Plötzlich summte eine Biene.

Alle klatschten vor Freude.

Wer wagt, gewinnt."
46,Leo und die Reise,"Leo, der Tiere liebt, lebte auf der grünen Wiese.

Vögel sangen lustig.

Eines Tages wollte Leo den See überqueren.

Aber ein Baum lag quer.

Oma Lina, die alles weiß, kam dazu.

Keine Angst, ich helfe dir.

Gemeinsam nahmen sie das grüne Seil mit.

Unterwegs plauderten sie eine Weile.

Unterwegs rasteten sie im Kreis.

Plötzlich klopfte es.

So wurde aus Angst Mut.

Mut wird belohnt."
47,Anna und der Fund,"Anna, die schnell denkt, lebte bei der großen Eiche.

Es roch nach frischem Gras.

Eines Tages wollte Anna das Meer finden.

Aber der Wind war stark.

Oma Lina, die alles weiß, kam dazu.

Ich komme mit!

Gemeinsam nahmen sie die kleine Laterne mit.

Unterwegs spielten sie im Kreis.

Unterwegs sangen sie eine Weile.

Plötzlich tanzte ein Schmetterling vorbei.

Alle lachten und gingen heim.

Teilen macht Freude."
48,Max und die Entdeckung,"Max, ein fröhlicher Junge, lebte im grünen Park.

Alles war still und friedlich.

Eines Tages wollte Max den Sternenhimmel sehen.

Aber es war neblig.

Oma Lina, die alles weiß, kam dazu.

Gut, dass ich da bin.

Gemeinsam nahmen sie die blaue Flasche mit.

Unterwegs plauderten sie am Bach.

Unterwegs tanzten sie am Bach.

Plötzlich kam Wind auf.

So endete das Abenteuer gut.

Zusammen ist alles leichter."
49,Milo und der Ausflug,"Milo, ein neugieriger Junge, lebte im alten Wald.

Die Sonne schien warm.

Eines Tages wollte Milo den Turm besteigen.

Aber die Brücke war kaputt.

Oma Lina, die alles weiß, kam dazu.

Zusammen schaffen wir das!

Gemeinsam nahmen sie die gelbe Tasche mit.

Unterwegs spielten sie laut.

Unterwegs lachten sie fröhlich.

Plötzlich fiel eine Sternschnuppe.

Am Ende waren alle glücklich.

Wahre Freunde helfen immer."
50,Lena und der Wettkampf,"Lena, die gerne malt, lebte im gelben Feld.

Schmetterlinge flogen umher.

Eines Tages wollte Lena das alte Schloss besuchen.

Aber ein Hund bellte laut.

Herr Dachs, der Gärtner, kam dazu.

Keine Angst, ich helfe dir.

Gemeinsam nahmen sie das rote Seil mit.

Unterwegs plauderten sie im Kreis.

Unterwegs plauderten sie eine Weile.

Plötzlich lachte jemand.

Das Abenteuer blieb unvergessen.

Geduld bringt Glück."
51,Finn und das Rätsel,"Finn, ein kleiner Träumer, lebte in einem kleinen Dorf.

Es duftete nach Blumen.

Eines Tages wollte Finn den Wald erkunden.

Aber der Weg war versperrt.

Herr Dachs, der Gärtner, kam dazu.

Ich komme mit!

Gemeinsam nahmen sie das alte Fernglas mit.

Unterwegs lachten sie zusammen.

Unterwegs spielten sie zusammen.

Plötzlich raschelte es laut.

Alle gingen zufrieden heim.

Neugier führt zu Wundern."
52,Pippa und die Überraschung,"Pippa, eine mutige Maus, lebte auf dem bunten Markt.

Ein Bach plätscherte leise.

Eines Tages wollte Pippa die Insel entdecken.

Aber es fing an zu regnen.

Herr Dachs, der Gärtner, kam dazu.

Gut, dass ich da bin.

Gemeinsam nahmen sie das kleine Messer mit.

Unterwegs plauderten sie laut.

Unterwegs sangen sie im Kreis.

Plötzlich quakte ein Frosch.

So war der Tag perfekt.

Lachen hilft immer."
53,Nora und das große Abenteuer,"Nora, die viele Fragen stellt, lebte am alten Brunnen.

Der Himmel war blau.

Eines Tages wollte Nora die Höhle finden.

Aber die Karte war weg.

Herr Dachs, der Gärtner, kam dazu.

Zusammen schaffen wir das!

Gemeinsam nahmen sie eine warme Decke mit.

Unterwegs lachten sie fröhlich.

Unterwegs tanzten sie laut.

Plötzlich bellte ein Hund.

Alle klatschten vor Freude.

Wer wagt, gewinnt."
54,Theo und das Geheimnis,"Theo, ein fröhlicher Junge, lebte auf dem Spielplatz.

Vögel sangen lustig.

Eines Tages wollte Theo den hohen Berg sehen.

Aber es wurde dunkel.

Herr Dachs, der Gärtner, kam dazu.

Keine Angst, ich helfe dir.

Gemeinsam nahmen sie eine bunte Karte mit.

Unterwegs tanzten sie zusammen.

Unterwegs lachten sie am Bach.

Plötzlich fiel ein Blatt.

So wurde aus Angst Mut.

Mut wird belohnt."
55,Emmas schönster Tag,"Emma, ein mutiges Mädchen, lebte am blauen Fluss.

Es roch nach frischem Gras.

Eines Tages wollte Emma den Schatz suchen.

Aber der Fluss war zu tief.

Herr Dachs, der Gärtner, kam dazu.

Ich komme mit!

Gemeinsam nahmen sie eine alte Münze mit.

Unterwegs lachten sie eine Weile.

Unterwegs plauderten sie im Kreis.

Plötzlich summte eine Biene.

Alle lachten und gingen heim.

Teilen macht Freude."
56,Paul und der Schatz,"Paul, der gerne baut, lebte auf der grünen Wiese.

Alles war still und friedlich.

Eines Tages wollte Paul den See überqueren.

Aber ein Baum lag quer.

Herr Dachs, der Gärtner, kam dazu.

Gut, dass ich da bin.

Gemeinsam nahmen sie das grüne Seil mit.

Unterwegs tanzten sie fröhlich.

Unterwegs spielten sie eine Weile.

Plötzlich klopfte es.

So endete das Abenteuer gut.

Zusammen ist alles leichter."
57,Mia und das Geheimnis,"Mia, eine kleine Sängerin, lebte bei der großen Eiche.

Die Sonne schien warm.

Eines Tages wollte Mia das Meer finden.

Aber der Wind war stark.

Tante Mira, die lustige Nachbarin, kam dazu.

Zusammen schaffen wir das!

Gemeinsam nahmen sie die kleine Laterne mit.

Unterwegs lachten sie am Bach.

Unterwegs erzählten sie Geschichten.

Plötzlich tanzte ein Schmetterling vorbei.

Am Ende waren alle glücklich.

Wahre Freunde helfen immer."
58,Leo und der Plan,"Leo, der Tiere liebt, lebte im grünen Park.

Schmetterlinge flogen umher.

Eines Tages wollte Leo den Sternenhimmel sehen.

Aber es war neblig.

Tante Mira, die lustige Nachbarin, kam dazu.

Keine Angst, ich helfe dir.

Gemeinsam nahmen sie die blaue Flasche mit.

Unterwegs tanzten sie eine Weile.

Unterwegs rasteten sie fröhlich.

Plötzlich kam Wind auf.

Das Abenteuer blieb unvergessen.

Geduld bringt Glück."
59,Anna und die Reise,"Anna, die schnell denkt, lebte im alten Wald.

Es duftete nach Blumen.

Eines Tages wollte Anna den Turm besteigen.

Aber die Brücke war kaputt.

Tante Mira, die lustige Nachbarin, kam dazu.

Ich komme mit!

Gemeinsam nahmen sie die gelbe Tasche mit.

Unterwegs lachten sie im Kreis.

Unterwegs lachten sie laut.

Plötzlich fiel eine Sternschnuppe.

Alle gingen zufrieden heim.

Neugier führt zu Wundern."
60,Max und der Fund,"Max, ein fröhlicher Junge, lebte im gelben Feld.

Ein Bach plätscherte leise.

Eines Tages wollte Max das alte Schloss besuchen.

Aber ein Hund bellte laut.

Tante Mira, die lustige Nachbarin, kam dazu.

Gut, dass ich da bin.

Gemeinsam nahmen sie das rote Seil mit.

Unterwegs tanzten sie am Bach.

Unterwegs tanzten sie zusammen.

Plötzlich lachte jemand.

So war der Tag perfekt.

Lachen hilft immer."
61,Milo und die Entdeckung,"Milo, ein neugieriger Junge, lebte in einem kleinen Dorf.

Der Himmel war blau.

Eines Tages wollte Milo den Wald erkunden.

Aber der Weg war versperrt.

Tante Mira, die lustige Nachbarin, kam dazu.

Zusammen schaffen wir das!

Gemeinsam nahmen sie das alte Fernglas mit.

Unterwegs lachten sie laut.

Unterwegs spielten sie im Kreis.

Plötzlich raschelte es laut.

Alle klatschten vor Freude.

Wer wagt, gewinnt."
62,Lena und der Ausflug,"Lena, die gerne malt, lebte auf dem bunten Markt.

Vögel sangen lustig.

Eines Tages wollte Lena die Insel entdecken.

Aber es fing an zu regnen.

Tante Mira, die lustige Nachbarin, kam dazu.

Keine Angst, ich helfe dir.

Gemeinsam nahmen sie das kleine Messer mit.

Unterwegs tanzten sie im Kreis.

Unterwegs sangen sie ein Lied.

Plötzlich quakte ein Frosch.

So wurde aus Angst Mut.

Mut wird belohnt."
63,Finn und der Wettkampf,"Finn, ein kleiner Träumer, lebte am alten Brunnen.

Es roch nach frischem Gras.

Eines Tages wollte Finn die Höhle finden.

Aber die Karte war weg.

Tante Mira, die lustige Nachbarin, kam dazu.

Ich komme mit!

Gemeinsam nahmen sie eine warme Decke mit.

Unterwegs sangen sie zusammen.

Unterwegs rasteten sie am Bach.

Plötzlich bellte ein Hund.

Alle lachten und gingen heim.

Teilen macht Freude."
64,Pippa und das Rätsel,"Pippa, eine mutige Maus, lebte auf dem Spielplatz.

Alles war still und friedlich.

Eines Tages wollte Pippa den hohen Berg sehen.

Aber es wurde dunkel.

Opa Karl, der alles repariert, kam dazu.

Gut, dass ich da bin.

Gemeinsam nahmen sie eine bunte Karte mit.

Unterwegs tanzten sie laut.

Unterwegs sangen sie fröhlich.

Plötzlich fiel ein Blatt.

So endete das Abenteuer gut.

Zusammen ist alles leichter."
65,Nora und die Überraschung,"Nora, die viele Fragen stellt, lebte am blauen Fluss.

Die Sonne schien warm.

Eines Tages wollte Nora den Schatz suchen.

Aber der Fluss war zu tief.

Opa Karl, der alles repariert, kam dazu.

Zusammen schaffen wir das!

Gemeinsam nahmen sie eine alte Münze mit.

Unterwegs sangen sie fröhlich.

Unterwegs tanzten sie eine Weile.

Plötzlich summte eine Biene.

Am Ende waren alle glücklich.

Wahre Freunde helfen immer."
66,Theo und das große Abenteuer,"Theo, ein fröhlicher Junge, lebte auf der grünen Wiese.

Schmetterlinge flogen umher.

Eines Tages wollte Theo den See überqueren.

Aber ein Baum lag quer.

Opa Karl, der alles repariert, kam dazu.

Keine Angst, ich helfe dir.

Gemeinsam nahmen sie das grüne Seil mit.

Unterwegs rasteten sie zusammen.

Unterwegs lachten sie zusammen.

Plötzlich klopfte es.

Das Abenteuer blieb unvergessen.

Geduld bringt Glück."
67,Emma und das Geheimnis,"Emma, ein mutiges Mädchen, lebte bei der großen Eiche.

Es duftete nach Blumen.

Eines Tages wollte Emma das Meer finden.

Aber der Wind war stark.

Opa Karl, der alles repariert, kam dazu.

Ich komme mit!

Gemeinsam nahmen sie die kleine Laterne mit.

Unterwegs sangen sie eine Weile.

Unterwegs plauderten sie fröhlich.

Plötzlich tanzte ein Schmetterling vorbei.

Alle gingen zufrieden heim.

Neugier führt zu Wundern."
68,Pauls schönster Tag,"Paul, der gerne baut, lebte im grünen Park.

Ein Bach plätscherte leise.

Eines Tages wollte Paul den Sternenhimmel sehen.

Aber es war neblig.

Opa Karl, der alles repariert, kam dazu.

Gut, dass ich da bin.

Gemeinsam nahmen sie die blaue Flasche mit.

Unterwegs rasteten sie fröhlich.

Unterwegs rasteten sie laut.

Plötzlich kam Wind auf.

So war der Tag perfekt.

Lachen hilft immer."
69,Mia und der Schatz,"Mia, eine kleine Sängerin, lebte im alten Wald.

Der Himmel war blau.

Eines Tages wollte Mia den Turm besteigen.

Aber die Brücke war kaputt.

Opa Karl, der alles repariert, kam dazu.

Zusammen schaffen wir das!

Gemeinsam nahmen sie die gelbe Tasche mit.

Unterwegs sangen sie am Bach.

Unterwegs sangen sie eine Weile.

Plötzlich fiel eine Sternschnuppe.

Alle klatschten vor Freude.

Wer wagt, gewinnt."
70,Leo und das Geheimnis,"Leo, der Tiere liebt, lebte im gelben Feld.

Vögel sangen lustig.

Eines Tages wollte Leo das alte Schloss besuchen.

Aber ein Hund bellte laut.

Opa Karl, der alles repariert, kam dazu.

Keine Angst, ich helfe dir.

Gemeinsam nahmen sie das rote Seil mit.

Unterwegs rasteten sie eine Weile.

Unterwegs tanzten sie im Kreis.

Plötzlich lachte jemand.

So wurde aus Angst Mut.

Mut wird belohnt."
71,Anna und der Plan,"Anna, die schnell denkt, lebte in einem kleinen Dorf.

Es roch nach frischem Gras.

Eines Tages wollte Anna den Wald erkunden.

Aber der Weg war versperrt.

Frau Sonne, die Bäckerin, kam dazu.

Ich komme mit!

Gemeinsam nahmen sie das alte Fernglas mit.

Unterwegs sangen sie im Kreis.

Unterwegs lachten sie eine Weile.

Plötzlich raschelte es laut.

Alle lachten und gingen heim.

Teilen macht Freude."
72,Max und die Reise,"Max, ein fröhlicher Junge, lebte auf dem bunten Markt.

Alles war still und friedlich.

Eines Tages wollte Max die Insel entdecken.

Aber es fing an zu regnen.

Frau Sonne, die Bäckerin, kam dazu.

Gut, dass ich da bin.

Gemeinsam nahmen sie das kleine Messer mit.

Unterwegs rasteten sie am Bach.

Unterwegs plauderten sie am Bach.

Plötzlich quakte ein Frosch.

So endete das Abenteuer gut.

Zusammen ist alles leichter."
73,Milo und der Fund,"Milo, ein neugieriger Junge, lebte am alten Brunnen.

Die Sonne schien warm.

Eines Tages wollte Milo die Höhle finden.

Aber die Karte war weg.

Frau Sonne, die Bäckerin, kam dazu.

Zusammen schaffen wir das!

Gemeinsam nahmen sie eine warme Decke mit.

Unterwegs sangen sie laut.

Unterwegs spielten sie fröhlich.

Plötzlich bellte ein Hund.

Am Ende waren alle glücklich.

Wahre Freunde helfen immer."
74,Lena und die Entdeckung,"Lena, die gerne malt, lebte auf dem Spielplatz.

Schmetterlinge flogen umher.

Eines Tages wollte Lena den hohen Berg sehen.

Aber es wurde dunkel.

Frau Sonne, die Bäckerin, kam dazu.

Keine Angst, ich helfe dir.

Gemeinsam nahmen sie eine bunte Karte mit.

Unterwegs rasteten sie im Kreis.

Unterwegs sangen sie laut.

Plötzlich fiel ein Blatt.

Das Abenteuer blieb unvergessen.

Geduld bringt Glück."
75,Finn und der Ausflug,"Finn, ein kleiner Träumer, lebte am blauen Fluss.

Es duftete nach Blumen.

Eines Tages wollte Finn den Schatz suchen.

Aber der Fluss war zu tief.

Frau Sonne, die Bäckerin, kam dazu.

Ich komme mit!

Gemeinsam nahmen sie eine alte Münze mit.

Unterwegs erzählten sie Geschichten.

Unterwegs rasteten sie zusammen.

Plötzlich summte eine Biene.

Alle gingen zufrieden heim.

Neugier führt zu Wundern."
76,Pippa und der Wettkampf,"Pippa, eine mutige Maus, lebte auf der grünen Wiese.

Ein Bach plätscherte leise.

Eines Tages wollte Pippa den See überqueren.

Aber ein Baum lag quer.

Frau Sonne, die Bäckerin, kam dazu.

Gut, dass ich da bin.

Gemeinsam nahmen sie das grüne Seil mit.

Unterwegs rasteten sie laut.

Unterwegs lachten sie im Kreis.

Plötzlich klopfte es.

So war der Tag perfekt.

Lachen hilft immer."
77,Nora und das Rätsel,"Nora, die viele Fragen stellt, lebte bei der großen Eiche.

Der Himmel war blau.

Eines Tages wollte Nora das Meer finden.

Aber der Wind war stark.

Frau Sonne, die Bäckerin, kam dazu.

Zusammen schaffen wir das!

Gemeinsam nahmen sie die kleine Laterne mit.

Unterwegs lachten sie viel.

Unterwegs plauderten sie laut.

Plötzlich tanzte ein Schmetterling vorbei.

Alle klatschten vor Freude.

Wer wagt, gewinnt."
78,Theo und die Überraschung,"Theo, ein fröhlicher Junge, lebte im grünen Park.

Vögel sangen lustig.

Eines Tages wollte Theo den Sternenhimmel sehen.

Aber es war neblig.

Herr Post, der Briefträger, kam dazu.

Keine Angst, ich helfe dir.

Gemeinsam nahmen sie die blaue Flasche mit.

Unterwegs spielten sie zusammen.

Unterwegs spielten sie am Bach.

Plötzlich kam Wind auf.

So wurde aus Angst Mut.

Mut wird belohnt."
79,Emma und das große Abenteuer,"Emma, ein mutiges Mädchen, lebte im alten Wald.

Es roch nach frischem Gras.

Eines Tages wollte Emma den Turm besteigen.

Aber die Brücke war kaputt.

Herr Post, der Briefträger, kam dazu.

Ich komme mit!

Gemeinsam nahmen sie die gelbe Tasche mit.

Unterwegs sangen sie ein Lied.

Unterwegs lachten sie viel.

Plötzlich fiel eine Sternschnuppe.

Alle lachten und gingen heim.

Teilen macht Freude."
80,Paul und das Geheimnis,"Paul, der gerne baut, lebte im gelben Feld.

Alles war still und friedlich.

Eines Tages wollte Paul das alte Schloss besuchen.

Aber ein Hund bellte laut.

Herr Post, der Briefträger, kam dazu.

Gut, dass ich da bin.

Gemeinsam nahmen sie das rote Seil mit.

Unterwegs spielten sie fröhlich.

Unterwegs rasteten sie eine Weile.

Plötzlich lachte jemand.

So endete das Abenteuer gut.

Zusammen ist alles leichter."
81,Mias schönster Tag,"Mia, eine kleine Sängerin, lebte in einem kleinen Dorf.

Die Sonne schien warm.

Eines Tages wollte Mia den Wald erkunden.

Aber der Weg war versperrt.

Herr Post, der Briefträger, kam dazu.

Zusammen schaffen wir das!

Gemeinsam nahmen sie das alte Fernglas mit.

Unterwegs plauderten sie zusammen.

Unterwegs sangen sie zusammen.

Plötzlich raschelte es laut.

Am Ende waren alle glücklich.

Wahre Freunde helfen immer."
82,Leo und der Schatz,"Leo, der Tiere liebt, lebte auf dem bunten Markt.

Schmetterlinge flogen umher.

Eines Tages wollte Leo die Insel entdecken.

Aber es fing an zu regnen.

Herr Post, der Briefträger, kam dazu.

Keine Angst, ich helfe dir.

Gemeinsam nahmen sie das kleine Messer mit.

Unterwegs spielten sie eine Weile.

Unterwegs tanzten sie fröhlich.

Plötzlich quakte ein Frosch.

Das Abenteuer blieb unvergessen.

Geduld bringt Glück."
83,Anna und das Geheimnis,"Anna, die schnell denkt, lebte am alten Brunnen.

Es duftete nach Blumen.

Eines Tages wollte Anna die Höhle finden.

Aber die Karte war weg.

Herr Post, der Briefträger, kam dazu.

Ich komme mit!

Gemeinsam nahmen sie eine warme Decke mit.

Unterwegs plauderten sie fröhlich.

Unterwegs spielten sie laut.

Plötzlich bellte ein Hund.

Alle gingen zufrieden heim.

Neugier führt zu Wundern."
84,Max und der Plan,"Max, ein fröhlicher Junge, lebte auf dem Spielplatz.

Ein Bach plätscherte leise.

Eines Tages wollte Max den hohen Berg sehen.

Aber es wurde dunkel.

Herr Post, der Briefträger, kam dazu.

Gut, dass ich da bin.

Gemeinsam nahmen sie eine bunte Karte mit.

Unterwegs spielten sie am Bach.

Unterwegs plauderten sie zusammen.

Plötzlich fiel ein Blatt.

So war der Tag perfekt.

Lachen hilft immer."
85,Milo und die Reise,"Milo, ein neugieriger Junge, lebte am blauen Fluss.

Der Himmel war blau.

Eines Tages wollte Milo den Schatz suchen.

Aber der Fluss war zu tief.

Oma Lina, die alles weiß, kam dazu.

Zusammen schaffen wir das!

Gemeinsam nahmen sie eine alte Münze mit.

Unterwegs plauderten sie eine Weile.

Unterwegs rasteten sie im Kreis.

Plötzlich summte eine Biene.

Alle klatschten vor Freude.

Wer wagt, gewinnt."
86,Lena und der Fund,"Lena, die gerne malt, lebte auf der grünen Wiese.

Vögel sangen lustig.

Eines Tages wollte Lena den See überqueren.

Aber ein Baum lag quer.

Oma Lina, die alles weiß, kam dazu.

Keine Angst, ich helfe dir.

Gemeinsam nahmen sie das grüne Seil mit.

Unterwegs spielten sie im Kreis.

Unterwegs sangen sie eine Weile.

Plötzlich klopfte es.

So wurde aus Angst Mut.

Mut wird belohnt."
87,Finn und die Entdeckung,"Finn, ein kleiner Träumer, lebte bei der großen Eiche.

Es roch nach frischem Gras.

Eines Tages wollte Finn das Meer finden.

Aber der Wind war stark.

Oma Lina, die alles weiß, kam dazu.

Ich komme mit!

Gemeinsam nahmen sie die kleine Laterne mit.

Unterwegs plauderten sie am Bach.

Unterwegs tanzten sie am Bach.

Plötzlich tanzte ein Schmetterling vorbei.

Alle lachten und gingen heim.

Teilen macht Freude."
88,Pippa und der Ausflug,"Pippa, eine mutige Maus, lebte im grünen Park.

Alles war still und friedlich.

Eines Tages wollte Pippa den Sternenhimmel sehen.

Aber es war neblig.

Oma Lina, die alles weiß, kam dazu.

Gut, dass ich da bin.

Gemeinsam nahmen sie die blaue Flasche mit.

Unterwegs spielten sie laut.

Unterwegs lachten sie fröhlich.

Plötzlich kam Wind auf.

So endete das Abenteuer gut.

Zusammen ist alles leichter."
89,Nora und der Wettkampf,"Nora, die viele Fragen stellt, lebte im alten Wald.

Die Sonne schien warm.

Eines Tages wollte Nora den Turm besteigen.

Aber die Brücke war kaputt.

Oma Lina, die alles weiß, kam dazu.

Zusammen schaffen wir das!

Gemeinsam nahmen sie die gelbe Tasche mit.

Unterwegs plauderten sie im Kreis.

Unterwegs plauderten sie eine Weile.

Plötzlich fiel eine Sternschnuppe.

Am Ende waren alle glücklich.

Wahre Freunde helfen immer."
90,Theo und das Rätsel,"Theo, ein fröhlicher Junge, lebte im gelben Feld.

Schmetterlinge flogen umher.

Eines Tages wollte Theo das alte Schloss besuchen.

Aber ein Hund bellte laut.

Oma Lina, die alles weiß, kam dazu.

Keine Angst, ich helfe dir.

Gemeinsam nahmen sie das rote Seil mit.

Unterwegs lachten sie zusammen.

Unterwegs spielten sie zusammen.

Plötzlich lachte jemand.

Das Abenteuer blieb unvergessen.

Geduld bringt Glück."
91,Emma und die Überraschung,"Emma, ein mutiges Mädchen, lebte in einem kleinen Dorf.

Es duftete nach Blumen.

Eines Tages wollte Emma den Wald erkunden.

Aber der Weg war versperrt.

Oma Lina, die alles weiß, kam dazu.

Ich komme mit!

Gemeinsam nahmen sie das alte Fernglas mit.

Unterwegs plauderten sie laut.

Unterwegs sangen sie im Kreis.

Plötzlich raschelte es laut.

Alle gingen zufrieden heim.

Neugier führt zu Wundern."
92,Paul und das große Abenteuer,"Paul, der gerne baut, lebte auf dem bunten Markt.

Ein Bach plätscherte leise.

Eines Tages wollte Paul die Insel entdecken.

Aber es fing an zu regnen.

Herr Dachs, der Gärtner, kam dazu.

Gut, dass ich da bin.

Gemeinsam nahmen sie das kleine Messer mit.

Unterwegs lachten sie fröhlich.

Unterwegs tanzten sie laut.

Plötzlich quakte ein Frosch.

So war der Tag perfekt.

Lachen hilft immer."
93,Mia und das Geheimnis,"Mia, eine kleine Sängerin, lebte am alten Brunnen.

Der Himmel war blau.

Eines Tages wollte Mia die Höhle finden.

Aber die Karte war weg.

Herr Dachs, der Gärtner, kam dazu.

Zusammen schaffen wir das!

Gemeinsam nahmen sie eine warme Decke mit.

Unterwegs tanzten sie zusammen.

Unterwegs lachten sie am Bach.

Plötzlich bellte ein Hund.

Alle klatschten vor Freude.

Wer wagt, gewinnt."
94,Leos schönster Tag,"Leo, der Tiere liebt, lebte auf dem Spielplatz.

Vögel sangen lustig.

Eines Tages wollte Leo den hohen Berg sehen.

Aber es wurde dunkel.

Herr Dachs, der Gärtner, kam dazu.

Keine Angst, ich helfe dir.

Gemeinsam nahmen sie eine bunte Karte mit.

Unterwegs lachten sie eine Weile.

Unterwegs plauderten sie im Kreis.

Plötzlich fiel ein Blatt.

So wurde aus Angst Mut.

Mut wird belohnt."
95,Anna und der Schatz,"Anna, die schnell denkt, lebte am blauen Fluss.

Es roch nach frischem Gras.

Eines Tages wollte Anna den Schatz suchen.

Aber der Fluss war zu tief.

Herr Dachs, der Gärtner, kam dazu.

Ich komme mit!

Gemeinsam nahmen sie eine alte Münze mit.

Unterwegs tanzten sie fröhlich.

Unterwegs spielten sie eine Weile.

Plötzlich summte eine Biene.

Alle lachten und gingen heim.

Teilen macht Freude."
96,Max und das Geheimnis,"Max, ein fröhlicher Junge, lebte auf der grünen Wiese.

Alles war still und friedlich.

Eines Tages wollte Max den See überqueren.

Aber ein Baum lag quer.

Herr Dachs, der Gärtner, kam dazu.

Gut, dass ich da bin.

Gemeinsam nahmen sie das grüne Seil mit.

Unterwegs lachten sie am Bach.

Unterwegs erzählten sie Geschichten.

Plötzlich klopfte es.

So endete das Abenteuer gut.

Zusammen ist alles leichter."
97,Milo und der Plan,"Milo, ein neugieriger Junge, lebte bei der großen Eiche.

Die Sonne schien warm.

Eines Tages wollte Milo das Meer finden.

Aber der Wind war stark.

Herr Dachs, der Gärtner, kam dazu.

Zusammen schaffen wir das!

Gemeinsam nahmen sie die kleine Laterne mit.

Unterwegs tanzten sie eine Weile.

Unterwegs rasteten sie fröhlich.

Plötzlich tanzte ein Schmetterling vorbei.

Am Ende waren alle glücklich.

Wahre Freunde helfen immer."
98,Lena und die Reise,"Lena, die gerne malt, lebte im grünen Park.

Schmetterlinge flogen umher.

Eines Tages wollte Lena den Sternenhimmel sehen.

Aber es war neblig.

Herr Dachs, der Gärtner, kam dazu.

Keine Angst, ich helfe dir.

Gemeinsam nahmen sie die blaue Flasche mit.

Unterwegs lachten sie im Kreis.

Unterwegs lachten sie laut.

Plötzlich kam Wind auf.

Das Abenteuer blieb unvergessen.

Geduld bringt Glück."
99,Finn und der Fund,"Finn, ein kleiner Träumer, lebte im alten Wald.

Es duftete nach Blumen.

Eines Tages wollte Finn den Turm besteigen.

Aber die Brücke war kaputt.

Tante Mira, die lustige Nachbarin, kam dazu.

Ich komme mit!

Gemeinsam nahmen sie die gelbe Tasche mit.

Unterwegs tanzten sie am Bach.

Unterwegs tanzten sie zusammen.

Plötzlich fiel eine Sternschnuppe.

Alle gingen zufrieden heim.

Neugier führt zu Wundern."
100,Pippa und die Entdeckung,"Pippa, eine mutige Maus, lebte im gelben Feld.

Ein Bach plätscherte leise.

Eines Tages wollte Pippa das alte Schloss besuchen.

Aber ein Hund bellte laut.

Tante Mira, die lustige Nachbarin, kam dazu.

Gut, dass ich da bin.

Gemeinsam nahmen sie das rote Seil mit.

Unterwegs lachten sie laut.

Unterwegs spielten sie im Kreis.

Plötzlich lachte jemand.

So war der Tag perfekt.

Lachen hilft immer."
101,Nora und der Ausflug,"Nora, die viele Fragen stellt, lebte in einem kleinen Dorf.

Der Himmel war blau.

Eines Tages wollte Nora den Wald erkunden.

Aber der Weg war versperrt.

Tante Mira, die lustige Nachbarin, kam dazu.

Zusammen schaffen wir das!

Gemeinsam nahmen sie das alte Fernglas mit.

Unterwegs tanzten sie im Kreis.

Unterwegs sangen sie ein Lied.

Plötzlich raschelte es laut.

Alle klatschten vor Freude.

Wer wagt, gewinnt."
102,Theo und der Wettkampf,"Theo, ein fröhlicher Junge, lebte auf dem bunten Markt.

Vögel sangen lustig.

Eines Tages wollte Theo die Insel entdecken.

Aber es fing an zu regnen.

Tante Mira, die lustige Nachbarin, kam dazu.

Keine Angst, ich helfe dir.

Gemeinsam nahmen sie das kleine Messer mit.

Unterwegs sangen sie zusammen.

Unterwegs rasteten sie am Bach.

Plötzlich quakte ein Frosch.

So wurde aus Angst Mut.

Mut wird belohnt."
103,Emma und das Rätsel,"Emma, ein mutiges Mädchen, lebte am alten Brunnen.

Es roch nach frischem Gras.

Eines Tages wollte Emma die Höhle finden.

Aber die Karte war weg.

Tante Mira, die lustige Nachbarin, kam dazu.

Ich komme mit!

Gemeinsam nahmen sie eine warme Decke mit.

Unterwegs tanzten sie laut.

Unterwegs sangen sie fröhlich.

Plötzlich bellte ein Hund.

Alle lachten und gingen heim.

Teilen macht Freude."
104,Paul und die Überraschung,"Paul, der gerne baut, lebte auf dem Spielplatz.

Alles war still und friedlich.

Eines Tages wollte Paul den hohen Berg sehen.

Aber es wurde dunkel.

Tante Mira, die lustige Nachbarin, kam dazu.

Gut, dass ich da bin.

Gemeinsam nahmen sie eine bunte Karte mit.

Unterwegs sangen sie fröhlich.

Unterwegs tanzten sie eine Weile.

Plötzlich fiel ein Blatt.

So endete das Abenteuer gut.

Zusammen ist alles leichter."
105,Mia und das große Abenteuer,"Mia, eine kleine Sängerin, lebte am blauen Fluss.

Die Sonne schien warm.

Eines Tages wollte Mia den Schatz suchen.

Aber der Fluss war zu tief.

Tante Mira, die lustige Nachbarin, kam dazu.

Zusammen schaffen wir das!

Gemeinsam nahmen sie eine alte Münze mit.

Unterwegs rasteten sie zusammen.

Unterwegs lachten sie zusammen.

Plötzlich summte eine Biene.

Am Ende waren alle glücklich.

Wahre Freunde helfen immer."
106,Leo und das Geheimnis,"Leo, der Tiere liebt, lebte auf der grünen Wiese.

Schmetterlinge flogen umher.

Eines Tages wollte Leo den See überqueren.

Aber ein Baum lag quer.

Opa Karl, der alles repariert, kam dazu.

Keine Angst, ich helfe dir.

Gemeinsam nahmen sie das grüne Seil mit.

Unterwegs sangen sie eine Weile.

Unterwegs plauderten sie fröhlich.

Plötzlich klopfte es.

Das Abenteuer blieb unvergessen.

Geduld bringt Glück."
107,Annas schönster Tag,"Anna, die schnell denkt, lebte bei der großen Eiche.

Es duftete nach Blumen.

Eines Tages wollte Anna das Meer finden.

Aber der Wind war stark.

Opa Karl, der alles repariert, kam dazu.

Ich komme mit!

Gemeinsam nahmen sie die kleine Laterne mit.

Unterwegs rasteten sie fröhlich.

Unterwegs rasteten sie laut.

Plötzlich tanzte ein Schmetterling vorbei.

Alle gingen zufrieden heim.

Neugier führt zu Wundern."
108,Max und der Schatz,"Max, ein fröhlicher Junge, lebte im grünen Park.

Ein Bach plätscherte leise.

Eines Tages wollte Max den Sternenhimmel sehen.

Aber es war neblig.

Opa Karl, der alles repariert, kam dazu.

Gut, dass ich da bin.

Gemeinsam nahmen sie die blaue Flasche mit.

Unterwegs sangen sie am Bach.

Unterwegs sangen sie eine Weile.

Plötzlich kam Wind auf.

So war der Tag perfekt.

Lachen hilft immer."
109,Milo und das Geheimnis,"Milo, ein neugieriger Junge, lebte im alten Wald.

Der Himmel war blau.

Eines Tages wollte Milo den Turm besteigen.

Aber die Brücke war kaputt.

Opa Karl, der alles repariert, kam dazu.

Zusammen schaffen wir das!

Gemeinsam nahmen sie die gelbe Tasche mit.

Unterwegs rasteten sie eine Weile.

Unterwegs tanzten sie im Kreis.

Plötzlich fiel eine Sternschnuppe.

Alle klatschten vor Freude.

Wer wagt, gewinnt."
110,Lena und der Plan,"Lena, die gerne malt, lebte im gelben Feld.

Vögel sangen lustig.

Eines Tages wollte Lena das alte Schloss besuchen.

Aber ein Hund bellte laut.

Opa Karl, der alles repariert, kam dazu.

Keine Angst, ich helfe dir.

Gemeinsam nahmen sie das rote Seil mit.

Unterwegs sangen sie im Kreis.

Unterwegs lachten sie eine Weile.

Plötzlich lachte jemand.

So wurde aus Angst Mut.

Mut wird belohnt."
111,Finn und die Reise,"Finn, ein kleiner Träumer, lebte in einem kleinen Dorf.

Es roch nach frischem Gras.

Eines Tages wollte Finn den Wald erkunden.

Aber der Weg war versperrt.

Opa Karl, der alles repariert, kam dazu.

Ich komme mit!

Gemeinsam nahmen sie das alte Fernglas mit.

Unterwegs rasteten sie am Bach.

Unterwegs plauderten sie am Bach.

Plötzlich raschelte es laut.

Alle lachten und gingen heim.

Teilen macht Freude."
112,Pippa und der Fund,"Pippa, eine mutige Maus, lebte auf dem bunten Markt.

Alles war still und friedlich.

Eines Tages wollte Pippa die Insel entdecken.

Aber es fing an zu regnen.

Opa Karl, der alles repariert, kam dazu.

Gut, dass ich da bin.

Gemeinsam nahmen sie das kleine Messer mit.

Unterwegs sangen sie laut.

Unterwegs spielten sie fröhlich.

Plötzlich quakte ein Frosch.

So endete das Abenteuer gut.

Zusammen ist alles leichter."
113,Nora und die Entdeckung,"Nora, die viele Fragen stellt, lebte am alten Brunnen.

Die Sonne schien warm.

Eines Tages wollte Nora die Höhle finden.

Aber die Karte war weg.

Frau Sonne, die Bäckerin, kam dazu.

Zusammen schaffen wir das!

Gemeinsam nahmen sie eine warme Decke mit.

Unterwegs rasteten sie im Kreis.

Unterwegs sangen sie laut.

Plötzlich bellte ein Hund.

Am Ende waren alle glücklich.

Wahre Freunde helfen immer."
114,Theo und der Ausflug,"Theo, ein fröhlicher Junge, lebte auf dem Spielplatz.

Schmetterlinge flogen umher.

Eines Tages wollte Theo den hohen Berg sehen.

Aber es wurde dunkel.

Frau Sonne, die Bäckerin, kam dazu.

Keine Angst, ich helfe dir.

Gemeinsam nahmen sie eine bunte Karte mit.

Unterwegs erzählten sie Geschichten.

Unterwegs rasteten sie zusammen.

Plötzlich fiel ein Blatt.

Das Abenteuer blieb unvergessen.

Geduld bringt Glück."
115,Emma und der Wettkampf,"Emma, ein mutiges Mädchen, lebte am blauen Fluss.

Es duftete nach Blumen.

Eines Tages wollte Emma den Schatz suchen.

Aber der Fluss war zu tief.

Frau Sonne, die Bäckerin, kam dazu.

Ich komme mit!

Gemeinsam nahmen sie eine alte Münze mit.

Unterwegs rasteten sie laut.

Unterwegs lachten sie im Kreis.

Plötzlich summte eine Biene.

Alle gingen zufrieden heim.

Neugier führt zu Wundern."
116,Paul und das Rätsel,"Paul, der gerne baut, lebte auf der grünen Wiese.

Ein Bach plätscherte leise.

Eines Tages wollte Paul den See überqueren.

Aber ein Baum lag quer.

Frau Sonne, die Bäckerin, kam dazu.

Gut, dass ich da bin.

Gemeinsam nahmen sie das grüne Seil mit.

Unterwegs lachten sie viel.

Unterwegs plauderten sie laut.

Plötzlich klopfte es.

So war der Tag perfekt.

Lachen hilft immer."
117,Mia und die Überraschung,"Mia, eine kleine Sängerin, lebte bei der großen Eiche.

Der Himmel war blau.

Eines Tages wollte Mia das Meer finden.

Aber der Wind war stark.

Frau Sonne, die Bäckerin, kam dazu.

Zusammen schaffen wir das!

Gemeinsam nahmen sie die kleine Laterne mit.

Unterwegs spielten sie zusammen.

Unterwegs spielten sie am Bach.

Plötzlich tanzte ein Schmetterling vorbei.

Alle klatschten vor Freude.

Wer wagt, gewinnt."
118,Leo und das große Abenteuer,"Leo, der Tiere liebt, lebte im grünen Park.

Vögel sangen lustig.

Eines Tages wollte Leo den Sternenhimmel sehen.

Aber es war neblig.

Frau Sonne, die Bäckerin, kam dazu.

Keine Angst, ich helfe dir.

Gemeinsam nahmen sie die blaue Flasche mit.

Unterwegs sangen sie ein Lied.

Unterwegs lachten sie viel.

Plötzlich kam Wind auf.

So wurde aus Angst Mut.

Mut wird belohnt."
119,Anna und das Geheimnis,"Anna, die schnell denkt, lebte im alten Wald.

Es roch nach frischem Gras.

Eines Tages wollte Anna den Turm besteigen.

Aber die Brücke war kaputt.

Frau Sonne, die Bäckerin, kam dazu.

Ich komme mit!

Gemeinsam nahmen sie die gelbe Tasche mit.

Unterwegs spielten sie fröhlich.

Unterwegs rasteten sie eine Weile.

Plötzlich fiel eine Sternschnuppe.

Alle lachten und gingen heim.

Teilen macht Freude."
120,Maxs schönster Tag,"Max, ein fröhlicher Junge, lebte im gelben Feld.

Alles war still und friedlich.

Eines Tages wollte Max das alte Schloss besuchen.

Aber ein Hund bellte laut.

Herr Post, der Briefträger, kam dazu.

Gut, dass ich da bin.

Gemeinsam nahmen sie das rote Seil mit.

Unterwegs plauderten sie zusammen.

Unterwegs sangen sie zusammen.

Plötzlich lachte jemand.

So endete das Abenteuer gut.

Zusammen ist alles leichter."
121,Milo und der Schatz,"Milo, ein neugieriger Junge, lebte in einem kleinen Dorf.

Die Sonne schien warm.

Eines Tages wollte Milo den Wald erkunden.

Aber der Weg war versperrt.

Herr Post, der Briefträger, kam dazu.

Zusammen schaffen wir das!

Gemeinsam nahmen sie das alte Fernglas mit.

Unterwegs spielten sie eine Weile.

Unterwegs tanzten sie fröhlich.

Plötzlich raschelte es laut.

Am Ende waren alle glücklich.

Wahre Freunde helfen immer."
122,Lena und das Geheimnis,"Lena, die gerne malt, lebte auf dem bunten Markt.

Schmetterlinge flogen umher.

Eines Tages wollte Lena die Insel entdecken.

Aber es fing an zu regnen.

Herr Post, der Briefträger, kam dazu.

Keine Angst, ich helfe dir.

Gemeinsam nahmen sie das kleine Messer mit.

Unterwegs plauderten sie fröhlich.

Unterwegs spielten sie laut.

Plötzlich quakte ein Frosch.

Das Abenteuer blieb unvergessen.

Geduld bringt Glück."
123,Finn und der Plan,"Finn, ein kleiner Träumer, lebte am alten Brunnen.

Es duftete nach Blumen.

Eines Tages wollte Finn die Höhle finden.

Aber die Karte war weg.

Herr Post, der Briefträger, kam dazu.

Ich komme mit!

Gemeinsam nahmen sie eine warme Decke mit.

Unterwegs spielten sie am Bach.

Unterwegs plauderten sie zusammen.

Plötzlich bellte ein Hund.

Alle gingen zufrieden heim.

Neugier führt zu Wundern."
124,Pippa und die Reise,"Pippa, eine mutige Maus, lebte auf dem Spielplatz.

Ein Bach plätscherte leise.

Eines Tages wollte Pippa den hohen Berg sehen.

Aber es wurde dunkel.

Herr Post, der Briefträger, kam dazu.

Gut, dass ich da bin.

Gemeinsam nahmen sie eine bunte Karte mit.

Unterwegs plauderten sie eine Weile.

Unterwegs rasteten sie im Kreis.

Plötzlich fiel ein Blatt.

So war der Tag perfekt.

Lachen hilft immer."
125,Nora und der Fund,"Nora, die viele Fragen stellt, lebte am blauen Fluss.

Der Himmel war blau.

Eines Tages wollte Nora den Schatz suchen.

Aber der Fluss war zu tief.

Herr Post, der Briefträger, kam dazu.

Zusammen schaffen wir das!

Gemeinsam nahmen sie eine alte Münze mit.

Unterwegs spielten sie im Kreis.

Unterwegs sangen sie eine Weile.

Plötzlich summte eine Biene.

Alle klatschten vor Freude.

Wer wagt, gewinnt."
126,Theo und die Entdeckung,"Theo, ein fröhlicher Junge, lebte auf der grünen Wiese.

Vögel sangen lustig.

Eines Tages wollte Theo den See überqueren.

Aber ein Baum lag quer.

Herr Post, der Briefträger, kam dazu.

Keine Angst, ich helfe dir.

Gemeinsam nahmen sie das grüne Seil mit.

Unterwegs plauderten sie am Bach.

Unterwegs tanzten sie am Bach.

Plötzlich klopfte es.

So wurde aus Angst Mut.

Mut wird belohnt."
127,Emma und der Ausflug,"Emma, ein mutiges Mädchen, lebte bei der großen Eiche.

Es roch nach frischem Gras.

Eines Tages wollte Emma das Meer finden.

Aber der Wind war stark.

Oma Lina, die alles weiß, kam dazu.

Ich komme mit!

Gemeinsam nahmen sie die kleine Laterne mit.

Unterwegs spielten sie laut.

Unterwegs lachten sie fröhlich.

Plötzlich tanzte ein Schmetterling vorbei.

Alle lachten und gingen heim.

Teilen macht Freude."
128,Paul und der Wettkampf,"Paul, der gerne baut, lebte im grünen Park.

Alles war still und friedlich.

Eines Tages wollte Paul den Sternenhimmel sehen.

Aber es war neblig.

Oma Lina, die alles weiß, kam dazu.

Gut, dass ich da bin.

Gemeinsam nahmen sie die blaue Flasche mit.

Unterwegs plauderten sie im Kreis.

Unterwegs plauderten sie eine Weile.

Plötzlich kam Wind auf.

So endete das Abenteuer gut.

Zusammen ist alles leichter."
129,Mia und das Rätsel,"Mia, eine kleine Sängerin, lebte im alten Wald.

Die Sonne schien warm.

Eines Tages wollte Mia den Turm besteigen.

Aber die Brücke war kaputt.

Oma Lina, die alles weiß, kam dazu.

Zusammen schaffen wir das!

Gemeinsam nahmen sie die gelbe Tasche mit.

Unterwegs lachten sie zusammen.

Unterwegs spielten sie zusammen.

Plötzlich fiel eine Sternschnuppe.

Am Ende waren alle glücklich.

Wahre Freunde helfen immer."
130,Leo und die Überraschung,"Leo, der Tiere liebt, lebte im gelben Feld.

Schmetterlinge flogen umher.

Eines Tages wollte Leo das alte Schloss besuchen.

Aber ein Hund bellte laut.

Oma Lina, die alles weiß, kam dazu.

Keine Angst, ich helfe dir.

Gemeinsam nahmen sie das rote Seil mit.

Unterwegs plauderten sie laut.

Unterwegs sangen sie im Kreis.

Plötzlich lachte jemand.

Das Abenteuer blieb unvergessen.

Geduld bringt Glück."
131,Anna und das große Abenteuer,"Anna, die schnell denkt, lebte in einem kleinen Dorf.

Es duftete nach Blumen.

Eines Tages wollte Anna den Wald erkunden.

Aber der Weg war versperrt.

Oma Lina, die alles weiß, kam dazu.

Ich komme mit!

Gemeinsam nahmen sie das alte Fernglas mit.

Unterwegs lachten sie fröhlich.

Unterwegs tanzten sie laut.

Plötzlich raschelte es laut.

Alle gingen zufrieden heim.

Neugier führt zu Wundern."
132,Max und das Geheimnis,"Max, ein fröhlicher Junge, lebte auf dem bunten Markt.

Ein Bach plätscherte leise.

Eines Tages wollte Max die Insel entdecken.

Aber es fing an zu regnen.

Oma Lina, die alles weiß, kam dazu.

Gut, dass ich da bin.

Gemeinsam nahmen sie das kleine Messer mit.

Unterwegs tanzten sie zusammen.

Unterwegs lachten sie am Bach.

Plötzlich quakte ein Frosch.

So war der Tag perfekt.

Lachen hilft immer."
133,Milos schönster Tag,"Milo, ein neugieriger Junge, lebte am alten Brunnen.

Der Himmel war blau.

Eines Tages wollte Milo die Höhle finden.

Aber die Karte war weg.

Oma Lina, die alles weiß, kam dazu.

Zusammen schaffen wir das!

Gemeinsam nahmen sie eine warme Decke mit.

Unterwegs lachten sie eine Weile.

Unterwegs plauderten sie im Kreis.

Plötzlich bellte ein Hund.

Alle klatschten vor Freude.

Wer wagt, gewinnt."
134,Lena und der Schatz,"Lena, die gerne malt, lebte auf dem Spielplatz.

Vögel sangen lustig.

Eines Tages wollte Lena den hohen Berg sehen.

Aber es wurde dunkel.

Herr Dachs, der Gärtner, kam dazu.

Keine Angst, ich helfe dir.

Gemeinsam nahmen sie eine bunte Karte mit.

Unterwegs tanzten sie fröhlich.

Unterwegs spielten sie eine Weile.

Plötzlich fiel ein Blatt.

So wurde aus Angst Mut.

Mut wird belohnt."
135,Finn und das Geheimnis,"Finn, ein kleiner Träumer, lebte am blauen Fluss.

Es roch nach frischem Gras.

Eines Tages wollte Finn den Schatz suchen.

Aber der Fluss war zu tief.

Herr Dachs, der Gärtner, kam dazu.

Ich komme mit!

Gemeinsam nahmen sie eine alte Münze mit.

Unterwegs lachten sie am Bach.

Unterwegs erzählten sie Geschichten.

Plötzlich summte eine Biene.

Alle lachten und gingen heim.

Teilen macht Freude."
136,Pippa und der Plan,"Pippa, eine mutige Maus, lebte auf der grünen Wiese.

Alles war still und friedlich.

Eines Tages wollte Pippa den See überqueren.

Aber ein Baum lag quer.

Herr Dachs, der Gärtner, kam dazu.

Gut, dass ich da bin.

Gemeinsam nahmen sie das grüne Seil mit.

Unterwegs tanzten sie eine Weile.

Unterwegs rasteten sie fröhlich.

Plötzlich klopfte es.

So endete das Abenteuer gut.

Zusammen ist alles leichter."
137,Nora und die Reise,"Nora, die viele Fragen stellt, lebte bei der großen Eiche.

Die Sonne schien warm.

Eines Tages wollte Nora das Meer finden.

Aber der Wind war stark.

Herr Dachs, der Gärtner, kam dazu.

Zusammen schaffen wir das!

Gemeinsam nahmen sie die kleine Laterne mit.

Unterwegs lachten sie im Kreis.

Unterwegs lachten sie laut.

Plötzlich tanzte ein Schmetterling vorbei.

Am Ende waren alle glücklich.

Wahre Freunde helfen immer."
138,Theo und der Fund,"Theo, ein fröhlicher Junge, lebte im grünen Park.

Schmetterlinge flogen umher.

Eines Tages wollte Theo den Sternenhimmel sehen.

Aber es war neblig.

Herr Dachs, der Gärtner, kam dazu.

Keine Angst, ich helfe dir.

Gemeinsam nahmen sie die blaue Flasche mit.

Unterwegs tanzten sie am Bach.

Unterwegs tanzten sie zusammen.

Plötzlich kam Wind auf.

Das Abenteuer blieb unvergessen.

Geduld bringt Glück."
139,Emma und die Entdeckung,"Emma, ein mutiges Mädchen, lebte im alten Wald.

Es duftete nach Blumen.

Eines Tages wollte Emma den Turm besteigen.

Aber die Brücke war kaputt.

Herr Dachs, der Gärtner, kam dazu.

Ich komme mit!

Gemeinsam nahmen sie die gelbe Tasche mit.

Unterwegs lachten sie laut.

Unterwegs spielten sie im Kreis.

Plötzlich fiel eine Sternschnuppe.

Alle gingen zufrieden heim.

Neugier führt zu Wundern."
140,Paul und der Ausflug,"Paul, der gerne baut, lebte im gelben Feld.

Ein Bach plätscherte leise.

Eines Tages wollte Paul das alte Schloss besuchen.

Aber ein Hund bellte laut.

Herr Dachs, der Gärtner, kam dazu.

Gut, dass ich da bin.

Gemeinsam nahmen sie das rote Seil mit.

Unterwegs tanzten sie im Kreis.

Unterwegs sangen sie ein Lied.

Plötzlich lachte jemand.

So war der Tag perfekt.

Lachen hilft immer."
141,Mia und der Wettkampf,"Mia, eine kleine Sängerin, lebte in einem kleinen Dorf.

Der Himmel war blau.

Eines Tages wollte Mia den Wald erkunden.

Aber der Weg war versperrt.

Tante Mira, die lustige Nachbarin, kam dazu.

Zusammen schaffen wir das!

Gemeinsam nahmen sie das alte Fernglas mit.

Unterwegs sangen sie zusammen.

Unterwegs rasteten sie am Bach.

Plötzlich raschelte es laut.

Alle klatschten vor Freude.

Wer wagt, gewinnt."
142,Leo und das Rätsel,"Leo, der Tiere liebt, lebte auf dem bunten Markt.

Vögel sangen lustig.

Eines Tages wollte Leo die Insel entdecken.

Aber es fing an zu regnen.

Tante Mira, die lustige Nachbarin, kam dazu.

Keine Angst, ich helfe dir.

Gemeinsam nahmen sie das kleine Messer mit.

Unterwegs tanzten sie laut.

Unterwegs sangen sie fröhlich.

Plötzlich quakte ein Frosch.

So wurde aus Angst Mut.

Mut wird belohnt."
143,Anna und die Überraschung,"Anna, die schnell denkt, lebte am alten Brunnen.

Es roch nach frischem Gras.

Eines Tages wollte Anna die Höhle finden.

Aber die Karte war weg.

Tante Mira, die lustige Nachbarin, kam dazu.

Ich komme mit!

Gemeinsam nahmen sie eine warme Decke mit.

Unterwegs sangen sie fröhlich.

Unterwegs tanzten sie eine Weile.

Plötzlich bellte ein Hund.

Alle lachten und gingen heim.

Teilen macht Freude."
144,Max und das große Abenteuer,"Max, ein fröhlicher Junge, lebte auf dem Spielplatz.

Alles war still und friedlich.

Eines Tages wollte Max den hohen Berg sehen.

Aber es wurde dunkel.

Tante Mira, die lustige Nachbarin, kam dazu.

Gut, dass ich da bin.

Gemeinsam nahmen sie eine bunte Karte mit.

Unterwegs rasteten sie zusammen.

Unterwegs lachten sie zusammen.

Plötzlich fiel ein Blatt.

So endete das Abenteuer gut.

Zusammen ist alles leichter."
145,Milo und das Geheimnis,"Milo, ein neugieriger Junge, lebte am blauen Fluss.

Die Sonne schien warm.

Eines Tages wollte Milo den Schatz suchen.

Aber der Fluss war zu tief.

Tante Mira, die lustige Nachbarin, kam dazu.

Zusammen schaffen wir das!

Gemeinsam nahmen sie eine alte Münze mit.

Unterwegs sangen sie eine Weile.

Unterwegs plauderten sie fröhlich.

Plötzlich summte eine Biene.

Am Ende waren alle glücklich.

Wahre Freunde helfen immer."
146,Lenas schönster Tag,"Lena, die gerne malt, lebte auf der grünen Wiese.

Schmetterlinge flogen umher.

Eines Tages wollte Lena den See überqueren.

Aber ein Baum lag quer.

Tante Mira, die lustige Nachbarin, kam dazu.

Keine Angst, ich helfe dir.

Gemeinsam nahmen sie das grüne Seil mit.

Unterwegs rasteten sie fröhlich.

Unterwegs rasteten sie laut.

Plötzlich klopfte es.

Das Abenteuer blieb unvergessen.

Geduld bringt Glück."
147,Finn und der Schatz,"Finn, ein kleiner Träumer, lebte bei der großen Eiche.

Es duftete nach Blumen.

Eines Tages wollte Finn das Meer finden.

Aber der Wind war stark.

Tante Mira, die lustige Nachbarin, kam dazu.

Ich komme mit!

Gemeinsam nahmen sie die kleine Laterne mit.

Unterwegs sangen sie am Bach.

Unterwegs sangen sie eine Weile.

Plötzlich tanzte ein Schmetterling vorbei.

Alle gingen zufrieden heim.

Neugier führt zu Wundern."
148,Pippa und das Geheimnis,"Pippa, eine mutige Maus, lebte im grünen Park.

Ein Bach plätscherte leise.

Eines Tages wollte Pippa den Sternenhimmel sehen.

Aber es war neblig.

Opa Karl, der alles repariert, kam dazu.

Gut, dass ich da bin.

Gemeinsam nahmen sie die blaue Flasche mit.

Unterwegs rasteten sie eine Weile.

Unterwegs tanzten sie im Kreis.

Plötzlich kam Wind auf.

So war der Tag perfekt.

Lachen hilft immer."
149,Nora und der Plan,"Nora, die viele Fragen stellt, lebte im alten Wald.

Der Himmel war blau.

Eines Tages wollte Nora den Turm besteigen.

Aber die Brücke war kaputt.

Opa Karl, der alles repariert, kam dazu.

Zusammen schaffen wir das!

Gemeinsam nahmen sie die gelbe Tasche mit.

Unterwegs sangen sie im Kreis.

Unterwegs lachten sie eine Weile.

Plötzlich fiel eine Sternschnuppe.

Alle klatschten vor Freude.

Wer wagt, gewinnt."
150,Theo und die Reise,"Theo, ein fröhlicher Junge, lebte im gelben Feld.

Vögel sangen lustig.

Eines Tages wollte Theo das alte Schloss besuchen.

Aber ein Hund bellte laut.

Opa Karl, der alles repariert, kam dazu.

Keine Angst, ich helfe dir.

Gemeinsam nahmen sie das rote Seil mit.

Unterwegs rasteten sie am Bach.

Unterwegs plauderten sie am Bach.

Plötzlich lachte jemand.

So wurde aus Angst Mut.

Mut wird belohnt."
151,Emma und der Fund,"Emma, ein mutiges Mädchen, lebte in einem kleinen Dorf.

Es roch nach frischem Gras.

Eines Tages wollte Emma den Wald erkunden.

Aber der Weg war versperrt.

Opa Karl, der alles repariert, kam dazu.

Ich komme mit!

Gemeinsam nahmen sie das alte Fernglas mit.

Unterwegs sangen sie laut.

Unterwegs spielten sie fröhlich.

Plötzlich raschelte es laut.

Alle lachten und gingen heim.

Teilen macht Freude."
152,Paul und die Entdeckung,"Paul, der gerne baut, lebte auf dem bunten Markt.

Alles war still und friedlich.

Eines Tages wollte Paul die Insel entdecken.

Aber es fing an zu regnen.

Opa Karl, der alles repariert, kam dazu.

Gut, dass ich da bin.

Gemeinsam nahmen sie das kleine Messer mit.

Unterwegs rasteten sie im Kreis.

Unterwegs sangen sie laut.

Plötzlich quakte ein Frosch.

So endete das Abenteuer gut.

Zusammen ist alles leichter."
153,Mia und der Ausflug,"Mia, eine kleine Sängerin, lebte am alten Brunnen.

Die Sonne schien warm.

Eines Tages wollte Mia die Höhle finden.

Aber die Karte war weg.

Opa Karl, der alles repariert, kam dazu.

Zusammen schaffen wir das!

Gemeinsam nahmen sie eine warme Decke mit.

Unterwegs erzählten sie Geschichten.

Unterwegs rasteten sie zusammen.

Plötzlich bellte ein Hund.

Am Ende waren alle glücklich.

Wahre Freunde helfen immer."
154,Leo und der Wettkampf,"Leo, der Tiere liebt, lebte auf dem Spielplatz.

Schmetterlinge flogen umher.

Eines Tages wollte Leo den hohen Berg sehen.

Aber es wurde dunkel.

Opa Karl, der alles repariert, kam dazu.

Keine Angst, ich helfe dir.

Gemeinsam nahmen sie eine bunte Karte mit.

Unterwegs rasteten sie laut.

Unterwegs lachten sie im Kreis.

Plötzlich fiel ein Blatt.

Das Abenteuer blieb unvergessen.

Geduld bringt Glück."
155,Anna und das Rätsel,"Anna, die schnell denkt, lebte am blauen Fluss.

Es duftete nach Blumen.

Eines Tages wollte Anna den Schatz suchen.

Aber der Fluss war zu tief.

Frau Sonne, die Bäckerin, kam dazu.

Ich komme mit!

Gemeinsam nahmen sie eine alte Münze mit.

Unterwegs lachten sie viel.

Unterwegs plauderten sie laut.

Plötzlich summte eine Biene.

Alle gingen zufrieden heim.

Neugier führt zu Wundern."
156,Max und die Überraschung,"Max, ein fröhlicher Junge, lebte auf der grünen Wiese.

Ein Bach plätscherte leise.

Eines Tages wollte Max den See überqueren.

Aber ein Baum lag quer.

Frau Sonne, die Bäckerin, kam dazu.

Gut, dass ich da bin.

Gemeinsam nahmen sie das grüne Seil mit.

Unterwegs spielten sie zusammen.

Unterwegs spielten sie am Bach.

Plötzlich klopfte es.

So war der Tag perfekt.

Lachen hilft immer."
157,Milo und das große Abenteuer,"Milo, ein neugieriger Junge, lebte bei der großen Eiche.

Der Himmel war blau.

Eines Tages wollte Milo das Meer finden.

Aber der Wind war stark.

Frau Sonne, die Bäckerin, kam dazu.

Zusammen schaffen wir das!

Gemeinsam nahmen sie die kleine Laterne mit.

Unterwegs sangen sie ein Lied.

Unterwegs lachten sie viel.

Plötzlich tanzte ein Schmetterling vorbei.

Alle klatschten vor Freude.

Wer wagt, gewinnt."
158,Lena und das Geheimnis,"Lena, die gerne malt, lebte im grünen Park.

Vögel sangen lustig.

Eines Tages wollte Lena den Sternenhimmel sehen.

Aber es war neblig.

Frau Sonne, die Bäckerin, kam dazu.

Keine Angst, ich helfe dir.

Gemeinsam nahmen sie die blaue Flasche mit.

Unterwegs spielten sie fröhlich.

Unterwegs rasteten sie eine Weile.

Plötzlich kam Wind auf.

So wurde aus Angst Mut.

Mut wird belohnt."
159,Finns schönster Tag,"Finn, ein kleiner Träumer, lebte im alten Wald.

Es roch nach frischem Gras.

Eines Tages wollte Finn den Turm besteigen.

Aber die Brücke war kaputt.

Frau Sonne, die Bäckerin, kam dazu.

Ich komme mit!

Gemeinsam nahmen sie die gelbe Tasche mit.

Unterwegs plauderten sie zusammen.

Unterwegs sangen sie zusammen.

Plötzlich fiel eine Sternschnuppe.

Alle lachten und gingen heim.

Teilen macht Freude."
160,Pippa und der Schatz,"Pippa, eine mutige Maus, lebte im gelben Feld.

Alles war still und friedlich.

Eines Tages wollte Pippa das alte Schloss besuchen.

Aber ein Hund bellte laut.

Frau Sonne, die Bäckerin, kam dazu.

Gut, dass ich da bin.

Gemeinsam nahmen sie das rote Seil mit.

Unterwegs spielten sie eine Weile.

Unterwegs tanzten sie fröhlich.

Plötzlich lachte jemand.

So endete das Abenteuer gut.

Zusammen ist alles leichter."
161,Nora und das Geheimnis,"Nora, die viele Fragen stellt, lebte in einem kleinen Dorf.

Die Sonne schien warm.

Eines Tages wollte Nora den Wald erkunden.

Aber der Weg war versperrt.

Frau Sonne, die Bäckerin, kam dazu.

Zusammen schaffen wir das!

Gemeinsam nahmen sie das alte Fernglas mit.

Unterwegs plauderten sie fröhlich.

Unterwegs spielten sie laut.

Plötzlich raschelte es laut.

Am Ende waren alle glücklich.

Wahre Freunde helfen immer."
162,Theo und der Plan,"Theo, ein fröhlicher Junge, lebte auf dem bunten Markt.

Schmetterlinge flogen umher.

Eines Tages wollte Theo die Insel entdecken.

Aber es fing an zu regnen.

Herr Post, der Briefträger, kam dazu.

Keine Angst, ich helfe dir.

Gemeinsam nahmen sie das kleine Messer mit.

Unterwegs spielten sie am Bach.

Unterwegs plauderten sie zusammen.

Plötzlich quakte ein Frosch.

Das Abenteuer blieb unvergessen.

Geduld bringt Glück."
163,Emma und die Reise,"Emma, ein mutiges Mädchen, lebte am alten Brunnen.

Es duftete nach Blumen.

Eines Tages wollte Emma die Höhle finden.

Aber die Karte war weg.

Herr Post, der Briefträger, kam dazu.

Ich komme mit!

Gemeinsam nahmen sie eine warme Decke mit.

Unterwegs plauderten sie eine Weile.

Unterwegs rasteten sie im Kreis.

Plötzlich bellte ein Hund.

Alle gingen zufrieden heim.

Neugier führt zu Wundern."
164,Paul und der Fund,"Paul, der gerne baut, lebte auf dem Spielplatz.

Ein Bach plätscherte leise.

Eines Tages wollte Paul den hohen Berg sehen.

Aber es wurde dunkel.

Herr Post, der Briefträger, kam dazu.

Gut, dass ich da bin.

Gemeinsam nahmen sie eine bunte Karte mit.

Unterwegs spielten sie im Kreis.

Unterwegs sangen sie eine Weile.

Plötzlich fiel ein Blatt.

So war der Tag perfekt.

Lachen hilft immer."
165,Mia und die Entdeckung,"Mia, eine kleine Sängerin, lebte am blauen Fluss.

Der Himmel war blau.

Eines Tages wollte Mia den Schatz suchen.

Aber der Fluss war zu tief.

Herr Post, der Briefträger, kam dazu.

Zusammen schaffen wir das!

Gemeinsam nahmen sie eine alte Münze mit.

Unterwegs plauderten sie am Bach.

Unterwegs tanzten sie am Bach.

Plötzlich summte eine Biene.

Alle klatschten vor Freude.

Wer wagt, gewinnt."
166,Leo und der Ausflug,"Leo, der Tiere liebt, lebte auf der grünen Wiese.

Vögel sangen lustig.

Eines Tages wollte Leo den See überqueren.

Aber ein Baum lag quer.

Herr Post, der Briefträger, kam dazu.

Keine Angst, ich helfe dir.

Gemeinsam nahmen sie das grüne Seil mit.

Unterwegs spielten sie laut.

Unterwegs lachten sie fröhlich.

Plötzlich klopfte es.

So wurde aus Angst Mut.

Mut wird belohnt."
167,Anna und der Wettkampf,"Anna, die schnell denkt, lebte bei der großen Eiche.

Es roch nach frischem Gras.

Eines Tages wollte Anna das Meer finden.

Aber der Wind war stark.

Herr Post, der Briefträger, kam dazu.

Ich komme mit!

Gemeinsam nahmen sie die kleine Laterne mit.

Unterwegs plauderten sie im Kreis.

Unterwegs plauderten sie eine Weile.

Plötzlich tanzte ein Schmetterling vorbei.

Alle lachten und gingen heim.

Teilen macht Freude."
168,Max und das Rätsel,"Max, ein fröhlicher Junge, lebte im grünen Park.

Alles war still und friedlich.

Eines Tages wollte Max den Sternenhimmel sehen.

Aber es war neblig.

Herr Post, der Briefträger, kam dazu.

Gut, dass ich da bin.

Gemeinsam nahmen sie die blaue Flasche mit.

Unterwegs lachten sie zusammen.

Unterwegs spielten sie zusammen.

Plötzlich kam Wind auf.

So endete das Abenteuer gut.

Zusammen ist alles leichter."
169,Milo und die Überraschung,"Milo, ein neugieriger Junge, lebte im alten Wald.

Die Sonne schien warm.

Eines Tages wollte Milo den Turm besteigen.

Aber die Brücke war kaputt.

Oma Lina, die alles weiß, kam dazu.

Zusammen schaffen wir das!

Gemeinsam nahmen sie die gelbe Tasche mit.

Unterwegs plauderten sie laut.

Unterwegs sangen sie im Kreis.

Plötzlich fiel eine Sternschnuppe.

Am Ende waren alle glücklich.

Wahre Freunde helfen immer."
170,Lena und das große Abenteuer,"Lena, die gerne malt, lebte im gelben Feld.

Schmetterlinge flogen umher.

Eines Tages wollte Lena das alte Schloss besuchen.

Aber ein Hund bellte laut.

Oma Lina, die alles weiß, kam dazu.

Keine Angst, ich helfe dir.

Gemeinsam nahmen sie das rote Seil mit.

Unterwegs lachten sie fröhlich.

Unterwegs tanzten sie laut.

Plötzlich lachte jemand.

Das Abenteuer blieb unvergessen.

Geduld bringt Glück."
171,Finn und das Geheimnis,"Finn, ein kleiner Träumer, lebte in einem kleinen Dorf.

Es duftete nach Blumen.

Eines Tages wollte Finn den Wald erkunden.

Aber der Weg war versperrt.

Oma Lina, die alles weiß, kam dazu.

Ich komme mit!

Gemeinsam nahmen sie das alte Fernglas mit.

Unterwegs tanzten sie zusammen.

Unterwegs lachten sie am Bach.

Plötzlich raschelte es laut.

Alle gingen zufrieden heim.

Neugier führt zu Wundern."
172,Pippas schönster Tag,"Pippa, eine mutige Maus, lebte auf dem bunten Markt.

Ein Bach plätscherte leise.

Eines Tages wollte Pippa die Insel entdecken.

Aber es fing an zu regnen.

Oma Lina, die alles weiß, kam dazu.

Gut, dass ich da bin.

Gemeinsam nahmen sie das kleine Messer mit.

Unterwegs lachten sie eine Weile.

Unterwegs plauderten sie im Kreis.

Plötzlich quakte ein Frosch.

So war der Tag perfekt.

Lachen hilft immer."
173,Nora und der Schatz,"Nora, die viele Fragen stellt, lebte am alten Brunnen.

Der Himmel war blau.

Eines Tages wollte Nora die Höhle finden.

Aber die Karte war weg.

Oma Lina, die alles weiß, kam dazu.

Zusammen schaffen wir das!

Gemeinsam nahmen sie eine warme Decke mit.

Unterwegs tanzten sie fröhlich.

Unterwegs spielten sie eine Weile.

Plötzlich bellte ein Hund.

Alle klatschten vor Freude.

Wer wagt, gewinnt."
174,Theo und das Geheimnis,"Theo, ein fröhlicher Junge, lebte auf dem Spielplatz.

Vögel sangen lustig.

Eines Tages wollte Theo den hohen Berg sehen.

Aber es wurde dunkel.

Oma Lina, die alles weiß, kam dazu.

Keine Angst, ich helfe dir.

Gemeinsam nahmen sie eine bunte Karte mit.

Unterwegs lachten sie am Bach.

Unterwegs erzählten sie Geschichten.

Plötzlich fiel ein Blatt.

So wurde aus Angst Mut.

Mut wird belohnt."
175,Emma und der Plan,"Emma, ein mutiges Mädchen, lebte am blauen Fluss.

Es roch nach frischem Gras.

Eines Tages wollte Emma den Schatz suchen.

Aber der Fluss war zu tief.

Oma Lina, die alles weiß, kam dazu.

Ich komme mit!

Gemeinsam nahmen sie eine alte Münze mit.

Unterwegs tanzten sie eine Weile.

Unterwegs rasteten sie fröhlich.

Plötzlich summte eine Biene.

Alle lachten und gingen heim.

Teilen macht Freude."
176,Paul und die Reise,"Paul, der gerne baut, lebte auf der grünen Wiese.

Alles war still und friedlich.

Eines Tages wollte Paul den See überqueren.

Aber ein Baum lag quer.

Herr Dachs, der Gärtner, kam dazu.

Gut, dass ich da bin.

Gemeinsam nahmen sie das grüne Seil mit.

Unterwegs lachten sie im Kreis.

Unterwegs lachten sie laut.

Plötzlich klopfte es.

So endete das Abenteuer gut.

Zusammen ist alles leichter."
177,Mia und der Fund,"Mia, eine kleine Sängerin, lebte bei der großen Eiche.

Die Sonne schien warm.

Eines Tages wollte Mia das Meer finden.

Aber der Wind war stark.

Herr Dachs, der Gärtner, kam dazu.

Zusammen schaffen wir das!

Gemeinsam nahmen sie die kleine Laterne mit.

Unterwegs tanzten sie am Bach.

Unterwegs tanzten sie zusammen.

Plötzlich tanzte ein Schmetterling vorbei.

Am Ende waren alle glücklich.

Wahre Freunde helfen immer."
178,Leo und die Entdeckung,"Leo, der Tiere liebt, lebte im grünen Park.

Schmetterlinge flogen umher.

Eines Tages wollte Leo den Sternenhimmel sehen.

Aber es war neblig.

Herr Dachs, der Gärtner, kam dazu.

Keine Angst, ich helfe dir.

Gemeinsam nahmen sie die blaue Flasche mit.

Unterwegs lachten sie laut.

Unterwegs spielten sie im Kreis.

Plötzlich kam Wind auf.

Das Abenteuer blieb unvergessen.

Geduld bringt Glück."
179,Anna und der Ausflug,"Anna, die schnell denkt, lebte im alten Wald.

Es duftete nach Blumen.

Eines Tages wollte Anna den Turm besteigen.

Aber die Brücke war kaputt.

Herr Dachs, der Gärtner, kam dazu.

Ich komme mit!

Gemeinsam nahmen sie die gelbe Tasche mit.

Unterwegs tanzten sie im Kreis.

Unterwegs sangen sie ein Lied.

Plötzlich fiel eine Sternschnuppe.

Alle gingen zufrieden heim.

Neugier führt zu Wundern."
180,Max und der Wettkampf,"Max, ein fröhlicher Junge, lebte im gelben Feld.

Ein Bach plätscherte leise.

Eines Tages wollte Max das alte Schloss besuchen.

Aber ein Hund bellte laut.

Herr Dachs, der Gärtner, kam dazu.

Gut, dass ich da bin.

Gemeinsam nahmen sie das rote Seil mit.

Unterwegs sangen sie zusammen.

Unterwegs rasteten sie am Bach.

Plötzlich lachte jemand.

So war der Tag perfekt.

Lachen hilft immer."
181,Milo und das Rätsel,"Milo, ein neugieriger Junge, lebte in einem kleinen Dorf.

Der Himmel war blau.

Eines Tages wollte Milo den Wald erkunden.

Aber der Weg war versperrt.

Herr Dachs, der Gärtner, kam dazu.

Zusammen schaffen wir das!

Gemeinsam nahmen sie das alte Fernglas mit.

Unterwegs tanzten sie laut.

Unterwegs sangen sie fröhlich.

Plötzlich raschelte es laut.

Alle klatschten vor Freude.

Wer wagt, gewinnt."
182,Lena und die Überraschung,"Lena, die gerne malt, lebte auf dem bunten Markt.

Vögel sangen lustig.

Eines Tages wollte Lena die Insel entdecken.

Aber es fing an zu regnen.

Herr Dachs, der Gärtner, kam dazu.

Keine Angst, ich helfe dir.

Gemeinsam nahmen sie das kleine Messer mit.

Unterwegs sangen sie fröhlich.

Unterwegs tanzten sie eine Weile.

Plötzlich quakte ein Frosch.

So wurde aus Angst Mut.

Mut wird belohnt."
183,Finn und das große Abenteuer,"Finn, ein kleiner Träumer, lebte am alten Brunnen.

Es roch nach frischem Gras.

Eines Tages wollte Finn die Höhle finden.

Aber die Karte war weg.

Tante Mira, die lustige Nachbarin, kam dazu.

Ich komme mit!

Gemeinsam nahmen sie eine warme Decke mit.

Unterwegs rasteten sie zusammen.

Unterwegs lachten sie zusammen.

Plötzlich bellte ein Hund.

Alle lachten und gingen heim.

Teilen macht Freude."
184,Pippa und das Geheimnis,"Pippa, eine mutige Maus, lebte auf dem Spielplatz.

Alles war still und friedlich.

Eines Tages wollte Pippa den hohen Berg sehen.

Aber es wurde dunkel.

Tante Mira, die lustige Nachbarin, kam dazu.

Gut, dass ich da bin.

Gemeinsam nahmen sie eine bunte Karte mit.

Unterwegs sangen sie eine Weile.

Unterwegs plauderten sie fröhlich.

Plötzlich fiel ein Blatt.

So endete das Abenteuer gut.

Zusammen ist alles leichter."
185,Noras schönster Tag,"Nora, die viele Fragen stellt, lebte am blauen Fluss.

Die Sonne schien warm.

Eines Tages wollte Nora den Schatz suchen.

Aber der Fluss war zu tief.

Tante Mira, die lustige Nachbarin, kam dazu.

Zusammen schaffen wir das!

Gemeinsam nahmen sie eine alte Münze mit.

Unterwegs rasteten sie fröhlich.

Unterwegs rasteten sie laut.

Plötzlich summte eine Biene.

Am Ende waren alle glücklich.

Wahre Freunde helfen immer."
186,Theo und der Schatz,"Theo, ein fröhlicher Junge, lebte auf der grünen Wiese.

Schmetterlinge flogen umher.

Eines Tages wollte Theo den See überqueren.

Aber ein Baum lag quer.

Tante Mira, die lustige Nachbarin, kam dazu.

Keine Angst, ich helfe dir.

Gemeinsam nahmen sie das grüne Seil mit.

Unterwegs sangen sie am Bach.

Unterwegs sangen sie eine Weile.

Plötzlich klopfte es.

Das Abenteuer blieb unvergessen.

Geduld bringt Glück."
187,Emma und das Geheimnis,"Emma, ein mutiges Mädchen, lebte bei der großen Eiche.

Es duftete nach Blumen.

Eines Tages wollte Emma das Meer finden.

Aber der Wind war stark.

Tante Mira, die lustige Nachbarin, kam dazu.

Ich komme mit!

Gemeinsam nahmen sie die kleine Laterne mit.

Unterwegs rasteten sie eine Weile.

Unterwegs tanzten sie im Kreis.

Plötzlich tanzte ein Schmetterling vorbei.

Alle gingen zufrieden heim.

Neugier führt zu Wundern."
188,Paul und der Plan,"Paul, der gerne baut, lebte im grünen Park.

Ein Bach plätscherte leise.

Eines Tages wollte Paul den Sternenhimmel sehen.

Aber es war neblig.

Tante Mira, die lustige Nachbarin, kam dazu.

Gut, dass ich da bin.

Gemeinsam nahmen sie die blaue Flasche mit.

Unterwegs sangen sie im Kreis.

Unterwegs lachten sie eine Weile.

Plötzlich kam Wind auf.

So war der Tag perfekt.

Lachen hilft immer."
189,Mia und die Reise,"Mia, eine kleine Sängerin, lebte im alten Wald.

Der Himmel war blau.

Eines Tages wollte Mia den Turm besteigen.

Aber die Brücke war kaputt.

Tante Mira, die lustige Nachbarin, kam dazu.

Zusammen schaffen wir das!

Gemeinsam nahmen sie die gelbe Tasche mit.

Unterwegs rasteten sie am Bach.

Unterwegs plauderten sie am Bach.

Plötzlich fiel eine Sternschnuppe.

Alle klatschten vor Freude.

Wer wagt, gewinnt."
190,Leo und der Fund,"Leo, der Tiere liebt, lebte im gelben Feld.

Vögel sangen lustig.

Eines Tages wollte Leo das alte Schloss besuchen.

Aber ein Hund bellte laut.

Opa Karl, der alles repariert, kam dazu.

Keine Angst, ich helfe dir.

Gemeinsam nahmen sie das rote Seil mit.

Unterwegs sangen sie laut.

Unterwegs spielten sie fröhlich.

Plötzlich lachte jemand.

So wurde aus Angst Mut.

Mut wird belohnt."
191,Anna und die Entdeckung,"Anna, die schnell denkt, lebte in einem kleinen Dorf.

Es roch nach frischem Gras.

Eines Tages wollte Anna den Wald erkunden.

Aber der Weg war versperrt.

Opa Karl, der alles repariert, kam dazu.

Ich komme mit!

Gemeinsam nahmen sie das alte Fernglas mit.

Unterwegs rasteten sie im Kreis.

Unterwegs sangen sie laut.

Plötzlich raschelte es laut.

Alle lachten und gingen heim.

Teilen macht Freude."
192,Max und der Ausflug,"Max, ein fröhlicher Junge, lebte auf dem bunten Markt.

Alles war still und friedlich.

Eines Tages wollte Max die Insel entdecken.

Aber es fing an zu regnen.

Opa Karl, der alles repariert, kam dazu.

Gut, dass ich da bin.

Gemeinsam nahmen sie das kleine Messer mit.

Unterwegs erzählten sie Geschichten.

Unterwegs rasteten sie zusammen.

Plötzlich quakte ein Frosch.

So endete das Abenteuer gut.

Zusammen ist alles leichter."
193,Milo und der Wettkampf,"Milo, ein neugieriger Junge, lebte am alten Brunnen.

Die Sonne schien warm.

Eines Tages wollte Milo die Höhle finden.

Aber die Karte war weg.

Opa Karl, der alles repariert, kam dazu.

Zusammen schaffen wir das!

Gemeinsam nahmen sie eine warme Decke mit.

Unterwegs rasteten sie laut.

Unterwegs lachten sie im Kreis.

Plötzlich bellte ein Hund.

Am Ende waren alle glücklich.

Wahre Freunde helfen immer."
194,Lena und das Rätsel,"Lena, die gerne malt, lebte auf dem Spielplatz.

Schmetterlinge flogen umher.

Eines Tages wollte Lena den hohen Berg sehen.

Aber es wurde dunkel.

Opa Karl, der alles repariert, kam dazu.

Keine Angst, ich helfe dir.

Gemeinsam nahmen sie eine bunte Karte mit.

Unterwegs lachten sie viel.

Unterwegs plauderten sie laut.

Plötzlich fiel ein Blatt.

Das Abenteuer blieb unvergessen.

Geduld bringt Glück."
195,Finn und die Überraschung,"Finn, ein kleiner Träumer, lebte am blauen Fluss.

Es duftete nach Blumen.

Eines Tages wollte Finn den Schatz suchen.

Aber der Fluss war zu tief.

Opa Karl, der alles repariert, kam dazu.

Ich komme mit!

Gemeinsam nahmen sie eine alte Münze mit.

Unterwegs spielten sie zusammen.

Unterwegs spielten sie am Bach.

Plötzlich summte eine Biene.

Alle gingen zufrieden heim.

Neugier führt zu Wundern."
196,Pippa und das große Abenteuer,"Pippa, eine mutige Maus, lebte auf der grünen Wiese.

Ein Bach plätscherte leise.

Eines Tages wollte Pippa den See überqueren.

Aber ein Baum lag quer.

Opa Karl, der alles repariert, kam dazu.

Gut, dass ich da bin.

Gemeinsam nahmen sie das grüne Seil mit.

Unterwegs sangen sie ein Lied.

Unterwegs lachten sie viel.

Plötzlich klopfte es.

So war der Tag perfekt.

Lachen hilft immer."
197,Nora und das Geheimnis,"Nora, die viele Fragen stellt, lebte bei der großen Eiche.

Der Himmel war blau.

Eines Tages wollte Nora das Meer finden.

Aber der Wind war stark.

Frau Sonne, die Bäckerin, kam dazu.

Zusammen schaffen wir das!

Gemeinsam nahmen sie die kleine Laterne mit.

Unterwegs spielten sie fröhlich.

Unterwegs rasteten sie eine Weile.

Plötzlich tanzte ein Schmetterling vorbei.

Alle klatschten vor Freude.

Wer wagt, gewinnt."
198,Theos schönster Tag,"Theo, ein fröhlicher Junge, lebte im grünen Park.

Vögel sangen lustig.

Eines Tages wollte Theo den Sternenhimmel sehen.

Aber es war neblig.

Frau Sonne, die Bäckerin, kam dazu.

Keine Angst, ich helfe dir.

Gemeinsam nahmen sie die blaue Flasche mit.

Unterwegs plauderten sie zusammen.

Unterwegs sangen sie zusammen.

Plötzlich kam Wind auf.

So wurde aus Angst Mut.

Mut wird belohnt."
199,Emma und der Schatz,"Emma, ein mutiges Mädchen, lebte im alten Wald.

Es roch nach frischem Gras.

Eines Tages wollte Emma den Turm besteigen.

Aber die Brücke war kaputt.

Frau Sonne, die Bäckerin, kam dazu.

Ich komme mit!

Gemeinsam nahmen sie die gelbe Tasche mit.

Unterwegs spielten sie eine Weile.

Unterwegs tanzten sie fröhlich.

Plötzlich fiel eine Sternschnuppe.

Alle lachten und gingen heim.

Teilen macht Freude."
200,Paul und das Geheimnis,"Paul, der gerne baut, lebte im gelben Feld.

Alles war still und friedlich.

Eines Tages wollte Paul das alte Schloss besuchen.

Aber ein Hund bellte laut.

Frau Sonne, die Bäckerin, kam dazu.

Gut, dass ich da bin.

Gemeinsam nahmen sie das rote Seil mit.

Unterwegs plauderten sie fröhlich.

Unterwegs spielten sie laut.

Plötzlich lachte jemand.

So endete das Abenteuer gut.

Zusammen ist alles leichter."
201,Mia und der Plan,"Mia, eine kleine Sängerin, lebte in einem kleinen Dorf.

Die Sonne schien warm.

Eines Tages wollte Mia den Wald erkunden.

Aber der Weg war versperrt.

Frau Sonne, die Bäckerin, kam dazu.

Zusammen schaffen wir das!

Gemeinsam nahmen sie das alte Fernglas mit.

Unterwegs spielten sie am Bach.

Unterwegs plauderten sie zusammen.

Plötzlich raschelte es laut.

Am Ende waren alle glücklich.

Wahre Freunde helfen immer."
202,Leo und die Reise,"Leo, der Tiere liebt, lebte auf dem bunten Markt.

Schmetterlinge flogen umher.

Eines Tages wollte Leo die Insel entdecken.

Aber es fing an zu regnen.

Frau Sonne, die Bäckerin, kam dazu.

Keine Angst, ich helfe dir.

Gemeinsam nahmen sie das kleine Messer mit.

Unterwegs plauderten sie eine Weile.

Unterwegs rasteten sie im Kreis.

Plötzlich quakte ein Frosch.

Das Abenteuer blieb unvergessen.

Geduld bringt Glück."
203,Anna und der Fund,"Anna, die schnell denkt, lebte am alten Brunnen.

Es duftete nach Blumen.

Eines Tages wollte Anna die Höhle finden.

Aber die Karte war weg.

Frau Sonne, die Bäckerin, kam dazu.

Ich komme mit!

Gemeinsam nahmen sie eine warme Decke mit.

Unterwegs spielten sie im Kreis.

Unterwegs sangen sie eine Weile.

Plötzlich bellte ein Hund.

Alle gingen zufrieden heim.

Neugier führt zu Wundern."
204,Max und die Entdeckung,"Max, ein fröhlicher Junge, lebte auf dem Spielplatz.

Ein Bach plätscherte leise.

Eines Tages wollte Max den hohen Berg sehen.

Aber es wurde dunkel.

Herr Post, der Briefträger, kam dazu.

Gut, dass ich da bin.

Gemeinsam nahmen sie eine bunte Karte mit.

Unterwegs plauderten sie am Bach.

Unterwegs tanzten sie am Bach.

Plötzlich fiel ein Blatt.

So war der Tag perfekt.

Lachen hilft immer."
205,Milo und der Ausflug,"Milo, ein neugieriger Junge, lebte am blauen Fluss.

Der Himmel war blau.

Eines Tages wollte Milo den Schatz suchen.

Aber der Fluss war zu tief.

Herr Post, der Briefträger, kam dazu.

Zusammen schaffen wir das!

Gemeinsam nahmen sie eine alte Münze mit.

Unterwegs spielten sie laut.

Unterwegs lachten sie fröhlich.

Plötzlich summte eine Biene.

Alle klatschten vor Freude.

Wer wagt, gewinnt."
206,Lena und der Wettkampf,"Lena, die gerne malt, lebte auf der grünen Wiese.

Vögel sangen lustig.

Eines Tages wollte Lena den See überqueren.

Aber ein Baum lag quer.

Herr Post, der Briefträger, kam dazu.

Keine Angst, ich helfe dir.

Gemeinsam nahmen sie das grüne Seil mit.

Unterwegs plauderten sie im Kreis.

Unterwegs plauderten sie eine Weile.

Plötzlich klopfte es.

So wurde aus Angst Mut.

Mut wird belohnt."
207,Finn und das Rätsel,"Finn, ein kleiner Träumer, lebte bei der großen Eiche.

Es roch nach frischem Gras.

Eines Tages wollte Finn das Meer finden.

Aber der Wind war stark.

Herr Post, der Briefträger, kam dazu.

Ich komme mit!

Gemeinsam nahmen sie die kleine Laterne mit.

Unterwegs lachten sie zusammen.

Unterwegs spielten sie zusammen.

Plötzlich tanzte ein Schmetterling vorbei.

Alle lachten und gingen heim.

Teilen macht Freude."
208,Pippa und die Überraschung,"Pippa, eine mutige Maus, lebte im grünen Park.

Alles war still und friedlich.

Eines Tages wollte Pippa den Sternenhimmel sehen.

Aber es war neblig.

Herr Post, der Briefträger, kam dazu.

Gut, dass ich da bin.

Gemeinsam nahmen sie die blaue Flasche mit.

Unterwegs plauderten sie laut.

Unterwegs sangen sie im Kreis.

Plötzlich kam Wind auf.

So endete das Abenteuer gut.

Zusammen ist alles leichter."
209,Nora und das große Abenteuer,"Nora, die viele Fragen stellt, lebte im alten Wald.

Die Sonne schien warm.

Eines Tages wollte Nora den Turm besteigen.

Aber die Brücke war kaputt.

Herr Post, der Briefträger, kam dazu.

Zusammen schaffen wir das!

Gemeinsam nahmen sie die gelbe Tasche mit.

Unterwegs lachten sie fröhlich.

Unterwegs tanzten sie laut.

Plötzlich fiel eine Sternschnuppe.

Am Ende waren alle glücklich.

Wahre Freunde helfen immer."
210,Theo und das Geheimnis,"Theo, ein fröhlicher Junge, lebte im gelben Feld.

Schmetterlinge flogen umher.

Eines Tages wollte Theo das alte Schloss besuchen.

Aber ein Hund bellte laut.

Herr Post, der Briefträger, kam dazu.

Keine Angst, ich helfe dir.

Gemeinsam nahmen sie das rote Seil mit.

Unterwegs tanzten sie zusammen.

Unterwegs lachten sie am Bach.

Plötzlich lachte jemand.

Das Abenteuer blieb unvergessen.

Geduld bringt Glück."
211,Emmas schönster Tag,"Emma, ein mutiges Mädchen, lebte in einem kleinen Dorf.

Es duftete nach Blumen.

Eines Tages wollte Emma den Wald erkunden.

Aber der Weg war versperrt.

Oma Lina, die alles weiß, kam dazu.

Ich komme mit!

Gemeinsam nahmen sie das alte Fernglas mit.

Unterwegs lachten sie eine Weile.

Unterwegs plauderten sie im Kreis.

Plötzlich raschelte es laut.

Alle gingen zufrieden heim.

Neugier führt zu Wundern."
212,Paul und der Schatz,"Paul, der gerne baut, lebte auf dem bunten Markt.

Ein Bach plätscherte leise.

Eines Tages wollte Paul die Insel entdecken.

Aber es fing an zu regnen.

Oma Lina, die alles weiß, kam dazu.

Gut, dass ich da bin.

Gemeinsam nahmen sie das kleine Messer mit.

Unterwegs tanzten sie fröhlich.

Unterwegs spielten sie eine Weile.

Plötzlich quakte ein Frosch.

So war der Tag perfekt.

Lachen hilft immer."
213,Mia und das Geheimnis,"Mia, eine kleine Sängerin, lebte am alten Brunnen.

Der Himmel war blau.

Eines Tages wollte Mia die Höhle finden.

Aber die Karte war weg.

Oma Lina, die alles weiß, kam dazu.

Zusammen schaffen wir das!

Gemeinsam nahmen sie eine warme Decke mit.

Unterwegs lachten sie am Bach.

Unterwegs erzählten sie Geschichten.

Plötzlich bellte ein Hund.

Alle klatschten vor Freude.

Wer wagt, gewinnt."
214,Leo und der Plan,"Leo, der Tiere liebt, lebte auf dem Spielplatz.

Vögel sangen lustig.

Eines Tages wollte Leo den hohen Berg sehen.

Aber es wurde dunkel.

Oma Lina, die alles weiß, kam dazu.

Keine Angst, ich helfe dir.

Gemeinsam nahmen sie eine bunte Karte mit.

Unterwegs tanzten sie eine Weile.

Unterwegs rasteten sie fröhlich.

Plötzlich fiel ein Blatt.

So wurde aus Angst Mut.

Mut wird belohnt."
215,Anna und die Reise,"Anna, die schnell denkt, lebte am blauen Fluss.

Es roch nach frischem Gras.

Eines Tages wollte Anna den Schatz suchen.

Aber der Fluss war zu tief.

Oma Lina, die alles weiß, kam dazu.

Ich komme mit!

Gemeinsam nahmen sie eine alte Münze mit.

Unterwegs lachten sie im Kreis.

Unterwegs lachten sie laut.

Plötzlich summte eine Biene.

Alle lachten und gingen heim.

Teilen macht Freude."
216,Max und der Fund,"Max, ein fröhlicher Junge, lebte auf der grünen Wiese.

Alles war still und friedlich.

Eines Tages wollte Max den See überqueren.

Aber ein Baum lag quer.

Oma Lina, die alles weiß, kam dazu.

Gut, dass ich da bin.

Gemeinsam nahmen sie das grüne Seil mit.

Unterwegs tanzten sie am Bach.

Unterwegs tanzten sie zusammen.

Plötzlich klopfte es.

So endete das Abenteuer gut.

Zusammen ist alles leichter."
217,Milo und die Entdeckung,"Milo, ein neugieriger Junge, lebte bei der großen Eiche.

Die Sonne schien warm.

Eines Tages wollte Milo das Meer finden.

Aber der Wind war stark.

Oma Lina, die alles weiß, kam dazu.

Zusammen schaffen wir das!

Gemeinsam nahmen sie die kleine Laterne mit.

Unterwegs lachten sie laut.

Unterwegs spielten sie im Kreis.

Plötzlich tanzte ein Schmetterling vorbei.

Am Ende waren alle glücklich.

Wahre Freunde helfen immer."
218,Lena und der Ausflug,"Lena, die gerne malt, lebte im grünen Park.

Schmetterlinge flogen umher.

Eines Tages wollte Lena den Sternenhimmel sehen.

Aber es war neblig.

Herr Dachs, der Gärtner, kam dazu.

Keine Angst, ich helfe dir.

Gemeinsam nahmen sie die blaue Flasche mit.

Unterwegs tanzten sie im Kreis.

Unterwegs sangen sie ein Lied.

Plötzlich kam Wind auf.

Das Abenteuer blieb unvergessen.

Geduld bringt Glück."
219,Finn und der Wettkampf,"Finn, ein kleiner Träumer, lebte im alten Wald.

Es duftete nach Blumen.

Eines Tages wollte Finn den Turm besteigen.

Aber die Brücke war kaputt.

Herr Dachs, der Gärtner, kam dazu.

Ich komme mit!

Gemeinsam nahmen sie die gelbe Tasche mit.

Unterwegs sangen sie zusammen.

Unterwegs rasteten sie am Bach.

Plötzlich fiel eine Sternschnuppe.

Alle gingen zufrieden heim.

Neugier führt zu Wundern."
220,Pippa und das Rätsel,"Pippa, eine mutige Maus, lebte im gelben Feld.

Ein Bach plätscherte leise.

Eines Tages wollte Pippa das alte Schloss besuchen.

Aber ein Hund bellte laut.

Herr Dachs, der Gärtner, kam dazu.

Gut, dass ich da bin.

Gemeinsam nahmen sie das rote Seil mit.

Unterwegs tanzten sie laut.

Unterwegs sangen sie fröhlich.

Plötzlich lachte jemand.

So war der Tag perfekt.

Lachen hilft immer."
221,Nora und die Überraschung,"Nora, die viele Fragen stellt, lebte in einem kleinen Dorf.

Der Himmel war blau.

Eines Tages wollte Nora den Wald erkunden.

Aber der Weg war versperrt.

Herr Dachs, der Gärtner, kam dazu.

Zusammen schaffen wir das!

Gemeinsam nahmen sie das alte Fernglas mit.

Unterwegs sangen sie fröhlich.

Unterwegs tanzten sie eine Weile.

Plötzlich raschelte es laut.

Alle klatschten vor Freude.

Wer wagt, gewinnt."
222,Theo und das große Abenteuer,"Theo, ein fröhlicher Junge, lebte auf dem bunten Markt.

Vögel sangen lustig.

Eines Tages wollte Theo die Insel entdecken.

Aber es fing an zu regnen.

Herr Dachs, der Gärtner, kam dazu.

Keine Angst, ich helfe dir.

Gemeinsam nahmen sie das kleine Messer mit.

Unterwegs rasteten sie zusammen.

Unterwegs lachten sie zusammen.

Plötzlich quakte ein Frosch.

So wurde aus Angst Mut.

Mut wird belohnt."
223,Emma und das Geheimnis,"Emma, ein mutiges Mädchen, lebte am alten Brunnen.

Es roch nach frischem Gras.

Eines Tages wollte Emma die Höhle finden.

Aber die Karte war weg.

Herr Dachs, der Gärtner, kam dazu.

Ich komme mit!

Gemeinsam nahmen sie eine warme Decke mit.

Unterwegs sangen sie eine Weile.

Unterwegs plauderten sie fröhlich.

Plötzlich bellte ein Hund.

Alle lachten und gingen heim.

Teilen macht Freude."
224,Pauls schönster Tag,"Paul, der gerne baut, lebte auf dem Spielplatz.

Alles war still und friedlich.

Eines Tages wollte Paul den hohen Berg sehen.

Aber es wurde dunkel.

Herr Dachs, der Gärtner, kam dazu.

Gut, dass ich da bin.

Gemeinsam nahmen sie eine bunte Karte mit.

Unterwegs rasteten sie fröhlich.

Unterwegs rasteten sie laut.

Plötzlich fiel ein Blatt.

So endete das Abenteuer gut.

Zusammen ist alles leichter."
225,Mia und der Schatz,"Mia, eine kleine Sängerin, lebte am blauen Fluss.

Die Sonne schien warm.

Eines Tages wollte Mia den Schatz suchen.

Aber der Fluss war zu tief.

Tante Mira, die lustige Nachbarin, kam dazu.

Zusammen schaffen wir das!

Gemeinsam nahmen sie eine alte Münze mit.

Unterwegs sangen sie am Bach.

Unterwegs sangen sie eine Weile.

Plötzlich summte eine Biene.

Am Ende waren alle glücklich.

Wahre Freunde helfen immer."
226,Leo und das Geheimnis,"Leo, der Tiere liebt, lebte auf der grünen Wiese.

Schmetterlinge flogen umher.

Eines Tages wollte Leo den See überqueren.

Aber ein Baum lag quer.

Tante Mira, die lustige Nachbarin, kam dazu.

Keine Angst, ich helfe dir.

Gemeinsam nahmen sie das grüne Seil mit.

Unterwegs rasteten sie eine Weile.

Unterwegs tanzten sie im Kreis.

Plötzlich klopfte es.

Das Abenteuer blieb unvergessen.

Geduld bringt Glück."
227,Anna und der Plan,"Anna, die schnell denkt, lebte bei der großen Eiche.

Es duftete nach Blumen.

Eines Tages wollte Anna das Meer finden.

Aber der Wind war stark.

Tante Mira, die lustige Nachbarin, kam dazu.

Ich komme mit!

Gemeinsam nahmen sie die kleine Laterne mit.

Unterwegs sangen sie im Kreis.

Unterwegs lachten sie eine Weile.

Plötzlich tanzte ein Schmetterling vorbei.

Alle gingen zufrieden heim.

Neugier führt zu Wundern."
228,Max und die Reise,"Max, ein fröhlicher Junge, lebte im grünen Park.

Ein Bach plätscherte leise.

Eines Tages wollte Max den Sternenhimmel sehen.

Aber es war neblig.

Tante Mira, die lustige Nachbarin, kam dazu.

Gut, dass ich da bin.

Gemeinsam nahmen sie die blaue Flasche mit.

Unterwegs rasteten sie am Bach.

Unterwegs plauderten sie am Bach.

Plötzlich kam Wind auf.

So war der Tag perfekt.

Lachen hilft immer."
229,Milo und der Fund,"Milo, ein neugieriger Junge, lebte im alten Wald.

Der Himmel war blau.

Eines Tages wollte Milo den Turm besteigen.

Aber die Brücke war kaputt.

Tante Mira, die lustige Nachbarin, kam dazu.

Zusammen schaffen wir das!

Gemeinsam nahmen sie die gelbe Tasche mit.

Unterwegs sangen sie laut.

Unterwegs spielten sie fröhlich.

Plötzlich fiel eine Sternschnuppe.

Alle klatschten vor Freude.

Wer wagt, gewinnt."
230,Lena und die Entdeckung,"Lena, die gerne malt, lebte im gelben Feld.

Vögel sangen lustig.

Eines Tages wollte Lena das alte Schloss besuchen.

Aber ein Hund bellte laut.

Tante Mira, die lustige Nachbarin, kam dazu.

Keine Angst, ich helfe dir.

Gemeinsam nahmen sie das rote Seil mit.

Unterwegs rasteten sie im Kreis.

Unterwegs sangen sie laut.

Plötzlich lachte jemand.

So wurde aus Angst Mut.

Mut wird belohnt."
231,Finn und der Ausflug,"Finn, ein kleiner Träumer, lebte in einem kleinen Dorf.

Es roch nach frischem Gras.

Eines Tages wollte Finn den Wald erkunden.

Aber der Weg war versperrt.

Tante Mira, die lustige Nachbarin, kam dazu.

Ich komme mit!

Gemeinsam nahmen sie das alte Fernglas mit.

Unterwegs erzählten sie Geschichten.

Unterwegs rasteten sie zusammen.

Plötzlich raschelte es laut.

Alle lachten und gingen heim.

Teilen macht Freude."
232,Pippa und der Wettkampf,"Pippa, eine mutige Maus, lebte auf dem bunten Markt.

Alles war still und friedlich.

Eines Tages wollte Pippa die Insel entdecken.

Aber es fing an zu regnen.

Opa Karl, der alles repariert, kam dazu.

Gut, dass ich da bin.

Gemeinsam nahmen sie das kleine Messer mit.

Unterwegs rasteten sie laut.

Unterwegs lachten sie im Kreis.

Plötzlich quakte ein Frosch.

So endete das Abenteuer gut.

Zusammen ist alles leichter."
233,Nora und das Rätsel,"Nora, die viele Fragen stellt, lebte am alten Brunnen.

Die Sonne schien warm.

Eines Tages wollte Nora die Höhle finden.

Aber die Karte war weg.

Opa Karl, der alles repariert, kam dazu.

Zusammen schaffen wir das!

Gemeinsam nahmen sie eine warme Decke mit.

Unterwegs lachten sie viel.

Unterwegs plauderten sie laut.

Plötzlich bellte ein Hund.

Am Ende waren alle glücklich.

Wahre Freunde helfen immer."
234,Theo und die Überraschung,"Theo, ein fröhlicher Junge, lebte auf dem Spielplatz.

Schmetterlinge flogen umher.

Eines Tages wollte Theo den hohen Berg sehen.

Aber es wurde dunkel.

Opa Karl, der alles repariert, kam dazu.

Keine Angst, ich helfe dir.

Gemeinsam nahmen sie eine bunte Karte mit.

Unterwegs spielten sie zusammen.

Unterwegs spielten sie am Bach.

Plötzlich fiel ein Blatt.

Das Abenteuer blieb unvergessen.

Geduld bringt Glück."
235,Emma und das große Abenteuer,"Emma, ein mutiges Mädchen, lebte am blauen Fluss.

Es duftete nach Blumen.

Eines Tages wollte Emma den Schatz suchen.

Aber der Fluss war zu tief.

Opa Karl, der alles repariert, kam dazu.

Ich komme mit!

Gemeinsam nahmen sie eine alte Münze mit.

Unterwegs sangen sie ein Lied.

Unterwegs lachten sie viel.

Plötzlich summte eine Biene.

Alle gingen zufrieden heim.

Neugier führt zu Wundern."
236,Paul und das Geheimnis,"Paul, der gerne baut, lebte auf der grünen Wiese.

Ein Bach plätscherte leise.

Eines Tages wollte Paul den See überqueren.

Aber ein Baum lag quer.

Opa Karl, der alles repariert, kam dazu.

Gut, dass ich da bin.

Gemeinsam nahmen sie das grüne Seil mit.

Unterwegs spielten sie fröhlich.

Unterwegs rasteten sie eine Weile.

Plötzlich klopfte es.

So war der Tag perfekt.

Lachen hilft immer."
237,Mias schönster Tag,"Mia, eine kleine Sängerin, lebte bei der großen Eiche.

Der Himmel war blau.

Eines Tages wollte Mia das Meer finden.

Aber der Wind war stark.

Opa Karl, der alles repariert, kam dazu.

Zusammen schaffen wir das!

Gemeinsam nahmen sie die kleine Laterne mit.

Unterwegs plauderten sie zusammen.

Unterwegs sangen sie zusammen.

Plötzlich tanzte ein Schmetterling vorbei.

Alle klatschten vor Freude.

Wer wagt, gewinnt."
238,Leo und der Schatz,"Leo, der Tiere liebt, lebte im grünen Park.

Vögel sangen lustig.

Eines Tages wollte Leo den Sternenhimmel sehen.

Aber es war neblig.

Opa Karl, der alles repariert, kam dazu.

Keine Angst, ich helfe dir.

Gemeinsam nahmen sie die blaue Flasche mit.

Unterwegs spielten sie eine Weile.

Unterwegs tanzten sie fröhlich.

Plötzlich kam Wind auf.

So wurde aus Angst Mut.

Mut wird belohnt."
239,Anna und das Geheimnis,"Anna, die schnell denkt, lebte im alten Wald.

Es roch nach frischem Gras.

Eines Tages wollte Anna den Turm besteigen.

Aber die Brücke war kaputt.

Frau Sonne, die Bäckerin, kam dazu.

Ich komme mit!

Gemeinsam nahmen sie die gelbe Tasche mit.

Unterwegs plauderten sie fröhlich.

Unterwegs spielten sie laut.

Plötzlich fiel eine Sternschnuppe.

Alle lachten und gingen heim.

Teilen macht Freude."
240,Max und der Plan,"Max, ein fröhlicher Junge, lebte im gelben Feld.

Alles war still und friedlich.

Eines Tages wollte Max das alte Schloss besuchen.

Aber ein Hund bellte laut.

Frau Sonne, die Bäckerin, kam dazu.

Gut, dass ich da bin.

Gemeinsam nahmen sie das rote Seil mit.

Unterwegs spielten sie am Bach.

Unterwegs plauderten sie zusammen.

Plötzlich lachte jemand.

So endete das Abenteuer gut.

Zusammen ist alles leichter."
241,Milo und die Reise,"Milo, ein neugieriger Junge, lebte in einem kleinen Dorf.

Die Sonne schien warm.

Eines Tages wollte Milo den Wald erkunden.

Aber der Weg war versperrt.

Frau Sonne, die Bäckerin, kam dazu.

Zusammen schaffen wir das!

Gemeinsam nahmen sie das alte Fernglas mit.

Unterwegs plauderten sie eine Weile.

Unterwegs rasteten sie im Kreis.

Plötzlich raschelte es laut.

Am Ende waren alle glücklich.

Wahre Freunde helfen immer."
242,Lena und der Fund,"Lena, die gerne malt, lebte auf dem bunten Markt.

Schmetterlinge flogen umher.

Eines Tages wollte Lena die Insel entdecken.

Aber es fing an zu regnen.

Frau Sonne, die Bäckerin, kam dazu.

Keine Angst, ich helfe dir.

Gemeinsam nahmen sie das kleine Messer mit.

Unterwegs spielten sie im Kreis.

Unterwegs sangen sie eine Weile.

Plötzlich quakte ein Frosch.

Das Abenteuer blieb unvergessen.

Geduld bringt Glück."
243,Finn und die Entdeckung,"Finn, ein kleiner Träumer, lebte am alten Brunnen.

Es duftete nach Blumen.

Eines Tages wollte Finn die Höhle finden.

Aber die Karte war weg.

Frau Sonne, die Bäckerin, kam dazu.

Ich komme mit!

Gemeinsam nahmen sie eine warme Decke mit.

Unterwegs plauderten sie am Bach.

Unterwegs tanzten sie am Bach.

Plötzlich bellte ein Hund.

Alle gingen zufrieden heim.

Neugier führt zu Wundern."
244,Pippa und der Ausflug,"Pippa, eine mutige Maus, lebte auf dem Spielplatz.

Ein Bach plätscherte leise.

Eines Tages wollte Pippa den hohen Berg sehen.

Aber es wurde dunkel.

Frau Sonne, die Bäckerin, kam dazu.

Gut, dass ich da bin.

Gemeinsam nahmen sie eine bunte Karte mit.

Unterwegs spielten sie laut.

Unterwegs lachten sie fröhlich.

Plötzlich fiel ein Blatt.

So war der Tag perfekt.

Lachen hilft immer."
245,Nora und der Wettkampf,"Nora, die viele Fragen stellt, lebte am blauen Fluss.

Der Himmel war blau.

Eines Tages wollte Nora den Schatz suchen.

Aber der Fluss war zu tief.

Frau Sonne, die Bäckerin, kam dazu.

Zusammen schaffen wir das!

Gemeinsam nahmen sie eine alte Münze mit.

Unterwegs plauderten sie im Kreis.

Unterwegs plauderten sie eine Weile.

Plötzlich summte eine Biene.

Alle klatschten vor Freude.

Wer wagt, gewinnt."
246,Theo und das Rätsel,"Theo, ein fröhlicher Junge, lebte auf der grünen Wiese.

Vögel sangen lustig.

Eines Tages wollte Theo den See überqueren.

Aber ein Baum lag quer.

Herr Post, der Briefträger, kam dazu.

Keine Angst, ich helfe dir.

Gemeinsam nahmen sie das grüne Seil mit.

Unterwegs lachten sie zusammen.

Unterwegs spielten sie zusammen.

Plötzlich klopfte es.

So wurde aus Angst Mut.

Mut wird belohnt."
247,Emma und die Überraschung,"Emma, ein mutiges Mädchen, lebte bei der großen Eiche.

Es roch nach frischem Gras.

Eines Tages wollte Emma das Meer finden.

Aber der Wind war stark.

Herr Post, der Briefträger, kam dazu.

Ich komme mit!

Gemeinsam nahmen sie die kleine Laterne mit.

Unterwegs plauderten sie laut.

Unterwegs sangen sie im Kreis.

Plötzlich tanzte ein Schmetterling vorbei.

Alle lachten und gingen heim.

Teilen macht Freude."
248,Paul und das große Abenteuer,"Paul, der gerne baut, lebte im grünen Park.

Alles war still und friedlich.

Eines Tages wollte Paul den Sternenhimmel sehen.

Aber es war neblig.

Herr Post, der Briefträger, kam dazu.

Gut, dass ich da bin.

Gemeinsam nahmen sie die blaue Flasche mit.

Unterwegs lachten sie fröhlich.

Unterwegs tanzten sie laut.

Plötzlich kam Wind auf.

So endete das Abenteuer gut.

Zusammen ist alles leichter."
249,Mia und das Geheimnis,"Mia, eine kleine Sängerin, lebte im alten Wald.

Die Sonne schien warm.

Eines Tages wollte Mia den Turm besteigen.

Aber die Brücke war kaputt.

Herr Post, der Briefträger, kam dazu.

Zusammen schaffen wir das!

Gemeinsam nahmen sie die gelbe Tasche mit.

Unterwegs tanzten sie zusammen.

Unterwegs lachten sie am Bach.

Plötzlich fiel eine Sternschnuppe.

Am Ende waren alle glücklich.

Wahre Freunde helfen immer."
250,Leos schönster Tag,"Leo, der Tiere liebt, lebte im gelben Feld.

Schmetterlinge flogen umher.

Eines Tages wollte Leo das alte Schloss besuchen.

Aber ein Hund bellte laut.

Herr Post, der Briefträger, kam dazu.

Keine Angst, ich helfe dir.

Gemeinsam nahmen sie das rote Seil mit.

Unterwegs lachten sie eine Weile.

Unterwegs plauderten sie im Kreis.

Plötzlich lachte jemand.

Das Abenteuer blieb unvergessen.

Geduld bringt Glück."
251,Anna und der Schatz,"Anna, die schnell denkt, lebte in einem kleinen Dorf.

Es duftete nach Blumen.

Eines Tages wollte Anna den Wald erkunden.

Aber der Weg war versperrt.

Herr Post, der Briefträger, kam dazu.

Ich komme mit!

Gemeinsam nahmen sie das alte Fernglas mit.

Unterwegs tanzten sie fröhlich.

Unterwegs spielten sie eine Weile.

Plötzlich raschelte es laut.

Alle gingen zufrieden heim.

Neugier führt zu Wundern."
252,Max und das Geheimnis,"Max, ein fröhlicher Junge, lebte auf dem bunten Markt.

Ein Bach plätscherte leise.

Eines Tages wollte Max die Insel entdecken.

Aber es fing an zu regnen.

Herr Post, der Briefträger, kam dazu.

Gut, dass ich da bin.

Gemeinsam nahmen sie das kleine Messer mit.

Unterwegs lachten sie am Bach.

Unterwegs erzählten sie Geschichten.

Plötzlich quakte ein Frosch.

So war der Tag perfekt.

Lachen hilft immer."
253,Milo und der Plan,"Milo, ein neugieriger Junge, lebte am alten Brunnen.

Der Himmel war blau.

Eines Tages wollte Milo die Höhle finden.

Aber die Karte war weg.

Oma Lina, die alles weiß, kam dazu.

Zusammen schaffen wir das!

Gemeinsam nahmen sie eine warme Decke mit.

Unterwegs tanzten sie eine Weile.

Unterwegs rasteten sie fröhlich.

Plötzlich bellte ein Hund.

Alle klatschten vor Freude.

Wer wagt, gewinnt."
254,Lena und die Reise,"Lena, die gerne malt, lebte auf dem Spielplatz.

Vögel sangen lustig.

Eines Tages wollte Lena den hohen Berg sehen.

Aber es wurde dunkel.

Oma Lina, die alles weiß, kam dazu.

Keine Angst, ich helfe dir.

Gemeinsam nahmen sie eine bunte Karte mit.

Unterwegs lachten sie im Kreis.

Unterwegs lachten sie laut.

Plötzlich fiel ein Blatt.

So wurde aus Angst Mut.

Mut wird belohnt."
255,Finn und der Fund,"Finn, ein kleiner Träumer, lebte am blauen Fluss.

Es roch nach frischem Gras.

Eines Tages wollte Finn den Schatz suchen.

Aber der Fluss war zu tief.

Oma Lina, die alles weiß, kam dazu.

Ich komme mit!

Gemeinsam nahmen sie eine alte Münze mit.

Unterwegs tanzten sie am Bach.

Unterwegs tanzten sie zusammen.

Plötzlich summte eine Biene.

Alle lachten und gingen heim.

Teilen macht Freude."
256,Pippa und die Entdeckung,"Pippa, eine mutige Maus, lebte auf der grünen Wiese.

Alles war still und friedlich.

Eines Tages wollte Pippa den See überqueren.

Aber ein Baum lag quer.

Oma Lina, die alles weiß, kam dazu.

Gut, dass ich da bin.

Gemeinsam nahmen sie das grüne Seil mit.

Unterwegs lachten sie laut.

Unterwegs spielten sie im Kreis.

Plötzlich klopfte es.

So endete das Abenteuer gut.

Zusammen ist alles leichter."
257,Nora und der Ausflug,"Nora, die viele Fragen stellt, lebte bei der großen Eiche.

Die Sonne schien warm.

Eines Tages wollte Nora das Meer finden.

Aber der Wind war stark.

Oma Lina, die alles weiß, kam dazu.

Zusammen schaffen wir das!

Gemeinsam nahmen sie die kleine Laterne mit.

Unterwegs tanzten sie im Kreis.

Unterwegs sangen sie ein Lied.

Plötzlich tanzte ein Schmetterling vorbei.

Am Ende waren alle glücklich.

Wahre Freunde helfen immer."
258,Theo und der Wettkampf,"Theo, ein fröhlicher Junge, lebte im grünen Park.

Schmetterlinge flogen umher.

Eines Tages wollte Theo den Sternenhimmel sehen.

Aber es war neblig.

Oma Lina, die alles weiß, kam dazu.

Keine Angst, ich helfe dir.

Gemeinsam nahmen sie die blaue Flasche mit.

Unterwegs sangen sie zusammen.

Unterwegs rasteten sie am Bach.

Plötzlich kam Wind auf.

Das Abenteuer blieb unvergessen.

Geduld bringt Glück."
259,Emma und das Rätsel,"Emma, ein mutiges Mädchen, lebte im alten Wald.

Es duftete nach Blumen.

Eines Tages wollte Emma den Turm besteigen.

Aber die Brücke war kaputt.

Oma Lina, die alles weiß, kam dazu.

Ich komme mit!

Gemeinsam nahmen sie die gelbe Tasche mit.

Unterwegs tanzten sie laut.

Unterwegs sangen sie fröhlich.

Plötzlich fiel eine Sternschnuppe.

Alle gingen zufrieden heim.

Neugier führt zu Wundern."
260,Paul und die Überraschung,"Paul, der gerne baut, lebte im gelben Feld.

Ein Bach plätscherte leise.

Eines Tages wollte Paul das alte Schloss besuchen.

Aber ein Hund bellte laut.

Herr Dachs, der Gärtner, kam dazu.

Gut, dass ich da bin.

Gemeinsam nahmen sie das rote Seil mit.

Unterwegs sangen sie fröhlich.

Unterwegs tanzten sie eine Weile.

Plötzlich lachte jemand.

So war der Tag perfekt.

Lachen hilft immer."
261,Mia und das große Abenteuer,"Mia, eine kleine Sängerin, lebte in einem kleinen Dorf.

Der Himmel war blau.

Eines Tages wollte Mia den Wald erkunden.

Aber der Weg war versperrt.

Herr Dachs, der Gärtner, kam dazu.

Zusammen schaffen wir das!

Gemeinsam nahmen sie das alte Fernglas mit.

Unterwegs rasteten sie zusammen.

Unterwegs lachten sie zusammen.

Plötzlich raschelte es laut.

Alle klatschten vor Freude.

Wer wagt, gewinnt."
262,Leo und das Geheimnis,"Leo, der Tiere liebt, lebte auf dem bunten Markt.

Vögel sangen lustig.

Eines Tages wollte Leo die Insel entdecken.

Aber es fing an zu regnen.

Herr Dachs, der Gärtner, kam dazu.

Keine Angst, ich helfe dir.

Gemeinsam nahmen sie das kleine Messer mit.

Unterwegs sangen sie eine Weile.

Unterwegs plauderten sie fröhlich.

Plötzlich quakte ein Frosch.

So wurde aus Angst Mut.

Mut wird belohnt."
263,Annas schönster Tag,"Anna, die schnell denkt, lebte am alten Brunnen.

Es roch nach frischem Gras.

Eines Tages wollte Anna die Höhle finden.

Aber die Karte war weg.

Herr Dachs, der Gärtner, kam dazu.

Ich komme mit!

Gemeinsam nahmen sie eine warme Decke mit.

Unterwegs rasteten sie fröhlich.

Unterwegs rasteten sie laut.

Plötzlich bellte ein Hund.

Alle lachten und gingen heim.

Teilen macht Freude."
264,Max und der Schatz,"Max, ein fröhlicher Junge, lebte auf dem Spielplatz.

Alles war still und friedlich.

Eines Tages wollte Max den hohen Berg sehen.

Aber es wurde dunkel.

Herr Dachs, der Gärtner, kam dazu.

Gut, dass ich da bin.

Gemeinsam nahmen sie eine bunte Karte mit.

Unterwegs sangen sie am Bach.

Unterwegs sangen sie eine Weile.

Plötzlich fiel ein Blatt.

So endete das Abenteuer gut.

Zusammen ist alles leichter."
265,Milo und das Geheimnis,"Milo, ein neugieriger Junge, lebte am blauen Fluss.

Die Sonne schien warm.

Eines Tages wollte Milo den Schatz suchen.

Aber der Fluss war zu tief.

Herr Dachs, der Gärtner, kam dazu.

Zusammen schaffen wir das!

Gemeinsam nahmen sie eine alte Münze mit.

Unterwegs rasteten sie eine Weile.

Unterwegs tanzten sie im Kreis.

Plötzlich summte eine Biene.

Am Ende waren alle glücklich.

Wahre Freunde helfen immer."
266,Lena und der Plan,"Lena, die gerne malt, lebte auf der grünen Wiese.

Schmetterlinge flogen umher.

Eines Tages wollte Lena den See überqueren.

Aber ein Baum lag quer.

Herr Dachs, der Gärtner, kam dazu.

Keine Angst, ich helfe dir.

Gemeinsam nahmen sie das grüne Seil mit.

Unterwegs sangen sie im Kreis.

Unterwegs lachten sie eine Weile.

Plötzlich klopfte es.

Das Abenteuer blieb unvergessen.

Geduld bringt Glück."
267,Finn und die Reise,"Finn, ein kleiner Träumer, lebte bei der großen Eiche.

Es duftete nach Blumen.

Eines Tages wollte Finn das Meer finden.

Aber der Wind war stark.

Tante Mira, die lustige Nachbarin, kam dazu.

Ich komme mit!

Gemeinsam nahmen sie die kleine Laterne mit.

Unterwegs rasteten sie am Bach.

Unterwegs plauderten sie am Bach.

Plötzlich tanzte ein Schmetterling vorbei.

Alle gingen zufrieden heim.

Neugier führt zu Wundern."
268,Pippa und der Fund,"Pippa, eine mutige Maus, lebte im grünen Park.

Ein Bach plätscherte leise.

Eines Tages wollte Pippa den Sternenhimmel sehen.

Aber es war neblig.

Tante Mira, die lustige Nachbarin, kam dazu.

Gut, dass ich da bin.

Gemeinsam nahmen sie die blaue Flasche mit.

Unterwegs sangen sie laut.

Unterwegs spielten sie fröhlich.

Plötzlich kam Wind auf.

So war der Tag perfekt.

Lachen hilft immer."
269,Nora und die Entdeckung,"Nora, die viele Fragen stellt, lebte im alten Wald.

Der Himmel war blau.

Eines Tages wollte Nora den Turm besteigen.

Aber die Brücke war kaputt.

Tante Mira, die lustige Nachbarin, kam dazu.

Zusammen schaffen wir das!

Gemeinsam nahmen sie die gelbe Tasche mit.

Unterwegs rasteten sie im Kreis.

Unterwegs sangen sie laut.

Plötzlich fiel eine Sternschnuppe.

Alle klatschten vor Freude.

Wer wagt, gewinnt."
270,Theo und der Ausflug,"Theo, ein fröhlicher Junge, lebte im gelben Feld.

Vögel sangen lustig.

Eines Tages wollte Theo das alte Schloss besuchen.

Aber ein Hund bellte laut.

Tante Mira, die lustige Nachbarin, kam dazu.

Keine Angst, ich helfe dir.

Gemeinsam nahmen sie das rote Seil mit.

Unterwegs erzählten sie Geschichten.

Unterwegs rasteten sie zusammen.

Plötzlich lachte jemand.

So wurde aus Angst Mut.

Mut wird belohnt."
271,Emma und der Wettkampf,"Emma, ein mutiges Mädchen, lebte in einem kleinen Dorf.

Es roch nach frischem Gras.

Eines Tages wollte Emma den Wald erkunden.

Aber der Weg war versperrt.

Tante Mira, die lustige Nachbarin, kam dazu.

Ich komme mit!

Gemeinsam nahmen sie das alte Fernglas mit.

Unterwegs rasteten sie laut.

Unterwegs lachten sie im Kreis.

Plötzlich raschelte es laut.

Alle lachten und gingen heim.

Teilen macht Freude."
272,Paul und das Rätsel,"Paul, der gerne baut, lebte auf dem bunten Markt.

Alles war still und friedlich.

Eines Tages wollte Paul die Insel entdecken.

Aber es fing an zu regnen.

Tante Mira, die lustige Nachbarin, kam dazu.

Gut, dass ich da bin.

Gemeinsam nahmen sie das kleine Messer mit.

Unterwegs lachten sie viel.

Unterwegs plauderten sie laut.

Plötzlich quakte ein Frosch.

So endete das Abenteuer gut.

Zusammen ist alles leichter."
273,Mia und die Überraschung,"Mia, eine kleine Sängerin, lebte am alten Brunnen.

Die Sonne schien warm.

Eines Tages wollte Mia die Höhle finden.

Aber die Karte war weg.

Tante Mira, die lustige Nachbarin, kam dazu.

Zusammen schaffen wir das!

Gemeinsam nahmen sie eine warme Decke mit.

Unterwegs spielten sie zusammen.

Unterwegs spielten sie am Bach.

Plötzlich bellte ein Hund.

Am Ende waren alle glücklich.

Wahre Freunde helfen immer."
274,Leo und das große Abenteuer,"Leo, der Tiere liebt, lebte auf dem Spielplatz.

Schmetterlinge flogen umher.

Eines Tages wollte Leo den hohen Berg sehen.

Aber es wurde dunkel.

Opa Karl, der alles repariert, kam dazu.

Keine Angst, ich helfe dir.

Gemeinsam nahmen sie eine bunte Karte mit.

Unterwegs sangen sie ein Lied.

Unterwegs lachten sie viel.

Plötzlich fiel ein Blatt.

Das Abenteuer blieb unvergessen.

Geduld bringt Glück."
275,Anna und das Geheimnis,"Anna, die schnell denkt, lebte am blauen Fluss.

Es duftete nach Blumen.

Eines Tages wollte Anna den Schatz suchen.

Aber der Fluss war zu tief.

Opa Karl, der alles repariert, kam dazu.

Ich komme mit!

Gemeinsam nahmen sie eine alte Münze mit.

Unterwegs spielten sie fröhlich.

Unterwegs rasteten sie eine Weile.

Plötzlich summte eine Biene.

Alle gingen zufrieden heim.

Neugier führt zu Wundern."
276,Maxs schönster Tag,"Max, ein fröhlicher Junge, lebte auf der grünen Wiese.

Ein Bach plätscherte leise.

Eines Tages wollte Max den See überqueren.

Aber ein Baum lag quer.

Opa Karl, der alles repariert, kam dazu.

Gut, dass ich da bin.

Gemeinsam nahmen sie das grüne Seil mit.

Unterwegs plauderten sie zusammen.

Unterwegs sangen sie zusammen.

Plötzlich klopfte es.

So war der Tag perfekt.

Lachen hilft immer."
277,Milo und der Schatz,"Milo, ein neugieriger Junge, lebte bei der großen Eiche.

Der Himmel war blau.

Eines Tages wollte Milo das Meer finden.

Aber der Wind war stark.

Opa Karl, der alles repariert, kam dazu.

Zusammen schaffen wir das!

Gemeinsam nahmen sie die kleine Laterne mit.

Unterwegs spielten sie eine Weile.

Unterwegs tanzten sie fröhlich.

Plötzlich tanzte ein Schmetterling vorbei.

Alle klatschten vor Freude.

Wer wagt, gewinnt."
278,Lena und das Geheimnis,"Lena, die gerne malt, lebte im grünen Park.

Vögel sangen lustig.

Eines Tages wollte Lena den Sternenhimmel sehen.

Aber es war neblig.

Opa Karl, der alles repariert, kam dazu.

Keine Angst, ich helfe dir.

Gemeinsam nahmen sie die blaue Flasche mit.

Unterwegs plauderten sie fröhlich.

Unterwegs spielten sie laut.

Plötzlich kam Wind auf.

So wurde aus Angst Mut.

Mut wird belohnt."
279,Finn und der Plan,"Finn, ein kleiner Träumer, lebte im alten Wald.

Es roch nach frischem Gras.

Eines Tages wollte Finn den Turm besteigen.

Aber die Brücke war kaputt.

Opa Karl, der alles repariert, kam dazu.

Ich komme mit!

Gemeinsam nahmen sie die gelbe Tasche mit.

Unterwegs spielten sie am Bach.

Unterwegs plauderten sie zusammen.

Plötzlich fiel eine Sternschnuppe.

Alle lachten und gingen heim.

Teilen macht Freude."
280,Pippa und die Reise,"Pippa, eine mutige Maus, lebte im gelben Feld.

Alles war still und friedlich.

Eines Tages wollte Pippa das alte Schloss besuchen.

Aber ein Hund bellte laut.

Opa Karl, der alles repariert, kam dazu.

Gut, dass ich da bin.

Gemeinsam nahmen sie das rote Seil mit.

Unterwegs plauderten sie eine Weile.

Unterwegs rasteten sie im Kreis.

Plötzlich lachte jemand.

So endete das Abenteuer gut.

Zusammen ist alles leichter."
281,Nora und der Fund,"Nora, die viele Fragen stellt, lebte in einem kleinen Dorf.

Die Sonne schien warm.

Eines Tages wollte Nora den Wald erkunden.

Aber der Weg war versperrt.

Frau Sonne, die Bäckerin, kam dazu.

Zusammen schaffen wir das!

Gemeinsam nahmen sie das alte Fernglas mit.

Unterwegs spielten sie im Kreis.

Unterwegs sangen sie eine Weile.

Plötzlich raschelte es laut.

Am Ende waren alle glücklich.

Wahre Freunde helfen immer."
282,Theo und die Entdeckung,"Theo, ein fröhlicher Junge, lebte auf dem bunten Markt.

Schmetterlinge flogen umher.

Eines Tages wollte Theo die Insel entdecken.

Aber es fing an zu regnen.

Frau Sonne, die Bäckerin, kam dazu.

Keine Angst, ich helfe dir.

Gemeinsam nahmen sie das kleine Messer mit.

Unterwegs plauderten sie am Bach.

Unterwegs tanzten sie am Bach.

Plötzlich quakte ein Frosch.

Das Abenteuer blieb unvergessen.

Geduld bringt Glück."
283,Emma und der Ausflug,"Emma, ein mutiges Mädchen, lebte am alten Brunnen.

Es duftete nach Blumen.

Eines Tages wollte Emma die Höhle finden.

Aber die Karte war weg.

Frau Sonne, die Bäckerin, kam dazu.

Ich komme mit!

Gemeinsam nahmen sie eine warme Decke mit.

Unterwegs spielten sie laut.

Unterwegs lachten sie fröhlich.

Plötzlich bellte ein Hund.

Alle gingen zufrieden heim.

Neugier führt zu Wundern."
284,Paul und der Wettkampf,"Paul, der gerne baut, lebte auf dem Spielplatz.

Ein Bach plätscherte leise.

Eines Tages wollte Paul den hohen Berg sehen.

Aber es wurde dunkel.

Frau Sonne, die Bäckerin, kam dazu.

Gut, dass ich da bin.

Gemeinsam nahmen sie eine bunte Karte mit.

Unterwegs plauderten sie im Kreis.

Unterwegs plauderten sie eine Weile.

Plötzlich fiel ein Blatt.

So war der Tag perfekt.

Lachen hilft immer."
285,Mia und das Rätsel,"Mia, eine kleine Sängerin, lebte am blauen Fluss.

Der Himmel war blau.

Eines Tages wollte Mia den Schatz suchen.

Aber der Fluss war zu tief.

Frau Sonne, die Bäckerin, kam dazu.

Zusammen schaffen wir das!

Gemeinsam nahmen sie eine alte Münze mit.

Unterwegs lachten sie zusammen.

Unterwegs spielten sie zusammen.

Plötzlich summte eine Biene.

Alle klatschten vor Freude.

Wer wagt, gewinnt."
286,Leo und die Überraschung,"Leo, der Tiere liebt, lebte auf der grünen Wiese.

Vögel sangen lustig.

Eines Tages wollte Leo den See überqueren.

Aber ein Baum lag quer.

Frau Sonne, die Bäckerin, kam dazu.

Keine Angst, ich helfe dir.

Gemeinsam nahmen sie das grüne Seil mit.

Unterwegs plauderten sie laut.

Unterwegs sangen sie im Kreis.

Plötzlich klopfte es.

So wurde aus Angst Mut.

Mut wird belohnt."
287,Anna und das große Abenteuer,"Anna, die schnell denkt, lebte bei der großen Eiche.

Es roch nach frischem Gras.

Eines Tages wollte Anna das Meer finden.

Aber der Wind war stark.

Frau Sonne, die Bäckerin, kam dazu.

Ich komme mit!

Gemeinsam nahmen sie die kleine Laterne mit.

Unterwegs lachten sie fröhlich.

Unterwegs tanzten sie laut.

Plötzlich tanzte ein Schmetterling vorbei.

Alle lachten und gingen heim.

Teilen macht Freude."
288,Max und das Geheimnis,"Max, ein fröhlicher Junge, lebte im grünen Park.

Alles war still und friedlich.

Eines Tages wollte Max den Sternenhimmel sehen.

Aber es war neblig.

Herr Post, der Briefträger, kam dazu.

Gut, dass ich da bin.

Gemeinsam nahmen sie die blaue Flasche mit.

Unterwegs tanzten sie zusammen.

Unterwegs lachten sie am Bach.

Plötzlich kam Wind auf.

So endete das Abenteuer gut.

Zusammen ist alles leichter."
289,Milos schönster Tag,"Milo, ein neugieriger Junge, lebte im alten Wald.

Die Sonne schien warm.

Eines Tages wollte Milo den Turm besteigen.

Aber die Brücke war kaputt.

Herr Post, der Briefträger, kam dazu.

Zusammen schaffen wir das!

Gemeinsam nahmen sie die gelbe Tasche mit.

Unterwegs lachten sie eine Weile.

Unterwegs plauderten sie im Kreis.

Plötzlich fiel eine Sternschnuppe.

Am Ende waren alle glücklich.

Wahre Freunde helfen immer."
290,Lena und der Schatz,"Lena, die gerne malt, lebte im gelben Feld.

Schmetterlinge flogen umher.

Eines Tages wollte Lena das alte Schloss besuchen.

Aber ein Hund bellte laut.

Herr Post, der Briefträger, kam dazu.

Keine Angst, ich helfe dir.

Gemeinsam nahmen sie das rote Seil mit.

Unterwegs tanzten sie fröhlich.

Unterwegs spielten sie eine Weile.

Plötzlich lachte jemand.

Das Abenteuer blieb unvergessen.

Geduld bringt Glück."
291,Finn und das Geheimnis,"Finn, ein kleiner Träumer, lebte in einem kleinen Dorf.

Es duftete nach Blumen.

Eines Tages wollte Finn den Wald erkunden.

Aber der Weg war versperrt.

Herr Post, der Briefträger, kam dazu.

Ich komme mit!

Gemeinsam nahmen sie das alte Fernglas mit.

Unterwegs lachten sie am Bach.

Unterwegs erzählten sie Geschichten.

Plötzlich raschelte es laut.

Alle gingen zufrieden heim.

Neugier führt zu Wundern."
292,Pippa und der Plan,"Pippa, eine mutige Maus, lebte auf dem bunten Markt.

Ein Bach plätscherte leise.

Eines Tages wollte Pippa die Insel entdecken.

Aber es fing an zu regnen.

Herr Post, der Briefträger, kam dazu.

Gut, dass ich da bin.

Gemeinsam nahmen sie das kleine Messer mit.

Unterwegs tanzten sie eine Weile.

Unterwegs rasteten sie fröhlich.

Plötzlich quakte ein Frosch.

So war der Tag perfekt.

Lachen hilft immer."
293,Nora und die Reise,"Nora, die viele Fragen stellt, lebte am alten Brunnen.

Der Himmel war blau.

Eines Tages wollte Nora die Höhle finden.

Aber die Karte war weg.

Herr Post, der Briefträger, kam dazu.

Zusammen schaffen wir das!

Gemeinsam nahmen sie eine warme Decke mit.

Unterwegs lachten sie im Kreis.

Unterwegs lachten sie laut.

Plötzlich bellte ein Hund.

Alle klatschten vor Freude.

Wer wagt, gewinnt."
294,Theo und der Fund,"Theo, ein fröhlicher Junge, lebte auf dem Spielplatz.

Vögel sangen lustig.

Eines Tages wollte Theo den hohen Berg sehen.

Aber es wurde dunkel.

Herr Post, der Briefträger, kam dazu.

Keine Angst, ich helfe dir.

Gemeinsam nahmen sie eine bunte Karte mit.

Unterwegs tanzten sie am Bach.

Unterwegs tanzten sie zusammen.

Plötzlich fiel ein Blatt.

So wurde aus Angst Mut.

Mut wird belohnt."
295,Emma und die Entdeckung,"Emma, ein mutiges Mädchen, lebte am blauen Fluss.

Es roch nach frischem Gras.

Eines Tages wollte Emma den Schatz suchen.

Aber der Fluss war zu tief.

Oma Lina, die alles weiß, kam dazu.

Ich komme mit!

Gemeinsam nahmen sie eine alte Münze mit.

Unterwegs lachten sie laut.

Unterwegs spielten sie im Kreis.

Plötzlich summte eine Biene.

Alle lachten und gingen heim.

Teilen macht Freude."
296,Paul und der Ausflug,"Paul, der gerne baut, lebte auf der grünen Wiese.

Alles war still und friedlich.

Eines Tages wollte Paul den See überqueren.

Aber ein Baum lag quer.

Oma Lina, die alles weiß, kam dazu.

Gut, dass ich da bin.

Gemeinsam nahmen sie das grüne Seil mit.

Unterwegs tanzten sie im Kreis.

Unterwegs sangen sie ein Lied.

Plötzlich klopfte es.

So endete das Abenteuer gut.

Zusammen ist alles leichter."
297,Mia und der Wettkampf,"Mia, eine kleine Sängerin, lebte bei der großen Eiche.

Die Sonne schien warm.

Eines Tages wollte Mia das Meer finden.

Aber der Wind war stark.

Oma Lina, die alles weiß, kam dazu.

Zusammen schaffen wir das!

Gemeinsam nahmen sie die kleine Laterne mit.

Unterwegs sangen sie zusammen.

Unterwegs rasteten sie am Bach.

Plötzlich tanzte ein Schmetterling vorbei.

Am Ende waren alle glücklich.

Wahre Freunde helfen immer."
298,Leo und das Rätsel,"Leo, der Tiere liebt, lebte im grünen Park.

Schmetterlinge flogen umher.

Eines Tages wollte Leo den Sternenhimmel sehen.

Aber es war neblig.

Oma Lina, die alles weiß, kam dazu.

Keine Angst, ich helfe dir.

Gemeinsam nahmen sie die blaue Flasche mit.

Unterwegs tanzten sie laut.

Unterwegs sangen sie fröhlich.

Plötzlich kam Wind auf.

Das Abenteuer blieb unvergessen.

Geduld bringt Glück."
299,Anna und die Überraschung,"Anna, die schnell denkt, lebte im alten Wald.

Es duftete nach Blumen.

Eines Tages wollte Anna den Turm besteigen.

Aber die Brücke war kaputt.

Oma Lina, die alles weiß, kam dazu.

Ich komme mit!

Gemeinsam nahmen sie die gelbe Tasche mit.

Unterwegs sangen sie fröhlich.

Unterwegs tanzten sie eine Weile.

Plötzlich fiel eine Sternschnuppe.

Alle gingen zufrieden heim.

Neugier führt zu Wundern."
300,Max und das große Abenteuer,"Max, ein fröhlicher Junge, lebte im gelben Feld.

Ein Bach plätscherte leise.

Eines Tages wollte Max das alte Schloss besuchen.

Aber ein Hund bellte laut.

Oma Lina, die alles weiß, kam dazu.

Gut, dass ich da bin.

Gemeinsam nahmen sie das rote Seil mit.

Unterwegs rasteten sie zusammen.

Unterwegs lachten sie zusammen.

Plötzlich lachte jemand.

So war der Tag perfekt.

Lachen hilft immer."
301,Milo und das Geheimnis,"Milo, ein neugieriger Junge, lebte in einem kleinen Dorf.

Der Himmel war blau.

Eines Tages wollte Milo den Wald erkunden.

Aber der Weg war versperrt.

Oma Lina, die alles weiß, kam dazu.

Zusammen schaffen wir das!

Gemeinsam nahmen sie das alte Fernglas mit.

Unterwegs sangen sie eine Weile.

Unterwegs plauderten sie fröhlich.

Plötzlich raschelte es laut.

Alle klatschten vor Freude.

Wer wagt, gewinnt."
302,Lenas schönster Tag,"Lena, die gerne malt, lebte auf dem bunten Markt.

Vögel sangen lustig.

Eines Tages wollte Lena die Insel entdecken.

Aber es fing an zu regnen.

Herr Dachs, der Gärtner, kam dazu.

Keine Angst, ich helfe dir.

Gemeinsam nahmen sie das kleine Messer mit.

Unterwegs rasteten sie fröhlich.

Unterwegs rasteten sie laut.

Plötzlich quakte ein Frosch.

So wurde aus Angst Mut.

Mut wird belohnt."
303,Finn und der Schatz,"Finn, ein kleiner Träumer, lebte am alten Brunnen.

Es roch nach frischem Gras.

Eines Tages wollte Finn die Höhle finden.

Aber die Karte war weg.

Herr Dachs, der Gärtner, kam dazu.

Ich komme mit!

Gemeinsam nahmen sie eine warme Decke mit.

Unterwegs sangen sie am Bach.

Unterwegs sangen sie eine Weile.

Plötzlich bellte ein Hund.

Alle lachten und gingen heim.

Teilen macht Freude."
304,Pippa und das Geheimnis,"Pippa, eine mutige Maus, lebte auf dem Spielplatz.

Alles war still und friedlich.

Eines Tages wollte Pippa den hohen Berg sehen.

Aber es wurde dunkel.

Herr Dachs, der Gärtner, kam dazu.

Gut, dass ich da bin.

Gemeinsam nahmen sie eine bunte Karte mit.

Unterwegs rasteten sie eine Weile.

Unterwegs tanzten sie im Kreis.

Plötzlich fiel ein Blatt.

So endete das Abenteuer gut.

Zusammen ist alles leichter."
305,Nora und der Plan,"Nora, die viele Fragen stellt, lebte am blauen Fluss.

Die Sonne schien warm.

Eines Tages wollte Nora den Schatz suchen.

Aber der Fluss war zu tief.

Herr Dachs, der Gärtner, kam dazu.

Zusammen schaffen wir das!

Gemeinsam nahmen sie eine alte Münze mit.

Unterwegs sangen sie im Kreis.

Unterwegs lachten sie eine Weile.

Plötzlich summte eine Biene.

Am Ende waren alle glücklich.

Wahre Freunde helfen immer."
306,Theo und die Reise,"Theo, ein fröhlicher Junge, lebte auf der grünen Wiese.

Schmetterlinge flogen umher.

Eines Tages wollte Theo den See überqueren.

Aber ein Baum lag quer.

Herr Dachs, der Gärtner, kam dazu.

Keine Angst, ich helfe dir.

Gemeinsam nahmen sie das grüne Seil mit.

Unterwegs rasteten sie am Bach.

Unterwegs plauderten sie am Bach.

Plötzlich klopfte es.

Das Abenteuer blieb unvergessen.

Geduld bringt Glück."
307,Emma und der Fund,"Emma, ein mutiges Mädchen, lebte bei der großen Eiche.

Es duftete nach Blumen.

Eines Tages wollte Emma das Meer finden.

Aber der Wind war stark.

Herr Dachs, der Gärtner, kam dazu.

Ich komme mit!

Gemeinsam nahmen sie die kleine Laterne mit.

Unterwegs sangen sie laut.

Unterwegs spielten sie fröhlich.

Plötzlich tanzte ein Schmetterling vorbei.

Alle gingen zufrieden heim.

Neugier führt zu Wundern."
308,Paul und die Entdeckung,"Paul, der gerne baut, lebte im grünen Park.

Ein Bach plätscherte leise.

Eines Tages wollte Paul den Sternenhimmel sehen.

Aber es war neblig.

Herr Dachs, der Gärtner, kam dazu.

Gut, dass ich da bin.

Gemeinsam nahmen sie die blaue Flasche mit.

Unterwegs rasteten sie im Kreis.

Unterwegs sangen sie laut.

Plötzlich kam Wind auf.

So war der Tag perfekt.

Lachen hilft immer."
309,Mia und der Ausflug,"Mia, eine kleine Sängerin, lebte im alten Wald.

Der Himmel war blau.

Eines Tages wollte Mia den Turm besteigen.

Aber die Brücke war kaputt.

Tante Mira, die lustige Nachbarin, kam dazu.

Zusammen schaffen wir das!

Gemeinsam nahmen sie die gelbe Tasche mit.

Unterwegs erzählten sie Geschichten.

Unterwegs rasteten sie zusammen.

Plötzlich fiel eine Sternschnuppe.

Alle klatschten vor Freude.

Wer wagt, gewinnt."
310,Leo und der Wettkampf,"Leo, der Tiere liebt, lebte im gelben Feld.

Vögel sangen lustig.

Eines Tages wollte Leo das alte Schloss besuchen.

Aber ein Hund bellte laut.

Tante Mira, die lustige Nachbarin, kam dazu.

Keine Angst, ich helfe dir.

Gemeinsam nahmen sie das rote Seil mit.

Unterwegs rasteten sie laut.

Unterwegs lachten sie im Kreis.

Plötzlich lachte jemand.

So wurde aus Angst Mut.

Mut wird belohnt."
311,Anna und das Rätsel,"Anna, die schnell denkt, lebte in einem kleinen Dorf.

Es roch nach frischem Gras.

Eines Tages wollte Anna den Wald erkunden.

Aber der Weg war versperrt.

Tante Mira, die lustige Nachbarin, kam dazu.

Ich komme mit!

Gemeinsam nahmen sie das alte Fernglas mit.

Unterwegs lachten sie viel.

Unterwegs plauderten sie laut.

Plötzlich raschelte es laut.

Alle lachten und gingen heim.

Teilen macht Freude."
312,Max und die Überraschung,"Max, ein fröhlicher Junge, lebte auf dem bunten Markt.

Alles war still und friedlich.

Eines Tages wollte Max die Insel entdecken.

Aber es fing an zu regnen.

Tante Mira, die lustige Nachbarin, kam dazu.

Gut, dass ich da bin.

Gemeinsam nahmen sie das kleine Messer mit.

Unterwegs spielten sie zusammen.

Unterwegs spielten sie am Bach.

Plötzlich quakte ein Frosch.

So endete das Abenteuer gut.

Zusammen ist alles leichter."
313,Milo und das große Abenteuer,"Milo, ein neugieriger Junge, lebte am alten Brunnen.

Die Sonne schien warm.

Eines Tages wollte Milo die Höhle finden.

Aber die Karte war weg.

Tante Mira, die lustige Nachbarin, kam dazu.

Zusammen schaffen wir das!

Gemeinsam nahmen sie eine warme Decke mit.

Unterwegs sangen sie ein Lied.

Unterwegs lachten sie viel.

Plötzlich bellte ein Hund.

Am Ende waren alle glücklich.

Wahre Freunde helfen immer."
314,Lena und das Geheimnis,"Lena, die gerne malt, lebte auf dem Spielplatz.

Schmetterlinge flogen umher.

Eines Tages wollte Lena den hohen Berg sehen.

Aber es wurde dunkel.

Tante Mira, die lustige Nachbarin, kam dazu.

Keine Angst, ich helfe dir.

Gemeinsam nahmen sie eine bunte Karte mit.

Unterwegs spielten sie fröhlich.

Unterwegs rasteten sie eine Weile.

Plötzlich fiel ein Blatt.

Das Abenteuer blieb unvergessen.

Geduld bringt Glück."
315,Finns schönster Tag,"Finn, ein kleiner Träumer, lebte am blauen Fluss.

Es duftete nach Blumen.

Eines Tages wollte Finn den Schatz suchen.

Aber der Fluss war zu tief.

Tante Mira, die lustige Nachbarin, kam dazu.

Ich komme mit!

Gemeinsam nahmen sie eine alte Münze mit.

Unterwegs plauderten sie zusammen.

Unterwegs sangen sie zusammen.

Plötzlich summte eine Biene.

Alle gingen zufrieden heim.

Neugier führt zu Wundern."
316,Pippa und der Schatz,"Pippa, eine mutige Maus, lebte auf der grünen Wiese.

Ein Bach plätscherte leise.

Eines Tages wollte Pippa den See überqueren.

Aber ein Baum lag quer.

Opa Karl, der alles repariert, kam dazu.

Gut, dass ich da bin.

Gemeinsam nahmen sie das grüne Seil mit.

Unterwegs spielten sie eine Weile.

Unterwegs tanzten sie fröhlich.

Plötzlich klopfte es.

So war der Tag perfekt.

Lachen hilft immer."
317,Nora und das Geheimnis,"Nora, die viele Fragen stellt, lebte bei der großen Eiche.

Der Himmel war blau.

Eines Tages wollte Nora das Meer finden.

Aber der Wind war stark.

Opa Karl, der alles repariert, kam dazu.

Zusammen schaffen wir das!

Gemeinsam nahmen sie die kleine Laterne mit.

Unterwegs plauderten sie fröhlich.

Unterwegs spielten sie laut.

Plötzlich tanzte ein Schmetterling vorbei.

Alle klatschten vor Freude.

Wer wagt, gewinnt."
318,Theo und der Plan,"Theo, ein fröhlicher Junge, lebte im grünen Park.

Vögel sangen lustig.

Eines Tages wollte Theo den Sternenhimmel sehen.

Aber es war neblig.

Opa Karl, der alles repariert, kam dazu.

Keine Angst, ich helfe dir.

Gemeinsam nahmen sie die blaue Flasche mit.

Unterwegs spielten sie am Bach.

Unterwegs plauderten sie zusammen.

Plötzlich kam Wind auf.

So wurde aus Angst Mut.

Mut wird belohnt."
319,Emma und die Reise,"Emma, ein mutiges Mädchen, lebte im alten Wald.

Es roch nach frischem Gras.

Eines Tages wollte Emma den Turm besteigen.

Aber die Brücke war kaputt.

Opa Karl, der alles repariert, kam dazu.

Ich komme mit!

Gemeinsam nahmen sie die gelbe Tasche mit.

Unterwegs plauderten sie eine Weile.

Unterwegs rasteten sie im Kreis.

Plötzlich fiel eine Sternschnuppe.

Alle lachten und gingen heim.

Teilen macht Freude."
320,Paul und der Fund,"Paul, der gerne baut, lebte im gelben Feld.

Alles war still und friedlich.

Eines Tages wollte Paul das alte Schloss besuchen.

Aber ein Hund bellte laut.

Opa Karl, der alles repariert, kam dazu.

Gut, dass ich da bin.

Gemeinsam nahmen sie das rote Seil mit.

Unterwegs spielten sie im Kreis.

Unterwegs sangen sie eine Weile.

Plötzlich lachte jemand.

So endete das Abenteuer gut.

Zusammen ist alles leichter."
321,Mia und die Entdeckung,"Mia, eine kleine Sängerin, lebte in einem kleinen Dorf.

Die Sonne schien warm.

Eines Tages wollte Mia den Wald erkunden.

Aber der Weg war versperrt.

Opa Karl, der alles repariert, kam dazu.

Zusammen schaffen wir das!

Gemeinsam nahmen sie das alte Fernglas mit.

Unterwegs plauderten sie am Bach.

Unterwegs tanzten sie am Bach.

Plötzlich raschelte es laut.

Am Ende waren alle glücklich.

Wahre Freunde helfen immer."
322,Leo und der Ausflug,"Leo, der Tiere liebt, lebte auf dem bunten Markt.

Schmetterlinge flogen umher.

Eines Tages wollte Leo die Insel entdecken.

Aber es fing an zu regnen.

Opa Karl, der alles repariert, kam dazu.

Keine Angst, ich helfe dir.

Gemeinsam nahmen sie das kleine Messer mit.

Unterwegs spielten sie laut.

Unterwegs lachten sie fröhlich.

Plötzlich quakte ein Frosch.

Das Abenteuer blieb unvergessen.

Geduld bringt Glück."
323,Anna und der Wettkampf,"Anna, die schnell denkt, lebte am alten Brunnen.

Es duftete nach Blumen.

Eines Tages wollte Anna die Höhle finden.

Aber die Karte war weg.

Frau Sonne, die Bäckerin, kam dazu.

Ich komme mit!

Gemeinsam nahmen sie eine warme Decke mit.

Unterwegs plauderten sie im Kreis.

Unterwegs plauderten sie eine Weile.

Plötzlich bellte ein Hund.

Alle gingen zufrieden heim.

Neugier führt zu Wundern."
324,Max und das Rätsel,"Max, ein fröhlicher Junge, lebte auf dem Spielplatz.

Ein Bach plätscherte leise.

Eines Tages wollte Max den hohen Berg sehen.

Aber es wurde dunkel.

Frau Sonne, die Bäckerin, kam dazu.

Gut, dass ich da bin.

Gemeinsam nahmen sie eine bunte Karte mit.

Unterwegs lachten sie zusammen.

Unterwegs spielten sie zusammen.

Plötzlich fiel ein Blatt.

So war der Tag perfekt.

Lachen hilft immer."
325,Milo und die Überraschung,"Milo, ein neugieriger Junge, lebte am blauen Fluss.

Der Himmel war blau.

Eines Tages wollte Milo den Schatz suchen.

Aber der Fluss war zu tief.

Frau Sonne, die Bäckerin, kam dazu.

Zusammen schaffen wir das!

Gemeinsam nahmen sie eine alte Münze mit.

Unterwegs plauderten sie laut.

Unterwegs sangen sie im Kreis.

Plötzlich summte eine Biene.

Alle klatschten vor Freude.

Wer wagt, gewinnt."
326,Lena und das große Abenteuer,"Lena, die gerne malt, lebte auf der grünen Wiese.

Vögel sangen lustig.

Eines Tages wollte Lena den See überqueren.

Aber ein Baum lag quer.

Frau Sonne, die Bäckerin, kam dazu.

Keine Angst, ich helfe dir.

Gemeinsam nahmen sie das grüne Seil mit.

Unterwegs lachten sie fröhlich.

Unterwegs tanzten sie laut.

Plötzlich klopfte es.

So wurde aus Angst Mut.

Mut wird belohnt."
327,Finn und das Geheimnis,"Finn, ein kleiner Träumer, lebte bei der großen Eiche.

Es roch nach frischem Gras.

Eines Tages wollte Finn das Meer finden.

Aber der Wind war stark.

Frau Sonne, die Bäckerin, kam dazu.

Ich komme mit!

Gemeinsam nahmen sie die kleine Laterne mit.

Unterwegs tanzten sie zusammen.

Unterwegs lachten sie am Bach.

Plötzlich tanzte ein Schmetterling vorbei.

Alle lachten und gingen heim.

Teilen macht Freude."
328,Pippas schönster Tag,"Pippa, eine mutige Maus, lebte im grünen Park.

Alles war still und friedlich.

Eines Tages wollte Pippa den Sternenhimmel sehen.

Aber es war neblig.

Frau Sonne, die Bäckerin, kam dazu.

Gut, dass ich da bin.

Gemeinsam nahmen sie die blaue Flasche mit.

Unterwegs lachten sie eine Weile.

Unterwegs plauderten sie im Kreis.

Plötzlich kam Wind auf.

So endete das Abenteuer gut.

Zusammen ist alles leichter."
329,Nora und der Schatz,"Nora, die viele Fragen stellt, lebte im alten Wald.

Die Sonne schien warm.

Eines Tages wollte Nora den Turm besteigen.

Aber die Brücke war kaputt.

Frau Sonne, die Bäckerin, kam dazu.

Zusammen schaffen wir das!

Gemeinsam nahmen sie die gelbe Tasche mit.

Unterwegs tanzten sie fröhlich.

Unterwegs spielten sie eine Weile.

Plötzlich fiel eine Sternschnuppe.

Am Ende waren alle glücklich.

Wahre Freunde helfen immer."
330,Theo und das Geheimnis,"Theo, ein fröhlicher Junge, lebte im gelben Feld.

Schmetterlinge flogen umher.

Eines Tages wollte Theo das alte Schloss besuchen.

Aber ein Hund bellte laut.

Herr Post, der Briefträger, kam dazu.

Keine Angst, ich helfe dir.

Gemeinsam nahmen sie das rote Seil mit.

Unterwegs lachten sie am Bach.

Unterwegs erzählten sie Geschichten.

Plötzlich lachte jemand.

Das Abenteuer blieb unvergessen.

Geduld bringt Glück."
331,Emma und der Plan,"Emma, ein mutiges Mädchen, lebte in einem kleinen Dorf.

Es duftete nach Blumen.

Eines Tages wollte Emma den Wald erkunden.

Aber der Weg war versperrt.

Herr Post, der Briefträger, kam dazu.

Ich komme mit!

Gemeinsam nahmen sie das alte Fernglas mit.

Unterwegs tanzten sie eine Weile.

Unterwegs rasteten sie fröhlich.

Plötzlich raschelte es laut.

Alle gingen zufrieden heim.

Neugier führt zu Wundern."
332,Paul und die Reise,"Paul, der gerne baut, lebte auf dem bunten Markt.

Ein Bach plätscherte leise.

Eines Tages wollte Paul die Insel entdecken.

Aber es fing an zu regnen.

Herr Post, der Briefträger, kam dazu.

Gut, dass ich da bin.

Gemeinsam nahmen sie das kleine Messer mit.

Unterwegs lachten sie im Kreis.

Unterwegs lachten sie laut.

Plötzlich quakte ein Frosch.

So war der Tag perfekt.

Lachen hilft immer."
333,Mia und der Fund,"Mia, eine kleine Sängerin, lebte am alten Brunnen.

Der Himmel war blau.

Eines Tages wollte Mia die Höhle finden.

Aber die Karte war weg.

Herr Post, der Briefträger, kam dazu.

Zusammen schaffen wir das!

Gemeinsam nahmen sie eine warme Decke mit.

Unterwegs tanzten sie am Bach.

Unterwegs tanzten sie zusammen.

Plötzlich bellte ein Hund.

Alle klatschten vor Freude.

Wer wagt, gewinnt."
334,Leo und die Entdeckung,"Leo, der Tiere liebt, lebte auf dem Spielplatz.

Vögel sangen lustig.

Eines Tages wollte Leo den hohen Berg sehen.

Aber es wurde dunkel.

Herr Post, der Briefträger, kam dazu.

Keine Angst, ich helfe dir.

Gemeinsam nahmen sie eine bunte Karte mit.

Unterwegs lachten sie laut.

Unterwegs spielten sie im Kreis.

Plötzlich fiel ein Blatt.

So wurde aus Angst Mut.

Mut wird belohnt."
335,Anna und der Ausflug,"Anna, die schnell denkt, lebte am blauen Fluss.

Es roch nach frischem Gras.

Eines Tages wollte Anna den Schatz suchen.

Aber der Fluss war zu tief.

Herr Post, der Briefträger, kam dazu.

Ich komme mit!

Gemeinsam nahmen sie eine alte Münze mit.

Unterwegs tanzten sie im Kreis.

Unterwegs sangen sie ein Lied.

Plötzlich summte eine Biene.

Alle lachten und gingen heim.

Teilen macht Freude."
336,Max und der Wettkampf,"Max, ein fröhlicher Junge, lebte auf der grünen Wiese.

Alles war still und friedlich.

Eines Tages wollte Max den See überqueren.

Aber ein Baum lag quer.

Herr Post, der Briefträger, kam dazu.

Gut, dass ich da bin.

Gemeinsam nahmen sie das grüne Seil mit.

Unterwegs sangen sie zusammen.

Unterwegs rasteten sie am Bach.

Plötzlich klopfte es.

So endete das Abenteuer gut.

Zusammen ist alles leichter."
337,Milo und das Rätsel,"Milo, ein neugieriger Junge, lebte bei der großen Eiche.

Die Sonne schien warm.

Eines Tages wollte Milo das Meer finden.

Aber der Wind war stark.

Oma Lina, die alles weiß, kam dazu.

Zusammen schaffen wir das!

Gemeinsam nahmen sie die kleine Laterne mit.

Unterwegs tanzten sie laut.

Unterwegs sangen sie fröhlich.

Plötzlich tanzte ein Schmetterling vorbei.

Am Ende waren alle glücklich.

Wahre Freunde helfen immer."
338,Lena und die Überraschung,"Lena, die gerne malt, lebte im grünen Park.

Schmetterlinge flogen umher.

Eines Tages wollte Lena den Sternenhimmel sehen.

Aber es war neblig.

Oma Lina, die alles weiß, kam dazu.

Keine Angst, ich helfe dir.

Gemeinsam nahmen sie die blaue Flasche mit.

Unterwegs sangen sie fröhlich.

Unterwegs tanzten sie eine Weile.

Plötzlich kam Wind auf.

Das Abenteuer blieb unvergessen.

Geduld bringt Glück."
339,Finn und das große Abenteuer,"Finn, ein kleiner Träumer, lebte im alten Wald.

Es duftete nach Blumen.

Eines Tages wollte Finn den Turm besteigen.

Aber die Brücke war kaputt.

Oma Lina, die alles weiß, kam dazu.

Ich komme mit!

Gemeinsam nahmen sie die gelbe Tasche mit.

Unterwegs rasteten sie zusammen.

Unterwegs lachten sie zusammen.

Plötzlich fiel eine Sternschnuppe.

Alle gingen zufrieden heim.

Neugier führt zu Wundern."
340,Pippa und das Geheimnis,"Pippa, eine mutige Maus, lebte im gelben Feld.

Ein Bach plätscherte leise.

Eines Tages wollte Pippa das alte Schloss besuchen.

Aber ein Hund bellte laut.

Oma Lina, die alles weiß, kam dazu.

Gut, dass ich da bin.

Gemeinsam nahmen sie das rote Seil mit.

Unterwegs sangen sie eine Weile.

Unterwegs plauderten sie fröhlich.

Plötzlich lachte jemand.

So war der Tag perfekt.

Lachen hilft immer."
341,Noras schönster Tag,"Nora, die viele Fragen stellt, lebte in einem kleinen Dorf.

Der Himmel war blau.

Eines Tages wollte Nora den Wald erkunden.

Aber der Weg war versperrt.

Oma Lina, die alles weiß, kam dazu.

Zusammen schaffen wir das!

Gemeinsam nahmen sie das alte Fernglas mit.

Unterwegs rasteten sie fröhlich.

Unterwegs rasteten sie laut.

Plötzlich raschelte es laut.

Alle klatschten vor Freude.

Wer wagt, gewinnt."
342,Theo und der Schatz,"Theo, ein fröhlicher Junge, lebte auf dem bunten Markt.

Vögel sangen lustig.

Eines Tages wollte Theo die Insel entdecken.

Aber es fing an zu regnen.

Oma Lina, die alles weiß, kam dazu.

Keine Angst, ich helfe dir.

Gemeinsam nahmen sie das kleine Messer mit.

Unterwegs sangen sie am Bach.

Unterwegs sangen sie eine Weile.

Plötzlich quakte ein Frosch.

So wurde aus Angst Mut.

Mut wird belohnt."
343,Emma und das Geheimnis,"Emma, ein mutiges Mädchen, lebte am alten Brunnen.

Es roch nach frischem Gras.

Eines Tages wollte Emma die Höhle finden.

Aber die Karte war weg.

Oma Lina, die alles weiß, kam dazu.

Ich komme mit!

Gemeinsam nahmen sie eine warme Decke mit.

Unterwegs rasteten sie eine Weile.

Unterwegs tanzten sie im Kreis.

Plötzlich bellte ein Hund.

Alle lachten und gingen heim.

Teilen macht Freude."
344,Paul und der Plan,"Paul, der gerne baut, lebte auf dem Spielplatz.

Alles war still und friedlich.

Eines Tages wollte Paul den hohen Berg sehen.

Aber es wurde dunkel.

Herr Dachs, der Gärtner, kam dazu.

Gut, dass ich da bin.

Gemeinsam nahmen sie eine bunte Karte mit.

Unterwegs sangen sie im Kreis.

Unterwegs lachten sie eine Weile.

Plötzlich fiel ein Blatt.

So endete das Abenteuer gut.

Zusammen ist alles leichter."
345,Mia und die Reise,"Mia, eine kleine Sängerin, lebte am blauen Fluss.

Die Sonne schien warm.

Eines Tages wollte Mia den Schatz suchen.

Aber der Fluss war zu tief.

Herr Dachs, der Gärtner, kam dazu.

Zusammen schaffen wir das!

Gemeinsam nahmen sie eine alte Münze mit.

Unterwegs rasteten sie am Bach.

Unterwegs plauderten sie am Bach.

Plötzlich summte eine Biene.

Am Ende waren alle glücklich.

Wahre Freunde helfen immer."
346,Leo und der Fund,"Leo, der Tiere liebt, lebte auf der grünen Wiese.

Schmetterlinge flogen umher.

Eines Tages wollte Leo den See überqueren.

Aber ein Baum lag quer.

Herr Dachs, der Gärtner, kam dazu.

Keine Angst, ich helfe dir.

Gemeinsam nahmen sie das grüne Seil mit.

Unterwegs sangen sie laut.

Unterwegs spielten sie fröhlich.

Plötzlich klopfte es.

Das Abenteuer blieb unvergessen.

Geduld bringt Glück."
347,Anna und die Entdeckung,"Anna, die schnell denkt, lebte bei der großen Eiche.

Es duftete nach Blumen.

Eines Tages wollte Anna das Meer finden.

Aber der Wind war stark.

Herr Dachs, der Gärtner, kam dazu.

Ich komme mit!

Gemeinsam nahmen sie die kleine Laterne mit.

Unterwegs rasteten sie im Kreis.

Unterwegs sangen sie laut.

Plötzlich tanzte ein Schmetterling vorbei.

Alle gingen zufrieden heim.

Neugier führt zu Wundern."
348,Max und der Ausflug,"Max, ein fröhlicher Junge, lebte im grünen Park.

Ein Bach plätscherte leise.

Eines Tages wollte Max den Sternenhimmel sehen.

Aber es war neblig.

Herr Dachs, der Gärtner, kam dazu.

Gut, dass ich da bin.

Gemeinsam nahmen sie die blaue Flasche mit.

Unterwegs erzählten sie Geschichten.

Unterwegs rasteten sie zusammen.

Plötzlich kam Wind auf.

So war der Tag perfekt.

Lachen hilft immer."
349,Milo und der Wettkampf,"Milo, ein neugieriger Junge, lebte im alten Wald.

Der Himmel war blau.

Eines Tages wollte Milo den Turm besteigen.

Aber die Brücke war kaputt.

Herr Dachs, der Gärtner, kam dazu.

Zusammen schaffen wir das!

Gemeinsam nahmen sie die gelbe Tasche mit.

Unterwegs rasteten sie laut.

Unterwegs lachten sie im Kreis.

Plötzlich fiel eine Sternschnuppe.

Alle klatschten vor Freude.

Wer wagt, gewinnt."
350,Lena und das Rätsel,"Lena, die gerne malt, lebte im gelben Feld.

Vögel sangen lustig.

Eines Tages wollte Lena das alte Schloss besuchen.

Aber ein Hund bellte laut.

Herr Dachs, der Gärtner, kam dazu.

Keine Angst, ich helfe dir.

Gemeinsam nahmen sie das rote Seil mit.

Unterwegs lachten sie viel.

Unterwegs plauderten sie laut.

Plötzlich lachte jemand.

So wurde aus Angst Mut.

Mut wird belohnt."
351,Finn und die Überraschung,"Finn, ein kleiner Träumer, lebte in einem kleinen Dorf.

Es roch nach frischem Gras.

Eines Tages wollte Finn den Wald erkunden.

Aber der Weg war versperrt.

Tante Mira, die lustige Nachbarin, kam dazu.

Ich komme mit!

Gemeinsam nahmen sie das alte Fernglas mit.

Unterwegs spielten sie zusammen.

Unterwegs spielten sie am Bach.

Plötzlich raschelte es laut.

Alle lachten und gingen heim.

Teilen macht Freude."
352,Pippa und das große Abenteuer,"Pippa, eine mutige Maus, lebte auf dem bunten Markt.

Alles war still und friedlich.

Eines Tages wollte Pippa die Insel entdecken.

Aber es fing an zu regnen.

Tante Mira, die lustige Nachbarin, kam dazu.

Gut, dass ich da bin.

Gemeinsam nahmen sie das kleine Messer mit.

Unterwegs sangen sie ein Lied.

Unterwegs lachten sie viel.

Plötzlich quakte ein Frosch.

So endete das Abenteuer gut.

Zusammen ist alles leichter."
353,Nora und das Geheimnis,"Nora, die viele Fragen stellt, lebte am alten Brunnen.

Die Sonne schien warm.

Eines Tages wollte Nora die Höhle finden.

Aber die Karte war weg.

Tante Mira, die lustige Nachbarin, kam dazu.

Zusammen schaffen wir das!

Gemeinsam nahmen sie eine warme Decke mit.

Unterwegs spielten sie fröhlich.

Unterwegs rasteten sie eine Weile.

Plötzlich bellte ein Hund.

Am Ende waren alle glücklich.

Wahre Freunde helfen immer."
354,Theos schönster Tag,"Theo, ein fröhlicher Junge, lebte auf dem Spielplatz.

Schmetterlinge flogen umher.

Eines Tages wollte Theo den hohen Berg sehen.

Aber es wurde dunkel.

Tante Mira, die lustige Nachbarin, kam dazu.

Keine Angst, ich helfe dir.

Gemeinsam nahmen sie eine bunte Karte mit.

Unterwegs plauderten sie zusammen.

Unterwegs sangen sie zusammen.

Plötzlich fiel ein Blatt.

Das Abenteuer blieb unvergessen.

Geduld bringt Glück."
355,Emma und der Schatz,"Emma, ein mutiges Mädchen, lebte am blauen Fluss.

Es duftete nach Blumen.

Eines Tages wollte Emma den Schatz suchen.

Aber der Fluss war zu tief.

Tante Mira, die lustige Nachbarin, kam dazu.

Ich komme mit!

Gemeinsam nahmen sie eine alte Münze mit.

Unterwegs spielten sie eine Weile.

Unterwegs tanzten sie fröhlich.

Plötzlich summte eine Biene.

Alle gingen zufrieden heim.

Neugier führt zu Wundern."
356,Paul und das Geheimnis,"Paul, der gerne baut, lebte auf der grünen Wiese.

Ein Bach plätscherte leise.

Eines Tages wollte Paul den See überqueren.

Aber ein Baum lag quer.

Tante Mira, die lustige Nachbarin, kam dazu.

Gut, dass ich da bin.

Gemeinsam nahmen sie das grüne Seil mit.

Unterwegs plauderten sie fröhlich.

Unterwegs spielten sie laut.

Plötzlich klopfte es.

So war der Tag perfekt.

Lachen hilft immer."
357,Mia und der Plan,"Mia, eine kleine Sängerin, lebte bei der großen Eiche.

Der Himmel war blau.

Eines Tages wollte Mia das Meer finden.

Aber der Wind war stark.

Tante Mira, die lustige Nachbarin, kam dazu.

Zusammen schaffen wir das!

Gemeinsam nahmen sie die kleine Laterne mit.

Unterwegs spielten sie am Bach.

Unterwegs plauderten sie zusammen.

Plötzlich tanzte ein Schmetterling vorbei.

Alle klatschten vor Freude.

Wer wagt, gewinnt."
358,Leo und die Reise,"Leo, der Tiere liebt, lebte im grünen Park.

Vögel sangen lustig.

Eines Tages wollte Leo den Sternenhimmel sehen.

Aber es war neblig.

Opa Karl, der alles repariert, kam dazu.

Keine Angst, ich helfe dir.

Gemeinsam nahmen sie die blaue Flasche mit.

Unterwegs plauderten sie eine Weile.

Unterwegs rasteten sie im Kreis.

Plötzlich kam Wind auf.

So wurde aus Angst Mut.

Mut wird belohnt."
359,Anna und der Fund,"Anna, die schnell denkt, lebte im alten Wald.

Es roch nach frischem Gras.

Eines Tages wollte Anna den Turm besteigen.

Aber die Brücke war kaputt.

Opa Karl, der alles repariert, kam dazu.

Ich komme mit!

Gemeinsam nahmen sie die gelbe Tasche mit.

Unterwegs spielten sie im Kreis.

Unterwegs sangen sie eine Weile.

Plötzlich fiel eine Sternschnuppe.

Alle lachten und gingen heim.

Teilen macht Freude."
360,Max und die Entdeckung,"Max, ein fröhlicher Junge, lebte im gelben Feld.

Alles war still und friedlich.

Eines Tages wollte Max das alte Schloss besuchen.

Aber ein Hund bellte laut.

Opa Karl, der alles repariert, kam dazu.

Gut, dass ich da bin.

Gemeinsam nahmen sie das rote Seil mit.

Unterwegs plauderten sie am Bach.

Unterwegs tanzten sie am Bach.

Plötzlich lachte jemand.

So endete das Abenteuer gut.

Zusammen ist alles leichter."
361,Milo und der Ausflug,"Milo, ein neugieriger Junge, lebte in einem kleinen Dorf.

Die Sonne schien warm.

Eines Tages wollte Milo den Wald erkunden.

Aber der Weg war versperrt.

Opa Karl, der alles repariert, kam dazu.

Zusammen schaffen wir das!

Gemeinsam nahmen sie das alte Fernglas mit.

Unterwegs spielten sie laut.

Unterwegs lachten sie fröhlich.

Plötzlich raschelte es laut.

Am Ende waren alle glücklich.

Wahre Freunde helfen immer."
362,Lena und der Wettkampf,"Lena, die gerne malt, lebte auf dem bunten Markt.

Schmetterlinge flogen umher.

Eines Tages wollte Lena die Insel entdecken.

Aber es fing an zu regnen.

Opa Karl, der alles repariert, kam dazu.

Keine Angst, ich helfe dir.

Gemeinsam nahmen sie das kleine Messer mit.

Unterwegs plauderten sie im Kreis.

Unterwegs plauderten sie eine Weile.

Plötzlich quakte ein Frosch.

Das Abenteuer blieb unvergessen.

Geduld bringt Glück."
363,Finn und das Rätsel,"Finn, ein kleiner Träumer, lebte am alten Brunnen.

Es duftete nach Blumen.

Eines Tages wollte Finn die Höhle finden.

Aber die Karte war weg.

Opa Karl, der alles repariert, kam dazu.

Ich komme mit!

Gemeinsam nahmen sie eine warme Decke mit.

Unterwegs lachten sie zusammen.

Unterwegs spielten sie zusammen.

Plötzlich bellte ein Hund.

Alle gingen zufrieden heim.

Neugier führt zu Wundern."
364,Pippa und die Überraschung,"Pippa, eine mutige Maus, lebte auf dem Spielplatz.

Ein Bach plätscherte leise.

Eines Tages wollte Pippa den hohen Berg sehen.

Aber es wurde dunkel.

Opa Karl, der alles repariert, kam dazu.

Gut, dass ich da bin.

Gemeinsam nahmen sie eine bunte Karte mit.

Unterwegs plauderten sie laut.

Unterwegs sangen sie im Kreis.

Plötzlich fiel ein Blatt.

So war der Tag perfekt.

Lachen hilft immer."
365,Nora und das große Abenteuer,"Nora, die viele Fragen stellt, lebte am blauen Fluss.

Der Himmel war blau.

Eines Tages wollte Nora den Schatz suchen.

Aber der Fluss war zu tief.

Frau Sonne, die Bäckerin, kam dazu.

Zusammen schaffen wir das!

Gemeinsam nahmen sie eine alte Münze mit.

Unterwegs lachten sie fröhlich.

Unterwegs tanzten sie laut.

Plötzlich summte eine Biene.

Alle klatschten vor Freude.

Wer wagt, gewinnt."
366,Theo und das Geheimnis,"Theo, ein fröhlicher Junge, lebte auf der grünen Wiese.

Vögel sangen lustig.

Eines Tages wollte Theo den See überqueren.

Aber ein Baum lag quer.

Frau Sonne, die Bäckerin, kam dazu.

Keine Angst, ich helfe dir.

Gemeinsam nahmen sie das grüne Seil mit.

Unterwegs tanzten sie zusammen.

Unterwegs lachten sie am Bach.

Plötzlich klopfte es.

So wurde aus Angst Mut.

Mut wird belohnt."
367,Emmas schönster Tag,"Emma, ein mutiges Mädchen, lebte bei der großen Eiche.

Es roch nach frischem Gras.

Eines Tages wollte Emma das Meer finden.

Aber der Wind war stark.

Frau Sonne, die Bäckerin, kam dazu.

Ich komme mit!

Gemeinsam nahmen sie die kleine Laterne mit.

Unterwegs lachten sie eine Weile.

Unterwegs plauderten sie im Kreis.

Plötzlich tanzte ein Schmetterling vorbei.

Alle lachten und gingen heim.

Teilen macht Freude."
368,Paul und der Schatz,"Paul, der gerne baut, lebte im grünen Park.

Alles war still und friedlich.

Eines Tages wollte Paul den Sternenhimmel sehen.

Aber es war neblig.

Frau Sonne, die Bäckerin, kam dazu.

Gut, dass ich da bin.

Gemeinsam nahmen sie die blaue Flasche mit.

Unterwegs tanzten sie fröhlich.

Unterwegs spielten sie eine Weile.

Plötzlich kam Wind auf.

So endete das Abenteuer gut.

Zusammen ist alles leichter."
369,Mia und das Geheimnis,"Mia, eine kleine Sängerin, lebte im alten Wald.

Die Sonne schien warm.

Eines Tages wollte Mia den Turm besteigen.

Aber die Brücke war kaputt.

Frau Sonne, die Bäckerin, kam dazu.

Zusammen schaffen wir das!

Gemeinsam nahmen sie die gelbe Tasche mit.

Unterwegs lachten sie am Bach.

Unterwegs erzählten sie Geschichten.

Plötzlich fiel eine Sternschnuppe.

Am Ende waren alle glücklich.

Wahre Freunde helfen immer."
370,Leo und der Plan,"Leo, der Tiere liebt, lebte im gelben Feld.

Schmetterlinge flogen umher.

Eines Tages wollte Leo das alte Schloss besuchen.

Aber ein Hund bellte laut.

Frau Sonne, die Bäckerin, kam dazu.

Keine Angst, ich helfe dir.

Gemeinsam nahmen sie das rote Seil mit.

Unterwegs tanzten sie eine Weile.

Unterwegs rasteten sie fröhlich.

Plötzlich lachte jemand.

Das Abenteuer blieb unvergessen.

Geduld bringt Glück."
371,Anna und die Reise,"Anna, die schnell denkt, lebte in einem kleinen Dorf.

Es duftete nach Blumen.

Eines Tages wollte Anna den Wald erkunden.

Aber der Weg war versperrt.

Frau Sonne, die Bäckerin, kam dazu.

Ich komme mit!

Gemeinsam nahmen sie das alte Fernglas mit.

Unterwegs lachten sie im Kreis.

Unterwegs lachten sie laut.

Plötzlich raschelte es laut.

Alle gingen zufrieden heim.

Neugier führt zu Wundern."
372,Max und der Fund,"Max, ein fröhlicher Junge, lebte auf dem bunten Markt.

Ein Bach plätscherte leise.

Eines Tages wollte Max die Insel entdecken.

Aber es fing an zu regnen.

Herr Post, der Briefträger, kam dazu.

Gut, dass ich da bin.

Gemeinsam nahmen sie das kleine Messer mit.

Unterwegs tanzten sie am Bach.

Unterwegs tanzten sie zusammen.

Plötzlich quakte ein Frosch.

So war der Tag perfekt.

Lachen hilft immer."
373,Milo und die Entdeckung,"Milo, ein neugieriger Junge, lebte am alten Brunnen.

Der Himmel war blau.

Eines Tages wollte Milo die Höhle finden.

Aber die Karte war weg.

Herr Post, der Briefträger, kam dazu.

Zusammen schaffen wir das!

Gemeinsam nahmen sie eine warme Decke mit.

Unterwegs lachten sie laut.

Unterwegs spielten sie im Kreis.

Plötzlich bellte ein Hund.

Alle klatschten vor Freude.

Wer wagt, gewinnt."
374,Lena und der Ausflug,"Lena, die gerne malt, lebte auf dem Spielplatz.

Vögel sangen lustig.

Eines Tages wollte Lena den hohen Berg sehen.

Aber es wurde dunkel.

Herr Post, der Briefträger, kam dazu.

Keine Angst, ich helfe dir.

Gemeinsam nahmen sie eine bunte Karte mit.

Unterwegs tanzten sie im Kreis.

Unterwegs sangen sie ein Lied.

Plötzlich fiel ein Blatt.

So wurde aus Angst Mut.

Mut wird belohnt."
375,Finn und der Wettkampf,"Finn, ein kleiner Träumer, lebte am blauen Fluss.

Es roch nach frischem Gras.

Eines Tages wollte Finn den Schatz suchen.

Aber der Fluss war zu tief.

Herr Post, der Briefträger, kam dazu.

Ich komme mit!

Gemeinsam nahmen sie eine alte Münze mit.

Unterwegs sangen sie zusammen.

Unterwegs rasteten sie am Bach.

Plötzlich summte eine Biene.

Alle lachten und gingen heim.

Teilen macht Freude."
376,Pippa und das Rätsel,"Pippa, eine mutige Maus, lebte auf der grünen Wiese.

Alles war still und friedlich.

Eines Tages wollte Pippa den See überqueren.

Aber ein Baum lag quer.

Herr Post, der Briefträger, kam dazu.

Gut, dass ich da bin.

Gemeinsam nahmen sie das grüne Seil mit.

Unterwegs tanzten sie laut.

Unterwegs sangen sie fröhlich.

Plötzlich klopfte es.

So endete das Abenteuer gut.

Zusammen ist alles leichter."
377,Nora und die Überraschung,"Nora, die viele Fragen stellt, lebte bei der großen Eiche.

Die Sonne schien warm.

Eines Tages wollte Nora das Meer finden.

Aber der Wind war stark.

Herr Post, der Briefträger, kam dazu.

Zusammen schaffen wir das!

Gemeinsam nahmen sie die kleine Laterne mit.

Unterwegs sangen sie fröhlich.

Unterwegs tanzten sie eine Weile.

Plötzlich tanzte ein Schmetterling vorbei.

Am Ende waren alle glücklich.

Wahre Freunde helfen immer."
378,Theo und das große Abenteuer,"Theo, ein fröhlicher Junge, lebte im grünen Park.

Schmetterlinge flogen umher.

Eines Tages wollte Theo den Sternenhimmel sehen.

Aber es war neblig.

Herr Post, der Briefträger, kam dazu.

Keine Angst, ich helfe dir.

Gemeinsam nahmen sie die blaue Flasche mit.

Unterwegs rasteten sie zusammen.

Unterwegs lachten sie zusammen.

Plötzlich kam Wind auf.

Das Abenteuer blieb unvergessen.

Geduld bringt Glück."
379,Emma und das Geheimnis,"Emma, ein mutiges Mädchen, lebte im alten Wald.

Es duftete nach Blumen.

Eines Tages wollte Emma den Turm besteigen.

Aber die Brücke war kaputt.

Oma Lina, die alles weiß, kam dazu.

Ich komme mit!

Gemeinsam nahmen sie die gelbe Tasche mit.

Unterwegs sangen sie eine Weile.

Unterwegs plauderten sie fröhlich.

Plötzlich fiel eine Sternschnuppe.

Alle gingen zufrieden heim.

Neugier führt zu Wundern."
380,Pauls schönster Tag,"Paul, der gerne baut, lebte im gelben Feld.

Ein Bach plätscherte leise.

Eines Tages wollte Paul das alte Schloss besuchen.

Aber ein Hund bellte laut.

Oma Lina, die alles weiß, kam dazu.

Gut, dass ich da bin.

Gemeinsam nahmen sie das rote Seil mit.

Unterwegs rasteten sie fröhlich.

Unterwegs rasteten sie laut.

Plötzlich lachte jemand.

So war der Tag perfekt.

Lachen hilft immer."
381,Mia und der Schatz,"Mia, eine kleine Sängerin, lebte in einem kleinen Dorf.

Der Himmel war blau.

Eines Tages wollte Mia den Wald erkunden.

Aber der Weg war versperrt.

Oma Lina, die alles weiß, kam dazu.

Zusammen schaffen wir das!

Gemeinsam nahmen sie das alte Fernglas mit.

Unterwegs sangen sie am Bach.

Unterwegs sangen sie eine Weile.

Plötzlich raschelte es laut.

Alle klatschten vor Freude.

Wer wagt, gewinnt."
382,Leo und das Geheimnis,"Leo, der Tiere liebt, lebte auf dem bunten Markt.

Vögel sangen lustig.

Eines Tages wollte Leo die Insel entdecken.

Aber es fing an zu regnen.

Oma Lina, die alles weiß, kam dazu.

Keine Angst, ich helfe dir.

Gemeinsam nahmen sie das kleine Messer mit.

Unterwegs rasteten sie eine Weile.

Unterwegs tanzten sie im Kreis.

Plötzlich quakte ein Frosch.

So wurde aus Angst Mut.

Mut wird belohnt."
383,Anna und der Plan,"Anna, die schnell denkt, lebte am alten Brunnen.

Es roch nach frischem Gras.

Eines Tages wollte Anna die Höhle finden.

Aber die Karte war weg.

Oma Lina, die alles weiß, kam dazu.

Ich komme mit!

Gemeinsam nahmen sie eine warme Decke mit.

Unterwegs sangen sie im Kreis.

Unterwegs lachten sie eine Weile.

Plötzlich bellte ein Hund.

Alle lachten und gingen heim.

Teilen macht Freude."
384,Max und die Reise,"Max, ein fröhlicher Junge, lebte auf dem Spielplatz.

Alles war still und friedlich.

Eines Tages wollte Max den hohen Berg sehen.

Aber es wurde dunkel.

Oma Lina, die alles weiß, kam dazu.

Gut, dass ich da bin.

Gemeinsam nahmen sie eine bunte Karte mit.

Unterwegs rasteten sie am Bach.

Unterwegs plauderten sie am Bach.

Plötzlich fiel ein Blatt.

So endete das Abenteuer gut.

Zusammen ist alles leichter."
385,Milo und der Fund,"Milo, ein neugieriger Junge, lebte am blauen Fluss.

Die Sonne schien warm.

Eines Tages wollte Milo den Schatz suchen.

Aber der Fluss war zu tief.

Oma Lina, die alles weiß, kam dazu.

Zusammen schaffen wir das!

Gemeinsam nahmen sie eine alte Münze mit.

Unterwegs sangen sie laut.

Unterwegs spielten sie fröhlich.

Plötzlich summte eine Biene.

Am Ende waren alle glücklich.

Wahre Freunde helfen immer."
386,Lena und die Entdeckung,"Lena, die gerne malt, lebte auf der grünen Wiese.

Schmetterlinge flogen umher.

Eines Tages wollte Lena den See überqueren.

Aber ein Baum lag quer.

Herr Dachs, der Gärtner, kam dazu.

Keine Angst, ich helfe dir.

Gemeinsam nahmen sie das grüne Seil mit.

Unterwegs rasteten sie im Kreis.

Unterwegs sangen sie laut.

Plötzlich klopfte es.

Das Abenteuer blieb unvergessen.

Geduld bringt Glück."
387,Finn und der Ausflug,"Finn, ein kleiner Träumer, lebte bei der großen Eiche.

Es duftete nach Blumen.

Eines Tages wollte Finn das Meer finden.

Aber der Wind war stark.

Herr Dachs, der Gärtner, kam dazu.

Ich komme mit!

Gemeinsam nahmen sie die kleine Laterne mit.

Unterwegs erzählten sie Geschichten.

Unterwegs rasteten sie zusammen.

Plötzlich tanzte ein Schmetterling vorbei.

Alle gingen zufrieden heim.

Neugier führt zu Wundern."
388,Pippa und der Wettkampf,"Pippa, eine mutige Maus, lebte im grünen Park.

Ein Bach plätscherte leise.

Eines Tages wollte Pippa den Sternenhimmel sehen.

Aber es war neblig.

Herr Dachs, der Gärtner, kam dazu.

Gut, dass ich da bin.

Gemeinsam nahmen sie die blaue Flasche mit.

Unterwegs rasteten sie laut.

Unterwegs lachten sie im Kreis.

Plötzlich kam Wind auf.

So war der Tag perfekt.

Lachen hilft immer."
389,Nora und das Rätsel,"Nora, die viele Fragen stellt, lebte im alten Wald.

Der Himmel war blau.

Eines Tages wollte Nora den Turm besteigen.

Aber die Brücke war kaputt.

Herr Dachs, der Gärtner, kam dazu.

Zusammen schaffen wir das!

Gemeinsam nahmen sie die gelbe Tasche mit.

Unterwegs lachten sie viel.

Unterwegs plauderten sie laut.

Plötzlich fiel eine Sternschnuppe.

Alle klatschten vor Freude.

Wer wagt, gewinnt."
390,Theo und die Überraschung,"Theo, ein fröhlicher Junge, lebte im gelben Feld.

Vögel sangen lustig.

Eines Tages wollte Theo das alte Schloss besuchen.

Aber ein Hund bellte laut.

Herr Dachs, der Gärtner, kam dazu.

Keine Angst, ich helfe dir.

Gemeinsam nahmen sie das rote Seil mit.

Unterwegs spielten sie zusammen.

Unterwegs spielten sie am Bach.

Plötzlich lachte jemand.

So wurde aus Angst Mut.

Mut wird belohnt."
391,Emma und das große Abenteuer,"Emma, ein mutiges Mädchen, lebte in einem kleinen Dorf.

Es roch nach frischem Gras.

Eines Tages wollte Emma den Wald erkunden.

Aber der Weg war versperrt.

Herr Dachs, der Gärtner, kam dazu.

Ich komme mit!

Gemeinsam nahmen sie das alte Fernglas mit.

Unterwegs sangen sie ein Lied.

Unterwegs lachten sie viel.

Plötzlich raschelte es laut.

Alle lachten und gingen heim.

Teilen macht Freude."
392,Paul und das Geheimnis,"Paul, der gerne baut, lebte auf dem bunten Markt.

Alles war still und friedlich.

Eines Tages wollte Paul die Insel entdecken.

Aber es fing an zu regnen.

Herr Dachs, der Gärtner, kam dazu.

Gut, dass ich da bin.

Gemeinsam nahmen sie das kleine Messer mit.

Unterwegs spielten sie fröhlich.

Unterwegs rasteten sie eine Weile.

Plötzlich quakte ein Frosch.

So endete das Abenteuer gut.

Zusammen ist alles leichter."
393,Mias schönster Tag,"Mia, eine kleine Sängerin, lebte am alten Brunnen.

Die Sonne schien warm.

Eines Tages wollte Mia die Höhle finden.

Aber die Karte war weg.

Tante Mira, die lustige Nachbarin, kam dazu.

Zusammen schaffen wir das!

Gemeinsam nahmen sie eine warme Decke mit.

Unterwegs plauderten sie zusammen.

Unterwegs sangen sie zusammen.

Plötzlich bellte ein Hund.

Am Ende waren alle glücklich.

Wahre Freunde helfen immer."
394,Leo und der Schatz,"Leo, der Tiere liebt, lebte auf dem Spielplatz.

Schmetterlinge flogen umher.

Eines Tages wollte Leo den hohen Berg sehen.

Aber es wurde dunkel.

Tante Mira, die lustige Nachbarin, kam dazu.

Keine Angst, ich helfe dir.

Gemeinsam nahmen sie eine bunte Karte mit.

Unterwegs spielten sie eine Weile.

Unterwegs tanzten sie fröhlich.

Plötzlich fiel ein Blatt.

Das Abenteuer blieb unvergessen.

Geduld bringt Glück."
395,Anna und das Geheimnis,"Anna, die schnell denkt, lebte am blauen Fluss.

Es duftete nach Blumen.

Eines Tages wollte Anna den Schatz suchen.

Aber der Fluss war zu tief.

Tante Mira, die lustige Nachbarin, kam dazu.

Ich komme mit!

Gemeinsam nahmen sie eine alte Münze mit.

Unterwegs plauderten sie fröhlich.

Unterwegs spielten sie laut.

Plötzlich summte eine Biene.

Alle gingen zufrieden heim.

Neugier führt zu Wundern."
396,Max und der Plan,"Max, ein fröhlicher Junge, lebte auf der grünen Wiese.

Ein Bach plätscherte leise.

Eines Tages wollte Max den See überqueren.

Aber ein Baum lag quer.

Tante Mira, die lustige Nachbarin, kam dazu.

Gut, dass ich da bin.

Gemeinsam nahmen sie das grüne Seil mit.

Unterwegs spielten sie am Bach.

Unterwegs plauderten sie zusammen.

Plötzlich klopfte es.

So war der Tag perfekt.

Lachen hilft immer."
397,Milo und die Reise,"Milo, ein neugieriger Junge, lebte bei der großen Eiche.

Der Himmel war blau.

Eines Tages wollte Milo das Meer finden.

Aber der Wind war stark.

Tante Mira, die lustige Nachbarin, kam dazu.

Zusammen schaffen wir das!

Gemeinsam nahmen sie die kleine Laterne mit.

Unterwegs plauderten sie eine Weile.

Unterwegs rasteten sie im Kreis.

Plötzlich tanzte ein Schmetterling vorbei.

Alle klatschten vor Freude.

Wer wagt, gewinnt."
398,Lena und der Fund,"Lena, die gerne malt, lebte im grünen Park.

Vögel sangen lustig.

Eines Tages wollte Lena den Sternenhimmel sehen.

Aber es war neblig.

Tante Mira, die lustige Nachbarin, kam dazu.

Keine Angst, ich helfe dir.

Gemeinsam nahmen sie die blaue Flasche mit.

Unterwegs spielten sie im Kreis.

Unterwegs sangen sie eine Weile.

Plötzlich kam Wind auf.

So wurde aus Angst Mut.

Mut wird belohnt."
399,Finn und die Entdeckung,"Finn, ein kleiner Träumer, lebte im alten Wald.

Es roch nach frischem Gras.

Eines Tages wollte Finn den Turm besteigen.

Aber die Brücke war kaputt.

Tante Mira, die lustige Nachbarin, kam dazu.

Ich komme mit!

Gemeinsam nahmen sie die gelbe Tasche mit.

Unterwegs plauderten sie am Bach.

Unterwegs tanzten sie am Bach.

Plötzlich fiel eine Sternschnuppe.

Alle lachten und gingen heim.

Teilen macht Freude."
400,Pippa und der Ausflug,"Pippa, eine mutige Maus, lebte im gelben Feld.

Alles war still und friedlich.

Eines Tages wollte Pippa das alte Schloss besuchen.

Aber ein Hund bellte laut.

Opa Karl, der alles repariert, kam dazu.

Gut, dass ich da bin.

Gemeinsam nahmen sie das rote Seil mit.

Unterwegs spielten sie laut.

Unterwegs lachten sie fröhlich.

Plötzlich lachte jemand.

So endete das Abenteuer gut.

Zusammen ist alles leichter."
401,Emma und das Geheimnis,"Pippa war in einem kleinen Dorf, als Emma kam.

Es roch nach frischem Gras.

Emma war traurig.

Erzähl, ich höre zu.

Gemeinsam riefen sie um Hilfe.

Unterwegs plauderten sie eine Weile.

Unterwegs lachten sie viel.

Plötzlich bellte ein Hund.

Beide klatschten ab.

Mut wird belohnt."
402,Mias schönster Tag,"Theo war auf dem bunten Markt, als Mia kam.

Schmetterlinge flogen umher.

Mia hatte Hunger.

Ich helfe dir!

Gemeinsam liefen sie los.

Unterwegs erzählten sie Geschichten.

Unterwegs lachten sie eine Weile.

Plötzlich fiel ein Blatt.

So wurde alles gut.

Teilen macht Freude."
403,Anna und der Schatz,"Paul war am alten Brunnen, als Anna kam.

Der Himmel war blau.

Anna hatte sich verirrt.

Wir finden eine Lösung.

Gemeinsam teilten sie die Aufgabe.

Unterwegs sangen sie fröhlich.

Unterwegs rasteten sie am Bach.

Plötzlich summte eine Biene.

Beide grinsten breit.

Zusammen ist alles leichter."
404,Milo und das Geheimnis,"Leo war auf dem Spielplatz, als Milo kam.

Alles war still und friedlich.

Milo hatte Durst.

Komm, wir schaffen das!

Gemeinsam fragten sie die Nachbarn.

Unterwegs lachten sie eine Weile.

Unterwegs plauderten sie im Kreis.

Plötzlich klopfte es.

Beide waren stolz.

Wahre Freunde helfen immer."
405,Finn und der Plan,"Max war am blauen Fluss, als Finn kam.

Es duftete nach Blumen.

Finn war müde.

Erzähl, ich höre zu.

Gemeinsam suchten sie überall.

Unterwegs spielten sie am Bach.

Unterwegs sangen sie eine Weile.

Plötzlich tanzte ein Schmetterling vorbei.

So war alles wieder gut.

Geduld bringt Glück."
406,Nora und die Reise,"Lena war auf der grünen Wiese, als Nora kam.

Vögel sangen lustig.

Nora hatte das Buch vergessen.

Ich helfe dir!

Gemeinsam machten sie einen Plan.

Unterwegs rasteten sie im Kreis.

Unterwegs spielten sie am Bach.

Plötzlich kam Wind auf.

Am Ende lachten beide.

Neugier führt zu Wundern."
407,Emma und der Fund,"Pippa war bei der großen Eiche, als Emma kam.

Die Sonne schien warm.

Emma fror ein wenig.

Wir finden eine Lösung.

Gemeinsam riefen sie um Hilfe.

Unterwegs tanzten sie laut.

Unterwegs tanzten sie im Kreis.

Plötzlich fiel eine Sternschnuppe.

Beide klatschten ab.

Lachen hilft immer."
408,Mia und die Entdeckung,"Theo war im grünen Park, als Mia kam.

Ein Bach plätscherte leise.

Mia hatte Kummer.

Komm, wir schaffen das!

Gemeinsam liefen sie los.

Unterwegs tanzten sie zusammen.

Unterwegs sangen sie ein Lied.

Plötzlich lachte jemand.

So wurde alles gut.

Wer wagt, gewinnt."
409,Anna und der Ausflug,"Paul war im alten Wald, als Anna kam.

Es roch nach frischem Gras.

Anna suchte den Schlüssel.

Erzähl, ich höre zu.

Gemeinsam teilten sie die Aufgabe.

Unterwegs plauderten sie fröhlich.

Unterwegs lachten sie am Bach.

Plötzlich raschelte es laut.

Beide grinsten breit.

Mut wird belohnt."
410,Milo und der Wettkampf,"Leo war im gelben Feld, als Milo kam.

Schmetterlinge flogen umher.

Milo hatte Angst im Dunkeln.

Ich helfe dir!

Gemeinsam fragten sie die Nachbarn.

Unterwegs sangen sie laut.

Unterwegs rasteten sie im Kreis.

Plötzlich quakte ein Frosch.

Beide waren stolz.

Teilen macht Freude."
411,Finn und das Rätsel,"Max war in einem kleinen Dorf, als Finn kam.

Der Himmel war blau.

Finn war traurig.

Wir finden eine Lösung.

Gemeinsam suchten sie überall.

Unterwegs sangen sie zusammen.

Unterwegs plauderten sie laut.

Plötzlich bellte ein Hund.

So war alles wieder gut.

Zusammen ist alles leichter."
412,Nora und die Überraschung,"Lena war auf dem bunten Markt, als Nora kam.

Alles war still und friedlich.

Nora hatte Hunger.

Komm, wir schaffen das!

Gemeinsam machten sie einen Plan.

Unterwegs lachten sie fröhlich.

Unterwegs sangen sie am Bach.

Plötzlich fiel ein Blatt.

Am Ende lachten beide.

Wahre Freunde helfen immer."
413,Emma und das große Abenteuer,"Pippa war am alten Brunnen, als Emma kam.

Es duftete nach Blumen.

Emma hatte sich verirrt.

Erzähl, ich höre zu.

Gemeinsam riefen sie um Hilfe.

Unterwegs spielten sie eine Weile.

Unterwegs spielten sie im Kreis.

Plötzlich summte eine Biene.

Beide klatschten ab.

Geduld bringt Glück."
414,Mia und das Geheimnis,"Theo war auf dem Spielplatz, als Mia kam.

Vögel sangen lustig.

Mia hatte Durst.

Ich helfe dir!

Gemeinsam liefen sie los.

Unterwegs rasteten sie am Bach.

Unterwegs tanzten sie laut.

Plötzlich klopfte es.

So wurde alles gut.

Neugier führt zu Wundern."
415,Annas schönster Tag,"Paul war am blauen Fluss, als Anna kam.

Die Sonne schien warm.

Anna war müde.

Wir finden eine Lösung.

Gemeinsam teilten sie die Aufgabe.

Unterwegs tanzten sie im Kreis.

Unterwegs plauderten sie zusammen.

Plötzlich tanzte ein Schmetterling vorbei.

Beide grinsten breit.

Lachen hilft immer."
416,Milo und der Schatz,"Leo war auf der grünen Wiese, als Milo kam.

Ein Bach plätscherte leise.

Milo hatte das Buch vergessen.

Komm, wir schaffen das!

Gemeinsam fragten sie die Nachbarn.

Unterwegs plauderten sie laut.

Unterwegs lachten sie im Kreis.

Plötzlich kam Wind auf.

Beide waren stolz.

Wer wagt, gewinnt."
417,Finn und das Geheimnis,"Max war bei der großen Eiche, als Finn kam.

Es roch nach frischem Gras.

Finn fror ein wenig.

Erzähl, ich höre zu.

Gemeinsam suchten sie überall.

Unterwegs plauderten sie zusammen.

Unterwegs rasteten sie laut.

Plötzlich fiel eine Sternschnuppe.

So war alles wieder gut.

Mut wird belohnt."
418,Nora und der Plan,"Lena war im grünen Park, als Nora kam.

Schmetterlinge flogen umher.

Nora hatte Kummer.

Ich helfe dir!

Gemeinsam machten sie einen Plan.

Unterwegs sangen sie im Kreis.

Unterwegs tanzten sie zusammen.

Plötzlich lachte jemand.

Am Ende lachten beide.

Teilen macht Freude."
419,Emma und die Reise,"Pippa war im alten Wald, als Emma kam.

Der Himmel war blau.

Emma suchte den Schlüssel.

Wir finden eine Lösung.

Gemeinsam riefen sie um Hilfe.

Unterwegs lachten sie laut.

Unterwegs sangen sie im Kreis.

Plötzlich raschelte es laut.

Beide klatschten ab.

Zusammen ist alles leichter."
420,Mia und der Fund,"Theo war im gelben Feld, als Mia kam.

Alles war still und friedlich.

Mia hatte Angst im Dunkeln.

Komm, wir schaffen das!

Gemeinsam liefen sie los.

Unterwegs lachten sie zusammen.

Unterwegs spielten sie laut.

Plötzlich quakte ein Frosch.

So wurde alles gut.

Wahre Freunde helfen immer."
421,Anna und die Entdeckung,"Paul war in einem kleinen Dorf, als Anna kam.

Es duftete nach Blumen.

Anna war traurig.

Erzähl, ich höre zu.

Gemeinsam teilten sie die Aufgabe.

Unterwegs spielten sie fröhlich.

Unterwegs rasteten sie zusammen.

Plötzlich bellte ein Hund.

Beide grinsten breit.

Geduld bringt Glück."
422,Milo und der Ausflug,"Leo war auf dem bunten Markt, als Milo kam.

Vögel sangen lustig.

Milo hatte Hunger.

Ich helfe dir!

Gemeinsam fragten sie die Nachbarn.

Unterwegs rasteten sie eine Weile.

Unterwegs plauderten sie fröhlich.

Plötzlich fiel ein Blatt.

Beide waren stolz.

Neugier führt zu Wundern."
423,Finn und der Wettkampf,"Max war am alten Brunnen, als Finn kam.

Die Sonne schien warm.

Finn hatte sich verirrt.

Wir finden eine Lösung.

Gemeinsam suchten sie überall.

Unterwegs tanzten sie am Bach.

Unterwegs lachten sie laut.

Plötzlich summte eine Biene.

So war alles wieder gut.

Lachen hilft immer."
424,Nora und das Rätsel,"Lena war auf dem Spielplatz, als Nora kam.

Ein Bach plätscherte leise.

Nora hatte Durst.

Komm, wir schaffen das!

Gemeinsam machten sie einen Plan.

Unterwegs plauderten sie im Kreis.

Unterwegs spielten sie zusammen.

Plötzlich klopfte es.

Am Ende lachten beide.

Wer wagt, gewinnt."
425,Emma und die Überraschung,"Pippa war am blauen Fluss, als Emma kam.

Es roch nach frischem Gras.

Emma war müde.

Erzähl, ich höre zu.

Gemeinsam riefen sie um Hilfe.

Unterwegs sangen sie ein Lied.

Unterwegs tanzten sie fröhlich.

Plötzlich tanzte ein Schmetterling vorbei.

Beide klatschten ab.

Mut wird belohnt."
426,Mia und das große Abenteuer,"Theo war auf der grünen Wiese, als Mia kam.

Schmetterlinge flogen umher.

Mia hatte das Buch vergessen.

Ich helfe dir!

Gemeinsam liefen sie los.

Unterwegs sangen sie am Bach.

Unterwegs sangen sie laut.

Plötzlich kam Wind auf.

So wurde alles gut.

Teilen macht Freude."
427,Anna und das Geheimnis,"Paul war bei der großen Eiche, als Anna kam.

Der Himmel war blau.

Anna fror ein wenig.

Wir finden eine Lösung.

Gemeinsam teilten sie die Aufgabe.

Unterwegs lachten sie im Kreis.

Unterwegs lachten sie zusammen.

Plötzlich fiel eine Sternschnuppe.

Beide grinsten breit.

Zusammen ist alles leichter."
428,Milos schönster Tag,"Leo war im grünen Park, als Milo kam.

Alles war still und friedlich.

Milo hatte Kummer.

Komm, wir schaffen das!

Gemeinsam fragten sie die Nachbarn.

Unterwegs spielten sie laut.

Unterwegs rasteten sie fröhlich.

Plötzlich lachte jemand.

Beide waren stolz.

Wahre Freunde helfen immer."
429,Finn und der Schatz,"Max war im alten Wald, als Finn kam.

Es duftete nach Blumen.

Finn suchte den Schlüssel.

Erzähl, ich höre zu.

Gemeinsam suchten sie überall.

Unterwegs spielten sie zusammen.

Unterwegs plauderten sie eine Weile.

Plötzlich raschelte es laut.

So war alles wieder gut.

Geduld bringt Glück."
430,Nora und das Geheimnis,"Lena war im gelben Feld, als Nora kam.

Vögel sangen lustig.

Nora hatte Angst im Dunkeln.

Ich helfe dir!

Gemeinsam machten sie einen Plan.

Unterwegs rasteten sie fröhlich.

Unterwegs sangen sie zusammen.

Plötzlich quakte ein Frosch.

Am Ende lachten beide.

Neugier führt zu Wundern."
431,Emma und der Plan,"Pippa war in einem kleinen Dorf, als Emma kam.

Die Sonne schien warm.

Emma war traurig.

Wir finden eine Lösung.

Gemeinsam riefen sie um Hilfe.

Unterwegs tanzten sie eine Weile.

Unterwegs spielten sie fröhlich.

Plötzlich bellte ein Hund.

Beide klatschten ab.

Lachen hilft immer."
432,Mia und die Reise,"Theo war auf dem bunten Markt, als Mia kam.

Ein Bach plätscherte leise.

Mia hatte Hunger.

Komm, wir schaffen das!

Gemeinsam liefen sie los.

Unterwegs plauderten sie am Bach.

Unterwegs tanzten sie eine Weile.

Plötzlich fiel ein Blatt.

So wurde alles gut.

Wer wagt, gewinnt."
433,Anna und der Fund,"Paul war am alten Brunnen, als Anna kam.

Es roch nach frischem Gras.

Anna hatte sich verirrt.

Erzähl, ich höre zu.

Gemeinsam teilten sie die Aufgabe.

Unterwegs lachten sie viel.

Unterwegs erzählten sie Geschichten.

Plötzlich summte eine Biene.

Beide grinsten breit.

Mut wird belohnt."
434,Milo und die Entdeckung,"Leo war auf dem Spielplatz, als Milo kam.

Schmetterlinge flogen umher.

Milo hatte Durst.

Ich helfe dir!

Gemeinsam fragten sie die Nachbarn.

Unterwegs sangen sie eine Weile.

Unterwegs lachten sie fröhlich.

Plötzlich klopfte es.

Beide waren stolz.

Teilen macht Freude."
435,Finn und der Ausflug,"Max war am blauen Fluss, als Finn kam.

Der Himmel war blau.

Finn war müde.

Wir finden eine Lösung.

Gemeinsam suchten sie überall.

Unterwegs lachten sie am Bach.

Unterwegs rasteten sie eine Weile.

Plötzlich tanzte ein Schmetterling vorbei.

So war alles wieder gut.

Zusammen ist alles leichter."
436,Nora und der Wettkampf,"Lena war auf der grünen Wiese, als Nora kam.

Alles war still und friedlich.

Nora hatte das Buch vergessen.

Komm, wir schaffen das!

Gemeinsam machten sie einen Plan.

Unterwegs spielten sie im Kreis.

Unterwegs plauderten sie am Bach.

Plötzlich kam Wind auf.

Am Ende lachten beide.

Wahre Freunde helfen immer."
437,Emma und das Rätsel,"Pippa war bei der großen Eiche, als Emma kam.

Es duftete nach Blumen.

Emma fror ein wenig.

Erzähl, ich höre zu.

Gemeinsam riefen sie um Hilfe.

Unterwegs rasteten sie laut.

Unterwegs sangen sie fröhlich.

Plötzlich fiel eine Sternschnuppe.

Beide klatschten ab.

Geduld bringt Glück."
438,Mia und die Überraschung,"Theo war im grünen Park, als Mia kam.

Vögel sangen lustig.

Mia hatte Kummer.

Ich helfe dir!

Gemeinsam liefen sie los.

Unterwegs rasteten sie zusammen.

Unterwegs spielten sie eine Weile.

Plötzlich lachte jemand.

So wurde alles gut.

Neugier führt zu Wundern."
439,Anna und das große Abenteuer,"Paul war im alten Wald, als Anna kam.

Die Sonne schien warm.

Anna suchte den Schlüssel.

Wir finden eine Lösung.

Gemeinsam teilten sie die Aufgabe.

Unterwegs tanzten sie fröhlich.

Unterwegs tanzten sie am Bach.

Plötzlich raschelte es laut.

Beide grinsten breit.

Lachen hilft immer."
440,Milo und das Geheimnis,"Leo war im gelben Feld, als Milo kam.

Ein Bach plätscherte leise.

Milo hatte Angst im Dunkeln.

Komm, wir schaffen das!

Gemeinsam fragten sie die Nachbarn.

Unterwegs plauderten sie eine Weile.

Unterwegs lachten sie viel.

Plötzlich quakte ein Frosch.

Beide waren stolz.

Wer wagt, gewinnt."
441,Finns schönster Tag,"Max war in einem kleinen Dorf, als Finn kam.

Es roch nach frischem Gras.

Finn war traurig.

Erzähl, ich höre zu.

Gemeinsam suchten sie überall.

Unterwegs erzählten sie Geschichten.

Unterwegs lachten sie eine Weile.

Plötzlich bellte ein Hund.

So war alles wieder gut.

Mut wird belohnt."
442,Nora und der Schatz,"Lena war auf dem bunten Markt, als Nora kam.

Schmetterlinge flogen umher.

Nora hatte Hunger.

Ich helfe dir!

Gemeinsam machten sie einen Plan.

Unterwegs sangen sie fröhlich.

Unterwegs rasteten sie am Bach.

Plötzlich fiel ein Blatt.

Am Ende lachten beide.

Teilen macht Freude."
443,Emma und das Geheimnis,"Pippa war am alten Brunnen, als Emma kam.

Der Himmel war blau.

Emma hatte sich verirrt.

Wir finden eine Lösung.

Gemeinsam riefen sie um Hilfe.

Unterwegs lachten sie eine Weile.

Unterwegs plauderten sie im Kreis.

Plötzlich summte eine Biene.

Beide klatschten ab.

Zusammen ist alles leichter."
444,Mia und der Plan,"Theo war auf dem Spielplatz, als Mia kam.

Alles war still und friedlich.

Mia hatte Durst.

Komm, wir schaffen das!

Gemeinsam liefen sie los.

Unterwegs spielten sie am Bach.

Unterwegs sangen sie eine Weile.

Plötzlich klopfte es.

So wurde alles gut.

Wahre Freunde helfen immer."
445,Anna und die Reise,"Paul war am blauen Fluss, als Anna kam.

Es duftete nach Blumen.

Anna war müde.

Erzähl, ich höre zu.

Gemeinsam teilten sie die Aufgabe.

Unterwegs rasteten sie im Kreis.

Unterwegs spielten sie am Bach.

Plötzlich tanzte ein Schmetterling vorbei.

Beide grinsten breit.

Geduld bringt Glück."
446,Milo und der Fund,"Leo war auf der grünen Wiese, als Milo kam.

Vögel sangen lustig.

Milo hatte das Buch vergessen.

Ich helfe dir!

Gemeinsam fragten sie die Nachbarn.

Unterwegs tanzten sie laut.

Unterwegs tanzten sie im Kreis.

Plötzlich kam Wind auf.

Beide waren stolz.

Neugier führt zu Wundern."
447,Finn und die Entdeckung,"Max war bei der großen Eiche, als Finn kam.

Die Sonne schien warm.

Finn fror ein wenig.

Wir finden eine Lösung.

Gemeinsam suchten sie überall.

Unterwegs tanzten sie zusammen.

Unterwegs sangen sie ein Lied.

Plötzlich fiel eine Sternschnuppe.

So war alles wieder gut.

Lachen hilft immer."
448,Nora und der Ausflug,"Lena war im grünen Park, als Nora kam.

Ein Bach plätscherte leise.

Nora hatte Kummer.

Komm, wir schaffen das!

Gemeinsam machten sie einen Plan.

Unterwegs plauderten sie fröhlich.

Unterwegs lachten sie am Bach.

Plötzlich lachte jemand.

Am Ende lachten beide.

Wer wagt, gewinnt."
449,Emma und der Wettkampf,"Pippa war im alten Wald, als Emma kam.

Es roch nach frischem Gras.

Emma suchte den Schlüssel.

Erzähl, ich höre zu.

Gemeinsam riefen sie um Hilfe.

Unterwegs sangen sie laut.

Unterwegs rasteten sie im Kreis.

Plötzlich raschelte es laut.

Beide klatschten ab.

Mut wird belohnt."
450,Mia und das Rätsel,"Theo war im gelben Feld, als Mia kam.

Schmetterlinge flogen umher.

Mia hatte Angst im Dunkeln.

Ich helfe dir!

Gemeinsam liefen sie los.

Unterwegs sangen sie zusammen.

Unterwegs plauderten sie laut.

Plötzlich quakte ein Frosch.

So wurde alles gut.

Teilen macht Freude."
451,Anna und die Überraschung,"Paul war in einem kleinen Dorf, als Anna kam.

Der Himmel war blau.

Anna war traurig.

Wir finden eine Lösung.

Gemeinsam teilten sie die Aufgabe.

Unterwegs lachten sie fröhlich.

Unterwegs sangen sie am Bach.

Plötzlich bellte ein Hund.

Beide grinsten breit.

Zusammen ist alles leichter."
452,Milo und das große Abenteuer,"Leo war auf dem bunten Markt, als Milo kam.

Alles war still und friedlich.

Milo hatte Hunger.

Komm, wir schaffen das!

Gemeinsam fragten sie die Nachbarn.

Unterwegs spielten sie eine Weile.

Unterwegs spielten sie im Kreis.

Plötzlich fiel ein Blatt.

Beide waren stolz.

Wahre Freunde helfen immer."
453,Finn und das Geheimnis,"Max war am alten Brunnen, als Finn kam.

Es duftete nach Blumen.

Finn hatte sich verirrt.

Erzähl, ich höre zu.

Gemeinsam suchten sie überall.

Unterwegs rasteten sie am Bach.

Unterwegs tanzten sie laut.

Plötzlich summte eine Biene.

So war alles wieder gut.

Geduld bringt Glück."
454,Noras schönster Tag,"Lena war auf dem Spielplatz, als Nora kam.

Vögel sangen lustig.

Nora hatte Durst.

Ich helfe dir!

Gemeinsam machten sie einen Plan.

Unterwegs tanzten sie im Kreis.

Unterwegs plauderten sie zusammen.

Plötzlich klopfte es.

Am Ende lachten beide.

Neugier führt zu Wundern."
455,Emma und der Schatz,"Pippa war am blauen Fluss, als Emma kam.

Die Sonne schien warm.

Emma war müde.

Wir finden eine Lösung.

Gemeinsam riefen sie um Hilfe.

Unterwegs plauderten sie laut.

Unterwegs lachten sie im Kreis.

Plötzlich tanzte ein Schmetterling vorbei.

Beide klatschten ab.

Lachen hilft immer."
456,Mia und das Geheimnis,"Theo war auf der grünen Wiese, als Mia kam.

Ein Bach plätscherte leise.

Mia hatte das Buch vergessen.

Komm, wir schaffen das!

Gemeinsam liefen sie los.

Unterwegs plauderten sie zusammen.

Unterwegs rasteten sie laut.

Plötzlich kam Wind auf.

So wurde alles gut.

Wer wagt, gewinnt."
457,Anna und der Plan,"Paul war bei der großen Eiche, als Anna kam.

Es roch nach frischem Gras.

Anna fror ein wenig.

Erzähl, ich höre zu.

Gemeinsam teilten sie die Aufgabe.

Unterwegs sangen sie im Kreis.

Unterwegs tanzten sie zusammen.

Plötzlich fiel eine Sternschnuppe.

Beide grinsten breit.

Mut wird belohnt."
458,Milo und die Reise,"Leo war im grünen Park, als Milo kam.

Schmetterlinge flogen umher.

Milo hatte Kummer.

Ich helfe dir!

Gemeinsam fragten sie die Nachbarn.

Unterwegs lachten sie laut.

Unterwegs sangen sie im Kreis.

Plötzlich lachte jemand.

Beide waren stolz.

Teilen macht Freude."
459,Finn und der Fund,"Max war im alten Wald, als Finn kam.

Der Himmel war blau.

Finn suchte den Schlüssel.

Wir finden eine Lösung.

Gemeinsam suchten sie überall.

Unterwegs lachten sie zusammen.

Unterwegs spielten sie laut.

Plötzlich raschelte es laut.

So war alles wieder gut.

Zusammen ist alles leichter."
460,Nora und die Entdeckung,"Lena war im gelben Feld, als Nora kam.

Alles war still und friedlich.

Nora hatte Angst im Dunkeln.

Komm, wir schaffen das!

Gemeinsam machten sie einen Plan.

Unterwegs spielten sie fröhlich.

Unterwegs rasteten sie zusammen.

Plötzlich quakte ein Frosch.

Am Ende lachten beide.

Wahre Freunde helfen immer."
461,Emma und der Ausflug,"Pippa war in einem kleinen Dorf, als Emma kam.

Es duftete nach Blumen.

Emma war traurig.

Erzähl, ich höre zu.

Gemeinsam riefen sie um Hilfe.

Unterwegs rasteten sie eine Weile.

Unterwegs plauderten sie fröhlich.

Plötzlich bellte ein Hund.

Beide klatschten ab.

Geduld bringt Glück."
462,Mia und der Wettkampf,"Theo war auf dem bunten Markt, als Mia kam.

Vögel sangen lustig.

Mia hatte Hunger.

Ich helfe dir!

Gemeinsam liefen sie los.

Unterwegs tanzten sie am Bach.

Unterwegs lachten sie laut.

Plötzlich fiel ein Blatt.

So wurde alles gut.

Neugier führt zu Wundern."
463,Anna und das Rätsel,"Paul war am alten Brunnen, als Anna kam.

Die Sonne schien warm.

Anna hatte sich verirrt.

Wir finden eine Lösung.

Gemeinsam teilten sie die Aufgabe.

Unterwegs plauderten sie im Kreis.

Unterwegs spielten sie zusammen.

Plötzlich summte eine Biene.

Beide grinsten breit.

Lachen hilft immer."
464,Milo und die Überraschung,"Leo war auf dem Spielplatz, als Milo kam.

Ein Bach plätscherte leise.

Milo hatte Durst.

Komm, wir schaffen das!

Gemeinsam fragten sie die Nachbarn.

Unterwegs sangen sie ein Lied.

Unterwegs tanzten sie fröhlich.

Plötzlich klopfte es.

Beide waren stolz.

Wer wagt, gewinnt."
465,Finn und das große Abenteuer,"Max war am blauen Fluss, als Finn kam.

Es roch nach frischem Gras.

Finn war müde.

Erzähl, ich höre zu.

Gemeinsam suchten sie überall.

Unterwegs sangen sie am Bach.

Unterwegs sangen sie laut.

Plötzlich tanzte ein Schmetterling vorbei.

So war alles wieder gut.

Mut wird belohnt."
466,Nora und das Geheimnis,"Lena war auf der grünen Wiese, als Nora kam.

Schmetterlinge flogen umher.

Nora hatte das Buch vergessen.

Ich helfe dir!

Gemeinsam machten sie einen Plan.

Unterwegs lachten sie im Kreis.

Unterwegs lachten sie zusammen.

Plötzlich kam Wind auf.

Am Ende lachten beide.

Teilen macht Freude."
467,Emmas schönster Tag,"Pippa war bei der großen Eiche, als Emma kam.

Der Himmel war blau.

Emma fror ein wenig.

Wir finden eine Lösung.

Gemeinsam riefen sie um Hilfe.

Unterwegs spielten sie laut.

Unterwegs rasteten sie fröhlich.

Plötzlich fiel eine Sternschnuppe.

Beide klatschten ab.

Zusammen ist alles leichter."
468,Mia und der Schatz,"Theo war im grünen Park, als Mia kam.

Alles war still und friedlich.

Mia hatte Kummer.

Komm, wir schaffen das!

Gemeinsam liefen sie los.

Unterwegs spielten sie zusammen.

Unterwegs plauderten sie eine Weile.

Plötzlich lachte jemand.

So wurde alles gut.

Wahre Freunde helfen immer."
469,Anna und das Geheimnis,"Paul war im alten Wald, als Anna kam.

Es duftete nach Blumen.

Anna suchte den Schlüssel.

Erzähl, ich höre zu.

Gemeinsam teilten sie die Aufgabe.

Unterwegs rasteten sie fröhlich.

Unterwegs sangen sie zusammen.

Plötzlich raschelte es laut.

Beide grinsten breit.

Geduld bringt Glück."
470,Milo und der Plan,"Leo war im gelben Feld, als Milo kam.

Vögel sangen lustig.

Milo hatte Angst im Dunkeln.

Ich helfe dir!

Gemeinsam fragten sie die Nachbarn.

Unterwegs tanzten sie eine Weile.

Unterwegs spielten sie fröhlich.

Plötzlich quakte ein Frosch.

Beide waren stolz.

Neugier führt zu Wundern."
471,Finn und die Reise,"Max war in einem kleinen Dorf, als Finn kam.

Die Sonne schien warm.

Finn war traurig.

Wir finden eine Lösung.

Gemeinsam suchten sie überall.

Unterwegs plauderten sie am Bach.

Unterwegs tanzten sie eine Weile.

Plötzlich bellte ein Hund.

So war alles wieder gut.

Lachen hilft immer."
472,Nora und der Fund,"Lena war auf dem bunten Markt, als Nora kam.

Ein Bach plätscherte leise.

Nora hatte Hunger.

Komm, wir schaffen das!

Gemeinsam machten sie einen Plan.

Unterwegs lachten sie viel.

Unterwegs erzählten sie Geschichten.

Plötzlich fiel ein Blatt.

Am Ende lachten beide.

Wer wagt, gewinnt."
473,Emma und die Entdeckung,"Pippa war am alten Brunnen, als Emma kam.

Es roch nach frischem Gras.

Emma hatte sich verirrt.

Erzähl, ich höre zu.

Gemeinsam riefen sie um Hilfe.

Unterwegs sangen sie eine Weile.

Unterwegs lachten sie fröhlich.

Plötzlich summte eine Biene.

Beide klatschten ab.

Mut wird belohnt."
474,Mia und der Ausflug,"Theo war auf dem Spielplatz, als Mia kam.

Schmetterlinge flogen umher.

Mia hatte Durst.

Ich helfe dir!

Gemeinsam liefen sie los.

Unterwegs lachten sie am Bach.

Unterwegs rasteten sie eine Weile.

Plötzlich klopfte es.

So wurde alles gut.

Teilen macht Freude."
475,Anna und der Wettkampf,"Paul war am blauen Fluss, als Anna kam.

Der Himmel war blau.

Anna war müde.

Wir finden eine Lösung.

Gemeinsam teilten sie die Aufgabe.

Unterwegs spielten sie im Kreis.

Unterwegs plauderten sie am Bach.

Plötzlich tanzte ein Schmetterling vorbei.

Beide grinsten breit.

Zusammen ist alles leichter."
476,Milo und das Rätsel,"Leo war auf der grünen Wiese, als Milo kam.

Alles war still und friedlich.

Milo hatte das Buch vergessen.

Komm, wir schaffen das!

Gemeinsam fragten sie die Nachbarn.

Unterwegs rasteten sie laut.

Unterwegs sangen sie fröhlich.

Plötzlich kam Wind auf.

Beide waren stolz.

Wahre Freunde helfen immer."
477,Finn und die Überraschung,"Max war bei der großen Eiche, als Finn kam.

Es duftete nach Blumen.

Finn fror ein wenig.

Erzähl, ich höre zu.

Gemeinsam suchten sie überall.

Unterwegs rasteten sie zusammen.

Unterwegs spielten sie eine Weile.

Plötzlich fiel eine Sternschnuppe.

So war alles wieder gut.

Geduld bringt Glück."
478,Nora und das große Abenteuer,"Lena war im grünen Park, als Nora kam.

Vögel sangen lustig.

Nora hatte Kummer.

Ich helfe dir!

Gemeinsam machten sie einen Plan.

Unterwegs tanzten sie fröhlich.

Unterwegs tanzten sie am Bach.

Plötzlich lachte jemand.

Am Ende lachten beide.

Neugier führt zu Wundern."
479,Emma und das Geheimnis,"Pippa war im alten Wald, als Emma kam.

Die Sonne schien warm.

Emma suchte den Schlüssel.

Wir finden eine Lösung.

Gemeinsam riefen sie um Hilfe.

Unterwegs plauderten sie eine Weile.

Unterwegs lachten sie viel.

Plötzlich raschelte es laut.

Beide klatschten ab.

Lachen hilft immer."
480,Mias schönster Tag,"Theo war im gelben Feld, als Mia kam.

Ein Bach plätscherte leise.

Mia hatte Angst im Dunkeln.

Komm, wir schaffen das!

Gemeinsam liefen sie los.

Unterwegs erzählten sie Geschichten.

Unterwegs lachten sie eine Weile.

Plötzlich quakte ein Frosch.

So wurde alles gut.

Wer wagt, gewinnt."
481,Anna und der Schatz,"Paul war in einem kleinen Dorf, als Anna kam.

Es roch nach frischem Gras.

Anna war traurig.

Erzähl, ich höre zu.

Gemeinsam teilten sie die Aufgabe.

Unterwegs sangen sie fröhlich.

Unterwegs rasteten sie am Bach.

Plötzlich bellte ein Hund.

Beide grinsten breit.

Mut wird belohnt."
482,Milo und das Geheimnis,"Leo war auf dem bunten Markt, als Milo kam.

Schmetterlinge flogen umher.

Milo hatte Hunger.

Ich helfe dir!

Gemeinsam fragten sie die Nachbarn.

Unterwegs lachten sie eine Weile.

Unterwegs plauderten sie im Kreis.

Plötzlich fiel ein Blatt.

Beide waren stolz.

Teilen macht Freude."
483,Finn und der Plan,"Max war am alten Brunnen, als Finn kam.

Der Himmel war blau.

Finn hatte sich verirrt.

Wir finden eine Lösung.

Gemeinsam suchten sie überall.

Unterwegs spielten sie am Bach.

Unterwegs sangen sie eine Weile.

Plötzlich summte eine Biene.

So war alles wieder gut.

Zusammen ist alles leichter."
484,Nora und die Reise,"Lena war auf dem Spielplatz, als Nora kam.

Alles war still und friedlich.

Nora hatte Durst.

Komm, wir schaffen das!

Gemeinsam machten sie einen Plan.

Unterwegs rasteten sie im Kreis.

Unterwegs spielten sie am Bach.

Plötzlich klopfte es.

Am Ende lachten beide.

Wahre Freunde helfen immer."
485,Emma und der Fund,"Pippa war am blauen Fluss, als Emma kam.

Es duftete nach Blumen.

Emma war müde.

Erzähl, ich höre zu.

Gemeinsam riefen sie um Hilfe.

Unterwegs tanzten sie laut.

Unterwegs tanzten sie im Kreis.

Plötzlich tanzte ein Schmetterling vorbei.

Beide klatschten ab.

Geduld bringt Glück."
486,Mia und die Entdeckung,"Theo war auf der grünen Wiese, als Mia kam.

Vögel sangen lustig.

Mia hatte das Buch vergessen.

Ich helfe dir!

Gemeinsam liefen sie los.

Unterwegs tanzten sie zusammen.

Unterwegs sangen sie ein Lied.

Plötzlich kam Wind auf.

So wurde alles gut.

Neugier führt zu Wundern."
487,Anna und der Ausflug,"Paul war bei der großen Eiche, als Anna kam.

Die Sonne schien warm.

Anna fror ein wenig.

Wir finden eine Lösung.

Gemeinsam teilten sie die Aufgabe.

Unterwegs plauderten sie fröhlich.

Unterwegs lachten sie am Bach.

Plötzlich fiel eine Sternschnuppe.

Beide grinsten breit.

Lachen hilft immer."
488,Milo und der Wettkampf,"Leo war im grünen Park, als Milo kam.

Ein Bach plätscherte leise.

Milo hatte Kummer.

Komm, wir schaffen das!

Gemeinsam fragten sie die Nachbarn.

Unterwegs sangen sie laut.

Unterwegs rasteten sie im Kreis.

Plötzlich lachte jemand.

Beide waren stolz.

Wer wagt, gewinnt."
489,Finn und das Rätsel,"Max war im alten Wald, als Finn kam.

Es roch nach frischem Gras.

Finn suchte den Schlüssel.

Erzähl, ich höre zu.

Gemeinsam suchten sie überall.

Unterwegs sangen sie zusammen.

Unterwegs plauderten sie laut.

Plötzlich raschelte es laut.

So war alles wieder gut.

Mut wird belohnt."
490,Nora und die Überraschung,"Lena war im gelben Feld, als Nora kam.

Schmetterlinge flogen umher.

Nora hatte Angst im Dunkeln.

Ich helfe dir!

Gemeinsam machten sie einen Plan.

Unterwegs lachten sie fröhlich.

Unterwegs sangen sie am Bach.

Plötzlich quakte ein Frosch.

Am Ende lachten beide.

Teilen macht Freude."
491,Emma und das große Abenteuer,"Pippa war in einem kleinen Dorf, als Emma kam.

Der Himmel war blau.

Emma war traurig.

Wir finden eine Lösung.

Gemeinsam riefen sie um Hilfe.

Unterwegs spielten sie eine Weile.

Unterwegs spielten sie im Kreis.

Plötzlich bellte ein Hund.

Beide klatschten ab.

Zusammen ist alles leichter."
492,Mia und das Geheimnis,"Theo war auf dem bunten Markt, als Mia kam.

Alles war still und friedlich.

Mia hatte Hunger.

Komm, wir schaffen das!

Gemeinsam liefen sie los.

Unterwegs rasteten sie am Bach.

Unterwegs tanzten sie laut.

Plötzlich fiel ein Blatt.

So wurde alles gut.

Wahre Freunde helfen immer."
493,Annas schönster Tag,"Paul war am alten Brunnen, als Anna kam.

Es duftete nach Blumen.

Anna hatte sich verirrt.

Erzähl, ich höre zu.

Gemeinsam teilten sie die Aufgabe.

Unterwegs tanzten sie im Kreis.

Unterwegs plauderten sie zusammen.

Plötzlich summte eine Biene.

Beide grinsten breit.

Geduld bringt Glück."
494,Milo und der Schatz,"Leo war auf dem Spielplatz, als Milo kam.

Vögel sangen lustig.

Milo hatte Durst.

Ich helfe dir!

Gemeinsam fragten sie die Nachbarn.

Unterwegs plauderten sie laut.

Unterwegs lachten sie im Kreis.

Plötzlich klopfte es.

Beide waren stolz.

Neugier führt zu Wundern."
495,Finn und das Geheimnis,"Max war am blauen Fluss, als Finn kam.

Die Sonne schien warm.

Finn war müde.

Wir finden eine Lösung.

Gemeinsam suchten sie überall.

Unterwegs plauderten sie zusammen.

Unterwegs rasteten sie laut.

Plötzlich tanzte ein Schmetterling vorbei.

So war alles wieder gut.

Lachen hilft immer."
496,Nora und der Plan,"Lena war auf der grünen Wiese, als Nora kam.

Ein Bach plätscherte leise.

Nora hatte das Buch vergessen.

Komm, wir schaffen das!

Gemeinsam machten sie einen Plan.

Unterwegs sangen sie im Kreis.

Unterwegs tanzten sie zusammen.

Plötzlich kam Wind auf.

Am Ende lachten beide.

Wer wagt, gewinnt."
497,Emma und die Reise,"Pippa war bei der großen Eiche, als Emma kam.

Es roch nach frischem Gras.

Emma fror ein wenig.

Erzähl, ich höre zu.

Gemeinsam riefen sie um Hilfe.

Unterwegs lachten sie laut.

Unterwegs sangen sie im Kreis.

Plötzlich fiel eine Sternschnuppe.

Beide klatschten ab.

Mut wird belohnt."
498,Mia und der Fund,"Theo war im grünen Park, als Mia kam.

Schmetterlinge flogen umher.

Mia hatte Kummer.

Ich helfe dir!

Gemeinsam liefen sie los.

Unterwegs lachten sie zusammen.

Unterwegs spielten sie laut.

Plötzlich lachte jemand.

So wurde alles gut.

Teilen macht Freude."
499,Anna und die Entdeckung,"Paul war im alten Wald, als Anna kam.

Der Himmel war blau.

Anna suchte den Schlüssel.

Wir finden eine Lösung.

Gemeinsam teilten sie die Aufgabe.

Unterwegs spielten sie fröhlich.

Unterwegs rasteten sie zusammen.

Plötzlich raschelte es laut.

Beide grinsten breit.

Zusammen ist alles leichter."
500,Milo und der Ausflug,"Leo war im gelben Feld, als Milo kam.

Alles war still und friedlich.

Milo hatte Angst im Dunkeln.

Komm, wir schaffen das!

Gemeinsam fragten sie die Nachbarn.

Unterwegs rasteten sie eine Weile.

Unterwegs plauderten sie fröhlich.

Plötzlich quakte ein Frosch.

Beide waren stolz.

Wahre Freunde helfen immer."
501,Finn und der Wettkampf,"Max war in einem kleinen Dorf, als Finn kam.

Es duftete nach Blumen.

Finn war traurig.

Erzähl, ich höre zu.

Gemeinsam suchten sie überall.

Unterwegs tanzten sie am Bach.

Unterwegs lachten sie laut.

Plötzlich bellte ein Hund.

So war alles wieder gut.

Geduld bringt Glück."
502,Nora und das Rätsel,"Lena war auf dem bunten Markt, als Nora kam.

Vögel sangen lustig.

Nora hatte Hunger.

Ich helfe dir!

Gemeinsam machten sie einen Plan.

Unterwegs plauderten sie im Kreis.

Unterwegs spielten sie zusammen.

Plötzlich fiel ein Blatt.

Am Ende lachten beide.

Neugier führt zu Wundern."
503,Emma und die Überraschung,"Pippa war am alten Brunnen, als Emma kam.

Die Sonne schien warm.

Emma hatte sich verirrt.

Wir finden eine Lösung.

Gemeinsam riefen sie um Hilfe.

Unterwegs sangen sie ein Lied.

Unterwegs tanzten sie fröhlich.

Plötzlich summte eine Biene.

Beide klatschten ab.

Lachen hilft immer."
504,Mia und das große Abenteuer,"Theo war auf dem Spielplatz, als Mia kam.

Ein Bach plätscherte leise.

Mia hatte Durst.

Komm, wir schaffen das!

Gemeinsam liefen sie los.

Unterwegs sangen sie am Bach.

Unterwegs sangen sie laut.

Plötzlich klopfte es.

So wurde alles gut.

Wer wagt, gewinnt."
505,Anna und das Geheimnis,"Paul war am blauen Fluss, als Anna kam.

Es roch nach frischem Gras.

Anna war müde.

Erzähl, ich höre zu.

Gemeinsam teilten sie die Aufgabe.

Unterwegs lachten sie im Kreis.

Unterwegs lachten sie zusammen.

Plötzlich tanzte ein Schmetterling vorbei.

Beide grinsten breit.

Mut wird belohnt."
506,Milos schönster Tag,"Leo war auf der grünen Wiese, als Milo kam.

Schmetterlinge flogen umher.

Milo hatte das Buch vergessen.

Ich helfe dir!

Gemeinsam fragten sie die Nachbarn.

Unterwegs spielten sie laut.

Unterwegs rasteten sie fröhlich.

Plötzlich kam Wind auf.

Beide waren stolz.

Teilen macht Freude."
507,Finn und der Schatz,"Max war bei der großen Eiche, als Finn kam.

Der Himmel war blau.

Finn fror ein wenig.

Wir finden eine Lösung.

Gemeinsam suchten sie überall.

Unterwegs spielten sie zusammen.

Unterwegs plauderten sie eine Weile.

Plötzlich fiel eine Sternschnuppe.

So war alles wieder gut.

Zusammen ist alles leichter."
508,Nora und das Geheimnis,"Lena war im grünen Park, als Nora kam.

Alles war still und friedlich.

Nora hatte Kummer.

Komm, wir schaffen das!

Gemeinsam machten sie einen Plan.

Unterwegs rasteten sie fröhlich.

Unterwegs sangen sie zusammen.

Plötzlich lachte jemand.

Am Ende lachten beide.

Wahre Freunde helfen immer."
509,Emma und der Plan,"Pippa war im alten Wald, als Emma kam.

Es duftete nach Blumen.

Emma suchte den Schlüssel.

Erzähl, ich höre zu.

Gemeinsam riefen sie um Hilfe.

Unterwegs tanzten sie eine Weile.

Unterwegs spielten sie fröhlich.

Plötzlich raschelte es laut.

Beide klatschten ab.

Geduld bringt Glück."
510,Mia und die Reise,"Theo war im gelben Feld, als Mia kam.

Vögel sangen lustig.

Mia hatte Angst im Dunkeln.

Ich helfe dir!

Gemeinsam liefen sie los.

Unterwegs plauderten sie am Bach.

Unterwegs tanzten sie eine Weile.

Plötzlich quakte ein Frosch.

So wurde alles gut.

Neugier führt zu Wundern."
511,Anna und der Fund,"Paul war in einem kleinen Dorf, als Anna kam.

Die Sonne schien warm.

Anna war traurig.

Wir finden eine Lösung.

Gemeinsam teilten sie die Aufgabe.

Unterwegs lachten sie viel.

Unterwegs erzählten sie Geschichten.

Plötzlich bellte ein Hund.

Beide grinsten breit.

Lachen hilft immer."
512,Milo und die Entdeckung,"Leo war auf dem bunten Markt, als Milo kam.

Ein Bach plätscherte leise.

Milo hatte Hunger.

Komm, wir schaffen das!

Gemeinsam fragten sie die Nachbarn.

Unterwegs sangen sie eine Weile.

Unterwegs lachten sie fröhlich.

Plötzlich fiel ein Blatt.

Beide waren stolz.

Wer wagt, gewinnt."
513,Finn und der Ausflug,"Max war am alten Brunnen, als Finn kam.

Es roch nach frischem Gras.

Finn hatte sich verirrt.

Erzähl, ich höre zu.

Gemeinsam suchten sie überall.

Unterwegs lachten sie am Bach.

Unterwegs rasteten sie eine Weile.

Plötzlich summte eine Biene.

So war alles wieder gut.

Mut wird belohnt."
514,Nora und der Wettkampf,"Lena war auf dem Spielplatz, als Nora kam.

Schmetterlinge flogen umher.

Nora hatte Durst.

Ich helfe dir!

Gemeinsam machten sie einen Plan.

Unterwegs spielten sie im Kreis.

Unterwegs plauderten sie am Bach.

Plötzlich klopfte es.

Am Ende lachten beide.

Teilen macht Freude."
515,Emma und das Rätsel,"Pippa war am blauen Fluss, als Emma kam.

Der Himmel war blau.

Emma war müde.

Wir finden eine Lösung.

Gemeinsam riefen sie um Hilfe.

Unterwegs rasteten sie laut.

Unterwegs sangen sie fröhlich.

Plötzlich tanzte ein Schmetterling vorbei.

Beide klatschten ab.

Zusammen ist alles leichter."
516,Mia und die Überraschung,"Theo war auf der grünen Wiese, als Mia kam.

Alles war still und friedlich.

Mia hatte das Buch vergessen.

Komm, wir schaffen das!

Gemeinsam liefen sie los.

Unterwegs rasteten sie zusammen.

Unterwegs spielten sie eine Weile.

Plötzlich kam Wind auf.

So wurde alles gut.

Wahre Freunde helfen immer."
517,Anna und das große Abenteuer,"Paul war bei der großen Eiche, als Anna kam.

Es duftete nach Blumen.

Anna fror ein wenig.

Erzähl, ich höre zu.

Gemeinsam teilten sie die Aufgabe.

Unterwegs tanzten sie fröhlich.

Unterwegs tanzten sie am Bach.

Plötzlich fiel eine Sternschnuppe.

Beide grinsten breit.

Geduld bringt Glück."
518,Milo und das Geheimnis,"Leo war im grünen Park, als Milo kam.

Vögel sangen lustig.

Milo hatte Kummer.

Ich helfe dir!

Gemeinsam fragten sie die Nachbarn.

Unterwegs plauderten sie eine Weile.

Unterwegs lachten sie viel.

Plötzlich lachte jemand.

Beide waren stolz.

Neugier führt zu Wundern."
519,Finns schönster Tag,"Max war im alten Wald, als Finn kam.

Die Sonne schien warm.

Finn suchte den Schlüssel.

Wir finden eine Lösung.

Gemeinsam suchten sie überall.

Unterwegs erzählten sie Geschichten.

Unterwegs lachten sie eine Weile.

Plötzlich raschelte es laut.

So war alles wieder gut.

Lachen hilft immer."
520,Nora und der Schatz,"Lena war im gelben Feld, als Nora kam.

Ein Bach plätscherte leise.

Nora hatte Angst im Dunkeln.

Komm, wir schaffen das!

Gemeinsam machten sie einen Plan.

Unterwegs sangen sie fröhlich.

Unterwegs rasteten sie am Bach.

Plötzlich quakte ein Frosch.

Am Ende lachten beide.

Wer wagt, gewinnt."
521,Emma und das Geheimnis,"Pippa war in einem kleinen Dorf, als Emma kam.

Es roch nach frischem Gras.

Emma war traurig.

Erzähl, ich höre zu.

Gemeinsam riefen sie um Hilfe.

Unterwegs lachten sie eine Weile.

Unterwegs plauderten sie im Kreis.

Plötzlich bellte ein Hund.

Beide klatschten ab.

Mut wird belohnt."
522,Mia und der Plan,"Theo war auf dem bunten Markt, als Mia kam.

Schmetterlinge flogen umher.

Mia hatte Hunger.

Ich helfe dir!

Gemeinsam liefen sie los.

Unterwegs spielten sie am Bach.

Unterwegs sangen sie eine Weile.

Plötzlich fiel ein Blatt.

So wurde alles gut.

Teilen macht Freude."
523,Anna und die Reise,"Paul war am alten Brunnen, als Anna kam.

Der Himmel war blau.

Anna hatte sich verirrt.

Wir finden eine Lösung.

Gemeinsam teilten sie die Aufgabe.

Unterwegs rasteten sie im Kreis.

Unterwegs spielten sie am Bach.

Plötzlich summte eine Biene.

Beide grinsten breit.

Zusammen ist alles leichter."
524,Milo und der Fund,"Leo war auf dem Spielplatz, als Milo kam.

Alles war still und friedlich.

Milo hatte Durst.

Komm, wir schaffen das!

Gemeinsam fragten sie die Nachbarn.

Unterwegs tanzten sie laut.

Unterwegs tanzten sie im Kreis.

Plötzlich klopfte es.

Beide waren stolz.

Wahre Freunde helfen immer."
525,Finn und die Entdeckung,"Max war am blauen Fluss, als Finn kam.

Es duftete nach Blumen.

Finn war müde.

Erzähl, ich höre zu.

Gemeinsam suchten sie überall.

Unterwegs tanzten sie zusammen.

Unterwegs sangen sie ein Lied.

Plötzlich tanzte ein Schmetterling vorbei.

So war alles wieder gut.

Geduld bringt Glück."
526,Nora und der Ausflug,"Lena war auf der grünen Wiese, als Nora kam.

Vögel sangen lustig.

Nora hatte das Buch vergessen.

Ich helfe dir!

Gemeinsam machten sie einen Plan.

Unterwegs plauderten sie fröhlich.

Unterwegs lachten sie am Bach.

Plötzlich kam Wind auf.

Am Ende lachten beide.

Neugier führt zu Wundern."
527,Emma und der Wettkampf,"Pippa war bei der großen Eiche, als Emma kam.

Die Sonne schien warm.

Emma fror ein wenig.

Wir finden eine Lösung.

Gemeinsam riefen sie um Hilfe.

Unterwegs sangen sie laut.

Unterwegs rasteten sie im Kreis.

Plötzlich fiel eine Sternschnuppe.

Beide klatschten ab.

Lachen hilft immer."
528,Mia und das Rätsel,"Theo war im grünen Park, als Mia kam.

Ein Bach plätscherte leise.

Mia hatte Kummer.

Komm, wir schaffen das!

Gemeinsam liefen sie los.

Unterwegs sangen sie zusammen.

Unterwegs plauderten sie laut.

Plötzlich lachte jemand.

So wurde alles gut.

Wer wagt, gewinnt."
529,Anna und die Überraschung,"Paul war im alten Wald, als Anna kam.

Es roch nach frischem Gras.

Anna suchte den Schlüssel.

Erzähl, ich höre zu.

Gemeinsam teilten sie die Aufgabe.

Unterwegs lachten sie fröhlich.

Unterwegs sangen sie am Bach.

Plötzlich raschelte es laut.

Beide grinsten breit.

Mut wird belohnt."
530,Milo und das große Abenteuer,"Leo war im gelben Feld, als Milo kam.

Schmetterlinge flogen umher.

Milo hatte Angst im Dunkeln.

Ich helfe dir!

Gemeinsam fragten sie die Nachbarn.

Unterwegs spielten sie eine Weile.

Unterwegs spielten sie im Kreis.

Plötzlich quakte ein Frosch.

Beide waren stolz.

Teilen macht Freude."
531,Finn und das Geheimnis,"Max war in einem kleinen Dorf, als Finn kam.

Der Himmel war blau.

Finn war traurig.

Wir finden eine Lösung.

Gemeinsam suchten sie überall.

Unterwegs rasteten sie am Bach.

Unterwegs tanzten sie laut.

Plötzlich bellte ein Hund.

So war alles wieder gut.

Zusammen ist alles leichter."
532,Noras schönster Tag,"Lena war auf dem bunten Markt, als Nora kam.

Alles war still und friedlich.

Nora hatte Hunger.

Komm, wir schaffen das!

Gemeinsam machten sie einen Plan.

Unterwegs tanzten sie im Kreis.

Unterwegs plauderten sie zusammen.

Plötzlich fiel ein Blatt.

Am Ende lachten beide.

Wahre Freunde helfen immer."
533,Emma und der Schatz,"Pippa war am alten Brunnen, als Emma kam.

Es duftete nach Blumen.

Emma hatte sich verirrt.

Erzähl, ich höre zu.

Gemeinsam riefen sie um Hilfe.

Unterwegs plauderten sie laut.

Unterwegs lachten sie im Kreis.

Plötzlich summte eine Biene.

Beide klatschten ab.

Geduld bringt Glück."
534,Mia und das Geheimnis,"Theo war auf dem Spielplatz, als Mia kam.

Vögel sangen lustig.

Mia hatte Durst.

Ich helfe dir!

Gemeinsam liefen sie los.

Unterwegs plauderten sie zusammen.

Unterwegs rasteten sie laut.

Plötzlich klopfte es.

So wurde alles gut.

Neugier führt zu Wundern."
535,Anna und der Plan,"Paul war am blauen Fluss, als Anna kam.

Die Sonne schien warm.

Anna war müde.

Wir finden eine Lösung.

Gemeinsam teilten sie die Aufgabe.

Unterwegs sangen sie im Kreis.

Unterwegs tanzten sie zusammen.

Plötzlich tanzte ein Schmetterling vorbei.

Beide grinsten breit.

Lachen hilft immer."
536,Milo und die Reise,"Leo war auf der grünen Wiese, als Milo kam.

Ein Bach plätscherte leise.

Milo hatte das Buch vergessen.

Komm, wir schaffen das!

Gemeinsam fragten sie die Nachbarn.

Unterwegs lachten sie laut.

Unterwegs sangen sie im Kreis.

Plötzlich kam Wind auf.

Beide waren stolz.

Wer wagt, gewinnt."
537,Finn und der Fund,"Max war bei der großen Eiche, als Finn kam.

Es roch nach frischem Gras.

Finn fror ein wenig.

Erzähl, ich höre zu.

Gemeinsam suchten sie überall.

Unterwegs lachten sie zusammen.

Unterwegs spielten sie laut.

Plötzlich fiel eine Sternschnuppe.

So war alles wieder gut.

Mut wird belohnt."
538,Nora und die Entdeckung,"Lena war im grünen Park, als Nora kam.

Schmetterlinge flogen umher.

Nora hatte Kummer.

Ich helfe dir!

Gemeinsam machten sie einen Plan.

Unterwegs spielten sie fröhlich.

Unterwegs rasteten sie zusammen.

Plötzlich lachte jemand.

Am Ende lachten beide.

Teilen macht Freude."
539,Emma und der Ausflug,"Pippa war im alten Wald, als Emma kam.

Der Himmel war blau.

Emma suchte den Schlüssel.

Wir finden eine Lösung.

Gemeinsam riefen sie um Hilfe.

Unterwegs rasteten sie eine Weile.

Unterwegs plauderten sie fröhlich.

Plötzlich raschelte es laut.

Beide klatschten ab.

Zusammen ist alles leichter."
540,Mia und der Wettkampf,"Theo war im gelben Feld, als Mia kam.

Alles war still und friedlich.

Mia hatte Angst im Dunkeln.

Komm, wir schaffen das!

Gemeinsam liefen sie los.

Unterwegs tanzten sie am Bach.

Unterwegs lachten sie laut.

Plötzlich quakte ein Frosch.

So wurde alles gut.

Wahre Freunde helfen immer."
541,Anna und das Rätsel,"Paul war in einem kleinen Dorf, als Anna kam.

Es duftete nach Blumen.

Anna war traurig.

Erzähl, ich höre zu.

Gemeinsam teilten sie die Aufgabe.

Unterwegs plauderten sie im Kreis.

Unterwegs spielten sie zusammen.

Plötzlich bellte ein Hund.

Beide grinsten breit.

Geduld bringt Glück."
542,Milo und die Überraschung,"Leo war auf dem bunten Markt, als Milo kam.

Vögel sangen lustig.

Milo hatte Hunger.

Ich helfe dir!

Gemeinsam fragten sie die Nachbarn.

Unterwegs sangen sie ein Lied.

Unterwegs tanzten sie fröhlich.

Plötzlich fiel ein Blatt.

Beide waren stolz.

Neugier führt zu Wundern."
543,Finn und das große Abenteuer,"Max war am alten Brunnen, als Finn kam.

Die Sonne schien warm.

Finn hatte sich verirrt.

Wir finden eine Lösung.

Gemeinsam suchten sie überall.

Unterwegs sangen sie am Bach.

Unterwegs sangen sie laut.

Plötzlich summte eine Biene.

So war alles wieder gut.

Lachen hilft immer."
544,Nora und das Geheimnis,"Lena war auf dem Spielplatz, als Nora kam.

Ein Bach plätscherte leise.

Nora hatte Durst.

Komm, wir schaffen das!

Gemeinsam machten sie einen Plan.

Unterwegs lachten sie im Kreis.

Unterwegs lachten sie zusammen.

Plötzlich klopfte es.

Am Ende lachten beide.

Wer wagt, gewinnt."
545,Emmas schönster Tag,"Pippa war am blauen Fluss, als Emma kam.

Es roch nach frischem Gras.

Emma war müde.

Erzähl, ich höre zu.

Gemeinsam riefen sie um Hilfe.

Unterwegs spielten sie laut.

Unterwegs rasteten sie fröhlich.

Plötzlich tanzte ein Schmetterling vorbei.

Beide klatschten ab.

Mut wird belohnt."
546,Mia und der Schatz,"Theo war auf der grünen Wiese, als Mia kam.

Schmetterlinge flogen umher.

Mia hatte das Buch vergessen.

Ich helfe dir!

Gemeinsam liefen sie los.

Unterwegs spielten sie zusammen.

Unterwegs plauderten sie eine Weile.

Plötzlich kam Wind auf.

So wurde alles gut.

Teilen macht Freude."
547,Anna und das Geheimnis,"Paul war bei der großen Eiche, als Anna kam.

Der Himmel war blau.

Anna fror ein wenig.

Wir finden eine Lösung.

Gemeinsam teilten sie die Aufgabe.

Unterwegs rasteten sie fröhlich.

Unterwegs sangen sie zusammen.

Plötzlich fiel eine Sternschnuppe.

Beide grinsten breit.

Zusammen ist alles leichter."
548,Milo und der Plan,"Leo war im grünen Park, als Milo kam.

Alles war still und friedlich.

Milo hatte Kummer.

Komm, wir schaffen das!

Gemeinsam fragten sie die Nachbarn.

Unterwegs tanzten sie eine Weile.

Unterwegs spielten sie fröhlich.

Plötzlich lachte jemand.

Beide waren stolz.

Wahre Freunde helfen immer."
549,Finn und die Reise,"Max war im alten Wald, als Finn kam.

Es duftete nach Blumen.

Finn suchte den Schlüssel.

Erzähl, ich höre zu.

Gemeinsam suchten sie überall.

Unterwegs plauderten sie am Bach.

Unterwegs tanzten sie eine Weile.

Plötzlich raschelte es laut.

So war alles wieder gut.

Geduld bringt Glück."
550,Nora und der Fund,"Lena war im gelben Feld, als Nora kam.

Vögel sangen lustig.

Nora hatte Angst im Dunkeln.

Ich helfe dir!

Gemeinsam machten sie einen Plan.

Unterwegs lachten sie viel.

Unterwegs erzählten sie Geschichten.

Plötzlich quakte ein Frosch.

Am Ende lachten beide.

Neugier führt zu Wundern."
551,Emma und die Entdeckung,"Pippa war in einem kleinen Dorf, als Emma kam.

Die Sonne schien warm.

Emma war traurig.

Wir finden eine Lösung.

Gemeinsam riefen sie um Hilfe.

Unterwegs sangen sie eine Weile.

Unterwegs lachten sie fröhlich.

Plötzlich bellte ein Hund.

Beide klatschten ab.

Lachen hilft immer."
552,Mia und der Ausflug,"Theo war auf dem bunten Markt, als Mia kam.

Ein Bach plätscherte leise.

Mia hatte Hunger.

Komm, wir schaffen das!

Gemeinsam liefen sie los.

Unterwegs lachten sie am Bach.

Unterwegs rasteten sie eine Weile.

Plötzlich fiel ein Blatt.

So wurde alles gut.

Wer wagt, gewinnt."
553,Anna und der Wettkampf,"Paul war am alten Brunnen, als Anna kam.

Es roch nach frischem Gras.

Anna hatte sich verirrt.

Erzähl, ich höre zu.

Gemeinsam teilten sie die Aufgabe.

Unterwegs spielten sie im Kreis.

Unterwegs plauderten sie am Bach.

Plötzlich summte eine Biene.

Beide grinsten breit.

Mut wird belohnt."
554,Milo und das Rätsel,"Leo war auf dem Spielplatz, als Milo kam.

Schmetterlinge flogen umher.

Milo hatte Durst.

Ich helfe dir!

Gemeinsam fragten sie die Nachbarn.

Unterwegs rasteten sie laut.

Unterwegs sangen sie fröhlich.

Plötzlich klopfte es.

Beide waren stolz.

Teilen macht Freude."
555,Finn und die Überraschung,"Max war am blauen Fluss, als Finn kam.

Der Himmel war blau.

Finn war müde.

Wir finden eine Lösung.

Gemeinsam suchten sie überall.

Unterwegs rasteten sie zusammen.

Unterwegs spielten sie eine Weile.

Plötzlich tanzte ein Schmetterling vorbei.

So war alles wieder gut.

Zusammen ist alles leichter."
556,Nora und das große Abenteuer,"Lena war auf der grünen Wiese, als Nora kam.

Alles war still und friedlich.

Nora hatte das Buch vergessen.

Komm, wir schaffen das!

Gemeinsam machten sie einen Plan.

Unterwegs tanzten sie fröhlich.

Unterwegs tanzten sie am Bach.

Plötzlich kam Wind auf.

Am Ende lachten beide.

Wahre Freunde helfen immer."
557,Emma und das Geheimnis,"Pippa war bei der großen Eiche, als Emma kam.

Es duftete nach Blumen.

Emma fror ein wenig.

Erzähl, ich höre zu.

Gemeinsam riefen sie um Hilfe.

Unterwegs plauderten sie eine Weile.

Unterwegs lachten sie viel.

Plötzlich fiel eine Sternschnuppe.

Beide klatschten ab.

Geduld bringt Glück."
558,Mias schönster Tag,"Theo war im grünen Park, als Mia kam.

Vögel sangen lustig.

Mia hatte Kummer.

Ich helfe dir!

Gemeinsam liefen sie los.

Unterwegs erzählten sie Geschichten.

Unterwegs lachten sie eine Weile.

Plötzlich lachte jemand.

So wurde alles gut.

Neugier führt zu Wundern."
559,Anna und der Schatz,"Paul war im alten Wald, als Anna kam.

Die Sonne schien warm.

Anna suchte den Schlüssel.

Wir finden eine Lösung.

Gemeinsam teilten sie die Aufgabe.

Unterwegs sangen sie fröhlich.

Unterwegs rasteten sie am Bach.

Plötzlich raschelte es laut.

Beide grinsten breit.

Lachen hilft immer."
560,Milo und das Geheimnis,"Leo war im gelben Feld, als Milo kam.

Ein Bach plätscherte leise.

Milo hatte Angst im Dunkeln.

Komm, wir schaffen das!

Gemeinsam fragten sie die Nachbarn.

Unterwegs lachten sie eine Weile.

Unterwegs plauderten sie im Kreis.

Plötzlich quakte ein Frosch.

Beide waren stolz.

Wer wagt, gewinnt."
561,Finn und der Plan,"Max war in einem kleinen Dorf, als Finn kam.

Es roch nach frischem Gras.

Finn war traurig.

Erzähl, ich höre zu.

Gemeinsam suchten sie überall.

Unterwegs spielten sie am Bach.

Unterwegs sangen sie eine Weile.

Plötzlich bellte ein Hund.

So war alles wieder gut.

Mut wird belohnt."
562,Nora und die Reise,"Lena war auf dem bunten Markt, als Nora kam.

Schmetterlinge flogen umher.

Nora hatte Hunger.

Ich helfe dir!

Gemeinsam machten sie einen Plan.

Unterwegs rasteten sie im Kreis.

Unterwegs spielten sie am Bach.

Plötzlich fiel ein Blatt.

Am Ende lachten beide.

Teilen macht Freude."
563,Emma und der Fund,"Pippa war am alten Brunnen, als Emma kam.

Der Himmel war blau.

Emma hatte sich verirrt.

Wir finden eine Lösung.

Gemeinsam riefen sie um Hilfe.

Unterwegs tanzten sie laut.

Unterwegs tanzten sie im Kreis.

Plötzlich summte eine Biene.

Beide klatschten ab.

Zusammen ist alles leichter."
564,Mia und die Entdeckung,"Theo war auf dem Spielplatz, als Mia kam.

Alles war still und friedlich.

Mia hatte Durst.

Komm, wir schaffen das!

Gemeinsam liefen sie los.

Unterwegs tanzten sie zusammen.

Unterwegs sangen sie ein Lied.

Plötzlich klopfte es.

So wurde alles gut.

Wahre Freunde helfen immer."
565,Anna und der Ausflug,"Paul war am blauen Fluss, als Anna kam.

Es duftete nach Blumen.

Anna war müde.

Erzähl, ich höre zu.

Gemeinsam teilten sie die Aufgabe.

Unterwegs plauderten sie fröhlich.

Unterwegs lachten sie am Bach.

Plötzlich tanzte ein Schmetterling vorbei.

Beide grinsten breit.

Geduld bringt Glück."
566,Milo und der Wettkampf,"Leo war auf der grünen Wiese, als Milo kam.

Vögel sangen lustig.

Milo hatte das Buch vergessen.

Ich helfe dir!

Gemeinsam fragten sie die Nachbarn.

Unterwegs sangen sie laut.

Unterwegs rasteten sie im Kreis.

Plötzlich kam Wind auf.

Beide waren stolz.

Neugier führt zu Wundern."
567,Finn und das Rätsel,"Max war bei der großen Eiche, als Finn kam.

Die Sonne schien warm.

Finn fror ein wenig.

Wir finden eine Lösung.

Gemeinsam suchten sie überall.

Unterwegs sangen sie zusammen.

Unterwegs plauderten sie laut.

Plötzlich fiel eine Sternschnuppe.

So war alles wieder gut.

Lachen hilft immer."
568,Nora und die Überraschung,"Lena war im grünen Park, als Nora kam.

Ein Bach plätscherte leise.

Nora hatte Kummer.

Komm, wir schaffen das!

Gemeinsam machten sie einen Plan.

Unterwegs lachten sie fröhlich.

Unterwegs sangen sie am Bach.

Plötzlich lachte jemand.

Am Ende lachten beide.

Wer wagt, gewinnt."
569,Emma und das große Abenteuer,"Pippa war im alten Wald, als Emma kam.

Es roch nach frischem Gras.

Emma suchte den Schlüssel.

Erzähl, ich höre zu.

Gemeinsam riefen sie um Hilfe.

Unterwegs spielten sie eine Weile.

Unterwegs spielten sie im Kreis.

Plötzlich raschelte es laut.

Beide klatschten ab.

Mut wird belohnt."
570,Mia und das Geheimnis,"Theo war im gelben Feld, als Mia kam.

Schmetterlinge flogen umher.

Mia hatte Angst im Dunkeln.

Ich helfe dir!

Gemeinsam liefen sie los.

Unterwegs rasteten sie am Bach.

Unterwegs tanzten sie laut.

Plötzlich quakte ein Frosch.

So wurde alles gut.

Teilen macht Freude."
571,Annas schönster Tag,"Paul war in einem kleinen Dorf, als Anna kam.

Der Himmel war blau.

Anna war traurig.

Wir finden eine Lösung.

Gemeinsam teilten sie die Aufgabe.

Unterwegs tanzten sie im Kreis.

Unterwegs plauderten sie zusammen.

Plötzlich bellte ein Hund.

Beide grinsten breit.

Zusammen ist alles leichter."
572,Milo und der Schatz,"Leo war auf dem bunten Markt, als Milo kam.

Alles war still und friedlich.

Milo hatte Hunger.

Komm, wir schaffen das!

Gemeinsam fragten sie die Nachbarn.

Unterwegs plauderten sie laut.

Unterwegs lachten sie im Kreis.

Plötzlich fiel ein Blatt.

Beide waren stolz.

Wahre Freunde helfen immer."
573,Finn und das Geheimnis,"Max war am alten Brunnen, als Finn kam.

Es duftete nach Blumen.

Finn hatte sich verirrt.

Erzähl, ich höre zu.

Gemeinsam suchten sie überall.

Unterwegs plauderten sie zusammen.

Unterwegs rasteten sie laut.

Plötzlich summte eine Biene.

So war alles wieder gut.

Geduld bringt Glück."
574,Nora und der Plan,"Lena war auf dem Spielplatz, als Nora kam.

Vögel sangen lustig.

Nora hatte Durst.

Ich helfe dir!

Gemeinsam machten sie einen Plan.

Unterwegs sangen sie im Kreis.

Unterwegs tanzten sie zusammen.

Plötzlich klopfte es.

Am Ende lachten beide.

Neugier führt zu Wundern."
575,Emma und die Reise,"Pippa war am blauen Fluss, als Emma kam.

Die Sonne schien warm.

Emma war müde.

Wir finden eine Lösung.

Gemeinsam riefen sie um Hilfe.

Unterwegs lachten sie laut.

Unterwegs sangen sie im Kreis.

Plötzlich tanzte ein Schmetterling vorbei.

Beide klatschten ab.

Lachen hilft immer."
576,Mia und der Fund,"Theo war auf der grünen Wiese, als Mia kam.

Ein Bach plätscherte leise.

Mia hatte das Buch vergessen.

Komm, wir schaffen das!

Gemeinsam liefen sie los.

Unterwegs lachten sie zusammen.

Unterwegs spielten sie laut.

Plötzlich kam Wind auf.

So wurde alles gut.

Wer wagt, gewinnt."
577,Anna und die Entdeckung,"Paul war bei der großen Eiche, als Anna kam.

Es roch nach frischem Gras.

Anna fror ein wenig.

Erzähl, ich höre zu.

Gemeinsam teilten sie die Aufgabe.

Unterwegs spielten sie fröhlich.

Unterwegs rasteten sie zusammen.

Plötzlich fiel eine Sternschnuppe.

Beide grinsten breit.

Mut wird belohnt."
578,Milo und der Ausflug,"Leo war im grünen Park, als Milo kam.

Schmetterlinge flogen umher.

Milo hatte Kummer.

Ich helfe dir!

Gemeinsam fragten sie die Nachbarn.

Unterwegs rasteten sie eine Weile.

Unterwegs plauderten sie fröhlich.

Plötzlich lachte jemand.

Beide waren stolz.

Teilen macht Freude."
579,Finn und der Wettkampf,"Max war im alten Wald, als Finn kam.

Der Himmel war blau.

Finn suchte den Schlüssel.

Wir finden eine Lösung.

Gemeinsam suchten sie überall.

Unterwegs tanzten sie am Bach.

Unterwegs lachten sie laut.

Plötzlich raschelte es laut.

So war alles wieder gut.

Zusammen ist alles leichter."
580,Nora und das Rätsel,"Lena war im gelben Feld, als Nora kam.

Alles war still und friedlich.

Nora hatte Angst im Dunkeln.

Komm, wir schaffen das!

Gemeinsam machten sie einen Plan.

Unterwegs plauderten sie im Kreis.

Unterwegs spielten sie zusammen.

Plötzlich quakte ein Frosch.

Am Ende lachten beide.

Wahre Freunde helfen immer."
581,Emma und die Überraschung,"Pippa war in einem kleinen Dorf, als Emma kam.

Es duftete nach Blumen.

Emma war traurig.

Erzähl, ich höre zu.

Gemeinsam riefen sie um Hilfe.

Unterwegs sangen sie ein Lied.

Unterwegs tanzten sie fröhlich.

Plötzlich bellte ein Hund.

Beide klatschten ab.

Geduld bringt Glück."
582,Mia und das große Abenteuer,"Theo war auf dem bunten Markt, als Mia kam.

Vögel sangen lustig.

Mia hatte Hunger.

Ich helfe dir!

Gemeinsam liefen sie los.

Unterwegs sangen sie am Bach.

Unterwegs sangen sie laut.

Plötzlich fiel ein Blatt.

So wurde alles gut.

Neugier führt zu Wundern."
583,Anna und das Geheimnis,"Paul war am alten Brunnen, als Anna kam.

Die Sonne schien warm.

Anna hatte sich verirrt.

Wir finden eine Lösung.

Gemeinsam teilten sie die Aufgabe.

Unterwegs lachten sie im Kreis.

Unterwegs lachten sie zusammen.

Plötzlich summte eine Biene.

Beide grinsten breit.

Lachen hilft immer."
584,Milos schönster Tag,"Leo war auf dem Spielplatz, als Milo kam.

Ein Bach plätscherte leise.

Milo hatte Durst.

Komm, wir schaffen das!

Gemeinsam fragten sie die Nachbarn.

Unterwegs spielten sie laut.

Unterwegs rasteten sie fröhlich.

Plötzlich klopfte es.

Beide waren stolz.

Wer wagt, gewinnt."
585,Finn und der Schatz,"Max war am blauen Fluss, als Finn kam.

Es roch nach frischem Gras.

Finn war müde.

Erzähl, ich höre zu.

Gemeinsam suchten sie überall.

Unterwegs spielten sie zusammen.

Unterwegs plauderten sie eine Weile.

Plötzlich tanzte ein Schmetterling vorbei.

So war alles wieder gut.

Mut wird belohnt."
586,Nora und das Geheimnis,"Lena war auf der grünen Wiese, als Nora kam.

Schmetterlinge flogen umher.

Nora hatte das Buch vergessen.

Ich helfe dir!

Gemeinsam machten sie einen Plan.

Unterwegs rasteten sie fröhlich.

Unterwegs sangen sie zusammen.

Plötzlich kam Wind auf.

Am Ende lachten beide.

Teilen macht Freude."
587,Emma und der Plan,"Pippa war bei der großen Eiche, als Emma kam.

Der Himmel war blau.

Emma fror ein wenig.

Wir finden eine Lösung.

Gemeinsam riefen sie um Hilfe.

Unterwegs tanzten sie eine Weile.

Unterwegs spielten sie fröhlich.

Plötzlich fiel eine Sternschnuppe.

Beide klatschten ab.

Zusammen ist alles leichter."
588,Mia und die Reise,"Theo war im grünen Park, als Mia kam.

Alles war still und friedlich.

Mia hatte Kummer.

Komm, wir schaffen das!

Gemeinsam liefen sie los.

Unterwegs plauderten sie am Bach.

Unterwegs tanzten sie eine Weile.

Plötzlich lachte jemand.

So wurde alles gut.

Wahre Freunde helfen immer."
589,Anna und der Fund,"Paul war im alten Wald, als Anna kam.

Es duftete nach Blumen.

Anna suchte den Schlüssel.

Erzähl, ich höre zu.

Gemeinsam teilten sie die Aufgabe.

Unterwegs lachten sie viel.

Unterwegs erzählten sie Geschichten.

Plötzlich raschelte es laut.

Beide grinsten breit.

Geduld bringt Glück."
590,Milo und die Entdeckung,"Leo war im gelben Feld, als Milo kam.

Vögel sangen lustig.

Milo hatte Angst im Dunkeln.

Ich helfe dir!

Gemeinsam fragten sie die Nachbarn.

Unterwegs sangen sie eine Weile.

Unterwegs lachten sie fröhlich.

Plötzlich quakte ein Frosch.

Beide waren stolz.

Neugier führt zu Wundern."
591,Finn und der Ausflug,"Max war in einem kleinen Dorf, als Finn kam.

Die Sonne schien warm.

Finn war traurig.

Wir finden eine Lösung.

Gemeinsam suchten sie überall.

Unterwegs lachten sie am Bach.

Unterwegs rasteten sie eine Weile.

Plötzlich bellte ein Hund.

So war alles wieder gut.

Lachen hilft immer."
592,Nora und der Wettkampf,"Lena war auf dem bunten Markt, als Nora kam.

Ein Bach plätscherte leise.

Nora hatte Hunger.

Komm, wir schaffen das!

Gemeinsam machten sie einen Plan.

Unterwegs spielten sie im Kreis.

Unterwegs plauderten sie am Bach.

Plötzlich fiel ein Blatt.

Am Ende lachten beide.

Wer wagt, gewinnt."
593,Emma und das Rätsel,"Pippa war am alten Brunnen, als Emma kam.

Es roch nach frischem Gras.

Emma hatte sich verirrt.

Erzähl, ich höre zu.

Gemeinsam riefen sie um Hilfe.

Unterwegs rasteten sie laut.

Unterwegs sangen sie fröhlich.

Plötzlich summte eine Biene.

Beide klatschten ab.

Mut wird belohnt."
594,Mia und die Überraschung,"Theo war auf dem Spielplatz, als Mia kam.

Schmetterlinge flogen umher.

Mia hatte Durst.

Ich helfe dir!

Gemeinsam liefen sie los.

Unterwegs rasteten sie zusammen.

Unterwegs spielten sie eine Weile.

Plötzlich klopfte es.

So wurde alles gut.

Teilen macht Freude."
595,Anna und das große Abenteuer,"Paul war am blauen Fluss, als Anna kam.

Der Himmel war blau.

Anna war müde.

Wir finden eine Lösung.

Gemeinsam teilten sie die Aufgabe.

Unterwegs tanzten sie fröhlich.

Unterwegs tanzten sie am Bach.

Plötzlich tanzte ein Schmetterling vorbei.

Beide grinsten breit.

Zusammen ist alles leichter."
596,Milo und das Geheimnis,"Leo war auf der grünen Wiese, als Milo kam.

Alles war still und friedlich.

Milo hatte das Buch vergessen.

Komm, wir schaffen das!

Gemeinsam fragten sie die Nachbarn.

Unterwegs plauderten sie eine Weile.

Unterwegs lachten sie viel.

Plötzlich kam Wind auf.

Beide waren stolz.

Wahre Freunde helfen immer."
597,Finns schönster Tag,"Max war bei der großen Eiche, als Finn kam.

Es duftete nach Blumen.

Finn fror ein wenig.

Erzähl, ich höre zu.

Gemeinsam suchten sie überall.

Unterwegs erzählten sie Geschichten.

Unterwegs lachten sie eine Weile.

Plötzlich fiel eine Sternschnuppe.

So war alles wieder gut.

Geduld bringt Glück."
598,Nora und der Schatz,"Lena war im grünen Park, als Nora kam.

Vögel sangen lustig.

Nora hatte Kummer.

Ich helfe dir!

Gemeinsam machten sie einen Plan.

Unterwegs sangen sie fröhlich.

Unterwegs rasteten sie am Bach.

Plötzlich lachte jemand.

Am Ende lachten beide.

Neugier führt zu Wundern."
599,Emma und das Geheimnis,"Pippa war im alten Wald, als Emma kam.

Die Sonne schien warm.

Emma suchte den Schlüssel.

Wir finden eine Lösung.

Gemeinsam riefen sie um Hilfe.

Unterwegs lachten sie eine Weile.

Unterwegs plauderten sie im Kreis.

Plötzlich raschelte es laut.

Beide klatschten ab.

Lachen hilft immer."
600,Mia und der Plan,"Theo war im gelben Feld, als Mia kam.

Ein Bach plätscherte leise.

Mia hatte Angst im Dunkeln.

Komm, wir schaffen das!

Gemeinsam liefen sie los.

Unterwegs spielten sie am Bach.

Unterwegs sangen sie eine Weile.

Plötzlich quakte ein Frosch.

So wurde alles gut.

Wer wagt, gewinnt."
601,Anna und die Reise,"Paul war in einem kleinen Dorf, als Anna kam.

Es roch nach frischem Gras.

Anna war traurig.

Erzähl, ich höre zu.

Gemeinsam teilten sie die Aufgabe.

Unterwegs rasteten sie im Kreis.

Unterwegs spielten sie am Bach.

Plötzlich bellte ein Hund.

Beide grinsten breit.

Mut wird belohnt."
602,Milo und der Fund,"Leo war auf dem bunten Markt, als Milo kam.

Schmetterlinge flogen umher.

Milo hatte Hunger.

Ich helfe dir!

Gemeinsam fragten sie die Nachbarn.

Unterwegs tanzten sie laut.

Unterwegs tanzten sie im Kreis.

Plötzlich fiel ein Blatt.

Beide waren stolz.

Teilen macht Freude."
603,Finn und die Entdeckung,"Max war am alten Brunnen, als Finn kam.

Der Himmel war blau.

Finn hatte sich verirrt.

Wir finden eine Lösung.

Gemeinsam suchten sie überall.

Unterwegs tanzten sie zusammen.

Unterwegs sangen sie ein Lied.

Plötzlich summte eine Biene.

So war alles wieder gut.

Zusammen ist alles leichter."
604,Nora und der Ausflug,"Lena war auf dem Spielplatz, als Nora kam.

Alles war still und friedlich.

Nora hatte Durst.

Komm, wir schaffen das!

Gemeinsam machten sie einen Plan.

Unterwegs plauderten sie fröhlich.

Unterwegs lachten sie am Bach.

Plötzlich klopfte es.

Am Ende lachten beide.

Wahre Freunde helfen immer."
605,Emma und der Wettkampf,"Pippa war am blauen Fluss, als Emma kam.

Es duftete nach Blumen.

Emma war müde.

Erzähl, ich höre zu.

Gemeinsam riefen sie um Hilfe.

Unterwegs sangen sie laut.

Unterwegs rasteten sie im Kreis.

Plötzlich tanzte ein Schmetterling vorbei.

Beide klatschten ab.

Geduld bringt Glück."
606,Mia und das Rätsel,"Theo war auf der grünen Wiese, als Mia kam.

Vögel sangen lustig.

Mia hatte das Buch vergessen.

Ich helfe dir!

Gemeinsam liefen sie los.

Unterwegs sangen sie zusammen.

Unterwegs plauderten sie laut.

Plötzlich kam Wind auf.

So wurde alles gut.

Neugier führt zu Wundern."
607,Anna und die Überraschung,"Paul war bei der großen Eiche, als Anna kam.

Die Sonne schien warm.

Anna fror ein wenig.

Wir finden eine Lösung.

Gemeinsam teilten sie die Aufgabe.

Unterwegs lachten sie fröhlich.

Unterwegs sangen sie am Bach.

Plötzlich fiel eine Sternschnuppe.

Beide grinsten breit.

Lachen hilft immer."
608,Milo und das große Abenteuer,"Leo war im grünen Park, als Milo kam.

Ein Bach plätscherte leise.

Milo hatte Kummer.

Komm, wir schaffen das!

Gemeinsam fragten sie die Nachbarn.

Unterwegs spielten sie eine Weile.

Unterwegs spielten sie im Kreis.

Plötzlich lachte jemand.

Beide waren stolz.

Wer wagt, gewinnt."
609,Finn und das Geheimnis,"Max war im alten Wald, als Finn kam.

Es roch nach frischem Gras.

Finn suchte den Schlüssel.

Erzähl, ich höre zu.

Gemeinsam suchten sie überall.

Unterwegs rasteten sie am Bach.

Unterwegs tanzten sie laut.

Plötzlich raschelte es laut.

So war alles wieder gut.

Mut wird belohnt."
610,Noras schönster Tag,"Lena war im gelben Feld, als Nora kam.

Schmetterlinge flogen umher.

Nora hatte Angst im Dunkeln.

Ich helfe dir!

Gemeinsam machten sie einen Plan.

Unterwegs tanzten sie im Kreis.

Unterwegs plauderten sie zusammen.

Plötzlich quakte ein Frosch.

Am Ende lachten beide.

Teilen macht Freude."
611,Emma und der Schatz,"Pippa war in einem kleinen Dorf, als Emma kam.

Der Himmel war blau.

Emma war traurig.

Wir finden eine Lösung.

Gemeinsam riefen sie um Hilfe.

Unterwegs plauderten sie laut.

Unterwegs lachten sie im Kreis.

Plötzlich bellte ein Hund.

Beide klatschten ab.

Zusammen ist alles leichter."
612,Mia und das Geheimnis,"Theo war auf dem bunten Markt, als Mia kam.

Alles war still und friedlich.

Mia hatte Hunger.

Komm, wir schaffen das!

Gemeinsam liefen sie los.

Unterwegs plauderten sie zusammen.

Unterwegs rasteten sie laut.

Plötzlich fiel ein Blatt.

So wurde alles gut.

Wahre Freunde helfen immer."
613,Anna und der Plan,"Paul war am alten Brunnen, als Anna kam.

Es duftete nach Blumen.

Anna hatte sich verirrt.

Erzähl, ich höre zu.

Gemeinsam teilten sie die Aufgabe.

Unterwegs sangen sie im Kreis.

Unterwegs tanzten sie zusammen.

Plötzlich summte eine Biene.

Beide grinsten breit.

Geduld bringt Glück."
614,Milo und die Reise,"Leo war auf dem Spielplatz, als Milo kam.

Vögel sangen lustig.

Milo hatte Durst.

Ich helfe dir!

Gemeinsam fragten sie die Nachbarn.

Unterwegs lachten sie laut.

Unterwegs sangen sie im Kreis.

Plötzlich klopfte es.

Beide waren stolz.

Neugier führt zu Wundern."
615,Finn und der Fund,"Max war am blauen Fluss, als Finn kam.

Die Sonne schien warm.

Finn war müde.

Wir finden eine Lösung.

Gemeinsam suchten sie überall.

Unterwegs lachten sie zusammen.

Unterwegs spielten sie laut.

Plötzlich tanzte ein Schmetterling vorbei.

So war alles wieder gut.

Lachen hilft immer."
616,Nora und die Entdeckung,"Lena war auf der grünen Wiese, als Nora kam.

Ein Bach plätscherte leise.

Nora hatte das Buch vergessen.

Komm, wir schaffen das!

Gemeinsam machten sie einen Plan.

Unterwegs spielten sie fröhlich.

Unterwegs rasteten sie zusammen.

Plötzlich kam Wind auf.

Am Ende lachten beide.

Wer wagt, gewinnt."
617,Emma und der Ausflug,"Pippa war bei der großen Eiche, als Emma kam.

Es roch nach frischem Gras.

Emma fror ein wenig.

Erzähl, ich höre zu.

Gemeinsam riefen sie um Hilfe.

Unterwegs rasteten sie eine Weile.

Unterwegs plauderten sie fröhlich.

Plötzlich fiel eine Sternschnuppe.

Beide klatschten ab.

Mut wird belohnt."
618,Mia und der Wettkampf,"Theo war im grünen Park, als Mia kam.

Schmetterlinge flogen umher.

Mia hatte Kummer.

Ich helfe dir!

Gemeinsam liefen sie los.

Unterwegs tanzten sie am Bach.

Unterwegs lachten sie laut.

Plötzlich lachte jemand.

So wurde alles gut.

Teilen macht Freude."
619,Anna und das Rätsel,"Paul war im alten Wald, als Anna kam.

Der Himmel war blau.

Anna suchte den Schlüssel.

Wir finden eine Lösung.

Gemeinsam teilten sie die Aufgabe.

Unterwegs plauderten sie im Kreis.

Unterwegs spielten sie zusammen.

Plötzlich raschelte es laut.

Beide grinsten breit.

Zusammen ist alles leichter."
620,Milo und die Überraschung,"Leo war im gelben Feld, als Milo kam.

Alles war still und friedlich.

Milo hatte Angst im Dunkeln.

Komm, wir schaffen das!

Gemeinsam fragten sie die Nachbarn.

Unterwegs sangen sie ein Lied.

Unterwegs tanzten sie fröhlich.

Plötzlich quakte ein Frosch.

Beide waren stolz.

Wahre Freunde helfen immer."
621,Finn und das große Abenteuer,"Max war in einem kleinen Dorf, als Finn kam.

Es duftete nach Blumen.

Finn war traurig.

Erzähl, ich höre zu.

Gemeinsam suchten sie überall.

Unterwegs sangen sie am Bach.

Unterwegs sangen sie laut.

Plötzlich bellte ein Hund.

So war alles wieder gut.

Geduld bringt Glück."
622,Nora und das Geheimnis,"Lena war auf dem bunten Markt, als Nora kam.

Vögel sangen lustig.

Nora hatte Hunger.

Ich helfe dir!

Gemeinsam machten sie einen Plan.

Unterwegs lachten sie im Kreis.

Unterwegs lachten sie zusammen.

Plötzlich fiel ein Blatt.

Am Ende lachten beide.

Neugier führt zu Wundern."
623,Emmas schönster Tag,"Pippa war am alten Brunnen, als Emma kam.

Die Sonne schien warm.

Emma hatte sich verirrt.

Wir finden eine Lösung.

Gemeinsam riefen sie um Hilfe.

Unterwegs spielten sie laut.

Unterwegs rasteten sie fröhlich.

Plötzlich summte eine Biene.

Beide klatschten ab.

Lachen hilft immer."
624,Mia und der Schatz,"Theo war auf dem Spielplatz, als Mia kam.

Ein Bach plätscherte leise.

Mia hatte Durst.

Komm, wir schaffen das!

Gemeinsam liefen sie los.

Unterwegs spielten sie zusammen.

Unterwegs plauderten sie eine Weile.

Plötzlich klopfte es.

So wurde alles gut.

Wer wagt, gewinnt."
625,Anna und das Geheimnis,"Paul war am blauen Fluss, als Anna kam.

Es roch nach frischem Gras.

Anna war müde.

Erzähl, ich höre zu.

Gemeinsam teilten sie die Aufgabe.

Unterwegs rasteten sie fröhlich.

Unterwegs sangen sie zusammen.

Plötzlich tanzte ein Schmetterling vorbei.

Beide grinsten breit.

Mut wird belohnt."
626,Milo und der Plan,"Leo war auf der grünen Wiese, als Milo kam.

Schmetterlinge flogen umher.

Milo hatte das Buch vergessen.

Ich helfe dir!

Gemeinsam fragten sie die Nachbarn.

Unterwegs tanzten sie eine Weile.

Unterwegs spielten sie fröhlich.

Plötzlich kam Wind auf.

Beide waren stolz.

Teilen macht Freude."
627,Finn und die Reise,"Max war bei der großen Eiche, als Finn kam.

Der Himmel war blau.

Finn fror ein wenig.

Wir finden eine Lösung.

Gemeinsam suchten sie überall.

Unterwegs plauderten sie am Bach.

Unterwegs tanzten sie eine Weile.

Plötzlich fiel eine Sternschnuppe.

So war alles wieder gut.

Zusammen ist alles leichter."
628,Nora und der Fund,"Lena war im grünen Park, als Nora kam.

Alles war still und friedlich.

Nora hatte Kummer.

Komm, wir schaffen das!

Gemeinsam machten sie einen Plan.

Unterwegs lachten sie viel.

Unterwegs erzählten sie Geschichten.

Plötzlich lachte jemand.

Am Ende lachten beide.

Wahre Freunde helfen immer."
629,Emma und die Entdeckung,"Pippa war im alten Wald, als Emma kam.

Es duftete nach Blumen.

Emma suchte den Schlüssel.

Erzähl, ich höre zu.

Gemeinsam riefen sie um Hilfe.

Unterwegs sangen sie eine Weile.

Unterwegs lachten sie fröhlich.

Plötzlich raschelte es laut.

Beide klatschten ab.

Geduld bringt Glück."
630,Mia und der Ausflug,"Theo war im gelben Feld, als Mia kam.

Vögel sangen lustig.

Mia hatte Angst im Dunkeln.

Ich helfe dir!

Gemeinsam liefen sie los.

Unterwegs lachten sie am Bach.

Unterwegs rasteten sie eine Weile.

Plötzlich quakte ein Frosch.

So wurde alles gut.

Neugier führt zu Wundern."
631,Anna und der Wettkampf,"Paul war in einem kleinen Dorf, als Anna kam.

Die Sonne schien warm.

Anna war traurig.

Wir finden eine Lösung.

Gemeinsam teilten sie die Aufgabe.

Unterwegs spielten sie im Kreis.

Unterwegs plauderten sie am Bach.

Plötzlich bellte ein Hund.

Beide grinsten breit.

Lachen hilft immer."
632,Milo und das Rätsel,"Leo war auf dem bunten Markt, als Milo kam.

Ein Bach plätscherte leise.

Milo hatte Hunger.

Komm, wir schaffen das!

Gemeinsam fragten sie die Nachbarn.

Unterwegs rasteten sie laut.

Unterwegs sangen sie fröhlich.

Plötzlich fiel ein Blatt.

Beide waren stolz.

Wer wagt, gewinnt."
633,Finn und die Überraschung,"Max war am alten Brunnen, als Finn kam.

Es roch nach frischem Gras.

Finn hatte sich verirrt.

Erzähl, ich höre zu.

Gemeinsam suchten sie überall.

Unterwegs rasteten sie zusammen.

Unterwegs spielten sie eine Weile.

Plötzlich summte eine Biene.

So war alles wieder gut.

Mut wird belohnt."
634,Nora und das große Abenteuer,"Lena war auf dem Spielplatz, als Nora kam.

Schmetterlinge flogen umher.

Nora hatte Durst.

Ich helfe dir!

Gemeinsam machten sie einen Plan.

Unterwegs tanzten sie fröhlich.

Unterwegs tanzten sie am Bach.

Plötzlich klopfte es.

Am Ende lachten beide.

Teilen macht Freude."
635,Emma und das Geheimnis,"Pippa war am blauen Fluss, als Emma kam.

Der Himmel war blau.

Emma war müde.

Wir finden eine Lösung.

Gemeinsam riefen sie um Hilfe.

Unterwegs plauderten sie eine Weile.

Unterwegs lachten sie viel.

Plötzlich tanzte ein Schmetterling vorbei.

Beide klatschten ab.

Zusammen ist alles leichter."
636,Mias schönster Tag,"Theo war auf der grünen Wiese, als Mia kam.

Alles war still und friedlich.

Mia hatte das Buch vergessen.

Komm, wir schaffen das!

Gemeinsam liefen sie los.

Unterwegs erzählten sie Geschichten.

Unterwegs lachten sie eine Weile.

Plötzlich kam Wind auf.

So wurde alles gut.

Wahre Freunde helfen immer."
637,Anna und der Schatz,"Paul war bei der großen Eiche, als Anna kam.

Es duftete nach Blumen.

Anna fror ein wenig.

Erzähl, ich höre zu.

Gemeinsam teilten sie die Aufgabe.

Unterwegs sangen sie fröhlich.

Unterwegs rasteten sie am Bach.

Plötzlich fiel eine Sternschnuppe.

Beide grinsten breit.

Geduld bringt Glück."
638,Milo und das Geheimnis,"Leo war im grünen Park, als Milo kam.

Vögel sangen lustig.

Milo hatte Kummer.

Ich helfe dir!

Gemeinsam fragten sie die Nachbarn.

Unterwegs lachten sie eine Weile.

Unterwegs plauderten sie im Kreis.

Plötzlich lachte jemand.

Beide waren stolz.

Neugier führt zu Wundern."
639,Finn und der Plan,"Max war im alten Wald, als Finn kam.

Die Sonne schien warm.

Finn suchte den Schlüssel.

Wir finden eine Lösung.

Gemeinsam suchten sie überall.

Unterwegs spielten sie am Bach.

Unterwegs sangen sie eine Weile.

Plötzlich raschelte es laut.

So war alles wieder gut.

Lachen hilft immer."
640,Nora und die Reise,"Lena war im gelben Feld, als Nora kam.

Ein Bach plätscherte leise.

Nora hatte Angst im Dunkeln.

Komm, wir schaffen das!

Gemeinsam machten sie einen Plan.

Unterwegs rasteten sie im Kreis.

Unterwegs spielten sie am Bach.

Plötzlich quakte ein Frosch.

Am Ende lachten beide.

Wer wagt, gewinnt."
641,Emma und der Fund,"Pippa war in einem kleinen Dorf, als Emma kam.

Es roch nach frischem Gras.

Emma war traurig.

Erzähl, ich höre zu.

Gemeinsam riefen sie um Hilfe.

Unterwegs tanzten sie laut.

Unterwegs tanzten sie im Kreis.

Plötzlich bellte ein Hund.

Beide klatschten ab.

Mut wird belohnt."
642,Mia und die Entdeckung,"Theo war auf dem bunten Markt, als Mia kam.

Schmetterlinge flogen umher.

Mia hatte Hunger.

Ich helfe dir!

Gemeinsam liefen sie los.

Unterwegs tanzten sie zusammen.

Unterwegs sangen sie ein Lied.

Plötzlich fiel ein Blatt.

So wurde alles gut.

Teilen macht Freude."
643,Anna und der Ausflug,"Paul war am alten Brunnen, als Anna kam.

Der Himmel war blau.

Anna hatte sich verirrt.

Wir finden eine Lösung.

Gemeinsam teilten sie die Aufgabe.

Unterwegs plauderten sie fröhlich.

Unterwegs lachten sie am Bach.

Plötzlich summte eine Biene.

Beide grinsten breit.

Zusammen ist alles leichter."
644,Milo und der Wettkampf,"Leo war auf dem Spielplatz, als Milo kam.

Alles war still und friedlich.

Milo hatte Durst.

Komm, wir schaffen das!

Gemeinsam fragten sie die Nachbarn.

Unterwegs sangen sie laut.

Unterwegs rasteten sie im Kreis.

Plötzlich klopfte es.

Beide waren stolz.

Wahre Freunde helfen immer."
645,Finn und das Rätsel,"Max war am blauen Fluss, als Finn kam.

Es duftete nach Blumen.

Finn war müde.

Erzähl, ich höre zu.

Gemeinsam suchten sie überall.

Unterwegs sangen sie zusammen.

Unterwegs plauderten sie laut.

Plötzlich tanzte ein Schmetterling vorbei.

So war alles wieder gut.

Geduld bringt Glück."
646,Nora und die Überraschung,"Lena war auf der grünen Wiese, als Nora kam.

Vögel sangen lustig.

Nora hatte das Buch vergessen.

Ich helfe dir!

Gemeinsam machten sie einen Plan.

Unterwegs lachten sie fröhlich.

Unterwegs sangen sie am Bach.

Plötzlich kam Wind auf.

Am Ende lachten beide.

Neugier führt zu Wundern."
647,Emma und das große Abenteuer,"Pippa war bei der großen Eiche, als Emma kam.

Die Sonne schien warm.

Emma fror ein wenig.

Wir finden eine Lösung.

Gemeinsam riefen sie um Hilfe.

Unterwegs spielten sie eine Weile.

Unterwegs spielten sie im Kreis.

Plötzlich fiel eine Sternschnuppe.

Beide klatschten ab.

Lachen hilft immer."
648,Mia und das Geheimnis,"Theo war im grünen Park, als Mia kam.

Ein Bach plätscherte leise.

Mia hatte Kummer.

Komm, wir schaffen das!

Gemeinsam liefen sie los.

Unterwegs rasteten sie am Bach.

Unterwegs tanzten sie laut.

Plötzlich lachte jemand.

So wurde alles gut.

Wer wagt, gewinnt."
649,Annas schönster Tag,"Paul war im alten Wald, als Anna kam.

Es roch nach frischem Gras.

Anna suchte den Schlüssel.

Erzähl, ich höre zu.

Gemeinsam teilten sie die Aufgabe.

Unterwegs tanzten sie im Kreis.

Unterwegs plauderten sie zusammen.

Plötzlich raschelte es laut.

Beide grinsten breit.

Mut wird belohnt."
650,Milo und der Schatz,"Leo war im gelben Feld, als Milo kam.

Schmetterlinge flogen umher.

Milo hatte Angst im Dunkeln.

Ich helfe dir!

Gemeinsam fragten sie die Nachbarn.

Unterwegs plauderten sie laut.

Unterwegs lachten sie im Kreis.

Plötzlich quakte ein Frosch.

Beide waren stolz.

Teilen macht Freude."
651,Finn und das Geheimnis,"Max war in einem kleinen Dorf, als Finn kam.

Der Himmel war blau.

Finn war traurig.

Wir finden eine Lösung.

Gemeinsam suchten sie überall.

Unterwegs plauderten sie zusammen.

Unterwegs rasteten sie laut.

Plötzlich bellte ein Hund.

So war alles wieder gut.

Zusammen ist alles leichter."
652,Nora und der Plan,"Lena war auf dem bunten Markt, als Nora kam.

Alles war still und friedlich.

Nora hatte Hunger.

Komm, wir schaffen das!

Gemeinsam machten sie einen Plan.

Unterwegs sangen sie im Kreis.

Unterwegs tanzten sie zusammen.

Plötzlich fiel ein Blatt.

Am Ende lachten beide.

Wahre Freunde helfen immer."
653,Emma und die Reise,"Pippa war am alten Brunnen, als Emma kam.

Es duftete nach Blumen.

Emma hatte sich verirrt.

Erzähl, ich höre zu.

Gemeinsam riefen sie um Hilfe.

Unterwegs lachten sie laut.

Unterwegs sangen sie im Kreis.

Plötzlich summte eine Biene.

Beide klatschten ab.

Geduld bringt Glück."
654,Mia und der Fund,"Theo war auf dem Spielplatz, als Mia kam.

Vögel sangen lustig.

Mia hatte Durst.

Ich helfe dir!

Gemeinsam liefen sie los.

Unterwegs lachten sie zusammen.

Unterwegs spielten sie laut.

Plötzlich klopfte es.

So wurde alles gut.

Neugier führt zu Wundern."
655,Anna und die Entdeckung,"Paul war am blauen Fluss, als Anna kam.

Die Sonne schien warm.

Anna war müde.

Wir finden eine Lösung.

Gemeinsam teilten sie die Aufgabe.

Unterwegs spielten sie fröhlich.

Unterwegs rasteten sie zusammen.

Plötzlich tanzte ein Schmetterling vorbei.

Beide grinsten breit.

Lachen hilft immer."
656,Milo und der Ausflug,"Leo war auf der grünen Wiese, als Milo kam.

Ein Bach plätscherte leise.

Milo hatte das Buch vergessen.

Komm, wir schaffen das!

Gemeinsam fragten sie die Nachbarn.

Unterwegs rasteten sie eine Weile.

Unterwegs plauderten sie fröhlich.

Plötzlich kam Wind auf.

Beide waren stolz.

Wer wagt, gewinnt."
657,Finn und der Wettkampf,"Max war bei der großen Eiche, als Finn kam.

Es roch nach frischem Gras.

Finn fror ein wenig.

Erzähl, ich höre zu.

Gemeinsam suchten sie überall.

Unterwegs tanzten sie am Bach.

Unterwegs lachten sie laut.

Plötzlich fiel eine Sternschnuppe.

So war alles wieder gut.

Mut wird belohnt."
658,Nora und das Rätsel,"Lena war im grünen Park, als Nora kam.

Schmetterlinge flogen umher.

Nora hatte Kummer.

Ich helfe dir!

Gemeinsam machten sie einen Plan.

Unterwegs plauderten sie im Kreis.

Unterwegs spielten sie zusammen.

Plötzlich lachte jemand.

Am Ende lachten beide.

Teilen macht Freude."
659,Emma und die Überraschung,"Pippa war im alten Wald, als Emma kam.

Der Himmel war blau.

Emma suchte den Schlüssel.

Wir finden eine Lösung.

Gemeinsam riefen sie um Hilfe.

Unterwegs sangen sie ein Lied.

Unterwegs tanzten sie fröhlich.

Plötzlich raschelte es laut.

Beide klatschten ab.

Zusammen ist alles leichter."
660,Mia und das große Abenteuer,"Theo war im gelben Feld, als Mia kam.

Alles war still und friedlich.

Mia hatte Angst im Dunkeln.

Komm, wir schaffen das!

Gemeinsam liefen sie los.

Unterwegs sangen sie am Bach.

Unterwegs sangen sie laut.

Plötzlich quakte ein Frosch.

So wurde alles gut.

Wahre Freunde helfen immer."
661,Anna und das Geheimnis,"Paul war in einem kleinen Dorf, als Anna kam.

Es duftete nach Blumen.

Anna war traurig.

Erzähl, ich höre zu.

Gemeinsam teilten sie die Aufgabe.

Unterwegs lachten sie im Kreis.

Unterwegs lachten sie zusammen.

Plötzlich bellte ein Hund.

Beide grinsten breit.

Geduld bringt Glück."
662,Milos schönster Tag,"Leo war auf dem bunten Markt, als Milo kam.

Vögel sangen lustig.

Milo hatte Hunger.

Ich helfe dir!

Gemeinsam fragten sie die Nachbarn.

Unterwegs spielten sie laut.

Unterwegs rasteten sie fröhlich.

Plötzlich fiel ein Blatt.

Beide waren stolz.

Neugier führt zu Wundern."
663,Finn und der Schatz,"Max war am alten Brunnen, als Finn kam.

Die Sonne schien warm.

Finn hatte sich verirrt.

Wir finden eine Lösung.

Gemeinsam suchten sie überall.

Unterwegs spielten sie zusammen.

Unterwegs plauderten sie eine Weile.

Plötzlich summte eine Biene.

So war alles wieder gut.

Lachen hilft immer."
664,Nora und das Geheimnis,"Lena war auf dem Spielplatz, als Nora kam.

Ein Bach plätscherte leise.

Nora hatte Durst.

Komm, wir schaffen das!

Gemeinsam machten sie einen Plan.

Unterwegs rasteten sie fröhlich.

Unterwegs sangen sie zusammen.

Plötzlich klopfte es.

Am Ende lachten beide.

Wer wagt, gewinnt."
665,Emma und der Plan,"Pippa war am blauen Fluss, als Emma kam.

Es roch nach frischem Gras.

Emma war müde.

Erzähl, ich höre zu.

Gemeinsam riefen sie um Hilfe.

Unterwegs tanzten sie eine Weile.

Unterwegs spielten sie fröhlich.

Plötzlich tanzte ein Schmetterling vorbei.

Beide klatschten ab.

Mut wird belohnt."
666,Mia und die Reise,"Theo war auf der grünen Wiese, als Mia kam.

Schmetterlinge flogen umher.

Mia hatte das Buch vergessen.

Ich helfe dir!

Gemeinsam liefen sie los.

Unterwegs plauderten sie am Bach.

Unterwegs tanzten sie eine Weile.

Plötzlich kam Wind auf.

So wurde alles gut.

Teilen macht Freude."
667,Anna und der Fund,"Paul war bei der großen Eiche, als Anna kam.

Der Himmel war blau.

Anna fror ein wenig.

Wir finden eine Lösung.

Gemeinsam teilten sie die Aufgabe.

Unterwegs lachten sie viel.

Unterwegs erzählten sie Geschichten.

Plötzlich fiel eine Sternschnuppe.

Beide grinsten breit.

Zusammen ist alles leichter."
668,Milo und die Entdeckung,"Leo war im grünen Park, als Milo kam.

Alles war still und friedlich.

Milo hatte Kummer.

Komm, wir schaffen das!

Gemeinsam fragten sie die Nachbarn.

Unterwegs sangen sie eine Weile.

Unterwegs lachten sie fröhlich.

Plötzlich lachte jemand.

Beide waren stolz.

Wahre Freunde helfen immer."
669,Finn und der Ausflug,"Max war im alten Wald, als Finn kam.

Es duftete nach Blumen.

Finn suchte den Schlüssel.

Erzähl, ich höre zu.

Gemeinsam suchten sie überall.

Unterwegs lachten sie am Bach.

Unterwegs rasteten sie eine Weile.

Plötzlich raschelte es laut.

So war alles wieder gut.

Geduld bringt Glück."
670,Nora und der Wettkampf,"Lena war im gelben Feld, als Nora kam.

Vögel sangen lustig.

Nora hatte Angst im Dunkeln.

Ich helfe dir!

Gemeinsam machten sie einen Plan.

Unterwegs spielten sie im Kreis.

Unterwegs plauderten sie am Bach.

Plötzlich quakte ein Frosch.

Am Ende lachten beide.

Neugier führt zu Wundern."
671,Emma und das Rätsel,"Pippa war in einem kleinen Dorf, als Emma kam.

Die Sonne schien warm.

Emma war traurig.

Wir finden eine Lösung.

Gemeinsam riefen sie um Hilfe.

Unterwegs rasteten sie laut.

Unterwegs sangen sie fröhlich.

Plötzlich bellte ein Hund.

Beide klatschten ab.

Lachen hilft immer."
672,Mia und die Überraschung,"Theo war auf dem bunten Markt, als Mia kam.

Ein Bach plätscherte leise.

Mia hatte Hunger.

Komm, wir schaffen das!

Gemeinsam liefen sie los.

Unterwegs rasteten sie zusammen.

Unterwegs spielten sie eine Weile.

Plötzlich fiel ein Blatt.

So wurde alles gut.

Wer wagt, gewinnt."
673,Anna und das große Abenteuer,"Paul war am alten Brunnen, als Anna kam.

Es roch nach frischem Gras.

Anna hatte sich verirrt.

Erzähl, ich höre zu.

Gemeinsam teilten sie die Aufgabe.

Unterwegs tanzten sie fröhlich.

Unterwegs tanzten sie am Bach.

Plötzlich summte eine Biene.

Beide grinsten breit.

Mut wird belohnt."
674,Milo und das Geheimnis,"Leo war auf dem Spielplatz, als Milo kam.

Schmetterlinge flogen umher.

Milo hatte Durst.

Ich helfe dir!

Gemeinsam fragten sie die Nachbarn.

Unterwegs plauderten sie eine Weile.

Unterwegs lachten sie viel.

Plötzlich klopfte es.

Beide waren stolz.

Teilen macht Freude."
675,Finns schönster Tag,"Max war am blauen Fluss, als Finn kam.

Der Himmel war blau.

Finn war müde.

Wir finden eine Lösung.

Gemeinsam suchten sie überall.

Unterwegs erzählten sie Geschichten.

Unterwegs lachten sie eine Weile.

Plötzlich tanzte ein Schmetterling vorbei.

So war alles wieder gut.

Zusammen ist alles leichter."
676,Nora und der Schatz,"Lena war auf der grünen Wiese, als Nora kam.

Alles war still und friedlich.

Nora hatte das Buch vergessen.

Komm, wir schaffen das!

Gemeinsam machten sie einen Plan.

Unterwegs sangen sie fröhlich.

Unterwegs rasteten sie am Bach.

Plötzlich kam Wind auf.

Am Ende lachten beide.

Wahre Freunde helfen immer."
677,Emma und das Geheimnis,"Pippa war bei der großen Eiche, als Emma kam.

Es duftete nach Blumen.

Emma fror ein wenig.

Erzähl, ich höre zu.

Gemeinsam riefen sie um Hilfe.

Unterwegs lachten sie eine Weile.

Unterwegs plauderten sie im Kreis.

Plötzlich fiel eine Sternschnuppe.

Beide klatschten ab.

Geduld bringt Glück."
678,Mia und der Plan,"Theo war im grünen Park, als Mia kam.

Vögel sangen lustig.

Mia hatte Kummer.

Ich helfe dir!

Gemeinsam liefen sie los.

Unterwegs spielten sie am Bach.

Unterwegs sangen sie eine Weile.

Plötzlich lachte jemand.

So wurde alles gut.

Neugier führt zu Wundern."
679,Anna und die Reise,"Paul war im alten Wald, als Anna kam.

Die Sonne schien warm.

Anna suchte den Schlüssel.

Wir finden eine Lösung.

Gemeinsam teilten sie die Aufgabe.

Unterwegs rasteten sie im Kreis.

Unterwegs spielten sie am Bach.

Plötzlich raschelte es laut.

Beide grinsten breit.

Lachen hilft immer."
680,Milo und der Fund,"Leo war im gelben Feld, als Milo kam.

Ein Bach plätscherte leise.

Milo hatte Angst im Dunkeln.

Komm, wir schaffen das!

Gemeinsam fragten sie die Nachbarn.

Unterwegs tanzten sie laut.

Unterwegs tanzten sie im Kreis.

Plötzlich quakte ein Frosch.

Beide waren stolz.

Wer wagt, gewinnt."
681,Finn und die Entdeckung,"Max war in einem kleinen Dorf, als Finn kam.

Es roch nach frischem Gras.

Finn war traurig.

Erzähl, ich höre zu.

Gemeinsam suchten sie überall.

Unterwegs tanzten sie zusammen.

Unterwegs sangen sie ein Lied.

Plötzlich bellte ein Hund.

So war alles wieder gut.

Mut wird belohnt."
682,Nora und der Ausflug,"Lena war auf dem bunten Markt, als Nora kam.

Schmetterlinge flogen umher.

Nora hatte Hunger.

Ich helfe dir!

Gemeinsam machten sie einen Plan.

Unterwegs plauderten sie fröhlich.

Unterwegs lachten sie am Bach.

Plötzlich fiel ein Blatt.

Am Ende lachten beide.

Teilen macht Freude."
683,Emma und der Wettkampf,"Pippa war am alten Brunnen, als Emma kam.

Der Himmel war blau.

Emma hatte sich verirrt.

Wir finden eine Lösung.

Gemeinsam riefen sie um Hilfe.

Unterwegs sangen sie laut.

Unterwegs rasteten sie im Kreis.

Plötzlich summte eine Biene.

Beide klatschten ab.

Zusammen ist alles leichter."
684,Mia und das Rätsel,"Theo war auf dem Spielplatz, als Mia kam.

Alles war still und friedlich.

Mia hatte Durst.

Komm, wir schaffen das!

Gemeinsam liefen sie los.

Unterwegs sangen sie zusammen.

Unterwegs plauderten sie laut.

Plötzlich klopfte es.

So wurde alles gut.

Wahre Freunde helfen immer."
685,Anna und die Überraschung,"Paul war am blauen Fluss, als Anna kam.

Es duftete nach Blumen.

Anna war müde.

Erzähl, ich höre zu.

Gemeinsam teilten sie die Aufgabe.

Unterwegs lachten sie fröhlich.

Unterwegs sangen sie am Bach.

Plötzlich tanzte ein Schmetterling vorbei.

Beide grinsten breit.

Geduld bringt Glück."
686,Milo und das große Abenteuer,"Leo war auf der grünen Wiese, als Milo kam.

Vögel sangen lustig.

Milo hatte das Buch vergessen.

Ich helfe dir!

Gemeinsam fragten sie die Nachbarn.

Unterwegs spielten sie eine Weile.

Unterwegs spielten sie im Kreis.

Plötzlich kam Wind auf.

Beide waren stolz.

Neugier führt zu Wundern."
687,Finn und das Geheimnis,"Max war bei der großen Eiche, als Finn kam.

Die Sonne schien warm.

Finn fror ein wenig.

Wir finden eine Lösung.

Gemeinsam suchten sie überall.

Unterwegs rasteten sie am Bach.

Unterwegs tanzten sie laut.

Plötzlich fiel eine Sternschnuppe.

So war alles wieder gut.

Lachen hilft immer."
688,Noras schönster Tag,"Lena war im grünen Park, als Nora kam.

Ein Bach plätscherte leise.

Nora hatte Kummer.

Komm, wir schaffen das!

Gemeinsam machten sie einen Plan.

Unterwegs tanzten sie im Kreis.

Unterwegs plauderten sie zusammen.

Plötzlich lachte jemand.

Am Ende lachten beide.

Wer wagt, gewinnt."
689,Emma und der Schatz,"Pippa war im alten Wald, als Emma kam.

Es roch nach frischem Gras.

Emma suchte den Schlüssel.

Erzähl, ich höre zu.

Gemeinsam riefen sie um Hilfe.

Unterwegs plauderten sie laut.

Unterwegs lachten sie im Kreis.

Plötzlich raschelte es laut.

Beide klatschten ab.

Mut wird belohnt."
690,Mia und das Geheimnis,"Theo war im gelben Feld, als Mia kam.

Schmetterlinge flogen umher.

Mia hatte Angst im Dunkeln.

Ich helfe dir!

Gemeinsam liefen sie los.

Unterwegs plauderten sie zusammen.

Unterwegs rasteten sie laut.

Plötzlich quakte ein Frosch.

So wurde alles gut.

Teilen macht Freude."
691,Anna und der Plan,"Paul war in einem kleinen Dorf, als Anna kam.

Der Himmel war blau.

Anna war traurig.

Wir finden eine Lösung.

Gemeinsam teilten sie die Aufgabe.

Unterwegs sangen sie im Kreis.

Unterwegs tanzten sie zusammen.

Plötzlich bellte ein Hund.

Beide grinsten breit.

Zusammen ist alles leichter."
692,Milo und die Reise,"Leo war auf dem bunten Markt, als Milo kam.

Alles war still und friedlich.

Milo hatte Hunger.

Komm, wir schaffen das!

Gemeinsam fragten sie die Nachbarn.

Unterwegs lachten sie laut.

Unterwegs sangen sie im Kreis.

Plötzlich fiel ein Blatt.

Beide waren stolz.

Wahre Freunde helfen immer."
693,Finn und der Fund,"Max war am alten Brunnen, als Finn kam.

Es duftete nach Blumen.

Finn hatte sich verirrt.

Erzähl, ich höre zu.

Gemeinsam suchten sie überall.

Unterwegs lachten sie zusammen.

Unterwegs spielten sie laut.

Plötzlich summte eine Biene.

So war alles wieder gut.

Geduld bringt Glück."
694,Nora und die Entdeckung,"Lena war auf dem Spielplatz, als Nora kam.

Vögel sangen lustig.

Nora hatte Durst.

Ich helfe dir!

Gemeinsam machten sie einen Plan.

Unterwegs spielten sie fröhlich.

Unterwegs rasteten sie zusammen.

Plötzlich klopfte es.

Am Ende lachten beide.

Neugier führt zu Wundern."
695,Emma und der Ausflug,"Pippa war am blauen Fluss, als Emma kam.

Die Sonne schien warm.

Emma war müde.

Wir finden eine Lösung.

Gemeinsam riefen sie um Hilfe.

Unterwegs rasteten sie eine Weile.

Unterwegs plauderten sie fröhlich.

Plötzlich tanzte ein Schmetterling vorbei.

Beide klatschten ab.

Lachen hilft immer."
696,Mia und der Wettkampf,"Theo war auf der grünen Wiese, als Mia kam.

Ein Bach plätscherte leise.

Mia hatte das Buch vergessen.

Komm, wir schaffen das!

Gemeinsam liefen sie los.

Unterwegs tanzten sie am Bach.

Unterwegs lachten sie laut.

Plötzlich kam Wind auf.

So wurde alles gut.

Wer wagt, gewinnt."
697,Anna und das Rätsel,"Paul war bei der großen Eiche, als Anna kam.

Es roch nach frischem Gras.

Anna fror ein wenig.

Erzähl, ich höre zu.

Gemeinsam teilten sie die Aufgabe.

Unterwegs plauderten sie im Kreis.

Unterwegs spielten sie zusammen.

Plötzlich fiel eine Sternschnuppe.

Beide grinsten breit.

Mut wird belohnt."
698,Milo und die Überraschung,"Leo war im grünen Park, als Milo kam.

Schmetterlinge flogen umher.

Milo hatte Kummer.

Ich helfe dir!

Gemeinsam fragten sie die Nachbarn.

Unterwegs sangen sie ein Lied.

Unterwegs tanzten sie fröhlich.

Plötzlich lachte jemand.

Beide waren stolz.

Teilen macht Freude."
699,Finn und das große Abenteuer,"Max war im alten Wald, als Finn kam.

Der Himmel war blau.

Finn suchte den Schlüssel.

Wir finden eine Lösung.

Gemeinsam suchten sie überall.

Unterwegs sangen sie am Bach.

Unterwegs sangen sie laut.

Plötzlich raschelte es laut.

So war alles wieder gut.

Zusammen ist alles leichter."
700,Nora und das Geheimnis,"Lena war im gelben Feld, als Nora kam.

Alles war still und friedlich.

Nora hatte Angst im Dunkeln.

Komm, wir schaffen das!

Gemeinsam machten sie einen Plan.

Unterwegs lachten sie im Kreis.

Unterwegs lachten sie zusammen.

Plötzlich quakte ein Frosch.

Am Ende lachten beide.

Wahre Freunde helfen immer."
701,Emmas schönster Tag,"Eines Abends hörte Emma am alten Brunnen ein seltsames Geräusch.

Alles war still und friedlich.

Neugierig ging Emma näher.

Hinter einem Stein entdeckte Emma das kleine Messer.

Es duftete nach Blumen.

Plötzlich quakte ein Frosch.

Plötzlich tanzte ein Schmetterling vorbei.

Ein Igel suchte Futter.

Am Ende waren alle glücklich.

Wer wagt, gewinnt."
702,Mia und der Schatz,"Eines Abends hörte Mia auf dem Spielplatz ein seltsames Geräusch.

Es roch nach frischem Gras.

Mutig folgte Mia dem Klang.

Hinter einem Zaun entdeckte Mia eine warme Decke.

Ein Bach plätscherte leise.

Plötzlich summte eine Biene.

Plötzlich klopfte es.

Eine Katze hatte gespielt.

So war der Tag perfekt.

Geduld bringt Glück."
703,Anna und das Geheimnis,"Eines Abends hörte Anna am blauen Fluss ein seltsames Geräusch.

Vögel sangen lustig.

Neugierig ging Anna näher.

Hinter einem Baum entdeckte Anna eine bunte Karte.

Der Himmel war blau.

Plötzlich kam Wind auf.

Plötzlich summte eine Biene.

Es war nur die neugierige Katze.

Alle lachten und gingen heim.

Teilen macht Freude."
704,Milo und der Plan,"Eines Abends hörte Milo auf der grünen Wiese ein seltsames Geräusch.

Der Himmel war blau.

Mutig folgte Milo dem Klang.

Hinter einer Mauer entdeckte Milo eine alte Münze.

Vögel sangen lustig.

Plötzlich raschelte es laut.

Plötzlich fiel ein Blatt.

Die Uhr hatte geschlagen.

Das Abenteuer blieb unvergessen.

Lachen hilft immer."
705,Finn und die Reise,"Eines Abends hörte Finn bei der großen Eiche ein seltsames Geräusch.

Ein Bach plätscherte leise.

Neugierig ging Finn näher.

Hinter einer Tür entdeckte Finn das grüne Seil.

Es roch nach frischem Gras.

Plötzlich fiel ein Blatt.

Plötzlich bellte ein Hund.

Der Hahn hatte gekräht.

Alle klatschten vor Freude.

Wahre Freunde helfen immer."
706,Nora und der Fund,"Eines Abends hörte Nora im grünen Park ein seltsames Geräusch.

Es duftete nach Blumen.

Mutig folgte Nora dem Klang.

Hinter einem Busch entdeckte Nora die kleine Laterne.

Alles war still und friedlich.

Plötzlich tanzte ein Schmetterling vorbei.

Plötzlich quakte ein Frosch.

Der Wind hatte eine Tür bewegt.

So endete das Abenteuer gut.

Mut wird belohnt."
707,Emma und die Entdeckung,"Eines Abends hörte Emma im alten Wald ein seltsames Geräusch.

Schmetterlinge flogen umher.

Neugierig ging Emma näher.

Hinter einem Stein entdeckte Emma die blaue Flasche.

Die Sonne schien warm.

Plötzlich lachte jemand.

Plötzlich raschelte es laut.

Es war nur der Briefträger.

Alle gingen zufrieden heim.

Neugier führt zu Wundern."
708,Mia und der Ausflug,"Eines Abends hörte Mia im gelben Feld ein seltsames Geräusch.

Die Sonne schien warm.

Mutig folgte Mia dem Klang.

Hinter einem Zaun entdeckte Mia die gelbe Tasche.

Schmetterlinge flogen umher.

Plötzlich bellte ein Hund.

Plötzlich lachte jemand.

Ein Ast war gefallen.

So wurde aus Angst Mut.

Zusammen ist alles leichter."
709,Anna und der Wettkampf,"Eines Abends hörte Anna in einem kleinen Dorf ein seltsames Geräusch.

Alles war still und friedlich.

Neugierig ging Anna näher.

Hinter einem Baum entdeckte Anna das rote Seil.

Es duftete nach Blumen.

Plötzlich klopfte es.

Plötzlich fiel eine Sternschnuppe.

Ein Igel suchte Futter.

Am Ende waren alle glücklich.

Wer wagt, gewinnt."
710,Milo und das Rätsel,"Eines Abends hörte Milo auf dem bunten Markt ein seltsames Geräusch.

Es roch nach frischem Gras.

Mutig folgte Milo dem Klang.

Hinter einer Mauer entdeckte Milo das alte Fernglas.

Ein Bach plätscherte leise.

Plötzlich fiel eine Sternschnuppe.

Plötzlich kam Wind auf.

Eine Katze hatte gespielt.

So war der Tag perfekt.

Geduld bringt Glück."
711,Finn und die Überraschung,"Eines Abends hörte Finn am alten Brunnen ein seltsames Geräusch.

Vögel sangen lustig.

Neugierig ging Finn näher.

Hinter einer Tür entdeckte Finn das kleine Messer.

Der Himmel war blau.

Plötzlich quakte ein Frosch.

Plötzlich tanzte ein Schmetterling vorbei.

Es war nur die neugierige Katze.

Alle lachten und gingen heim.

Teilen macht Freude."
712,Nora und das große Abenteuer,"Eines Abends hörte Nora auf dem Spielplatz ein seltsames Geräusch.

Der Himmel war blau.

Mutig folgte Nora dem Klang.

Hinter einem Busch entdeckte Nora eine warme Decke.

Vögel sangen lustig.

Plötzlich summte eine Biene.

Plötzlich klopfte es.

Die Uhr hatte geschlagen.

Das Abenteuer blieb unvergessen.

Lachen hilft immer."
713,Emma und das Geheimnis,"Eines Abends hörte Emma am blauen Fluss ein seltsames Geräusch.

Ein Bach plätscherte leise.

Neugierig ging Emma näher.

Hinter einem Stein entdeckte Emma eine bunte Karte.

Es roch nach frischem Gras.

Plötzlich kam Wind auf.

Plötzlich summte eine Biene.

Der Hahn hatte gekräht.

Alle klatschten vor Freude.

Wahre Freunde helfen immer."
714,Mias schönster Tag,"Eines Abends hörte Mia auf der grünen Wiese ein seltsames Geräusch.

Es duftete nach Blumen.

Mutig folgte Mia dem Klang.

Hinter einem Zaun entdeckte Mia eine alte Münze.

Alles war still und friedlich.

Plötzlich raschelte es laut.

Plötzlich fiel ein Blatt.

Der Wind hatte eine Tür bewegt.

So endete das Abenteuer gut.

Mut wird belohnt."
715,Anna und der Schatz,"Eines Abends hörte Anna bei der großen Eiche ein seltsames Geräusch.

Schmetterlinge flogen umher.

Neugierig ging Anna näher.

Hinter einem Baum entdeckte Anna das grüne Seil.

Die Sonne schien warm.

Plötzlich fiel ein Blatt.

Plötzlich bellte ein Hund.

Es war nur der Briefträger.

Alle gingen zufrieden heim.

Neugier führt zu Wundern."
716,Milo und das Geheimnis,"Eines Abends hörte Milo im grünen Park ein seltsames Geräusch.

Die Sonne schien warm.

Mutig folgte Milo dem Klang.

Hinter einer Mauer entdeckte Milo die kleine Laterne.

Schmetterlinge flogen umher.

Plötzlich tanzte ein Schmetterling vorbei.

Plötzlich quakte ein Frosch.

Ein Ast war gefallen.

So wurde aus Angst Mut.

Zusammen ist alles leichter."
717,Finn und der Plan,"Eines Abends hörte Finn im alten Wald ein seltsames Geräusch.

Alles war still und friedlich.

Neugierig ging Finn näher.

Hinter einer Tür entdeckte Finn die blaue Flasche.

Es duftete nach Blumen.

Plötzlich lachte jemand.

Plötzlich raschelte es laut.

Ein Igel suchte Futter.

Am Ende waren alle glücklich.

Wer wagt, gewinnt."
718,Nora und die Reise,"Eines Abends hörte Nora im gelben Feld ein seltsames Geräusch.

Es roch nach frischem Gras.

Mutig folgte Nora dem Klang.

Hinter einem Busch entdeckte Nora die gelbe Tasche.

Ein Bach plätscherte leise.

Plötzlich bellte ein Hund.

Plötzlich lachte jemand.

Eine Katze hatte gespielt.

So war der Tag perfekt.

Geduld bringt Glück."
719,Emma und der Fund,"Eines Abends hörte Emma in einem kleinen Dorf ein seltsames Geräusch.

Vögel sangen lustig.

Neugierig ging Emma näher.

Hinter einem Stein entdeckte Emma das rote Seil.

Der Himmel war blau.

Plötzlich klopfte es.

Plötzlich fiel eine Sternschnuppe.

Es war nur die neugierige Katze.

Alle lachten und gingen heim.

Teilen macht Freude."
720,Mia und die Entdeckung,"Eines Abends hörte Mia auf dem bunten Markt ein seltsames Geräusch.

Der Himmel war blau.

Mutig folgte Mia dem Klang.

Hinter einem Zaun entdeckte Mia das alte Fernglas.

Vögel sangen lustig.

Plötzlich fiel eine Sternschnuppe.

Plötzlich kam Wind auf.

Die Uhr hatte geschlagen.

Das Abenteuer blieb unvergessen.

Lachen hilft immer."
721,Anna und der Ausflug,"Eines Abends hörte Anna am alten Brunnen ein seltsames Geräusch.

Ein Bach plätscherte leise.

Neugierig ging Anna näher.

Hinter einem Baum entdeckte Anna das kleine Messer.

Es roch nach frischem Gras.

Plötzlich quakte ein Frosch.

Plötzlich tanzte ein Schmetterling vorbei.

Der Hahn hatte gekräht.

Alle klatschten vor Freude.

Wahre Freunde helfen immer."
722,Milo und der Wettkampf,"Eines Abends hörte Milo auf dem Spielplatz ein seltsames Geräusch.

Es duftete nach Blumen.

Mutig folgte Milo dem Klang.

Hinter einer Mauer entdeckte Milo eine warme Decke.

Alles war still und friedlich.

Plötzlich summte eine Biene.

Plötzlich klopfte es.

Der Wind hatte eine Tür bewegt.

So endete das Abenteuer gut.

Mut wird belohnt."
723,Finn und das Rätsel,"Eines Abends hörte Finn am blauen Fluss ein seltsames Geräusch.

Schmetterlinge flogen umher.

Neugierig ging Finn näher.

Hinter einer Tür entdeckte Finn eine bunte Karte.

Die Sonne schien warm.

Plötzlich kam Wind auf.

Plötzlich summte eine Biene.

Es war nur der Briefträger.

Alle gingen zufrieden heim.

Neugier führt zu Wundern."
724,Nora und die Überraschung,"Eines Abends hörte Nora auf der grünen Wiese ein seltsames Geräusch.

Die Sonne schien warm.

Mutig folgte Nora dem Klang.

Hinter einem Busch entdeckte Nora eine alte Münze.

Schmetterlinge flogen umher.

Plötzlich raschelte es laut.

Plötzlich fiel ein Blatt.

Ein Ast war gefallen.

So wurde aus Angst Mut.

Zusammen ist alles leichter."
725,Emma und das große Abenteuer,"Eines Abends hörte Emma bei der großen Eiche ein seltsames Geräusch.

Alles war still und friedlich.

Neugierig ging Emma näher.

Hinter einem Stein entdeckte Emma das grüne Seil.

Es duftete nach Blumen.

Plötzlich fiel ein Blatt.

Plötzlich bellte ein Hund.

Ein Igel suchte Futter.

Am Ende waren alle glücklich.

Wer wagt, gewinnt."
726,Mia und das Geheimnis,"Eines Abends hörte Mia im grünen Park ein seltsames Geräusch.

Es roch nach frischem Gras.

Mutig folgte Mia dem Klang.

Hinter einem Zaun entdeckte Mia die kleine Laterne.

Ein Bach plätscherte leise.

Plötzlich tanzte ein Schmetterling vorbei.

Plötzlich quakte ein Frosch.

Eine Katze hatte gespielt.

So war der Tag perfekt.

Geduld bringt Glück."
727,Annas schönster Tag,"Eines Abends hörte Anna im alten Wald ein seltsames Geräusch.

Vögel sangen lustig.

Neugierig ging Anna näher.

Hinter einem Baum entdeckte Anna die blaue Flasche.

Der Himmel war blau.

Plötzlich lachte jemand.

Plötzlich raschelte es laut.

Es war nur die neugierige Katze.

Alle lachten und gingen heim.

Teilen macht Freude."
728,Milo und der Schatz,"Eines Abends hörte Milo im gelben Feld ein seltsames Geräusch.

Der Himmel war blau.

Mutig folgte Milo dem Klang.

Hinter einer Mauer entdeckte Milo die gelbe Tasche.

Vögel sangen lustig.

Plötzlich bellte ein Hund.

Plötzlich lachte jemand.

Die Uhr hatte geschlagen.

Das Abenteuer blieb unvergessen.

Lachen hilft immer."
729,Finn und das Geheimnis,"Eines Abends hörte Finn in einem kleinen Dorf ein seltsames Geräusch.

Ein Bach plätscherte leise.

Neugierig ging Finn näher.

Hinter einer Tür entdeckte Finn das rote Seil.

Es roch nach frischem Gras.

Plötzlich klopfte es.

Plötzlich fiel eine Sternschnuppe.

Der Hahn hatte gekräht.

Alle klatschten vor Freude.

Wahre Freunde helfen immer."
730,Nora und der Plan,"Eines Abends hörte Nora auf dem bunten Markt ein seltsames Geräusch.

Es duftete nach Blumen.

Mutig folgte Nora dem Klang.

Hinter einem Busch entdeckte Nora das alte Fernglas.

Alles war still und friedlich.

Plötzlich fiel eine Sternschnuppe.

Plötzlich kam Wind auf.

Der Wind hatte eine Tür bewegt.

So endete das Abenteuer gut.

Mut wird belohnt."
731,Emma und die Reise,"Eines Abends hörte Emma am alten Brunnen ein seltsames Geräusch.

Schmetterlinge flogen umher.

Neugierig ging Emma näher.

Hinter einem Stein entdeckte Emma das kleine Messer.

Die Sonne schien warm.

Plötzlich quakte ein Frosch.

Plötzlich tanzte ein Schmetterling vorbei.

Es war nur der Briefträger.

Alle gingen zufrieden heim.

Neugier führt zu Wundern."
732,Mia und der Fund,"Eines Abends hörte Mia auf dem Spielplatz ein seltsames Geräusch.

Die Sonne schien warm.

Mutig folgte Mia dem Klang.

Hinter einem Zaun entdeckte Mia eine warme Decke.

Schmetterlinge flogen umher.

Plötzlich summte eine Biene.

Plötzlich klopfte es.

Ein Ast war gefallen.

So wurde aus Angst Mut.

Zusammen ist alles leichter."
733,Anna und die Entdeckung,"Eines Abends hörte Anna am blauen Fluss ein seltsames Geräusch.

Alles war still und friedlich.

Neugierig ging Anna näher.

Hinter einem Baum entdeckte Anna eine bunte Karte.

Es duftete nach Blumen.

Plötzlich kam Wind auf.

Plötzlich summte eine Biene.

Ein Igel suchte Futter.

Am Ende waren alle glücklich.

Wer wagt, gewinnt."
734,Milo und der Ausflug,"Eines Abends hörte Milo auf der grünen Wiese ein seltsames Geräusch.

Es roch nach frischem Gras.

Mutig folgte Milo dem Klang.

Hinter einer Mauer entdeckte Milo eine alte Münze.

Ein Bach plätscherte leise.

Plötzlich raschelte es laut.

Plötzlich fiel ein Blatt.

Eine Katze hatte gespielt.

So war der Tag perfekt.

Geduld bringt Glück."
735,Finn und der Wettkampf,"Eines Abends hörte Finn bei der großen Eiche ein seltsames Geräusch.

Vögel sangen lustig.

Neugierig ging Finn näher.

Hinter einer Tür entdeckte Finn das grüne Seil.

Der Himmel war blau.

Plötzlich fiel ein Blatt.

Plötzlich bellte ein Hund.

Es war nur die neugierige Katze.

Alle lachten und gingen heim.

Teilen macht Freude."
736,Nora und das Rätsel,"Eines Abends hörte Nora im grünen Park ein seltsames Geräusch.

Der Himmel war blau.

Mutig folgte Nora dem Klang.

Hinter einem Busch entdeckte Nora die kleine Laterne.

Vögel sangen lustig.

Plötzlich tanzte ein Schmetterling vorbei.

Plötzlich quakte ein Frosch.

Die Uhr hatte geschlagen.

Das Abenteuer blieb unvergessen.

Lachen hilft immer."
737,Emma und die Überraschung,"Eines Abends hörte Emma im alten Wald ein seltsames Geräusch.

Ein Bach plätscherte leise.

Neugierig ging Emma näher.

Hinter einem Stein entdeckte Emma die blaue Flasche.

Es roch nach frischem Gras.

Plötzlich lachte jemand.

Plötzlich raschelte es laut.

Der Hahn hatte gekräht.

Alle klatschten vor Freude.

Wahre Freunde helfen immer."
738,Mia und das große Abenteuer,"Eines Abends hörte Mia im gelben Feld ein seltsames Geräusch.

Es duftete nach Blumen.

Mutig folgte Mia dem Klang.

Hinter einem Zaun entdeckte Mia die gelbe Tasche.

Alles war still und friedlich.

Plötzlich bellte ein Hund.

Plötzlich lachte jemand.

Der Wind hatte eine Tür bewegt.

So endete das Abenteuer gut.

Mut wird belohnt."
739,Anna und das Geheimnis,"Eines Abends hörte Anna in einem kleinen Dorf ein seltsames Geräusch.

Schmetterlinge flogen umher.

Neugierig ging Anna näher.

Hinter einem Baum entdeckte Anna das rote Seil.

Die Sonne schien warm.

Plötzlich klopfte es.

Plötzlich fiel eine Sternschnuppe.

Es war nur der Briefträger.

Alle gingen zufrieden heim.

Neugier führt zu Wundern."
740,Milos schönster Tag,"Eines Abends hörte Milo auf dem bunten Markt ein seltsames Geräusch.

Die Sonne schien warm.

Mutig folgte Milo dem Klang.

Hinter einer Mauer entdeckte Milo das alte Fernglas.

Schmetterlinge flogen umher.

Plötzlich fiel eine Sternschnuppe.

Plötzlich kam Wind auf.

Ein Ast war gefallen.

So wurde aus Angst Mut.

Zusammen ist alles leichter."
741,Finn und der Schatz,"Eines Abends hörte Finn am alten Brunnen ein seltsames Geräusch.

Alles war still und friedlich.

Neugierig ging Finn näher.

Hinter einer Tür entdeckte Finn das kleine Messer.

Es duftete nach Blumen.

Plötzlich quakte ein Frosch.

Plötzlich tanzte ein Schmetterling vorbei.

Ein Igel suchte Futter.

Am Ende waren alle glücklich.

Wer wagt, gewinnt."
742,Nora und das Geheimnis,"Eines Abends hörte Nora auf dem Spielplatz ein seltsames Geräusch.

Es roch nach frischem Gras.

Mutig folgte Nora dem Klang.

Hinter einem Busch entdeckte Nora eine warme Decke.

Ein Bach plätscherte leise.

Plötzlich summte eine Biene.

Plötzlich klopfte es.

Eine Katze hatte gespielt.

So war der Tag perfekt.

Geduld bringt Glück."
743,Emma und der Plan,"Eines Abends hörte Emma am blauen Fluss ein seltsames Geräusch.

Vögel sangen lustig.

Neugierig ging Emma näher.

Hinter einem Stein entdeckte Emma eine bunte Karte.

Der Himmel war blau.

Plötzlich kam Wind auf.

Plötzlich summte eine Biene.

Es war nur die neugierige Katze.

Alle lachten und gingen heim.

Teilen macht Freude."
744,Mia und die Reise,"Eines Abends hörte Mia auf der grünen Wiese ein seltsames Geräusch.

Der Himmel war blau.

Mutig folgte Mia dem Klang.

Hinter einem Zaun entdeckte Mia eine alte Münze.

Vögel sangen lustig.

Plötzlich raschelte es laut.

Plötzlich fiel ein Blatt.

Die Uhr hatte geschlagen.

Das Abenteuer blieb unvergessen.

Lachen hilft immer."
745,Anna und der Fund,"Eines Abends hörte Anna bei der großen Eiche ein seltsames Geräusch.

Ein Bach plätscherte leise.

Neugierig ging Anna näher.

Hinter einem Baum entdeckte Anna das grüne Seil.

Es roch nach frischem Gras.

Plötzlich fiel ein Blatt.

Plötzlich bellte ein Hund.

Der Hahn hatte gekräht.

Alle klatschten vor Freude.

Wahre Freunde helfen immer."
746,Milo und die Entdeckung,"Eines Abends hörte Milo im grünen Park ein seltsames Geräusch.

Es duftete nach Blumen.

Mutig folgte Milo dem Klang.

Hinter einer Mauer entdeckte Milo die kleine Laterne.

Alles war still und friedlich.

Plötzlich tanzte ein Schmetterling vorbei.

Plötzlich quakte ein Frosch.

Der Wind hatte eine Tür bewegt.

So endete das Abenteuer gut.

Mut wird belohnt."
747,Finn und der Ausflug,"Eines Abends hörte Finn im alten Wald ein seltsames Geräusch.

Schmetterlinge flogen umher.

Neugierig ging Finn näher.

Hinter einer Tür entdeckte Finn die blaue Flasche.

Die Sonne schien warm.

Plötzlich lachte jemand.

Plötzlich raschelte es laut.

Es war nur der Briefträger.

Alle gingen zufrieden heim.

Neugier führt zu Wundern."
748,Nora und der Wettkampf,"Eines Abends hörte Nora im gelben Feld ein seltsames Geräusch.

Die Sonne schien warm.

Mutig folgte Nora dem Klang.

Hinter einem Busch entdeckte Nora die gelbe Tasche.

Schmetterlinge flogen umher.

Plötzlich bellte ein Hund.

Plötzlich lachte jemand.

Ein Ast war gefallen.

So wurde aus Angst Mut.

Zusammen ist alles leichter."
749,Emma und das Rätsel,"Eines Abends hörte Emma in einem kleinen Dorf ein seltsames Geräusch.

Alles war still und friedlich.

Neugierig ging Emma näher.

Hinter einem Stein entdeckte Emma das rote Seil.

Es duftete nach Blumen.

Plötzlich klopfte es.

Plötzlich fiel eine Sternschnuppe.

Ein Igel suchte Futter.

Am Ende waren alle glücklich.

Wer wagt, gewinnt."
750,Mia und die Überraschung,"Eines Abends hörte Mia auf dem bunten Markt ein seltsames Geräusch.

Es roch nach frischem Gras.

Mutig folgte Mia dem Klang.

Hinter einem Zaun entdeckte Mia das alte Fernglas.

Ein Bach plätscherte leise.

Plötzlich fiel eine Sternschnuppe.

Plötzlich kam Wind auf.

Eine Katze hatte gespielt.

So war der Tag perfekt.

Geduld bringt Glück."
751,Anna und das große Abenteuer,"Eines Abends hörte Anna am alten Brunnen ein seltsames Geräusch.

Vögel sangen lustig.

Neugierig ging Anna näher.

Hinter einem Baum entdeckte Anna das kleine Messer.

Der Himmel war blau.

Plötzlich quakte ein Frosch.

Plötzlich tanzte ein Schmetterling vorbei.

Es war nur die neugierige Katze.

Alle lachten und gingen heim.

Teilen macht Freude."
752,Milo und das Geheimnis,"Eines Abends hörte Milo auf dem Spielplatz ein seltsames Geräusch.

Der Himmel war blau.

Mutig folgte Milo dem Klang.

Hinter einer Mauer entdeckte Milo eine warme Decke.

Vögel sangen lustig.

Plötzlich summte eine Biene.

Plötzlich klopfte es.

Die Uhr hatte geschlagen.

Das Abenteuer blieb unvergessen.

Lachen hilft immer."
753,Finns schönster Tag,"Eines Abends hörte Finn am blauen Fluss ein seltsames Geräusch.

Ein Bach plätscherte leise.

Neugierig ging Finn näher.

Hinter einer Tür entdeckte Finn eine bunte Karte.

Es roch nach frischem Gras.

Plötzlich kam Wind auf.

Plötzlich summte eine Biene.

Der Hahn hatte gekräht.

Alle klatschten vor Freude.

Wahre Freunde helfen immer."
754,Nora und der Schatz,"Eines Abends hörte Nora auf der grünen Wiese ein seltsames Geräusch.

Es duftete nach Blumen.

Mutig folgte Nora dem Klang.

Hinter einem Busch entdeckte Nora eine alte Münze.

Alles war still und friedlich.

Plötzlich raschelte es laut.

Plötzlich fiel ein Blatt.

Der Wind hatte eine Tür bewegt.

So endete das Abenteuer gut.

Mut wird belohnt."
755,Emma und das Geheimnis,"Eines Abends hörte Emma bei der großen Eiche ein seltsames Geräusch.

Schmetterlinge flogen umher.

Neugierig ging Emma näher.

Hinter einem Stein entdeckte Emma das grüne Seil.

Die Sonne schien warm.

Plötzlich fiel ein Blatt.

Plötzlich bellte ein Hund.

Es war nur der Briefträger.

Alle gingen zufrieden heim.

Neugier führt zu Wundern."
756,Mia und der Plan,"Eines Abends hörte Mia im grünen Park ein seltsames Geräusch.

Die Sonne schien warm.

Mutig folgte Mia dem Klang.

Hinter einem Zaun entdeckte Mia die kleine Laterne.

Schmetterlinge flogen umher.

Plötzlich tanzte ein Schmetterling vorbei.

Plötzlich quakte ein Frosch.

Ein Ast war gefallen.

So wurde aus Angst Mut.

Zusammen ist alles leichter."
757,Anna und die Reise,"Eines Abends hörte Anna im alten Wald ein seltsames Geräusch.

Alles war still und friedlich.

Neugierig ging Anna näher.

Hinter einem Baum entdeckte Anna die blaue Flasche.

Es duftete nach Blumen.

Plötzlich lachte jemand.

Plötzlich raschelte es laut.

Ein Igel suchte Futter.

Am Ende waren alle glücklich.

Wer wagt, gewinnt."
758,Milo und der Fund,"Eines Abends hörte Milo im gelben Feld ein seltsames Geräusch.

Es roch nach frischem Gras.

Mutig folgte Milo dem Klang.

Hinter einer Mauer entdeckte Milo die gelbe Tasche.

Ein Bach plätscherte leise.

Plötzlich bellte ein Hund.

Plötzlich lachte jemand.

Eine Katze hatte gespielt.

So war der Tag perfekt.

Geduld bringt Glück."
759,Finn und die Entdeckung,"Eines Abends hörte Finn in einem kleinen Dorf ein seltsames Geräusch.

Vögel sangen lustig.

Neugierig ging Finn näher.

Hinter einer Tür entdeckte Finn das rote Seil.

Der Himmel war blau.

Plötzlich klopfte es.

Plötzlich fiel eine Sternschnuppe.

Es war nur die neugierige Katze.

Alle lachten und gingen heim.

Teilen macht Freude."
760,Nora und der Ausflug,"Eines Abends hörte Nora auf dem bunten Markt ein seltsames Geräusch.

Der Himmel war blau.

Mutig folgte Nora dem Klang.

Hinter einem Busch entdeckte Nora das alte Fernglas.

Vögel sangen lustig.

Plötzlich fiel eine Sternschnuppe.

Plötzlich kam Wind auf.

Die Uhr hatte geschlagen.

Das Abenteuer blieb unvergessen.

Lachen hilft immer."
761,Emma und der Wettkampf,"Eines Abends hörte Emma am alten Brunnen ein seltsames Geräusch.

Ein Bach plätscherte leise.

Neugierig ging Emma näher.

Hinter einem Stein entdeckte Emma das kleine Messer.

Es roch nach frischem Gras.

Plötzlich quakte ein Frosch.

Plötzlich tanzte ein Schmetterling vorbei.

Der Hahn hatte gekräht.

Alle klatschten vor Freude.

Wahre Freunde helfen immer."
762,Mia und das Rätsel,"Eines Abends hörte Mia auf dem Spielplatz ein seltsames Geräusch.

Es duftete nach Blumen.

Mutig folgte Mia dem Klang.

Hinter einem Zaun entdeckte Mia eine warme Decke.

Alles war still und friedlich.

Plötzlich summte eine Biene.

Plötzlich klopfte es.

Der Wind hatte eine Tür bewegt.

So endete das Abenteuer gut.

Mut wird belohnt."
763,Anna und die Überraschung,"Eines Abends hörte Anna am blauen Fluss ein seltsames Geräusch.

Schmetterlinge flogen umher.

Neugierig ging Anna näher.

Hinter einem Baum entdeckte Anna eine bunte Karte.

Die Sonne schien warm.

Plötzlich kam Wind auf.

Plötzlich summte eine Biene.

Es war nur der Briefträger.

Alle gingen zufrieden heim.

Neugier führt zu Wundern."
764,Milo und das große Abenteuer,"Eines Abends hörte Milo auf der grünen Wiese ein seltsames Geräusch.

Die Sonne schien warm.

Mutig folgte Milo dem Klang.

Hinter einer Mauer entdeckte Milo eine alte Münze.

Schmetterlinge flogen umher.

Plötzlich raschelte es laut.

Plötzlich fiel ein Blatt.

Ein Ast war gefallen.

So wurde aus Angst Mut.

Zusammen ist alles leichter."
765,Finn und das Geheimnis,"Eines Abends hörte Finn bei der großen Eiche ein seltsames Geräusch.

Alles war still und friedlich.

Neugierig ging Finn näher.

Hinter einer Tür entdeckte Finn das grüne Seil.

Es duftete nach Blumen.

Plötzlich fiel ein Blatt.

Plötzlich bellte ein Hund.

Ein Igel suchte Futter.

Am Ende waren alle glücklich.

Wer wagt, gewinnt."
766,Noras schönster Tag,"Eines Abends hörte Nora im grünen Park ein seltsames Geräusch.

Es roch nach frischem Gras.

Mutig folgte Nora dem Klang.

Hinter einem Busch entdeckte Nora die kleine Laterne.

Ein Bach plätscherte leise.

Plötzlich tanzte ein Schmetterling vorbei.

Plötzlich quakte ein Frosch.

Eine Katze hatte gespielt.

So war der Tag perfekt.

Geduld bringt Glück."
767,Emma und der Schatz,"Eines Abends hörte Emma im alten Wald ein seltsames Geräusch.

Vögel sangen lustig.

Neugierig ging Emma näher.

Hinter einem Stein entdeckte Emma die blaue Flasche.

Der Himmel war blau.

Plötzlich lachte jemand.

Plötzlich raschelte es laut.

Es war nur die neugierige Katze.

Alle lachten und gingen heim.

Teilen macht Freude."
768,Mia und das Geheimnis,"Eines Abends hörte Mia im gelben Feld ein seltsames Geräusch.

Der Himmel war blau.

Mutig folgte Mia dem Klang.

Hinter einem Zaun entdeckte Mia die gelbe Tasche.

Vögel sangen lustig.

Plötzlich bellte ein Hund.

Plötzlich lachte jemand.

Die Uhr hatte geschlagen.

Das Abenteuer blieb unvergessen.

Lachen hilft immer."
769,Anna und der Plan,"Eines Abends hörte Anna in einem kleinen Dorf ein seltsames Geräusch.

Ein Bach plätscherte leise.

Neugierig ging Anna näher.

Hinter einem Baum entdeckte Anna das rote Seil.

Es roch nach frischem Gras.

Plötzlich klopfte es.

Plötzlich fiel eine Sternschnuppe.

Der Hahn hatte gekräht.

Alle klatschten vor Freude.

Wahre Freunde helfen immer."
770,Milo und die Reise,"Eines Abends hörte Milo auf dem bunten Markt ein seltsames Geräusch.

Es duftete nach Blumen.

Mutig folgte Milo dem Klang.

Hinter einer Mauer entdeckte Milo das alte Fernglas.

Alles war still und friedlich.

Plötzlich fiel eine Sternschnuppe.

Plötzlich kam Wind auf.

Der Wind hatte eine Tür bewegt.

So endete das Abenteuer gut.

Mut wird belohnt."
771,Finn und der Fund,"Eines Abends hörte Finn am alten Brunnen ein seltsames Geräusch.

Schmetterlinge flogen umher.

Neugierig ging Finn näher.

Hinter einer Tür entdeckte Finn das kleine Messer.

Die Sonne schien warm.

Plötzlich quakte ein Frosch.

Plötzlich tanzte ein Schmetterling vorbei.

Es war nur der Briefträger.

Alle gingen zufrieden heim.

Neugier führt zu Wundern."
772,Nora und die Entdeckung,"Eines Abends hörte Nora auf dem Spielplatz ein seltsames Geräusch.

Die Sonne schien warm.

Mutig folgte Nora dem Klang.

Hinter einem Busch entdeckte Nora eine warme Decke.

Schmetterlinge flogen umher.

Plötzlich summte eine Biene.

Plötzlich klopfte es.

Ein Ast war gefallen.

So wurde aus Angst Mut.

Zusammen ist alles leichter."
773,Emma und der Ausflug,"Eines Abends hörte Emma am blauen Fluss ein seltsames Geräusch.

Alles war still und friedlich.

Neugierig ging Emma näher.

Hinter einem Stein entdeckte Emma eine bunte Karte.

Es duftete nach Blumen.

Plötzlich kam Wind auf.

Plötzlich summte eine Biene.

Ein Igel suchte Futter.

Am Ende waren alle glücklich.

Wer wagt, gewinnt."
774,Mia und der Wettkampf,"Eines Abends hörte Mia auf der grünen Wiese ein seltsames Geräusch.

Es roch nach frischem Gras.

Mutig folgte Mia dem Klang.

Hinter einem Zaun entdeckte Mia eine alte Münze.

Ein Bach plätscherte leise.

Plötzlich raschelte es laut.

Plötzlich fiel ein Blatt.

Eine Katze hatte gespielt.

So war der Tag perfekt.

Geduld bringt Glück."
775,Anna und das Rätsel,"Eines Abends hörte Anna bei der großen Eiche ein seltsames Geräusch.

Vögel sangen lustig.

Neugierig ging Anna näher.

Hinter einem Baum entdeckte Anna das grüne Seil.

Der Himmel war blau.

Plötzlich fiel ein Blatt.

Plötzlich bellte ein Hund.

Es war nur die neugierige Katze.

Alle lachten und gingen heim.

Teilen macht Freude."
776,Milo und die Überraschung,"Eines Abends hörte Milo im grünen Park ein seltsames Geräusch.

Der Himmel war blau.

Mutig folgte Milo dem Klang.

Hinter einer Mauer entdeckte Milo die kleine Laterne.

Vögel sangen lustig.

Plötzlich tanzte ein Schmetterling vorbei.

Plötzlich quakte ein Frosch.

Die Uhr hatte geschlagen.

Das Abenteuer blieb unvergessen.

Lachen hilft immer."
777,Finn und das große Abenteuer,"Eines Abends hörte Finn im alten Wald ein seltsames Geräusch.

Ein Bach plätscherte leise.

Neugierig ging Finn näher.

Hinter einer Tür entdeckte Finn die blaue Flasche.

Es roch nach frischem Gras.

Plötzlich lachte jemand.

Plötzlich raschelte es laut.

Der Hahn hatte gekräht.

Alle klatschten vor Freude.

Wahre Freunde helfen immer."
778,Nora und das Geheimnis,"Eines Abends hörte Nora im gelben Feld ein seltsames Geräusch.

Es duftete nach Blumen.

Mutig folgte Nora dem Klang.

Hinter einem Busch entdeckte Nora die gelbe Tasche.

Alles war still und friedlich.

Plötzlich bellte ein Hund.

Plötzlich lachte jemand.

Der Wind hatte eine Tür bewegt.

So endete das Abenteuer gut.

Mut wird belohnt."
779,Emmas schönster Tag,"Eines Abends hörte Emma in einem kleinen Dorf ein seltsames Geräusch.

Schmetterlinge flogen umher.

Neugierig ging Emma näher.

Hinter einem Stein entdeckte Emma das rote Seil.

Die Sonne schien warm.

Plötzlich klopfte es.

Plötzlich fiel eine Sternschnuppe.

Es war nur der Briefträger.

Alle gingen zufrieden heim.

Neugier führt zu Wundern."
780,Mia und der Schatz,"Eines Abends hörte Mia auf dem bunten Markt ein seltsames Geräusch.

Die Sonne schien warm.

Mutig folgte Mia dem Klang.

Hinter einem Zaun entdeckte Mia das alte Fernglas.

Schmetterlinge flogen umher.

Plötzlich fiel eine Sternschnuppe.

Plötzlich kam Wind auf.

Ein Ast war gefallen.

So wurde aus Angst Mut.

Zusammen ist alles leichter."
781,Anna und das Geheimnis,"Eines Abends hörte Anna am alten Brunnen ein seltsames Geräusch.

Alles war still und friedlich.

Neugierig ging Anna näher.

Hinter einem Baum entdeckte Anna das kleine Messer.

Es duftete nach Blumen.

Plötzlich quakte ein Frosch.

Plötzlich tanzte ein Schmetterling vorbei.

Ein Igel suchte Futter.

Am Ende waren alle glücklich.

Wer wagt, gewinnt."
782,Milo und der Plan,"Eines Abends hörte Milo auf dem Spielplatz ein seltsames Geräusch.

Es roch nach frischem Gras.

Mutig folgte Milo dem Klang.

Hinter einer Mauer entdeckte Milo eine warme Decke.

Ein Bach plätscherte leise.

Plötzlich summte eine Biene.

Plötzlich klopfte es.

Eine Katze hatte gespielt.

So war der Tag perfekt.

Geduld bringt Glück."
783,Finn und die Reise,"Eines Abends hörte Finn am blauen Fluss ein seltsames Geräusch.

Vögel sangen lustig.

Neugierig ging Finn näher.

Hinter einer Tür entdeckte Finn eine bunte Karte.

Der Himmel war blau.

Plötzlich kam Wind auf.

Plötzlich summte eine Biene.

Es war nur die neugierige Katze.

Alle lachten und gingen heim.

Teilen macht Freude."
784,Nora und der Fund,"Eines Abends hörte Nora auf der grünen Wiese ein seltsames Geräusch.

Der Himmel war blau.

Mutig folgte Nora dem Klang.

Hinter einem Busch entdeckte Nora eine alte Münze.

Vögel sangen lustig.

Plötzlich raschelte es laut.

Plötzlich fiel ein Blatt.

Die Uhr hatte geschlagen.

Das Abenteuer blieb unvergessen.

Lachen hilft immer."
785,Emma und die Entdeckung,"Eines Abends hörte Emma bei der großen Eiche ein seltsames Geräusch.

Ein Bach plätscherte leise.

Neugierig ging Emma näher.

Hinter einem Stein entdeckte Emma das grüne Seil.

Es roch nach frischem Gras.

Plötzlich fiel ein Blatt.

Plötzlich bellte ein Hund.

Der Hahn hatte gekräht.

Alle klatschten vor Freude.

Wahre Freunde helfen immer."
786,Mia und der Ausflug,"Eines Abends hörte Mia im grünen Park ein seltsames Geräusch.

Es duftete nach Blumen.

Mutig folgte Mia dem Klang.

Hinter einem Zaun entdeckte Mia die kleine Laterne.

Alles war still und friedlich.

Plötzlich tanzte ein Schmetterling vorbei.

Plötzlich quakte ein Frosch.

Der Wind hatte eine Tür bewegt.

So endete das Abenteuer gut.

Mut wird belohnt."
787,Anna und der Wettkampf,"Eines Abends hörte Anna im alten Wald ein seltsames Geräusch.

Schmetterlinge flogen umher.

Neugierig ging Anna näher.

Hinter einem Baum entdeckte Anna die blaue Flasche.

Die Sonne schien warm.

Plötzlich lachte jemand.

Plötzlich raschelte es laut.

Es war nur der Briefträger.

Alle gingen zufrieden heim.

Neugier führt zu Wundern."
788,Milo und das Rätsel,"Eines Abends hörte Milo im gelben Feld ein seltsames Geräusch.

Die Sonne schien warm.

Mutig folgte Milo dem Klang.

Hinter einer Mauer entdeckte Milo die gelbe Tasche.

Schmetterlinge flogen umher.

Plötzlich bellte ein Hund.

Plötzlich lachte jemand.

Ein Ast war gefallen.

So wurde aus Angst Mut.

Zusammen ist alles leichter."
789,Finn und die Überraschung,"Eines Abends hörte Finn in einem kleinen Dorf ein seltsames Geräusch.

Alles war still und friedlich.

Neugierig ging Finn näher.

Hinter einer Tür entdeckte Finn das rote Seil.

Es duftete nach Blumen.

Plötzlich klopfte es.

Plötzlich fiel eine Sternschnuppe.

Ein Igel suchte Futter.

Am Ende waren alle glücklich.

Wer wagt, gewinnt."
790,Nora und das große Abenteuer,"Eines Abends hörte Nora auf dem bunten Markt ein seltsames Geräusch.

Es roch nach frischem Gras.

Mutig folgte Nora dem Klang.

Hinter einem Busch entdeckte Nora das alte Fernglas.

Ein Bach plätscherte leise.

Plötzlich fiel eine Sternschnuppe.

Plötzlich kam Wind auf.

Eine Katze hatte gespielt.

So war der Tag perfekt.

Geduld bringt Glück."
791,Emma und das Geheimnis,"Eines Abends hörte Emma am alten Brunnen ein seltsames Geräusch.

Vögel sangen lustig.

Neugierig ging Emma näher.

Hinter einem Stein entdeckte Emma das kleine Messer.

Der Himmel war blau.

Plötzlich quakte ein Frosch.

Plötzlich tanzte ein Schmetterling vorbei.

Es war nur die neugierige Katze.

Alle lachten und gingen heim.

Teilen macht Freude."
792,Mias schönster Tag,"Eines Abends hörte Mia auf dem Spielplatz ein seltsames Geräusch.

Der Himmel war blau.

Mutig folgte Mia dem Klang.

Hinter einem Zaun entdeckte Mia eine warme Decke.

Vögel sangen lustig.

Plötzlich summte eine Biene.

Plötzlich klopfte es.

Die Uhr hatte geschlagen.

Das Abenteuer blieb unvergessen.

Lachen hilft immer."
793,Anna und der Schatz,"Eines Abends hörte Anna am blauen Fluss ein seltsames Geräusch.

Ein Bach plätscherte leise.

Neugierig ging Anna näher.

Hinter einem Baum entdeckte Anna eine bunte Karte.

Es roch nach frischem Gras.

Plötzlich kam Wind auf.

Plötzlich summte eine Biene.

Der Hahn hatte gekräht.

Alle klatschten vor Freude.

Wahre Freunde helfen immer."
794,Milo und das Geheimnis,"Eines Abends hörte Milo auf der grünen Wiese ein seltsames Geräusch.

Es duftete nach Blumen.

Mutig folgte Milo dem Klang.

Hinter einer Mauer entdeckte Milo eine alte Münze.

Alles war still und friedlich.

Plötzlich raschelte es laut.

Plötzlich fiel ein Blatt.

Der Wind hatte eine Tür bewegt.

So endete das Abenteuer gut.

Mut wird belohnt."
795,Finn und der Plan,"Eines Abends hörte Finn bei der großen Eiche ein seltsames Geräusch.

Schmetterlinge flogen umher.

Neugierig ging Finn näher.

Hinter einer Tür entdeckte Finn das grüne Seil.

Die Sonne schien warm.

Plötzlich fiel ein Blatt.

Plötzlich bellte ein Hund.

Es war nur der Briefträger.

Alle gingen zufrieden heim.

Neugier führt zu Wundern."
796,Nora und die Reise,"Eines Abends hörte Nora im grünen Park ein seltsames Geräusch.

Die Sonne schien warm.

Mutig folgte Nora dem Klang.

Hinter einem Busch entdeckte Nora die kleine Laterne.

Schmetterlinge flogen umher.

Plötzlich tanzte ein Schmetterling vorbei.

Plötzlich quakte ein Frosch.

Ein Ast war gefallen.

So wurde aus Angst Mut.

Zusammen ist alles leichter."
797,Emma und der Fund,"Eines Abends hörte Emma im alten Wald ein seltsames Geräusch.

Alles war still und friedlich.

Neugierig ging Emma näher.

Hinter einem Stein entdeckte Emma die blaue Flasche.

Es duftete nach Blumen.

Plötzlich lachte jemand.

Plötzlich raschelte es laut.

Ein Igel suchte Futter.

Am Ende waren alle glücklich.

Wer wagt, gewinnt."
798,Mia und die Entdeckung,"Eines Abends hörte Mia im gelben Feld ein seltsames Geräusch.

Es roch nach frischem Gras.

Mutig folgte Mia dem Klang.

Hinter einem Zaun entdeckte Mia die gelbe Tasche.

Ein Bach plätscherte leise.

Plötzlich bellte ein Hund.

Plötzlich lachte jemand.

Eine Katze hatte gespielt.

So war der Tag perfekt.

Geduld bringt Glück."
799,Anna und der Ausflug,"Eines Abends hörte Anna in einem kleinen Dorf ein seltsames Geräusch.

Vögel sangen lustig.

Neugierig ging Anna näher.

Hinter einem Baum entdeckte Anna das rote Seil.

Der Himmel war blau.

Plötzlich klopfte es.

Plötzlich fiel eine Sternschnuppe.

Es war nur die neugierige Katze.

Alle lachten und gingen heim.

Teilen macht Freude."
800,Milo und der Wettkampf,"Eines Abends hörte Milo auf dem bunten Markt ein seltsames Geräusch.

Der Himmel war blau.

Mutig folgte Milo dem Klang.

Hinter einer Mauer entdeckte Milo das alte Fernglas.

Vögel sangen lustig.

Plötzlich fiel eine Sternschnuppe.

Plötzlich kam Wind auf.

Die Uhr hatte geschlagen.

Das Abenteuer blieb unvergessen.

Lachen hilft immer."
801,Finn und das Rätsel,"Eines Abends hörte Finn am alten Brunnen ein seltsames Geräusch.

Ein Bach plätscherte leise.

Neugierig ging Finn näher.

Hinter einer Tür entdeckte Finn das kleine Messer.

Es roch nach frischem Gras.

Plötzlich quakte ein Frosch.

Plötzlich tanzte ein Schmetterling vorbei.

Der Hahn hatte gekräht.

Alle klatschten vor Freude.

Wahre Freunde helfen immer."
802,Nora und die Überraschung,"Eines Abends hörte Nora auf dem Spielplatz ein seltsames Geräusch.

Es duftete nach Blumen.

Mutig folgte Nora dem Klang.

Hinter einem Busch entdeckte Nora eine warme Decke.

Alles war still und friedlich.

Plötzlich summte eine Biene.

Plötzlich klopfte es.

Der Wind hatte eine Tür bewegt.

So endete das Abenteuer gut.

Mut wird belohnt."
803,Emma und das große Abenteuer,"Eines Abends hörte Emma am blauen Fluss ein seltsames Geräusch.

Schmetterlinge flogen umher.

Neugierig ging Emma näher.

Hinter einem Stein entdeckte Emma eine bunte Karte.

Die Sonne schien warm.

Plötzlich kam Wind auf.

Plötzlich summte eine Biene.

Es war nur der Briefträger.

Alle gingen zufrieden heim.

Neugier führt zu Wundern."
804,Mia und das Geheimnis,"Eines Abends hörte Mia auf der grünen Wiese ein seltsames Geräusch.

Die Sonne schien warm.

Mutig folgte Mia dem Klang.

Hinter einem Zaun entdeckte Mia eine alte Münze.

Schmetterlinge flogen umher.

Plötzlich raschelte es laut.

Plötzlich fiel ein Blatt.

Ein Ast war gefallen.

So wurde aus Angst Mut.

Zusammen ist alles leichter."
805,Annas schönster Tag,"Eines Abends hörte Anna bei der großen Eiche ein seltsames Geräusch.

Alles war still und friedlich.

Neugierig ging Anna näher.

Hinter einem Baum entdeckte Anna das grüne Seil.

Es duftete nach Blumen.

Plötzlich fiel ein Blatt.

Plötzlich bellte ein Hund.

Ein Igel suchte Futter.

Am Ende waren alle glücklich.

Wer wagt, gewinnt."
806,Milo und der Schatz,"Eines Abends hörte Milo im grünen Park ein seltsames Geräusch.

Es roch nach frischem Gras.

Mutig folgte Milo dem Klang.

Hinter einer Mauer entdeckte Milo die kleine Laterne.

Ein Bach plätscherte leise.

Plötzlich tanzte ein Schmetterling vorbei.

Plötzlich quakte ein Frosch.

Eine Katze hatte gespielt.

So war der Tag perfekt.

Geduld bringt Glück."
807,Finn und das Geheimnis,"Eines Abends hörte Finn im alten Wald ein seltsames Geräusch.

Vögel sangen lustig.

Neugierig ging Finn näher.

Hinter einer Tür entdeckte Finn die blaue Flasche.

Der Himmel war blau.

Plötzlich lachte jemand.

Plötzlich raschelte es laut.

Es war nur die neugierige Katze.

Alle lachten und gingen heim.

Teilen macht Freude."
808,Nora und der Plan,"Eines Abends hörte Nora im gelben Feld ein seltsames Geräusch.

Der Himmel war blau.

Mutig folgte Nora dem Klang.

Hinter einem Busch entdeckte Nora die gelbe Tasche.

Vögel sangen lustig.

Plötzlich bellte ein Hund.

Plötzlich lachte jemand.

Die Uhr hatte geschlagen.

Das Abenteuer blieb unvergessen.

Lachen hilft immer."
809,Emma und die Reise,"Eines Abends hörte Emma in einem kleinen Dorf ein seltsames Geräusch.

Ein Bach plätscherte leise.

Neugierig ging Emma näher.

Hinter einem Stein entdeckte Emma das rote Seil.

Es roch nach frischem Gras.

Plötzlich klopfte es.

Plötzlich fiel eine Sternschnuppe.

Der Hahn hatte gekräht.

Alle klatschten vor Freude.

Wahre Freunde helfen immer."
810,Mia und der Fund,"Eines Abends hörte Mia auf dem bunten Markt ein seltsames Geräusch.

Es duftete nach Blumen.

Mutig folgte Mia dem Klang.

Hinter einem Zaun entdeckte Mia das alte Fernglas.

Alles war still und friedlich.

Plötzlich fiel eine Sternschnuppe.

Plötzlich kam Wind auf.

Der Wind hatte eine Tür bewegt.

So endete das Abenteuer gut.

Mut wird belohnt."
811,Anna und die Entdeckung,"Eines Abends hörte Anna am alten Brunnen ein seltsames Geräusch.

Schmetterlinge flogen umher.

Neugierig ging Anna näher.

Hinter einem Baum entdeckte Anna das kleine Messer.

Die Sonne schien warm.

Plötzlich quakte ein Frosch.

Plötzlich tanzte ein Schmetterling vorbei.

Es war nur der Briefträger.

Alle gingen zufrieden heim.

Neugier führt zu Wundern."
812,Milo und der Ausflug,"Eines Abends hörte Milo auf dem Spielplatz ein seltsames Geräusch.

Die Sonne schien warm.

Mutig folgte Milo dem Klang.

Hinter einer Mauer entdeckte Milo eine warme Decke.

Schmetterlinge flogen umher.

Plötzlich summte eine Biene.

Plötzlich klopfte es.

Ein Ast war gefallen.

So wurde aus Angst Mut.

Zusammen ist alles leichter."
813,Finn und der Wettkampf,"Eines Abends hörte Finn am blauen Fluss ein seltsames Geräusch.

Alles war still und friedlich.

Neugierig ging Finn näher.

Hinter einer Tür entdeckte Finn eine bunte Karte.

Es duftete nach Blumen.

Plötzlich kam Wind auf.

Plötzlich summte eine Biene.

Ein Igel suchte Futter.

Am Ende waren alle glücklich.

Wer wagt, gewinnt."
814,Nora und das Rätsel,"Eines Abends hörte Nora auf der grünen Wiese ein seltsames Geräusch.

Es roch nach frischem Gras.

Mutig folgte Nora dem Klang.

Hinter einem Busch entdeckte Nora eine alte Münze.

Ein Bach plätscherte leise.

Plötzlich raschelte es laut.

Plötzlich fiel ein Blatt.

Eine Katze hatte gespielt.

So war der Tag perfekt.

Geduld bringt Glück."
815,Emma und die Überraschung,"Eines Abends hörte Emma bei der großen Eiche ein seltsames Geräusch.

Vögel sangen lustig.

Neugierig ging Emma näher.

Hinter einem Stein entdeckte Emma das grüne Seil.

Der Himmel war blau.

Plötzlich fiel ein Blatt.

Plötzlich bellte ein Hund.

Es war nur die neugierige Katze.

Alle lachten und gingen heim.

Teilen macht Freude."
816,Mia und das große Abenteuer,"Eines Abends hörte Mia im grünen Park ein seltsames Geräusch.

Der Himmel war blau.

Mutig folgte Mia dem Klang.

Hinter einem Zaun entdeckte Mia die kleine Laterne.

Vögel sangen lustig.

Plötzlich tanzte ein Schmetterling vorbei.

Plötzlich quakte ein Frosch.

Die Uhr hatte geschlagen.

Das Abenteuer blieb unvergessen.

Lachen hilft immer."
817,Anna und das Geheimnis,"Eines Abends hörte Anna im alten Wald ein seltsames Geräusch.

Ein Bach plätscherte leise.

Neugierig ging Anna näher.

Hinter einem Baum entdeckte Anna die blaue Flasche.

Es roch nach frischem Gras.

Plötzlich lachte jemand.

Plötzlich raschelte es laut.

Der Hahn hatte gekräht.

Alle klatschten vor Freude.

Wahre Freunde helfen immer."
818,Milos schönster Tag,"Eines Abends hörte Milo im gelben Feld ein seltsames Geräusch.

Es duftete nach Blumen.

Mutig folgte Milo dem Klang.

Hinter einer Mauer entdeckte Milo die gelbe Tasche.

Alles war still und friedlich.

Plötzlich bellte ein Hund.

Plötzlich lachte jemand.

Der Wind hatte eine Tür bewegt.

So endete das Abenteuer gut.

Mut wird belohnt."
819,Finn und der Schatz,"Eines Abends hörte Finn in einem kleinen Dorf ein seltsames Geräusch.

Schmetterlinge flogen umher.

Neugierig ging Finn näher.

Hinter einer Tür entdeckte Finn das rote Seil.

Die Sonne schien warm.

Plötzlich klopfte es.

Plötzlich fiel eine Sternschnuppe.

Es war nur der Briefträger.

Alle gingen zufrieden heim.

Neugier führt zu Wundern."
820,Nora und das Geheimnis,"Eines Abends hörte Nora auf dem bunten Markt ein seltsames Geräusch.

Die Sonne schien warm.

Mutig folgte Nora dem Klang.

Hinter einem Busch entdeckte Nora das alte Fernglas.

Schmetterlinge flogen umher.

Plötzlich fiel eine Sternschnuppe.

Plötzlich kam Wind auf.

Ein Ast war gefallen.

So wurde aus Angst Mut.

Zusammen ist alles leichter."
821,Nora und der Plan,"Eines Abends hörte Nora im alten Wald ein seltsames Geräusch.

Vögel sangen lustig.

Mutig folgte Nora dem Klang.

Hinter einer Tür entdeckte Nora eine bunte Karte.

Es roch nach frischem Gras.

Plötzlich kam Wind auf.

Plötzlich tanzte ein Schmetterling vorbei.

Es war nur die neugierige Katze.

Alle klatschten vor Freude.

Wer wagt, gewinnt."
822,Emma und die Reise,"Eines Abends hörte Emma im gelben Feld ein seltsames Geräusch.

Der Himmel war blau.

Neugierig ging Emma näher.

Hinter einem Busch entdeckte Emma eine alte Münze.

Alles war still und friedlich.

Plötzlich raschelte es laut.

Plötzlich klopfte es.

Die Uhr hatte geschlagen.

So endete das Abenteuer gut.

Geduld bringt Glück."
823,Mia und der Fund,"Eines Abends hörte Mia in einem kleinen Dorf ein seltsames Geräusch.

Ein Bach plätscherte leise.

Mutig folgte Mia dem Klang.

Hinter einem Stein entdeckte Mia das grüne Seil.

Die Sonne schien warm.

Plötzlich fiel ein Blatt.

Plötzlich summte eine Biene.

Der Hahn hatte gekräht.

Alle gingen zufrieden heim.

Teilen macht Freude."
824,Anna und die Entdeckung,"Eines Abends hörte Anna auf dem bunten Markt ein seltsames Geräusch.

Es duftete nach Blumen.

Neugierig ging Anna näher.

Hinter einem Zaun entdeckte Anna die kleine Laterne.

Schmetterlinge flogen umher.

Plötzlich tanzte ein Schmetterling vorbei.

Plötzlich fiel ein Blatt.

Der Wind hatte eine Tür bewegt.

So wurde aus Angst Mut.

Lachen hilft immer."
825,Milo und der Ausflug,"Eines Abends hörte Milo am alten Brunnen ein seltsames Geräusch.

Schmetterlinge flogen umher.

Mutig folgte Milo dem Klang.

Hinter einem Baum entdeckte Milo die blaue Flasche.

Es duftete nach Blumen.

Plötzlich lachte jemand.

Plötzlich bellte ein Hund.

Es war nur der Briefträger.

Am Ende waren alle glücklich.

Wahre Freunde helfen immer."
826,Finn und der Wettkampf,"Eines Abends hörte Finn auf dem Spielplatz ein seltsames Geräusch.

Die Sonne schien warm.

Neugierig ging Finn näher.

Hinter einer Mauer entdeckte Finn die gelbe Tasche.

Ein Bach plätscherte leise.

Plötzlich bellte ein Hund.

Plötzlich quakte ein Frosch.

Ein Ast war gefallen.

So war der Tag perfekt.

Mut wird belohnt."
827,Nora und das Rätsel,"Eines Abends hörte Nora am blauen Fluss ein seltsames Geräusch.

Alles war still und friedlich.

Mutig folgte Nora dem Klang.

Hinter einer Tür entdeckte Nora das rote Seil.

Der Himmel war blau.

Plötzlich klopfte es.

Plötzlich raschelte es laut.

Ein Igel suchte Futter.

Alle lachten und gingen heim.

Neugier führt zu Wundern."
828,Emma und die Überraschung,"Eines Abends hörte Emma auf der grünen Wiese ein seltsames Geräusch.

Es roch nach frischem Gras.

Neugierig ging Emma näher.

Hinter einem Busch entdeckte Emma das alte Fernglas.

Vögel sangen lustig.

Plötzlich fiel eine Sternschnuppe.

Plötzlich lachte jemand.

Eine Katze hatte gespielt.

Das Abenteuer blieb unvergessen.

Zusammen ist alles leichter."
829,Mia und das große Abenteuer,"Eines Abends hörte Mia bei der großen Eiche ein seltsames Geräusch.

Vögel sangen lustig.

Mutig folgte Mia dem Klang.

Hinter einem Stein entdeckte Mia das kleine Messer.

Es roch nach frischem Gras.

Plötzlich quakte ein Frosch.

Plötzlich fiel eine Sternschnuppe.

Es war nur die neugierige Katze.

Alle klatschten vor Freude.

Wer wagt, gewinnt."
830,Anna und das Geheimnis,"Eines Abends hörte Anna im grünen Park ein seltsames Geräusch.

Der Himmel war blau.

Neugierig ging Anna näher.

Hinter einem Zaun entdeckte Anna eine warme Decke.

Alles war still und friedlich.

Plötzlich summte eine Biene.

Plötzlich kam Wind auf.

Die Uhr hatte geschlagen.

So endete das Abenteuer gut.

Geduld bringt Glück."
831,Milos schönster Tag,"Eines Abends hörte Milo im alten Wald ein seltsames Geräusch.

Ein Bach plätscherte leise.

Mutig folgte Milo dem Klang.

Hinter einem Baum entdeckte Milo eine bunte Karte.

Die Sonne schien warm.

Plötzlich kam Wind auf.

Plötzlich tanzte ein Schmetterling vorbei.

Der Hahn hatte gekräht.

Alle gingen zufrieden heim.

Teilen macht Freude."
832,Finn und der Schatz,"Eines Abends hörte Finn im gelben Feld ein seltsames Geräusch.

Es duftete nach Blumen.

Neugierig ging Finn näher.

Hinter einer Mauer entdeckte Finn eine alte Münze.

Schmetterlinge flogen umher.

Plötzlich raschelte es laut.

Plötzlich klopfte es.

Der Wind hatte eine Tür bewegt.

So wurde aus Angst Mut.

Lachen hilft immer."
833,Nora und das Geheimnis,"Eines Abends hörte Nora in einem kleinen Dorf ein seltsames Geräusch.

Schmetterlinge flogen umher.

Mutig folgte Nora dem Klang.

Hinter einer Tür entdeckte Nora das grüne Seil.

Es duftete nach Blumen.

Plötzlich fiel ein Blatt.

Plötzlich summte eine Biene.

Es war nur der Briefträger.

Am Ende waren alle glücklich.

Wahre Freunde helfen immer."
834,Emma und der Plan,"Eines Abends hörte Emma auf dem bunten Markt ein seltsames Geräusch.

Die Sonne schien warm.

Neugierig ging Emma näher.

Hinter einem Busch entdeckte Emma die kleine Laterne.

Ein Bach plätscherte leise.

Plötzlich tanzte ein Schmetterling vorbei.

Plötzlich fiel ein Blatt.

Ein Ast war gefallen.

So war der Tag perfekt.

Mut wird belohnt."
835,Mia und die Reise,"Eines Abends hörte Mia am alten Brunnen ein seltsames Geräusch.

Alles war still und friedlich.

Mutig folgte Mia dem Klang.

Hinter einem Stein entdeckte Mia die blaue Flasche.

Der Himmel war blau.

Plötzlich lachte jemand.

Plötzlich bellte ein Hund.

Ein Igel suchte Futter.

Alle lachten und gingen heim.

Neugier führt zu Wundern."
836,Anna und der Fund,"Eines Abends hörte Anna auf dem Spielplatz ein seltsames Geräusch.

Es roch nach frischem Gras.

Neugierig ging Anna näher.

Hinter einem Zaun entdeckte Anna die gelbe Tasche.

Vögel sangen lustig.

Plötzlich bellte ein Hund.

Plötzlich quakte ein Frosch.

Eine Katze hatte gespielt.

Das Abenteuer blieb unvergessen.

Zusammen ist alles leichter."
837,Milo und die Entdeckung,"Eines Abends hörte Milo am blauen Fluss ein seltsames Geräusch.

Vögel sangen lustig.

Mutig folgte Milo dem Klang.

Hinter einem Baum entdeckte Milo das rote Seil.

Es roch nach frischem Gras.

Plötzlich klopfte es.

Plötzlich raschelte es laut.

Es war nur die neugierige Katze.

Alle klatschten vor Freude.

Wer wagt, gewinnt."
838,Finn und der Ausflug,"Eines Abends hörte Finn auf der grünen Wiese ein seltsames Geräusch.

Der Himmel war blau.

Neugierig ging Finn näher.

Hinter einer Mauer entdeckte Finn das alte Fernglas.

Alles war still und friedlich.

Plötzlich fiel eine Sternschnuppe.

Plötzlich lachte jemand.

Die Uhr hatte geschlagen.

So endete das Abenteuer gut.

Geduld bringt Glück."
839,Nora und der Wettkampf,"Eines Abends hörte Nora bei der großen Eiche ein seltsames Geräusch.

Ein Bach plätscherte leise.

Mutig folgte Nora dem Klang.

Hinter einer Tür entdeckte Nora das kleine Messer.

Die Sonne schien warm.

Plötzlich quakte ein Frosch.

Plötzlich fiel eine Sternschnuppe.

Der Hahn hatte gekräht.

Alle gingen zufrieden heim.

Teilen macht Freude."
840,Emma und das Rätsel,"Eines Abends hörte Emma im grünen Park ein seltsames Geräusch.

Es duftete nach Blumen.

Neugierig ging Emma näher.

Hinter einem Busch entdeckte Emma eine warme Decke.

Schmetterlinge flogen umher.

Plötzlich summte eine Biene.

Plötzlich kam Wind auf.

Der Wind hatte eine Tür bewegt.

So wurde aus Angst Mut.

Lachen hilft immer."
841,Mia und die Überraschung,"Eines Abends hörte Mia im alten Wald ein seltsames Geräusch.

Schmetterlinge flogen umher.

Mutig folgte Mia dem Klang.

Hinter einem Stein entdeckte Mia eine bunte Karte.

Es duftete nach Blumen.

Plötzlich kam Wind auf.

Plötzlich tanzte ein Schmetterling vorbei.

Es war nur der Briefträger.

Am Ende waren alle glücklich.

Wahre Freunde helfen immer."
842,Anna und das große Abenteuer,"Eines Abends hörte Anna im gelben Feld ein seltsames Geräusch.

Die Sonne schien warm.

Neugierig ging Anna näher.

Hinter einem Zaun entdeckte Anna eine alte Münze.

Ein Bach plätscherte leise.

Plötzlich raschelte es laut.

Plötzlich klopfte es.

Ein Ast war gefallen.

So war der Tag perfekt.

Mut wird belohnt."
843,Milo und das Geheimnis,"Eines Abends hörte Milo in einem kleinen Dorf ein seltsames Geräusch.

Alles war still und friedlich.

Mutig folgte Milo dem Klang.

Hinter einem Baum entdeckte Milo das grüne Seil.

Der Himmel war blau.

Plötzlich fiel ein Blatt.

Plötzlich summte eine Biene.

Ein Igel suchte Futter.

Alle lachten und gingen heim.

Neugier führt zu Wundern."
844,Finns schönster Tag,"Eines Abends hörte Finn auf dem bunten Markt ein seltsames Geräusch.

Es roch nach frischem Gras.

Neugierig ging Finn näher.

Hinter einer Mauer entdeckte Finn die kleine Laterne.

Vögel sangen lustig.

Plötzlich tanzte ein Schmetterling vorbei.

Plötzlich fiel ein Blatt.

Eine Katze hatte gespielt.

Das Abenteuer blieb unvergessen.

Zusammen ist alles leichter."
845,Nora und der Schatz,"Eines Abends hörte Nora am alten Brunnen ein seltsames Geräusch.

Vögel sangen lustig.

Mutig folgte Nora dem Klang.

Hinter einer Tür entdeckte Nora die blaue Flasche.

Es roch nach frischem Gras.

Plötzlich lachte jemand.

Plötzlich bellte ein Hund.

Es war nur die neugierige Katze.

Alle klatschten vor Freude.

Wer wagt, gewinnt."
846,Emma und das Geheimnis,"Eines Abends hörte Emma auf dem Spielplatz ein seltsames Geräusch.

Der Himmel war blau.

Neugierig ging Emma näher.

Hinter einem Busch entdeckte Emma die gelbe Tasche.

Alles war still und friedlich.

Plötzlich bellte ein Hund.

Plötzlich quakte ein Frosch.

Die Uhr hatte geschlagen.

So endete das Abenteuer gut.

Geduld bringt Glück."
847,Mia und der Plan,"Eines Abends hörte Mia am blauen Fluss ein seltsames Geräusch.

Ein Bach plätscherte leise.

Mutig folgte Mia dem Klang.

Hinter einem Stein entdeckte Mia das rote Seil.

Die Sonne schien warm.

Plötzlich klopfte es.

Plötzlich raschelte es laut.

Der Hahn hatte gekräht.

Alle gingen zufrieden heim.

Teilen macht Freude."
848,Anna und die Reise,"Eines Abends hörte Anna auf der grünen Wiese ein seltsames Geräusch.

Es duftete nach Blumen.

Neugierig ging Anna näher.

Hinter einem Zaun entdeckte Anna das alte Fernglas.

Schmetterlinge flogen umher.

Plötzlich fiel eine Sternschnuppe.

Plötzlich lachte jemand.

Der Wind hatte eine Tür bewegt.

So wurde aus Angst Mut.

Lachen hilft immer."
849,Milo und der Fund,"Eines Abends hörte Milo bei der großen Eiche ein seltsames Geräusch.

Schmetterlinge flogen umher.

Mutig folgte Milo dem Klang.

Hinter einem Baum entdeckte Milo das kleine Messer.

Es duftete nach Blumen.

Plötzlich quakte ein Frosch.

Plötzlich fiel eine Sternschnuppe.

Es war nur der Briefträger.

Am Ende waren alle glücklich.

Wahre Freunde helfen immer."
850,Finn und die Entdeckung,"Eines Abends hörte Finn im grünen Park ein seltsames Geräusch.

Die Sonne schien warm.

Neugierig ging Finn näher.

Hinter einer Mauer entdeckte Finn eine warme Decke.

Ein Bach plätscherte leise.

Plötzlich summte eine Biene.

Plötzlich kam Wind auf.

Ein Ast war gefallen.

So war der Tag perfekt.

Mut wird belohnt."
851,Nora und der Ausflug,"Eines Abends hörte Nora im alten Wald ein seltsames Geräusch.

Alles war still und friedlich.

Mutig folgte Nora dem Klang.

Hinter einer Tür entdeckte Nora eine bunte Karte.

Der Himmel war blau.

Plötzlich kam Wind auf.

Plötzlich tanzte ein Schmetterling vorbei.

Ein Igel suchte Futter.

Alle lachten und gingen heim.

Neugier führt zu Wundern."
852,Emma und der Wettkampf,"Eines Abends hörte Emma im gelben Feld ein seltsames Geräusch.

Es roch nach frischem Gras.

Neugierig ging Emma näher.

Hinter einem Busch entdeckte Emma eine alte Münze.

Vögel sangen lustig.

Plötzlich raschelte es laut.

Plötzlich klopfte es.

Eine Katze hatte gespielt.

Das Abenteuer blieb unvergessen.

Zusammen ist alles leichter."
853,Mia und das Rätsel,"Eines Abends hörte Mia in einem kleinen Dorf ein seltsames Geräusch.

Vögel sangen lustig.

Mutig folgte Mia dem Klang.

Hinter einem Stein entdeckte Mia das grüne Seil.

Es roch nach frischem Gras.

Plötzlich fiel ein Blatt.

Plötzlich summte eine Biene.

Es war nur die neugierige Katze.

Alle klatschten vor Freude.

Wer wagt, gewinnt."
854,Anna und die Überraschung,"Eines Abends hörte Anna auf dem bunten Markt ein seltsames Geräusch.

Der Himmel war blau.

Neugierig ging Anna näher.

Hinter einem Zaun entdeckte Anna die kleine Laterne.

Alles war still und friedlich.

Plötzlich tanzte ein Schmetterling vorbei.

Plötzlich fiel ein Blatt.

Die Uhr hatte geschlagen.

So endete das Abenteuer gut.

Geduld bringt Glück."
855,Milo und das große Abenteuer,"Eines Abends hörte Milo am alten Brunnen ein seltsames Geräusch.

Ein Bach plätscherte leise.

Mutig folgte Milo dem Klang.

Hinter einem Baum entdeckte Milo die blaue Flasche.

Die Sonne schien warm.

Plötzlich lachte jemand.

Plötzlich bellte ein Hund.

Der Hahn hatte gekräht.

Alle gingen zufrieden heim.

Teilen macht Freude."
856,Finn und das Geheimnis,"Eines Abends hörte Finn auf dem Spielplatz ein seltsames Geräusch.

Es duftete nach Blumen.

Neugierig ging Finn näher.

Hinter einer Mauer entdeckte Finn die gelbe Tasche.

Schmetterlinge flogen umher.

Plötzlich bellte ein Hund.

Plötzlich quakte ein Frosch.

Der Wind hatte eine Tür bewegt.

So wurde aus Angst Mut.

Lachen hilft immer."
857,Noras schönster Tag,"Eines Abends hörte Nora am blauen Fluss ein seltsames Geräusch.

Schmetterlinge flogen umher.

Mutig folgte Nora dem Klang.

Hinter einer Tür entdeckte Nora das rote Seil.

Es duftete nach Blumen.

Plötzlich klopfte es.

Plötzlich raschelte es laut.

Es war nur der Briefträger.

Am Ende waren alle glücklich.

Wahre Freunde helfen immer."
858,Emma und der Schatz,"Eines Abends hörte Emma auf der grünen Wiese ein seltsames Geräusch.

Die Sonne schien warm.

Neugierig ging Emma näher.

Hinter einem Busch entdeckte Emma das alte Fernglas.

Ein Bach plätscherte leise.

Plötzlich fiel eine Sternschnuppe.

Plötzlich lachte jemand.

Ein Ast war gefallen.

So war der Tag perfekt.

Mut wird belohnt."
859,Mia und das Geheimnis,"Eines Abends hörte Mia bei der großen Eiche ein seltsames Geräusch.

Alles war still und friedlich.

Mutig folgte Mia dem Klang.

Hinter einem Stein entdeckte Mia das kleine Messer.

Der Himmel war blau.

Plötzlich quakte ein Frosch.

Plötzlich fiel eine Sternschnuppe.

Ein Igel suchte Futter.

Alle lachten und gingen heim.

Neugier führt zu Wundern."
860,Anna und der Plan,"Eines Abends hörte Anna im grünen Park ein seltsames Geräusch.

Es roch nach frischem Gras.

Neugierig ging Anna näher.

Hinter einem Zaun entdeckte Anna eine warme Decke.

Vögel sangen lustig.

Plötzlich summte eine Biene.

Plötzlich kam Wind auf.

Eine Katze hatte gespielt.

Das Abenteuer blieb unvergessen.

Zusammen ist alles leichter."
861,Milo und die Reise,"Eines Abends hörte Milo im alten Wald ein seltsames Geräusch.

Vögel sangen lustig.

Mutig folgte Milo dem Klang.

Hinter einem Baum entdeckte Milo eine bunte Karte.

Es roch nach frischem Gras.

Plötzlich kam Wind auf.

Plötzlich tanzte ein Schmetterling vorbei.

Es war nur die neugierige Katze.

Alle klatschten vor Freude.

Wer wagt, gewinnt."
862,Finn und der Fund,"Eines Abends hörte Finn im gelben Feld ein seltsames Geräusch.

Der Himmel war blau.

Neugierig ging Finn näher.

Hinter einer Mauer entdeckte Finn eine alte Münze.

Alles war still und friedlich.

Plötzlich raschelte es laut.

Plötzlich klopfte es.

Die Uhr hatte geschlagen.

So endete das Abenteuer gut.

Geduld bringt Glück."
863,Nora und die Entdeckung,"Eines Abends hörte Nora in einem kleinen Dorf ein seltsames Geräusch.

Ein Bach plätscherte leise.

Mutig folgte Nora dem Klang.

Hinter einer Tür entdeckte Nora das grüne Seil.

Die Sonne schien warm.

Plötzlich fiel ein Blatt.

Plötzlich summte eine Biene.

Der Hahn hatte gekräht.

Alle gingen zufrieden heim.

Teilen macht Freude."
864,Emma und der Ausflug,"Eines Abends hörte Emma auf dem bunten Markt ein seltsames Geräusch.

Es duftete nach Blumen.

Neugierig ging Emma näher.

Hinter einem Busch entdeckte Emma die kleine Laterne.

Schmetterlinge flogen umher.

Plötzlich tanzte ein Schmetterling vorbei.

Plötzlich fiel ein Blatt.

Der Wind hatte eine Tür bewegt.

So wurde aus Angst Mut.

Lachen hilft immer."
865,Mia und der Wettkampf,"Eines Abends hörte Mia am alten Brunnen ein seltsames Geräusch.

Schmetterlinge flogen umher.

Mutig folgte Mia dem Klang.

Hinter einem Stein entdeckte Mia die blaue Flasche.

Es duftete nach Blumen.

Plötzlich lachte jemand.

Plötzlich bellte ein Hund.

Es war nur der Briefträger.

Am Ende waren alle glücklich.

Wahre Freunde helfen immer."
866,Anna und das Rätsel,"Eines Abends hörte Anna auf dem Spielplatz ein seltsames Geräusch.

Die Sonne schien warm.

Neugierig ging Anna näher.

Hinter einem Zaun entdeckte Anna die gelbe Tasche.

Ein Bach plätscherte leise.

Plötzlich bellte ein Hund.

Plötzlich quakte ein Frosch.

Ein Ast war gefallen.

So war der Tag perfekt.

Mut wird belohnt."
867,Milo und die Überraschung,"Eines Abends hörte Milo am blauen Fluss ein seltsames Geräusch.

Alles war still und friedlich.

Mutig folgte Milo dem Klang.

Hinter einem Baum entdeckte Milo das rote Seil.

Der Himmel war blau.

Plötzlich klopfte es.

Plötzlich raschelte es laut.

Ein Igel suchte Futter.

Alle lachten und gingen heim.

Neugier führt zu Wundern."
868,Finn und das große Abenteuer,"Eines Abends hörte Finn auf der grünen Wiese ein seltsames Geräusch.

Es roch nach frischem Gras.

Neugierig ging Finn näher.

Hinter einer Mauer entdeckte Finn das alte Fernglas.

Vögel sangen lustig.

Plötzlich fiel eine Sternschnuppe.

Plötzlich lachte jemand.

Eine Katze hatte gespielt.

Das Abenteuer blieb unvergessen.

Zusammen ist alles leichter."
869,Nora und das Geheimnis,"Eines Abends hörte Nora bei der großen Eiche ein seltsames Geräusch.

Vögel sangen lustig.

Mutig folgte Nora dem Klang.

Hinter einer Tür entdeckte Nora das kleine Messer.

Es roch nach frischem Gras.

Plötzlich quakte ein Frosch.

Plötzlich fiel eine Sternschnuppe.

Es war nur die neugierige Katze.

Alle klatschten vor Freude.

Wer wagt, gewinnt."
870,Emmas schönster Tag,"Eines Abends hörte Emma im grünen Park ein seltsames Geräusch.

Der Himmel war blau.

Neugierig ging Emma näher.

Hinter einem Busch entdeckte Emma eine warme Decke.

Alles war still und friedlich.

Plötzlich summte eine Biene.

Plötzlich kam Wind auf.

Die Uhr hatte geschlagen.

So endete das Abenteuer gut.

Geduld bringt Glück."
871,Mia und der Schatz,"Eines Abends hörte Mia im alten Wald ein seltsames Geräusch.

Ein Bach plätscherte leise.

Mutig folgte Mia dem Klang.

Hinter einem Stein entdeckte Mia eine bunte Karte.

Die Sonne schien warm.

Plötzlich kam Wind auf.

Plötzlich tanzte ein Schmetterling vorbei.

Der Hahn hatte gekräht.

Alle gingen zufrieden heim.

Teilen macht Freude."
872,Anna und das Geheimnis,"Eines Abends hörte Anna im gelben Feld ein seltsames Geräusch.

Es duftete nach Blumen.

Neugierig ging Anna näher.

Hinter einem Zaun entdeckte Anna eine alte Münze.

Schmetterlinge flogen umher.

Plötzlich raschelte es laut.

Plötzlich klopfte es.

Der Wind hatte eine Tür bewegt.

So wurde aus Angst Mut.

Lachen hilft immer."
873,Milo und der Plan,"Eines Abends hörte Milo in einem kleinen Dorf ein seltsames Geräusch.

Schmetterlinge flogen umher.

Mutig folgte Milo dem Klang.

Hinter einem Baum entdeckte Milo das grüne Seil.

Es duftete nach Blumen.

Plötzlich fiel ein Blatt.

Plötzlich summte eine Biene.

Es war nur der Briefträger.

Am Ende waren alle glücklich.

Wahre Freunde helfen immer."
874,Finn und die Reise,"Eines Abends hörte Finn auf dem bunten Markt ein seltsames Geräusch.

Die Sonne schien warm.

Neugierig ging Finn näher.

Hinter einer Mauer entdeckte Finn die kleine Laterne.

Ein Bach plätscherte leise.

Plötzlich tanzte ein Schmetterling vorbei.

Plötzlich fiel ein Blatt.

Ein Ast war gefallen.

So war der Tag perfekt.

Mut wird belohnt."
875,Nora und der Fund,"Eines Abends hörte Nora am alten Brunnen ein seltsames Geräusch.

Alles war still und friedlich.

Mutig folgte Nora dem Klang.

Hinter einer Tür entdeckte Nora die blaue Flasche.

Der Himmel war blau.

Plötzlich lachte jemand.

Plötzlich bellte ein Hund.

Ein Igel suchte Futter.

Alle lachten und gingen heim.

Neugier führt zu Wundern."
876,Emma und die Entdeckung,"Eines Abends hörte Emma auf dem Spielplatz ein seltsames Geräusch.

Es roch nach frischem Gras.

Neugierig ging Emma näher.

Hinter einem Busch entdeckte Emma die gelbe Tasche.

Vögel sangen lustig.

Plötzlich bellte ein Hund.

Plötzlich quakte ein Frosch.

Eine Katze hatte gespielt.

Das Abenteuer blieb unvergessen.

Zusammen ist alles leichter."
877,Mia und der Ausflug,"Eines Abends hörte Mia am blauen Fluss ein seltsames Geräusch.

Vögel sangen lustig.

Mutig folgte Mia dem Klang.

Hinter einem Stein entdeckte Mia das rote Seil.

Es roch nach frischem Gras.

Plötzlich klopfte es.

Plötzlich raschelte es laut.

Es war nur die neugierige Katze.

Alle klatschten vor Freude.

Wer wagt, gewinnt."
878,Anna und der Wettkampf,"Eines Abends hörte Anna auf der grünen Wiese ein seltsames Geräusch.

Der Himmel war blau.

Neugierig ging Anna näher.

Hinter einem Zaun entdeckte Anna das alte Fernglas.

Alles war still und friedlich.

Plötzlich fiel eine Sternschnuppe.

Plötzlich lachte jemand.

Die Uhr hatte geschlagen.

So endete das Abenteuer gut.

Geduld bringt Glück."
879,Milo und das Rätsel,"Eines Abends hörte Milo bei der großen Eiche ein seltsames Geräusch.

Ein Bach plätscherte leise.

Mutig folgte Milo dem Klang.

Hinter einem Baum entdeckte Milo das kleine Messer.

Die Sonne schien warm.

Plötzlich quakte ein Frosch.

Plötzlich fiel eine Sternschnuppe.

Der Hahn hatte gekräht.

Alle gingen zufrieden heim.

Teilen macht Freude."
880,Finn und die Überraschung,"Eines Abends hörte Finn im grünen Park ein seltsames Geräusch.

Es duftete nach Blumen.

Neugierig ging Finn näher.

Hinter einer Mauer entdeckte Finn eine warme Decke.

Schmetterlinge flogen umher.

Plötzlich summte eine Biene.

Plötzlich kam Wind auf.

Der Wind hatte eine Tür bewegt.

So wurde aus Angst Mut.

Lachen hilft immer."
881,Nora und das große Abenteuer,"Eines Abends hörte Nora im alten Wald ein seltsames Geräusch.

Schmetterlinge flogen umher.

Mutig folgte Nora dem Klang.

Hinter einer Tür entdeckte Nora eine bunte Karte.

Es duftete nach Blumen.

Plötzlich kam Wind auf.

Plötzlich tanzte ein Schmetterling vorbei.

Es war nur der Briefträger.

Am Ende waren alle glücklich.

Wahre Freunde helfen immer."
882,Emma und das Geheimnis,"Eines Abends hörte Emma im gelben Feld ein seltsames Geräusch.

Die Sonne schien warm.

Neugierig ging Emma näher.

Hinter einem Busch entdeckte Emma eine alte Münze.

Ein Bach plätscherte leise.

Plötzlich raschelte es laut.

Plötzlich klopfte es.

Ein Ast war gefallen.

So war der Tag perfekt.

Mut wird belohnt."
883,Mias schönster Tag,"Eines Abends hörte Mia in einem kleinen Dorf ein seltsames Geräusch.

Alles war still und friedlich.

Mutig folgte Mia dem Klang.

Hinter einem Stein entdeckte Mia das grüne Seil.

Der Himmel war blau.

Plötzlich fiel ein Blatt.

Plötzlich summte eine Biene.

Ein Igel suchte Futter.

Alle lachten und gingen heim.

Neugier führt zu Wundern."
884,Anna und der Schatz,"Eines Abends hörte Anna auf dem bunten Markt ein seltsames Geräusch.

Es roch nach frischem Gras.

Neugierig ging Anna näher.

Hinter einem Zaun entdeckte Anna die kleine Laterne.

Vögel sangen lustig.

Plötzlich tanzte ein Schmetterling vorbei.

Plötzlich fiel ein Blatt.

Eine Katze hatte gespielt.

Das Abenteuer blieb unvergessen.

Zusammen ist alles leichter."
885,Milo und das Geheimnis,"Eines Abends hörte Milo am alten Brunnen ein seltsames Geräusch.

Vögel sangen lustig.

Mutig folgte Milo dem Klang.

Hinter einem Baum entdeckte Milo die blaue Flasche.

Es roch nach frischem Gras.

Plötzlich lachte jemand.

Plötzlich bellte ein Hund.

Es war nur die neugierige Katze.

Alle klatschten vor Freude.

Wer wagt, gewinnt."
886,Finn und der Plan,"Eines Abends hörte Finn auf dem Spielplatz ein seltsames Geräusch.

Der Himmel war blau.

Neugierig ging Finn näher.

Hinter einer Mauer entdeckte Finn die gelbe Tasche.

Alles war still und friedlich.

Plötzlich bellte ein Hund.

Plötzlich quakte ein Frosch.

Die Uhr hatte geschlagen.

So endete das Abenteuer gut.

Geduld bringt Glück."
887,Nora und die Reise,"Eines Abends hörte Nora am blauen Fluss ein seltsames Geräusch.

Ein Bach plätscherte leise.

Mutig folgte Nora dem Klang.

Hinter einer Tür entdeckte Nora das rote Seil.

Die Sonne schien warm.

Plötzlich klopfte es.

Plötzlich raschelte es laut.

Der Hahn hatte gekräht.

Alle gingen zufrieden heim.

Teilen macht Freude."
888,Emma und der Fund,"Eines Abends hörte Emma auf der grünen Wiese ein seltsames Geräusch.

Es duftete nach Blumen.

Neugierig ging Emma näher.

Hinter einem Busch entdeckte Emma das alte Fernglas.

Schmetterlinge flogen umher.

Plötzlich fiel eine Sternschnuppe.

Plötzlich lachte jemand.

Der Wind hatte eine Tür bewegt.

So wurde aus Angst Mut.

Lachen hilft immer."
889,Mia und die Entdeckung,"Eines Abends hörte Mia bei der großen Eiche ein seltsames Geräusch.

Schmetterlinge flogen umher.

Mutig folgte Mia dem Klang.

Hinter einem Stein entdeckte Mia das kleine Messer.

Es duftete nach Blumen.

Plötzlich quakte ein Frosch.

Plötzlich fiel eine Sternschnuppe.

Es war nur der Briefträger.

Am Ende waren alle glücklich.

Wahre Freunde helfen immer."
890,Anna und der Ausflug,"Eines Abends hörte Anna im grünen Park ein seltsames Geräusch.

Die Sonne schien warm.

Neugierig ging Anna näher.

Hinter einem Zaun entdeckte Anna eine warme Decke.

Ein Bach plätscherte leise.

Plötzlich summte eine Biene.

Plötzlich kam Wind auf.

Ein Ast war gefallen.

So war der Tag perfekt.

Mut wird belohnt."
891,Milo und der Wettkampf,"Eines Abends hörte Milo im alten Wald ein seltsames Geräusch.

Alles war still und friedlich.

Mutig folgte Milo dem Klang.

Hinter einem Baum entdeckte Milo eine bunte Karte.

Der Himmel war blau.

Plötzlich kam Wind auf.

Plötzlich tanzte ein Schmetterling vorbei.

Ein Igel suchte Futter.

Alle lachten und gingen heim.

Neugier führt zu Wundern."
892,Finn und das Rätsel,"Eines Abends hörte Finn im gelben Feld ein seltsames Geräusch.

Es roch nach frischem Gras.

Neugierig ging Finn näher.

Hinter einer Mauer entdeckte Finn eine alte Münze.

Vögel sangen lustig.

Plötzlich raschelte es laut.

Plötzlich klopfte es.

Eine Katze hatte gespielt.

Das Abenteuer blieb unvergessen.

Zusammen ist alles leichter."
893,Nora und die Überraschung,"Eines Abends hörte Nora in einem kleinen Dorf ein seltsames Geräusch.

Vögel sangen lustig.

Mutig folgte Nora dem Klang.

Hinter einer Tür entdeckte Nora das grüne Seil.

Es roch nach frischem Gras.

Plötzlich fiel ein Blatt.

Plötzlich summte eine Biene.

Es war nur die neugierige Katze.

Alle klatschten vor Freude.

Wer wagt, gewinnt."
894,Emma und das große Abenteuer,"Eines Abends hörte Emma auf dem bunten Markt ein seltsames Geräusch.

Der Himmel war blau.

Neugierig ging Emma näher.

Hinter einem Busch entdeckte Emma die kleine Laterne.

Alles war still und friedlich.

Plötzlich tanzte ein Schmetterling vorbei.

Plötzlich fiel ein Blatt.

Die Uhr hatte geschlagen.

So endete das Abenteuer gut.

Geduld bringt Glück."
895,Mia und das Geheimnis,"Eines Abends hörte Mia am alten Brunnen ein seltsames Geräusch.

Ein Bach plätscherte leise.

Mutig folgte Mia dem Klang.

Hinter einem Stein entdeckte Mia die blaue Flasche.

Die Sonne schien warm.

Plötzlich lachte jemand.

Plötzlich bellte ein Hund.

Der Hahn hatte gekräht.

Alle gingen zufrieden heim.

Teilen macht Freude."
896,Annas schönster Tag,"Eines Abends hörte Anna auf dem Spielplatz ein seltsames Geräusch.

Es duftete nach Blumen.

Neugierig ging Anna näher.

Hinter einem Zaun entdeckte Anna die gelbe Tasche.

Schmetterlinge flogen umher.

Plötzlich bellte ein Hund.

Plötzlich quakte ein Frosch.

Der Wind hatte eine Tür bewegt.

So wurde aus Angst Mut.

Lachen hilft immer."
897,Milo und der Schatz,"Eines Abends hörte Milo am blauen Fluss ein seltsames Geräusch.

Schmetterlinge flogen umher.

Mutig folgte Milo dem Klang.

Hinter einem Baum entdeckte Milo das rote Seil.

Es duftete nach Blumen.

Plötzlich klopfte es.

Plötzlich raschelte es laut.

Es war nur der Briefträger.

Am Ende waren alle glücklich.

Wahre Freunde helfen immer."
898,Finn und das Geheimnis,"Eines Abends hörte Finn auf der grünen Wiese ein seltsames Geräusch.

Die Sonne schien warm.

Neugierig ging Finn näher.

Hinter einer Mauer entdeckte Finn das alte Fernglas.

Ein Bach plätscherte leise.

Plötzlich fiel eine Sternschnuppe.

Plötzlich lachte jemand.

Ein Ast war gefallen.

So war der Tag perfekt.

Mut wird belohnt."
899,Nora und der Plan,"Eines Abends hörte Nora bei der großen Eiche ein seltsames Geräusch.

Alles war still und friedlich.

Mutig folgte Nora dem Klang.

Hinter einer Tür entdeckte Nora das kleine Messer.

Der Himmel war blau.

Plötzlich quakte ein Frosch.

Plötzlich fiel eine Sternschnuppe.

Ein Igel suchte Futter.

Alle lachten und gingen heim.

Neugier führt zu Wundern."
900,Emma und die Reise,"Eines Abends hörte Emma im grünen Park ein seltsames Geräusch.

Es roch nach frischem Gras.

Neugierig ging Emma näher.

Hinter einem Busch entdeckte Emma eine warme Decke.

Vögel sangen lustig.

Plötzlich summte eine Biene.

Plötzlich kam Wind auf.

Eine Katze hatte gespielt.

Das Abenteuer blieb unvergessen.

Zusammen ist alles leichter."
901,Mia und der Fund,"Eines Abends hörte Mia im alten Wald ein seltsames Geräusch.

Vögel sangen lustig.

Mutig folgte Mia dem Klang.

Hinter einem Stein entdeckte Mia eine bunte Karte.

Es roch nach frischem Gras.

Plötzlich kam Wind auf.

Plötzlich tanzte ein Schmetterling vorbei.

Es war nur die neugierige Katze.

Alle klatschten vor Freude.

Wer wagt, gewinnt."
902,Anna und die Entdeckung,"Eines Abends hörte Anna im gelben Feld ein seltsames Geräusch.

Der Himmel war blau.

Neugierig ging Anna näher.

Hinter einem Zaun entdeckte Anna eine alte Münze.

Alles war still und friedlich.

Plötzlich raschelte es laut.

Plötzlich klopfte es.

Die Uhr hatte geschlagen.

So endete das Abenteuer gut.

Geduld bringt Glück."
903,Milo und der Ausflug,"Eines Abends hörte Milo in einem kleinen Dorf ein seltsames Geräusch.

Ein Bach plätscherte leise.

Mutig folgte Milo dem Klang.

Hinter einem Baum entdeckte Milo das grüne Seil.

Die Sonne schien warm.

Plötzlich fiel ein Blatt.

Plötzlich summte eine Biene.

Der Hahn hatte gekräht.

Alle gingen zufrieden heim.

Teilen macht Freude."
904,Finn und der Wettkampf,"Eines Abends hörte Finn auf dem bunten Markt ein seltsames Geräusch.

Es duftete nach Blumen.

Neugierig ging Finn näher.

Hinter einer Mauer entdeckte Finn die kleine Laterne.

Schmetterlinge flogen umher.

Plötzlich tanzte ein Schmetterling vorbei.

Plötzlich fiel ein Blatt.

Der Wind hatte eine Tür bewegt.

So wurde aus Angst Mut.

Lachen hilft immer."
905,Nora und das Rätsel,"Eines Abends hörte Nora am alten Brunnen ein seltsames Geräusch.

Schmetterlinge flogen umher.

Mutig folgte Nora dem Klang.

Hinter einer Tür entdeckte Nora die blaue Flasche.

Es duftete nach Blumen.

Plötzlich lachte jemand.

Plötzlich bellte ein Hund.

Es war nur der Briefträger.

Am Ende waren alle glücklich.

Wahre Freunde helfen immer."
906,Emma und die Überraschung,"Eines Abends hörte Emma auf dem Spielplatz ein seltsames Geräusch.

Die Sonne schien warm.

Neugierig ging Emma näher.

Hinter einem Busch entdeckte Emma die gelbe Tasche.

Ein Bach plätscherte leise.

Plötzlich bellte ein Hund.

Plötzlich quakte ein Frosch.

Ein Ast war gefallen.

So war der Tag perfekt.

Mut wird belohnt."
907,Mia und das große Abenteuer,"Eines Abends hörte Mia am blauen Fluss ein seltsames Geräusch.

Alles war still und friedlich.

Mutig folgte Mia dem Klang.

Hinter einem Stein entdeckte Mia das rote Seil.

Der Himmel war blau.

Plötzlich klopfte es.

Plötzlich raschelte es laut.

Ein Igel suchte Futter.

Alle lachten und gingen heim.

Neugier führt zu Wundern."
908,Anna und das Geheimnis,"Eines Abends hörte Anna auf der grünen Wiese ein seltsames Geräusch.

Es roch nach frischem Gras.

Neugierig ging Anna näher.

Hinter einem Zaun entdeckte Anna das alte Fernglas.

Vögel sangen lustig.

Plötzlich fiel eine Sternschnuppe.

Plötzlich lachte jemand.

Eine Katze hatte gespielt.

Das Abenteuer blieb unvergessen.

Zusammen ist alles leichter."
909,Milos schönster Tag,"Eines Abends hörte Milo bei der großen Eiche ein seltsames Geräusch.

Vögel sangen lustig.

Mutig folgte Milo dem Klang.

Hinter einem Baum entdeckte Milo das kleine Messer.

Es roch nach frischem Gras.

Plötzlich quakte ein Frosch.

Plötzlich fiel eine Sternschnuppe.

Es war nur die neugierige Katze.

Alle klatschten vor Freude.

Wer wagt, gewinnt."
910,Finn und der Schatz,"Eines Abends hörte Finn im grünen Park ein seltsames Geräusch.

Der Himmel war blau.

Neugierig ging Finn näher.

Hinter einer Mauer entdeckte Finn eine warme Decke.

Alles war still und friedlich.

Plötzlich summte eine Biene.

Plötzlich kam Wind auf.

Die Uhr hatte geschlagen.

So endete das Abenteuer gut.

Geduld bringt Glück."
911,Nora und das Geheimnis,"Eines Abends hörte Nora im alten Wald ein seltsames Geräusch.

Ein Bach plätscherte leise.

Mutig folgte Nora dem Klang.

Hinter einer Tür entdeckte Nora eine bunte Karte.

Die Sonne schien warm.

Plötzlich kam Wind auf.

Plötzlich tanzte ein Schmetterling vorbei.

Der Hahn hatte gekräht.

Alle gingen zufrieden heim.

Teilen macht Freude."
912,Emma und der Plan,"Eines Abends hörte Emma im gelben Feld ein seltsames Geräusch.

Es duftete nach Blumen.

Neugierig ging Emma näher.

Hinter einem Busch entdeckte Emma eine alte Münze.

Schmetterlinge flogen umher.

Plötzlich raschelte es laut.

Plötzlich klopfte es.

Der Wind hatte eine Tür bewegt.

So wurde aus Angst Mut.

Lachen hilft immer."
913,Mia und die Reise,"Eines Abends hörte Mia in einem kleinen Dorf ein seltsames Geräusch.

Schmetterlinge flogen umher.

Mutig folgte Mia dem Klang.

Hinter einem Stein entdeckte Mia das grüne Seil.

Es duftete nach Blumen.

Plötzlich fiel ein Blatt.

Plötzlich summte eine Biene.

Es war nur der Briefträger.

Am Ende waren alle glücklich.

Wahre Freunde helfen immer."
914,Anna und der Fund,"Eines Abends hörte Anna auf dem bunten Markt ein seltsames Geräusch.

Die Sonne schien warm.

Neugierig ging Anna näher.

Hinter einem Zaun entdeckte Anna die kleine Laterne.

Ein Bach plätscherte leise.

Plötzlich tanzte ein Schmetterling vorbei.

Plötzlich fiel ein Blatt.

Ein Ast war gefallen.

So war der Tag perfekt.

Mut wird belohnt."
915,Milo und die Entdeckung,"Eines Abends hörte Milo am alten Brunnen ein seltsames Geräusch.

Alles war still und friedlich.

Mutig folgte Milo dem Klang.

Hinter einem Baum entdeckte Milo die blaue Flasche.

Der Himmel war blau.

Plötzlich lachte jemand.

Plötzlich bellte ein Hund.

Ein Igel suchte Futter.

Alle lachten und gingen heim.

Neugier führt zu Wundern."
916,Finn und der Ausflug,"Eines Abends hörte Finn auf dem Spielplatz ein seltsames Geräusch.

Es roch nach frischem Gras.

Neugierig ging Finn näher.

Hinter einer Mauer entdeckte Finn die gelbe Tasche.

Vögel sangen lustig.

Plötzlich bellte ein Hund.

Plötzlich quakte ein Frosch.

Eine Katze hatte gespielt.

Das Abenteuer blieb unvergessen.

Zusammen ist alles leichter."
917,Nora und der Wettkampf,"Eines Abends hörte Nora am blauen Fluss ein seltsames Geräusch.

Vögel sangen lustig.

Mutig folgte Nora dem Klang.

Hinter einer Tür entdeckte Nora das rote Seil.

Es roch nach frischem Gras.

Plötzlich klopfte es.

Plötzlich raschelte es laut.

Es war nur die neugierige Katze.

Alle klatschten vor Freude.

Wer wagt, gewinnt."
918,Emma und das Rätsel,"Eines Abends hörte Emma auf der grünen Wiese ein seltsames Geräusch.

Der Himmel war blau.

Neugierig ging Emma näher.

Hinter einem Busch entdeckte Emma das alte Fernglas.

Alles war still und friedlich.

Plötzlich fiel eine Sternschnuppe.

Plötzlich lachte jemand.

Die Uhr hatte geschlagen.

So endete das Abenteuer gut.

Geduld bringt Glück."
919,Mia und die Überraschung,"Eines Abends hörte Mia bei der großen Eiche ein seltsames Geräusch.

Ein Bach plätscherte leise.

Mutig folgte Mia dem Klang.

Hinter einem Stein entdeckte Mia das kleine Messer.

Die Sonne schien warm.

Plötzlich quakte ein Frosch.

Plötzlich fiel eine Sternschnuppe.

Der Hahn hatte gekräht.

Alle gingen zufrieden heim.

Teilen macht Freude."
920,Anna und das große Abenteuer,"Eines Abends hörte Anna im grünen Park ein seltsames Geräusch.

Es duftete nach Blumen.

Neugierig ging Anna näher.

Hinter einem Zaun entdeckte Anna eine warme Decke.

Schmetterlinge flogen umher.

Plötzlich summte eine Biene.

Plötzlich kam Wind auf.

Der Wind hatte eine Tür bewegt.

So wurde aus Angst Mut.

Lachen hilft immer."
921,Milo und das Geheimnis,"Eines Abends hörte Milo im alten Wald ein seltsames Geräusch.

Schmetterlinge flogen umher.

Mutig folgte Milo dem Klang.

Hinter einem Baum entdeckte Milo eine bunte Karte.

Es duftete nach Blumen.

Plötzlich kam Wind auf.

Plötzlich tanzte ein Schmetterling vorbei.

Es war nur der Briefträger.

Am Ende waren alle glücklich.

Wahre Freunde helfen immer."
922,Finns schönster Tag,"Eines Abends hörte Finn im gelben Feld ein seltsames Geräusch.

Die Sonne schien warm.

Neugierig ging Finn näher.

Hinter einer Mauer entdeckte Finn eine alte Münze.

Ein Bach plätscherte leise.

Plötzlich raschelte es laut.

Plötzlich klopfte es.

Ein Ast war gefallen.

So war der Tag perfekt.

Mut wird belohnt."
923,Nora und der Schatz,"Eines Abends hörte Nora in einem kleinen Dorf ein seltsames Geräusch.

Alles war still und friedlich.

Mutig folgte Nora dem Klang.

Hinter einer Tür entdeckte Nora das grüne Seil.

Der Himmel war blau.

Plötzlich fiel ein Blatt.

Plötzlich summte eine Biene.

Ein Igel suchte Futter.

Alle lachten und gingen heim.

Neugier führt zu Wundern."
924,Emma und das Geheimnis,"Eines Abends hörte Emma auf dem bunten Markt ein seltsames Geräusch.

Es roch nach frischem Gras.

Neugierig ging Emma näher.

Hinter einem Busch entdeckte Emma die kleine Laterne.

Vögel sangen lustig.

Plötzlich tanzte ein Schmetterling vorbei.

Plötzlich fiel ein Blatt.

Eine Katze hatte gespielt.

Das Abenteuer blieb unvergessen.

Zusammen ist alles leichter."
925,Mia und der Plan,"Eines Abends hörte Mia am alten Brunnen ein seltsames Geräusch.

Vögel sangen lustig.

Mutig folgte Mia dem Klang.

Hinter einem Stein entdeckte Mia die blaue Flasche.

Es roch nach frischem Gras.

Plötzlich lachte jemand.

Plötzlich bellte ein Hund.

Es war nur die neugierige Katze.

Alle klatschten vor Freude.

Wer wagt, gewinnt."
926,Anna und die Reise,"Eines Abends hörte Anna auf dem Spielplatz ein seltsames Geräusch.

Der Himmel war blau.

Neugierig ging Anna näher.

Hinter einem Zaun entdeckte Anna die gelbe Tasche.

Alles war still und friedlich.

Plötzlich bellte ein Hund.

Plötzlich quakte ein Frosch.

Die Uhr hatte geschlagen.

So endete das Abenteuer gut.

Geduld bringt Glück."
927,Milo und der Fund,"Eines Abends hörte Milo am blauen Fluss ein seltsames Geräusch.

Ein Bach plätscherte leise.

Mutig folgte Milo dem Klang.

Hinter einem Baum entdeckte Milo das rote Seil.

Die Sonne schien warm.

Plötzlich klopfte es.

Plötzlich raschelte es laut.

Der Hahn hatte gekräht.

Alle gingen zufrieden heim.

Teilen macht Freude."
928,Finn und die Entdeckung,"Eines Abends hörte Finn auf der grünen Wiese ein seltsames Geräusch.

Es duftete nach Blumen.

Neugierig ging Finn näher.

Hinter einer Mauer entdeckte Finn das alte Fernglas.

Schmetterlinge flogen umher.

Plötzlich fiel eine Sternschnuppe.

Plötzlich lachte jemand.

Der Wind hatte eine Tür bewegt.

So wurde aus Angst Mut.

Lachen hilft immer."
929,Nora und der Ausflug,"Eines Abends hörte Nora bei der großen Eiche ein seltsames Geräusch.

Schmetterlinge flogen umher.

Mutig folgte Nora dem Klang.

Hinter einer Tür entdeckte Nora das kleine Messer.

Es duftete nach Blumen.

Plötzlich quakte ein Frosch.

Plötzlich fiel eine Sternschnuppe.

Es war nur der Briefträger.

Am Ende waren alle glücklich.

Wahre Freunde helfen immer."
930,Emma und der Wettkampf,"Eines Abends hörte Emma im grünen Park ein seltsames Geräusch.

Die Sonne schien warm.

Neugierig ging Emma näher.

Hinter einem Busch entdeckte Emma eine warme Decke.

Ein Bach plätscherte leise.

Plötzlich summte eine Biene.

Plötzlich kam Wind auf.

Ein Ast war gefallen.

So war der Tag perfekt.

Mut wird belohnt."
931,Mia und das Rätsel,"Eines Abends hörte Mia im alten Wald ein seltsames Geräusch.

Alles war still und friedlich.

Mutig folgte Mia dem Klang.

Hinter einem Stein entdeckte Mia eine bunte Karte.

Der Himmel war blau.

Plötzlich kam Wind auf.

Plötzlich tanzte ein Schmetterling vorbei.

Ein Igel suchte Futter.

Alle lachten und gingen heim.

Neugier führt zu Wundern."
932,Anna und die Überraschung,"Eines Abends hörte Anna im gelben Feld ein seltsames Geräusch.

Es roch nach frischem Gras.

Neugierig ging Anna näher.

Hinter einem Zaun entdeckte Anna eine alte Münze.

Vögel sangen lustig.

Plötzlich raschelte es laut.

Plötzlich klopfte es.

Eine Katze hatte gespielt.

Das Abenteuer blieb unvergessen.

Zusammen ist alles leichter."
933,Milo und das große Abenteuer,"Eines Abends hörte Milo in einem kleinen Dorf ein seltsames Geräusch.

Vögel sangen lustig.

Mutig folgte Milo dem Klang.

Hinter einem Baum entdeckte Milo das grüne Seil.

Es roch nach frischem Gras.

Plötzlich fiel ein Blatt.

Plötzlich summte eine Biene.

Es war nur die neugierige Katze.

Alle klatschten vor Freude.

Wer wagt, gewinnt."
934,Finn und das Geheimnis,"Eines Abends hörte Finn auf dem bunten Markt ein seltsames Geräusch.

Der Himmel war blau.

Neugierig ging Finn näher.

Hinter einer Mauer entdeckte Finn die kleine Laterne.

Alles war still und friedlich.

Plötzlich tanzte ein Schmetterling vorbei.

Plötzlich fiel ein Blatt.

Die Uhr hatte geschlagen.

So endete das Abenteuer gut.

Geduld bringt Glück."
935,Noras schönster Tag,"Eines Abends hörte Nora am alten Brunnen ein seltsames Geräusch.

Ein Bach plätscherte leise.

Mutig folgte Nora dem Klang.

Hinter einer Tür entdeckte Nora die blaue Flasche.

Die Sonne schien warm.

Plötzlich lachte jemand.

Plötzlich bellte ein Hund.

Der Hahn hatte gekräht.

Alle gingen zufrieden heim.

Teilen macht Freude."
936,Emma und der Schatz,"Eines Abends hörte Emma auf dem Spielplatz ein seltsames Geräusch.

Es duftete nach Blumen.

Neugierig ging Emma näher.

Hinter einem Busch entdeckte Emma die gelbe Tasche.

Schmetterlinge flogen umher.

Plötzlich bellte ein Hund.

Plötzlich quakte ein Frosch.

Der Wind hatte eine Tür bewegt.

So wurde aus Angst Mut.

Lachen hilft immer."
937,Mia und das Geheimnis,"Eines Abends hörte Mia am blauen Fluss ein seltsames Geräusch.

Schmetterlinge flogen umher.

Mutig folgte Mia dem Klang.

Hinter einem Stein entdeckte Mia das rote Seil.

Es duftete nach Blumen.

Plötzlich klopfte es.

Plötzlich raschelte es laut.

Es war nur der Briefträger.

Am Ende waren alle glücklich.

Wahre Freunde helfen immer."
938,Anna und der Plan,"Eines Abends hörte Anna auf der grünen Wiese ein seltsames Geräusch.

Die Sonne schien warm.

Neugierig ging Anna näher.

Hinter einem Zaun entdeckte Anna das alte Fernglas.

Ein Bach plätscherte leise.

Plötzlich fiel eine Sternschnuppe.

Plötzlich lachte jemand.

Ein Ast war gefallen.

So war der Tag perfekt.

Mut wird belohnt."
939,Milo und die Reise,"Eines Abends hörte Milo bei der großen Eiche ein seltsames Geräusch.

Alles war still und friedlich.

Mutig folgte Milo dem Klang.

Hinter einem Baum entdeckte Milo das kleine Messer.

Der Himmel war blau.

Plötzlich quakte ein Frosch.

Plötzlich fiel eine Sternschnuppe.

Ein Igel suchte Futter.

Alle lachten und gingen heim.

Neugier führt zu Wundern."
940,Finn und der Fund,"Eines Abends hörte Finn im grünen Park ein seltsames Geräusch.

Es roch nach frischem Gras.

Neugierig ging Finn näher.

Hinter einer Mauer entdeckte Finn eine warme Decke.

Vögel sangen lustig.

Plötzlich summte eine Biene.

Plötzlich kam Wind auf.

Eine Katze hatte gespielt.

Das Abenteuer blieb unvergessen.

Zusammen ist alles leichter."
941,Finn und die Entdeckung,"Eines Abends hörte Finn am blauen Fluss ein seltsames Geräusch.

Ein Bach plätscherte leise.

Neugierig ging Finn näher.

Hinter einem Baum entdeckte Finn das grüne Seil.

Es duftete nach Blumen.

Plötzlich fiel ein Blatt.

Plötzlich tanzte ein Schmetterling vorbei.

Der Hahn hatte gekräht.

Am Ende waren alle glücklich.

Wer wagt, gewinnt."
942,Nora und der Ausflug,"Eines Abends hörte Nora auf der grünen Wiese ein seltsames Geräusch.

Es duftete nach Blumen.

Mutig folgte Nora dem Klang.

Hinter einer Mauer entdeckte Nora die kleine Laterne.

Ein Bach plätscherte leise.

Plötzlich tanzte ein Schmetterling vorbei.

Plötzlich klopfte es.

Der Wind hatte eine Tür bewegt.

So war der Tag perfekt.

Geduld bringt Glück."
943,Emma und der Wettkampf,"Eines Abends hörte Emma bei der großen Eiche ein seltsames Geräusch.

Schmetterlinge flogen umher.

Neugierig ging Emma näher.

Hinter einer Tür entdeckte Emma die blaue Flasche.

Der Himmel war blau.

Plötzlich lachte jemand.

Plötzlich summte eine Biene.

Es war nur der Briefträger.

Alle lachten und gingen heim.

Teilen macht Freude."
944,Mia und das Rätsel,"Eines Abends hörte Mia im grünen Park ein seltsames Geräusch.

Die Sonne schien warm.

Mutig folgte Mia dem Klang.

Hinter einem Busch entdeckte Mia die gelbe Tasche.

Vögel sangen lustig.

Plötzlich bellte ein Hund.

Plötzlich fiel ein Blatt.

Ein Ast war gefallen.

Das Abenteuer blieb unvergessen.

Lachen hilft immer."
945,Anna und die Überraschung,"Eines Abends hörte Anna im alten Wald ein seltsames Geräusch.

Alles war still und friedlich.

Neugierig ging Anna näher.

Hinter einem Stein entdeckte Anna das rote Seil.

Es roch nach frischem Gras.

Plötzlich klopfte es.

Plötzlich bellte ein Hund.

Ein Igel suchte Futter.

Alle klatschten vor Freude.

Wahre Freunde helfen immer."
946,Milo und das große Abenteuer,"Eines Abends hörte Milo im gelben Feld ein seltsames Geräusch.

Es roch nach frischem Gras.

Mutig folgte Milo dem Klang.

Hinter einem Zaun entdeckte Milo das alte Fernglas.

Alles war still und friedlich.

Plötzlich fiel eine Sternschnuppe.

Plötzlich quakte ein Frosch.

Eine Katze hatte gespielt.

So endete das Abenteuer gut.

Mut wird belohnt."
947,Finn und das Geheimnis,"Eines Abends hörte Finn in einem kleinen Dorf ein seltsames Geräusch.

Vögel sangen lustig.

Neugierig ging Finn näher.

Hinter einem Baum entdeckte Finn das kleine Messer.

Die Sonne schien warm.

Plötzlich quakte ein Frosch.

Plötzlich raschelte es laut.

Es war nur die neugierige Katze.

Alle gingen zufrieden heim.

Neugier führt zu Wundern."
948,Noras schönster Tag,"Eines Abends hörte Nora auf dem bunten Markt ein seltsames Geräusch.

Der Himmel war blau.

Mutig folgte Nora dem Klang.

Hinter einer Mauer entdeckte Nora eine warme Decke.

Schmetterlinge flogen umher.

Plötzlich summte eine Biene.

Plötzlich lachte jemand.

Die Uhr hatte geschlagen.

So wurde aus Angst Mut.

Zusammen ist alles leichter."
949,Emma und der Schatz,"Eines Abends hörte Emma am alten Brunnen ein seltsames Geräusch.

Ein Bach plätscherte leise.

Neugierig ging Emma näher.

Hinter einer Tür entdeckte Emma eine bunte Karte.

Es duftete nach Blumen.

Plötzlich kam Wind auf.

Plötzlich fiel eine Sternschnuppe.

Der Hahn hatte gekräht.

Am Ende waren alle glücklich.

Wer wagt, gewinnt."
950,Mia und das Geheimnis,"Eines Abends hörte Mia auf dem Spielplatz ein seltsames Geräusch.

Es duftete nach Blumen.

Mutig folgte Mia dem Klang.

Hinter einem Busch entdeckte Mia eine alte Münze.

Ein Bach plätscherte leise.

Plötzlich raschelte es laut.

Plötzlich kam Wind auf.

Der Wind hatte eine Tür bewegt.

So war der Tag perfekt.

Geduld bringt Glück."
951,Anna und der Plan,"Eines Abends hörte Anna am blauen Fluss ein seltsames Geräusch.

Schmetterlinge flogen umher.

Neugierig ging Anna näher.

Hinter einem Stein entdeckte Anna das grüne Seil.

Der Himmel war blau.

Plötzlich fiel ein Blatt.

Plötzlich tanzte ein Schmetterling vorbei.

Es war nur der Briefträger.

Alle lachten und gingen heim.

Teilen macht Freude."
952,Milo und die Reise,"Eines Abends hörte Milo auf der grünen Wiese ein seltsames Geräusch.

Die Sonne schien warm.

Mutig folgte Milo dem Klang.

Hinter einem Zaun entdeckte Milo die kleine Laterne.

Vögel sangen lustig.

Plötzlich tanzte ein Schmetterling vorbei.

Plötzlich klopfte es.

Ein Ast war gefallen.

Das Abenteuer blieb unvergessen.

Lachen hilft immer."
953,Finn und der Fund,"Eines Abends hörte Finn bei der großen Eiche ein seltsames Geräusch.

Alles war still und friedlich.

Neugierig ging Finn näher.

Hinter einem Baum entdeckte Finn die blaue Flasche.

Es roch nach frischem Gras.

Plötzlich lachte jemand.

Plötzlich summte eine Biene.

Ein Igel suchte Futter.

Alle klatschten vor Freude.

Wahre Freunde helfen immer."
954,Nora und die Entdeckung,"Eines Abends hörte Nora im grünen Park ein seltsames Geräusch.

Es roch nach frischem Gras.

Mutig folgte Nora dem Klang.

Hinter einer Mauer entdeckte Nora die gelbe Tasche.

Alles war still und friedlich.

Plötzlich bellte ein Hund.

Plötzlich fiel ein Blatt.

Eine Katze hatte gespielt.

So endete das Abenteuer gut.

Mut wird belohnt."
955,Emma und der Ausflug,"Eines Abends hörte Emma im alten Wald ein seltsames Geräusch.

Vögel sangen lustig.

Neugierig ging Emma näher.

Hinter einer Tür entdeckte Emma das rote Seil.

Die Sonne schien warm.

Plötzlich klopfte es.

Plötzlich bellte ein Hund.

Es war nur die neugierige Katze.

Alle gingen zufrieden heim.

Neugier führt zu Wundern."
956,Mia und der Wettkampf,"Eines Abends hörte Mia im gelben Feld ein seltsames Geräusch.

Der Himmel war blau.

Mutig folgte Mia dem Klang.

Hinter einem Busch entdeckte Mia das alte Fernglas.

Schmetterlinge flogen umher.

Plötzlich fiel eine Sternschnuppe.

Plötzlich quakte ein Frosch.

Die Uhr hatte geschlagen.

So wurde aus Angst Mut.

Zusammen ist alles leichter."
957,Anna und das Rätsel,"Eines Abends hörte Anna in einem kleinen Dorf ein seltsames Geräusch.

Ein Bach plätscherte leise.

Neugierig ging Anna näher.

Hinter einem Stein entdeckte Anna das kleine Messer.

Es duftete nach Blumen.

Plötzlich quakte ein Frosch.

Plötzlich raschelte es laut.

Der Hahn hatte gekräht.

Am Ende waren alle glücklich.

Wer wagt, gewinnt."
958,Milo und die Überraschung,"Eines Abends hörte Milo auf dem bunten Markt ein seltsames Geräusch.

Es duftete nach Blumen.

Mutig folgte Milo dem Klang.

Hinter einem Zaun entdeckte Milo eine warme Decke.

Ein Bach plätscherte leise.

Plötzlich summte eine Biene.

Plötzlich lachte jemand.

Der Wind hatte eine Tür bewegt.

So war der Tag perfekt.

Geduld bringt Glück."
959,Finn und das große Abenteuer,"Eines Abends hörte Finn am alten Brunnen ein seltsames Geräusch.

Schmetterlinge flogen umher.

Neugierig ging Finn näher.

Hinter einem Baum entdeckte Finn eine bunte Karte.

Der Himmel war blau.

Plötzlich kam Wind auf.

Plötzlich fiel eine Sternschnuppe.

Es war nur der Briefträger.

Alle lachten und gingen heim.

Teilen macht Freude."
960,Nora und das Geheimnis,"Eines Abends hörte Nora auf dem Spielplatz ein seltsames Geräusch.

Die Sonne schien warm.

Mutig folgte Nora dem Klang.

Hinter einer Mauer entdeckte Nora eine alte Münze.

Vögel sangen lustig.

Plötzlich raschelte es laut.

Plötzlich kam Wind auf.

Ein Ast war gefallen.

Das Abenteuer blieb unvergessen.

Lachen hilft immer."
961,Emmas schönster Tag,"Eines Abends hörte Emma am blauen Fluss ein seltsames Geräusch.

Alles war still und friedlich.

Neugierig ging Emma näher.

Hinter einer Tür entdeckte Emma das grüne Seil.

Es roch nach frischem Gras.

Plötzlich fiel ein Blatt.

Plötzlich tanzte ein Schmetterling vorbei.

Ein Igel suchte Futter.

Alle klatschten vor Freude.

Wahre Freunde helfen immer."
962,Mia und der Schatz,"Eines Abends hörte Mia auf der grünen Wiese ein seltsames Geräusch.

Es roch nach frischem Gras.

Mutig folgte Mia dem Klang.

Hinter einem Busch entdeckte Mia die kleine Laterne.

Alles war still und friedlich.

Plötzlich tanzte ein Schmetterling vorbei.

Plötzlich klopfte es.

Eine Katze hatte gespielt.

So endete das Abenteuer gut.

Mut wird belohnt."
963,Anna und das Geheimnis,"Eines Abends hörte Anna bei der großen Eiche ein seltsames Geräusch.

Vögel sangen lustig.

Neugierig ging Anna näher.

Hinter einem Stein entdeckte Anna die blaue Flasche.

Die Sonne schien warm.

Plötzlich lachte jemand.

Plötzlich summte eine Biene.

Es war nur die neugierige Katze.

Alle gingen zufrieden heim.

Neugier führt zu Wundern."
964,Milo und der Plan,"Eines Abends hörte Milo im grünen Park ein seltsames Geräusch.

Der Himmel war blau.

Mutig folgte Milo dem Klang.

Hinter einem Zaun entdeckte Milo die gelbe Tasche.

Schmetterlinge flogen umher.

Plötzlich bellte ein Hund.

Plötzlich fiel ein Blatt.

Die Uhr hatte geschlagen.

So wurde aus Angst Mut.

Zusammen ist alles leichter."
965,Finn und die Reise,"Eines Abends hörte Finn im alten Wald ein seltsames Geräusch.

Ein Bach plätscherte leise.

Neugierig ging Finn näher.

Hinter einem Baum entdeckte Finn das rote Seil.

Es duftete nach Blumen.

Plötzlich klopfte es.

Plötzlich bellte ein Hund.

Der Hahn hatte gekräht.

Am Ende waren alle glücklich.

Wer wagt, gewinnt."
966,Nora und der Fund,"Eines Abends hörte Nora im gelben Feld ein seltsames Geräusch.

Es duftete nach Blumen.

Mutig folgte Nora dem Klang.

Hinter einer Mauer entdeckte Nora das alte Fernglas.

Ein Bach plätscherte leise.

Plötzlich fiel eine Sternschnuppe.

Plötzlich quakte ein Frosch.

Der Wind hatte eine Tür bewegt.

So war der Tag perfekt.

Geduld bringt Glück."
967,Emma und die Entdeckung,"Eines Abends hörte Emma in einem kleinen Dorf ein seltsames Geräusch.

Schmetterlinge flogen umher.

Neugierig ging Emma näher.

Hinter einer Tür entdeckte Emma das kleine Messer.

Der Himmel war blau.

Plötzlich quakte ein Frosch.

Plötzlich raschelte es laut.

Es war nur der Briefträger.

Alle lachten und gingen heim.

Teilen macht Freude."
968,Mia und der Ausflug,"Eines Abends hörte Mia auf dem bunten Markt ein seltsames Geräusch.

Die Sonne schien warm.

Mutig folgte Mia dem Klang.

Hinter einem Busch entdeckte Mia eine warme Decke.

Vögel sangen lustig.

Plötzlich summte eine Biene.

Plötzlich lachte jemand.

Ein Ast war gefallen.

Das Abenteuer blieb unvergessen.

Lachen hilft immer."
969,Anna und der Wettkampf,"Eines Abends hörte Anna am alten Brunnen ein seltsames Geräusch.

Alles war still und friedlich.

Neugierig ging Anna näher.

Hinter einem Stein entdeckte Anna eine bunte Karte.

Es roch nach frischem Gras.

Plötzlich kam Wind auf.

Plötzlich fiel eine Sternschnuppe.

Ein Igel suchte Futter.

Alle klatschten vor Freude.

Wahre Freunde helfen immer."
970,Milo und das Rätsel,"Eines Abends hörte Milo auf dem Spielplatz ein seltsames Geräusch.

Es roch nach frischem Gras.

Mutig folgte Milo dem Klang.

Hinter einem Zaun entdeckte Milo eine alte Münze.

Alles war still und friedlich.

Plötzlich raschelte es laut.

Plötzlich kam Wind auf.

Eine Katze hatte gespielt.

So endete das Abenteuer gut.

Mut wird belohnt."
971,Finn und die Überraschung,"Eines Abends hörte Finn am blauen Fluss ein seltsames Geräusch.

Vögel sangen lustig.

Neugierig ging Finn näher.

Hinter einem Baum entdeckte Finn das grüne Seil.

Die Sonne schien warm.

Plötzlich fiel ein Blatt.

Plötzlich tanzte ein Schmetterling vorbei.

Es war nur die neugierige Katze.

Alle gingen zufrieden heim.

Neugier führt zu Wundern."
972,Nora und das große Abenteuer,"Eines Abends hörte Nora auf der grünen Wiese ein seltsames Geräusch.

Der Himmel war blau.

Mutig folgte Nora dem Klang.

Hinter einer Mauer entdeckte Nora die kleine Laterne.

Schmetterlinge flogen umher.

Plötzlich tanzte ein Schmetterling vorbei.

Plötzlich klopfte es.

Die Uhr hatte geschlagen.

So wurde aus Angst Mut.

Zusammen ist alles leichter."
973,Emma und das Geheimnis,"Eines Abends hörte Emma bei der großen Eiche ein seltsames Geräusch.

Ein Bach plätscherte leise.

Neugierig ging Emma näher.

Hinter einer Tür entdeckte Emma die blaue Flasche.

Es duftete nach Blumen.

Plötzlich lachte jemand.

Plötzlich summte eine Biene.

Der Hahn hatte gekräht.

Am Ende waren alle glücklich.

Wer wagt, gewinnt."
974,Mias schönster Tag,"Eines Abends hörte Mia im grünen Park ein seltsames Geräusch.

Es duftete nach Blumen.

Mutig folgte Mia dem Klang.

Hinter einem Busch entdeckte Mia die gelbe Tasche.

Ein Bach plätscherte leise.

Plötzlich bellte ein Hund.

Plötzlich fiel ein Blatt.

Der Wind hatte eine Tür bewegt.

So war der Tag perfekt.

Geduld bringt Glück."
975,Anna und der Schatz,"Eines Abends hörte Anna im alten Wald ein seltsames Geräusch.

Schmetterlinge flogen umher.

Neugierig ging Anna näher.

Hinter einem Stein entdeckte Anna das rote Seil.

Der Himmel war blau.

Plötzlich klopfte es.

Plötzlich bellte ein Hund.

Es war nur der Briefträger.

Alle lachten und gingen heim.

Teilen macht Freude."
976,Milo und das Geheimnis,"Eines Abends hörte Milo im gelben Feld ein seltsames Geräusch.

Die Sonne schien warm.

Mutig folgte Milo dem Klang.

Hinter einem Zaun entdeckte Milo das alte Fernglas.

Vögel sangen lustig.

Plötzlich fiel eine Sternschnuppe.

Plötzlich quakte ein Frosch.

Ein Ast war gefallen.

Das Abenteuer blieb unvergessen.

Lachen hilft immer."
977,Finn und der Plan,"Eines Abends hörte Finn in einem kleinen Dorf ein seltsames Geräusch.

Alles war still und friedlich.

Neugierig ging Finn näher.

Hinter einem Baum entdeckte Finn das kleine Messer.

Es roch nach frischem Gras.

Plötzlich quakte ein Frosch.

Plötzlich raschelte es laut.

Ein Igel suchte Futter.

Alle klatschten vor Freude.

Wahre Freunde helfen immer."
978,Nora und die Reise,"Eines Abends hörte Nora auf dem bunten Markt ein seltsames Geräusch.

Es roch nach frischem Gras.

Mutig folgte Nora dem Klang.

Hinter einer Mauer entdeckte Nora eine warme Decke.

Alles war still und friedlich.

Plötzlich summte eine Biene.

Plötzlich lachte jemand.

Eine Katze hatte gespielt.

So endete das Abenteuer gut.

Mut wird belohnt."
979,Emma und der Fund,"Eines Abends hörte Emma am alten Brunnen ein seltsames Geräusch.

Vögel sangen lustig.

Neugierig ging Emma näher.

Hinter einer Tür entdeckte Emma eine bunte Karte.

Die Sonne schien warm.

Plötzlich kam Wind auf.

Plötzlich fiel eine Sternschnuppe.

Es war nur die neugierige Katze.

Alle gingen zufrieden heim.

Neugier führt zu Wundern."
980,Mia und die Entdeckung,"Eines Abends hörte Mia auf dem Spielplatz ein seltsames Geräusch.

Der Himmel war blau.

Mutig folgte Mia dem Klang.

Hinter einem Busch entdeckte Mia eine alte Münze.

Schmetterlinge flogen umher.

Plötzlich raschelte es laut.

Plötzlich kam Wind auf.

Die Uhr hatte geschlagen.

So wurde aus Angst Mut.

Zusammen ist alles leichter."
981,Anna und der Ausflug,"Eines Abends hörte Anna am blauen Fluss ein seltsames Geräusch.

Ein Bach plätscherte leise.

Neugierig ging Anna näher.

Hinter einem Stein entdeckte Anna das grüne Seil.

Es duftete nach Blumen.

Plötzlich fiel ein Blatt.

Plötzlich tanzte ein Schmetterling vorbei.

Der Hahn hatte gekräht.

Am Ende waren alle glücklich.

Wer wagt, gewinnt."
982,Milo und der Wettkampf,"Eines Abends hörte Milo auf der grünen Wiese ein seltsames Geräusch.

Es duftete nach Blumen.

Mutig folgte Milo dem Klang.

Hinter einem Zaun entdeckte Milo die kleine Laterne.

Ein Bach plätscherte leise.

Plötzlich tanzte ein Schmetterling vorbei.

Plötzlich klopfte es.

Der Wind hatte eine Tür bewegt.

So war der Tag perfekt.

Geduld bringt Glück."
983,Finn und das Rätsel,"Eines Abends hörte Finn bei der großen Eiche ein seltsames Geräusch.

Schmetterlinge flogen umher.

Neugierig ging Finn näher.

Hinter einem Baum entdeckte Finn die blaue Flasche.

Der Himmel war blau.

Plötzlich lachte jemand.

Plötzlich summte eine Biene.

Es war nur der Briefträger.

Alle lachten und gingen heim.

Teilen macht Freude."
984,Nora und die Überraschung,"Eines Abends hörte Nora im grünen Park ein seltsames Geräusch.

Die Sonne schien warm.

Mutig folgte Nora dem Klang.

Hinter einer Mauer entdeckte Nora die gelbe Tasche.

Vögel sangen lustig.

Plötzlich bellte ein Hund.

Plötzlich fiel ein Blatt.

Ein Ast war gefallen.

Das Abenteuer blieb unvergessen.

Lachen hilft immer."
985,Emma und das große Abenteuer,"Eines Abends hörte Emma im alten Wald ein seltsames Geräusch.

Alles war still und friedlich.

Neugierig ging Emma näher.

Hinter einer Tür entdeckte Emma das rote Seil.

Es roch nach frischem Gras.

Plötzlich klopfte es.

Plötzlich bellte ein Hund.

Ein Igel suchte Futter.

Alle klatschten vor Freude.

Wahre Freunde helfen immer."
986,Mia und das Geheimnis,"Eines Abends hörte Mia im gelben Feld ein seltsames Geräusch.

Es roch nach frischem Gras.

Mutig folgte Mia dem Klang.

Hinter einem Busch entdeckte Mia das alte Fernglas.

Alles war still und friedlich.

Plötzlich fiel eine Sternschnuppe.

Plötzlich quakte ein Frosch.

Eine Katze hatte gespielt.

So endete das Abenteuer gut.

Mut wird belohnt."
987,Annas schönster Tag,"Eines Abends hörte Anna in einem kleinen Dorf ein seltsames Geräusch.

Vögel sangen lustig.

Neugierig ging Anna näher.

Hinter einem Stein entdeckte Anna das kleine Messer.

Die Sonne schien warm.

Plötzlich quakte ein Frosch.

Plötzlich raschelte es laut.

Es war nur die neugierige Katze.

Alle gingen zufrieden heim.

Neugier führt zu Wundern."
988,Milo und der Schatz,"Eines Abends hörte Milo auf dem bunten Markt ein seltsames Geräusch.

Der Himmel war blau.

Mutig folgte Milo dem Klang.

Hinter einem Zaun entdeckte Milo eine warme Decke.

Schmetterlinge flogen umher.

Plötzlich summte eine Biene.

Plötzlich lachte jemand.

Die Uhr hatte geschlagen.

So wurde aus Angst Mut.

Zusammen ist alles leichter."
989,Finn und das Geheimnis,"Eines Abends hörte Finn am alten Brunnen ein seltsames Geräusch.

Ein Bach plätscherte leise.

Neugierig ging Finn näher.

Hinter einem Baum entdeckte Finn eine bunte Karte.

Es duftete nach Blumen.

Plötzlich kam Wind auf.

Plötzlich fiel eine Sternschnuppe.

Der Hahn hatte gekräht.

Am Ende waren alle glücklich.

Wer wagt, gewinnt."
990,Nora und der Plan,"Eines Abends hörte Nora auf dem Spielplatz ein seltsames Geräusch.

Es duftete nach Blumen.

Mutig folgte Nora dem Klang.

Hinter einer Mauer entdeckte Nora eine alte Münze.

Ein Bach plätscherte leise.

Plötzlich raschelte es laut.

Plötzlich kam Wind auf.

Der Wind hatte eine Tür bewegt.

So war der Tag perfekt.

Geduld bringt Glück."
991,Emma und die Reise,"Eines Abends hörte Emma am blauen Fluss ein seltsames Geräusch.

Schmetterlinge flogen umher.

Neugierig ging Emma näher.

Hinter einer Tür entdeckte Emma das grüne Seil.

Der Himmel war blau.

Plötzlich fiel ein Blatt.

Plötzlich tanzte ein Schmetterling vorbei.

Es war nur der Briefträger.

Alle lachten und gingen heim.

Teilen macht Freude."
992,Mia und der Fund,"Eines Abends hörte Mia auf der grünen Wiese ein seltsames Geräusch.

Die Sonne schien warm.

Mutig folgte Mia dem Klang.

Hinter einem Busch entdeckte Mia die kleine Laterne.

Vögel sangen lustig.

Plötzlich tanzte ein Schmetterling vorbei.

Plötzlich klopfte es.

Ein Ast war gefallen.

Das Abenteuer blieb unvergessen.

Lachen hilft immer."
993,Anna und die Entdeckung,"Eines Abends hörte Anna bei der großen Eiche ein seltsames Geräusch.

Alles war still und friedlich.

Neugierig ging Anna näher.

Hinter einem Stein entdeckte Anna die blaue Flasche.

Es roch nach frischem Gras.

Plötzlich lachte jemand.

Plötzlich summte eine Biene.

Ein Igel suchte Futter.

Alle klatschten vor Freude.

Wahre Freunde helfen immer."
994,Milo und der Ausflug,"Eines Abends hörte Milo im grünen Park ein seltsames Geräusch.

Es roch nach frischem Gras.

Mutig folgte Milo dem Klang.

Hinter einem Zaun entdeckte Milo die gelbe Tasche.

Alles war still und friedlich.

Plötzlich bellte ein Hund.

Plötzlich fiel ein Blatt.

Eine Katze hatte gespielt.

So endete das Abenteuer gut.

Mut wird belohnt."
995,Finn und der Wettkampf,"Eines Abends hörte Finn im alten Wald ein seltsames Geräusch.

Vögel sangen lustig.

Neugierig ging Finn näher.

Hinter einem Baum entdeckte Finn das rote Seil.

Die Sonne schien warm.

Plötzlich klopfte es.

Plötzlich bellte ein Hund.

Es war nur die neugierige Katze.

Alle gingen zufrieden heim.

Neugier führt zu Wundern."
996,Nora und das Rätsel,"Eines Abends hörte Nora im gelben Feld ein seltsames Geräusch.

Der Himmel war blau.

Mutig folgte Nora dem Klang.

Hinter einer Mauer entdeckte Nora das alte Fernglas.

Schmetterlinge flogen umher.

Plötzlich fiel eine Sternschnuppe.

Plötzlich quakte ein Frosch.

Die Uhr hatte geschlagen.

So wurde aus Angst Mut.

Zusammen ist alles leichter."
997,Emma und die Überraschung,"Eines Abends hörte Emma in einem kleinen Dorf ein seltsames Geräusch.

Ein Bach plätscherte leise.

Neugierig ging Emma näher.

Hinter einer Tür entdeckte Emma das kleine Messer.

Es duftete nach Blumen.

Plötzlich quakte ein Frosch.

Plötzlich raschelte es laut.

Der Hahn hatte gekräht.

Am Ende waren alle glücklich.

Wer wagt, gewinnt."
998,Mia und das große Abenteuer,"Eines Abends hörte Mia auf dem bunten Markt ein seltsames Geräusch.

Es duftete nach Blumen.

Mutig folgte Mia dem Klang.

Hinter einem Busch entdeckte Mia eine warme Decke.

Ein Bach plätscherte leise.

Plötzlich summte eine Biene.

Plötzlich lachte jemand.

Der Wind hatte eine Tür bewegt.

So war der Tag perfekt.

Geduld bringt Glück."
999,Anna und das Geheimnis,"Eines Abends hörte Anna am alten Brunnen ein seltsames Geräusch.

Schmetterlinge flogen umher.

Neugierig ging Anna näher.

Hinter einem Stein entdeckte Anna eine bunte Karte.

Der Himmel war blau.

Plötzlich kam Wind auf.

Plötzlich fiel eine Sternschnuppe.

Es war nur der Briefträger.

Alle lachten und gingen heim.

Teilen macht Freude."
1000,Milos schönster Tag,"Eines Abends hörte Milo auf dem Spielplatz ein seltsames Geräusch.

Die Sonne schien warm.

Mutig folgte Milo dem Klang.

Hinter einem Zaun entdeckte Milo eine alte Münze.

Vögel sangen lustig.

Plötzlich raschelte es laut.

Plötzlich kam Wind auf.

Ein Ast war gefallen.

Das Abenteuer blieb unvergessen.

Lachen hilft immer."
