id,title,text
1,Міло і велика пригода,"Живе Міло, цікавий хлопець, в маленькому селі.

Сонце світить тепло.

Одного разу Міло хоче дослідити ліс.

Але шлях був перекритий.

Приходить Бабуся Ліна, яка все знає.

Разом впораємося!

Беруть з собою старий бінокль.

Дорогою вони співають пісню.

Дорогою вони багато сміються.

Раптом щось гучно зашурхотіло.

Накінці всі щасливі.

Справжні друзі завжди допомагають."
2,Лена і таємниця,"Живе Лена, яка любить малювати, на барвистому ринку.

Літають метелики.

Одного разу Лена хоче відкрити острів.

Але почався дощ.

Приходить Бабуся Ліна, яка все знає.

Не бійся, я допоможу тобі.

Беруть з собою маленький ножик.

Дорогою вони відпочивають весело.

Дорогою вони біжать трохи.

Раптом закумкала жаба.

Пригода лишилася незабутньою.

Терпіння приносить удачу."
3,Найкращий день: Фінн,"Живе Фінн, маленький мрійник, біля старого колодязя.

Пахне квітами.

Одного разу Фінн хоче знайти печеру.

Але карта зникла.

Приходить Бабуся Ліна, яка все знає.

Я теж іду!

Беруть з собою теплу ковдру.

Дорогою вони балакають разом.

Дорогою вони сміються разом.

Раптом загавкав собака.

Всі повернулися задоволені.

Цікавість веде до див."
4,Піппа і скарб,"Живе Піппа, хоробра миша, на дитячому майданчику.

Струмок тихо дзюрчить.

Одного разу Піппа хоче побачити високу гору.

Але стемніло.

Приходить Бабуся Ліна, яка все знає.

Добре, що я тут.

Беруть з собою барвисту карту.

Дорогою вони відпочивають трохи.

Дорогою вони танцюють весело.

Раптом упав листок.

Так день був ідеальним.

Сміх завжди допомагає."
5,Нора і таємниця,"Живе Нора, яка ставить багато питань, біля синьої річки.

Небо блакитне.

Одного разу Нора хоче шукати скарб.

Але річка була занадто глибока.

Приходить Бабуся Ліна, яка все знає.

Разом впораємося!

Беруть з собою стару монету.

Дорогою вони балакають весело.

Дорогою вони відпочивають голосно.

Раптом задзижчала бджола.

Всі плескали від радості.

Хто сміливий, той перемагає."
6,Тео і план,"Живе Тео, веселий хлопець, на зеленому лузі.

Птахи весело співають.

Одного разу Тео хоче перепливти озеро.

Але дерево лежало впоперек.

Приходить Бабуся Ліна, яка все знає.

Не бійся, я допоможу тобі.

Беруть з собою зелену мотузку.

Дорогою вони відпочивають біля струмка.

Дорогою вони балакають разом.

Раптом хтось постукав.

Так страх перетворився на смиливість.

Смиливість винагороджується."
7,Емма і подорож,"Живе Емма, хоробра дівчинка, біля великого дуба.

Пахне свіжою травою.

Одного разу Емма хоче знайти море.

Але вітер був сильний.

Приходить Бабуся Ліна, яка все знає.

Я теж іду!

Беруть з собою маленький ліхтар.

Дорогою вони балакають трохи.

Дорогою вони біжать в колі.

Раптом пролетів танцюючий метелик.

Всі сміються і йдуть додому.

Ділитися радісно."
8,Павло і знахідка,"Живе Павло, який любить будувати, в зеленому парку.

Скрізь тихо і спокійно.

Одного разу Павло хоче побачити зоряне небо.

Але був туман.

Приходить Борсук, садівник.

Добре, що я тут.

Беруть з собою синю пляшку.

Дорогою вони відпочивають в колі.

Дорогою вони сміються трохи.

Раптом піднявся вітер.

Так пригода гарно закінчилася.

Разом все легше."
9,Мія і відкриття,"Живе Мія, маленька співачка, в старому лісі.

Сонце світить тепло.

Одного разу Мія хоче піднятися на вежу.

Але міст зламаний.

Приходить Борсук, садівник.

Разом впораємося!

Беруть з собою жовту сумку.

Дорогою вони балакають біля струмка.

Дорогою вони танцюють біля струмка.

Раптом впала падаюча зірка.

Накінці всі щасливі.

Справжні друзі завжди допомагають."
10,Лео і похід,"Живе Лео, який любить тварин, на жовтому полі.

Літають метелики.

Одного разу Лео хоче відвідати старий замок.

Але собака гучно гавкав.

Приходить Борсук, садівник.

Не бійся, я допоможу тобі.

Беруть з собою червону мотузку.

Дорогою вони відпочивають голосно.

Дорогою вони граються весело.

Раптом хтось засміявся.

Пригода лишилася незабутньою.

Терпіння приносить удачу."
11,Аня і гонка,"Живе Аня, яка швидко думає, в маленькому селі.

Пахне квітами.

Одного разу Аня хоче дослідити ліс.

Але шлях був перекритий.

Приходить Борсук, садівник.

Я теж іду!

Беруть з собою старий бінокль.

Дорогою вони балакають в колі.

Дорогою вони балакають трохи.

Раптом щось гучно зашурхотіло.

Всі повернулися задоволені.

Цікавість веде до див."
12,Макс і загадка,"Живе Макс, веселий хлопець, на барвистому ринку.

Струмок тихо дзюрчить.

Одного разу Макс хоче відкрити острів.

Але почався дощ.

Приходить Борсук, садівник.

Добре, що я тут.

Беруть з собою маленький ножик.

Дорогою вони граються разом.

Дорогою вони відпочивають разом.

Раптом закумкала жаба.

Так день був ідеальним.

Сміх завжди допомагає."
13,Міло і сюрприз,"Живе Міло, цікавий хлопець, біля старого колодязя.

Небо блакитне.

Одного разу Міло хоче знайти печеру.

Але карта зникла.

Приходить Борсук, садівник.

Разом впораємося!

Беруть з собою теплу ковдру.

Дорогою вони балакають голосно.

Дорогою вони сміються в колі.

Раптом загавкав собака.

Всі плескали від радості.

Хто сміливий, той перемагає."
14,Лена і велика пригода,"Живе Лена, яка любить малювати, на дитячому майданчику.

Птахи весело співають.

Одного разу Лена хоче побачити високу гору.

Але стемніло.

Приходить Борсук, садівник.

Не бійся, я допоможу тобі.

Беруть з собою барвисту карту.

Дорогою вони граються весело.

Дорогою вони танцюють голосно.

Раптом упав листок.

Так страх перетворився на смиливість.

Смиливість винагороджується."
15,Фінн і таємниця,"Живе Фінн, маленький мрійник, біля синьої річки.

Пахне свіжою травою.

Одного разу Фінн хоче шукати скарб.

Але річка була занадто глибока.

Приходить Тітка Міра, весела сусідка.

Я теж іду!

Беруть з собою стару монету.

Дорогою вони танцюють разом.

Дорогою вони граються біля струмка.

Раптом задзижчала бджола.

Всі сміються і йдуть додому.

Ділитися радісно."
16,Найкращий день: Піппа,"Живе Піппа, хоробра миша, на зеленому лузі.

Скрізь тихо і спокійно.

Одного разу Піппа хоче перепливти озеро.

Але дерево лежало впоперек.

Приходить Тітка Міра, весела сусідка.

Добре, що я тут.

Беруть з собою зелену мотузку.

Дорогою вони граються трохи.

Дорогою вони балакають в колі.

Раптом хтось постукав.

Так пригода гарно закінчилася.

Разом все легше."
17,Нора і скарб,"Живе Нора, яка ставить багато питань, біля великого дуба.

Сонце світить тепло.

Одного разу Нора хоче знайти море.

Але вітер був сильний.

Приходить Тітка Міра, весела сусідка.

Разом впораємося!

Беруть з собою маленький ліхтар.

Дорогою вони танцюють весело.

Дорогою вони відпочивають трохи.

Раптом пролетів танцюючий метелик.

Накінці всі щасливі.

Справжні друзі завжди допомагають."
18,Тео і таємниця,"Живе Тео, веселий хлопець, в зеленому парку.

Літають метелики.

Одного разу Тео хоче побачити зоряне небо.

Але був туман.

Приходить Тітка Міра, весела сусідка.

Не бійся, я допоможу тобі.

Беруть з собою синю пляшку.

Дорогою вони граються біля струмка.

Дорогою вони розповідають історії.

Раптом піднявся вітер.

Пригода лишилася незабутньою.

Терпіння приносить удачу."
19,Емма і план,"Живе Емма, хоробра дівчинка, в старому лісі.

Пахне квітами.

Одного разу Емма хоче піднятися на вежу.

Але міст зламаний.

Приходить Тітка Міра, весела сусідка.

Я теж іду!

Беруть з собою жовту сумку.

Дорогою вони танцюють трохи.

Дорогою вони біжать весело.

Раптом впала падаюча зірка.

Всі повернулися задоволені.

Цікавість веде до див."
20,Павло і подорож,"Живе Павло, який любить будувати, на жовтому полі.

Струмок тихо дзюрчить.

Одного разу Павло хоче відвідати старий замок.

Але собака гучно гавкав.

Приходить Тітка Міра, весела сусідка.

Добре, що я тут.

Беруть з собою червону мотузку.

Дорогою вони граються в колі.

Дорогою вони граються голосно.

Раптом хтось засміявся.

Так день був ідеальним.

Сміх завжди допомагає."
21,Мія і знахідка,"Живе Мія, маленька співачка, в маленькому селі.

Небо блакитне.

Одного разу Мія хоче дослідити ліс.

Але шлях був перекритий.

Приходить Тітка Міра, весела сусідка.

Разом впораємося!

Беруть з собою старий бінокль.

Дорогою вони танцюють біля струмка.

Дорогою вони танцюють разом.

Раптом щось гучно зашурхотіло.

Всі плескали від радості.

Хто сміливий, той перемагає."
22,Лео і відкриття,"Живе Лео, який любить тварин, на барвистому ринку.

Птахи весело співають.

Одного разу Лео хоче відкрити острів.

Але почався дощ.

Приходить Дідусь Карл, який все лагодить.

Не бійся, я допоможу тобі.

Беруть з собою маленький ножик.

Дорогою вони граються голосно.

Дорогою вони відпочивають в колі.

Раптом закумкала жаба.

Так страх перетворився на смиливість.

Смиливість винагороджується."
23,Аня і похід,"Живе Аня, яка швидко думає, біля старого колодязя.

Пахне свіжою травою.

Одного разу Аня хоче знайти печеру.

Але карта зникла.

Приходить Дідусь Карл, який все лагодить.

Я теж іду!

Беруть з собою теплу ковдру.

Дорогою вони танцюють в колі.

Дорогою вони співають пісню.

Раптом загавкав собака.

Всі сміються і йдуть додому.

Ділитися радісно."
24,Макс і гонка,"Живе Макс, веселий хлопець, на дитячому майданчику.

Скрізь тихо і спокійно.

Одного разу Макс хоче побачити високу гору.

Але стемніло.

Приходить Дідусь Карл, який все лагодить.

Добре, що я тут.

Беруть з собою барвисту карту.

Дорогою вони сміються разом.

Дорогою вони біжать біля струмка.

Раптом упав листок.

Так пригода гарно закінчилася.

Разом все легше."
25,Міло і загадка,"Живе Міло, цікавий хлопець, біля синьої річки.

Сонце світить тепло.

Одного разу Міло хоче шукати скарб.

Але річка була занадто глибока.

Приходить Дідусь Карл, який все лагодить.

Разом впораємося!

Беруть з собою стару монету.

Дорогою вони танцюють голосно.

Дорогою вони сміються весело.

Раптом задзижчала бджола.

Накінці всі щасливі.

Справжні друзі завжди допомагають."
26,Лена і сюрприз,"Живе Лена, яка любить малювати, на зеленому лузі.

Літають метелики.

Одного разу Лена хоче перепливти озеро.

Але дерево лежало впоперек.

Приходить Дідусь Карл, який все лагодить.

Не бійся, я допоможу тобі.

Беруть з собою зелену мотузку.

Дорогою вони сміються весело.

Дорогою вони танцюють трохи.

Раптом хтось постукав.

Пригода лишилася незабутньою.

Терпіння приносить удачу."
27,Фінн і велика пригода,"Живе Фінн, маленький мрійник, біля великого дуба.

Пахне квітами.

Одного разу Фінн хоче знайти море.

Але вітер був сильний.

Приходить Дідусь Карл, який все лагодить.

Я теж іду!

Беруть з собою маленький ліхтар.

Дорогою вони біжать разом.

Дорогою вони граються разом.

Раптом пролетів танцюючий метелик.

Всі повернулися задоволені.

Цікавість веде до див."
28,Піппа і таємниця,"Живе Піппа, хоробра миша, в зеленому парку.

Струмок тихо дзюрчить.

Одного разу Піппа хоче побачити зоряне небо.

Але був туман.

Приходить Дідусь Карл, який все лагодить.

Добре, що я тут.

Беруть з собою синю пляшку.

Дорогою вони сміються трохи.

Дорогою вони балакають весело.

Раптом піднявся вітер.

Так день був ідеальним.

Сміх завжди допомагає."
29,Найкращий день: Нора,"Живе Нора, яка ставить багато питань, в старому лісі.

Небо блакитне.

Одного разу Нора хоче піднятися на вежу.

Але міст зламаний.

Приходить Пекар.

Разом впораємося!

Беруть з собою жовту сумку.

Дорогою вони біжать весело.

Дорогою вони біжать голосно.

Раптом впала падаюча зірка.

Всі плескали від радості.

Хто сміливий, той перемагає."
30,Тео і скарб,"Живе Тео, веселий хлопець, на жовтому полі.

Птахи весело співають.

Одного разу Тео хоче відвідати старий замок.

Але собака гучно гавкав.

Приходить Пекар.

Не бійся, я допоможу тобі.

Беруть з собою червону мотузку.

Дорогою вони сміються біля струмка.

Дорогою вони сміються трохи.

Раптом хтось засміявся.

Так страх перетворився на смиливість.

Смиливість винагороджується."
31,Емма і таємниця,"Живе Емма, хоробра дівчинка, в маленькому селі.

Пахне свіжою травою.

Одного разу Емма хоче дослідити ліс.

Але шлях був перекритий.

Приходить Пекар.

Я теж іду!

Беруть з собою старий бінокль.

Дорогою вони біжать трохи.

Дорогою вони танцюють в колі.

Раптом щось гучно зашурхотіло.

Всі сміються і йдуть додому.

Ділитися радісно."
32,Павло і план,"Живе Павло, який любить будувати, на барвистому ринку.

Скрізь тихо і спокійно.

Одного разу Павло хоче відкрити острів.

Але почався дощ.

Приходить Пекар.

Добре, що я тут.

Беруть з собою маленький ножик.

Дорогою вони сміються в колі.

Дорогою вони граються трохи.

Раптом закумкала жаба.

Так пригода гарно закінчилася.

Разом все легше."
33,Мія і подорож,"Живе Мія, маленька співачка, біля старого колодязя.

Сонце світить тепло.

Одного разу Мія хоче знайти печеру.

Але карта зникла.

Приходить Пекар.

Разом впораємося!

Беруть з собою теплу ковдру.

Дорогою вони біжать біля струмка.

Дорогою вони балакають біля струмка.

Раптом загавкав собака.

Накінці всі щасливі.

Справжні друзі завжди допомагають."
34,Лео і знахідка,"Живе Лео, який любить тварин, на дитячому майданчику.

Літають метелики.

Одного разу Лео хоче побачити високу гору.

Але стемніло.

Приходить Пекар.

Не бійся, я допоможу тобі.

Беруть з собою барвисту карту.

Дорогою вони сміються голосно.

Дорогою вони відпочивають весело.

Раптом упав листок.

Пригода лишилася незабутньою.

Терпіння приносить удачу."
35,Аня і відкриття,"Живе Аня, яка швидко думає, біля синьої річки.

Пахне квітами.

Одного разу Аня хоче шукати скарб.

Але річка була занадто глибока.

Приходить Пекар.

Я теж іду!

Беруть з собою стару монету.

Дорогою вони біжать в колі.

Дорогою вони сміються голосно.

Раптом задзижчала бджола.

Всі повернулися задоволені.

Цікавість веде до див."
36,Макс і похід,"Живе Макс, веселий хлопець, на зеленому лузі.

Струмок тихо дзюрчить.

Одного разу Макс хоче перепливти озеро.

Але дерево лежало впоперек.

Приходить Листоноша.

Добре, що я тут.

Беруть з собою зелену мотузку.

Дорогою вони розповідають історії.

Дорогою вони біжать разом.

Раптом хтось постукав.

Так день був ідеальним.

Сміх завжди допомагає."
37,Міло і гонка,"Живе Міло, цікавий хлопець, біля великого дуба.

Небо блакитне.

Одного разу Міло хоче знайти море.

Але вітер був сильний.

Приходить Листоноша.

Разом впораємося!

Беруть з собою маленький ліхтар.

Дорогою вони біжать голосно.

Дорогою вони граються в колі.

Раптом пролетів танцюючий метелик.

Всі плескали від радості.

Хто сміливий, той перемагає."
38,Лена і загадка,"Живе Лена, яка любить малювати, в зеленому парку.

Птахи весело співають.

Одного разу Лена хоче побачити зоряне небо.

Але був туман.

Приходить Листоноша.

Не бійся, я допоможу тобі.

Беруть з собою синю пляшку.

Дорогою вони багато сміються.

Дорогою вони балакають голосно.

Раптом піднявся вітер.

Так страх перетворився на смиливість.

Смиливість винагороджується."
39,Фінн і сюрприз,"Живе Фінн, маленький мрійник, в старому лісі.

Пахне свіжою травою.

Одного разу Фінн хоче піднятися на вежу.

Але міст зламаний.

Приходить Листоноша.

Я теж іду!

Беруть з собою жовту сумку.

Дорогою вони відпочивають разом.

Дорогою вони відпочивають біля струмка.

Раптом впала падаюча зірка.

Всі сміються і йдуть додому.

Ділитися радісно."
40,Піппа і велика пригода,"Живе Піппа, хоробра миша, на жовтому полі.

Скрізь тихо і спокійно.

Одного разу Піппа хоче відвідати старий замок.

Але собака гучно гавкав.

Приходить Листоноша.

Добре, що я тут.

Беруть з собою червону мотузку.

Дорогою вони співають пісню.

Дорогою вони багато сміються.

Раптом хтось засміявся.

Так пригода гарно закінчилася.

Разом все легше."
41,Нора і таємниця,"Живе Нора, яка ставить багато питань, в маленькому селі.

Сонце світить тепло.

Одного разу Нора хоче дослідити ліс.

Але шлях був перекритий.

Приходить Листоноша.

Разом впораємося!

Беруть з собою старий бінокль.

Дорогою вони відпочивають весело.

Дорогою вони біжать трохи.

Раптом щось гучно зашурхотіло.

Накінці всі щасливі.

Справжні друзі завжди допомагають."
42,Найкращий день: Тео,"Живе Тео, веселий хлопець, на барвистому ринку.

Літають метелики.

Одного разу Тео хоче відкрити острів.

Але почався дощ.

Приходить Листоноша.

Не бійся, я допоможу тобі.

Беруть з собою маленький ножик.

Дорогою вони балакають разом.

Дорогою вони сміються разом.

Раптом закумкала жаба.

Пригода лишилася незабутньою.

Терпіння приносить удачу."
43,Емма і скарб,"Живе Емма, хоробра дівчинка, біля старого колодязя.

Пахне квітами.

Одного разу Емма хоче знайти печеру.

Але карта зникла.

Приходить Бабуся Ліна, яка все знає.

Я теж іду!

Беруть з собою теплу ковдру.

Дорогою вони відпочивають трохи.

Дорогою вони танцюють весело.

Раптом загавкав собака.

Всі повернулися задоволені.

Цікавість веде до див."
44,Павло і таємниця,"Живе Павло, який любить будувати, на дитячому майданчику.

Струмок тихо дзюрчить.

Одного разу Павло хоче побачити високу гору.

Але стемніло.

Приходить Бабуся Ліна, яка все знає.

Добре, що я тут.

Беруть з собою барвисту карту.

Дорогою вони балакають весело.

Дорогою вони відпочивають голосно.

Раптом упав листок.

Так день був ідеальним.

Сміх завжди допомагає."
45,Мія і план,"Живе Мія, маленька співачка, біля синьої річки.

Небо блакитне.

Одного разу Мія хоче шукати скарб.

Але річка була занадто глибока.

Приходить Бабуся Ліна, яка все знає.

Разом впораємося!

Беруть з собою стару монету.

Дорогою вони відпочивають біля струмка.

Дорогою вони балакають разом.

Раптом задзижчала бджола.

Всі плескали від радості.

Хто сміливий, той перемагає."
46,Лео і подорож,"Живе Лео, який любить тварин, на зеленому лузі.

Птахи весело співають.

Одного разу Лео хоче перепливти озеро.

Але дерево лежало впоперек.

Приходить Бабуся Ліна, яка все знає.

Не бійся, я допоможу тобі.

Беруть з собою зелену мотузку.

Дорогою вони балакають трохи.

Дорогою вони біжать в колі.

Раптом хтось постукав.

Так страх перетворився на смиливість.

Смиливість винагороджується."
47,Аня і знахідка,"Живе Аня, яка швидко думає, біля великого дуба.

Пахне свіжою травою.

Одного разу Аня хоче знайти море.

Але вітер був сильний.

Приходить Бабуся Ліна, яка все знає.

Я теж іду!

Беруть з собою маленький ліхтар.

Дорогою вони відпочивають в колі.

Дорогою вони сміються трохи.

Раптом пролетів танцюючий метелик.

Всі сміються і йдуть додому.

Ділитися радісно."
48,Макс і відкриття,"Живе Макс, веселий хлопець, в зеленому парку.

Скрізь тихо і спокійно.

Одного разу Макс хоче побачити зоряне небо.

Але був туман.

Приходить Бабуся Ліна, яка все знає.

Добре, що я тут.

Беруть з собою синю пляшку.

Дорогою вони балакають біля струмка.

Дорогою вони танцюють біля струмка.

Раптом піднявся вітер.

Так пригода гарно закінчилася.

Разом все легше."
49,Міло і похід,"Живе Міло, цікавий хлопець, в старому лісі.

Сонце світить тепло.

Одного разу Міло хоче піднятися на вежу.

Але міст зламаний.

Приходить Бабуся Ліна, яка все знає.

Разом впораємося!

Беруть з собою жовту сумку.

Дорогою вони відпочивають голосно.

Дорогою вони граються весело.

Раптом впала падаюча зірка.

Накінці всі щасливі.

Справжні друзі завжди допомагають."
50,Лена і гонка,"Живе Лена, яка любить малювати, на жовтому полі.

Літають метелики.

Одного разу Лена хоче відвідати старий замок.

Але собака гучно гавкав.

Приходить Борсук, садівник.

Не бійся, я допоможу тобі.

Беруть з собою червону мотузку.

Дорогою вони балакають в колі.

Дорогою вони балакають трохи.

Раптом хтось засміявся.

Пригода лишилася незабутньою.

Терпіння приносить удачу."
51,Фінн і загадка,"Живе Фінн, маленький мрійник, в маленькому селі.

Пахне квітами.

Одного разу Фінн хоче дослідити ліс.

Але шлях був перекритий.

Приходить Борсук, садівник.

Я теж іду!

Беруть з собою старий бінокль.

Дорогою вони граються разом.

Дорогою вони відпочивають разом.

Раптом щось гучно зашурхотіло.

Всі повернулися задоволені.

Цікавість веде до див."
52,Піппа і сюрприз,"Живе Піппа, хоробра миша, на барвистому ринку.

Струмок тихо дзюрчить.

Одного разу Піппа хоче відкрити острів.

Але почався дощ.

Приходить Борсук, садівник.

Добре, що я тут.

Беруть з собою маленький ножик.

Дорогою вони балакають голосно.

Дорогою вони сміються в колі.

Раптом закумкала жаба.

Так день був ідеальним.

Сміх завжди допомагає."
53,Нора і велика пригода,"Живе Нора, яка ставить багато питань, біля старого колодязя.

Небо блакитне.

Одного разу Нора хоче знайти печеру.

Але карта зникла.

Приходить Борсук, садівник.

Разом впораємося!

Беруть з собою теплу ковдру.

Дорогою вони граються весело.

Дорогою вони танцюють голосно.

Раптом загавкав собака.

Всі плескали від радості.

Хто сміливий, той перемагає."
54,Тео і таємниця,"Живе Тео, веселий хлопець, на дитячому майданчику.

Птахи весело співають.

Одного разу Тео хоче побачити високу гору.

Але стемніло.

Приходить Борсук, садівник.

Не бійся, я допоможу тобі.

Беруть з собою барвисту карту.

Дорогою вони танцюють разом.

Дорогою вони граються біля струмка.

Раптом упав листок.

Так страх перетворився на смиливість.

Смиливість винагороджується."
55,Найкращий день: Емма,"Живе Емма, хоробра дівчинка, біля синьої річки.

Пахне свіжою травою.

Одного разу Емма хоче шукати скарб.

Але річка була занадто глибока.

Приходить Борсук, садівник.

Я теж іду!

Беруть з собою стару монету.

Дорогою вони граються трохи.

Дорогою вони балакають в колі.

Раптом задзижчала бджола.

Всі сміються і йдуть додому.

Ділитися радісно."
56,Павло і скарб,"Живе Павло, який любить будувати, на зеленому лузі.

Скрізь тихо і спокійно.

Одного разу Павло хоче перепливти озеро.

Але дерево лежало впоперек.

Приходить Борсук, садівник.

Добре, що я тут.

Беруть з собою зелену мотузку.

Дорогою вони танцюють весело.

Дорогою вони відпочивають трохи.

Раптом хтось постукав.

Так пригода гарно закінчилася.

Разом все легше."
57,Мія і таємниця,"Живе Мія, маленька співачка, біля великого дуба.

Сонце світить тепло.

Одного разу Мія хоче знайти море.

Але вітер був сильний.

Приходить Тітка Міра, весела сусідка.

Разом впораємося!

Беруть з собою маленький ліхтар.

Дорогою вони граються біля струмка.

Дорогою вони розповідають історії.

Раптом пролетів танцюючий метелик.

Накінці всі щасливі.

Справжні друзі завжди допомагають."
58,Лео і план,"Живе Лео, який любить тварин, в зеленому парку.

Літають метелики.

Одного разу Лео хоче побачити зоряне небо.

Але був туман.

Приходить Тітка Міра, весела сусідка.

Не бійся, я допоможу тобі.

Беруть з собою синю пляшку.

Дорогою вони танцюють трохи.

Дорогою вони біжать весело.

Раптом піднявся вітер.

Пригода лишилася незабутньою.

Терпіння приносить удачу."
59,Аня і подорож,"Живе Аня, яка швидко думає, в старому лісі.

Пахне квітами.

Одного разу Аня хоче піднятися на вежу.

Але міст зламаний.

Приходить Тітка Міра, весела сусідка.

Я теж іду!

Беруть з собою жовту сумку.

Дорогою вони граються в колі.

Дорогою вони граються голосно.

Раптом впала падаюча зірка.

Всі повернулися задоволені.

Цікавість веде до див."
60,Макс і знахідка,"Живе Макс, веселий хлопець, на жовтому полі.

Струмок тихо дзюрчить.

Одного разу Макс хоче відвідати старий замок.

Але собака гучно гавкав.

Приходить Тітка Міра, весела сусідка.

Добре, що я тут.

Беруть з собою червону мотузку.

Дорогою вони танцюють біля струмка.

Дорогою вони танцюють разом.

Раптом хтось засміявся.

Так день був ідеальним.

Сміх завжди допомагає."
61,Міло і відкриття,"Живе Міло, цікавий хлопець, в маленькому селі.

Небо блакитне.

Одного разу Міло хоче дослідити ліс.

Але шлях був перекритий.

Приходить Тітка Міра, весела сусідка.

Разом впораємося!

Беруть з собою старий бінокль.

Дорогою вони граються голосно.

Дорогою вони відпочивають в колі.

Раптом щось гучно зашурхотіло.

Всі плескали від радості.

Хто сміливий, той перемагає."
62,Лена і похід,"Живе Лена, яка любить малювати, на барвистому ринку.

Птахи весело співають.

Одного разу Лена хоче відкрити острів.

Але почався дощ.

Приходить Тітка Міра, весела сусідка.

Не бійся, я допоможу тобі.

Беруть з собою маленький ножик.

Дорогою вони танцюють в колі.

Дорогою вони співають пісню.

Раптом закумкала жаба.

Так страх перетворився на смиливість.

Смиливість винагороджується."
63,Фінн і гонка,"Живе Фінн, маленький мрійник, біля старого колодязя.

Пахне свіжою травою.

Одного разу Фінн хоче знайти печеру.

Але карта зникла.

Приходить Тітка Міра, весела сусідка.

Я теж іду!

Беруть з собою теплу ковдру.

Дорогою вони сміються разом.

Дорогою вони біжать біля струмка.

Раптом загавкав собака.

Всі сміються і йдуть додому.

Ділитися радісно."
64,Піппа і загадка,"Живе Піппа, хоробра миша, на дитячому майданчику.

Скрізь тихо і спокійно.

Одного разу Піппа хоче побачити високу гору.

Але стемніло.

Приходить Дідусь Карл, який все лагодить.

Добре, що я тут.

Беруть з собою барвисту карту.

Дорогою вони танцюють голосно.

Дорогою вони сміються весело.

Раптом упав листок.

Так пригода гарно закінчилася.

Разом все легше."
65,Нора і сюрприз,"Живе Нора, яка ставить багато питань, біля синьої річки.

Сонце світить тепло.

Одного разу Нора хоче шукати скарб.

Але річка була занадто глибока.

Приходить Дідусь Карл, який все лагодить.

Разом впораємося!

Беруть з собою стару монету.

Дорогою вони сміються весело.

Дорогою вони танцюють трохи.

Раптом задзижчала бджола.

Накінці всі щасливі.

Справжні друзі завжди допомагають."
66,Тео і велика пригода,"Живе Тео, веселий хлопець, на зеленому лузі.

Літають метелики.

Одного разу Тео хоче перепливти озеро.

Але дерево лежало впоперек.

Приходить Дідусь Карл, який все лагодить.

Не бійся, я допоможу тобі.

Беруть з собою зелену мотузку.

Дорогою вони біжать разом.

Дорогою вони граються разом.

Раптом хтось постукав.

Пригода лишилася незабутньою.

Терпіння приносить удачу."
67,Емма і таємниця,"Живе Емма, хоробра дівчинка, біля великого дуба.

Пахне квітами.

Одного разу Емма хоче знайти море.

Але вітер був сильний.

Приходить Дідусь Карл, який все лагодить.

Я теж іду!

Беруть з собою маленький ліхтар.

Дорогою вони сміються трохи.

Дорогою вони балакають весело.

Раптом пролетів танцюючий метелик.

Всі повернулися задоволені.

Цікавість веде до див."
68,Найкращий день: Павло,"Живе Павло, який любить будувати, в зеленому парку.

Струмок тихо дзюрчить.

Одного разу Павло хоче побачити зоряне небо.

Але був туман.

Приходить Дідусь Карл, який все лагодить.

Добре, що я тут.

Беруть з собою синю пляшку.

Дорогою вони біжать весело.

Дорогою вони біжать голосно.

Раптом піднявся вітер.

Так день був ідеальним.

Сміх завжди допомагає."
69,Мія і скарб,"Живе Мія, маленька співачка, в старому лісі.

Небо блакитне.

Одного разу Мія хоче піднятися на вежу.

Але міст зламаний.

Приходить Дідусь Карл, який все лагодить.

Разом впораємося!

Беруть з собою жовту сумку.

Дорогою вони сміються біля струмка.

Дорогою вони сміються трохи.

Раптом впала падаюча зірка.

Всі плескали від радості.

Хто сміливий, той перемагає."
70,Лео і таємниця,"Живе Лео, який любить тварин, на жовтому полі.

Птахи весело співають.

Одного разу Лео хоче відвідати старий замок.

Але собака гучно гавкав.

Приходить Дідусь Карл, який все лагодить.

Не бійся, я допоможу тобі.

Беруть з собою червону мотузку.

Дорогою вони біжать трохи.

Дорогою вони танцюють в колі.

Раптом хтось засміявся.

Так страх перетворився на смиливість.

Смиливість винагороджується."
71,Аня і план,"Живе Аня, яка швидко думає, в маленькому селі.

Пахне свіжою травою.

Одного разу Аня хоче дослідити ліс.

Але шлях був перекритий.

Приходить Пекар.

Я теж іду!

Беруть з собою старий бінокль.

Дорогою вони сміються в колі.

Дорогою вони граються трохи.

Раптом щось гучно зашурхотіло.

Всі сміються і йдуть додому.

Ділитися радісно."
72,Макс і подорож,"Живе Макс, веселий хлопець, на барвистому ринку.

Скрізь тихо і спокійно.

Одного разу Макс хоче відкрити острів.

Але почався дощ.

Приходить Пекар.

Добре, що я тут.

Беруть з собою маленький ножик.

Дорогою вони біжать біля струмка.

Дорогою вони балакають біля струмка.

Раптом закумкала жаба.

Так пригода гарно закінчилася.

Разом все легше."
73,Міло і знахідка,"Живе Міло, цікавий хлопець, біля старого колодязя.

Сонце світить тепло.

Одного разу Міло хоче знайти печеру.

Але карта зникла.

Приходить Пекар.

Разом впораємося!

Беруть з собою теплу ковдру.

Дорогою вони сміються голосно.

Дорогою вони відпочивають весело.

Раптом загавкав собака.

Накінці всі щасливі.

Справжні друзі завжди допомагають."
74,Лена і відкриття,"Живе Лена, яка любить малювати, на дитячому майданчику.

Літають метелики.

Одного разу Лена хоче побачити високу гору.

Але стемніло.

Приходить Пекар.

Не бійся, я допоможу тобі.

Беруть з собою барвисту карту.

Дорогою вони біжать в колі.

Дорогою вони сміються голосно.

Раптом упав листок.

Пригода лишилася незабутньою.

Терпіння приносить удачу."
75,Фінн і похід,"Живе Фінн, маленький мрійник, біля синьої річки.

Пахне квітами.

Одного разу Фінн хоче шукати скарб.

Але річка була занадто глибока.

Приходить Пекар.

Я теж іду!

Беруть з собою стару монету.

Дорогою вони розповідають історії.

Дорогою вони біжать разом.

Раптом задзижчала бджола.

Всі повернулися задоволені.

Цікавість веде до див."
76,Піппа і гонка,"Живе Піппа, хоробра миша, на зеленому лузі.

Струмок тихо дзюрчить.

Одного разу Піппа хоче перепливти озеро.

Але дерево лежало впоперек.

Приходить Пекар.

Добре, що я тут.

Беруть з собою зелену мотузку.

Дорогою вони біжать голосно.

Дорогою вони граються в колі.

Раптом хтось постукав.

Так день був ідеальним.

Сміх завжди допомагає."
77,Нора і загадка,"Живе Нора, яка ставить багато питань, біля великого дуба.

Небо блакитне.

Одного разу Нора хоче знайти море.

Але вітер був сильний.

Приходить Пекар.

Разом впораємося!

Беруть з собою маленький ліхтар.

Дорогою вони багато сміються.

Дорогою вони балакають голосно.

Раптом пролетів танцюючий метелик.

Всі плескали від радості.

Хто сміливий, той перемагає."
78,Тео і сюрприз,"Живе Тео, веселий хлопець, в зеленому парку.

Птахи весело співають.

Одного разу Тео хоче побачити зоряне небо.

Але був туман.

Приходить Листоноша.

Не бійся, я допоможу тобі.

Беруть з собою синю пляшку.

Дорогою вони відпочивають разом.

Дорогою вони відпочивають біля струмка.

Раптом піднявся вітер.

Так страх перетворився на смиливість.

Смиливість винагороджується."
79,Емма і велика пригода,"Живе Емма, хоробра дівчинка, в старому лісі.

Пахне свіжою травою.

Одного разу Емма хоче піднятися на вежу.

Але міст зламаний.

Приходить Листоноша.

Я теж іду!

Беруть з собою жовту сумку.

Дорогою вони співають пісню.

Дорогою вони багато сміються.

Раптом впала падаюча зірка.

Всі сміються і йдуть додому.

Ділитися радісно."
80,Павло і таємниця,"Живе Павло, який любить будувати, на жовтому полі.

Скрізь тихо і спокійно.

Одного разу Павло хоче відвідати старий замок.

Але собака гучно гавкав.

Приходить Листоноша.

Добре, що я тут.

Беруть з собою червону мотузку.

Дорогою вони відпочивають весело.

Дорогою вони біжать трохи.

Раптом хтось засміявся.

Так пригода гарно закінчилася.

Разом все легше."
81,Найкращий день: Мія,"Живе Мія, маленька співачка, в маленькому селі.

Сонце світить тепло.

Одного разу Мія хоче дослідити ліс.

Але шлях був перекритий.

Приходить Листоноша.

Разом впораємося!

Беруть з собою старий бінокль.

Дорогою вони балакають разом.

Дорогою вони сміються разом.

Раптом щось гучно зашурхотіло.

Накінці всі щасливі.

Справжні друзі завжди допомагають."
82,Лео і скарб,"Живе Лео, який любить тварин, на барвистому ринку.

Літають метелики.

Одного разу Лео хоче відкрити острів.

Але почався дощ.

Приходить Листоноша.

Не бійся, я допоможу тобі.

Беруть з собою маленький ножик.

Дорогою вони відпочивають трохи.

Дорогою вони танцюють весело.

Раптом закумкала жаба.

Пригода лишилася незабутньою.

Терпіння приносить удачу."
83,Аня і таємниця,"Живе Аня, яка швидко думає, біля старого колодязя.

Пахне квітами.

Одного разу Аня хоче знайти печеру.

Але карта зникла.

Приходить Листоноша.

Я теж іду!

Беруть з собою теплу ковдру.

Дорогою вони балакають весело.

Дорогою вони відпочивають голосно.

Раптом загавкав собака.

Всі повернулися задоволені.

Цікавість веде до див."
84,Макс і план,"Живе Макс, веселий хлопець, на дитячому майданчику.

Струмок тихо дзюрчить.

Одного разу Макс хоче побачити високу гору.

Але стемніло.

Приходить Листоноша.

Добре, що я тут.

Беруть з собою барвисту карту.

Дорогою вони відпочивають біля струмка.

Дорогою вони балакають разом.

Раптом упав листок.

Так день був ідеальним.

Сміх завжди допомагає."
85,Міло і подорож,"Живе Міло, цікавий хлопець, біля синьої річки.

Небо блакитне.

Одного разу Міло хоче шукати скарб.

Але річка була занадто глибока.

Приходить Бабуся Ліна, яка все знає.

Разом впораємося!

Беруть з собою стару монету.

Дорогою вони балакають трохи.

Дорогою вони біжать в колі.

Раптом задзижчала бджола.

Всі плескали від радості.

Хто сміливий, той перемагає."
86,Лена і знахідка,"Живе Лена, яка любить малювати, на зеленому лузі.

Птахи весело співають.

Одного разу Лена хоче перепливти озеро.

Але дерево лежало впоперек.

Приходить Бабуся Ліна, яка все знає.

Не бійся, я допоможу тобі.

Беруть з собою зелену мотузку.

Дорогою вони відпочивають в колі.

Дорогою вони сміються трохи.

Раптом хтось постукав.

Так страх перетворився на смиливість.

Смиливість винагороджується."
87,Фінн і відкриття,"Живе Фінн, маленький мрійник, біля великого дуба.

Пахне свіжою травою.

Одного разу Фінн хоче знайти море.

Але вітер був сильний.

Приходить Бабуся Ліна, яка все знає.

Я теж іду!

Беруть з собою маленький ліхтар.

Дорогою вони балакають біля струмка.

Дорогою вони танцюють біля струмка.

Раптом пролетів танцюючий метелик.

Всі сміються і йдуть додому.

Ділитися радісно."
88,Піппа і похід,"Живе Піппа, хоробра миша, в зеленому парку.

Скрізь тихо і спокійно.

Одного разу Піппа хоче побачити зоряне небо.

Але був туман.

Приходить Бабуся Ліна, яка все знає.

Добре, що я тут.

Беруть з собою синю пляшку.

Дорогою вони відпочивають голосно.

Дорогою вони граються весело.

Раптом піднявся вітер.

Так пригода гарно закінчилася.

Разом все легше."
89,Нора і гонка,"Живе Нора, яка ставить багато питань, в старому лісі.

Сонце світить тепло.

Одного разу Нора хоче піднятися на вежу.

Але міст зламаний.

Приходить Бабуся Ліна, яка все знає.

Разом впораємося!

Беруть з собою жовту сумку.

Дорогою вони балакають в колі.

Дорогою вони балакають трохи.

Раптом впала падаюча зірка.

Накінці всі щасливі.

Справжні друзі завжди допомагають."
90,Тео і загадка,"Живе Тео, веселий хлопець, на жовтому полі.

Літають метелики.

Одного разу Тео хоче відвідати старий замок.

Але собака гучно гавкав.

Приходить Бабуся Ліна, яка все знає.

Не бійся, я допоможу тобі.

Беруть з собою червону мотузку.

Дорогою вони граються разом.

Дорогою вони відпочивають разом.

Раптом хтось засміявся.

Пригода лишилася незабутньою.

Терпіння приносить удачу."
91,Емма і сюрприз,"Живе Емма, хоробра дівчинка, в маленькому селі.

Пахне квітами.

Одного разу Емма хоче дослідити ліс.

Але шлях був перекритий.

Приходить Бабуся Ліна, яка все знає.

Я теж іду!

Беруть з собою старий бінокль.

Дорогою вони балакають голосно.

Дорогою вони сміються в колі.

Раптом щось гучно зашурхотіло.

Всі повернулися задоволені.

Цікавість веде до див."
92,Павло і велика пригода,"Живе Павло, який любить будувати, на барвистому ринку.

Струмок тихо дзюрчить.

Одного разу Павло хоче відкрити острів.

Але почався дощ.

Приходить Борсук, садівник.

Добре, що я тут.

Беруть з собою маленький ножик.

Дорогою вони граються весело.

Дорогою вони танцюють голосно.

Раптом закумкала жаба.

Так день був ідеальним.

Сміх завжди допомагає."
93,Мія і таємниця,"Живе Мія, маленька співачка, біля старого колодязя.

Небо блакитне.

Одного разу Мія хоче знайти печеру.

Але карта зникла.

Приходить Борсук, садівник.

Разом впораємося!

Беруть з собою теплу ковдру.

Дорогою вони танцюють разом.

Дорогою вони граються біля струмка.

Раптом загавкав собака.

Всі плескали від радості.

Хто сміливий, той перемагає."
94,Найкращий день: Лео,"Живе Лео, який любить тварин, на дитячому майданчику.

Птахи весело співають.

Одного разу Лео хоче побачити високу гору.

Але стемніло.

Приходить Борсук, садівник.

Не бійся, я допоможу тобі.

Беруть з собою барвисту карту.

Дорогою вони граються трохи.

Дорогою вони балакають в колі.

Раптом упав листок.

Так страх перетворився на смиливість.

Смиливість винагороджується."
95,Аня і скарб,"Живе Аня, яка швидко думає, біля синьої річки.

Пахне свіжою травою.

Одного разу Аня хоче шукати скарб.

Але річка була занадто глибока.

Приходить Борсук, садівник.

Я теж іду!

Беруть з собою стару монету.

Дорогою вони танцюють весело.

Дорогою вони відпочивають трохи.

Раптом задзижчала бджола.

Всі сміються і йдуть додому.

Ділитися радісно."
96,Макс і таємниця,"Живе Макс, веселий хлопець, на зеленому лузі.

Скрізь тихо і спокійно.

Одного разу Макс хоче перепливти озеро.

Але дерево лежало впоперек.

Приходить Борсук, садівник.

Добре, що я тут.

Беруть з собою зелену мотузку.

Дорогою вони граються біля струмка.

Дорогою вони розповідають історії.

Раптом хтось постукав.

Так пригода гарно закінчилася.

Разом все легше."
97,Міло і план,"Живе Міло, цікавий хлопець, біля великого дуба.

Сонце світить тепло.

Одного разу Міло хоче знайти море.

Але вітер був сильний.

Приходить Борсук, садівник.

Разом впораємося!

Беруть з собою маленький ліхтар.

Дорогою вони танцюють трохи.

Дорогою вони біжать весело.

Раптом пролетів танцюючий метелик.

Накінці всі щасливі.

Справжні друзі завжди допомагають."
98,Лена і подорож,"Живе Лена, яка любить малювати, в зеленому парку.

Літають метелики.

Одного разу Лена хоче побачити зоряне небо.

Але був туман.

Приходить Борсук, садівник.

Не бійся, я допоможу тобі.

Беруть з собою синю пляшку.

Дорогою вони граються в колі.

Дорогою вони граються голосно.

Раптом піднявся вітер.

Пригода лишилася незабутньою.

Терпіння приносить удачу."
99,Фінн і знахідка,"Живе Фінн, маленький мрійник, в старому лісі.

Пахне квітами.

Одного разу Фінн хоче піднятися на вежу.

Але міст зламаний.

Приходить Тітка Міра, весела сусідка.

Я теж іду!

Беруть з собою жовту сумку.

Дорогою вони танцюють біля струмка.

Дорогою вони танцюють разом.

Раптом впала падаюча зірка.

Всі повернулися задоволені.

Цікавість веде до див."
100,Піппа і відкриття,"Живе Піппа, хоробра миша, на жовтому полі.

Струмок тихо дзюрчить.

Одного разу Піппа хоче відвідати старий замок.

Але собака гучно гавкав.

Приходить Тітка Міра, весела сусідка.

Добре, що я тут.

Беруть з собою червону мотузку.

Дорогою вони граються голосно.

Дорогою вони відпочивають в колі.

Раптом хтось засміявся.

Так день був ідеальним.

Сміх завжди допомагає."
101,Нора і похід,"Живе Нора, яка ставить багато питань, в маленькому селі.

Небо блакитне.

Одного разу Нора хоче дослідити ліс.

Але шлях був перекритий.

Приходить Тітка Міра, весела сусідка.

Разом впораємося!

Беруть з собою старий бінокль.

Дорогою вони танцюють в колі.

Дорогою вони співають пісню.

Раптом щось гучно зашурхотіло.

Всі плескали від радості.

Хто сміливий, той перемагає."
102,Тео і гонка,"Живе Тео, веселий хлопець, на барвистому ринку.

Птахи весело співають.

Одного разу Тео хоче відкрити острів.

Але почався дощ.

Приходить Тітка Міра, весела сусідка.

Не бійся, я допоможу тобі.

Беруть з собою маленький ножик.

Дорогою вони сміються разом.

Дорогою вони біжать біля струмка.

Раптом закумкала жаба.

Так страх перетворився на смиливість.

Смиливість винагороджується."
103,Емма і загадка,"Живе Емма, хоробра дівчинка, біля старого колодязя.

Пахне свіжою травою.

Одного разу Емма хоче знайти печеру.

Але карта зникла.

Приходить Тітка Міра, весела сусідка.

Я теж іду!

Беруть з собою теплу ковдру.

Дорогою вони танцюють голосно.

Дорогою вони сміються весело.

Раптом загавкав собака.

Всі сміються і йдуть додому.

Ділитися радісно."
104,Павло і сюрприз,"Живе Павло, який любить будувати, на дитячому майданчику.

Скрізь тихо і спокійно.

Одного разу Павло хоче побачити високу гору.

Але стемніло.

Приходить Тітка Міра, весела сусідка.

Добре, що я тут.

Беруть з собою барвисту карту.

Дорогою вони сміються весело.

Дорогою вони танцюють трохи.

Раптом упав листок.

Так пригода гарно закінчилася.

Разом все легше."
105,Мія і велика пригода,"Живе Мія, маленька співачка, біля синьої річки.

Сонце світить тепло.

Одного разу Мія хоче шукати скарб.

Але річка була занадто глибока.

Приходить Тітка Міра, весела сусідка.

Разом впораємося!

Беруть з собою стару монету.

Дорогою вони біжать разом.

Дорогою вони граються разом.

Раптом задзижчала бджола.

Накінці всі щасливі.

Справжні друзі завжди допомагають."
106,Лео і таємниця,"Живе Лео, який любить тварин, на зеленому лузі.

Літають метелики.

Одного разу Лео хоче перепливти озеро.

Але дерево лежало впоперек.

Приходить Дідусь Карл, який все лагодить.

Не бійся, я допоможу тобі.

Беруть з собою зелену мотузку.

Дорогою вони сміються трохи.

Дорогою вони балакають весело.

Раптом хтось постукав.

Пригода лишилася незабутньою.

Терпіння приносить удачу."
107,Найкращий день: Аня,"Живе Аня, яка швидко думає, біля великого дуба.

Пахне квітами.

Одного разу Аня хоче знайти море.

Але вітер був сильний.

Приходить Дідусь Карл, який все лагодить.

Я теж іду!

Беруть з собою маленький ліхтар.

Дорогою вони біжать весело.

Дорогою вони біжать голосно.

Раптом пролетів танцюючий метелик.

Всі повернулися задоволені.

Цікавість веде до див."
108,Макс і скарб,"Живе Макс, веселий хлопець, в зеленому парку.

Струмок тихо дзюрчить.

Одного разу Макс хоче побачити зоряне небо.

Але був туман.

Приходить Дідусь Карл, який все лагодить.

Добре, що я тут.

Беруть з собою синю пляшку.

Дорогою вони сміються біля струмка.

Дорогою вони сміються трохи.

Раптом піднявся вітер.

Так день був ідеальним.

Сміх завжди допомагає."
109,Міло і таємниця,"Живе Міло, цікавий хлопець, в старому лісі.

Небо блакитне.

Одного разу Міло хоче піднятися на вежу.

Але міст зламаний.

Приходить Дідусь Карл, який все лагодить.

Разом впораємося!

Беруть з собою жовту сумку.

Дорогою вони біжать трохи.

Дорогою вони танцюють в колі.

Раптом впала падаюча зірка.

Всі плескали від радості.

Хто сміливий, той перемагає."
110,Лена і план,"Живе Лена, яка любить малювати, на жовтому полі.

Птахи весело співають.

Одного разу Лена хоче відвідати старий замок.

Але собака гучно гавкав.

Приходить Дідусь Карл, який все лагодить.

Не бійся, я допоможу тобі.

Беруть з собою червону мотузку.

Дорогою вони сміються в колі.

Дорогою вони граються трохи.

Раптом хтось засміявся.

Так страх перетворився на смиливість.

Смиливість винагороджується."
111,Фінн і подорож,"Живе Фінн, маленький мрійник, в маленькому селі.

Пахне свіжою травою.

Одного разу Фінн хоче дослідити ліс.

Але шлях був перекритий.

Приходить Дідусь Карл, який все лагодить.

Я теж іду!

Беруть з собою старий бінокль.

Дорогою вони біжать біля струмка.

Дорогою вони балакають біля струмка.

Раптом щось гучно зашурхотіло.

Всі сміються і йдуть додому.

Ділитися радісно."
112,Піппа і знахідка,"Живе Піппа, хоробра миша, на барвистому ринку.

Скрізь тихо і спокійно.

Одного разу Піппа хоче відкрити острів.

Але почався дощ.

Приходить Дідусь Карл, який все лагодить.

Добре, що я тут.

Беруть з собою маленький ножик.

Дорогою вони сміються голосно.

Дорогою вони відпочивають весело.

Раптом закумкала жаба.

Так пригода гарно закінчилася.

Разом все легше."
113,Нора і відкриття,"Живе Нора, яка ставить багато питань, біля старого колодязя.

Сонце світить тепло.

Одного разу Нора хоче знайти печеру.

Але карта зникла.

Приходить Пекар.

Разом впораємося!

Беруть з собою теплу ковдру.

Дорогою вони біжать в колі.

Дорогою вони сміються голосно.

Раптом загавкав собака.

Накінці всі щасливі.

Справжні друзі завжди допомагають."
114,Тео і похід,"Живе Тео, веселий хлопець, на дитячому майданчику.

Літають метелики.

Одного разу Тео хоче побачити високу гору.

Але стемніло.

Приходить Пекар.

Не бійся, я допоможу тобі.

Беруть з собою барвисту карту.

Дорогою вони розповідають історії.

Дорогою вони біжать разом.

Раптом упав листок.

Пригода лишилася незабутньою.

Терпіння приносить удачу."
115,Емма і гонка,"Живе Емма, хоробра дівчинка, біля синьої річки.

Пахне квітами.

Одного разу Емма хоче шукати скарб.

Але річка була занадто глибока.

Приходить Пекар.

Я теж іду!

Беруть з собою стару монету.

Дорогою вони біжать голосно.

Дорогою вони граються в колі.

Раптом задзижчала бджола.

Всі повернулися задоволені.

Цікавість веде до див."
116,Павло і загадка,"Живе Павло, який любить будувати, на зеленому лузі.

Струмок тихо дзюрчить.

Одного разу Павло хоче перепливти озеро.

Але дерево лежало впоперек.

Приходить Пекар.

Добре, що я тут.

Беруть з собою зелену мотузку.

Дорогою вони багато сміються.

Дорогою вони балакають голосно.

Раптом хтось постукав.

Так день був ідеальним.

Сміх завжди допомагає."
117,Мія і сюрприз,"Живе Мія, маленька співачка, біля великого дуба.

Небо блакитне.

Одного разу Мія хоче знайти море.

Але вітер був сильний.

Приходить Пекар.

Разом впораємося!

Беруть з собою маленький ліхтар.

Дорогою вони відпочивають разом.

Дорогою вони відпочивають біля струмка.

Раптом пролетів танцюючий метелик.

Всі плескали від радості.

Хто сміливий, той перемагає."
118,Лео і велика пригода,"Живе Лео, який любить тварин, в зеленому парку.

Птахи весело співають.

Одного разу Лео хоче побачити зоряне небо.

Але був туман.

Приходить Пекар.

Не бійся, я допоможу тобі.

Беруть з собою синю пляшку.

Дорогою вони співають пісню.

Дорогою вони багато сміються.

Раптом піднявся вітер.

Так страх перетворився на смиливість.

Смиливість винагороджується."
119,Аня і таємниця,"Живе Аня, яка швидко думає, в старому лісі.

Пахне свіжою травою.

Одного разу Аня хоче піднятися на вежу.

Але міст зламаний.

Приходить Пекар.

Я теж іду!

Беруть з собою жовту сумку.

Дорогою вони відпочивають весело.

Дорогою вони біжать трохи.

Раптом впала падаюча зірка.

Всі сміються і йдуть додому.

Ділитися радісно."
120,Найкращий день: Макс,"Живе Макс, веселий хлопець, на жовтому полі.

Скрізь тихо і спокійно.

Одного разу Макс хоче відвідати старий замок.

Але собака гучно гавкав.

Приходить Листоноша.

Добре, що я тут.

Беруть з собою червону мотузку.

Дорогою вони балакають разом.

Дорогою вони сміються разом.

Раптом хтось засміявся.

Так пригода гарно закінчилася.

Разом все легше."
121,Міло і скарб,"Живе Міло, цікавий хлопець, в маленькому селі.

Сонце світить тепло.

Одного разу Міло хоче дослідити ліс.

Але шлях був перекритий.

Приходить Листоноша.

Разом впораємося!

Беруть з собою старий бінокль.

Дорогою вони відпочивають трохи.

Дорогою вони танцюють весело.

Раптом щось гучно зашурхотіло.

Накінці всі щасливі.

Справжні друзі завжди допомагають."
122,Лена і таємниця,"Живе Лена, яка любить малювати, на барвистому ринку.

Літають метелики.

Одного разу Лена хоче відкрити острів.

Але почався дощ.

Приходить Листоноша.

Не бійся, я допоможу тобі.

Беруть з собою маленький ножик.

Дорогою вони балакають весело.

Дорогою вони відпочивають голосно.

Раптом закумкала жаба.

Пригода лишилася незабутньою.

Терпіння приносить удачу."
123,Фінн і план,"Живе Фінн, маленький мрійник, біля старого колодязя.

Пахне квітами.

Одного разу Фінн хоче знайти печеру.

Але карта зникла.

Приходить Листоноша.

Я теж іду!

Беруть з собою теплу ковдру.

Дорогою вони відпочивають біля струмка.

Дорогою вони балакають разом.

Раптом загавкав собака.

Всі повернулися задоволені.

Цікавість веде до див."
124,Піппа і подорож,"Живе Піппа, хоробра миша, на дитячому майданчику.

Струмок тихо дзюрчить.

Одного разу Піппа хоче побачити високу гору.

Але стемніло.

Приходить Листоноша.

Добре, що я тут.

Беруть з собою барвисту карту.

Дорогою вони балакають трохи.

Дорогою вони біжать в колі.

Раптом упав листок.

Так день був ідеальним.

Сміх завжди допомагає."
125,Нора і знахідка,"Живе Нора, яка ставить багато питань, біля синьої річки.

Небо блакитне.

Одного разу Нора хоче шукати скарб.

Але річка була занадто глибока.

Приходить Листоноша.

Разом впораємося!

Беруть з собою стару монету.

Дорогою вони відпочивають в колі.

Дорогою вони сміються трохи.

Раптом задзижчала бджола.

Всі плескали від радості.

Хто сміливий, той перемагає."
126,Тео і відкриття,"Живе Тео, веселий хлопець, на зеленому лузі.

Птахи весело співають.

Одного разу Тео хоче перепливти озеро.

Але дерево лежало впоперек.

Приходить Листоноша.

Не бійся, я допоможу тобі.

Беруть з собою зелену мотузку.

Дорогою вони балакають біля струмка.

Дорогою вони танцюють біля струмка.

Раптом хтось постукав.

Так страх перетворився на смиливість.

Смиливість винагороджується."
127,Емма і похід,"Живе Емма, хоробра дівчинка, біля великого дуба.

Пахне свіжою травою.

Одного разу Емма хоче знайти море.

Але вітер був сильний.

Приходить Бабуся Ліна, яка все знає.

Я теж іду!

Беруть з собою маленький ліхтар.

Дорогою вони відпочивають голосно.

Дорогою вони граються весело.

Раптом пролетів танцюючий метелик.

Всі сміються і йдуть додому.

Ділитися радісно."
128,Павло і гонка,"Живе Павло, який любить будувати, в зеленому парку.

Скрізь тихо і спокійно.

Одного разу Павло хоче побачити зоряне небо.

Але був туман.

Приходить Бабуся Ліна, яка все знає.

Добре, що я тут.

Беруть з собою синю пляшку.

Дорогою вони балакають в колі.

Дорогою вони балакають трохи.

Раптом піднявся вітер.

Так пригода гарно закінчилася.

Разом все легше."
129,Мія і загадка,"Живе Мія, маленька співачка, в старому лісі.

Сонце світить тепло.

Одного разу Мія хоче піднятися на вежу.

Але міст зламаний.

Приходить Бабуся Ліна, яка все знає.

Разом впораємося!

Беруть з собою жовту сумку.

Дорогою вони граються разом.

Дорогою вони відпочивають разом.

Раптом впала падаюча зірка.

Накінці всі щасливі.

Справжні друзі завжди допомагають."
130,Лео і сюрприз,"Живе Лео, який любить тварин, на жовтому полі.

Літають метелики.

Одного разу Лео хоче відвідати старий замок.

Але собака гучно гавкав.

Приходить Бабуся Ліна, яка все знає.

Не бійся, я допоможу тобі.

Беруть з собою червону мотузку.

Дорогою вони балакають голосно.

Дорогою вони сміються в колі.

Раптом хтось засміявся.

Пригода лишилася незабутньою.

Терпіння приносить удачу."
131,Аня і велика пригода,"Живе Аня, яка швидко думає, в маленькому селі.

Пахне квітами.

Одного разу Аня хоче дослідити ліс.

Але шлях був перекритий.

Приходить Бабуся Ліна, яка все знає.

Я теж іду!

Беруть з собою старий бінокль.

Дорогою вони граються весело.

Дорогою вони танцюють голосно.

Раптом щось гучно зашурхотіло.

Всі повернулися задоволені.

Цікавість веде до див."
132,Макс і таємниця,"Живе Макс, веселий хлопець, на барвистому ринку.

Струмок тихо дзюрчить.

Одного разу Макс хоче відкрити острів.

Але почався дощ.

Приходить Бабуся Ліна, яка все знає.

Добре, що я тут.

Беруть з собою маленький ножик.

Дорогою вони танцюють разом.

Дорогою вони граються біля струмка.

Раптом закумкала жаба.

Так день був ідеальним.

Сміх завжди допомагає."
133,Найкращий день: Міло,"Живе Міло, цікавий хлопець, біля старого колодязя.

Небо блакитне.

Одного разу Міло хоче знайти печеру.

Але карта зникла.

Приходить Бабуся Ліна, яка все знає.

Разом впораємося!

Беруть з собою теплу ковдру.

Дорогою вони граються трохи.

Дорогою вони балакають в колі.

Раптом загавкав собака.

Всі плескали від радості.

Хто сміливий, той перемагає."
134,Лена і скарб,"Живе Лена, яка любить малювати, на дитячому майданчику.

Птахи весело співають.

Одного разу Лена хоче побачити високу гору.

Але стемніло.

Приходить Борсук, садівник.

Не бійся, я допоможу тобі.

Беруть з собою барвисту карту.

Дорогою вони танцюють весело.

Дорогою вони відпочивають трохи.

Раптом упав листок.

Так страх перетворився на смиливість.

Смиливість винагороджується."
135,Фінн і таємниця,"Живе Фінн, маленький мрійник, біля синьої річки.

Пахне свіжою травою.

Одного разу Фінн хоче шукати скарб.

Але річка була занадто глибока.

Приходить Борсук, садівник.

Я теж іду!

Беруть з собою стару монету.

Дорогою вони граються біля струмка.

Дорогою вони розповідають історії.

Раптом задзижчала бджола.

Всі сміються і йдуть додому.

Ділитися радісно."
136,Піппа і план,"Живе Піппа, хоробра миша, на зеленому лузі.

Скрізь тихо і спокійно.

Одного разу Піппа хоче перепливти озеро.

Але дерево лежало впоперек.

Приходить Борсук, садівник.

Добре, що я тут.

Беруть з собою зелену мотузку.

Дорогою вони танцюють трохи.

Дорогою вони біжать весело.

Раптом хтось постукав.

Так пригода гарно закінчилася.

Разом все легше."
137,Нора і подорож,"Живе Нора, яка ставить багато питань, біля великого дуба.

Сонце світить тепло.

Одного разу Нора хоче знайти море.

Але вітер був сильний.

Приходить Борсук, садівник.

Разом впораємося!

Беруть з собою маленький ліхтар.

Дорогою вони граються в колі.

Дорогою вони граються голосно.

Раптом пролетів танцюючий метелик.

Накінці всі щасливі.

Справжні друзі завжди допомагають."
138,Тео і знахідка,"Живе Тео, веселий хлопець, в зеленому парку.

Літають метелики.

Одного разу Тео хоче побачити зоряне небо.

Але був туман.

Приходить Борсук, садівник.

Не бійся, я допоможу тобі.

Беруть з собою синю пляшку.

Дорогою вони танцюють біля струмка.

Дорогою вони танцюють разом.

Раптом піднявся вітер.

Пригода лишилася незабутньою.

Терпіння приносить удачу."
139,Емма і відкриття,"Живе Емма, хоробра дівчинка, в старому лісі.

Пахне квітами.

Одного разу Емма хоче піднятися на вежу.

Але міст зламаний.

Приходить Борсук, садівник.

Я теж іду!

Беруть з собою жовту сумку.

Дорогою вони граються голосно.

Дорогою вони відпочивають в колі.

Раптом впала падаюча зірка.

Всі повернулися задоволені.

Цікавість веде до див."
140,Павло і похід,"Живе Павло, який любить будувати, на жовтому полі.

Струмок тихо дзюрчить.

Одного разу Павло хоче відвідати старий замок.

Але собака гучно гавкав.

Приходить Борсук, садівник.

Добре, що я тут.

Беруть з собою червону мотузку.

Дорогою вони танцюють в колі.

Дорогою вони співають пісню.

Раптом хтось засміявся.

Так день був ідеальним.

Сміх завжди допомагає."
141,Мія і гонка,"Живе Мія, маленька співачка, в маленькому селі.

Небо блакитне.

Одного разу Мія хоче дослідити ліс.

Але шлях був перекритий.

Приходить Тітка Міра, весела сусідка.

Разом впораємося!

Беруть з собою старий бінокль.

Дорогою вони сміються разом.

Дорогою вони біжать біля струмка.

Раптом щось гучно зашурхотіло.

Всі плескали від радості.

Хто сміливий, той перемагає."
142,Лео і загадка,"Живе Лео, який любить тварин, на барвистому ринку.

Птахи весело співають.

Одного разу Лео хоче відкрити острів.

Але почався дощ.

Приходить Тітка Міра, весела сусідка.

Не бійся, я допоможу тобі.

Беруть з собою маленький ножик.

Дорогою вони танцюють голосно.

Дорогою вони сміються весело.

Раптом закумкала жаба.

Так страх перетворився на смиливість.

Смиливість винагороджується."
143,Аня і сюрприз,"Живе Аня, яка швидко думає, біля старого колодязя.

Пахне свіжою травою.

Одного разу Аня хоче знайти печеру.

Але карта зникла.

Приходить Тітка Міра, весела сусідка.

Я теж іду!

Беруть з собою теплу ковдру.

Дорогою вони сміються весело.

Дорогою вони танцюють трохи.

Раптом загавкав собака.

Всі сміються і йдуть додому.

Ділитися радісно."
144,Макс і велика пригода,"Живе Макс, веселий хлопець, на дитячому майданчику.

Скрізь тихо і спокійно.

Одного разу Макс хоче побачити високу гору.

Але стемніло.

Приходить Тітка Міра, весела сусідка.

Добре, що я тут.

Беруть з собою барвисту карту.

Дорогою вони біжать разом.

Дорогою вони граються разом.

Раптом упав листок.

Так пригода гарно закінчилася.

Разом все легше."
145,Міло і таємниця,"Живе Міло, цікавий хлопець, біля синьої річки.

Сонце світить тепло.

Одного разу Міло хоче шукати скарб.

Але річка була занадто глибока.

Приходить Тітка Міра, весела сусідка.

Разом впораємося!

Беруть з собою стару монету.

Дорогою вони сміються трохи.

Дорогою вони балакають весело.

Раптом задзижчала бджола.

Накінці всі щасливі.

Справжні друзі завжди допомагають."
146,Найкращий день: Лена,"Живе Лена, яка любить малювати, на зеленому лузі.

Літають метелики.

Одного разу Лена хоче перепливти озеро.

Але дерево лежало впоперек.

Приходить Тітка Міра, весела сусідка.

Не бійся, я допоможу тобі.

Беруть з собою зелену мотузку.

Дорогою вони біжать весело.

Дорогою вони біжать голосно.

Раптом хтось постукав.

Пригода лишилася незабутньою.

Терпіння приносить удачу."
147,Фінн і скарб,"Живе Фінн, маленький мрійник, біля великого дуба.

Пахне квітами.

Одного разу Фінн хоче знайти море.

Але вітер був сильний.

Приходить Тітка Міра, весела сусідка.

Я теж іду!

Беруть з собою маленький ліхтар.

Дорогою вони сміються біля струмка.

Дорогою вони сміються трохи.

Раптом пролетів танцюючий метелик.

Всі повернулися задоволені.

Цікавість веде до див."
148,Піппа і таємниця,"Живе Піппа, хоробра миша, в зеленому парку.

Струмок тихо дзюрчить.

Одного разу Піппа хоче побачити зоряне небо.

Але був туман.

Приходить Дідусь Карл, який все лагодить.

Добре, що я тут.

Беруть з собою синю пляшку.

Дорогою вони біжать трохи.

Дорогою вони танцюють в колі.

Раптом піднявся вітер.

Так день був ідеальним.

Сміх завжди допомагає."
149,Нора і план,"Живе Нора, яка ставить багато питань, в старому лісі.

Небо блакитне.

Одного разу Нора хоче піднятися на вежу.

Але міст зламаний.

Приходить Дідусь Карл, який все лагодить.

Разом впораємося!

Беруть з собою жовту сумку.

Дорогою вони сміються в колі.

Дорогою вони граються трохи.

Раптом впала падаюча зірка.

Всі плескали від радості.

Хто сміливий, той перемагає."
150,Тео і подорож,"Живе Тео, веселий хлопець, на жовтому полі.

Птахи весело співають.

Одного разу Тео хоче відвідати старий замок.

Але собака гучно гавкав.

Приходить Дідусь Карл, який все лагодить.

Не бійся, я допоможу тобі.

Беруть з собою червону мотузку.

Дорогою вони біжать біля струмка.

Дорогою вони балакають біля струмка.

Раптом хтось засміявся.

Так страх перетворився на смиливість.

Смиливість винагороджується."
151,Емма і знахідка,"Живе Емма, хоробра дівчинка, в маленькому селі.

Пахне свіжою травою.

Одного разу Емма хоче дослідити ліс.

Але шлях був перекритий.

Приходить Дідусь Карл, який все лагодить.

Я теж іду!

Беруть з собою старий бінокль.

Дорогою вони сміються голосно.

Дорогою вони відпочивають весело.

Раптом щось гучно зашурхотіло.

Всі сміються і йдуть додому.

Ділитися радісно."
152,Павло і відкриття,"Живе Павло, який любить будувати, на барвистому ринку.

Скрізь тихо і спокійно.

Одного разу Павло хоче відкрити острів.

Але почався дощ.

Приходить Дідусь Карл, який все лагодить.

Добре, що я тут.

Беруть з собою маленький ножик.

Дорогою вони біжать в колі.

Дорогою вони сміються голосно.

Раптом закумкала жаба.

Так пригода гарно закінчилася.

Разом все легше."
153,Мія і похід,"Живе Мія, маленька співачка, біля старого колодязя.

Сонце світить тепло.

Одного разу Мія хоче знайти печеру.

Але карта зникла.

Приходить Дідусь Карл, який все лагодить.

Разом впораємося!

Беруть з собою теплу ковдру.

Дорогою вони розповідають історії.

Дорогою вони біжать разом.

Раптом загавкав собака.

Накінці всі щасливі.

Справжні друзі завжди допомагають."
154,Лео і гонка,"Живе Лео, який любить тварин, на дитячому майданчику.

Літають метелики.

Одного разу Лео хоче побачити високу гору.

Але стемніло.

Приходить Дідусь Карл, який все лагодить.

Не бійся, я допоможу тобі.

Беруть з собою барвисту карту.

Дорогою вони біжать голосно.

Дорогою вони граються в колі.

Раптом упав листок.

Пригода лишилася незабутньою.

Терпіння приносить удачу."
155,Аня і загадка,"Живе Аня, яка швидко думає, біля синьої річки.

Пахне квітами.

Одного разу Аня хоче шукати скарб.

Але річка була занадто глибока.

Приходить Пекар.

Я теж іду!

Беруть з собою стару монету.

Дорогою вони багато сміються.

Дорогою вони балакають голосно.

Раптом задзижчала бджола.

Всі повернулися задоволені.

Цікавість веде до див."
156,Макс і сюрприз,"Живе Макс, веселий хлопець, на зеленому лузі.

Струмок тихо дзюрчить.

Одного разу Макс хоче перепливти озеро.

Але дерево лежало впоперек.

Приходить Пекар.

Добре, що я тут.

Беруть з собою зелену мотузку.

Дорогою вони відпочивають разом.

Дорогою вони відпочивають біля струмка.

Раптом хтось постукав.

Так день був ідеальним.

Сміх завжди допомагає."
157,Міло і велика пригода,"Живе Міло, цікавий хлопець, біля великого дуба.

Небо блакитне.

Одного разу Міло хоче знайти море.

Але вітер був сильний.

Приходить Пекар.

Разом впораємося!

Беруть з собою маленький ліхтар.

Дорогою вони співають пісню.

Дорогою вони багато сміються.

Раптом пролетів танцюючий метелик.

Всі плескали від радості.

Хто сміливий, той перемагає."
158,Лена і таємниця,"Живе Лена, яка любить малювати, в зеленому парку.

Птахи весело співають.

Одного разу Лена хоче побачити зоряне небо.

Але був туман.

Приходить Пекар.

Не бійся, я допоможу тобі.

Беруть з собою синю пляшку.

Дорогою вони відпочивають весело.

Дорогою вони біжать трохи.

Раптом піднявся вітер.

Так страх перетворився на смиливість.

Смиливість винагороджується."
159,Найкращий день: Фінн,"Живе Фінн, маленький мрійник, в старому лісі.

Пахне свіжою травою.

Одного разу Фінн хоче піднятися на вежу.

Але міст зламаний.

Приходить Пекар.

Я теж іду!

Беруть з собою жовту сумку.

Дорогою вони балакають разом.

Дорогою вони сміються разом.

Раптом впала падаюча зірка.

Всі сміються і йдуть додому.

Ділитися радісно."
160,Піппа і скарб,"Живе Піппа, хоробра миша, на жовтому полі.

Скрізь тихо і спокійно.

Одного разу Піппа хоче відвідати старий замок.

Але собака гучно гавкав.

Приходить Пекар.

Добре, що я тут.

Беруть з собою червону мотузку.

Дорогою вони відпочивають трохи.

Дорогою вони танцюють весело.

Раптом хтось засміявся.

Так пригода гарно закінчилася.

Разом все легше."
161,Нора і таємниця,"Живе Нора, яка ставить багато питань, в маленькому селі.

Сонце світить тепло.

Одного разу Нора хоче дослідити ліс.

Але шлях був перекритий.

Приходить Пекар.

Разом впораємося!

Беруть з собою старий бінокль.

Дорогою вони балакають весело.

Дорогою вони відпочивають голосно.

Раптом щось гучно зашурхотіло.

Накінці всі щасливі.

Справжні друзі завжди допомагають."
162,Тео і план,"Живе Тео, веселий хлопець, на барвистому ринку.

Літають метелики.

Одного разу Тео хоче відкрити острів.

Але почався дощ.

Приходить Листоноша.

Не бійся, я допоможу тобі.

Беруть з собою маленький ножик.

Дорогою вони відпочивають біля струмка.

Дорогою вони балакають разом.

Раптом закумкала жаба.

Пригода лишилася незабутньою.

Терпіння приносить удачу."
163,Емма і подорож,"Живе Емма, хоробра дівчинка, біля старого колодязя.

Пахне квітами.

Одного разу Емма хоче знайти печеру.

Але карта зникла.

Приходить Листоноша.

Я теж іду!

Беруть з собою теплу ковдру.

Дорогою вони балакають трохи.

Дорогою вони біжать в колі.

Раптом загавкав собака.

Всі повернулися задоволені.

Цікавість веде до див."
164,Павло і знахідка,"Живе Павло, який любить будувати, на дитячому майданчику.

Струмок тихо дзюрчить.

Одного разу Павло хоче побачити високу гору.

Але стемніло.

Приходить Листоноша.

Добре, що я тут.

Беруть з собою барвисту карту.

Дорогою вони відпочивають в колі.

Дорогою вони сміються трохи.

Раптом упав листок.

Так день був ідеальним.

Сміх завжди допомагає."
165,Мія і відкриття,"Живе Мія, маленька співачка, біля синьої річки.

Небо блакитне.

Одного разу Мія хоче шукати скарб.

Але річка була занадто глибока.

Приходить Листоноша.

Разом впораємося!

Беруть з собою стару монету.

Дорогою вони балакають біля струмка.

Дорогою вони танцюють біля струмка.

Раптом задзижчала бджола.

Всі плескали від радості.

Хто сміливий, той перемагає."
166,Лео і похід,"Живе Лео, який любить тварин, на зеленому лузі.

Птахи весело співають.

Одного разу Лео хоче перепливти озеро.

Але дерево лежало впоперек.

Приходить Листоноша.

Не бійся, я допоможу тобі.

Беруть з собою зелену мотузку.

Дорогою вони відпочивають голосно.

Дорогою вони граються весело.

Раптом хтось постукав.

Так страх перетворився на смиливість.

Смиливість винагороджується."
167,Аня і гонка,"Живе Аня, яка швидко думає, біля великого дуба.

Пахне свіжою травою.

Одного разу Аня хоче знайти море.

Але вітер був сильний.

Приходить Листоноша.

Я теж іду!

Беруть з собою маленький ліхтар.

Дорогою вони балакають в колі.

Дорогою вони балакають трохи.

Раптом пролетів танцюючий метелик.

Всі сміються і йдуть додому.

Ділитися радісно."
168,Макс і загадка,"Живе Макс, веселий хлопець, в зеленому парку.

Скрізь тихо і спокійно.

Одного разу Макс хоче побачити зоряне небо.

Але був туман.

Приходить Листоноша.

Добре, що я тут.

Беруть з собою синю пляшку.

Дорогою вони граються разом.

Дорогою вони відпочивають разом.

Раптом піднявся вітер.

Так пригода гарно закінчилася.

Разом все легше."
169,Міло і сюрприз,"Живе Міло, цікавий хлопець, в старому лісі.

Сонце світить тепло.

Одного разу Міло хоче піднятися на вежу.

Але міст зламаний.

Приходить Бабуся Ліна, яка все знає.

Разом впораємося!

Беруть з собою жовту сумку.

Дорогою вони балакають голосно.

Дорогою вони сміються в колі.

Раптом впала падаюча зірка.

Накінці всі щасливі.

Справжні друзі завжди допомагають."
170,Лена і велика пригода,"Живе Лена, яка любить малювати, на жовтому полі.

Літають метелики.

Одного разу Лена хоче відвідати старий замок.

Але собака гучно гавкав.

Приходить Бабуся Ліна, яка все знає.

Не бійся, я допоможу тобі.

Беруть з собою червону мотузку.

Дорогою вони граються весело.

Дорогою вони танцюють голосно.

Раптом хтось засміявся.

Пригода лишилася незабутньою.

Терпіння приносить удачу."
171,Фінн і таємниця,"Живе Фінн, маленький мрійник, в маленькому селі.

Пахне квітами.

Одного разу Фінн хоче дослідити ліс.

Але шлях був перекритий.

Приходить Бабуся Ліна, яка все знає.

Я теж іду!

Беруть з собою старий бінокль.

Дорогою вони танцюють разом.

Дорогою вони граються біля струмка.

Раптом щось гучно зашурхотіло.

Всі повернулися задоволені.

Цікавість веде до див."
172,Найкращий день: Піппа,"Живе Піппа, хоробра миша, на барвистому ринку.

Струмок тихо дзюрчить.

Одного разу Піппа хоче відкрити острів.

Але почався дощ.

Приходить Бабуся Ліна, яка все знає.

Добре, що я тут.

Беруть з собою маленький ножик.

Дорогою вони граються трохи.

Дорогою вони балакають в колі.

Раптом закумкала жаба.

Так день був ідеальним.

Сміх завжди допомагає."
173,Нора і скарб,"Живе Нора, яка ставить багато питань, біля старого колодязя.

Небо блакитне.

Одного разу Нора хоче знайти печеру.

Але карта зникла.

Приходить Бабуся Ліна, яка все знає.

Разом впораємося!

Беруть з собою теплу ковдру.

Дорогою вони танцюють весело.

Дорогою вони відпочивають трохи.

Раптом загавкав собака.

Всі плескали від радості.

Хто сміливий, той перемагає."
174,Тео і таємниця,"Живе Тео, веселий хлопець, на дитячому майданчику.

Птахи весело співають.

Одного разу Тео хоче побачити високу гору.

Але стемніло.

Приходить Бабуся Ліна, яка все знає.

Не бійся, я допоможу тобі.

Беруть з собою барвисту карту.

Дорогою вони граються біля струмка.

Дорогою вони розповідають історії.

Раптом упав листок.

Так страх перетворився на смиливість.

Смиливість винагороджується."
175,Емма і план,"Живе Емма, хоробра дівчинка, біля синьої річки.

Пахне свіжою травою.

Одного разу Емма хоче шукати скарб.

Але річка була занадто глибока.

Приходить Бабуся Ліна, яка все знає.

Я теж іду!

Беруть з собою стару монету.

Дорогою вони танцюють трохи.

Дорогою вони біжать весело.

Раптом задзижчала бджола.

Всі сміються і йдуть додому.

Ділитися радісно."
176,Павло і подорож,"Живе Павло, який любить будувати, на зеленому лузі.

Скрізь тихо і спокійно.

Одного разу Павло хоче перепливти озеро.

Але дерево лежало впоперек.

Приходить Борсук, садівник.

Добре, що я тут.

Беруть з собою зелену мотузку.

Дорогою вони граються в колі.

Дорогою вони граються голосно.

Раптом хтось постукав.

Так пригода гарно закінчилася.

Разом все легше."
177,Мія і знахідка,"Живе Мія, маленька співачка, біля великого дуба.

Сонце світить тепло.

Одного разу Мія хоче знайти море.

Але вітер був сильний.

Приходить Борсук, садівник.

Разом впораємося!

Беруть з собою маленький ліхтар.

Дорогою вони танцюють біля струмка.

Дорогою вони танцюють разом.

Раптом пролетів танцюючий метелик.

Накінці всі щасливі.

Справжні друзі завжди допомагають."
178,Лео і відкриття,"Живе Лео, який любить тварин, в зеленому парку.

Літають метелики.

Одного разу Лео хоче побачити зоряне небо.

Але був туман.

Приходить Борсук, садівник.

Не бійся, я допоможу тобі.

Беруть з собою синю пляшку.

Дорогою вони граються голосно.

Дорогою вони відпочивають в колі.

Раптом піднявся вітер.

Пригода лишилася незабутньою.

Терпіння приносить удачу."
179,Аня і похід,"Живе Аня, яка швидко думає, в старому лісі.

Пахне квітами.

Одного разу Аня хоче піднятися на вежу.

Але міст зламаний.

Приходить Борсук, садівник.

Я теж іду!

Беруть з собою жовту сумку.

Дорогою вони танцюють в колі.

Дорогою вони співають пісню.

Раптом впала падаюча зірка.

Всі повернулися задоволені.

Цікавість веде до див."
180,Макс і гонка,"Живе Макс, веселий хлопець, на жовтому полі.

Струмок тихо дзюрчить.

Одного разу Макс хоче відвідати старий замок.

Але собака гучно гавкав.

Приходить Борсук, садівник.

Добре, що я тут.

Беруть з собою червону мотузку.

Дорогою вони сміються разом.

Дорогою вони біжать біля струмка.

Раптом хтось засміявся.

Так день був ідеальним.

Сміх завжди допомагає."
181,Міло і загадка,"Живе Міло, цікавий хлопець, в маленькому селі.

Небо блакитне.

Одного разу Міло хоче дослідити ліс.

Але шлях був перекритий.

Приходить Борсук, садівник.

Разом впораємося!

Беруть з собою старий бінокль.

Дорогою вони танцюють голосно.

Дорогою вони сміються весело.

Раптом щось гучно зашурхотіло.

Всі плескали від радості.

Хто сміливий, той перемагає."
182,Лена і сюрприз,"Живе Лена, яка любить малювати, на барвистому ринку.

Птахи весело співають.

Одного разу Лена хоче відкрити острів.

Але почався дощ.

Приходить Борсук, садівник.

Не бійся, я допоможу тобі.

Беруть з собою маленький ножик.

Дорогою вони сміються весело.

Дорогою вони танцюють трохи.

Раптом закумкала жаба.

Так страх перетворився на смиливість.

Смиливість винагороджується."
183,Фінн і велика пригода,"Живе Фінн, маленький мрійник, біля старого колодязя.

Пахне свіжою травою.

Одного разу Фінн хоче знайти печеру.

Але карта зникла.

Приходить Тітка Міра, весела сусідка.

Я теж іду!

Беруть з собою теплу ковдру.

Дорогою вони біжать разом.

Дорогою вони граються разом.

Раптом загавкав собака.

Всі сміються і йдуть додому.

Ділитися радісно."
184,Піппа і таємниця,"Живе Піппа, хоробра миша, на дитячому майданчику.

Скрізь тихо і спокійно.

Одного разу Піппа хоче побачити високу гору.

Але стемніло.

Приходить Тітка Міра, весела сусідка.

Добре, що я тут.

Беруть з собою барвисту карту.

Дорогою вони сміються трохи.

Дорогою вони балакають весело.

Раптом упав листок.

Так пригода гарно закінчилася.

Разом все легше."
185,Найкращий день: Нора,"Живе Нора, яка ставить багато питань, біля синьої річки.

Сонце світить тепло.

Одного разу Нора хоче шукати скарб.

Але річка була занадто глибока.

Приходить Тітка Міра, весела сусідка.

Разом впораємося!

Беруть з собою стару монету.

Дорогою вони біжать весело.

Дорогою вони біжать голосно.

Раптом задзижчала бджола.

Накінці всі щасливі.

Справжні друзі завжди допомагають."
186,Тео і скарб,"Живе Тео, веселий хлопець, на зеленому лузі.

Літають метелики.

Одного разу Тео хоче перепливти озеро.

Але дерево лежало впоперек.

Приходить Тітка Міра, весела сусідка.

Не бійся, я допоможу тобі.

Беруть з собою зелену мотузку.

Дорогою вони сміються біля струмка.

Дорогою вони сміються трохи.

Раптом хтось постукав.

Пригода лишилася незабутньою.

Терпіння приносить удачу."
187,Емма і таємниця,"Живе Емма, хоробра дівчинка, біля великого дуба.

Пахне квітами.

Одного разу Емма хоче знайти море.

Але вітер був сильний.

Приходить Тітка Міра, весела сусідка.

Я теж іду!

Беруть з собою маленький ліхтар.

Дорогою вони біжать трохи.

Дорогою вони танцюють в колі.

Раптом пролетів танцюючий метелик.

Всі повернулися задоволені.

Цікавість веде до див."
188,Павло і план,"Живе Павло, який любить будувати, в зеленому парку.

Струмок тихо дзюрчить.

Одного разу Павло хоче побачити зоряне небо.

Але був туман.

Приходить Тітка Міра, весела сусідка.

Добре, що я тут.

Беруть з собою синю пляшку.

Дорогою вони сміються в колі.

Дорогою вони граються трохи.

Раптом піднявся вітер.

Так день був ідеальним.

Сміх завжди допомагає."
189,Мія і подорож,"Живе Мія, маленька співачка, в старому лісі.

Небо блакитне.

Одного разу Мія хоче піднятися на вежу.

Але міст зламаний.

Приходить Тітка Міра, весела сусідка.

Разом впораємося!

Беруть з собою жовту сумку.

Дорогою вони біжать біля струмка.

Дорогою вони балакають біля струмка.

Раптом впала падаюча зірка.

Всі плескали від радості.

Хто сміливий, той перемагає."
190,Лео і знахідка,"Живе Лео, який любить тварин, на жовтому полі.

Птахи весело співають.

Одного разу Лео хоче відвідати старий замок.

Але собака гучно гавкав.

Приходить Дідусь Карл, який все лагодить.

Не бійся, я допоможу тобі.

Беруть з собою червону мотузку.

Дорогою вони сміються голосно.

Дорогою вони відпочивають весело.

Раптом хтось засміявся.

Так страх перетворився на смиливість.

Смиливість винагороджується."
191,Аня і відкриття,"Живе Аня, яка швидко думає, в маленькому селі.

Пахне свіжою травою.

Одного разу Аня хоче дослідити ліс.

Але шлях був перекритий.

Приходить Дідусь Карл, який все лагодить.

Я теж іду!

Беруть з собою старий бінокль.

Дорогою вони біжать в колі.

Дорогою вони сміються голосно.

Раптом щось гучно зашурхотіло.

Всі сміються і йдуть додому.

Ділитися радісно."
192,Макс і похід,"Живе Макс, веселий хлопець, на барвистому ринку.

Скрізь тихо і спокійно.

Одного разу Макс хоче відкрити острів.

Але почався дощ.

Приходить Дідусь Карл, який все лагодить.

Добре, що я тут.

Беруть з собою маленький ножик.

Дорогою вони розповідають історії.

Дорогою вони біжать разом.

Раптом закумкала жаба.

Так пригода гарно закінчилася.

Разом все легше."
193,Міло і гонка,"Живе Міло, цікавий хлопець, біля старого колодязя.

Сонце світить тепло.

Одного разу Міло хоче знайти печеру.

Але карта зникла.

Приходить Дідусь Карл, який все лагодить.

Разом впораємося!

Беруть з собою теплу ковдру.

Дорогою вони біжать голосно.

Дорогою вони граються в колі.

Раптом загавкав собака.

Накінці всі щасливі.

Справжні друзі завжди допомагають."
194,Лена і загадка,"Живе Лена, яка любить малювати, на дитячому майданчику.

Літають метелики.

Одного разу Лена хоче побачити високу гору.

Але стемніло.

Приходить Дідусь Карл, який все лагодить.

Не бійся, я допоможу тобі.

Беруть з собою барвисту карту.

Дорогою вони багато сміються.

Дорогою вони балакають голосно.

Раптом упав листок.

Пригода лишилася незабутньою.

Терпіння приносить удачу."
195,Фінн і сюрприз,"Живе Фінн, маленький мрійник, біля синьої річки.

Пахне квітами.

Одного разу Фінн хоче шукати скарб.

Але річка була занадто глибока.

Приходить Дідусь Карл, який все лагодить.

Я теж іду!

Беруть з собою стару монету.

Дорогою вони відпочивають разом.

Дорогою вони відпочивають біля струмка.

Раптом задзижчала бджола.

Всі повернулися задоволені.

Цікавість веде до див."
196,Піппа і велика пригода,"Живе Піппа, хоробра миша, на зеленому лузі.

Струмок тихо дзюрчить.

Одного разу Піппа хоче перепливти озеро.

Але дерево лежало впоперек.

Приходить Дідусь Карл, який все лагодить.

Добре, що я тут.

Беруть з собою зелену мотузку.

Дорогою вони співають пісню.

Дорогою вони багато сміються.

Раптом хтось постукав.

Так день був ідеальним.

Сміх завжди допомагає."
197,Нора і таємниця,"Живе Нора, яка ставить багато питань, біля великого дуба.

Небо блакитне.

Одного разу Нора хоче знайти море.

Але вітер був сильний.

Приходить Пекар.

Разом впораємося!

Беруть з собою маленький ліхтар.

Дорогою вони відпочивають весело.

Дорогою вони біжать трохи.

Раптом пролетів танцюючий метелик.

Всі плескали від радості.

Хто сміливий, той перемагає."
198,Найкращий день: Тео,"Живе Тео, веселий хлопець, в зеленому парку.

Птахи весело співають.

Одного разу Тео хоче побачити зоряне небо.

Але був туман.

Приходить Пекар.

Не бійся, я допоможу тобі.

Беруть з собою синю пляшку.

Дорогою вони балакають разом.

Дорогою вони сміються разом.

Раптом піднявся вітер.

Так страх перетворився на смиливість.

Смиливість винагороджується."
199,Емма і скарб,"Живе Емма, хоробра дівчинка, в старому лісі.

Пахне свіжою травою.

Одного разу Емма хоче піднятися на вежу.

Але міст зламаний.

Приходить Пекар.

Я теж іду!

Беруть з собою жовту сумку.

Дорогою вони відпочивають трохи.

Дорогою вони танцюють весело.

Раптом впала падаюча зірка.

Всі сміються і йдуть додому.

Ділитися радісно."
200,Павло і таємниця,"Живе Павло, який любить будувати, на жовтому полі.

Скрізь тихо і спокійно.

Одного разу Павло хоче відвідати старий замок.

Але собака гучно гавкав.

Приходить Пекар.

Добре, що я тут.

Беруть з собою червону мотузку.

Дорогою вони балакають весело.

Дорогою вони відпочивають голосно.

Раптом хтось засміявся.

Так пригода гарно закінчилася.

Разом все легше."
201,Мія і план,"Живе Мія, маленька співачка, в маленькому селі.

Сонце світить тепло.

Одного разу Мія хоче дослідити ліс.

Але шлях був перекритий.

Приходить Пекар.

Разом впораємося!

Беруть з собою старий бінокль.

Дорогою вони відпочивають біля струмка.

Дорогою вони балакають разом.

Раптом щось гучно зашурхотіло.

Накінці всі щасливі.

Справжні друзі завжди допомагають."
202,Лео і подорож,"Живе Лео, який любить тварин, на барвистому ринку.

Літають метелики.

Одного разу Лео хоче відкрити острів.

Але почався дощ.

Приходить Пекар.

Не бійся, я допоможу тобі.

Беруть з собою маленький ножик.

Дорогою вони балакають трохи.

Дорогою вони біжать в колі.

Раптом закумкала жаба.

Пригода лишилася незабутньою.

Терпіння приносить удачу."
203,Аня і знахідка,"Живе Аня, яка швидко думає, біля старого колодязя.

Пахне квітами.

Одного разу Аня хоче знайти печеру.

Але карта зникла.

Приходить Пекар.

Я теж іду!

Беруть з собою теплу ковдру.

Дорогою вони відпочивають в колі.

Дорогою вони сміються трохи.

Раптом загавкав собака.

Всі повернулися задоволені.

Цікавість веде до див."
204,Макс і відкриття,"Живе Макс, веселий хлопець, на дитячому майданчику.

Струмок тихо дзюрчить.

Одного разу Макс хоче побачити високу гору.

Але стемніло.

Приходить Листоноша.

Добре, що я тут.

Беруть з собою барвисту карту.

Дорогою вони балакають біля струмка.

Дорогою вони танцюють біля струмка.

Раптом упав листок.

Так день був ідеальним.

Сміх завжди допомагає."
205,Міло і похід,"Живе Міло, цікавий хлопець, біля синьої річки.

Небо блакитне.

Одного разу Міло хоче шукати скарб.

Але річка була занадто глибока.

Приходить Листоноша.

Разом впораємося!

Беруть з собою стару монету.

Дорогою вони відпочивають голосно.

Дорогою вони граються весело.

Раптом задзижчала бджола.

Всі плескали від радості.

Хто сміливий, той перемагає."
206,Лена і гонка,"Живе Лена, яка любить малювати, на зеленому лузі.

Птахи весело співають.

Одного разу Лена хоче перепливти озеро.

Але дерево лежало впоперек.

Приходить Листоноша.

Не бійся, я допоможу тобі.

Беруть з собою зелену мотузку.

Дорогою вони балакають в колі.

Дорогою вони балакають трохи.

Раптом хтось постукав.

Так страх перетворився на смиливість.

Смиливість винагороджується."
207,Фінн і загадка,"Живе Фінн, маленький мрійник, біля великого дуба.

Пахне свіжою травою.

Одного разу Фінн хоче знайти море.

Але вітер був сильний.

Приходить Листоноша.

Я теж іду!

Беруть з собою маленький ліхтар.

Дорогою вони граються разом.

Дорогою вони відпочивають разом.

Раптом пролетів танцюючий метелик.

Всі сміються і йдуть додому.

Ділитися радісно."
208,Піппа і сюрприз,"Живе Піппа, хоробра миша, в зеленому парку.

Скрізь тихо і спокійно.

Одного разу Піппа хоче побачити зоряне небо.

Але був туман.

Приходить Листоноша.

Добре, що я тут.

Беруть з собою синю пляшку.

Дорогою вони балакають голосно.

Дорогою вони сміються в колі.

Раптом піднявся вітер.

Так пригода гарно закінчилася.

Разом все легше."
209,Нора і велика пригода,"Живе Нора, яка ставить багато питань, в старому лісі.

Сонце світить тепло.

Одного разу Нора хоче піднятися на вежу.

Але міст зламаний.

Приходить Листоноша.

Разом впораємося!

Беруть з собою жовту сумку.

Дорогою вони граються весело.

Дорогою вони танцюють голосно.

Раптом впала падаюча зірка.

Накінці всі щасливі.

Справжні друзі завжди допомагають."
210,Тео і таємниця,"Живе Тео, веселий хлопець, на жовтому полі.

Літають метелики.

Одного разу Тео хоче відвідати старий замок.

Але собака гучно гавкав.

Приходить Листоноша.

Не бійся, я допоможу тобі.

Беруть з собою червону мотузку.

Дорогою вони танцюють разом.

Дорогою вони граються біля струмка.

Раптом хтось засміявся.

Пригода лишилася незабутньою.

Терпіння приносить удачу."
211,Найкращий день: Емма,"Живе Емма, хоробра дівчинка, в маленькому селі.

Пахне квітами.

Одного разу Емма хоче дослідити ліс.

Але шлях був перекритий.

Приходить Бабуся Ліна, яка все знає.

Я теж іду!

Беруть з собою старий бінокль.

Дорогою вони граються трохи.

Дорогою вони балакають в колі.

Раптом щось гучно зашурхотіло.

Всі повернулися задоволені.

Цікавість веде до див."
212,Павло і скарб,"Живе Павло, який любить будувати, на барвистому ринку.

Струмок тихо дзюрчить.

Одного разу Павло хоче відкрити острів.

Але почався дощ.

Приходить Бабуся Ліна, яка все знає.

Добре, що я тут.

Беруть з собою маленький ножик.

Дорогою вони танцюють весело.

Дорогою вони відпочивають трохи.

Раптом закумкала жаба.

Так день був ідеальним.

Сміх завжди допомагає."
213,Мія і таємниця,"Живе Мія, маленька співачка, біля старого колодязя.

Небо блакитне.

Одного разу Мія хоче знайти печеру.

Але карта зникла.

Приходить Бабуся Ліна, яка все знає.

Разом впораємося!

Беруть з собою теплу ковдру.

Дорогою вони граються біля струмка.

Дорогою вони розповідають історії.

Раптом загавкав собака.

Всі плескали від радості.

Хто сміливий, той перемагає."
214,Лео і план,"Живе Лео, який любить тварин, на дитячому майданчику.

Птахи весело співають.

Одного разу Лео хоче побачити високу гору.

Але стемніло.

Приходить Бабуся Ліна, яка все знає.

Не бійся, я допоможу тобі.

Беруть з собою барвисту карту.

Дорогою вони танцюють трохи.

Дорогою вони біжать весело.

Раптом упав листок.

Так страх перетворився на смиливість.

Смиливість винагороджується."
215,Аня і подорож,"Живе Аня, яка швидко думає, біля синьої річки.

Пахне свіжою травою.

Одного разу Аня хоче шукати скарб.

Але річка була занадто глибока.

Приходить Бабуся Ліна, яка все знає.

Я теж іду!

Беруть з собою стару монету.

Дорогою вони граються в колі.

Дорогою вони граються голосно.

Раптом задзижчала бджола.

Всі сміються і йдуть додому.

Ділитися радісно."
216,Макс і знахідка,"Живе Макс, веселий хлопець, на зеленому лузі.

Скрізь тихо і спокійно.

Одного разу Макс хоче перепливти озеро.

Але дерево лежало впоперек.

Приходить Бабуся Ліна, яка все знає.

Добре, що я тут.

Беруть з собою зелену мотузку.

Дорогою вони танцюють біля струмка.

Дорогою вони танцюють разом.

Раптом хтось постукав.

Так пригода гарно закінчилася.

Разом все легше."
217,Міло і відкриття,"Живе Міло, цікавий хлопець, біля великого дуба.

Сонце світить тепло.

Одного разу Міло хоче знайти море.

Але вітер був сильний.

Приходить Бабуся Ліна, яка все знає.

Разом впораємося!

Беруть з собою маленький ліхтар.

Дорогою вони граються голосно.

Дорогою вони відпочивають в колі.

Раптом пролетів танцюючий метелик.

Накінці всі щасливі.

Справжні друзі завжди допомагають."
218,Лена і похід,"Живе Лена, яка любить малювати, в зеленому парку.

Літають метелики.

Одного разу Лена хоче побачити зоряне небо.

Але був туман.

Приходить Борсук, садівник.

Не бійся, я допоможу тобі.

Беруть з собою синю пляшку.

Дорогою вони танцюють в колі.

Дорогою вони співають пісню.

Раптом піднявся вітер.

Пригода лишилася незабутньою.

Терпіння приносить удачу."
219,Фінн і гонка,"Живе Фінн, маленький мрійник, в старому лісі.

Пахне квітами.

Одного разу Фінн хоче піднятися на вежу.

Але міст зламаний.

Приходить Борсук, садівник.

Я теж іду!

Беруть з собою жовту сумку.

Дорогою вони сміються разом.

Дорогою вони біжать біля струмка.

Раптом впала падаюча зірка.

Всі повернулися задоволені.

Цікавість веде до див."
220,Піппа і загадка,"Живе Піппа, хоробра миша, на жовтому полі.

Струмок тихо дзюрчить.

Одного разу Піппа хоче відвідати старий замок.

Але собака гучно гавкав.

Приходить Борсук, садівник.

Добре, що я тут.

Беруть з собою червону мотузку.

Дорогою вони танцюють голосно.

Дорогою вони сміються весело.

Раптом хтось засміявся.

Так день був ідеальним.

Сміх завжди допомагає."
221,Нора і сюрприз,"Живе Нора, яка ставить багато питань, в маленькому селі.

Небо блакитне.

Одного разу Нора хоче дослідити ліс.

Але шлях був перекритий.

Приходить Борсук, садівник.

Разом впораємося!

Беруть з собою старий бінокль.

Дорогою вони сміються весело.

Дорогою вони танцюють трохи.

Раптом щось гучно зашурхотіло.

Всі плескали від радості.

Хто сміливий, той перемагає."
222,Тео і велика пригода,"Живе Тео, веселий хлопець, на барвистому ринку.

Птахи весело співають.

Одного разу Тео хоче відкрити острів.

Але почався дощ.

Приходить Борсук, садівник.

Не бійся, я допоможу тобі.

Беруть з собою маленький ножик.

Дорогою вони біжать разом.

Дорогою вони граються разом.

Раптом закумкала жаба.

Так страх перетворився на смиливість.

Смиливість винагороджується."
223,Емма і таємниця,"Живе Емма, хоробра дівчинка, біля старого колодязя.

Пахне свіжою травою.

Одного разу Емма хоче знайти печеру.

Але карта зникла.

Приходить Борсук, садівник.

Я теж іду!

Беруть з собою теплу ковдру.

Дорогою вони сміються трохи.

Дорогою вони балакають весело.

Раптом загавкав собака.

Всі сміються і йдуть додому.

Ділитися радісно."
224,Найкращий день: Павло,"Живе Павло, який любить будувати, на дитячому майданчику.

Скрізь тихо і спокійно.

Одного разу Павло хоче побачити високу гору.

Але стемніло.

Приходить Борсук, садівник.

Добре, що я тут.

Беруть з собою барвисту карту.

Дорогою вони біжать весело.

Дорогою вони біжать голосно.

Раптом упав листок.

Так пригода гарно закінчилася.

Разом все легше."
225,Мія і скарб,"Живе Мія, маленька співачка, біля синьої річки.

Сонце світить тепло.

Одного разу Мія хоче шукати скарб.

Але річка була занадто глибока.

Приходить Тітка Міра, весела сусідка.

Разом впораємося!

Беруть з собою стару монету.

Дорогою вони сміються біля струмка.

Дорогою вони сміються трохи.

Раптом задзижчала бджола.

Накінці всі щасливі.

Справжні друзі завжди допомагають."
226,Лео і таємниця,"Живе Лео, який любить тварин, на зеленому лузі.

Літають метелики.

Одного разу Лео хоче перепливти озеро.

Але дерево лежало впоперек.

Приходить Тітка Міра, весела сусідка.

Не бійся, я допоможу тобі.

Беруть з собою зелену мотузку.

Дорогою вони біжать трохи.

Дорогою вони танцюють в колі.

Раптом хтось постукав.

Пригода лишилася незабутньою.

Терпіння приносить удачу."
227,Аня і план,"Живе Аня, яка швидко думає, біля великого дуба.

Пахне квітами.

Одного разу Аня хоче знайти море.

Але вітер був сильний.

Приходить Тітка Міра, весела сусідка.

Я теж іду!

Беруть з собою маленький ліхтар.

Дорогою вони сміються в колі.

Дорогою вони граються трохи.

Раптом пролетів танцюючий метелик.

Всі повернулися задоволені.

Цікавість веде до див."
228,Макс і подорож,"Живе Макс, веселий хлопець, в зеленому парку.

Струмок тихо дзюрчить.

Одного разу Макс хоче побачити зоряне небо.

Але був туман.

Приходить Тітка Міра, весела сусідка.

Добре, що я тут.

Беруть з собою синю пляшку.

Дорогою вони біжать біля струмка.

Дорогою вони балакають біля струмка.

Раптом піднявся вітер.

Так день був ідеальним.

Сміх завжди допомагає."
229,Міло і знахідка,"Живе Міло, цікавий хлопець, в старому лісі.

Небо блакитне.

Одного разу Міло хоче піднятися на вежу.

Але міст зламаний.

Приходить Тітка Міра, весела сусідка.

Разом впораємося!

Беруть з собою жовту сумку.

Дорогою вони сміються голосно.

Дорогою вони відпочивають весело.

Раптом впала падаюча зірка.

Всі плескали від радості.

Хто сміливий, той перемагає."
230,Лена і відкриття,"Живе Лена, яка любить малювати, на жовтому полі.

Птахи весело співають.

Одного разу Лена хоче відвідати старий замок.

Але собака гучно гавкав.

Приходить Тітка Міра, весела сусідка.

Не бійся, я допоможу тобі.

Беруть з собою червону мотузку.

Дорогою вони біжать в колі.

Дорогою вони сміються голосно.

Раптом хтось засміявся.

Так страх перетворився на смиливість.

Смиливість винагороджується."
231,Фінн і похід,"Живе Фінн, маленький мрійник, в маленькому селі.

Пахне свіжою травою.

Одного разу Фінн хоче дослідити ліс.

Але шлях був перекритий.

Приходить Тітка Міра, весела сусідка.

Я теж іду!

Беруть з собою старий бінокль.

Дорогою вони розповідають історії.

Дорогою вони біжать разом.

Раптом щось гучно зашурхотіло.

Всі сміються і йдуть додому.

Ділитися радісно."
232,Піппа і гонка,"Живе Піппа, хоробра миша, на барвистому ринку.

Скрізь тихо і спокійно.

Одного разу Піппа хоче відкрити острів.

Але почався дощ.

Приходить Дідусь Карл, який все лагодить.

Добре, що я тут.

Беруть з собою маленький ножик.

Дорогою вони біжать голосно.

Дорогою вони граються в колі.

Раптом закумкала жаба.

Так пригода гарно закінчилася.

Разом все легше."
233,Нора і загадка,"Живе Нора, яка ставить багато питань, біля старого колодязя.

Сонце світить тепло.

Одного разу Нора хоче знайти печеру.

Але карта зникла.

Приходить Дідусь Карл, який все лагодить.

Разом впораємося!

Беруть з собою теплу ковдру.

Дорогою вони багато сміються.

Дорогою вони балакають голосно.

Раптом загавкав собака.

Накінці всі щасливі.

Справжні друзі завжди допомагають."
234,Тео і сюрприз,"Живе Тео, веселий хлопець, на дитячому майданчику.

Літають метелики.

Одного разу Тео хоче побачити високу гору.

Але стемніло.

Приходить Дідусь Карл, який все лагодить.

Не бійся, я допоможу тобі.

Беруть з собою барвисту карту.

Дорогою вони відпочивають разом.

Дорогою вони відпочивають біля струмка.

Раптом упав листок.

Пригода лишилася незабутньою.

Терпіння приносить удачу."
235,Емма і велика пригода,"Живе Емма, хоробра дівчинка, біля синьої річки.

Пахне квітами.

Одного разу Емма хоче шукати скарб.

Але річка була занадто глибока.

Приходить Дідусь Карл, який все лагодить.

Я теж іду!

Беруть з собою стару монету.

Дорогою вони співають пісню.

Дорогою вони багато сміються.

Раптом задзижчала бджола.

Всі повернулися задоволені.

Цікавість веде до див."
236,Павло і таємниця,"Живе Павло, який любить будувати, на зеленому лузі.

Струмок тихо дзюрчить.

Одного разу Павло хоче перепливти озеро.

Але дерево лежало впоперек.

Приходить Дідусь Карл, який все лагодить.

Добре, що я тут.

Беруть з собою зелену мотузку.

Дорогою вони відпочивають весело.

Дорогою вони біжать трохи.

Раптом хтось постукав.

Так день був ідеальним.

Сміх завжди допомагає."
237,Найкращий день: Мія,"Живе Мія, маленька співачка, біля великого дуба.

Небо блакитне.

Одного разу Мія хоче знайти море.

Але вітер був сильний.

Приходить Дідусь Карл, який все лагодить.

Разом впораємося!

Беруть з собою маленький ліхтар.

Дорогою вони балакають разом.

Дорогою вони сміються разом.

Раптом пролетів танцюючий метелик.

Всі плескали від радості.

Хто сміливий, той перемагає."
238,Лео і скарб,"Живе Лео, який любить тварин, в зеленому парку.

Птахи весело співають.

Одного разу Лео хоче побачити зоряне небо.

Але був туман.

Приходить Дідусь Карл, який все лагодить.

Не бійся, я допоможу тобі.

Беруть з собою синю пляшку.

Дорогою вони відпочивають трохи.

Дорогою вони танцюють весело.

Раптом піднявся вітер.

Так страх перетворився на смиливість.

Смиливість винагороджується."
239,Аня і таємниця,"Живе Аня, яка швидко думає, в старому лісі.

Пахне свіжою травою.

Одного разу Аня хоче піднятися на вежу.

Але міст зламаний.

Приходить Пекар.

Я теж іду!

Беруть з собою жовту сумку.

Дорогою вони балакають весело.

Дорогою вони відпочивають голосно.

Раптом впала падаюча зірка.

Всі сміються і йдуть додому.

Ділитися радісно."
240,Макс і план,"Живе Макс, веселий хлопець, на жовтому полі.

Скрізь тихо і спокійно.

Одного разу Макс хоче відвідати старий замок.

Але собака гучно гавкав.

Приходить Пекар.

Добре, що я тут.

Беруть з собою червону мотузку.

Дорогою вони відпочивають біля струмка.

Дорогою вони балакають разом.

Раптом хтось засміявся.

Так пригода гарно закінчилася.

Разом все легше."
241,Міло і подорож,"Живе Міло, цікавий хлопець, в маленькому селі.

Сонце світить тепло.

Одного разу Міло хоче дослідити ліс.

Але шлях був перекритий.

Приходить Пекар.

Разом впораємося!

Беруть з собою старий бінокль.

Дорогою вони балакають трохи.

Дорогою вони біжать в колі.

Раптом щось гучно зашурхотіло.

Накінці всі щасливі.

Справжні друзі завжди допомагають."
242,Лена і знахідка,"Живе Лена, яка любить малювати, на барвистому ринку.

Літають метелики.

Одного разу Лена хоче відкрити острів.

Але почався дощ.

Приходить Пекар.

Не бійся, я допоможу тобі.

Беруть з собою маленький ножик.

Дорогою вони відпочивають в колі.

Дорогою вони сміються трохи.

Раптом закумкала жаба.

Пригода лишилася незабутньою.

Терпіння приносить удачу."
243,Фінн і відкриття,"Живе Фінн, маленький мрійник, біля старого колодязя.

Пахне квітами.

Одного разу Фінн хоче знайти печеру.

Але карта зникла.

Приходить Пекар.

Я теж іду!

Беруть з собою теплу ковдру.

Дорогою вони балакають біля струмка.

Дорогою вони танцюють біля струмка.

Раптом загавкав собака.

Всі повернулися задоволені.

Цікавість веде до див."
244,Піппа і похід,"Живе Піппа, хоробра миша, на дитячому майданчику.

Струмок тихо дзюрчить.

Одного разу Піппа хоче побачити високу гору.

Але стемніло.

Приходить Пекар.

Добре, що я тут.

Беруть з собою барвисту карту.

Дорогою вони відпочивають голосно.

Дорогою вони граються весело.

Раптом упав листок.

Так день був ідеальним.

Сміх завжди допомагає."
245,Нора і гонка,"Живе Нора, яка ставить багато питань, біля синьої річки.

Небо блакитне.

Одного разу Нора хоче шукати скарб.

Але річка була занадто глибока.

Приходить Пекар.

Разом впораємося!

Беруть з собою стару монету.

Дорогою вони балакають в колі.

Дорогою вони балакають трохи.

Раптом задзижчала бджола.

Всі плескали від радості.

Хто сміливий, той перемагає."
246,Тео і загадка,"Живе Тео, веселий хлопець, на зеленому лузі.

Птахи весело співають.

Одного разу Тео хоче перепливти озеро.

Але дерево лежало впоперек.

Приходить Листоноша.

Не бійся, я допоможу тобі.

Беруть з собою зелену мотузку.

Дорогою вони граються разом.

Дорогою вони відпочивають разом.

Раптом хтось постукав.

Так страх перетворився на смиливість.

Смиливість винагороджується."
247,Емма і сюрприз,"Живе Емма, хоробра дівчинка, біля великого дуба.

Пахне свіжою травою.

Одного разу Емма хоче знайти море.

Але вітер був сильний.

Приходить Листоноша.

Я теж іду!

Беруть з собою маленький ліхтар.

Дорогою вони балакають голосно.

Дорогою вони сміються в колі.

Раптом пролетів танцюючий метелик.

Всі сміються і йдуть додому.

Ділитися радісно."
248,Павло і велика пригода,"Живе Павло, який любить будувати, в зеленому парку.

Скрізь тихо і спокійно.

Одного разу Павло хоче побачити зоряне небо.

Але був туман.

Приходить Листоноша.

Добре, що я тут.

Беруть з собою синю пляшку.

Дорогою вони граються весело.

Дорогою вони танцюють голосно.

Раптом піднявся вітер.

Так пригода гарно закінчилася.

Разом все легше."
249,Мія і таємниця,"Живе Мія, маленька співачка, в старому лісі.

Сонце світить тепло.

Одного разу Мія хоче піднятися на вежу.

Але міст зламаний.

Приходить Листоноша.

Разом впораємося!

Беруть з собою жовту сумку.

Дорогою вони танцюють разом.

Дорогою вони граються біля струмка.

Раптом впала падаюча зірка.

Накінці всі щасливі.

Справжні друзі завжди допомагають."
250,Найкращий день: Лео,"Живе Лео, який любить тварин, на жовтому полі.

Літають метелики.

Одного разу Лео хоче відвідати старий замок.

Але собака гучно гавкав.

Приходить Листоноша.

Не бійся, я допоможу тобі.

Беруть з собою червону мотузку.

Дорогою вони граються трохи.

Дорогою вони балакають в колі.

Раптом хтось засміявся.

Пригода лишилася незабутньою.

Терпіння приносить удачу."
251,Аня і скарб,"Живе Аня, яка швидко думає, в маленькому селі.

Пахне квітами.

Одного разу Аня хоче дослідити ліс.

Але шлях був перекритий.

Приходить Листоноша.

Я теж іду!

Беруть з собою старий бінокль.

Дорогою вони танцюють весело.

Дорогою вони відпочивають трохи.

Раптом щось гучно зашурхотіло.

Всі повернулися задоволені.

Цікавість веде до див."
252,Макс і таємниця,"Живе Макс, веселий хлопець, на барвистому ринку.

Струмок тихо дзюрчить.

Одного разу Макс хоче відкрити острів.

Але почався дощ.

Приходить Листоноша.

Добре, що я тут.

Беруть з собою маленький ножик.

Дорогою вони граються біля струмка.

Дорогою вони розповідають історії.

Раптом закумкала жаба.

Так день був ідеальним.

Сміх завжди допомагає."
253,Міло і план,"Живе Міло, цікавий хлопець, біля старого колодязя.

Небо блакитне.

Одного разу Міло хоче знайти печеру.

Але карта зникла.

Приходить Бабуся Ліна, яка все знає.

Разом впораємося!

Беруть з собою теплу ковдру.

Дорогою вони танцюють трохи.

Дорогою вони біжать весело.

Раптом загавкав собака.

Всі плескали від радості.

Хто сміливий, той перемагає."
254,Лена і подорож,"Живе Лена, яка любить малювати, на дитячому майданчику.

Птахи весело співають.

Одного разу Лена хоче побачити високу гору.

Але стемніло.

Приходить Бабуся Ліна, яка все знає.

Не бійся, я допоможу тобі.

Беруть з собою барвисту карту.

Дорогою вони граються в колі.

Дорогою вони граються голосно.

Раптом упав листок.

Так страх перетворився на смиливість.

Смиливість винагороджується."
255,Фінн і знахідка,"Живе Фінн, маленький мрійник, біля синьої річки.

Пахне свіжою травою.

Одного разу Фінн хоче шукати скарб.

Але річка була занадто глибока.

Приходить Бабуся Ліна, яка все знає.

Я теж іду!

Беруть з собою стару монету.

Дорогою вони танцюють біля струмка.

Дорогою вони танцюють разом.

Раптом задзижчала бджола.

Всі сміються і йдуть додому.

Ділитися радісно."
256,Піппа і відкриття,"Живе Піппа, хоробра миша, на зеленому лузі.

Скрізь тихо і спокійно.

Одного разу Піппа хоче перепливти озеро.

Але дерево лежало впоперек.

Приходить Бабуся Ліна, яка все знає.

Добре, що я тут.

Беруть з собою зелену мотузку.

Дорогою вони граються голосно.

Дорогою вони відпочивають в колі.

Раптом хтось постукав.

Так пригода гарно закінчилася.

Разом все легше."
257,Нора і похід,"Живе Нора, яка ставить багато питань, біля великого дуба.

Сонце світить тепло.

Одного разу Нора хоче знайти море.

Але вітер був сильний.

Приходить Бабуся Ліна, яка все знає.

Разом впораємося!

Беруть з собою маленький ліхтар.

Дорогою вони танцюють в колі.

Дорогою вони співають пісню.

Раптом пролетів танцюючий метелик.

Накінці всі щасливі.

Справжні друзі завжди допомагають."
258,Тео і гонка,"Живе Тео, веселий хлопець, в зеленому парку.

Літають метелики.

Одного разу Тео хоче побачити зоряне небо.

Але був туман.

Приходить Бабуся Ліна, яка все знає.

Не бійся, я допоможу тобі.

Беруть з собою синю пляшку.

Дорогою вони сміються разом.

Дорогою вони біжать біля струмка.

Раптом піднявся вітер.

Пригода лишилася незабутньою.

Терпіння приносить удачу."
259,Емма і загадка,"Живе Емма, хоробра дівчинка, в старому лісі.

Пахне квітами.

Одного разу Емма хоче піднятися на вежу.

Але міст зламаний.

Приходить Бабуся Ліна, яка все знає.

Я теж іду!

Беруть з собою жовту сумку.

Дорогою вони танцюють голосно.

Дорогою вони сміються весело.

Раптом впала падаюча зірка.

Всі повернулися задоволені.

Цікавість веде до див."
260,Павло і сюрприз,"Живе Павло, який любить будувати, на жовтому полі.

Струмок тихо дзюрчить.

Одного разу Павло хоче відвідати старий замок.

Але собака гучно гавкав.

Приходить Борсук, садівник.

Добре, що я тут.

Беруть з собою червону мотузку.

Дорогою вони сміються весело.

Дорогою вони танцюють трохи.

Раптом хтось засміявся.

Так день був ідеальним.

Сміх завжди допомагає."
261,Мія і велика пригода,"Живе Мія, маленька співачка, в маленькому селі.

Небо блакитне.

Одного разу Мія хоче дослідити ліс.

Але шлях був перекритий.

Приходить Борсук, садівник.

Разом впораємося!

Беруть з собою старий бінокль.

Дорогою вони біжать разом.

Дорогою вони граються разом.

Раптом щось гучно зашурхотіло.

Всі плескали від радості.

Хто сміливий, той перемагає."
262,Лео і таємниця,"Живе Лео, який любить тварин, на барвистому ринку.

Птахи весело співають.

Одного разу Лео хоче відкрити острів.

Але почався дощ.

Приходить Борсук, садівник.

Не бійся, я допоможу тобі.

Беруть з собою маленький ножик.

Дорогою вони сміються трохи.

Дорогою вони балакають весело.

Раптом закумкала жаба.

Так страх перетворився на смиливість.

Смиливість винагороджується."
263,Найкращий день: Аня,"Живе Аня, яка швидко думає, біля старого колодязя.

Пахне свіжою травою.

Одного разу Аня хоче знайти печеру.

Але карта зникла.

Приходить Борсук, садівник.

Я теж іду!

Беруть з собою теплу ковдру.

Дорогою вони біжать весело.

Дорогою вони біжать голосно.

Раптом загавкав собака.

Всі сміються і йдуть додому.

Ділитися радісно."
264,Макс і скарб,"Живе Макс, веселий хлопець, на дитячому майданчику.

Скрізь тихо і спокійно.

Одного разу Макс хоче побачити високу гору.

Але стемніло.

Приходить Борсук, садівник.

Добре, що я тут.

Беруть з собою барвисту карту.

Дорогою вони сміються біля струмка.

Дорогою вони сміються трохи.

Раптом упав листок.

Так пригода гарно закінчилася.

Разом все легше."
265,Міло і таємниця,"Живе Міло, цікавий хлопець, біля синьої річки.

Сонце світить тепло.

Одного разу Міло хоче шукати скарб.

Але річка була занадто глибока.

Приходить Борсук, садівник.

Разом впораємося!

Беруть з собою стару монету.

Дорогою вони біжать трохи.

Дорогою вони танцюють в колі.

Раптом задзижчала бджола.

Накінці всі щасливі.

Справжні друзі завжди допомагають."
266,Лена і план,"Живе Лена, яка любить малювати, на зеленому лузі.

Літають метелики.

Одного разу Лена хоче перепливти озеро.

Але дерево лежало впоперек.

Приходить Борсук, садівник.

Не бійся, я допоможу тобі.

Беруть з собою зелену мотузку.

Дорогою вони сміються в колі.

Дорогою вони граються трохи.

Раптом хтось постукав.

Пригода лишилася незабутньою.

Терпіння приносить удачу."
267,Фінн і подорож,"Живе Фінн, маленький мрійник, біля великого дуба.

Пахне квітами.

Одного разу Фінн хоче знайти море.

Але вітер був сильний.

Приходить Тітка Міра, весела сусідка.

Я теж іду!

Беруть з собою маленький ліхтар.

Дорогою вони біжать біля струмка.

Дорогою вони балакають біля струмка.

Раптом пролетів танцюючий метелик.

Всі повернулися задоволені.

Цікавість веде до див."
268,Піппа і знахідка,"Живе Піппа, хоробра миша, в зеленому парку.

Струмок тихо дзюрчить.

Одного разу Піппа хоче побачити зоряне небо.

Але був туман.

Приходить Тітка Міра, весела сусідка.

Добре, що я тут.

Беруть з собою синю пляшку.

Дорогою вони сміються голосно.

Дорогою вони відпочивають весело.

Раптом піднявся вітер.

Так день був ідеальним.

Сміх завжди допомагає."
269,Нора і відкриття,"Живе Нора, яка ставить багато питань, в старому лісі.

Небо блакитне.

Одного разу Нора хоче піднятися на вежу.

Але міст зламаний.

Приходить Тітка Міра, весела сусідка.

Разом впораємося!

Беруть з собою жовту сумку.

Дорогою вони біжать в колі.

Дорогою вони сміються голосно.

Раптом впала падаюча зірка.

Всі плескали від радості.

Хто сміливий, той перемагає."
270,Тео і похід,"Живе Тео, веселий хлопець, на жовтому полі.

Птахи весело співають.

Одного разу Тео хоче відвідати старий замок.

Але собака гучно гавкав.

Приходить Тітка Міра, весела сусідка.

Не бійся, я допоможу тобі.

Беруть з собою червону мотузку.

Дорогою вони розповідають історії.

Дорогою вони біжать разом.

Раптом хтось засміявся.

Так страх перетворився на смиливість.

Смиливість винагороджується."
271,Емма і гонка,"Живе Емма, хоробра дівчинка, в маленькому селі.

Пахне свіжою травою.

Одного разу Емма хоче дослідити ліс.

Але шлях був перекритий.

Приходить Тітка Міра, весела сусідка.

Я теж іду!

Беруть з собою старий бінокль.

Дорогою вони біжать голосно.

Дорогою вони граються в колі.

Раптом щось гучно зашурхотіло.

Всі сміються і йдуть додому.

Ділитися радісно."
272,Павло і загадка,"Живе Павло, який любить будувати, на барвистому ринку.

Скрізь тихо і спокійно.

Одного разу Павло хоче відкрити острів.

Але почався дощ.

Приходить Тітка Міра, весела сусідка.

Добре, що я тут.

Беруть з собою маленький ножик.

Дорогою вони багато сміються.

Дорогою вони балакають голосно.

Раптом закумкала жаба.

Так пригода гарно закінчилася.

Разом все легше."
273,Мія і сюрприз,"Живе Мія, маленька співачка, біля старого колодязя.

Сонце світить тепло.

Одного разу Мія хоче знайти печеру.

Але карта зникла.

Приходить Тітка Міра, весела сусідка.

Разом впораємося!

Беруть з собою теплу ковдру.

Дорогою вони відпочивають разом.

Дорогою вони відпочивають біля струмка.

Раптом загавкав собака.

Накінці всі щасливі.

Справжні друзі завжди допомагають."
274,Лео і велика пригода,"Живе Лео, який любить тварин, на дитячому майданчику.

Літають метелики.

Одного разу Лео хоче побачити високу гору.

Але стемніло.

Приходить Дідусь Карл, який все лагодить.

Не бійся, я допоможу тобі.

Беруть з собою барвисту карту.

Дорогою вони співають пісню.

Дорогою вони багато сміються.

Раптом упав листок.

Пригода лишилася незабутньою.

Терпіння приносить удачу."
275,Аня і таємниця,"Живе Аня, яка швидко думає, біля синьої річки.

Пахне квітами.

Одного разу Аня хоче шукати скарб.

Але річка була занадто глибока.

Приходить Дідусь Карл, який все лагодить.

Я теж іду!

Беруть з собою стару монету.

Дорогою вони відпочивають весело.

Дорогою вони біжать трохи.

Раптом задзижчала бджола.

Всі повернулися задоволені.

Цікавість веде до див."
276,Найкращий день: Макс,"Живе Макс, веселий хлопець, на зеленому лузі.

Струмок тихо дзюрчить.

Одного разу Макс хоче перепливти озеро.

Але дерево лежало впоперек.

Приходить Дідусь Карл, який все лагодить.

Добре, що я тут.

Беруть з собою зелену мотузку.

Дорогою вони балакають разом.

Дорогою вони сміються разом.

Раптом хтось постукав.

Так день був ідеальним.

Сміх завжди допомагає."
277,Міло і скарб,"Живе Міло, цікавий хлопець, біля великого дуба.

Небо блакитне.

Одного разу Міло хоче знайти море.

Але вітер був сильний.

Приходить Дідусь Карл, який все лагодить.

Разом впораємося!

Беруть з собою маленький ліхтар.

Дорогою вони відпочивають трохи.

Дорогою вони танцюють весело.

Раптом пролетів танцюючий метелик.

Всі плескали від радості.

Хто сміливий, той перемагає."
278,Лена і таємниця,"Живе Лена, яка любить малювати, в зеленому парку.

Птахи весело співають.

Одного разу Лена хоче побачити зоряне небо.

Але був туман.

Приходить Дідусь Карл, який все лагодить.

Не бійся, я допоможу тобі.

Беруть з собою синю пляшку.

Дорогою вони балакають весело.

Дорогою вони відпочивають голосно.

Раптом піднявся вітер.

Так страх перетворився на смиливість.

Смиливість винагороджується."
279,Фінн і план,"Живе Фінн, маленький мрійник, в старому лісі.

Пахне свіжою травою.

Одного разу Фінн хоче піднятися на вежу.

Але міст зламаний.

Приходить Дідусь Карл, який все лагодить.

Я теж іду!

Беруть з собою жовту сумку.

Дорогою вони відпочивають біля струмка.

Дорогою вони балакають разом.

Раптом впала падаюча зірка.

Всі сміються і йдуть додому.

Ділитися радісно."
280,Піппа і подорож,"Живе Піппа, хоробра миша, на жовтому полі.

Скрізь тихо і спокійно.

Одного разу Піппа хоче відвідати старий замок.

Але собака гучно гавкав.

Приходить Дідусь Карл, який все лагодить.

Добре, що я тут.

Беруть з собою червону мотузку.

Дорогою вони балакають трохи.

Дорогою вони біжать в колі.

Раптом хтось засміявся.

Так пригода гарно закінчилася.

Разом все легше."
281,Нора і знахідка,"Живе Нора, яка ставить багато питань, в маленькому селі.

Сонце світить тепло.

Одного разу Нора хоче дослідити ліс.

Але шлях був перекритий.

Приходить Пекар.

Разом впораємося!

Беруть з собою старий бінокль.

Дорогою вони відпочивають в колі.

Дорогою вони сміються трохи.

Раптом щось гучно зашурхотіло.

Накінці всі щасливі.

Справжні друзі завжди допомагають."
282,Тео і відкриття,"Живе Тео, веселий хлопець, на барвистому ринку.

Літають метелики.

Одного разу Тео хоче відкрити острів.

Але почався дощ.

Приходить Пекар.

Не бійся, я допоможу тобі.

Беруть з собою маленький ножик.

Дорогою вони балакають біля струмка.

Дорогою вони танцюють біля струмка.

Раптом закумкала жаба.

Пригода лишилася незабутньою.

Терпіння приносить удачу."
283,Емма і похід,"Живе Емма, хоробра дівчинка, біля старого колодязя.

Пахне квітами.

Одного разу Емма хоче знайти печеру.

Але карта зникла.

Приходить Пекар.

Я теж іду!

Беруть з собою теплу ковдру.

Дорогою вони відпочивають голосно.

Дорогою вони граються весело.

Раптом загавкав собака.

Всі повернулися задоволені.

Цікавість веде до див."
284,Павло і гонка,"Живе Павло, який любить будувати, на дитячому майданчику.

Струмок тихо дзюрчить.

Одного разу Павло хоче побачити високу гору.

Але стемніло.

Приходить Пекар.

Добре, що я тут.

Беруть з собою барвисту карту.

Дорогою вони балакають в колі.

Дорогою вони балакають трохи.

Раптом упав листок.

Так день був ідеальним.

Сміх завжди допомагає."
285,Мія і загадка,"Живе Мія, маленька співачка, біля синьої річки.

Небо блакитне.

Одного разу Мія хоче шукати скарб.

Але річка була занадто глибока.

Приходить Пекар.

Разом впораємося!

Беруть з собою стару монету.

Дорогою вони граються разом.

Дорогою вони відпочивають разом.

Раптом задзижчала бджола.

Всі плескали від радості.

Хто сміливий, той перемагає."
286,Лео і сюрприз,"Живе Лео, який любить тварин, на зеленому лузі.

Птахи весело співають.

Одного разу Лео хоче перепливти озеро.

Але дерево лежало впоперек.

Приходить Пекар.

Не бійся, я допоможу тобі.

Беруть з собою зелену мотузку.

Дорогою вони балакають голосно.

Дорогою вони сміються в колі.

Раптом хтось постукав.

Так страх перетворився на смиливість.

Смиливість винагороджується."
287,Аня і велика пригода,"Живе Аня, яка швидко думає, біля великого дуба.

Пахне свіжою травою.

Одного разу Аня хоче знайти море.

Але вітер був сильний.

Приходить Пекар.

Я теж іду!

Беруть з собою маленький ліхтар.

Дорогою вони граються весело.

Дорогою вони танцюють голосно.

Раптом пролетів танцюючий метелик.

Всі сміються і йдуть додому.

Ділитися радісно."
288,Макс і таємниця,"Живе Макс, веселий хлопець, в зеленому парку.

Скрізь тихо і спокійно.

Одного разу Макс хоче побачити зоряне небо.

Але був туман.

Приходить Листоноша.

Добре, що я тут.

Беруть з собою синю пляшку.

Дорогою вони танцюють разом.

Дорогою вони граються біля струмка.

Раптом піднявся вітер.

Так пригода гарно закінчилася.

Разом все легше."
289,Найкращий день: Міло,"Живе Міло, цікавий хлопець, в старому лісі.

Сонце світить тепло.

Одного разу Міло хоче піднятися на вежу.

Але міст зламаний.

Приходить Листоноша.

Разом впораємося!

Беруть з собою жовту сумку.

Дорогою вони граються трохи.

Дорогою вони балакають в колі.

Раптом впала падаюча зірка.

Накінці всі щасливі.

Справжні друзі завжди допомагають."
290,Лена і скарб,"Живе Лена, яка любить малювати, на жовтому полі.

Літають метелики.

Одного разу Лена хоче відвідати старий замок.

Але собака гучно гавкав.

Приходить Листоноша.

Не бійся, я допоможу тобі.

Беруть з собою червону мотузку.

Дорогою вони танцюють весело.

Дорогою вони відпочивають трохи.

Раптом хтось засміявся.

Пригода лишилася незабутньою.

Терпіння приносить удачу."
291,Фінн і таємниця,"Живе Фінн, маленький мрійник, в маленькому селі.

Пахне квітами.

Одного разу Фінн хоче дослідити ліс.

Але шлях був перекритий.

Приходить Листоноша.

Я теж іду!

Беруть з собою старий бінокль.

Дорогою вони граються біля струмка.

Дорогою вони розповідають історії.

Раптом щось гучно зашурхотіло.

Всі повернулися задоволені.

Цікавість веде до див."
292,Піппа і план,"Живе Піппа, хоробра миша, на барвистому ринку.

Струмок тихо дзюрчить.

Одного разу Піппа хоче відкрити острів.

Але почався дощ.

Приходить Листоноша.

Добре, що я тут.

Беруть з собою маленький ножик.

Дорогою вони танцюють трохи.

Дорогою вони біжать весело.

Раптом закумкала жаба.

Так день був ідеальним.

Сміх завжди допомагає."
293,Нора і подорож,"Живе Нора, яка ставить багато питань, біля старого колодязя.

Небо блакитне.

Одного разу Нора хоче знайти печеру.

Але карта зникла.

Приходить Листоноша.

Разом впораємося!

Беруть з собою теплу ковдру.

Дорогою вони граються в колі.

Дорогою вони граються голосно.

Раптом загавкав собака.

Всі плескали від радості.

Хто сміливий, той перемагає."
294,Тео і знахідка,"Живе Тео, веселий хлопець, на дитячому майданчику.

Птахи весело співають.

Одного разу Тео хоче побачити високу гору.

Але стемніло.

Приходить Листоноша.

Не бійся, я допоможу тобі.

Беруть з собою барвисту карту.

Дорогою вони танцюють біля струмка.

Дорогою вони танцюють разом.

Раптом упав листок.

Так страх перетворився на смиливість.

Смиливість винагороджується."
295,Емма і відкриття,"Живе Емма, хоробра дівчинка, біля синьої річки.

Пахне свіжою травою.

Одного разу Емма хоче шукати скарб.

Але річка була занадто глибока.

Приходить Бабуся Ліна, яка все знає.

Я теж іду!

Беруть з собою стару монету.

Дорогою вони граються голосно.

Дорогою вони відпочивають в колі.

Раптом задзижчала бджола.

Всі сміються і йдуть додому.

Ділитися радісно."
296,Павло і похід,"Живе Павло, який любить будувати, на зеленому лузі.

Скрізь тихо і спокійно.

Одного разу Павло хоче перепливти озеро.

Але дерево лежало впоперек.

Приходить Бабуся Ліна, яка все знає.

Добре, що я тут.

Беруть з собою зелену мотузку.

Дорогою вони танцюють в колі.

Дорогою вони співають пісню.

Раптом хтось постукав.

Так пригода гарно закінчилася.

Разом все легше."
297,Мія і гонка,"Живе Мія, маленька співачка, біля великого дуба.

Сонце світить тепло.

Одного разу Мія хоче знайти море.

Але вітер був сильний.

Приходить Бабуся Ліна, яка все знає.

Разом впораємося!

Беруть з собою маленький ліхтар.

Дорогою вони сміються разом.

Дорогою вони біжать біля струмка.

Раптом пролетів танцюючий метелик.

Накінці всі щасливі.

Справжні друзі завжди допомагають."
298,Лео і загадка,"Живе Лео, який любить тварин, в зеленому парку.

Літають метелики.

Одного разу Лео хоче побачити зоряне небо.

Але був туман.

Приходить Бабуся Ліна, яка все знає.

Не бійся, я допоможу тобі.

Беруть з собою синю пляшку.

Дорогою вони танцюють голосно.

Дорогою вони сміються весело.

Раптом піднявся вітер.

Пригода лишилася незабутньою.

Терпіння приносить удачу."
299,Аня і сюрприз,"Живе Аня, яка швидко думає, в старому лісі.

Пахне квітами.

Одного разу Аня хоче піднятися на вежу.

Але міст зламаний.

Приходить Бабуся Ліна, яка все знає.

Я теж іду!

Беруть з собою жовту сумку.

Дорогою вони сміються весело.

Дорогою вони танцюють трохи.

Раптом впала падаюча зірка.

Всі повернулися задоволені.

Цікавість веде до див."
300,Макс і велика пригода,"Живе Макс, веселий хлопець, на жовтому полі.

Струмок тихо дзюрчить.

Одного разу Макс хоче відвідати старий замок.

Але собака гучно гавкав.

Приходить Бабуся Ліна, яка все знає.

Добре, що я тут.

Беруть з собою червону мотузку.

Дорогою вони біжать разом.

Дорогою вони граються разом.

Раптом хтось засміявся.

Так день був ідеальним.

Сміх завжди допомагає."
301,Міло і таємниця,"Живе Міло, цікавий хлопець, в маленькому селі.

Небо блакитне.

Одного разу Міло хоче дослідити ліс.

Але шлях був перекритий.

Приходить Бабуся Ліна, яка все знає.

Разом впораємося!

Беруть з собою старий бінокль.

Дорогою вони сміються трохи.

Дорогою вони балакають весело.

Раптом щось гучно зашурхотіло.

Всі плескали від радості.

Хто сміливий, той перемагає."
302,Найкращий день: Лена,"Живе Лена, яка любить малювати, на барвистому ринку.

Птахи весело співають.

Одного разу Лена хоче відкрити острів.

Але почався дощ.

Приходить Борсук, садівник.

Не бійся, я допоможу тобі.

Беруть з собою маленький ножик.

Дорогою вони біжать весело.

Дорогою вони біжать голосно.

Раптом закумкала жаба.

Так страх перетворився на смиливість.

Смиливість винагороджується."
303,Фінн і скарб,"Живе Фінн, маленький мрійник, біля старого колодязя.

Пахне свіжою травою.

Одного разу Фінн хоче знайти печеру.

Але карта зникла.

Приходить Борсук, садівник.

Я теж іду!

Беруть з собою теплу ковдру.

Дорогою вони сміються біля струмка.

Дорогою вони сміються трохи.

Раптом загавкав собака.

Всі сміються і йдуть додому.

Ділитися радісно."
304,Піппа і таємниця,"Живе Піппа, хоробра миша, на дитячому майданчику.

Скрізь тихо і спокійно.

Одного разу Піппа хоче побачити високу гору.

Але стемніло.

Приходить Борсук, садівник.

Добре, що я тут.

Беруть з собою барвисту карту.

Дорогою вони біжать трохи.

Дорогою вони танцюють в колі.

Раптом упав листок.

Так пригода гарно закінчилася.

Разом все легше."
305,Нора і план,"Живе Нора, яка ставить багато питань, біля синьої річки.

Сонце світить тепло.

Одного разу Нора хоче шукати скарб.

Але річка була занадто глибока.

Приходить Борсук, садівник.

Разом впораємося!

Беруть з собою стару монету.

Дорогою вони сміються в колі.

Дорогою вони граються трохи.

Раптом задзижчала бджола.

Накінці всі щасливі.

Справжні друзі завжди допомагають."
306,Тео і подорож,"Живе Тео, веселий хлопець, на зеленому лузі.

Літають метелики.

Одного разу Тео хоче перепливти озеро.

Але дерево лежало впоперек.

Приходить Борсук, садівник.

Не бійся, я допоможу тобі.

Беруть з собою зелену мотузку.

Дорогою вони біжать біля струмка.

Дорогою вони балакають біля струмка.

Раптом хтось постукав.

Пригода лишилася незабутньою.

Терпіння приносить удачу."
307,Емма і знахідка,"Живе Емма, хоробра дівчинка, біля великого дуба.

Пахне квітами.

Одного разу Емма хоче знайти море.

Але вітер був сильний.

Приходить Борсук, садівник.

Я теж іду!

Беруть з собою маленький ліхтар.

Дорогою вони сміються голосно.

Дорогою вони відпочивають весело.

Раптом пролетів танцюючий метелик.

Всі повернулися задоволені.

Цікавість веде до див."
308,Павло і відкриття,"Живе Павло, який любить будувати, в зеленому парку.

Струмок тихо дзюрчить.

Одного разу Павло хоче побачити зоряне небо.

Але був туман.

Приходить Борсук, садівник.

Добре, що я тут.

Беруть з собою синю пляшку.

Дорогою вони біжать в колі.

Дорогою вони сміються голосно.

Раптом піднявся вітер.

Так день був ідеальним.

Сміх завжди допомагає."
309,Мія і похід,"Живе Мія, маленька співачка, в старому лісі.

Небо блакитне.

Одного разу Мія хоче піднятися на вежу.

Але міст зламаний.

Приходить Тітка Міра, весела сусідка.

Разом впораємося!

Беруть з собою жовту сумку.

Дорогою вони розповідають історії.

Дорогою вони біжать разом.

Раптом впала падаюча зірка.

Всі плескали від радості.

Хто сміливий, той перемагає."
310,Лео і гонка,"Живе Лео, який любить тварин, на жовтому полі.

Птахи весело співають.

Одного разу Лео хоче відвідати старий замок.

Але собака гучно гавкав.

Приходить Тітка Міра, весела сусідка.

Не бійся, я допоможу тобі.

Беруть з собою червону мотузку.

Дорогою вони біжать голосно.

Дорогою вони граються в колі.

Раптом хтось засміявся.

Так страх перетворився на смиливість.

Смиливість винагороджується."
311,Аня і загадка,"Живе Аня, яка швидко думає, в маленькому селі.

Пахне свіжою травою.

Одного разу Аня хоче дослідити ліс.

Але шлях був перекритий.

Приходить Тітка Міра, весела сусідка.

Я теж іду!

Беруть з собою старий бінокль.

Дорогою вони багато сміються.

Дорогою вони балакають голосно.

Раптом щось гучно зашурхотіло.

Всі сміються і йдуть додому.

Ділитися радісно."
312,Макс і сюрприз,"Живе Макс, веселий хлопець, на барвистому ринку.

Скрізь тихо і спокійно.

Одного разу Макс хоче відкрити острів.

Але почався дощ.

Приходить Тітка Міра, весела сусідка.

Добре, що я тут.

Беруть з собою маленький ножик.

Дорогою вони відпочивають разом.

Дорогою вони відпочивають біля струмка.

Раптом закумкала жаба.

Так пригода гарно закінчилася.

Разом все легше."
313,Міло і велика пригода,"Живе Міло, цікавий хлопець, біля старого колодязя.

Сонце світить тепло.

Одного разу Міло хоче знайти печеру.

Але карта зникла.

Приходить Тітка Міра, весела сусідка.

Разом впораємося!

Беруть з собою теплу ковдру.

Дорогою вони співають пісню.

Дорогою вони багато сміються.

Раптом загавкав собака.

Накінці всі щасливі.

Справжні друзі завжди допомагають."
314,Лена і таємниця,"Живе Лена, яка любить малювати, на дитячому майданчику.

Літають метелики.

Одного разу Лена хоче побачити високу гору.

Але стемніло.

Приходить Тітка Міра, весела сусідка.

Не бійся, я допоможу тобі.

Беруть з собою барвисту карту.

Дорогою вони відпочивають весело.

Дорогою вони біжать трохи.

Раптом упав листок.

Пригода лишилася незабутньою.

Терпіння приносить удачу."
315,Найкращий день: Фінн,"Живе Фінн, маленький мрійник, біля синьої річки.

Пахне квітами.

Одного разу Фінн хоче шукати скарб.

Але річка була занадто глибока.

Приходить Тітка Міра, весела сусідка.

Я теж іду!

Беруть з собою стару монету.

Дорогою вони балакають разом.

Дорогою вони сміються разом.

Раптом задзижчала бджола.

Всі повернулися задоволені.

Цікавість веде до див."
316,Піппа і скарб,"Живе Піппа, хоробра миша, на зеленому лузі.

Струмок тихо дзюрчить.

Одного разу Піппа хоче перепливти озеро.

Але дерево лежало впоперек.

Приходить Дідусь Карл, який все лагодить.

Добре, що я тут.

Беруть з собою зелену мотузку.

Дорогою вони відпочивають трохи.

Дорогою вони танцюють весело.

Раптом хтось постукав.

Так день був ідеальним.

Сміх завжди допомагає."
317,Нора і таємниця,"Живе Нора, яка ставить багато питань, біля великого дуба.

Небо блакитне.

Одного разу Нора хоче знайти море.

Але вітер був сильний.

Приходить Дідусь Карл, який все лагодить.

Разом впораємося!

Беруть з собою маленький ліхтар.

Дорогою вони балакають весело.

Дорогою вони відпочивають голосно.

Раптом пролетів танцюючий метелик.

Всі плескали від радості.

Хто сміливий, той перемагає."
318,Тео і план,"Живе Тео, веселий хлопець, в зеленому парку.

Птахи весело співають.

Одного разу Тео хоче побачити зоряне небо.

Але був туман.

Приходить Дідусь Карл, який все лагодить.

Не бійся, я допоможу тобі.

Беруть з собою синю пляшку.

Дорогою вони відпочивають біля струмка.

Дорогою вони балакають разом.

Раптом піднявся вітер.

Так страх перетворився на смиливість.

Смиливість винагороджується."
319,Емма і подорож,"Живе Емма, хоробра дівчинка, в старому лісі.

Пахне свіжою травою.

Одного разу Емма хоче піднятися на вежу.

Але міст зламаний.

Приходить Дідусь Карл, який все лагодить.

Я теж іду!

Беруть з собою жовту сумку.

Дорогою вони балакають трохи.

Дорогою вони біжать в колі.

Раптом впала падаюча зірка.

Всі сміються і йдуть додому.

Ділитися радісно."
320,Павло і знахідка,"Живе Павло, який любить будувати, на жовтому полі.

Скрізь тихо і спокійно.

Одного разу Павло хоче відвідати старий замок.

Але собака гучно гавкав.

Приходить Дідусь Карл, який все лагодить.

Добре, що я тут.

Беруть з собою червону мотузку.

Дорогою вони відпочивають в колі.

Дорогою вони сміються трохи.

Раптом хтось засміявся.

Так пригода гарно закінчилася.

Разом все легше."
321,Мія і відкриття,"Живе Мія, маленька співачка, в маленькому селі.

Сонце світить тепло.

Одного разу Мія хоче дослідити ліс.

Але шлях був перекритий.

Приходить Дідусь Карл, який все лагодить.

Разом впораємося!

Беруть з собою старий бінокль.

Дорогою вони балакають біля струмка.

Дорогою вони танцюють біля струмка.

Раптом щось гучно зашурхотіло.

Накінці всі щасливі.

Справжні друзі завжди допомагають."
322,Лео і похід,"Живе Лео, який любить тварин, на барвистому ринку.

Літають метелики.

Одного разу Лео хоче відкрити острів.

Але почався дощ.

Приходить Дідусь Карл, який все лагодить.

Не бійся, я допоможу тобі.

Беруть з собою маленький ножик.

Дорогою вони відпочивають голосно.

Дорогою вони граються весело.

Раптом закумкала жаба.

Пригода лишилася незабутньою.

Терпіння приносить удачу."
323,Аня і гонка,"Живе Аня, яка швидко думає, біля старого колодязя.

Пахне квітами.

Одного разу Аня хоче знайти печеру.

Але карта зникла.

Приходить Пекар.

Я теж іду!

Беруть з собою теплу ковдру.

Дорогою вони балакають в колі.

Дорогою вони балакають трохи.

Раптом загавкав собака.

Всі повернулися задоволені.

Цікавість веде до див."
324,Макс і загадка,"Живе Макс, веселий хлопець, на дитячому майданчику.

Струмок тихо дзюрчить.

Одного разу Макс хоче побачити високу гору.

Але стемніло.

Приходить Пекар.

Добре, що я тут.

Беруть з собою барвисту карту.

Дорогою вони граються разом.

Дорогою вони відпочивають разом.

Раптом упав листок.

Так день був ідеальним.

Сміх завжди допомагає."
325,Міло і сюрприз,"Живе Міло, цікавий хлопець, біля синьої річки.

Небо блакитне.

Одного разу Міло хоче шукати скарб.

Але річка була занадто глибока.

Приходить Пекар.

Разом впораємося!

Беруть з собою стару монету.

Дорогою вони балакають голосно.

Дорогою вони сміються в колі.

Раптом задзижчала бджола.

Всі плескали від радості.

Хто сміливий, той перемагає."
326,Лена і велика пригода,"Живе Лена, яка любить малювати, на зеленому лузі.

Птахи весело співають.

Одного разу Лена хоче перепливти озеро.

Але дерево лежало впоперек.

Приходить Пекар.

Не бійся, я допоможу тобі.

Беруть з собою зелену мотузку.

Дорогою вони граються весело.

Дорогою вони танцюють голосно.

Раптом хтось постукав.

Так страх перетворився на смиливість.

Смиливість винагороджується."
327,Фінн і таємниця,"Живе Фінн, маленький мрійник, біля великого дуба.

Пахне свіжою травою.

Одного разу Фінн хоче знайти море.

Але вітер був сильний.

Приходить Пекар.

Я теж іду!

Беруть з собою маленький ліхтар.

Дорогою вони танцюють разом.

Дорогою вони граються біля струмка.

Раптом пролетів танцюючий метелик.

Всі сміються і йдуть додому.

Ділитися радісно."
328,Найкращий день: Піппа,"Живе Піппа, хоробра миша, в зеленому парку.

Скрізь тихо і спокійно.

Одного разу Піппа хоче побачити зоряне небо.

Але був туман.

Приходить Пекар.

Добре, що я тут.

Беруть з собою синю пляшку.

Дорогою вони граються трохи.

Дорогою вони балакають в колі.

Раптом піднявся вітер.

Так пригода гарно закінчилася.

Разом все легше."
329,Нора і скарб,"Живе Нора, яка ставить багато питань, в старому лісі.

Сонце світить тепло.

Одного разу Нора хоче піднятися на вежу.

Але міст зламаний.

Приходить Пекар.

Разом впораємося!

Беруть з собою жовту сумку.

Дорогою вони танцюють весело.

Дорогою вони відпочивають трохи.

Раптом впала падаюча зірка.

Накінці всі щасливі.

Справжні друзі завжди допомагають."
330,Тео і таємниця,"Живе Тео, веселий хлопець, на жовтому полі.

Літають метелики.

Одного разу Тео хоче відвідати старий замок.

Але собака гучно гавкав.

Приходить Листоноша.

Не бійся, я допоможу тобі.

Беруть з собою червону мотузку.

Дорогою вони граються біля струмка.

Дорогою вони розповідають історії.

Раптом хтось засміявся.

Пригода лишилася незабутньою.

Терпіння приносить удачу."
331,Емма і план,"Живе Емма, хоробра дівчинка, в маленькому селі.

Пахне квітами.

Одного разу Емма хоче дослідити ліс.

Але шлях був перекритий.

Приходить Листоноша.

Я теж іду!

Беруть з собою старий бінокль.

Дорогою вони танцюють трохи.

Дорогою вони біжать весело.

Раптом щось гучно зашурхотіло.

Всі повернулися задоволені.

Цікавість веде до див."
332,Павло і подорож,"Живе Павло, який любить будувати, на барвистому ринку.

Струмок тихо дзюрчить.

Одного разу Павло хоче відкрити острів.

Але почався дощ.

Приходить Листоноша.

Добре, що я тут.

Беруть з собою маленький ножик.

Дорогою вони граються в колі.

Дорогою вони граються голосно.

Раптом закумкала жаба.

Так день був ідеальним.

Сміх завжди допомагає."
333,Мія і знахідка,"Живе Мія, маленька співачка, біля старого колодязя.

Небо блакитне.

Одного разу Мія хоче знайти печеру.

Але карта зникла.

Приходить Листоноша.

Разом впораємося!

Беруть з собою теплу ковдру.

Дорогою вони танцюють біля струмка.

Дорогою вони танцюють разом.

Раптом загавкав собака.

Всі плескали від радості.

Хто сміливий, той перемагає."
334,Лео і відкриття,"Живе Лео, який любить тварин, на дитячому майданчику.

Птахи весело співають.

Одного разу Лео хоче побачити високу гору.

Але стемніло.

Приходить Листоноша.

Не бійся, я допоможу тобі.

Беруть з собою барвисту карту.

Дорогою вони граються голосно.

Дорогою вони відпочивають в колі.

Раптом упав листок.

Так страх перетворився на смиливість.

Смиливість винагороджується."
335,Аня і похід,"Живе Аня, яка швидко думає, біля синьої річки.

Пахне свіжою травою.

Одного разу Аня хоче шукати скарб.

Але річка була занадто глибока.

Приходить Листоноша.

Я теж іду!

Беруть з собою стару монету.

Дорогою вони танцюють в колі.

Дорогою вони співають пісню.

Раптом задзижчала бджола.

Всі сміються і йдуть додому.

Ділитися радісно."
336,Макс і гонка,"Живе Макс, веселий хлопець, на зеленому лузі.

Скрізь тихо і спокійно.

Одного разу Макс хоче перепливти озеро.

Але дерево лежало впоперек.

Приходить Листоноша.

Добре, що я тут.

Беруть з собою зелену мотузку.

Дорогою вони сміються разом.

Дорогою вони біжать біля струмка.

Раптом хтось постукав.

Так пригода гарно закінчилася.

Разом все легше."
337,Міло і загадка,"Живе Міло, цікавий хлопець, біля великого дуба.

Сонце світить тепло.

Одного разу Міло хоче знайти море.

Але вітер був сильний.

Приходить Бабуся Ліна, яка все знає.

Разом впораємося!

Беруть з собою маленький ліхтар.

Дорогою вони танцюють голосно.

Дорогою вони сміються весело.

Раптом пролетів танцюючий метелик.

Накінці всі щасливі.

Справжні друзі завжди допомагають."
338,Лена і сюрприз,"Живе Лена, яка любить малювати, в зеленому парку.

Літають метелики.

Одного разу Лена хоче побачити зоряне небо.

Але був туман.

Приходить Бабуся Ліна, яка все знає.

Не бійся, я допоможу тобі.

Беруть з собою синю пляшку.

Дорогою вони сміються весело.

Дорогою вони танцюють трохи.

Раптом піднявся вітер.

Пригода лишилася незабутньою.

Терпіння приносить удачу."
339,Фінн і велика пригода,"Живе Фінн, маленький мрійник, в старому лісі.

Пахне квітами.

Одного разу Фінн хоче піднятися на вежу.

Але міст зламаний.

Приходить Бабуся Ліна, яка все знає.

Я теж іду!

Беруть з собою жовту сумку.

Дорогою вони біжать разом.

Дорогою вони граються разом.

Раптом впала падаюча зірка.

Всі повернулися задоволені.

Цікавість веде до див."
340,Піппа і таємниця,"Живе Піппа, хоробра миша, на жовтому полі.

Струмок тихо дзюрчить.

Одного разу Піппа хоче відвідати старий замок.

Але собака гучно гавкав.

Приходить Бабуся Ліна, яка все знає.

Добре, що я тут.

Беруть з собою червону мотузку.

Дорогою вони сміються трохи.

Дорогою вони балакають весело.

Раптом хтось засміявся.

Так день був ідеальним.

Сміх завжди допомагає."
341,Найкращий день: Нора,"Живе Нора, яка ставить багато питань, в маленькому селі.

Небо блакитне.

Одного разу Нора хоче дослідити ліс.

Але шлях був перекритий.

Приходить Бабуся Ліна, яка все знає.

Разом впораємося!

Беруть з собою старий бінокль.

Дорогою вони біжать весело.

Дорогою вони біжать голосно.

Раптом щось гучно зашурхотіло.

Всі плескали від радості.

Хто сміливий, той перемагає."
342,Тео і скарб,"Живе Тео, веселий хлопець, на барвистому ринку.

Птахи весело співають.

Одного разу Тео хоче відкрити острів.

Але почався дощ.

Приходить Бабуся Ліна, яка все знає.

Не бійся, я допоможу тобі.

Беруть з собою маленький ножик.

Дорогою вони сміються біля струмка.

Дорогою вони сміються трохи.

Раптом закумкала жаба.

Так страх перетворився на смиливість.

Смиливість винагороджується."
343,Емма і таємниця,"Живе Емма, хоробра дівчинка, біля старого колодязя.

Пахне свіжою травою.

Одного разу Емма хоче знайти печеру.

Але карта зникла.

Приходить Бабуся Ліна, яка все знає.

Я теж іду!

Беруть з собою теплу ковдру.

Дорогою вони біжать трохи.

Дорогою вони танцюють в колі.

Раптом загавкав собака.

Всі сміються і йдуть додому.

Ділитися радісно."
344,Павло і план,"Живе Павло, який любить будувати, на дитячому майданчику.

Скрізь тихо і спокійно.

Одного разу Павло хоче побачити високу гору.

Але стемніло.

Приходить Борсук, садівник.

Добре, що я тут.

Беруть з собою барвисту карту.

Дорогою вони сміються в колі.

Дорогою вони граються трохи.

Раптом упав листок.

Так пригода гарно закінчилася.

Разом все легше."
345,Мія і подорож,"Живе Мія, маленька співачка, біля синьої річки.

Сонце світить тепло.

Одного разу Мія хоче шукати скарб.

Але річка була занадто глибока.

Приходить Борсук, садівник.

Разом впораємося!

Беруть з собою стару монету.

Дорогою вони біжать біля струмка.

Дорогою вони балакають біля струмка.

Раптом задзижчала бджола.

Накінці всі щасливі.

Справжні друзі завжди допомагають."
346,Лео і знахідка,"Живе Лео, який любить тварин, на зеленому лузі.

Літають метелики.

Одного разу Лео хоче перепливти озеро.

Але дерево лежало впоперек.

Приходить Борсук, садівник.

Не бійся, я допоможу тобі.

Беруть з собою зелену мотузку.

Дорогою вони сміються голосно.

Дорогою вони відпочивають весело.

Раптом хтось постукав.

Пригода лишилася незабутньою.

Терпіння приносить удачу."
347,Аня і відкриття,"Живе Аня, яка швидко думає, біля великого дуба.

Пахне квітами.

Одного разу Аня хоче знайти море.

Але вітер був сильний.

Приходить Борсук, садівник.

Я теж іду!

Беруть з собою маленький ліхтар.

Дорогою вони біжать в колі.

Дорогою вони сміються голосно.

Раптом пролетів танцюючий метелик.

Всі повернулися задоволені.

Цікавість веде до див."
348,Макс і похід,"Живе Макс, веселий хлопець, в зеленому парку.

Струмок тихо дзюрчить.

Одного разу Макс хоче побачити зоряне небо.

Але був туман.

Приходить Борсук, садівник.

Добре, що я тут.

Беруть з собою синю пляшку.

Дорогою вони розповідають історії.

Дорогою вони біжать разом.

Раптом піднявся вітер.

Так день був ідеальним.

Сміх завжди допомагає."
349,Міло і гонка,"Живе Міло, цікавий хлопець, в старому лісі.

Небо блакитне.

Одного разу Міло хоче піднятися на вежу.

Але міст зламаний.

Приходить Борсук, садівник.

Разом впораємося!

Беруть з собою жовту сумку.

Дорогою вони біжать голосно.

Дорогою вони граються в колі.

Раптом впала падаюча зірка.

Всі плескали від радості.

Хто сміливий, той перемагає."
350,Лена і загадка,"Живе Лена, яка любить малювати, на жовтому полі.

Птахи весело співають.

Одного разу Лена хоче відвідати старий замок.

Але собака гучно гавкав.

Приходить Борсук, садівник.

Не бійся, я допоможу тобі.

Беруть з собою червону мотузку.

Дорогою вони багато сміються.

Дорогою вони балакають голосно.

Раптом хтось засміявся.

Так страх перетворився на смиливість.

Смиливість винагороджується."
351,Фінн і сюрприз,"Живе Фінн, маленький мрійник, в маленькому селі.

Пахне свіжою травою.

Одного разу Фінн хоче дослідити ліс.

Але шлях був перекритий.

Приходить Тітка Міра, весела сусідка.

Я теж іду!

Беруть з собою старий бінокль.

Дорогою вони відпочивають разом.

Дорогою вони відпочивають біля струмка.

Раптом щось гучно зашурхотіло.

Всі сміються і йдуть додому.

Ділитися радісно."
352,Піппа і велика пригода,"Живе Піппа, хоробра миша, на барвистому ринку.

Скрізь тихо і спокійно.

Одного разу Піппа хоче відкрити острів.

Але почався дощ.

Приходить Тітка Міра, весела сусідка.

Добре, що я тут.

Беруть з собою маленький ножик.

Дорогою вони співають пісню.

Дорогою вони багато сміються.

Раптом закумкала жаба.

Так пригода гарно закінчилася.

Разом все легше."
353,Нора і таємниця,"Живе Нора, яка ставить багато питань, біля старого колодязя.

Сонце світить тепло.

Одного разу Нора хоче знайти печеру.

Але карта зникла.

Приходить Тітка Міра, весела сусідка.

Разом впораємося!

Беруть з собою теплу ковдру.

Дорогою вони відпочивають весело.

Дорогою вони біжать трохи.

Раптом загавкав собака.

Накінці всі щасливі.

Справжні друзі завжди допомагають."
354,Найкращий день: Тео,"Живе Тео, веселий хлопець, на дитячому майданчику.

Літають метелики.

Одного разу Тео хоче побачити високу гору.

Але стемніло.

Приходить Тітка Міра, весела сусідка.

Не бійся, я допоможу тобі.

Беруть з собою барвисту карту.

Дорогою вони балакають разом.

Дорогою вони сміються разом.

Раптом упав листок.

Пригода лишилася незабутньою.

Терпіння приносить удачу."
355,Емма і скарб,"Живе Емма, хоробра дівчинка, біля синьої річки.

Пахне квітами.

Одного разу Емма хоче шукати скарб.

Але річка була занадто глибока.

Приходить Тітка Міра, весела сусідка.

Я теж іду!

Беруть з собою стару монету.

Дорогою вони відпочивають трохи.

Дорогою вони танцюють весело.

Раптом задзижчала бджола.

Всі повернулися задоволені.

Цікавість веде до див."
356,Павло і таємниця,"Живе Павло, який любить будувати, на зеленому лузі.

Струмок тихо дзюрчить.

Одного разу Павло хоче перепливти озеро.

Але дерево лежало впоперек.

Приходить Тітка Міра, весела сусідка.

Добре, що я тут.

Беруть з собою зелену мотузку.

Дорогою вони балакають весело.

Дорогою вони відпочивають голосно.

Раптом хтось постукав.

Так день був ідеальним.

Сміх завжди допомагає."
357,Мія і план,"Живе Мія, маленька співачка, біля великого дуба.

Небо блакитне.

Одного разу Мія хоче знайти море.

Але вітер був сильний.

Приходить Тітка Міра, весела сусідка.

Разом впораємося!

Беруть з собою маленький ліхтар.

Дорогою вони відпочивають біля струмка.

Дорогою вони балакають разом.

Раптом пролетів танцюючий метелик.

Всі плескали від радості.

Хто сміливий, той перемагає."
358,Лео і подорож,"Живе Лео, який любить тварин, в зеленому парку.

Птахи весело співають.

Одного разу Лео хоче побачити зоряне небо.

Але був туман.

Приходить Дідусь Карл, який все лагодить.

Не бійся, я допоможу тобі.

Беруть з собою синю пляшку.

Дорогою вони балакають трохи.

Дорогою вони біжать в колі.

Раптом піднявся вітер.

Так страх перетворився на смиливість.

Смиливість винагороджується."
359,Аня і знахідка,"Живе Аня, яка швидко думає, в старому лісі.

Пахне свіжою травою.

Одного разу Аня хоче піднятися на вежу.

Але міст зламаний.

Приходить Дідусь Карл, який все лагодить.

Я теж іду!

Беруть з собою жовту сумку.

Дорогою вони відпочивають в колі.

Дорогою вони сміються трохи.

Раптом впала падаюча зірка.

Всі сміються і йдуть додому.

Ділитися радісно."
360,Макс і відкриття,"Живе Макс, веселий хлопець, на жовтому полі.

Скрізь тихо і спокійно.

Одного разу Макс хоче відвідати старий замок.

Але собака гучно гавкав.

Приходить Дідусь Карл, який все лагодить.

Добре, що я тут.

Беруть з собою червону мотузку.

Дорогою вони балакають біля струмка.

Дорогою вони танцюють біля струмка.

Раптом хтось засміявся.

Так пригода гарно закінчилася.

Разом все легше."
361,Міло і похід,"Живе Міло, цікавий хлопець, в маленькому селі.

Сонце світить тепло.

Одного разу Міло хоче дослідити ліс.

Але шлях був перекритий.

Приходить Дідусь Карл, який все лагодить.

Разом впораємося!

Беруть з собою старий бінокль.

Дорогою вони відпочивають голосно.

Дорогою вони граються весело.

Раптом щось гучно зашурхотіло.

Накінці всі щасливі.

Справжні друзі завжди допомагають."
362,Лена і гонка,"Живе Лена, яка любить малювати, на барвистому ринку.

Літають метелики.

Одного разу Лена хоче відкрити острів.

Але почався дощ.

Приходить Дідусь Карл, який все лагодить.

Не бійся, я допоможу тобі.

Беруть з собою маленький ножик.

Дорогою вони балакають в колі.

Дорогою вони балакають трохи.

Раптом закумкала жаба.

Пригода лишилася незабутньою.

Терпіння приносить удачу."
363,Фінн і загадка,"Живе Фінн, маленький мрійник, біля старого колодязя.

Пахне квітами.

Одного разу Фінн хоче знайти печеру.

Але карта зникла.

Приходить Дідусь Карл, який все лагодить.

Я теж іду!

Беруть з собою теплу ковдру.

Дорогою вони граються разом.

Дорогою вони відпочивають разом.

Раптом загавкав собака.

Всі повернулися задоволені.

Цікавість веде до див."
364,Піппа і сюрприз,"Живе Піппа, хоробра миша, на дитячому майданчику.

Струмок тихо дзюрчить.

Одного разу Піппа хоче побачити високу гору.

Але стемніло.

Приходить Дідусь Карл, який все лагодить.

Добре, що я тут.

Беруть з собою барвисту карту.

Дорогою вони балакають голосно.

Дорогою вони сміються в колі.

Раптом упав листок.

Так день був ідеальним.

Сміх завжди допомагає."
365,Нора і велика пригода,"Живе Нора, яка ставить багато питань, біля синьої річки.

Небо блакитне.

Одного разу Нора хоче шукати скарб.

Але річка була занадто глибока.

Приходить Пекар.

Разом впораємося!

Беруть з собою стару монету.

Дорогою вони граються весело.

Дорогою вони танцюють голосно.

Раптом задзижчала бджола.

Всі плескали від радості.

Хто сміливий, той перемагає."
366,Тео і таємниця,"Живе Тео, веселий хлопець, на зеленому лузі.

Птахи весело співають.

Одного разу Тео хоче перепливти озеро.

Але дерево лежало впоперек.

Приходить Пекар.

Не бійся, я допоможу тобі.

Беруть з собою зелену мотузку.

Дорогою вони танцюють разом.

Дорогою вони граються біля струмка.

Раптом хтось постукав.

Так страх перетворився на смиливість.

Смиливість винагороджується."
367,Найкращий день: Емма,"Живе Емма, хоробра дівчинка, біля великого дуба.

Пахне свіжою травою.

Одного разу Емма хоче знайти море.

Але вітер був сильний.

Приходить Пекар.

Я теж іду!

Беруть з собою маленький ліхтар.

Дорогою вони граються трохи.

Дорогою вони балакають в колі.

Раптом пролетів танцюючий метелик.

Всі сміються і йдуть додому.

Ділитися радісно."
368,Павло і скарб,"Живе Павло, який любить будувати, в зеленому парку.

Скрізь тихо і спокійно.

Одного разу Павло хоче побачити зоряне небо.

Але був туман.

Приходить Пекар.

Добре, що я тут.

Беруть з собою синю пляшку.

Дорогою вони танцюють весело.

Дорогою вони відпочивають трохи.

Раптом піднявся вітер.

Так пригода гарно закінчилася.

Разом все легше."
369,Мія і таємниця,"Живе Мія, маленька співачка, в старому лісі.

Сонце світить тепло.

Одного разу Мія хоче піднятися на вежу.

Але міст зламаний.

Приходить Пекар.

Разом впораємося!

Беруть з собою жовту сумку.

Дорогою вони граються біля струмка.

Дорогою вони розповідають історії.

Раптом впала падаюча зірка.

Накінці всі щасливі.

Справжні друзі завжди допомагають."
370,Лео і план,"Живе Лео, який любить тварин, на жовтому полі.

Літають метелики.

Одного разу Лео хоче відвідати старий замок.

Але собака гучно гавкав.

Приходить Пекар.

Не бійся, я допоможу тобі.

Беруть з собою червону мотузку.

Дорогою вони танцюють трохи.

Дорогою вони біжать весело.

Раптом хтось засміявся.

Пригода лишилася незабутньою.

Терпіння приносить удачу."
371,Аня і подорож,"Живе Аня, яка швидко думає, в маленькому селі.

Пахне квітами.

Одного разу Аня хоче дослідити ліс.

Але шлях був перекритий.

Приходить Пекар.

Я теж іду!

Беруть з собою старий бінокль.

Дорогою вони граються в колі.

Дорогою вони граються голосно.

Раптом щось гучно зашурхотіло.

Всі повернулися задоволені.

Цікавість веде до див."
372,Макс і знахідка,"Живе Макс, веселий хлопець, на барвистому ринку.

Струмок тихо дзюрчить.

Одного разу Макс хоче відкрити острів.

Але почався дощ.

Приходить Листоноша.

Добре, що я тут.

Беруть з собою маленький ножик.

Дорогою вони танцюють біля струмка.

Дорогою вони танцюють разом.

Раптом закумкала жаба.

Так день був ідеальним.

Сміх завжди допомагає."
373,Міло і відкриття,"Живе Міло, цікавий хлопець, біля старого колодязя.

Небо блакитне.

Одного разу Міло хоче знайти печеру.

Але карта зникла.

Приходить Листоноша.

Разом впораємося!

Беруть з собою теплу ковдру.

Дорогою вони граються голосно.

Дорогою вони відпочивають в колі.

Раптом загавкав собака.

Всі плескали від радості.

Хто сміливий, той перемагає."
374,Лена і похід,"Живе Лена, яка любить малювати, на дитячому майданчику.

Птахи весело співають.

Одного разу Лена хоче побачити високу гору.

Але стемніло.

Приходить Листоноша.

Не бійся, я допоможу тобі.

Беруть з собою барвисту карту.

Дорогою вони танцюють в колі.

Дорогою вони співають пісню.

Раптом упав листок.

Так страх перетворився на смиливість.

Смиливість винагороджується."
375,Фінн і гонка,"Живе Фінн, маленький мрійник, біля синьої річки.

Пахне свіжою травою.

Одного разу Фінн хоче шукати скарб.

Але річка була занадто глибока.

Приходить Листоноша.

Я теж іду!

Беруть з собою стару монету.

Дорогою вони сміються разом.

Дорогою вони біжать біля струмка.

Раптом задзижчала бджола.

Всі сміються і йдуть додому.

Ділитися радісно."
376,Піппа і загадка,"Живе Піппа, хоробра миша, на зеленому лузі.

Скрізь тихо і спокійно.

Одного разу Піппа хоче перепливти озеро.

Але дерево лежало впоперек.

Приходить Листоноша.

Добре, що я тут.

Беруть з собою зелену мотузку.

Дорогою вони танцюють голосно.

Дорогою вони сміються весело.

Раптом хтось постукав.

Так пригода гарно закінчилася.

Разом все легше."
377,Нора і сюрприз,"Живе Нора, яка ставить багато питань, біля великого дуба.

Сонце світить тепло.

Одного разу Нора хоче знайти море.

Але вітер був сильний.

Приходить Листоноша.

Разом впораємося!

Беруть з собою маленький ліхтар.

Дорогою вони сміються весело.

Дорогою вони танцюють трохи.

Раптом пролетів танцюючий метелик.

Накінці всі щасливі.

Справжні друзі завжди допомагають."
378,Тео і велика пригода,"Живе Тео, веселий хлопець, в зеленому парку.

Літають метелики.

Одного разу Тео хоче побачити зоряне небо.

Але був туман.

Приходить Листоноша.

Не бійся, я допоможу тобі.

Беруть з собою синю пляшку.

Дорогою вони біжать разом.

Дорогою вони граються разом.

Раптом піднявся вітер.

Пригода лишилася незабутньою.

Терпіння приносить удачу."
379,Емма і таємниця,"Живе Емма, хоробра дівчинка, в старому лісі.

Пахне квітами.

Одного разу Емма хоче піднятися на вежу.

Але міст зламаний.

Приходить Бабуся Ліна, яка все знає.

Я теж іду!

Беруть з собою жовту сумку.

Дорогою вони сміються трохи.

Дорогою вони балакають весело.

Раптом впала падаюча зірка.

Всі повернулися задоволені.

Цікавість веде до див."
380,Найкращий день: Павло,"Живе Павло, який любить будувати, на жовтому полі.

Струмок тихо дзюрчить.

Одного разу Павло хоче відвідати старий замок.

Але собака гучно гавкав.

Приходить Бабуся Ліна, яка все знає.

Добре, що я тут.

Беруть з собою червону мотузку.

Дорогою вони біжать весело.

Дорогою вони біжать голосно.

Раптом хтось засміявся.

Так день був ідеальним.

Сміх завжди допомагає."
381,Мія і скарб,"Живе Мія, маленька співачка, в маленькому селі.

Небо блакитне.

Одного разу Мія хоче дослідити ліс.

Але шлях був перекритий.

Приходить Бабуся Ліна, яка все знає.

Разом впораємося!

Беруть з собою старий бінокль.

Дорогою вони сміються біля струмка.

Дорогою вони сміються трохи.

Раптом щось гучно зашурхотіло.

Всі плескали від радості.

Хто сміливий, той перемагає."
382,Лео і таємниця,"Живе Лео, який любить тварин, на барвистому ринку.

Птахи весело співають.

Одного разу Лео хоче відкрити острів.

Але почався дощ.

Приходить Бабуся Ліна, яка все знає.

Не бійся, я допоможу тобі.

Беруть з собою маленький ножик.

Дорогою вони біжать трохи.

Дорогою вони танцюють в колі.

Раптом закумкала жаба.

Так страх перетворився на смиливість.

Смиливість винагороджується."
383,Аня і план,"Живе Аня, яка швидко думає, біля старого колодязя.

Пахне свіжою травою.

Одного разу Аня хоче знайти печеру.

Але карта зникла.

Приходить Бабуся Ліна, яка все знає.

Я теж іду!

Беруть з собою теплу ковдру.

Дорогою вони сміються в колі.

Дорогою вони граються трохи.

Раптом загавкав собака.

Всі сміються і йдуть додому.

Ділитися радісно."
384,Макс і подорож,"Живе Макс, веселий хлопець, на дитячому майданчику.

Скрізь тихо і спокійно.

Одного разу Макс хоче побачити високу гору.

Але стемніло.

Приходить Бабуся Ліна, яка все знає.

Добре, що я тут.

Беруть з собою барвисту карту.

Дорогою вони біжать біля струмка.

Дорогою вони балакають біля струмка.

Раптом упав листок.

Так пригода гарно закінчилася.

Разом все легше."
385,Міло і знахідка,"Живе Міло, цікавий хлопець, біля синьої річки.

Сонце світить тепло.

Одного разу Міло хоче шукати скарб.

Але річка була занадто глибока.

Приходить Бабуся Ліна, яка все знає.

Разом впораємося!

Беруть з собою стару монету.

Дорогою вони сміються голосно.

Дорогою вони відпочивають весело.

Раптом задзижчала бджола.

Накінці всі щасливі.

Справжні друзі завжди допомагають."
386,Лена і відкриття,"Живе Лена, яка любить малювати, на зеленому лузі.

Літають метелики.

Одного разу Лена хоче перепливти озеро.

Але дерево лежало впоперек.

Приходить Борсук, садівник.

Не бійся, я допоможу тобі.

Беруть з собою зелену мотузку.

Дорогою вони біжать в колі.

Дорогою вони сміються голосно.

Раптом хтось постукав.

Пригода лишилася незабутньою.

Терпіння приносить удачу."
387,Фінн і похід,"Живе Фінн, маленький мрійник, біля великого дуба.

Пахне квітами.

Одного разу Фінн хоче знайти море.

Але вітер був сильний.

Приходить Борсук, садівник.

Я теж іду!

Беруть з собою маленький ліхтар.

Дорогою вони розповідають історії.

Дорогою вони біжать разом.

Раптом пролетів танцюючий метелик.

Всі повернулися задоволені.

Цікавість веде до див."
388,Піппа і гонка,"Живе Піппа, хоробра миша, в зеленому парку.

Струмок тихо дзюрчить.

Одного разу Піппа хоче побачити зоряне небо.

Але був туман.

Приходить Борсук, садівник.

Добре, що я тут.

Беруть з собою синю пляшку.

Дорогою вони біжать голосно.

Дорогою вони граються в колі.

Раптом піднявся вітер.

Так день був ідеальним.

Сміх завжди допомагає."
389,Нора і загадка,"Живе Нора, яка ставить багато питань, в старому лісі.

Небо блакитне.

Одного разу Нора хоче піднятися на вежу.

Але міст зламаний.

Приходить Борсук, садівник.

Разом впораємося!

Беруть з собою жовту сумку.

Дорогою вони багато сміються.

Дорогою вони балакають голосно.

Раптом впала падаюча зірка.

Всі плескали від радості.

Хто сміливий, той перемагає."
390,Тео і сюрприз,"Живе Тео, веселий хлопець, на жовтому полі.

Птахи весело співають.

Одного разу Тео хоче відвідати старий замок.

Але собака гучно гавкав.

Приходить Борсук, садівник.

Не бійся, я допоможу тобі.

Беруть з собою червону мотузку.

Дорогою вони відпочивають разом.

Дорогою вони відпочивають біля струмка.

Раптом хтось засміявся.

Так страх перетворився на смиливість.

Смиливість винагороджується."
391,Емма і велика пригода,"Живе Емма, хоробра дівчинка, в маленькому селі.

Пахне свіжою травою.

Одного разу Емма хоче дослідити ліс.

Але шлях був перекритий.

Приходить Борсук, садівник.

Я теж іду!

Беруть з собою старий бінокль.

Дорогою вони співають пісню.

Дорогою вони багато сміються.

Раптом щось гучно зашурхотіло.

Всі сміються і йдуть додому.

Ділитися радісно."
392,Павло і таємниця,"Живе Павло, який любить будувати, на барвистому ринку.

Скрізь тихо і спокійно.

Одного разу Павло хоче відкрити острів.

Але почався дощ.

Приходить Борсук, садівник.

Добре, що я тут.

Беруть з собою маленький ножик.

Дорогою вони відпочивають весело.

Дорогою вони біжать трохи.

Раптом закумкала жаба.

Так пригода гарно закінчилася.

Разом все легше."
393,Найкращий день: Мія,"Живе Мія, маленька співачка, біля старого колодязя.

Сонце світить тепло.

Одного разу Мія хоче знайти печеру.

Але карта зникла.

Приходить Тітка Міра, весела сусідка.

Разом впораємося!

Беруть з собою теплу ковдру.

Дорогою вони балакають разом.

Дорогою вони сміються разом.

Раптом загавкав собака.

Накінці всі щасливі.

Справжні друзі завжди допомагають."
394,Лео і скарб,"Живе Лео, який любить тварин, на дитячому майданчику.

Літають метелики.

Одного разу Лео хоче побачити високу гору.

Але стемніло.

Приходить Тітка Міра, весела сусідка.

Не бійся, я допоможу тобі.

Беруть з собою барвисту карту.

Дорогою вони відпочивають трохи.

Дорогою вони танцюють весело.

Раптом упав листок.

Пригода лишилася незабутньою.

Терпіння приносить удачу."
395,Аня і таємниця,"Живе Аня, яка швидко думає, біля синьої річки.

Пахне квітами.

Одного разу Аня хоче шукати скарб.

Але річка була занадто глибока.

Приходить Тітка Міра, весела сусідка.

Я теж іду!

Беруть з собою стару монету.

Дорогою вони балакають весело.

Дорогою вони відпочивають голосно.

Раптом задзижчала бджола.

Всі повернулися задоволені.

Цікавість веде до див."
396,Макс і план,"Живе Макс, веселий хлопець, на зеленому лузі.

Струмок тихо дзюрчить.

Одного разу Макс хоче перепливти озеро.

Але дерево лежало впоперек.

Приходить Тітка Міра, весела сусідка.

Добре, що я тут.

Беруть з собою зелену мотузку.

Дорогою вони відпочивають біля струмка.

Дорогою вони балакають разом.

Раптом хтось постукав.

Так день був ідеальним.

Сміх завжди допомагає."
397,Міло і подорож,"Живе Міло, цікавий хлопець, біля великого дуба.

Небо блакитне.

Одного разу Міло хоче знайти море.

Але вітер був сильний.

Приходить Тітка Міра, весела сусідка.

Разом впораємося!

Беруть з собою маленький ліхтар.

Дорогою вони балакають трохи.

Дорогою вони біжать в колі.

Раптом пролетів танцюючий метелик.

Всі плескали від радості.

Хто сміливий, той перемагає."
398,Лена і знахідка,"Живе Лена, яка любить малювати, в зеленому парку.

Птахи весело співають.

Одного разу Лена хоче побачити зоряне небо.

Але був туман.

Приходить Тітка Міра, весела сусідка.

Не бійся, я допоможу тобі.

Беруть з собою синю пляшку.

Дорогою вони відпочивають в колі.

Дорогою вони сміються трохи.

Раптом піднявся вітер.

Так страх перетворився на смиливість.

Смиливість винагороджується."
399,Фінн і відкриття,"Живе Фінн, маленький мрійник, в старому лісі.

Пахне свіжою травою.

Одного разу Фінн хоче піднятися на вежу.

Але міст зламаний.

Приходить Тітка Міра, весела сусідка.

Я теж іду!

Беруть з собою жовту сумку.

Дорогою вони балакають біля струмка.

Дорогою вони танцюють біля струмка.

Раптом впала падаюча зірка.

Всі сміються і йдуть додому.

Ділитися радісно."
400,Піппа і похід,"Живе Піппа, хоробра миша, на жовтому полі.

Скрізь тихо і спокійно.

Одного разу Піппа хоче відвідати старий замок.

Але собака гучно гавкав.

Приходить Дідусь Карл, який все лагодить.

Добре, що я тут.

Беруть з собою червону мотузку.

Дорогою вони відпочивають голосно.

Дорогою вони граються весело.

Раптом хтось засміявся.

Так пригода гарно закінчилася.

Разом все легше."
401,Емма і таємниця,"Піппа в маленькому селі, коли приходить Емма.

Пахне свіжою травою.

У Емма була біда.

Розкажи, я слухаю!

Разом кличуть на допомогу.

Дорогою вони балакають трохи.

Дорогою вони багато сміються.

Раптом загавкав собака.

Обидва пишаються.

Смиливість винагороджується."
402,Найкращий день: Мія,"Тео на барвистому ринку, коли приходить Мія.

Літають метелики.

У Мія була біда.

Я допоможу тобі!

Разом рушають у путь.

Дорогою вони розповідають історії.

Дорогою вони граються трохи.

Раптом упав листок.

Так усе владналося.

Ділитися радісно."
403,Аня і скарб,"Павло біля старого колодязя, коли приходить Аня.

Небо блакитне.

У Аня була біда.

Ми знайдемо рішення.

Разом ділять задачу.

Дорогою вони сміються весело.

Дорогою вони біжать біля струмка.

Раптом задзижчала бджола.

Зрештою обидва сміються.

Разом все легше."
404,Міло і таємниця,"Лео на дитячому майданчику, коли приходить Міло.

Скрізь тихо і спокійно.

У Міло була біда.

Ходімо, впораємося!

Разом питають сусідів.

Дорогою вони граються трохи.

Дорогою вони балакають в колі.

Раптом хтось постукав.

Обоє пишаються.

Справжні друзі завжди допомагають."
405,Фінн і план,"Макс біля синьої річки, коли приходить Фінн.

Пахне квітами.

У Фінн була біда.

Розкажи, я слухаю!

Разом шукають скрізь.

Дорогою вони відпочивають біля струмка.

Дорогою вони сміються трохи.

Раптом пролетів танцюючий метелик.

Так все знову добре.

Терпіння приносить удачу."
406,Нора і подорож,"Лена на зеленому лузі, коли приходить Нора.

Птахи весело співають.

У Нора була біда.

Я допоможу тобі!

Разом складають план.

Дорогою вони біжать в колі.

Дорогою вони відпочивають біля струмка.

Раптом піднявся вітер.

Накінці обоє сміються.

Цікавість веде до див."
407,Емма і знахідка,"Піппа біля великого дуба, коли приходить Емма.

Сонце світить тепло.

У Емма була біда.

Ми знайдемо рішення.

Разом кличуть на допомогу.

Дорогою вони танцюють голосно.

Дорогою вони танцюють в колі.

Раптом впала падаюча зірка.

Обидва пишаються.

Сміх завжди допомагає."
408,Мія і відкриття,"Тео в зеленому парку, коли приходить Мія.

Струмок тихо дзюрчить.

У Мія була біда.

Ходімо, впораємося!

Разом рушають у путь.

Дорогою вони танцюють разом.

Дорогою вони співають пісню.

Раптом хтось засміявся.

Так усе владналося.

Хто сміливий, той перемагає."
409,Аня і похід,"Павло в старому лісі, коли приходить Аня.

Пахне свіжою травою.

У Аня була біда.

Розкажи, я слухаю!

Разом ділять задачу.

Дорогою вони балакають весело.

Дорогою вони граються біля струмка.

Раптом щось гучно зашурхотіло.

Зрештою обидва сміються.

Смиливість винагороджується."
410,Міло і гонка,"Лео на жовтому полі, коли приходить Міло.

Літають метелики.

У Міло була біда.

Я допоможу тобі!

Разом питають сусідів.

Дорогою вони сміються голосно.

Дорогою вони біжать в колі.

Раптом закумкала жаба.

Обоє пишаються.

Ділитися радісно."
411,Фінн і загадка,"Макс в маленькому селі, коли приходить Фінн.

Небо блакитне.

У Фінн була біда.

Ми знайдемо рішення.

Разом шукають скрізь.

Дорогою вони сміються разом.

Дорогою вони балакають голосно.

Раптом загавкав собака.

Так все знову добре.

Разом все легше."
412,Нора і сюрприз,"Лена на барвистому ринку, коли приходить Нора.

Скрізь тихо і спокійно.

У Нора була біда.

Ходімо, впораємося!

Разом складають план.

Дорогою вони граються весело.

Дорогою вони сміються біля струмка.

Раптом упав листок.

Накінці обоє сміються.

Справжні друзі завжди допомагають."
413,Емма і велика пригода,"Піппа біля старого колодязя, коли приходить Емма.

Пахне квітами.

У Емма була біда.

Розкажи, я слухаю!

Разом кличуть на допомогу.

Дорогою вони відпочивають трохи.

Дорогою вони відпочивають в колі.

Раптом задзижчала бджола.

Обидва пишаються.

Терпіння приносить удачу."
414,Мія і таємниця,"Тео на дитячому майданчику, коли приходить Мія.

Птахи весело співають.

У Мія була біда.

Я допоможу тобі!

Разом рушають у путь.

Дорогою вони біжать біля струмка.

Дорогою вони танцюють голосно.

Раптом хтось постукав.

Так усе владналося.

Цікавість веде до див."
415,Найкращий день: Аня,"Павло біля синьої річки, коли приходить Аня.

Сонце світить тепло.

У Аня була біда.

Ми знайдемо рішення.

Разом ділять задачу.

Дорогою вони танцюють в колі.

Дорогою вони балакають разом.

Раптом пролетів танцюючий метелик.

Зрештою обидва сміються.

Сміх завжди допомагає."
416,Міло і скарб,"Лео на зеленому лузі, коли приходить Міло.

Струмок тихо дзюрчить.

У Міло була біда.

Ходімо, впораємося!

Разом питають сусідів.

Дорогою вони балакають голосно.

Дорогою вони граються в колі.

Раптом піднявся вітер.

Обоє пишаються.

Хто сміливий, той перемагає."
417,Фінн і таємниця,"Макс біля великого дуба, коли приходить Фінн.

Пахне свіжою травою.

У Фінн була біда.

Розкажи, я слухаю!

Разом шукають скрізь.

Дорогою вони балакають разом.

Дорогою вони біжать голосно.

Раптом впала падаюча зірка.

Так все знову добре.

Смиливість винагороджується."
418,Нора і план,"Лена в зеленому парку, коли приходить Нора.

Літають метелики.

У Нора була біда.

Я допоможу тобі!

Разом складають план.

Дорогою вони сміються в колі.

Дорогою вони танцюють разом.

Раптом хтось засміявся.

Накінці обоє сміються.

Ділитися радісно."
419,Емма і подорож,"Піппа в старому лісі, коли приходить Емма.

Небо блакитне.

У Емма була біда.

Ми знайдемо рішення.

Разом кличуть на допомогу.

Дорогою вони граються голосно.

Дорогою вони сміються в колі.

Раптом щось гучно зашурхотіло.

Обидва пишаються.

Разом все легше."
420,Мія і знахідка,"Тео на жовтому полі, коли приходить Мія.

Скрізь тихо і спокійно.

У Мія була біда.

Ходімо, впораємося!

Разом рушають у путь.

Дорогою вони граються разом.

Дорогою вони відпочивають голосно.

Раптом закумкала жаба.

Так усе владналося.

Справжні друзі завжди допомагають."
421,Аня і відкриття,"Павло в маленькому селі, коли приходить Аня.

Пахне квітами.

У Аня була біда.

Розкажи, я слухаю!

Разом ділять задачу.

Дорогою вони відпочивають весело.

Дорогою вони біжать разом.

Раптом загавкав собака.

Зрештою обидва сміються.

Терпіння приносить удачу."
422,Міло і похід,"Лео на барвистому ринку, коли приходить Міло.

Птахи весело співають.

У Міло була біда.

Я допоможу тобі!

Разом питають сусідів.

Дорогою вони біжать трохи.

Дорогою вони балакають весело.

Раптом упав листок.

Обоє пишаються.

Цікавість веде до див."
423,Фінн і гонка,"Макс біля старого колодязя, коли приходить Фінн.

Сонце світить тепло.

У Фінн була біда.

Ми знайдемо рішення.

Разом шукають скрізь.

Дорогою вони танцюють біля струмка.

Дорогою вони граються голосно.

Раптом задзижчала бджола.

Так все знову добре.

Сміх завжди допомагає."
424,Нора і загадка,"Лена на дитячому майданчику, коли приходить Нора.

Струмок тихо дзюрчить.

У Нора була біда.

Ходімо, впораємося!

Разом складають план.

Дорогою вони балакають в колі.

Дорогою вони відпочивають разом.

Раптом хтось постукав.

Накінці обоє сміються.

Хто сміливий, той перемагає."
425,Емма і сюрприз,"Піппа біля синьої річки, коли приходить Емма.

Пахне свіжою травою.

У Емма була біда.

Розкажи, я слухаю!

Разом кличуть на допомогу.

Дорогою вони співають пісню.

Дорогою вони танцюють весело.

Раптом пролетів танцюючий метелик.

Обидва пишаються.

Смиливість винагороджується."
426,Мія і велика пригода,"Тео на зеленому лузі, коли приходить Мія.

Літають метелики.

У Мія була біда.

Я допоможу тобі!

Разом рушають у путь.

Дорогою вони сміються біля струмка.

Дорогою вони сміються голосно.

Раптом піднявся вітер.

Так усе владналося.

Ділитися радісно."
427,Аня і таємниця,"Павло біля великого дуба, коли приходить Аня.

Небо блакитне.

У Аня була біда.

Ми знайдемо рішення.

Разом ділять задачу.

Дорогою вони граються в колі.

Дорогою вони граються разом.

Раптом впала падаюча зірка.

Зрештою обидва сміються.

Разом все легше."
428,Найкращий день: Міло,"Лео в зеленому парку, коли приходить Міло.

Скрізь тихо і спокійно.

У Міло була біда.

Ходімо, впораємося!

Разом питають сусідів.

Дорогою вони відпочивають голосно.

Дорогою вони біжать весело.

Раптом хтось засміявся.

Обоє пишаються.

Справжні друзі завжди допомагають."
429,Фінн і скарб,"Макс в старому лісі, коли приходить Фінн.

Пахне квітами.

У Фінн була біда.

Розкажи, я слухаю!

Разом шукають скрізь.

Дорогою вони відпочивають разом.

Дорогою вони балакають трохи.

Раптом щось гучно зашурхотіло.

Так все знову добре.

Терпіння приносить удачу."
430,Нора і таємниця,"Лена на жовтому полі, коли приходить Нора.

Птахи весело співають.

У Нора була біда.

Я допоможу тобі!

Разом складають план.

Дорогою вони біжать весело.

Дорогою вони сміються разом.

Раптом закумкала жаба.

Накінці обоє сміються.

Цікавість веде до див."
431,Емма і план,"Піппа в маленькому селі, коли приходить Емма.

Сонце світить тепло.

У Емма була біда.

Ми знайдемо рішення.

Разом кличуть на допомогу.

Дорогою вони танцюють трохи.

Дорогою вони відпочивають весело.

Раптом загавкав собака.

Обидва пишаються.

Сміх завжди допомагає."
432,Мія і подорож,"Тео на барвистому ринку, коли приходить Мія.

Струмок тихо дзюрчить.

У Мія була біда.

Ходімо, впораємося!

Разом рушають у путь.

Дорогою вони балакають біля струмка.

Дорогою вони танцюють трохи.

Раптом упав листок.

Так усе владналося.

Хто сміливий, той перемагає."
433,Аня і знахідка,"Павло біля старого колодязя, коли приходить Аня.

Пахне свіжою травою.

У Аня була біда.

Розкажи, я слухаю!

Разом ділять задачу.

Дорогою вони багато сміються.

Дорогою вони розповідають історії.

Раптом задзижчала бджола.

Зрештою обидва сміються.

Смиливість винагороджується."
434,Міло і відкриття,"Лео на дитячому майданчику, коли приходить Міло.

Літають метелики.

У Міло була біда.

Я допоможу тобі!

Разом питають сусідів.

Дорогою вони сміються трохи.

Дорогою вони граються весело.

Раптом хтось постукав.

Обоє пишаються.

Ділитися радісно."
435,Фінн і похід,"Макс біля синьої річки, коли приходить Фінн.

Небо блакитне.

У Фінн була біда.

Ми знайдемо рішення.

Разом шукають скрізь.

Дорогою вони граються біля струмка.

Дорогою вони біжать трохи.

Раптом пролетів танцюючий метелик.

Так все знову добре.

Разом все легше."
436,Нора і гонка,"Лена на зеленому лузі, коли приходить Нора.

Скрізь тихо і спокійно.

У Нора була біда.

Ходімо, впораємося!

Разом складають план.

Дорогою вони відпочивають в колі.

Дорогою вони балакають біля струмка.

Раптом піднявся вітер.

Накінці обоє сміються.

Справжні друзі завжди допомагають."
437,Емма і загадка,"Піппа біля великого дуба, коли приходить Емма.

Пахне квітами.

У Емма була біда.

Розкажи, я слухаю!

Разом кличуть на допомогу.

Дорогою вони біжать голосно.

Дорогою вони сміються весело.

Раптом впала падаюча зірка.

Обидва пишаються.

Терпіння приносить удачу."
438,Мія і сюрприз,"Тео в зеленому парку, коли приходить Мія.

Птахи весело співають.

У Мія була біда.

Я допоможу тобі!

Разом рушають у путь.

Дорогою вони біжать разом.

Дорогою вони відпочивають трохи.

Раптом хтось засміявся.

Так усе владналося.

Цікавість веде до див."
439,Аня і велика пригода,"Павло в старому лісі, коли приходить Аня.

Сонце світить тепло.

У Аня була біда.

Ми знайдемо рішення.

Разом ділять задачу.

Дорогою вони танцюють весело.

Дорогою вони танцюють біля струмка.

Раптом щось гучно зашурхотіло.

Зрештою обидва сміються.

Сміх завжди допомагає."
440,Міло і таємниця,"Лео на жовтому полі, коли приходить Міло.

Струмок тихо дзюрчить.

У Міло була біда.

Ходімо, впораємося!

Разом питають сусідів.

Дорогою вони балакають трохи.

Дорогою вони багато сміються.

Раптом закумкала жаба.

Обоє пишаються.

Хто сміливий, той перемагає."
441,Найкращий день: Фінн,"Макс в маленькому селі, коли приходить Фінн.

Пахне свіжою травою.

У Фінн була біда.

Розкажи, я слухаю!

Разом шукають скрізь.

Дорогою вони розповідають історії.

Дорогою вони граються трохи.

Раптом загавкав собака.

Так все знову добре.

Смиливість винагороджується."
442,Нора і скарб,"Лена на барвистому ринку, коли приходить Нора.

Літають метелики.

У Нора була біда.

Я допоможу тобі!

Разом складають план.

Дорогою вони сміються весело.

Дорогою вони біжать біля струмка.

Раптом упав листок.

Накінці обоє сміються.

Ділитися радісно."
443,Емма і таємниця,"Піппа біля старого колодязя, коли приходить Емма.

Небо блакитне.

У Емма була біда.

Ми знайдемо рішення.

Разом кличуть на допомогу.

Дорогою вони граються трохи.

Дорогою вони балакають в колі.

Раптом задзижчала бджола.

Обидва пишаються.

Разом все легше."
444,Мія і план,"Тео на дитячому майданчику, коли приходить Мія.

Скрізь тихо і спокійно.

У Мія була біда.

Ходімо, впораємося!

Разом рушають у путь.

Дорогою вони відпочивають біля струмка.

Дорогою вони сміються трохи.

Раптом хтось постукав.

Так усе владналося.

Справжні друзі завжди допомагають."
445,Аня і подорож,"Павло біля синьої річки, коли приходить Аня.

Пахне квітами.

У Аня була біда.

Розкажи, я слухаю!

Разом ділять задачу.

Дорогою вони біжать в колі.

Дорогою вони відпочивають біля струмка.

Раптом пролетів танцюючий метелик.

Зрештою обидва сміються.

Терпіння приносить удачу."
446,Міло і знахідка,"Лео на зеленому лузі, коли приходить Міло.

Птахи весело співають.

У Міло була біда.

Я допоможу тобі!

Разом питають сусідів.

Дорогою вони танцюють голосно.

Дорогою вони танцюють в колі.

Раптом піднявся вітер.

Обоє пишаються.

Цікавість веде до див."
447,Фінн і відкриття,"Макс біля великого дуба, коли приходить Фінн.

Сонце світить тепло.

У Фінн була біда.

Ми знайдемо рішення.

Разом шукають скрізь.

Дорогою вони танцюють разом.

Дорогою вони співають пісню.

Раптом впала падаюча зірка.

Так все знову добре.

Сміх завжди допомагає."
448,Нора і похід,"Лена в зеленому парку, коли приходить Нора.

Струмок тихо дзюрчить.

У Нора була біда.

Ходімо, впораємося!

Разом складають план.

Дорогою вони балакають весело.

Дорогою вони граються біля струмка.

Раптом хтось засміявся.

Накінці обоє сміються.

Хто сміливий, той перемагає."
449,Емма і гонка,"Піппа в старому лісі, коли приходить Емма.

Пахне свіжою травою.

У Емма була біда.

Розкажи, я слухаю!

Разом кличуть на допомогу.

Дорогою вони сміються голосно.

Дорогою вони біжать в колі.

Раптом щось гучно зашурхотіло.

Обидва пишаються.

Смиливість винагороджується."
450,Мія і загадка,"Тео на жовтому полі, коли приходить Мія.

Літають метелики.

У Мія була біда.

Я допоможу тобі!

Разом рушають у путь.

Дорогою вони сміються разом.

Дорогою вони балакають голосно.

Раптом закумкала жаба.

Так усе владналося.

Ділитися радісно."
451,Аня і сюрприз,"Павло в маленькому селі, коли приходить Аня.

Небо блакитне.

У Аня була біда.

Ми знайдемо рішення.

Разом ділять задачу.

Дорогою вони граються весело.

Дорогою вони сміються біля струмка.

Раптом загавкав собака.

Зрештою обидва сміються.

Разом все легше."
452,Міло і велика пригода,"Лео на барвистому ринку, коли приходить Міло.

Скрізь тихо і спокійно.

У Міло була біда.

Ходімо, впораємося!

Разом питають сусідів.

Дорогою вони відпочивають трохи.

Дорогою вони відпочивають в колі.

Раптом упав листок.

Обоє пишаються.

Справжні друзі завжди допомагають."
453,Фінн і таємниця,"Макс біля старого колодязя, коли приходить Фінн.

Пахне квітами.

У Фінн була біда.

Розкажи, я слухаю!

Разом шукають скрізь.

Дорогою вони біжать біля струмка.

Дорогою вони танцюють голосно.

Раптом задзижчала бджола.

Так все знову добре.

Терпіння приносить удачу."
454,Найкращий день: Нора,"Лена на дитячому майданчику, коли приходить Нора.

Птахи весело співають.

У Нора була біда.

Я допоможу тобі!

Разом складають план.

Дорогою вони танцюють в колі.

Дорогою вони балакають разом.

Раптом хтось постукав.

Накінці обоє сміються.

Цікавість веде до див."
455,Емма і скарб,"Піппа біля синьої річки, коли приходить Емма.

Сонце світить тепло.

У Емма була біда.

Ми знайдемо рішення.

Разом кличуть на допомогу.

Дорогою вони балакають голосно.

Дорогою вони граються в колі.

Раптом пролетів танцюючий метелик.

Обидва пишаються.

Сміх завжди допомагає."
456,Мія і таємниця,"Тео на зеленому лузі, коли приходить Мія.

Струмок тихо дзюрчить.

У Мія була біда.

Ходімо, впораємося!

Разом рушають у путь.

Дорогою вони балакають разом.

Дорогою вони біжать голосно.

Раптом піднявся вітер.

Так усе владналося.

Хто сміливий, той перемагає."
457,Аня і план,"Павло біля великого дуба, коли приходить Аня.

Пахне свіжою травою.

У Аня була біда.

Розкажи, я слухаю!

Разом ділять задачу.

Дорогою вони сміються в колі.

Дорогою вони танцюють разом.

Раптом впала падаюча зірка.

Зрештою обидва сміються.

Смиливість винагороджується."
458,Міло і подорож,"Лео в зеленому парку, коли приходить Міло.

Літають метелики.

У Міло була біда.

Я допоможу тобі!

Разом питають сусідів.

Дорогою вони граються голосно.

Дорогою вони сміються в колі.

Раптом хтось засміявся.

Обоє пишаються.

Ділитися радісно."
459,Фінн і знахідка,"Макс в старому лісі, коли приходить Фінн.

Небо блакитне.

У Фінн була біда.

Ми знайдемо рішення.

Разом шукають скрізь.

Дорогою вони граються разом.

Дорогою вони відпочивають голосно.

Раптом щось гучно зашурхотіло.

Так все знову добре.

Разом все легше."
460,Нора і відкриття,"Лена на жовтому полі, коли приходить Нора.

Скрізь тихо і спокійно.

У Нора була біда.

Ходімо, впораємося!

Разом складають план.

Дорогою вони відпочивають весело.

Дорогою вони біжать разом.

Раптом закумкала жаба.

Накінці обоє сміються.

Справжні друзі завжди допомагають."
461,Емма і похід,"Піппа в маленькому селі, коли приходить Емма.

Пахне квітами.

У Емма була біда.

Розкажи, я слухаю!

Разом кличуть на допомогу.

Дорогою вони біжать трохи.

Дорогою вони балакають весело.

Раптом загавкав собака.

Обидва пишаються.

Терпіння приносить удачу."
462,Мія і гонка,"Тео на барвистому ринку, коли приходить Мія.

Птахи весело співають.

У Мія була біда.

Я допоможу тобі!

Разом рушають у путь.

Дорогою вони танцюють біля струмка.

Дорогою вони граються голосно.

Раптом упав листок.

Так усе владналося.

Цікавість веде до див."
463,Аня і загадка,"Павло біля старого колодязя, коли приходить Аня.

Сонце світить тепло.

У Аня була біда.

Ми знайдемо рішення.

Разом ділять задачу.

Дорогою вони балакають в колі.

Дорогою вони відпочивають разом.

Раптом задзижчала бджола.

Зрештою обидва сміються.

Сміх завжди допомагає."
464,Міло і сюрприз,"Лео на дитячому майданчику, коли приходить Міло.

Струмок тихо дзюрчить.

У Міло була біда.

Ходімо, впораємося!

Разом питають сусідів.

Дорогою вони співають пісню.

Дорогою вони танцюють весело.

Раптом хтось постукав.

Обоє пишаються.

Хто сміливий, той перемагає."
465,Фінн і велика пригода,"Макс біля синьої річки, коли приходить Фінн.

Пахне свіжою травою.

У Фінн була біда.

Розкажи, я слухаю!

Разом шукають скрізь.

Дорогою вони сміються біля струмка.

Дорогою вони сміються голосно.

Раптом пролетів танцюючий метелик.

Так все знову добре.

Смиливість винагороджується."
466,Нора і таємниця,"Лена на зеленому лузі, коли приходить Нора.

Літають метелики.

У Нора була біда.

Я допоможу тобі!

Разом складають план.

Дорогою вони граються в колі.

Дорогою вони граються разом.

Раптом піднявся вітер.

Накінці обоє сміються.

Ділитися радісно."
467,Найкращий день: Емма,"Піппа біля великого дуба, коли приходить Емма.

Небо блакитне.

У Емма була біда.

Ми знайдемо рішення.

Разом кличуть на допомогу.

Дорогою вони відпочивають голосно.

Дорогою вони біжать весело.

Раптом впала падаюча зірка.

Обидва пишаються.

Разом все легше."
468,Мія і скарб,"Тео в зеленому парку, коли приходить Мія.

Скрізь тихо і спокійно.

У Мія була біда.

Ходімо, впораємося!

Разом рушають у путь.

Дорогою вони відпочивають разом.

Дорогою вони балакають трохи.

Раптом хтось засміявся.

Так усе владналося.

Справжні друзі завжди допомагають."
469,Аня і таємниця,"Павло в старому лісі, коли приходить Аня.

Пахне квітами.

У Аня була біда.

Розкажи, я слухаю!

Разом ділять задачу.

Дорогою вони біжать весело.

Дорогою вони сміються разом.

Раптом щось гучно зашурхотіло.

Зрештою обидва сміються.

Терпіння приносить удачу."
470,Міло і план,"Лео на жовтому полі, коли приходить Міло.

Птахи весело співають.

У Міло була біда.

Я допоможу тобі!

Разом питають сусідів.

Дорогою вони танцюють трохи.

Дорогою вони відпочивають весело.

Раптом закумкала жаба.

Обоє пишаються.

Цікавість веде до див."
471,Фінн і подорож,"Макс в маленькому селі, коли приходить Фінн.

Сонце світить тепло.

У Фінн була біда.

Ми знайдемо рішення.

Разом шукають скрізь.

Дорогою вони балакають біля струмка.

Дорогою вони танцюють трохи.

Раптом загавкав собака.

Так все знову добре.

Сміх завжди допомагає."
472,Нора і знахідка,"Лена на барвистому ринку, коли приходить Нора.

Струмок тихо дзюрчить.

У Нора була біда.

Ходімо, впораємося!

Разом складають план.

Дорогою вони багато сміються.

Дорогою вони розповідають історії.

Раптом упав листок.

Накінці обоє сміються.

Хто сміливий, той перемагає."
473,Емма і відкриття,"Піппа біля старого колодязя, коли приходить Емма.

Пахне свіжою травою.

У Емма була біда.

Розкажи, я слухаю!

Разом кличуть на допомогу.

Дорогою вони сміються трохи.

Дорогою вони граються весело.

Раптом задзижчала бджола.

Обидва пишаються.

Смиливість винагороджується."
474,Мія і похід,"Тео на дитячому майданчику, коли приходить Мія.

Літають метелики.

У Мія була біда.

Я допоможу тобі!

Разом рушають у путь.

Дорогою вони граються біля струмка.

Дорогою вони біжать трохи.

Раптом хтось постукав.

Так усе владналося.

Ділитися радісно."
475,Аня і гонка,"Павло біля синьої річки, коли приходить Аня.

Небо блакитне.

У Аня була біда.

Ми знайдемо рішення.

Разом ділять задачу.

Дорогою вони відпочивають в колі.

Дорогою вони балакають біля струмка.

Раптом пролетів танцюючий метелик.

Зрештою обидва сміються.

Разом все легше."
476,Міло і загадка,"Лео на зеленому лузі, коли приходить Міло.

Скрізь тихо і спокійно.

У Міло була біда.

Ходімо, впораємося!

Разом питають сусідів.

Дорогою вони біжать голосно.

Дорогою вони сміються весело.

Раптом піднявся вітер.

Обоє пишаються.

Справжні друзі завжди допомагають."
477,Фінн і сюрприз,"Макс біля великого дуба, коли приходить Фінн.

Пахне квітами.

У Фінн була біда.

Розкажи, я слухаю!

Разом шукають скрізь.

Дорогою вони біжать разом.

Дорогою вони відпочивають трохи.

Раптом впала падаюча зірка.

Так все знову добре.

Терпіння приносить удачу."
478,Нора і велика пригода,"Лена в зеленому парку, коли приходить Нора.

Птахи весело співають.

У Нора була біда.

Я допоможу тобі!

Разом складають план.

Дорогою вони танцюють весело.

Дорогою вони танцюють біля струмка.

Раптом хтось засміявся.

Накінці обоє сміються.

Цікавість веде до див."
479,Емма і таємниця,"Піппа в старому лісі, коли приходить Емма.

Сонце світить тепло.

У Емма була біда.

Ми знайдемо рішення.

Разом кличуть на допомогу.

Дорогою вони балакають трохи.

Дорогою вони багато сміються.

Раптом щось гучно зашурхотіло.

Обидва пишаються.

Сміх завжди допомагає."
480,Найкращий день: Мія,"Тео на жовтому полі, коли приходить Мія.

Струмок тихо дзюрчить.

У Мія була біда.

Ходімо, впораємося!

Разом рушають у путь.

Дорогою вони розповідають історії.

Дорогою вони граються трохи.

Раптом закумкала жаба.

Так усе владналося.

Хто сміливий, той перемагає."
481,Аня і скарб,"Павло в маленькому селі, коли приходить Аня.

Пахне свіжою травою.

У Аня була біда.

Розкажи, я слухаю!

Разом ділять задачу.

Дорогою вони сміються весело.

Дорогою вони біжать біля струмка.

Раптом загавкав собака.

Зрештою обидва сміються.

Смиливість винагороджується."
482,Міло і таємниця,"Лео на барвистому ринку, коли приходить Міло.

Літають метелики.

У Міло була біда.

Я допоможу тобі!

Разом питають сусідів.

Дорогою вони граються трохи.

Дорогою вони балакають в колі.

Раптом упав листок.

Обоє пишаються.

Ділитися радісно."
483,Фінн і план,"Макс біля старого колодязя, коли приходить Фінн.

Небо блакитне.

У Фінн була біда.

Ми знайдемо рішення.

Разом шукають скрізь.

Дорогою вони відпочивають біля струмка.

Дорогою вони сміються трохи.

Раптом задзижчала бджола.

Так все знову добре.

Разом все легше."
484,Нора і подорож,"Лена на дитячому майданчику, коли приходить Нора.

Скрізь тихо і спокійно.

У Нора була біда.

Ходімо, впораємося!

Разом складають план.

Дорогою вони біжать в колі.

Дорогою вони відпочивають біля струмка.

Раптом хтось постукав.

Накінці обоє сміються.

Справжні друзі завжди допомагають."
485,Емма і знахідка,"Піппа біля синьої річки, коли приходить Емма.

Пахне квітами.

У Емма була біда.

Розкажи, я слухаю!

Разом кличуть на допомогу.

Дорогою вони танцюють голосно.

Дорогою вони танцюють в колі.

Раптом пролетів танцюючий метелик.

Обидва пишаються.

Терпіння приносить удачу."
486,Мія і відкриття,"Тео на зеленому лузі, коли приходить Мія.

Птахи весело співають.

У Мія була біда.

Я допоможу тобі!

Разом рушають у путь.

Дорогою вони танцюють разом.

Дорогою вони співають пісню.

Раптом піднявся вітер.

Так усе владналося.

Цікавість веде до див."
487,Аня і похід,"Павло біля великого дуба, коли приходить Аня.

Сонце світить тепло.

У Аня була біда.

Ми знайдемо рішення.

Разом ділять задачу.

Дорогою вони балакають весело.

Дорогою вони граються біля струмка.

Раптом впала падаюча зірка.

Зрештою обидва сміються.

Сміх завжди допомагає."
488,Міло і гонка,"Лео в зеленому парку, коли приходить Міло.

Струмок тихо дзюрчить.

У Міло була біда.

Ходімо, впораємося!

Разом питають сусідів.

Дорогою вони сміються голосно.

Дорогою вони біжать в колі.

Раптом хтось засміявся.

Обоє пишаються.

Хто сміливий, той перемагає."
489,Фінн і загадка,"Макс в старому лісі, коли приходить Фінн.

Пахне свіжою травою.

У Фінн була біда.

Розкажи, я слухаю!

Разом шукають скрізь.

Дорогою вони сміються разом.

Дорогою вони балакають голосно.

Раптом щось гучно зашурхотіло.

Так все знову добре.

Смиливість винагороджується."
490,Нора і сюрприз,"Лена на жовтому полі, коли приходить Нора.

Літають метелики.

У Нора була біда.

Я допоможу тобі!

Разом складають план.

Дорогою вони граються весело.

Дорогою вони сміються біля струмка.

Раптом закумкала жаба.

Накінці обоє сміються.

Ділитися радісно."
491,Емма і велика пригода,"Піппа в маленькому селі, коли приходить Емма.

Небо блакитне.

У Емма була біда.

Ми знайдемо рішення.

Разом кличуть на допомогу.

Дорогою вони відпочивають трохи.

Дорогою вони відпочивають в колі.

Раптом загавкав собака.

Обидва пишаються.

Разом все легше."
492,Мія і таємниця,"Тео на барвистому ринку, коли приходить Мія.

Скрізь тихо і спокійно.

У Мія була біда.

Ходімо, впораємося!

Разом рушають у путь.

Дорогою вони біжать біля струмка.

Дорогою вони танцюють голосно.

Раптом упав листок.

Так усе владналося.

Справжні друзі завжди допомагають."
493,Найкращий день: Аня,"Павло біля старого колодязя, коли приходить Аня.

Пахне квітами.

У Аня була біда.

Розкажи, я слухаю!

Разом ділять задачу.

Дорогою вони танцюють в колі.

Дорогою вони балакають разом.

Раптом задзижчала бджола.

Зрештою обидва сміються.

Терпіння приносить удачу."
494,Міло і скарб,"Лео на дитячому майданчику, коли приходить Міло.

Птахи весело співають.

У Міло була біда.

Я допоможу тобі!

Разом питають сусідів.

Дорогою вони балакають голосно.

Дорогою вони граються в колі.

Раптом хтось постукав.

Обоє пишаються.

Цікавість веде до див."
495,Фінн і таємниця,"Макс біля синьої річки, коли приходить Фінн.

Сонце світить тепло.

У Фінн була біда.

Ми знайдемо рішення.

Разом шукають скрізь.

Дорогою вони балакають разом.

Дорогою вони біжать голосно.

Раптом пролетів танцюючий метелик.

Так все знову добре.

Сміх завжди допомагає."
496,Нора і план,"Лена на зеленому лузі, коли приходить Нора.

Струмок тихо дзюрчить.

У Нора була біда.

Ходімо, впораємося!

Разом складають план.

Дорогою вони сміються в колі.

Дорогою вони танцюють разом.

Раптом піднявся вітер.

Накінці обоє сміються.

Хто сміливий, той перемагає."
497,Емма і подорож,"Піппа біля великого дуба, коли приходить Емма.

Пахне свіжою травою.

У Емма була біда.

Розкажи, я слухаю!

Разом кличуть на допомогу.

Дорогою вони граються голосно.

Дорогою вони сміються в колі.

Раптом впала падаюча зірка.

Обидва пишаються.

Смиливість винагороджується."
498,Мія і знахідка,"Тео в зеленому парку, коли приходить Мія.

Літають метелики.

У Мія була біда.

Я допоможу тобі!

Разом рушають у путь.

Дорогою вони граються разом.

Дорогою вони відпочивають голосно.

Раптом хтось засміявся.

Так усе владналося.

Ділитися радісно."
499,Аня і відкриття,"Павло в старому лісі, коли приходить Аня.

Небо блакитне.

У Аня була біда.

Ми знайдемо рішення.

Разом ділять задачу.

Дорогою вони відпочивають весело.

Дорогою вони біжать разом.

Раптом щось гучно зашурхотіло.

Зрештою обидва сміються.

Разом все легше."
500,Міло і похід,"Лео на жовтому полі, коли приходить Міло.

Скрізь тихо і спокійно.

У Міло була біда.

Ходімо, впораємося!

Разом питають сусідів.

Дорогою вони біжать трохи.

Дорогою вони балакають весело.

Раптом закумкала жаба.

Обоє пишаються.

Справжні друзі завжди допомагають."
501,Фінн і гонка,"Макс в маленькому селі, коли приходить Фінн.

Пахне квітами.

У Фінн була біда.

Розкажи, я слухаю!

Разом шукають скрізь.

Дорогою вони танцюють біля струмка.

Дорогою вони граються голосно.

Раптом загавкав собака.

Так все знову добре.

Терпіння приносить удачу."
502,Нора і загадка,"Лена на барвистому ринку, коли приходить Нора.

Птахи весело співають.

У Нора була біда.

Я допоможу тобі!

Разом складають план.

Дорогою вони балакають в колі.

Дорогою вони відпочивають разом.

Раптом упав листок.

Накінці обоє сміються.

Цікавість веде до див."
503,Емма і сюрприз,"Піппа біля старого колодязя, коли приходить Емма.

Сонце світить тепло.

У Емма була біда.

Ми знайдемо рішення.

Разом кличуть на допомогу.

Дорогою вони співають пісню.

Дорогою вони танцюють весело.

Раптом задзижчала бджола.

Обидва пишаються.

Сміх завжди допомагає."
504,Мія і велика пригода,"Тео на дитячому майданчику, коли приходить Мія.

Струмок тихо дзюрчить.

У Мія була біда.

Ходімо, впораємося!

Разом рушають у путь.

Дорогою вони сміються біля струмка.

Дорогою вони сміються голосно.

Раптом хтось постукав.

Так усе владналося.

Хто сміливий, той перемагає."
505,Аня і таємниця,"Павло біля синьої річки, коли приходить Аня.

Пахне свіжою травою.

У Аня була біда.

Розкажи, я слухаю!

Разом ділять задачу.

Дорогою вони граються в колі.

Дорогою вони граються разом.

Раптом пролетів танцюючий метелик.

Зрештою обидва сміються.

Смиливість винагороджується."
506,Найкращий день: Міло,"Лео на зеленому лузі, коли приходить Міло.

Літають метелики.

У Міло була біда.

Я допоможу тобі!

Разом питають сусідів.

Дорогою вони відпочивають голосно.

Дорогою вони біжать весело.

Раптом піднявся вітер.

Обоє пишаються.

Ділитися радісно."
507,Фінн і скарб,"Макс біля великого дуба, коли приходить Фінн.

Небо блакитне.

У Фінн була біда.

Ми знайдемо рішення.

Разом шукають скрізь.

Дорогою вони відпочивають разом.

Дорогою вони балакають трохи.

Раптом впала падаюча зірка.

Так все знову добре.

Разом все легше."
508,Нора і таємниця,"Лена в зеленому парку, коли приходить Нора.

Скрізь тихо і спокійно.

У Нора була біда.

Ходімо, впораємося!

Разом складають план.

Дорогою вони біжать весело.

Дорогою вони сміються разом.

Раптом хтось засміявся.

Накінці обоє сміються.

Справжні друзі завжди допомагають."
509,Емма і план,"Піппа в старому лісі, коли приходить Емма.

Пахне квітами.

У Емма була біда.

Розкажи, я слухаю!

Разом кличуть на допомогу.

Дорогою вони танцюють трохи.

Дорогою вони відпочивають весело.

Раптом щось гучно зашурхотіло.

Обидва пишаються.

Терпіння приносить удачу."
510,Мія і подорож,"Тео на жовтому полі, коли приходить Мія.

Птахи весело співають.

У Мія була біда.

Я допоможу тобі!

Разом рушають у путь.

Дорогою вони балакають біля струмка.

Дорогою вони танцюють трохи.

Раптом закумкала жаба.

Так усе владналося.

Цікавість веде до див."
511,Аня і знахідка,"Павло в маленькому селі, коли приходить Аня.

Сонце світить тепло.

У Аня була біда.

Ми знайдемо рішення.

Разом ділять задачу.

Дорогою вони багато сміються.

Дорогою вони розповідають історії.

Раптом загавкав собака.

Зрештою обидва сміються.

Сміх завжди допомагає."
512,Міло і відкриття,"Лео на барвистому ринку, коли приходить Міло.

Струмок тихо дзюрчить.

У Міло була біда.

Ходімо, впораємося!

Разом питають сусідів.

Дорогою вони сміються трохи.

Дорогою вони граються весело.

Раптом упав листок.

Обоє пишаються.

Хто сміливий, той перемагає."
513,Фінн і похід,"Макс біля старого колодязя, коли приходить Фінн.

Пахне свіжою травою.

У Фінн була біда.

Розкажи, я слухаю!

Разом шукають скрізь.

Дорогою вони граються біля струмка.

Дорогою вони біжать трохи.

Раптом задзижчала бджола.

Так все знову добре.

Смиливість винагороджується."
514,Нора і гонка,"Лена на дитячому майданчику, коли приходить Нора.

Літають метелики.

У Нора була біда.

Я допоможу тобі!

Разом складають план.

Дорогою вони відпочивають в колі.

Дорогою вони балакають біля струмка.

Раптом хтось постукав.

Накінці обоє сміються.

Ділитися радісно."
515,Емма і загадка,"Піппа біля синьої річки, коли приходить Емма.

Небо блакитне.

У Емма була біда.

Ми знайдемо рішення.

Разом кличуть на допомогу.

Дорогою вони біжать голосно.

Дорогою вони сміються весело.

Раптом пролетів танцюючий метелик.

Обидва пишаються.

Разом все легше."
516,Мія і сюрприз,"Тео на зеленому лузі, коли приходить Мія.

Скрізь тихо і спокійно.

У Мія була біда.

Ходімо, впораємося!

Разом рушають у путь.

Дорогою вони біжать разом.

Дорогою вони відпочивають трохи.

Раптом піднявся вітер.

Так усе владналося.

Справжні друзі завжди допомагають."
517,Аня і велика пригода,"Павло біля великого дуба, коли приходить Аня.

Пахне квітами.

У Аня була біда.

Розкажи, я слухаю!

Разом ділять задачу.

Дорогою вони танцюють весело.

Дорогою вони танцюють біля струмка.

Раптом впала падаюча зірка.

Зрештою обидва сміються.

Терпіння приносить удачу."
518,Міло і таємниця,"Лео в зеленому парку, коли приходить Міло.

Птахи весело співають.

У Міло була біда.

Я допоможу тобі!

Разом питають сусідів.

Дорогою вони балакають трохи.

Дорогою вони багато сміються.

Раптом хтось засміявся.

Обоє пишаються.

Цікавість веде до див."
519,Найкращий день: Фінн,"Макс в старому лісі, коли приходить Фінн.

Сонце світить тепло.

У Фінн була біда.

Ми знайдемо рішення.

Разом шукають скрізь.

Дорогою вони розповідають історії.

Дорогою вони граються трохи.

Раптом щось гучно зашурхотіло.

Так все знову добре.

Сміх завжди допомагає."
520,Нора і скарб,"Лена на жовтому полі, коли приходить Нора.

Струмок тихо дзюрчить.

У Нора була біда.

Ходімо, впораємося!

Разом складають план.

Дорогою вони сміються весело.

Дорогою вони біжать біля струмка.

Раптом закумкала жаба.

Накінці обоє сміються.

Хто сміливий, той перемагає."
521,Емма і таємниця,"Піппа в маленькому селі, коли приходить Емма.

Пахне свіжою травою.

У Емма була біда.

Розкажи, я слухаю!

Разом кличуть на допомогу.

Дорогою вони граються трохи.

Дорогою вони балакають в колі.

Раптом загавкав собака.

Обидва пишаються.

Смиливість винагороджується."
522,Мія і план,"Тео на барвистому ринку, коли приходить Мія.

Літають метелики.

У Мія була біда.

Я допоможу тобі!

Разом рушають у путь.

Дорогою вони відпочивають біля струмка.

Дорогою вони сміються трохи.

Раптом упав листок.

Так усе владналося.

Ділитися радісно."
523,Аня і подорож,"Павло біля старого колодязя, коли приходить Аня.

Небо блакитне.

У Аня була біда.

Ми знайдемо рішення.

Разом ділять задачу.

Дорогою вони біжать в колі.

Дорогою вони відпочивають біля струмка.

Раптом задзижчала бджола.

Зрештою обидва сміються.

Разом все легше."
524,Міло і знахідка,"Лео на дитячому майданчику, коли приходить Міло.

Скрізь тихо і спокійно.

У Міло була біда.

Ходімо, впораємося!

Разом питають сусідів.

Дорогою вони танцюють голосно.

Дорогою вони танцюють в колі.

Раптом хтось постукав.

Обоє пишаються.

Справжні друзі завжди допомагають."
525,Фінн і відкриття,"Макс біля синьої річки, коли приходить Фінн.

Пахне квітами.

У Фінн була біда.

Розкажи, я слухаю!

Разом шукають скрізь.

Дорогою вони танцюють разом.

Дорогою вони співають пісню.

Раптом пролетів танцюючий метелик.

Так все знову добре.

Терпіння приносить удачу."
526,Нора і похід,"Лена на зеленому лузі, коли приходить Нора.

Птахи весело співають.

У Нора була біда.

Я допоможу тобі!

Разом складають план.

Дорогою вони балакають весело.

Дорогою вони граються біля струмка.

Раптом піднявся вітер.

Накінці обоє сміються.

Цікавість веде до див."
527,Емма і гонка,"Піппа біля великого дуба, коли приходить Емма.

Сонце світить тепло.

У Емма була біда.

Ми знайдемо рішення.

Разом кличуть на допомогу.

Дорогою вони сміються голосно.

Дорогою вони біжать в колі.

Раптом впала падаюча зірка.

Обидва пишаються.

Сміх завжди допомагає."
528,Мія і загадка,"Тео в зеленому парку, коли приходить Мія.

Струмок тихо дзюрчить.

У Мія була біда.

Ходімо, впораємося!

Разом рушають у путь.

Дорогою вони сміються разом.

Дорогою вони балакають голосно.

Раптом хтось засміявся.

Так усе владналося.

Хто сміливий, той перемагає."
529,Аня і сюрприз,"Павло в старому лісі, коли приходить Аня.

Пахне свіжою травою.

У Аня була біда.

Розкажи, я слухаю!

Разом ділять задачу.

Дорогою вони граються весело.

Дорогою вони сміються біля струмка.

Раптом щось гучно зашурхотіло.

Зрештою обидва сміються.

Смиливість винагороджується."
530,Міло і велика пригода,"Лео на жовтому полі, коли приходить Міло.

Літають метелики.

У Міло була біда.

Я допоможу тобі!

Разом питають сусідів.

Дорогою вони відпочивають трохи.

Дорогою вони відпочивають в колі.

Раптом закумкала жаба.

Обоє пишаються.

Ділитися радісно."
531,Фінн і таємниця,"Макс в маленькому селі, коли приходить Фінн.

Небо блакитне.

У Фінн була біда.

Ми знайдемо рішення.

Разом шукають скрізь.

Дорогою вони біжать біля струмка.

Дорогою вони танцюють голосно.

Раптом загавкав собака.

Так все знову добре.

Разом все легше."
532,Найкращий день: Нора,"Лена на барвистому ринку, коли приходить Нора.

Скрізь тихо і спокійно.

У Нора була біда.

Ходімо, впораємося!

Разом складають план.

Дорогою вони танцюють в колі.

Дорогою вони балакають разом.

Раптом упав листок.

Накінці обоє сміються.

Справжні друзі завжди допомагають."
533,Емма і скарб,"Піппа біля старого колодязя, коли приходить Емма.

Пахне квітами.

У Емма була біда.

Розкажи, я слухаю!

Разом кличуть на допомогу.

Дорогою вони балакають голосно.

Дорогою вони граються в колі.

Раптом задзижчала бджола.

Обидва пишаються.

Терпіння приносить удачу."
534,Мія і таємниця,"Тео на дитячому майданчику, коли приходить Мія.

Птахи весело співають.

У Мія була біда.

Я допоможу тобі!

Разом рушають у путь.

Дорогою вони балакають разом.

Дорогою вони біжать голосно.

Раптом хтось постукав.

Так усе владналося.

Цікавість веде до див."
535,Аня і план,"Павло біля синьої річки, коли приходить Аня.

Сонце світить тепло.

У Аня була біда.

Ми знайдемо рішення.

Разом ділять задачу.

Дорогою вони сміються в колі.

Дорогою вони танцюють разом.

Раптом пролетів танцюючий метелик.

Зрештою обидва сміються.

Сміх завжди допомагає."
536,Міло і подорож,"Лео на зеленому лузі, коли приходить Міло.

Струмок тихо дзюрчить.

У Міло була біда.

Ходімо, впораємося!

Разом питають сусідів.

Дорогою вони граються голосно.

Дорогою вони сміються в колі.

Раптом піднявся вітер.

Обоє пишаються.

Хто сміливий, той перемагає."
537,Фінн і знахідка,"Макс біля великого дуба, коли приходить Фінн.

Пахне свіжою травою.

У Фінн була біда.

Розкажи, я слухаю!

Разом шукають скрізь.

Дорогою вони граються разом.

Дорогою вони відпочивають голосно.

Раптом впала падаюча зірка.

Так все знову добре.

Смиливість винагороджується."
538,Нора і відкриття,"Лена в зеленому парку, коли приходить Нора.

Літають метелики.

У Нора була біда.

Я допоможу тобі!

Разом складають план.

Дорогою вони відпочивають весело.

Дорогою вони біжать разом.

Раптом хтось засміявся.

Накінці обоє сміються.

Ділитися радісно."
539,Емма і похід,"Піппа в старому лісі, коли приходить Емма.

Небо блакитне.

У Емма була біда.

Ми знайдемо рішення.

Разом кличуть на допомогу.

Дорогою вони біжать трохи.

Дорогою вони балакають весело.

Раптом щось гучно зашурхотіло.

Обидва пишаються.

Разом все легше."
540,Мія і гонка,"Тео на жовтому полі, коли приходить Мія.

Скрізь тихо і спокійно.

У Мія була біда.

Ходімо, впораємося!

Разом рушають у путь.

Дорогою вони танцюють біля струмка.

Дорогою вони граються голосно.

Раптом закумкала жаба.

Так усе владналося.

Справжні друзі завжди допомагають."
541,Аня і загадка,"Павло в маленькому селі, коли приходить Аня.

Пахне квітами.

У Аня була біда.

Розкажи, я слухаю!

Разом ділять задачу.

Дорогою вони балакають в колі.

Дорогою вони відпочивають разом.

Раптом загавкав собака.

Зрештою обидва сміються.

Терпіння приносить удачу."
542,Міло і сюрприз,"Лео на барвистому ринку, коли приходить Міло.

Птахи весело співають.

У Міло була біда.

Я допоможу тобі!

Разом питають сусідів.

Дорогою вони співають пісню.

Дорогою вони танцюють весело.

Раптом упав листок.

Обоє пишаються.

Цікавість веде до див."
543,Фінн і велика пригода,"Макс біля старого колодязя, коли приходить Фінн.

Сонце світить тепло.

У Фінн була біда.

Ми знайдемо рішення.

Разом шукають скрізь.

Дорогою вони сміються біля струмка.

Дорогою вони сміються голосно.

Раптом задзижчала бджола.

Так все знову добре.

Сміх завжди допомагає."
544,Нора і таємниця,"Лена на дитячому майданчику, коли приходить Нора.

Струмок тихо дзюрчить.

У Нора була біда.

Ходімо, впораємося!

Разом складають план.

Дорогою вони граються в колі.

Дорогою вони граються разом.

Раптом хтось постукав.

Накінці обоє сміються.

Хто сміливий, той перемагає."
545,Найкращий день: Емма,"Піппа біля синьої річки, коли приходить Емма.

Пахне свіжою травою.

У Емма була біда.

Розкажи, я слухаю!

Разом кличуть на допомогу.

Дорогою вони відпочивають голосно.

Дорогою вони біжать весело.

Раптом пролетів танцюючий метелик.

Обидва пишаються.

Смиливість винагороджується."
546,Мія і скарб,"Тео на зеленому лузі, коли приходить Мія.

Літають метелики.

У Мія була біда.

Я допоможу тобі!

Разом рушають у путь.

Дорогою вони відпочивають разом.

Дорогою вони балакають трохи.

Раптом піднявся вітер.

Так усе владналося.

Ділитися радісно."
547,Аня і таємниця,"Павло біля великого дуба, коли приходить Аня.

Небо блакитне.

У Аня була біда.

Ми знайдемо рішення.

Разом ділять задачу.

Дорогою вони біжать весело.

Дорогою вони сміються разом.

Раптом впала падаюча зірка.

Зрештою обидва сміються.

Разом все легше."
548,Міло і план,"Лео в зеленому парку, коли приходить Міло.

Скрізь тихо і спокійно.

У Міло була біда.

Ходімо, впораємося!

Разом питають сусідів.

Дорогою вони танцюють трохи.

Дорогою вони відпочивають весело.

Раптом хтось засміявся.

Обоє пишаються.

Справжні друзі завжди допомагають."
549,Фінн і подорож,"Макс в старому лісі, коли приходить Фінн.

Пахне квітами.

У Фінн була біда.

Розкажи, я слухаю!

Разом шукають скрізь.

Дорогою вони балакають біля струмка.

Дорогою вони танцюють трохи.

Раптом щось гучно зашурхотіло.

Так все знову добре.

Терпіння приносить удачу."
550,Нора і знахідка,"Лена на жовтому полі, коли приходить Нора.

Птахи весело співають.

У Нора була біда.

Я допоможу тобі!

Разом складають план.

Дорогою вони багато сміються.

Дорогою вони розповідають історії.

Раптом закумкала жаба.

Накінці обоє сміються.

Цікавість веде до див."
551,Емма і відкриття,"Піппа в маленькому селі, коли приходить Емма.

Сонце світить тепло.

У Емма була біда.

Ми знайдемо рішення.

Разом кличуть на допомогу.

Дорогою вони сміються трохи.

Дорогою вони граються весело.

Раптом загавкав собака.

Обидва пишаються.

Сміх завжди допомагає."
552,Мія і похід,"Тео на барвистому ринку, коли приходить Мія.

Струмок тихо дзюрчить.

У Мія була біда.

Ходімо, впораємося!

Разом рушають у путь.

Дорогою вони граються біля струмка.

Дорогою вони біжать трохи.

Раптом упав листок.

Так усе владналося.

Хто сміливий, той перемагає."
553,Аня і гонка,"Павло біля старого колодязя, коли приходить Аня.

Пахне свіжою травою.

У Аня була біда.

Розкажи, я слухаю!

Разом ділять задачу.

Дорогою вони відпочивають в колі.

Дорогою вони балакають біля струмка.

Раптом задзижчала бджола.

Зрештою обидва сміються.

Смиливість винагороджується."
554,Міло і загадка,"Лео на дитячому майданчику, коли приходить Міло.

Літають метелики.

У Міло була біда.

Я допоможу тобі!

Разом питають сусідів.

Дорогою вони біжать голосно.

Дорогою вони сміються весело.

Раптом хтось постукав.

Обоє пишаються.

Ділитися радісно."
555,Фінн і сюрприз,"Макс біля синьої річки, коли приходить Фінн.

Небо блакитне.

У Фінн була біда.

Ми знайдемо рішення.

Разом шукають скрізь.

Дорогою вони біжать разом.

Дорогою вони відпочивають трохи.

Раптом пролетів танцюючий метелик.

Так все знову добре.

Разом все легше."
556,Нора і велика пригода,"Лена на зеленому лузі, коли приходить Нора.

Скрізь тихо і спокійно.

У Нора була біда.

Ходімо, впораємося!

Разом складають план.

Дорогою вони танцюють весело.

Дорогою вони танцюють біля струмка.

Раптом піднявся вітер.

Накінці обоє сміються.

Справжні друзі завжди допомагають."
557,Емма і таємниця,"Піппа біля великого дуба, коли приходить Емма.

Пахне квітами.

У Емма була біда.

Розкажи, я слухаю!

Разом кличуть на допомогу.

Дорогою вони балакають трохи.

Дорогою вони багато сміються.

Раптом впала падаюча зірка.

Обидва пишаються.

Терпіння приносить удачу."
558,Найкращий день: Мія,"Тео в зеленому парку, коли приходить Мія.

Птахи весело співають.

У Мія була біда.

Я допоможу тобі!

Разом рушають у путь.

Дорогою вони розповідають історії.

Дорогою вони граються трохи.

Раптом хтось засміявся.

Так усе владналося.

Цікавість веде до див."
559,Аня і скарб,"Павло в старому лісі, коли приходить Аня.

Сонце світить тепло.

У Аня була біда.

Ми знайдемо рішення.

Разом ділять задачу.

Дорогою вони сміються весело.

Дорогою вони біжать біля струмка.

Раптом щось гучно зашурхотіло.

Зрештою обидва сміються.

Сміх завжди допомагає."
560,Міло і таємниця,"Лео на жовтому полі, коли приходить Міло.

Струмок тихо дзюрчить.

У Міло була біда.

Ходімо, впораємося!

Разом питають сусідів.

Дорогою вони граються трохи.

Дорогою вони балакають в колі.

Раптом закумкала жаба.

Обоє пишаються.

Хто сміливий, той перемагає."
561,Фінн і план,"Макс в маленькому селі, коли приходить Фінн.

Пахне свіжою травою.

У Фінн була біда.

Розкажи, я слухаю!

Разом шукають скрізь.

Дорогою вони відпочивають біля струмка.

Дорогою вони сміються трохи.

Раптом загавкав собака.

Так все знову добре.

Смиливість винагороджується."
562,Нора і подорож,"Лена на барвистому ринку, коли приходить Нора.

Літають метелики.

У Нора була біда.

Я допоможу тобі!

Разом складають план.

Дорогою вони біжать в колі.

Дорогою вони відпочивають біля струмка.

Раптом упав листок.

Накінці обоє сміються.

Ділитися радісно."
563,Емма і знахідка,"Піппа біля старого колодязя, коли приходить Емма.

Небо блакитне.

У Емма була біда.

Ми знайдемо рішення.

Разом кличуть на допомогу.

Дорогою вони танцюють голосно.

Дорогою вони танцюють в колі.

Раптом задзижчала бджола.

Обидва пишаються.

Разом все легше."
564,Мія і відкриття,"Тео на дитячому майданчику, коли приходить Мія.

Скрізь тихо і спокійно.

У Мія була біда.

Ходімо, впораємося!

Разом рушають у путь.

Дорогою вони танцюють разом.

Дорогою вони співають пісню.

Раптом хтось постукав.

Так усе владналося.

Справжні друзі завжди допомагають."
565,Аня і похід,"Павло біля синьої річки, коли приходить Аня.

Пахне квітами.

У Аня була біда.

Розкажи, я слухаю!

Разом ділять задачу.

Дорогою вони балакають весело.

Дорогою вони граються біля струмка.

Раптом пролетів танцюючий метелик.

Зрештою обидва сміються.

Терпіння приносить удачу."
566,Міло і гонка,"Лео на зеленому лузі, коли приходить Міло.

Птахи весело співають.

У Міло була біда.

Я допоможу тобі!

Разом питають сусідів.

Дорогою вони сміються голосно.

Дорогою вони біжать в колі.

Раптом піднявся вітер.

Обоє пишаються.

Цікавість веде до див."
567,Фінн і загадка,"Макс біля великого дуба, коли приходить Фінн.

Сонце світить тепло.

У Фінн була біда.

Ми знайдемо рішення.

Разом шукають скрізь.

Дорогою вони сміються разом.

Дорогою вони балакають голосно.

Раптом впала падаюча зірка.

Так все знову добре.

Сміх завжди допомагає."
568,Нора і сюрприз,"Лена в зеленому парку, коли приходить Нора.

Струмок тихо дзюрчить.

У Нора була біда.

Ходімо, впораємося!

Разом складають план.

Дорогою вони граються весело.

Дорогою вони сміються біля струмка.

Раптом хтось засміявся.

Накінці обоє сміються.

Хто сміливий, той перемагає."
569,Емма і велика пригода,"Піппа в старому лісі, коли приходить Емма.

Пахне свіжою травою.

У Емма була біда.

Розкажи, я слухаю!

Разом кличуть на допомогу.

Дорогою вони відпочивають трохи.

Дорогою вони відпочивають в колі.

Раптом щось гучно зашурхотіло.

Обидва пишаються.

Смиливість винагороджується."
570,Мія і таємниця,"Тео на жовтому полі, коли приходить Мія.

Літають метелики.

У Мія була біда.

Я допоможу тобі!

Разом рушають у путь.

Дорогою вони біжать біля струмка.

Дорогою вони танцюють голосно.

Раптом закумкала жаба.

Так усе владналося.

Ділитися радісно."
571,Найкращий день: Аня,"Павло в маленькому селі, коли приходить Аня.

Небо блакитне.

У Аня була біда.

Ми знайдемо рішення.

Разом ділять задачу.

Дорогою вони танцюють в колі.

Дорогою вони балакають разом.

Раптом загавкав собака.

Зрештою обидва сміються.

Разом все легше."
572,Міло і скарб,"Лео на барвистому ринку, коли приходить Міло.

Скрізь тихо і спокійно.

У Міло була біда.

Ходімо, впораємося!

Разом питають сусідів.

Дорогою вони балакають голосно.

Дорогою вони граються в колі.

Раптом упав листок.

Обоє пишаються.

Справжні друзі завжди допомагають."
573,Фінн і таємниця,"Макс біля старого колодязя, коли приходить Фінн.

Пахне квітами.

У Фінн була біда.

Розкажи, я слухаю!

Разом шукають скрізь.

Дорогою вони балакають разом.

Дорогою вони біжать голосно.

Раптом задзижчала бджола.

Так все знову добре.

Терпіння приносить удачу."
574,Нора і план,"Лена на дитячому майданчику, коли приходить Нора.

Птахи весело співають.

У Нора була біда.

Я допоможу тобі!

Разом складають план.

Дорогою вони сміються в колі.

Дорогою вони танцюють разом.

Раптом хтось постукав.

Накінці обоє сміються.

Цікавість веде до див."
575,Емма і подорож,"Піппа біля синьої річки, коли приходить Емма.

Сонце світить тепло.

У Емма була біда.

Ми знайдемо рішення.

Разом кличуть на допомогу.

Дорогою вони граються голосно.

Дорогою вони сміються в колі.

Раптом пролетів танцюючий метелик.

Обидва пишаються.

Сміх завжди допомагає."
576,Мія і знахідка,"Тео на зеленому лузі, коли приходить Мія.

Струмок тихо дзюрчить.

У Мія була біда.

Ходімо, впораємося!

Разом рушають у путь.

Дорогою вони граються разом.

Дорогою вони відпочивають голосно.

Раптом піднявся вітер.

Так усе владналося.

Хто сміливий, той перемагає."
577,Аня і відкриття,"Павло біля великого дуба, коли приходить Аня.

Пахне свіжою травою.

У Аня була біда.

Розкажи, я слухаю!

Разом ділять задачу.

Дорогою вони відпочивають весело.

Дорогою вони біжать разом.

Раптом впала падаюча зірка.

Зрештою обидва сміються.

Смиливість винагороджується."
578,Міло і похід,"Лео в зеленому парку, коли приходить Міло.

Літають метелики.

У Міло була біда.

Я допоможу тобі!

Разом питають сусідів.

Дорогою вони біжать трохи.

Дорогою вони балакають весело.

Раптом хтось засміявся.

Обоє пишаються.

Ділитися радісно."
579,Фінн і гонка,"Макс в старому лісі, коли приходить Фінн.

Небо блакитне.

У Фінн була біда.

Ми знайдемо рішення.

Разом шукають скрізь.

Дорогою вони танцюють біля струмка.

Дорогою вони граються голосно.

Раптом щось гучно зашурхотіло.

Так все знову добре.

Разом все легше."
580,Нора і загадка,"Лена на жовтому полі, коли приходить Нора.

Скрізь тихо і спокійно.

У Нора була біда.

Ходімо, впораємося!

Разом складають план.

Дорогою вони балакають в колі.

Дорогою вони відпочивають разом.

Раптом закумкала жаба.

Накінці обоє сміються.

Справжні друзі завжди допомагають."
581,Емма і сюрприз,"Піппа в маленькому селі, коли приходить Емма.

Пахне квітами.

У Емма була біда.

Розкажи, я слухаю!

Разом кличуть на допомогу.

Дорогою вони співають пісню.

Дорогою вони танцюють весело.

Раптом загавкав собака.

Обидва пишаються.

Терпіння приносить удачу."
582,Мія і велика пригода,"Тео на барвистому ринку, коли приходить Мія.

Птахи весело співають.

У Мія була біда.

Я допоможу тобі!

Разом рушають у путь.

Дорогою вони сміються біля струмка.

Дорогою вони сміються голосно.

Раптом упав листок.

Так усе владналося.

Цікавість веде до див."
583,Аня і таємниця,"Павло біля старого колодязя, коли приходить Аня.

Сонце світить тепло.

У Аня була біда.

Ми знайдемо рішення.

Разом ділять задачу.

Дорогою вони граються в колі.

Дорогою вони граються разом.

Раптом задзижчала бджола.

Зрештою обидва сміються.

Сміх завжди допомагає."
584,Найкращий день: Міло,"Лео на дитячому майданчику, коли приходить Міло.

Струмок тихо дзюрчить.

У Міло була біда.

Ходімо, впораємося!

Разом питають сусідів.

Дорогою вони відпочивають голосно.

Дорогою вони біжать весело.

Раптом хтось постукав.

Обоє пишаються.

Хто сміливий, той перемагає."
585,Фінн і скарб,"Макс біля синьої річки, коли приходить Фінн.

Пахне свіжою травою.

У Фінн була біда.

Розкажи, я слухаю!

Разом шукають скрізь.

Дорогою вони відпочивають разом.

Дорогою вони балакають трохи.

Раптом пролетів танцюючий метелик.

Так все знову добре.

Смиливість винагороджується."
586,Нора і таємниця,"Лена на зеленому лузі, коли приходить Нора.

Літають метелики.

У Нора була біда.

Я допоможу тобі!

Разом складають план.

Дорогою вони біжать весело.

Дорогою вони сміються разом.

Раптом піднявся вітер.

Накінці обоє сміються.

Ділитися радісно."
587,Емма і план,"Піппа біля великого дуба, коли приходить Емма.

Небо блакитне.

У Емма була біда.

Ми знайдемо рішення.

Разом кличуть на допомогу.

Дорогою вони танцюють трохи.

Дорогою вони відпочивають весело.

Раптом впала падаюча зірка.

Обидва пишаються.

Разом все легше."
588,Мія і подорож,"Тео в зеленому парку, коли приходить Мія.

Скрізь тихо і спокійно.

У Мія була біда.

Ходімо, впораємося!

Разом рушають у путь.

Дорогою вони балакають біля струмка.

Дорогою вони танцюють трохи.

Раптом хтось засміявся.

Так усе владналося.

Справжні друзі завжди допомагають."
589,Аня і знахідка,"Павло в старому лісі, коли приходить Аня.

Пахне квітами.

У Аня була біда.

Розкажи, я слухаю!

Разом ділять задачу.

Дорогою вони багато сміються.

Дорогою вони розповідають історії.

Раптом щось гучно зашурхотіло.

Зрештою обидва сміються.

Терпіння приносить удачу."
590,Міло і відкриття,"Лео на жовтому полі, коли приходить Міло.

Птахи весело співають.

У Міло була біда.

Я допоможу тобі!

Разом питають сусідів.

Дорогою вони сміються трохи.

Дорогою вони граються весело.

Раптом закумкала жаба.

Обоє пишаються.

Цікавість веде до див."
591,Фінн і похід,"Макс в маленькому селі, коли приходить Фінн.

Сонце світить тепло.

У Фінн була біда.

Ми знайдемо рішення.

Разом шукають скрізь.

Дорогою вони граються біля струмка.

Дорогою вони біжать трохи.

Раптом загавкав собака.

Так все знову добре.

Сміх завжди допомагає."
592,Нора і гонка,"Лена на барвистому ринку, коли приходить Нора.

Струмок тихо дзюрчить.

У Нора була біда.

Ходімо, впораємося!

Разом складають план.

Дорогою вони відпочивають в колі.

Дорогою вони балакають біля струмка.

Раптом упав листок.

Накінці обоє сміються.

Хто сміливий, той перемагає."
593,Емма і загадка,"Піппа біля старого колодязя, коли приходить Емма.

Пахне свіжою травою.

У Емма була біда.

Розкажи, я слухаю!

Разом кличуть на допомогу.

Дорогою вони біжать голосно.

Дорогою вони сміються весело.

Раптом задзижчала бджола.

Обидва пишаються.

Смиливість винагороджується."
594,Мія і сюрприз,"Тео на дитячому майданчику, коли приходить Мія.

Літають метелики.

У Мія була біда.

Я допоможу тобі!

Разом рушають у путь.

Дорогою вони біжать разом.

Дорогою вони відпочивають трохи.

Раптом хтось постукав.

Так усе владналося.

Ділитися радісно."
595,Аня і велика пригода,"Павло біля синьої річки, коли приходить Аня.

Небо блакитне.

У Аня була біда.

Ми знайдемо рішення.

Разом ділять задачу.

Дорогою вони танцюють весело.

Дорогою вони танцюють біля струмка.

Раптом пролетів танцюючий метелик.

Зрештою обидва сміються.

Разом все легше."
596,Міло і таємниця,"Лео на зеленому лузі, коли приходить Міло.

Скрізь тихо і спокійно.

У Міло була біда.

Ходімо, впораємося!

Разом питають сусідів.

Дорогою вони балакають трохи.

Дорогою вони багато сміються.

Раптом піднявся вітер.

Обоє пишаються.

Справжні друзі завжди допомагають."
597,Найкращий день: Фінн,"Макс біля великого дуба, коли приходить Фінн.

Пахне квітами.

У Фінн була біда.

Розкажи, я слухаю!

Разом шукають скрізь.

Дорогою вони розповідають історії.

Дорогою вони граються трохи.

Раптом впала падаюча зірка.

Так все знову добре.

Терпіння приносить удачу."
598,Нора і скарб,"Лена в зеленому парку, коли приходить Нора.

Птахи весело співають.

У Нора була біда.

Я допоможу тобі!

Разом складають план.

Дорогою вони сміються весело.

Дорогою вони біжать біля струмка.

Раптом хтось засміявся.

Накінці обоє сміються.

Цікавість веде до див."
599,Емма і таємниця,"Піппа в старому лісі, коли приходить Емма.

Сонце світить тепло.

У Емма була біда.

Ми знайдемо рішення.

Разом кличуть на допомогу.

Дорогою вони граються трохи.

Дорогою вони балакають в колі.

Раптом щось гучно зашурхотіло.

Обидва пишаються.

Сміх завжди допомагає."
600,Мія і план,"Тео на жовтому полі, коли приходить Мія.

Струмок тихо дзюрчить.

У Мія була біда.

Ходімо, впораємося!

Разом рушають у путь.

Дорогою вони відпочивають біля струмка.

Дорогою вони сміються трохи.

Раптом закумкала жаба.

Так усе владналося.

Хто сміливий, той перемагає."
601,Аня і подорож,"Павло в маленькому селі, коли приходить Аня.

Пахне свіжою травою.

У Аня була біда.

Розкажи, я слухаю!

Разом ділять задачу.

Дорогою вони біжать в колі.

Дорогою вони відпочивають біля струмка.

Раптом загавкав собака.

Зрештою обидва сміються.

Смиливість винагороджується."
602,Міло і знахідка,"Лео на барвистому ринку, коли приходить Міло.

Літають метелики.

У Міло була біда.

Я допоможу тобі!

Разом питають сусідів.

Дорогою вони танцюють голосно.

Дорогою вони танцюють в колі.

Раптом упав листок.

Обоє пишаються.

Ділитися радісно."
603,Фінн і відкриття,"Макс біля старого колодязя, коли приходить Фінн.

Небо блакитне.

У Фінн була біда.

Ми знайдемо рішення.

Разом шукають скрізь.

Дорогою вони танцюють разом.

Дорогою вони співають пісню.

Раптом задзижчала бджола.

Так все знову добре.

Разом все легше."
604,Нора і похід,"Лена на дитячому майданчику, коли приходить Нора.

Скрізь тихо і спокійно.

У Нора була біда.

Ходімо, впораємося!

Разом складають план.

Дорогою вони балакають весело.

Дорогою вони граються біля струмка.

Раптом хтось постукав.

Накінці обоє сміються.

Справжні друзі завжди допомагають."
605,Емма і гонка,"Піппа біля синьої річки, коли приходить Емма.

Пахне квітами.

У Емма була біда.

Розкажи, я слухаю!

Разом кличуть на допомогу.

Дорогою вони сміються голосно.

Дорогою вони біжать в колі.

Раптом пролетів танцюючий метелик.

Обидва пишаються.

Терпіння приносить удачу."
606,Мія і загадка,"Тео на зеленому лузі, коли приходить Мія.

Птахи весело співають.

У Мія була біда.

Я допоможу тобі!

Разом рушають у путь.

Дорогою вони сміються разом.

Дорогою вони балакають голосно.

Раптом піднявся вітер.

Так усе владналося.

Цікавість веде до див."
607,Аня і сюрприз,"Павло біля великого дуба, коли приходить Аня.

Сонце світить тепло.

У Аня була біда.

Ми знайдемо рішення.

Разом ділять задачу.

Дорогою вони граються весело.

Дорогою вони сміються біля струмка.

Раптом впала падаюча зірка.

Зрештою обидва сміються.

Сміх завжди допомагає."
608,Міло і велика пригода,"Лео в зеленому парку, коли приходить Міло.

Струмок тихо дзюрчить.

У Міло була біда.

Ходімо, впораємося!

Разом питають сусідів.

Дорогою вони відпочивають трохи.

Дорогою вони відпочивають в колі.

Раптом хтось засміявся.

Обоє пишаються.

Хто сміливий, той перемагає."
609,Фінн і таємниця,"Макс в старому лісі, коли приходить Фінн.

Пахне свіжою травою.

У Фінн була біда.

Розкажи, я слухаю!

Разом шукають скрізь.

Дорогою вони біжать біля струмка.

Дорогою вони танцюють голосно.

Раптом щось гучно зашурхотіло.

Так все знову добре.

Смиливість винагороджується."
610,Найкращий день: Нора,"Лена на жовтому полі, коли приходить Нора.

Літають метелики.

У Нора була біда.

Я допоможу тобі!

Разом складають план.

Дорогою вони танцюють в колі.

Дорогою вони балакають разом.

Раптом закумкала жаба.

Накінці обоє сміються.

Ділитися радісно."
611,Емма і скарб,"Піппа в маленькому селі, коли приходить Емма.

Небо блакитне.

У Емма була біда.

Ми знайдемо рішення.

Разом кличуть на допомогу.

Дорогою вони балакають голосно.

Дорогою вони граються в колі.

Раптом загавкав собака.

Обидва пишаються.

Разом все легше."
612,Мія і таємниця,"Тео на барвистому ринку, коли приходить Мія.

Скрізь тихо і спокійно.

У Мія була біда.

Ходімо, впораємося!

Разом рушають у путь.

Дорогою вони балакають разом.

Дорогою вони біжать голосно.

Раптом упав листок.

Так усе владналося.

Справжні друзі завжди допомагають."
613,Аня і план,"Павло біля старого колодязя, коли приходить Аня.

Пахне квітами.

У Аня була біда.

Розкажи, я слухаю!

Разом ділять задачу.

Дорогою вони сміються в колі.

Дорогою вони танцюють разом.

Раптом задзижчала бджола.

Зрештою обидва сміються.

Терпіння приносить удачу."
614,Міло і подорож,"Лео на дитячому майданчику, коли приходить Міло.

Птахи весело співають.

У Міло була біда.

Я допоможу тобі!

Разом питають сусідів.

Дорогою вони граються голосно.

Дорогою вони сміються в колі.

Раптом хтось постукав.

Обоє пишаються.

Цікавість веде до див."
615,Фінн і знахідка,"Макс біля синьої річки, коли приходить Фінн.

Сонце світить тепло.

У Фінн була біда.

Ми знайдемо рішення.

Разом шукають скрізь.

Дорогою вони граються разом.

Дорогою вони відпочивають голосно.

Раптом пролетів танцюючий метелик.

Так все знову добре.

Сміх завжди допомагає."
616,Нора і відкриття,"Лена на зеленому лузі, коли приходить Нора.

Струмок тихо дзюрчить.

У Нора була біда.

Ходімо, впораємося!

Разом складають план.

Дорогою вони відпочивають весело.

Дорогою вони біжать разом.

Раптом піднявся вітер.

Накінці обоє сміються.

Хто сміливий, той перемагає."
617,Емма і похід,"Піппа біля великого дуба, коли приходить Емма.

Пахне свіжою травою.

У Емма була біда.

Розкажи, я слухаю!

Разом кличуть на допомогу.

Дорогою вони біжать трохи.

Дорогою вони балакають весело.

Раптом впала падаюча зірка.

Обидва пишаються.

Смиливість винагороджується."
618,Мія і гонка,"Тео в зеленому парку, коли приходить Мія.

Літають метелики.

У Мія була біда.

Я допоможу тобі!

Разом рушають у путь.

Дорогою вони танцюють біля струмка.

Дорогою вони граються голосно.

Раптом хтось засміявся.

Так усе владналося.

Ділитися радісно."
619,Аня і загадка,"Павло в старому лісі, коли приходить Аня.

Небо блакитне.

У Аня була біда.

Ми знайдемо рішення.

Разом ділять задачу.

Дорогою вони балакають в колі.

Дорогою вони відпочивають разом.

Раптом щось гучно зашурхотіло.

Зрештою обидва сміються.

Разом все легше."
620,Міло і сюрприз,"Лео на жовтому полі, коли приходить Міло.

Скрізь тихо і спокійно.

У Міло була біда.

Ходімо, впораємося!

Разом питають сусідів.

Дорогою вони співають пісню.

Дорогою вони танцюють весело.

Раптом закумкала жаба.

Обоє пишаються.

Справжні друзі завжди допомагають."
621,Фінн і велика пригода,"Макс в маленькому селі, коли приходить Фінн.

Пахне квітами.

У Фінн була біда.

Розкажи, я слухаю!

Разом шукають скрізь.

Дорогою вони сміються біля струмка.

Дорогою вони сміються голосно.

Раптом загавкав собака.

Так все знову добре.

Терпіння приносить удачу."
622,Нора і таємниця,"Лена на барвистому ринку, коли приходить Нора.

Птахи весело співають.

У Нора була біда.

Я допоможу тобі!

Разом складають план.

Дорогою вони граються в колі.

Дорогою вони граються разом.

Раптом упав листок.

Накінці обоє сміються.

Цікавість веде до див."
623,Найкращий день: Емма,"Піппа біля старого колодязя, коли приходить Емма.

Сонце світить тепло.

У Емма була біда.

Ми знайдемо рішення.

Разом кличуть на допомогу.

Дорогою вони відпочивають голосно.

Дорогою вони біжать весело.

Раптом задзижчала бджола.

Обидва пишаються.

Сміх завжди допомагає."
624,Мія і скарб,"Тео на дитячому майданчику, коли приходить Мія.

Струмок тихо дзюрчить.

У Мія була біда.

Ходімо, впораємося!

Разом рушають у путь.

Дорогою вони відпочивають разом.

Дорогою вони балакають трохи.

Раптом хтось постукав.

Так усе владналося.

Хто сміливий, той перемагає."
625,Аня і таємниця,"Павло біля синьої річки, коли приходить Аня.

Пахне свіжою травою.

У Аня була біда.

Розкажи, я слухаю!

Разом ділять задачу.

Дорогою вони біжать весело.

Дорогою вони сміються разом.

Раптом пролетів танцюючий метелик.

Зрештою обидва сміються.

Смиливість винагороджується."
626,Міло і план,"Лео на зеленому лузі, коли приходить Міло.

Літають метелики.

У Міло була біда.

Я допоможу тобі!

Разом питають сусідів.

Дорогою вони танцюють трохи.

Дорогою вони відпочивають весело.

Раптом піднявся вітер.

Обоє пишаються.

Ділитися радісно."
627,Фінн і подорож,"Макс біля великого дуба, коли приходить Фінн.

Небо блакитне.

У Фінн була біда.

Ми знайдемо рішення.

Разом шукають скрізь.

Дорогою вони балакають біля струмка.

Дорогою вони танцюють трохи.

Раптом впала падаюча зірка.

Так все знову добре.

Разом все легше."
628,Нора і знахідка,"Лена в зеленому парку, коли приходить Нора.

Скрізь тихо і спокійно.

У Нора була біда.

Ходімо, впораємося!

Разом складають план.

Дорогою вони багато сміються.

Дорогою вони розповідають історії.

Раптом хтось засміявся.

Накінці обоє сміються.

Справжні друзі завжди допомагають."
629,Емма і відкриття,"Піппа в старому лісі, коли приходить Емма.

Пахне квітами.

У Емма була біда.

Розкажи, я слухаю!

Разом кличуть на допомогу.

Дорогою вони сміються трохи.

Дорогою вони граються весело.

Раптом щось гучно зашурхотіло.

Обидва пишаються.

Терпіння приносить удачу."
630,Мія і похід,"Тео на жовтому полі, коли приходить Мія.

Птахи весело співають.

У Мія була біда.

Я допоможу тобі!

Разом рушають у путь.

Дорогою вони граються біля струмка.

Дорогою вони біжать трохи.

Раптом закумкала жаба.

Так усе владналося.

Цікавість веде до див."
631,Аня і гонка,"Павло в маленькому селі, коли приходить Аня.

Сонце світить тепло.

У Аня була біда.

Ми знайдемо рішення.

Разом ділять задачу.

Дорогою вони відпочивають в колі.

Дорогою вони балакають біля струмка.

Раптом загавкав собака.

Зрештою обидва сміються.

Сміх завжди допомагає."
632,Міло і загадка,"Лео на барвистому ринку, коли приходить Міло.

Струмок тихо дзюрчить.

У Міло була біда.

Ходімо, впораємося!

Разом питають сусідів.

Дорогою вони біжать голосно.

Дорогою вони сміються весело.

Раптом упав листок.

Обоє пишаються.

Хто сміливий, той перемагає."
633,Фінн і сюрприз,"Макс біля старого колодязя, коли приходить Фінн.

Пахне свіжою травою.

У Фінн була біда.

Розкажи, я слухаю!

Разом шукають скрізь.

Дорогою вони біжать разом.

Дорогою вони відпочивають трохи.

Раптом задзижчала бджола.

Так все знову добре.

Смиливість винагороджується."
634,Нора і велика пригода,"Лена на дитячому майданчику, коли приходить Нора.

Літають метелики.

У Нора була біда.

Я допоможу тобі!

Разом складають план.

Дорогою вони танцюють весело.

Дорогою вони танцюють біля струмка.

Раптом хтось постукав.

Накінці обоє сміються.

Ділитися радісно."
635,Емма і таємниця,"Піппа біля синьої річки, коли приходить Емма.

Небо блакитне.

У Емма була біда.

Ми знайдемо рішення.

Разом кличуть на допомогу.

Дорогою вони балакають трохи.

Дорогою вони багато сміються.

Раптом пролетів танцюючий метелик.

Обидва пишаються.

Разом все легше."
636,Найкращий день: Мія,"Тео на зеленому лузі, коли приходить Мія.

Скрізь тихо і спокійно.

У Мія була біда.

Ходімо, впораємося!

Разом рушають у путь.

Дорогою вони розповідають історії.

Дорогою вони граються трохи.

Раптом піднявся вітер.

Так усе владналося.

Справжні друзі завжди допомагають."
637,Аня і скарб,"Павло біля великого дуба, коли приходить Аня.

Пахне квітами.

У Аня була біда.

Розкажи, я слухаю!

Разом ділять задачу.

Дорогою вони сміються весело.

Дорогою вони біжать біля струмка.

Раптом впала падаюча зірка.

Зрештою обидва сміються.

Терпіння приносить удачу."
638,Міло і таємниця,"Лео в зеленому парку, коли приходить Міло.

Птахи весело співають.

У Міло була біда.

Я допоможу тобі!

Разом питають сусідів.

Дорогою вони граються трохи.

Дорогою вони балакають в колі.

Раптом хтось засміявся.

Обоє пишаються.

Цікавість веде до див."
639,Фінн і план,"Макс в старому лісі, коли приходить Фінн.

Сонце світить тепло.

У Фінн була біда.

Ми знайдемо рішення.

Разом шукають скрізь.

Дорогою вони відпочивають біля струмка.

Дорогою вони сміються трохи.

Раптом щось гучно зашурхотіло.

Так все знову добре.

Сміх завжди допомагає."
640,Нора і подорож,"Лена на жовтому полі, коли приходить Нора.

Струмок тихо дзюрчить.

У Нора була біда.

Ходімо, впораємося!

Разом складають план.

Дорогою вони біжать в колі.

Дорогою вони відпочивають біля струмка.

Раптом закумкала жаба.

Накінці обоє сміються.

Хто сміливий, той перемагає."
641,Емма і знахідка,"Піппа в маленькому селі, коли приходить Емма.

Пахне свіжою травою.

У Емма була біда.

Розкажи, я слухаю!

Разом кличуть на допомогу.

Дорогою вони танцюють голосно.

Дорогою вони танцюють в колі.

Раптом загавкав собака.

Обидва пишаються.

Смиливість винагороджується."
642,Мія і відкриття,"Тео на барвистому ринку, коли приходить Мія.

Літають метелики.

У Мія була біда.

Я допоможу тобі!

Разом рушають у путь.

Дорогою вони танцюють разом.

Дорогою вони співають пісню.

Раптом упав листок.

Так усе владналося.

Ділитися радісно."
643,Аня і похід,"Павло біля старого колодязя, коли приходить Аня.

Небо блакитне.

У Аня була біда.

Ми знайдемо рішення.

Разом ділять задачу.

Дорогою вони балакають весело.

Дорогою вони граються біля струмка.

Раптом задзижчала бджола.

Зрештою обидва сміються.

Разом все легше."
644,Міло і гонка,"Лео на дитячому майданчику, коли приходить Міло.

Скрізь тихо і спокійно.

У Міло була біда.

Ходімо, впораємося!

Разом питають сусідів.

Дорогою вони сміються голосно.

Дорогою вони біжать в колі.

Раптом хтось постукав.

Обоє пишаються.

Справжні друзі завжди допомагають."
645,Фінн і загадка,"Макс біля синьої річки, коли приходить Фінн.

Пахне квітами.

У Фінн була біда.

Розкажи, я слухаю!

Разом шукають скрізь.

Дорогою вони сміються разом.

Дорогою вони балакають голосно.

Раптом пролетів танцюючий метелик.

Так все знову добре.

Терпіння приносить удачу."
646,Нора і сюрприз,"Лена на зеленому лузі, коли приходить Нора.

Птахи весело співають.

У Нора була біда.

Я допоможу тобі!

Разом складають план.

Дорогою вони граються весело.

Дорогою вони сміються біля струмка.

Раптом піднявся вітер.

Накінці обоє сміються.

Цікавість веде до див."
647,Емма і велика пригода,"Піппа біля великого дуба, коли приходить Емма.

Сонце світить тепло.

У Емма була біда.

Ми знайдемо рішення.

Разом кличуть на допомогу.

Дорогою вони відпочивають трохи.

Дорогою вони відпочивають в колі.

Раптом впала падаюча зірка.

Обидва пишаються.

Сміх завжди допомагає."
648,Мія і таємниця,"Тео в зеленому парку, коли приходить Мія.

Струмок тихо дзюрчить.

У Мія була біда.

Ходімо, впораємося!

Разом рушають у путь.

Дорогою вони біжать біля струмка.

Дорогою вони танцюють голосно.

Раптом хтось засміявся.

Так усе владналося.

Хто сміливий, той перемагає."
649,Найкращий день: Аня,"Павло в старому лісі, коли приходить Аня.

Пахне свіжою травою.

У Аня була біда.

Розкажи, я слухаю!

Разом ділять задачу.

Дорогою вони танцюють в колі.

Дорогою вони балакають разом.

Раптом щось гучно зашурхотіло.

Зрештою обидва сміються.

Смиливість винагороджується."
650,Міло і скарб,"Лео на жовтому полі, коли приходить Міло.

Літають метелики.

У Міло була біда.

Я допоможу тобі!

Разом питають сусідів.

Дорогою вони балакають голосно.

Дорогою вони граються в колі.

Раптом закумкала жаба.

Обоє пишаються.

Ділитися радісно."
651,Фінн і таємниця,"Макс в маленькому селі, коли приходить Фінн.

Небо блакитне.

У Фінн була біда.

Ми знайдемо рішення.

Разом шукають скрізь.

Дорогою вони балакають разом.

Дорогою вони біжать голосно.

Раптом загавкав собака.

Так все знову добре.

Разом все легше."
652,Нора і план,"Лена на барвистому ринку, коли приходить Нора.

Скрізь тихо і спокійно.

У Нора була біда.

Ходімо, впораємося!

Разом складають план.

Дорогою вони сміються в колі.

Дорогою вони танцюють разом.

Раптом упав листок.

Накінці обоє сміються.

Справжні друзі завжди допомагають."
653,Емма і подорож,"Піппа біля старого колодязя, коли приходить Емма.

Пахне квітами.

У Емма була біда.

Розкажи, я слухаю!

Разом кличуть на допомогу.

Дорогою вони граються голосно.

Дорогою вони сміються в колі.

Раптом задзижчала бджола.

Обидва пишаються.

Терпіння приносить удачу."
654,Мія і знахідка,"Тео на дитячому майданчику, коли приходить Мія.

Птахи весело співають.

У Мія була біда.

Я допоможу тобі!

Разом рушають у путь.

Дорогою вони граються разом.

Дорогою вони відпочивають голосно.

Раптом хтось постукав.

Так усе владналося.

Цікавість веде до див."
655,Аня і відкриття,"Павло біля синьої річки, коли приходить Аня.

Сонце світить тепло.

У Аня була біда.

Ми знайдемо рішення.

Разом ділять задачу.

Дорогою вони відпочивають весело.

Дорогою вони біжать разом.

Раптом пролетів танцюючий метелик.

Зрештою обидва сміються.

Сміх завжди допомагає."
656,Міло і похід,"Лео на зеленому лузі, коли приходить Міло.

Струмок тихо дзюрчить.

У Міло була біда.

Ходімо, впораємося!

Разом питають сусідів.

Дорогою вони біжать трохи.

Дорогою вони балакають весело.

Раптом піднявся вітер.

Обоє пишаються.

Хто сміливий, той перемагає."
657,Фінн і гонка,"Макс біля великого дуба, коли приходить Фінн.

Пахне свіжою травою.

У Фінн була біда.

Розкажи, я слухаю!

Разом шукають скрізь.

Дорогою вони танцюють біля струмка.

Дорогою вони граються голосно.

Раптом впала падаюча зірка.

Так все знову добре.

Смиливість винагороджується."
658,Нора і загадка,"Лена в зеленому парку, коли приходить Нора.

Літають метелики.

У Нора була біда.

Я допоможу тобі!

Разом складають план.

Дорогою вони балакають в колі.

Дорогою вони відпочивають разом.

Раптом хтось засміявся.

Накінці обоє сміються.

Ділитися радісно."
659,Емма і сюрприз,"Піппа в старому лісі, коли приходить Емма.

Небо блакитне.

У Емма була біда.

Ми знайдемо рішення.

Разом кличуть на допомогу.

Дорогою вони співають пісню.

Дорогою вони танцюють весело.

Раптом щось гучно зашурхотіло.

Обидва пишаються.

Разом все легше."
660,Мія і велика пригода,"Тео на жовтому полі, коли приходить Мія.

Скрізь тихо і спокійно.

У Мія була біда.

Ходімо, впораємося!

Разом рушають у путь.

Дорогою вони сміються біля струмка.

Дорогою вони сміються голосно.

Раптом закумкала жаба.

Так усе владналося.

Справжні друзі завжди допомагають."
661,Аня і таємниця,"Павло в маленькому селі, коли приходить Аня.

Пахне квітами.

У Аня була біда.

Розкажи, я слухаю!

Разом ділять задачу.

Дорогою вони граються в колі.

Дорогою вони граються разом.

Раптом загавкав собака.

Зрештою обидва сміються.

Терпіння приносить удачу."
662,Найкращий день: Міло,"Лео на барвистому ринку, коли приходить Міло.

Птахи весело співають.

У Міло була біда.

Я допоможу тобі!

Разом питають сусідів.

Дорогою вони відпочивають голосно.

Дорогою вони біжать весело.

Раптом упав листок.

Обоє пишаються.

Цікавість веде до див."
663,Фінн і скарб,"Макс біля старого колодязя, коли приходить Фінн.

Сонце світить тепло.

У Фінн була біда.

Ми знайдемо рішення.

Разом шукають скрізь.

Дорогою вони відпочивають разом.

Дорогою вони балакають трохи.

Раптом задзижчала бджола.

Так все знову добре.

Сміх завжди допомагає."
664,Нора і таємниця,"Лена на дитячому майданчику, коли приходить Нора.

Струмок тихо дзюрчить.

У Нора була біда.

Ходімо, впораємося!

Разом складають план.

Дорогою вони біжать весело.

Дорогою вони сміються разом.

Раптом хтось постукав.

Накінці обоє сміються.

Хто сміливий, той перемагає."
665,Емма і план,"Піппа біля синьої річки, коли приходить Емма.

Пахне свіжою травою.

У Емма була біда.

Розкажи, я слухаю!

Разом кличуть на допомогу.

Дорогою вони танцюють трохи.

Дорогою вони відпочивають весело.

Раптом пролетів танцюючий метелик.

Обидва пишаються.

Смиливість винагороджується."
666,Мія і подорож,"Тео на зеленому лузі, коли приходить Мія.

Літають метелики.

У Мія була біда.

Я допоможу тобі!

Разом рушають у путь.

Дорогою вони балакають біля струмка.

Дорогою вони танцюють трохи.

Раптом піднявся вітер.

Так усе владналося.

Ділитися радісно."
667,Аня і знахідка,"Павло біля великого дуба, коли приходить Аня.

Небо блакитне.

У Аня була біда.

Ми знайдемо рішення.

Разом ділять задачу.

Дорогою вони багато сміються.

Дорогою вони розповідають історії.

Раптом впала падаюча зірка.

Зрештою обидва сміються.

Разом все легше."
668,Міло і відкриття,"Лео в зеленому парку, коли приходить Міло.

Скрізь тихо і спокійно.

У Міло була біда.

Ходімо, впораємося!

Разом питають сусідів.

Дорогою вони сміються трохи.

Дорогою вони граються весело.

Раптом хтось засміявся.

Обоє пишаються.

Справжні друзі завжди допомагають."
669,Фінн і похід,"Макс в старому лісі, коли приходить Фінн.

Пахне квітами.

У Фінн була біда.

Розкажи, я слухаю!

Разом шукають скрізь.

Дорогою вони граються біля струмка.

Дорогою вони біжать трохи.

Раптом щось гучно зашурхотіло.

Так все знову добре.

Терпіння приносить удачу."
670,Нора і гонка,"Лена на жовтому полі, коли приходить Нора.

Птахи весело співають.

У Нора була біда.

Я допоможу тобі!

Разом складають план.

Дорогою вони відпочивають в колі.

Дорогою вони балакають біля струмка.

Раптом закумкала жаба.

Накінці обоє сміються.

Цікавість веде до див."
671,Емма і загадка,"Піппа в маленькому селі, коли приходить Емма.

Сонце світить тепло.

У Емма була біда.

Ми знайдемо рішення.

Разом кличуть на допомогу.

Дорогою вони біжать голосно.

Дорогою вони сміються весело.

Раптом загавкав собака.

Обидва пишаються.

Сміх завжди допомагає."
672,Мія і сюрприз,"Тео на барвистому ринку, коли приходить Мія.

Струмок тихо дзюрчить.

У Мія була біда.

Ходімо, впораємося!

Разом рушають у путь.

Дорогою вони біжать разом.

Дорогою вони відпочивають трохи.

Раптом упав листок.

Так усе владналося.

Хто сміливий, той перемагає."
673,Аня і велика пригода,"Павло біля старого колодязя, коли приходить Аня.

Пахне свіжою травою.

У Аня була біда.

Розкажи, я слухаю!

Разом ділять задачу.

Дорогою вони танцюють весело.

Дорогою вони танцюють біля струмка.

Раптом задзижчала бджола.

Зрештою обидва сміються.

Смиливість винагороджується."
674,Міло і таємниця,"Лео на дитячому майданчику, коли приходить Міло.

Літають метелики.

У Міло була біда.

Я допоможу тобі!

Разом питають сусідів.

Дорогою вони балакають трохи.

Дорогою вони багато сміються.

Раптом хтось постукав.

Обоє пишаються.

Ділитися радісно."
675,Найкращий день: Фінн,"Макс біля синьої річки, коли приходить Фінн.

Небо блакитне.

У Фінн була біда.

Ми знайдемо рішення.

Разом шукають скрізь.

Дорогою вони розповідають історії.

Дорогою вони граються трохи.

Раптом пролетів танцюючий метелик.

Так все знову добре.

Разом все легше."
676,Нора і скарб,"Лена на зеленому лузі, коли приходить Нора.

Скрізь тихо і спокійно.

У Нора була біда.

Ходімо, впораємося!

Разом складають план.

Дорогою вони сміються весело.

Дорогою вони біжать біля струмка.

Раптом піднявся вітер.

Накінці обоє сміються.

Справжні друзі завжди допомагають."
677,Емма і таємниця,"Піппа біля великого дуба, коли приходить Емма.

Пахне квітами.

У Емма була біда.

Розкажи, я слухаю!

Разом кличуть на допомогу.

Дорогою вони граються трохи.

Дорогою вони балакають в колі.

Раптом впала падаюча зірка.

Обидва пишаються.

Терпіння приносить удачу."
678,Мія і план,"Тео в зеленому парку, коли приходить Мія.

Птахи весело співають.

У Мія була біда.

Я допоможу тобі!

Разом рушають у путь.

Дорогою вони відпочивають біля струмка.

Дорогою вони сміються трохи.

Раптом хтось засміявся.

Так усе владналося.

Цікавість веде до див."
679,Аня і подорож,"Павло в старому лісі, коли приходить Аня.

Сонце світить тепло.

У Аня була біда.

Ми знайдемо рішення.

Разом ділять задачу.

Дорогою вони біжать в колі.

Дорогою вони відпочивають біля струмка.

Раптом щось гучно зашурхотіло.

Зрештою обидва сміються.

Сміх завжди допомагає."
680,Міло і знахідка,"Лео на жовтому полі, коли приходить Міло.

Струмок тихо дзюрчить.

У Міло була біда.

Ходімо, впораємося!

Разом питають сусідів.

Дорогою вони танцюють голосно.

Дорогою вони танцюють в колі.

Раптом закумкала жаба.

Обоє пишаються.

Хто сміливий, той перемагає."
681,Фінн і відкриття,"Макс в маленькому селі, коли приходить Фінн.

Пахне свіжою травою.

У Фінн була біда.

Розкажи, я слухаю!

Разом шукають скрізь.

Дорогою вони танцюють разом.

Дорогою вони співають пісню.

Раптом загавкав собака.

Так все знову добре.

Смиливість винагороджується."
682,Нора і похід,"Лена на барвистому ринку, коли приходить Нора.

Літають метелики.

У Нора була біда.

Я допоможу тобі!

Разом складають план.

Дорогою вони балакають весело.

Дорогою вони граються біля струмка.

Раптом упав листок.

Накінці обоє сміються.

Ділитися радісно."
683,Емма і гонка,"Піппа біля старого колодязя, коли приходить Емма.

Небо блакитне.

У Емма була біда.

Ми знайдемо рішення.

Разом кличуть на допомогу.

Дорогою вони сміються голосно.

Дорогою вони біжать в колі.

Раптом задзижчала бджола.

Обидва пишаються.

Разом все легше."
684,Мія і загадка,"Тео на дитячому майданчику, коли приходить Мія.

Скрізь тихо і спокійно.

У Мія була біда.

Ходімо, впораємося!

Разом рушають у путь.

Дорогою вони сміються разом.

Дорогою вони балакають голосно.

Раптом хтось постукав.

Так усе владналося.

Справжні друзі завжди допомагають."
685,Аня і сюрприз,"Павло біля синьої річки, коли приходить Аня.

Пахне квітами.

У Аня була біда.

Розкажи, я слухаю!

Разом ділять задачу.

Дорогою вони граються весело.

Дорогою вони сміються біля струмка.

Раптом пролетів танцюючий метелик.

Зрештою обидва сміються.

Терпіння приносить удачу."
686,Міло і велика пригода,"Лео на зеленому лузі, коли приходить Міло.

Птахи весело співають.

У Міло була біда.

Я допоможу тобі!

Разом питають сусідів.

Дорогою вони відпочивають трохи.

Дорогою вони відпочивають в колі.

Раптом піднявся вітер.

Обоє пишаються.

Цікавість веде до див."
687,Фінн і таємниця,"Макс біля великого дуба, коли приходить Фінн.

Сонце світить тепло.

У Фінн була біда.

Ми знайдемо рішення.

Разом шукають скрізь.

Дорогою вони біжать біля струмка.

Дорогою вони танцюють голосно.

Раптом впала падаюча зірка.

Так все знову добре.

Сміх завжди допомагає."
688,Найкращий день: Нора,"Лена в зеленому парку, коли приходить Нора.

Струмок тихо дзюрчить.

У Нора була біда.

Ходімо, впораємося!

Разом складають план.

Дорогою вони танцюють в колі.

Дорогою вони балакають разом.

Раптом хтось засміявся.

Накінці обоє сміються.

Хто сміливий, той перемагає."
689,Емма і скарб,"Піппа в старому лісі, коли приходить Емма.

Пахне свіжою травою.

У Емма була біда.

Розкажи, я слухаю!

Разом кличуть на допомогу.

Дорогою вони балакають голосно.

Дорогою вони граються в колі.

Раптом щось гучно зашурхотіло.

Обидва пишаються.

Смиливість винагороджується."
690,Мія і таємниця,"Тео на жовтому полі, коли приходить Мія.

Літають метелики.

У Мія була біда.

Я допоможу тобі!

Разом рушають у путь.

Дорогою вони балакають разом.

Дорогою вони біжать голосно.

Раптом закумкала жаба.

Так усе владналося.

Ділитися радісно."
691,Аня і план,"Павло в маленькому селі, коли приходить Аня.

Небо блакитне.

У Аня була біда.

Ми знайдемо рішення.

Разом ділять задачу.

Дорогою вони сміються в колі.

Дорогою вони танцюють разом.

Раптом загавкав собака.

Зрештою обидва сміються.

Разом все легше."
692,Міло і подорож,"Лео на барвистому ринку, коли приходить Міло.

Скрізь тихо і спокійно.

У Міло була біда.

Ходімо, впораємося!

Разом питають сусідів.

Дорогою вони граються голосно.

Дорогою вони сміються в колі.

Раптом упав листок.

Обоє пишаються.

Справжні друзі завжди допомагають."
693,Фінн і знахідка,"Макс біля старого колодязя, коли приходить Фінн.

Пахне квітами.

У Фінн була біда.

Розкажи, я слухаю!

Разом шукають скрізь.

Дорогою вони граються разом.

Дорогою вони відпочивають голосно.

Раптом задзижчала бджола.

Так все знову добре.

Терпіння приносить удачу."
694,Нора і відкриття,"Лена на дитячому майданчику, коли приходить Нора.

Птахи весело співають.

У Нора була біда.

Я допоможу тобі!

Разом складають план.

Дорогою вони відпочивають весело.

Дорогою вони біжать разом.

Раптом хтось постукав.

Накінці обоє сміються.

Цікавість веде до див."
695,Емма і похід,"Піппа біля синьої річки, коли приходить Емма.

Сонце світить тепло.

У Емма була біда.

Ми знайдемо рішення.

Разом кличуть на допомогу.

Дорогою вони біжать трохи.

Дорогою вони балакають весело.

Раптом пролетів танцюючий метелик.

Обидва пишаються.

Сміх завжди допомагає."
696,Мія і гонка,"Тео на зеленому лузі, коли приходить Мія.

Струмок тихо дзюрчить.

У Мія була біда.

Ходімо, впораємося!

Разом рушають у путь.

Дорогою вони танцюють біля струмка.

Дорогою вони граються голосно.

Раптом піднявся вітер.

Так усе владналося.

Хто сміливий, той перемагає."
697,Аня і загадка,"Павло біля великого дуба, коли приходить Аня.

Пахне свіжою травою.

У Аня була біда.

Розкажи, я слухаю!

Разом ділять задачу.

Дорогою вони балакають в колі.

Дорогою вони відпочивають разом.

Раптом впала падаюча зірка.

Зрештою обидва сміються.

Смиливість винагороджується."
698,Міло і сюрприз,"Лео в зеленому парку, коли приходить Міло.

Літають метелики.

У Міло була біда.

Я допоможу тобі!

Разом питають сусідів.

Дорогою вони співають пісню.

Дорогою вони танцюють весело.

Раптом хтось засміявся.

Обоє пишаються.

Ділитися радісно."
699,Фінн і велика пригода,"Макс в старому лісі, коли приходить Фінн.

Небо блакитне.

У Фінн була біда.

Ми знайдемо рішення.

Разом шукають скрізь.

Дорогою вони сміються біля струмка.

Дорогою вони сміються голосно.

Раптом щось гучно зашурхотіло.

Так все знову добре.

Разом все легше."
700,Нора і таємниця,"Лена на жовтому полі, коли приходить Нора.

Скрізь тихо і спокійно.

У Нора була біда.

Ходімо, впораємося!

Разом складають план.

Дорогою вони граються в колі.

Дорогою вони граються разом.

Раптом закумкала жаба.

Накінці обоє сміються.

Справжні друзі завжди допомагають."
701,Найкращий день: Емма,"Одного вечора Емма чує біля старого колодязя дивний звук.

Скрізь тихо і спокійно.

З цікавістю Емма підходить ближче.

За каменем Емма знаходить маленький ножик.

Пахне квітами.

Раптом закумкала жаба.

Раптом пролетів танцюючий метелик.

Їжак шукав їжу.

Накінці всі щасливі.

Хто сміливий, той перемагає."
702,Мія і скарб,"Одного вечора Мія чує на дитячому майданчику дивний звук.

Пахне свіжою травою.

Сміливо Мія йде за звуком.

За парканом Мія знаходить теплу ковдру.

Струмок тихо дзюрчить.

Раптом задзижчала бджола.

Раптом хтось постукав.

Кішка гралася.

Так день був ідеальним.

Терпіння приносить удачу."
703,Аня і таємниця,"Одного вечора Аня чує біля синьої річки дивний звук.

Птахи весело співають.

З цікавістю Аня підходить ближче.

За деревом Аня знаходить барвисту карту.

Небо блакитне.

Раптом піднявся вітер.

Раптом задзижчала бджола.

Це був просто цікавий кіт.

Всі сміються і йдуть додому.

Ділитися радісно."
704,Міло і план,"Одного вечора Міло чує на зеленому лузі дивний звук.

Небо блакитне.

Сміливо Міло йде за звуком.

За стіною Міло знаходить стару монету.

Птахи весело співають.

Раптом щось гучно зашурхотіло.

Раптом упав листок.

Годинник пробив.

Пригода лишилася незабутньою.

Сміх завжди допомагає."
705,Фінн і подорож,"Одного вечора Фінн чує біля великого дуба дивний звук.

Струмок тихо дзюрчить.

З цікавістю Фінн підходить ближче.

За дверима Фінн знаходить зелену мотузку.

Пахне свіжою травою.

Раптом упав листок.

Раптом загавкав собака.

Півень кукурікав.

Всі плескали від радості.

Справжні друзі завжди допомагають."
706,Нора і знахідка,"Одного вечора Нора чує в зеленому парку дивний звук.

Пахне квітами.

Сміливо Нора йде за звуком.

За кущем Нора знаходить маленький ліхтар.

Скрізь тихо і спокійно.

Раптом пролетів танцюючий метелик.

Раптом закумкала жаба.

Вітер зрушив двері.

Так пригода гарно закінчилася.

Смиливість винагороджується."
707,Емма і відкриття,"Одного вечора Емма чує в старому лісі дивний звук.

Літають метелики.

З цікавістю Емма підходить ближче.

За каменем Емма знаходить синю пляшку.

Сонце світить тепло.

Раптом хтось засміявся.

Раптом щось гучно зашурхотіло.

Це був просто листоноша.

Всі повернулися задоволені.

Цікавість веде до див."
708,Мія і похід,"Одного вечора Мія чує на жовтому полі дивний звук.

Сонце світить тепло.

Сміливо Мія йде за звуком.

За парканом Мія знаходить жовту сумку.

Літають метелики.

Раптом загавкав собака.

Раптом хтось засміявся.

Гілка впала.

Так страх перетворився на смиливість.

Разом все легше."
709,Аня і гонка,"Одного вечора Аня чує в маленькому селі дивний звук.

Скрізь тихо і спокійно.

З цікавістю Аня підходить ближче.

За деревом Аня знаходить червону мотузку.

Пахне квітами.

Раптом хтось постукав.

Раптом впала падаюча зірка.

Їжак шукав їжу.

Накінці всі щасливі.

Хто сміливий, той перемагає."
710,Міло і загадка,"Одного вечора Міло чує на барвистому ринку дивний звук.

Пахне свіжою травою.

Сміливо Міло йде за звуком.

За стіною Міло знаходить старий бінокль.

Струмок тихо дзюрчить.

Раптом впала падаюча зірка.

Раптом піднявся вітер.

Кішка гралася.

Так день був ідеальним.

Терпіння приносить удачу."
711,Фінн і сюрприз,"Одного вечора Фінн чує біля старого колодязя дивний звук.

Птахи весело співають.

З цікавістю Фінн підходить ближче.

За дверима Фінн знаходить маленький ножик.

Небо блакитне.

Раптом закумкала жаба.

Раптом пролетів танцюючий метелик.

Це був просто цікавий кіт.

Всі сміються і йдуть додому.

Ділитися радісно."
712,Нора і велика пригода,"Одного вечора Нора чує на дитячому майданчику дивний звук.

Небо блакитне.

Сміливо Нора йде за звуком.

За кущем Нора знаходить теплу ковдру.

Птахи весело співають.

Раптом задзижчала бджола.

Раптом хтось постукав.

Годинник пробив.

Пригода лишилася незабутньою.

Сміх завжди допомагає."
713,Емма і таємниця,"Одного вечора Емма чує біля синьої річки дивний звук.

Струмок тихо дзюрчить.

З цікавістю Емма підходить ближче.

За каменем Емма знаходить барвисту карту.

Пахне свіжою травою.

Раптом піднявся вітер.

Раптом задзижчала бджола.

Півень кукурікав.

Всі плескали від радості.

Справжні друзі завжди допомагають."
714,Найкращий день: Мія,"Одного вечора Мія чує на зеленому лузі дивний звук.

Пахне квітами.

Сміливо Мія йде за звуком.

За парканом Мія знаходить стару монету.

Скрізь тихо і спокійно.

Раптом щось гучно зашурхотіло.

Раптом упав листок.

Вітер зрушив двері.

Так пригода гарно закінчилася.

Смиливість винагороджується."
715,Аня і скарб,"Одного вечора Аня чує біля великого дуба дивний звук.

Літають метелики.

З цікавістю Аня підходить ближче.

За деревом Аня знаходить зелену мотузку.

Сонце світить тепло.

Раптом упав листок.

Раптом загавкав собака.

Це був просто листоноша.

Всі повернулися задоволені.

Цікавість веде до див."
716,Міло і таємниця,"Одного вечора Міло чує в зеленому парку дивний звук.

Сонце світить тепло.

Сміливо Міло йде за звуком.

За стіною Міло знаходить маленький ліхтар.

Літають метелики.

Раптом пролетів танцюючий метелик.

Раптом закумкала жаба.

Гілка впала.

Так страх перетворився на смиливість.

Разом все легше."
717,Фінн і план,"Одного вечора Фінн чує в старому лісі дивний звук.

Скрізь тихо і спокійно.

З цікавістю Фінн підходить ближче.

За дверима Фінн знаходить синю пляшку.

Пахне квітами.

Раптом хтось засміявся.

Раптом щось гучно зашурхотіло.

Їжак шукав їжу.

Накінці всі щасливі.

Хто сміливий, той перемагає."
718,Нора і подорож,"Одного вечора Нора чує на жовтому полі дивний звук.

Пахне свіжою травою.

Сміливо Нора йде за звуком.

За кущем Нора знаходить жовту сумку.

Струмок тихо дзюрчить.

Раптом загавкав собака.

Раптом хтось засміявся.

Кішка гралася.

Так день був ідеальним.

Терпіння приносить удачу."
719,Емма і знахідка,"Одного вечора Емма чує в маленькому селі дивний звук.

Птахи весело співають.

З цікавістю Емма підходить ближче.

За каменем Емма знаходить червону мотузку.

Небо блакитне.

Раптом хтось постукав.

Раптом впала падаюча зірка.

Це був просто цікавий кіт.

Всі сміються і йдуть додому.

Ділитися радісно."
720,Мія і відкриття,"Одного вечора Мія чує на барвистому ринку дивний звук.

Небо блакитне.

Сміливо Мія йде за звуком.

За парканом Мія знаходить старий бінокль.

Птахи весело співають.

Раптом впала падаюча зірка.

Раптом піднявся вітер.

Годинник пробив.

Пригода лишилася незабутньою.

Сміх завжди допомагає."
721,Аня і похід,"Одного вечора Аня чує біля старого колодязя дивний звук.

Струмок тихо дзюрчить.

З цікавістю Аня підходить ближче.

За деревом Аня знаходить маленький ножик.

Пахне свіжою травою.

Раптом закумкала жаба.

Раптом пролетів танцюючий метелик.

Півень кукурікав.

Всі плескали від радості.

Справжні друзі завжди допомагають."
722,Міло і гонка,"Одного вечора Міло чує на дитячому майданчику дивний звук.

Пахне квітами.

Сміливо Міло йде за звуком.

За стіною Міло знаходить теплу ковдру.

Скрізь тихо і спокійно.

Раптом задзижчала бджола.

Раптом хтось постукав.

Вітер зрушив двері.

Так пригода гарно закінчилася.

Смиливість винагороджується."
723,Фінн і загадка,"Одного вечора Фінн чує біля синьої річки дивний звук.

Літають метелики.

З цікавістю Фінн підходить ближче.

За дверима Фінн знаходить барвисту карту.

Сонце світить тепло.

Раптом піднявся вітер.

Раптом задзижчала бджола.

Це був просто листоноша.

Всі повернулися задоволені.

Цікавість веде до див."
724,Нора і сюрприз,"Одного вечора Нора чує на зеленому лузі дивний звук.

Сонце світить тепло.

Сміливо Нора йде за звуком.

За кущем Нора знаходить стару монету.

Літають метелики.

Раптом щось гучно зашурхотіло.

Раптом упав листок.

Гілка впала.

Так страх перетворився на смиливість.

Разом все легше."
725,Емма і велика пригода,"Одного вечора Емма чує біля великого дуба дивний звук.

Скрізь тихо і спокійно.

З цікавістю Емма підходить ближче.

За каменем Емма знаходить зелену мотузку.

Пахне квітами.

Раптом упав листок.

Раптом загавкав собака.

Їжак шукав їжу.

Накінці всі щасливі.

Хто сміливий, той перемагає."
726,Мія і таємниця,"Одного вечора Мія чує в зеленому парку дивний звук.

Пахне свіжою травою.

Сміливо Мія йде за звуком.

За парканом Мія знаходить маленький ліхтар.

Струмок тихо дзюрчить.

Раптом пролетів танцюючий метелик.

Раптом закумкала жаба.

Кішка гралася.

Так день був ідеальним.

Терпіння приносить удачу."
727,Найкращий день: Аня,"Одного вечора Аня чує в старому лісі дивний звук.

Птахи весело співають.

З цікавістю Аня підходить ближче.

За деревом Аня знаходить синю пляшку.

Небо блакитне.

Раптом хтось засміявся.

Раптом щось гучно зашурхотіло.

Це був просто цікавий кіт.

Всі сміються і йдуть додому.

Ділитися радісно."
728,Міло і скарб,"Одного вечора Міло чує на жовтому полі дивний звук.

Небо блакитне.

Сміливо Міло йде за звуком.

За стіною Міло знаходить жовту сумку.

Птахи весело співають.

Раптом загавкав собака.

Раптом хтось засміявся.

Годинник пробив.

Пригода лишилася незабутньою.

Сміх завжди допомагає."
729,Фінн і таємниця,"Одного вечора Фінн чує в маленькому селі дивний звук.

Струмок тихо дзюрчить.

З цікавістю Фінн підходить ближче.

За дверима Фінн знаходить червону мотузку.

Пахне свіжою травою.

Раптом хтось постукав.

Раптом впала падаюча зірка.

Півень кукурікав.

Всі плескали від радості.

Справжні друзі завжди допомагають."
730,Нора і план,"Одного вечора Нора чує на барвистому ринку дивний звук.

Пахне квітами.

Сміливо Нора йде за звуком.

За кущем Нора знаходить старий бінокль.

Скрізь тихо і спокійно.

Раптом впала падаюча зірка.

Раптом піднявся вітер.

Вітер зрушив двері.

Так пригода гарно закінчилася.

Смиливість винагороджується."
731,Емма і подорож,"Одного вечора Емма чує біля старого колодязя дивний звук.

Літають метелики.

З цікавістю Емма підходить ближче.

За каменем Емма знаходить маленький ножик.

Сонце світить тепло.

Раптом закумкала жаба.

Раптом пролетів танцюючий метелик.

Це був просто листоноша.

Всі повернулися задоволені.

Цікавість веде до див."
732,Мія і знахідка,"Одного вечора Мія чує на дитячому майданчику дивний звук.

Сонце світить тепло.

Сміливо Мія йде за звуком.

За парканом Мія знаходить теплу ковдру.

Літають метелики.

Раптом задзижчала бджола.

Раптом хтось постукав.

Гілка впала.

Так страх перетворився на смиливість.

Разом все легше."
733,Аня і відкриття,"Одного вечора Аня чує біля синьої річки дивний звук.

Скрізь тихо і спокійно.

З цікавістю Аня підходить ближче.

За деревом Аня знаходить барвисту карту.

Пахне квітами.

Раптом піднявся вітер.

Раптом задзижчала бджола.

Їжак шукав їжу.

Накінці всі щасливі.

Хто сміливий, той перемагає."
734,Міло і похід,"Одного вечора Міло чує на зеленому лузі дивний звук.

Пахне свіжою травою.

Сміливо Міло йде за звуком.

За стіною Міло знаходить стару монету.

Струмок тихо дзюрчить.

Раптом щось гучно зашурхотіло.

Раптом упав листок.

Кішка гралася.

Так день був ідеальним.

Терпіння приносить удачу."
735,Фінн і гонка,"Одного вечора Фінн чує біля великого дуба дивний звук.

Птахи весело співають.

З цікавістю Фінн підходить ближче.

За дверима Фінн знаходить зелену мотузку.

Небо блакитне.

Раптом упав листок.

Раптом загавкав собака.

Це був просто цікавий кіт.

Всі сміються і йдуть додому.

Ділитися радісно."
736,Нора і загадка,"Одного вечора Нора чує в зеленому парку дивний звук.

Небо блакитне.

Сміливо Нора йде за звуком.

За кущем Нора знаходить маленький ліхтар.

Птахи весело співають.

Раптом пролетів танцюючий метелик.

Раптом закумкала жаба.

Годинник пробив.

Пригода лишилася незабутньою.

Сміх завжди допомагає."
737,Емма і сюрприз,"Одного вечора Емма чує в старому лісі дивний звук.

Струмок тихо дзюрчить.

З цікавістю Емма підходить ближче.

За каменем Емма знаходить синю пляшку.

Пахне свіжою травою.

Раптом хтось засміявся.

Раптом щось гучно зашурхотіло.

Півень кукурікав.

Всі плескали від радості.

Справжні друзі завжди допомагають."
738,Мія і велика пригода,"Одного вечора Мія чує на жовтому полі дивний звук.

Пахне квітами.

Сміливо Мія йде за звуком.

За парканом Мія знаходить жовту сумку.

Скрізь тихо і спокійно.

Раптом загавкав собака.

Раптом хтось засміявся.

Вітер зрушив двері.

Так пригода гарно закінчилася.

Смиливість винагороджується."
739,Аня і таємниця,"Одного вечора Аня чує в маленькому селі дивний звук.

Літають метелики.

З цікавістю Аня підходить ближче.

За деревом Аня знаходить червону мотузку.

Сонце світить тепло.

Раптом хтось постукав.

Раптом впала падаюча зірка.

Це був просто листоноша.

Всі повернулися задоволені.

Цікавість веде до див."
740,Найкращий день: Міло,"Одного вечора Міло чує на барвистому ринку дивний звук.

Сонце світить тепло.

Сміливо Міло йде за звуком.

За стіною Міло знаходить старий бінокль.

Літають метелики.

Раптом впала падаюча зірка.

Раптом піднявся вітер.

Гілка впала.

Так страх перетворився на смиливість.

Разом все легше."
741,Фінн і скарб,"Одного вечора Фінн чує біля старого колодязя дивний звук.

Скрізь тихо і спокійно.

З цікавістю Фінн підходить ближче.

За дверима Фінн знаходить маленький ножик.

Пахне квітами.

Раптом закумкала жаба.

Раптом пролетів танцюючий метелик.

Їжак шукав їжу.

Накінці всі щасливі.

Хто сміливий, той перемагає."
742,Нора і таємниця,"Одного вечора Нора чує на дитячому майданчику дивний звук.

Пахне свіжою травою.

Сміливо Нора йде за звуком.

За кущем Нора знаходить теплу ковдру.

Струмок тихо дзюрчить.

Раптом задзижчала бджола.

Раптом хтось постукав.

Кішка гралася.

Так день був ідеальним.

Терпіння приносить удачу."
743,Емма і план,"Одного вечора Емма чує біля синьої річки дивний звук.

Птахи весело співають.

З цікавістю Емма підходить ближче.

За каменем Емма знаходить барвисту карту.

Небо блакитне.

Раптом піднявся вітер.

Раптом задзижчала бджола.

Це був просто цікавий кіт.

Всі сміються і йдуть додому.

Ділитися радісно."
744,Мія і подорож,"Одного вечора Мія чує на зеленому лузі дивний звук.

Небо блакитне.

Сміливо Мія йде за звуком.

За парканом Мія знаходить стару монету.

Птахи весело співають.

Раптом щось гучно зашурхотіло.

Раптом упав листок.

Годинник пробив.

Пригода лишилася незабутньою.

Сміх завжди допомагає."
745,Аня і знахідка,"Одного вечора Аня чує біля великого дуба дивний звук.

Струмок тихо дзюрчить.

З цікавістю Аня підходить ближче.

За деревом Аня знаходить зелену мотузку.

Пахне свіжою травою.

Раптом упав листок.

Раптом загавкав собака.

Півень кукурікав.

Всі плескали від радості.

Справжні друзі завжди допомагають."
746,Міло і відкриття,"Одного вечора Міло чує в зеленому парку дивний звук.

Пахне квітами.

Сміливо Міло йде за звуком.

За стіною Міло знаходить маленький ліхтар.

Скрізь тихо і спокійно.

Раптом пролетів танцюючий метелик.

Раптом закумкала жаба.

Вітер зрушив двері.

Так пригода гарно закінчилася.

Смиливість винагороджується."
747,Фінн і похід,"Одного вечора Фінн чує в старому лісі дивний звук.

Літають метелики.

З цікавістю Фінн підходить ближче.

За дверима Фінн знаходить синю пляшку.

Сонце світить тепло.

Раптом хтось засміявся.

Раптом щось гучно зашурхотіло.

Це був просто листоноша.

Всі повернулися задоволені.

Цікавість веде до див."
748,Нора і гонка,"Одного вечора Нора чує на жовтому полі дивний звук.

Сонце світить тепло.

Сміливо Нора йде за звуком.

За кущем Нора знаходить жовту сумку.

Літають метелики.

Раптом загавкав собака.

Раптом хтось засміявся.

Гілка впала.

Так страх перетворився на смиливість.

Разом все легше."
749,Емма і загадка,"Одного вечора Емма чує в маленькому селі дивний звук.

Скрізь тихо і спокійно.

З цікавістю Емма підходить ближче.

За каменем Емма знаходить червону мотузку.

Пахне квітами.

Раптом хтось постукав.

Раптом впала падаюча зірка.

Їжак шукав їжу.

Накінці всі щасливі.

Хто сміливий, той перемагає."
750,Мія і сюрприз,"Одного вечора Мія чує на барвистому ринку дивний звук.

Пахне свіжою травою.

Сміливо Мія йде за звуком.

За парканом Мія знаходить старий бінокль.

Струмок тихо дзюрчить.

Раптом впала падаюча зірка.

Раптом піднявся вітер.

Кішка гралася.

Так день був ідеальним.

Терпіння приносить удачу."
751,Аня і велика пригода,"Одного вечора Аня чує біля старого колодязя дивний звук.

Птахи весело співають.

З цікавістю Аня підходить ближче.

За деревом Аня знаходить маленький ножик.

Небо блакитне.

Раптом закумкала жаба.

Раптом пролетів танцюючий метелик.

Це був просто цікавий кіт.

Всі сміються і йдуть додому.

Ділитися радісно."
752,Міло і таємниця,"Одного вечора Міло чує на дитячому майданчику дивний звук.

Небо блакитне.

Сміливо Міло йде за звуком.

За стіною Міло знаходить теплу ковдру.

Птахи весело співають.

Раптом задзижчала бджола.

Раптом хтось постукав.

Годинник пробив.

Пригода лишилася незабутньою.

Сміх завжди допомагає."
753,Найкращий день: Фінн,"Одного вечора Фінн чує біля синьої річки дивний звук.

Струмок тихо дзюрчить.

З цікавістю Фінн підходить ближче.

За дверима Фінн знаходить барвисту карту.

Пахне свіжою травою.

Раптом піднявся вітер.

Раптом задзижчала бджола.

Півень кукурікав.

Всі плескали від радості.

Справжні друзі завжди допомагають."
754,Нора і скарб,"Одного вечора Нора чує на зеленому лузі дивний звук.

Пахне квітами.

Сміливо Нора йде за звуком.

За кущем Нора знаходить стару монету.

Скрізь тихо і спокійно.

Раптом щось гучно зашурхотіло.

Раптом упав листок.

Вітер зрушив двері.

Так пригода гарно закінчилася.

Смиливість винагороджується."
755,Емма і таємниця,"Одного вечора Емма чує біля великого дуба дивний звук.

Літають метелики.

З цікавістю Емма підходить ближче.

За каменем Емма знаходить зелену мотузку.

Сонце світить тепло.

Раптом упав листок.

Раптом загавкав собака.

Це був просто листоноша.

Всі повернулися задоволені.

Цікавість веде до див."
756,Мія і план,"Одного вечора Мія чує в зеленому парку дивний звук.

Сонце світить тепло.

Сміливо Мія йде за звуком.

За парканом Мія знаходить маленький ліхтар.

Літають метелики.

Раптом пролетів танцюючий метелик.

Раптом закумкала жаба.

Гілка впала.

Так страх перетворився на смиливість.

Разом все легше."
757,Аня і подорож,"Одного вечора Аня чує в старому лісі дивний звук.

Скрізь тихо і спокійно.

З цікавістю Аня підходить ближче.

За деревом Аня знаходить синю пляшку.

Пахне квітами.

Раптом хтось засміявся.

Раптом щось гучно зашурхотіло.

Їжак шукав їжу.

Накінці всі щасливі.

Хто сміливий, той перемагає."
758,Міло і знахідка,"Одного вечора Міло чує на жовтому полі дивний звук.

Пахне свіжою травою.

Сміливо Міло йде за звуком.

За стіною Міло знаходить жовту сумку.

Струмок тихо дзюрчить.

Раптом загавкав собака.

Раптом хтось засміявся.

Кішка гралася.

Так день був ідеальним.

Терпіння приносить удачу."
759,Фінн і відкриття,"Одного вечора Фінн чує в маленькому селі дивний звук.

Птахи весело співають.

З цікавістю Фінн підходить ближче.

За дверима Фінн знаходить червону мотузку.

Небо блакитне.

Раптом хтось постукав.

Раптом впала падаюча зірка.

Це був просто цікавий кіт.

Всі сміються і йдуть додому.

Ділитися радісно."
760,Нора і похід,"Одного вечора Нора чує на барвистому ринку дивний звук.

Небо блакитне.

Сміливо Нора йде за звуком.

За кущем Нора знаходить старий бінокль.

Птахи весело співають.

Раптом впала падаюча зірка.

Раптом піднявся вітер.

Годинник пробив.

Пригода лишилася незабутньою.

Сміх завжди допомагає."
761,Емма і гонка,"Одного вечора Емма чує біля старого колодязя дивний звук.

Струмок тихо дзюрчить.

З цікавістю Емма підходить ближче.

За каменем Емма знаходить маленький ножик.

Пахне свіжою травою.

Раптом закумкала жаба.

Раптом пролетів танцюючий метелик.

Півень кукурікав.

Всі плескали від радості.

Справжні друзі завжди допомагають."
762,Мія і загадка,"Одного вечора Мія чує на дитячому майданчику дивний звук.

Пахне квітами.

Сміливо Мія йде за звуком.

За парканом Мія знаходить теплу ковдру.

Скрізь тихо і спокійно.

Раптом задзижчала бджола.

Раптом хтось постукав.

Вітер зрушив двері.

Так пригода гарно закінчилася.

Смиливість винагороджується."
763,Аня і сюрприз,"Одного вечора Аня чує біля синьої річки дивний звук.

Літають метелики.

З цікавістю Аня підходить ближче.

За деревом Аня знаходить барвисту карту.

Сонце світить тепло.

Раптом піднявся вітер.

Раптом задзижчала бджола.

Це був просто листоноша.

Всі повернулися задоволені.

Цікавість веде до див."
764,Міло і велика пригода,"Одного вечора Міло чує на зеленому лузі дивний звук.

Сонце світить тепло.

Сміливо Міло йде за звуком.

За стіною Міло знаходить стару монету.

Літають метелики.

Раптом щось гучно зашурхотіло.

Раптом упав листок.

Гілка впала.

Так страх перетворився на смиливість.

Разом все легше."
765,Фінн і таємниця,"Одного вечора Фінн чує біля великого дуба дивний звук.

Скрізь тихо і спокійно.

З цікавістю Фінн підходить ближче.

За дверима Фінн знаходить зелену мотузку.

Пахне квітами.

Раптом упав листок.

Раптом загавкав собака.

Їжак шукав їжу.

Накінці всі щасливі.

Хто сміливий, той перемагає."
766,Найкращий день: Нора,"Одного вечора Нора чує в зеленому парку дивний звук.

Пахне свіжою травою.

Сміливо Нора йде за звуком.

За кущем Нора знаходить маленький ліхтар.

Струмок тихо дзюрчить.

Раптом пролетів танцюючий метелик.

Раптом закумкала жаба.

Кішка гралася.

Так день був ідеальним.

Терпіння приносить удачу."
767,Емма і скарб,"Одного вечора Емма чує в старому лісі дивний звук.

Птахи весело співають.

З цікавістю Емма підходить ближче.

За каменем Емма знаходить синю пляшку.

Небо блакитне.

Раптом хтось засміявся.

Раптом щось гучно зашурхотіло.

Це був просто цікавий кіт.

Всі сміються і йдуть додому.

Ділитися радісно."
768,Мія і таємниця,"Одного вечора Мія чує на жовтому полі дивний звук.

Небо блакитне.

Сміливо Мія йде за звуком.

За парканом Мія знаходить жовту сумку.

Птахи весело співають.

Раптом загавкав собака.

Раптом хтось засміявся.

Годинник пробив.

Пригода лишилася незабутньою.

Сміх завжди допомагає."
769,Аня і план,"Одного вечора Аня чує в маленькому селі дивний звук.

Струмок тихо дзюрчить.

З цікавістю Аня підходить ближче.

За деревом Аня знаходить червону мотузку.

Пахне свіжою травою.

Раптом хтось постукав.

Раптом впала падаюча зірка.

Півень кукурікав.

Всі плескали від радості.

Справжні друзі завжди допомагають."
770,Міло і подорож,"Одного вечора Міло чує на барвистому ринку дивний звук.

Пахне квітами.

Сміливо Міло йде за звуком.

За стіною Міло знаходить старий бінокль.

Скрізь тихо і спокійно.

Раптом впала падаюча зірка.

Раптом піднявся вітер.

Вітер зрушив двері.

Так пригода гарно закінчилася.

Смиливість винагороджується."
771,Фінн і знахідка,"Одного вечора Фінн чує біля старого колодязя дивний звук.

Літають метелики.

З цікавістю Фінн підходить ближче.

За дверима Фінн знаходить маленький ножик.

Сонце світить тепло.

Раптом закумкала жаба.

Раптом пролетів танцюючий метелик.

Це був просто листоноша.

Всі повернулися задоволені.

Цікавість веде до див."
772,Нора і відкриття,"Одного вечора Нора чує на дитячому майданчику дивний звук.

Сонце світить тепло.

Сміливо Нора йде за звуком.

За кущем Нора знаходить теплу ковдру.

Літають метелики.

Раптом задзижчала бджола.

Раптом хтось постукав.

Гілка впала.

Так страх перетворився на смиливість.

Разом все легше."
773,Емма і похід,"Одного вечора Емма чує біля синьої річки дивний звук.

Скрізь тихо і спокійно.

З цікавістю Емма підходить ближче.

За каменем Емма знаходить барвисту карту.

Пахне квітами.

Раптом піднявся вітер.

Раптом задзижчала бджола.

Їжак шукав їжу.

Накінці всі щасливі.

Хто сміливий, той перемагає."
774,Мія і гонка,"Одного вечора Мія чує на зеленому лузі дивний звук.

Пахне свіжою травою.

Сміливо Мія йде за звуком.

За парканом Мія знаходить стару монету.

Струмок тихо дзюрчить.

Раптом щось гучно зашурхотіло.

Раптом упав листок.

Кішка гралася.

Так день був ідеальним.

Терпіння приносить удачу."
775,Аня і загадка,"Одного вечора Аня чує біля великого дуба дивний звук.

Птахи весело співають.

З цікавістю Аня підходить ближче.

За деревом Аня знаходить зелену мотузку.

Небо блакитне.

Раптом упав листок.

Раптом загавкав собака.

Це був просто цікавий кіт.

Всі сміються і йдуть додому.

Ділитися радісно."
776,Міло і сюрприз,"Одного вечора Міло чує в зеленому парку дивний звук.

Небо блакитне.

Сміливо Міло йде за звуком.

За стіною Міло знаходить маленький ліхтар.

Птахи весело співають.

Раптом пролетів танцюючий метелик.

Раптом закумкала жаба.

Годинник пробив.

Пригода лишилася незабутньою.

Сміх завжди допомагає."
777,Фінн і велика пригода,"Одного вечора Фінн чує в старому лісі дивний звук.

Струмок тихо дзюрчить.

З цікавістю Фінн підходить ближче.

За дверима Фінн знаходить синю пляшку.

Пахне свіжою травою.

Раптом хтось засміявся.

Раптом щось гучно зашурхотіло.

Півень кукурікав.

Всі плескали від радості.

Справжні друзі завжди допомагають."
778,Нора і таємниця,"Одного вечора Нора чує на жовтому полі дивний звук.

Пахне квітами.

Сміливо Нора йде за звуком.

За кущем Нора знаходить жовту сумку.

Скрізь тихо і спокійно.

Раптом загавкав собака.

Раптом хтось засміявся.

Вітер зрушив двері.

Так пригода гарно закінчилася.

Смиливість винагороджується."
779,Найкращий день: Емма,"Одного вечора Емма чує в маленькому селі дивний звук.

Літають метелики.

З цікавістю Емма підходить ближче.

За каменем Емма знаходить червону мотузку.

Сонце світить тепло.

Раптом хтось постукав.

Раптом впала падаюча зірка.

Це був просто листоноша.

Всі повернулися задоволені.

Цікавість веде до див."
780,Мія і скарб,"Одного вечора Мія чує на барвистому ринку дивний звук.

Сонце світить тепло.

Сміливо Мія йде за звуком.

За парканом Мія знаходить старий бінокль.

Літають метелики.

Раптом впала падаюча зірка.

Раптом піднявся вітер.

Гілка впала.

Так страх перетворився на смиливість.

Разом все легше."
781,Аня і таємниця,"Одного вечора Аня чує біля старого колодязя дивний звук.

Скрізь тихо і спокійно.

З цікавістю Аня підходить ближче.

За деревом Аня знаходить маленький ножик.

Пахне квітами.

Раптом закумкала жаба.

Раптом пролетів танцюючий метелик.

Їжак шукав їжу.

Накінці всі щасливі.

Хто сміливий, той перемагає."
782,Міло і план,"Одного вечора Міло чує на дитячому майданчику дивний звук.

Пахне свіжою травою.

Сміливо Міло йде за звуком.

За стіною Міло знаходить теплу ковдру.

Струмок тихо дзюрчить.

Раптом задзижчала бджола.

Раптом хтось постукав.

Кішка гралася.

Так день був ідеальним.

Терпіння приносить удачу."
783,Фінн і подорож,"Одного вечора Фінн чує біля синьої річки дивний звук.

Птахи весело співають.

З цікавістю Фінн підходить ближче.

За дверима Фінн знаходить барвисту карту.

Небо блакитне.

Раптом піднявся вітер.

Раптом задзижчала бджола.

Це був просто цікавий кіт.

Всі сміються і йдуть додому.

Ділитися радісно."
784,Нора і знахідка,"Одного вечора Нора чує на зеленому лузі дивний звук.

Небо блакитне.

Сміливо Нора йде за звуком.

За кущем Нора знаходить стару монету.

Птахи весело співають.

Раптом щось гучно зашурхотіло.

Раптом упав листок.

Годинник пробив.

Пригода лишилася незабутньою.

Сміх завжди допомагає."
785,Емма і відкриття,"Одного вечора Емма чує біля великого дуба дивний звук.

Струмок тихо дзюрчить.

З цікавістю Емма підходить ближче.

За каменем Емма знаходить зелену мотузку.

Пахне свіжою травою.

Раптом упав листок.

Раптом загавкав собака.

Півень кукурікав.

Всі плескали від радості.

Справжні друзі завжди допомагають."
786,Мія і похід,"Одного вечора Мія чує в зеленому парку дивний звук.

Пахне квітами.

Сміливо Мія йде за звуком.

За парканом Мія знаходить маленький ліхтар.

Скрізь тихо і спокійно.

Раптом пролетів танцюючий метелик.

Раптом закумкала жаба.

Вітер зрушив двері.

Так пригода гарно закінчилася.

Смиливість винагороджується."
787,Аня і гонка,"Одного вечора Аня чує в старому лісі дивний звук.

Літають метелики.

З цікавістю Аня підходить ближче.

За деревом Аня знаходить синю пляшку.

Сонце світить тепло.

Раптом хтось засміявся.

Раптом щось гучно зашурхотіло.

Це був просто листоноша.

Всі повернулися задоволені.

Цікавість веде до див."
788,Міло і загадка,"Одного вечора Міло чує на жовтому полі дивний звук.

Сонце світить тепло.

Сміливо Міло йде за звуком.

За стіною Міло знаходить жовту сумку.

Літають метелики.

Раптом загавкав собака.

Раптом хтось засміявся.

Гілка впала.

Так страх перетворився на смиливість.

Разом все легше."
789,Фінн і сюрприз,"Одного вечора Фінн чує в маленькому селі дивний звук.

Скрізь тихо і спокійно.

З цікавістю Фінн підходить ближче.

За дверима Фінн знаходить червону мотузку.

Пахне квітами.

Раптом хтось постукав.

Раптом впала падаюча зірка.

Їжак шукав їжу.

Накінці всі щасливі.

Хто сміливий, той перемагає."
790,Нора і велика пригода,"Одного вечора Нора чує на барвистому ринку дивний звук.

Пахне свіжою травою.

Сміливо Нора йде за звуком.

За кущем Нора знаходить старий бінокль.

Струмок тихо дзюрчить.

Раптом впала падаюча зірка.

Раптом піднявся вітер.

Кішка гралася.

Так день був ідеальним.

Терпіння приносить удачу."
791,Емма і таємниця,"Одного вечора Емма чує біля старого колодязя дивний звук.

Птахи весело співають.

З цікавістю Емма підходить ближче.

За каменем Емма знаходить маленький ножик.

Небо блакитне.

Раптом закумкала жаба.

Раптом пролетів танцюючий метелик.

Це був просто цікавий кіт.

Всі сміються і йдуть додому.

Ділитися радісно."
792,Найкращий день: Мія,"Одного вечора Мія чує на дитячому майданчику дивний звук.

Небо блакитне.

Сміливо Мія йде за звуком.

За парканом Мія знаходить теплу ковдру.

Птахи весело співають.

Раптом задзижчала бджола.

Раптом хтось постукав.

Годинник пробив.

Пригода лишилася незабутньою.

Сміх завжди допомагає."
793,Аня і скарб,"Одного вечора Аня чує біля синьої річки дивний звук.

Струмок тихо дзюрчить.

З цікавістю Аня підходить ближче.

За деревом Аня знаходить барвисту карту.

Пахне свіжою травою.

Раптом піднявся вітер.

Раптом задзижчала бджола.

Півень кукурікав.

Всі плескали від радості.

Справжні друзі завжди допомагають."
794,Міло і таємниця,"Одного вечора Міло чує на зеленому лузі дивний звук.

Пахне квітами.

Сміливо Міло йде за звуком.

За стіною Міло знаходить стару монету.

Скрізь тихо і спокійно.

Раптом щось гучно зашурхотіло.

Раптом упав листок.

Вітер зрушив двері.

Так пригода гарно закінчилася.

Смиливість винагороджується."
795,Фінн і план,"Одного вечора Фінн чує біля великого дуба дивний звук.

Літають метелики.

З цікавістю Фінн підходить ближче.

За дверима Фінн знаходить зелену мотузку.

Сонце світить тепло.

Раптом упав листок.

Раптом загавкав собака.

Це був просто листоноша.

Всі повернулися задоволені.

Цікавість веде до див."
796,Нора і подорож,"Одного вечора Нора чує в зеленому парку дивний звук.

Сонце світить тепло.

Сміливо Нора йде за звуком.

За кущем Нора знаходить маленький ліхтар.

Літають метелики.

Раптом пролетів танцюючий метелик.

Раптом закумкала жаба.

Гілка впала.

Так страх перетворився на смиливість.

Разом все легше."
797,Емма і знахідка,"Одного вечора Емма чує в старому лісі дивний звук.

Скрізь тихо і спокійно.

З цікавістю Емма підходить ближче.

За каменем Емма знаходить синю пляшку.

Пахне квітами.

Раптом хтось засміявся.

Раптом щось гучно зашурхотіло.

Їжак шукав їжу.

Накінці всі щасливі.

Хто сміливий, той перемагає."
798,Мія і відкриття,"Одного вечора Мія чує на жовтому полі дивний звук.

Пахне свіжою травою.

Сміливо Мія йде за звуком.

За парканом Мія знаходить жовту сумку.

Струмок тихо дзюрчить.

Раптом загавкав собака.

Раптом хтось засміявся.

Кішка гралася.

Так день був ідеальним.

Терпіння приносить удачу."
799,Аня і похід,"Одного вечора Аня чує в маленькому селі дивний звук.

Птахи весело співають.

З цікавістю Аня підходить ближче.

За деревом Аня знаходить червону мотузку.

Небо блакитне.

Раптом хтось постукав.

Раптом впала падаюча зірка.

Це був просто цікавий кіт.

Всі сміються і йдуть додому.

Ділитися радісно."
800,Міло і гонка,"Одного вечора Міло чує на барвистому ринку дивний звук.

Небо блакитне.

Сміливо Міло йде за звуком.

За стіною Міло знаходить старий бінокль.

Птахи весело співають.

Раптом впала падаюча зірка.

Раптом піднявся вітер.

Годинник пробив.

Пригода лишилася незабутньою.

Сміх завжди допомагає."
801,Фінн і загадка,"Одного вечора Фінн чує біля старого колодязя дивний звук.

Струмок тихо дзюрчить.

З цікавістю Фінн підходить ближче.

За дверима Фінн знаходить маленький ножик.

Пахне свіжою травою.

Раптом закумкала жаба.

Раптом пролетів танцюючий метелик.

Півень кукурікав.

Всі плескали від радості.

Справжні друзі завжди допомагають."
802,Нора і сюрприз,"Одного вечора Нора чує на дитячому майданчику дивний звук.

Пахне квітами.

Сміливо Нора йде за звуком.

За кущем Нора знаходить теплу ковдру.

Скрізь тихо і спокійно.

Раптом задзижчала бджола.

Раптом хтось постукав.

Вітер зрушив двері.

Так пригода гарно закінчилася.

Смиливість винагороджується."
803,Емма і велика пригода,"Одного вечора Емма чує біля синьої річки дивний звук.

Літають метелики.

З цікавістю Емма підходить ближче.

За каменем Емма знаходить барвисту карту.

Сонце світить тепло.

Раптом піднявся вітер.

Раптом задзижчала бджола.

Це був просто листоноша.

Всі повернулися задоволені.

Цікавість веде до див."
804,Мія і таємниця,"Одного вечора Мія чує на зеленому лузі дивний звук.

Сонце світить тепло.

Сміливо Мія йде за звуком.

За парканом Мія знаходить стару монету.

Літають метелики.

Раптом щось гучно зашурхотіло.

Раптом упав листок.

Гілка впала.

Так страх перетворився на смиливість.

Разом все легше."
805,Найкращий день: Аня,"Одного вечора Аня чує біля великого дуба дивний звук.

Скрізь тихо і спокійно.

З цікавістю Аня підходить ближче.

За деревом Аня знаходить зелену мотузку.

Пахне квітами.

Раптом упав листок.

Раптом загавкав собака.

Їжак шукав їжу.

Накінці всі щасливі.

Хто сміливий, той перемагає."
806,Міло і скарб,"Одного вечора Міло чує в зеленому парку дивний звук.

Пахне свіжою травою.

Сміливо Міло йде за звуком.

За стіною Міло знаходить маленький ліхтар.

Струмок тихо дзюрчить.

Раптом пролетів танцюючий метелик.

Раптом закумкала жаба.

Кішка гралася.

Так день був ідеальним.

Терпіння приносить удачу."
807,Фінн і таємниця,"Одного вечора Фінн чує в старому лісі дивний звук.

Птахи весело співають.

З цікавістю Фінн підходить ближче.

За дверима Фінн знаходить синю пляшку.

Небо блакитне.

Раптом хтось засміявся.

Раптом щось гучно зашурхотіло.

Це був просто цікавий кіт.

Всі сміються і йдуть додому.

Ділитися радісно."
808,Нора і план,"Одного вечора Нора чує на жовтому полі дивний звук.

Небо блакитне.

Сміливо Нора йде за звуком.

За кущем Нора знаходить жовту сумку.

Птахи весело співають.

Раптом загавкав собака.

Раптом хтось засміявся.

Годинник пробив.

Пригода лишилася незабутньою.

Сміх завжди допомагає."
809,Емма і подорож,"Одного вечора Емма чує в маленькому селі дивний звук.

Струмок тихо дзюрчить.

З цікавістю Емма підходить ближче.

За каменем Емма знаходить червону мотузку.

Пахне свіжою травою.

Раптом хтось постукав.

Раптом впала падаюча зірка.

Півень кукурікав.

Всі плескали від радості.

Справжні друзі завжди допомагають."
810,Мія і знахідка,"Одного вечора Мія чує на барвистому ринку дивний звук.

Пахне квітами.

Сміливо Мія йде за звуком.

За парканом Мія знаходить старий бінокль.

Скрізь тихо і спокійно.

Раптом впала падаюча зірка.

Раптом піднявся вітер.

Вітер зрушив двері.

Так пригода гарно закінчилася.

Смиливість винагороджується."
811,Аня і відкриття,"Одного вечора Аня чує біля старого колодязя дивний звук.

Літають метелики.

З цікавістю Аня підходить ближче.

За деревом Аня знаходить маленький ножик.

Сонце світить тепло.

Раптом закумкала жаба.

Раптом пролетів танцюючий метелик.

Це був просто листоноша.

Всі повернулися задоволені.

Цікавість веде до див."
812,Міло і похід,"Одного вечора Міло чує на дитячому майданчику дивний звук.

Сонце світить тепло.

Сміливо Міло йде за звуком.

За стіною Міло знаходить теплу ковдру.

Літають метелики.

Раптом задзижчала бджола.

Раптом хтось постукав.

Гілка впала.

Так страх перетворився на смиливість.

Разом все легше."
813,Фінн і гонка,"Одного вечора Фінн чує біля синьої річки дивний звук.

Скрізь тихо і спокійно.

З цікавістю Фінн підходить ближче.

За дверима Фінн знаходить барвисту карту.

Пахне квітами.

Раптом піднявся вітер.

Раптом задзижчала бджола.

Їжак шукав їжу.

Накінці всі щасливі.

Хто сміливий, той перемагає."
814,Нора і загадка,"Одного вечора Нора чує на зеленому лузі дивний звук.

Пахне свіжою травою.

Сміливо Нора йде за звуком.

За кущем Нора знаходить стару монету.

Струмок тихо дзюрчить.

Раптом щось гучно зашурхотіло.

Раптом упав листок.

Кішка гралася.

Так день був ідеальним.

Терпіння приносить удачу."
815,Емма і сюрприз,"Одного вечора Емма чує біля великого дуба дивний звук.

Птахи весело співають.

З цікавістю Емма підходить ближче.

За каменем Емма знаходить зелену мотузку.

Небо блакитне.

Раптом упав листок.

Раптом загавкав собака.

Це був просто цікавий кіт.

Всі сміються і йдуть додому.

Ділитися радісно."
816,Мія і велика пригода,"Одного вечора Мія чує в зеленому парку дивний звук.

Небо блакитне.

Сміливо Мія йде за звуком.

За парканом Мія знаходить маленький ліхтар.

Птахи весело співають.

Раптом пролетів танцюючий метелик.

Раптом закумкала жаба.

Годинник пробив.

Пригода лишилася незабутньою.

Сміх завжди допомагає."
817,Аня і таємниця,"Одного вечора Аня чує в старому лісі дивний звук.

Струмок тихо дзюрчить.

З цікавістю Аня підходить ближче.

За деревом Аня знаходить синю пляшку.

Пахне свіжою травою.

Раптом хтось засміявся.

Раптом щось гучно зашурхотіло.

Півень кукурікав.

Всі плескали від радості.

Справжні друзі завжди допомагають."
818,Найкращий день: Міло,"Одного вечора Міло чує на жовтому полі дивний звук.

Пахне квітами.

Сміливо Міло йде за звуком.

За стіною Міло знаходить жовту сумку.

Скрізь тихо і спокійно.

Раптом загавкав собака.

Раптом хтось засміявся.

Вітер зрушив двері.

Так пригода гарно закінчилася.

Смиливість винагороджується."
819,Фінн і скарб,"Одного вечора Фінн чує в маленькому селі дивний звук.

Літають метелики.

З цікавістю Фінн підходить ближче.

За дверима Фінн знаходить червону мотузку.

Сонце світить тепло.

Раптом хтось постукав.

Раптом впала падаюча зірка.

Це був просто листоноша.

Всі повернулися задоволені.

Цікавість веде до див."
820,Нора і таємниця,"Одного вечора Нора чує на барвистому ринку дивний звук.

Сонце світить тепло.

Сміливо Нора йде за звуком.

За кущем Нора знаходить старий бінокль.

Літають метелики.

Раптом впала падаюча зірка.

Раптом піднявся вітер.

Гілка впала.

Так страх перетворився на смиливість.

Разом все легше."
821,Нора і план,"Одного вечора Нора чує в старому лісі дивний звук.

Птахи весело співають.

Сміливо Нора йде за звуком.

За дверима Нора знаходить барвисту карту.

Пахне свіжою травою.

Раптом піднявся вітер.

Раптом пролетів танцюючий метелик.

Це був просто цікавий кіт.

Всі плескали від радості.

Хто сміливий, той перемагає."
822,Емма і подорож,"Одного вечора Емма чує на жовтому полі дивний звук.

Небо блакитне.

З цікавістю Емма підходить ближче.

За кущем Емма знаходить стару монету.

Скрізь тихо і спокійно.

Раптом щось гучно зашурхотіло.

Раптом хтось постукав.

Годинник пробив.

Так пригода гарно закінчилася.

Терпіння приносить удачу."
823,Мія і знахідка,"Одного вечора Мія чує в маленькому селі дивний звук.

Струмок тихо дзюрчить.

Сміливо Мія йде за звуком.

За каменем Мія знаходить зелену мотузку.

Сонце світить тепло.

Раптом упав листок.

Раптом задзижчала бджола.

Півень кукурікав.

Всі повернулися задоволені.

Ділитися радісно."
824,Аня і відкриття,"Одного вечора Аня чує на барвистому ринку дивний звук.

Пахне квітами.

З цікавістю Аня підходить ближче.

За парканом Аня знаходить маленький ліхтар.

Літають метелики.

Раптом пролетів танцюючий метелик.

Раптом упав листок.

Вітер зрушив двері.

Так страх перетворився на смиливість.

Сміх завжди допомагає."
825,Міло і похід,"Одного вечора Міло чує біля старого колодязя дивний звук.

Літають метелики.

Сміливо Міло йде за звуком.

За деревом Міло знаходить синю пляшку.

Пахне квітами.

Раптом хтось засміявся.

Раптом загавкав собака.

Це був просто листоноша.

Накінці всі щасливі.

Справжні друзі завжди допомагають."
826,Фінн і гонка,"Одного вечора Фінн чує на дитячому майданчику дивний звук.

Сонце світить тепло.

З цікавістю Фінн підходить ближче.

За стіною Фінн знаходить жовту сумку.

Струмок тихо дзюрчить.

Раптом загавкав собака.

Раптом закумкала жаба.

Гілка впала.

Так день був ідеальним.

Смиливість винагороджується."
827,Нора і загадка,"Одного вечора Нора чує біля синьої річки дивний звук.

Скрізь тихо і спокійно.

Сміливо Нора йде за звуком.

За дверима Нора знаходить червону мотузку.

Небо блакитне.

Раптом хтось постукав.

Раптом щось гучно зашурхотіло.

Їжак шукав їжу.

Всі сміються і йдуть додому.

Цікавість веде до див."
828,Емма і сюрприз,"Одного вечора Емма чує на зеленому лузі дивний звук.

Пахне свіжою травою.

З цікавістю Емма підходить ближче.

За кущем Емма знаходить старий бінокль.

Птахи весело співають.

Раптом впала падаюча зірка.

Раптом хтось засміявся.

Кішка гралася.

Пригода лишилася незабутньою.

Разом все легше."
829,Мія і велика пригода,"Одного вечора Мія чує біля великого дуба дивний звук.

Птахи весело співають.

Сміливо Мія йде за звуком.

За каменем Мія знаходить маленький ножик.

Пахне свіжою травою.

Раптом закумкала жаба.

Раптом впала падаюча зірка.

Це був просто цікавий кіт.

Всі плескали від радості.

Хто сміливий, той перемагає."
830,Аня і таємниця,"Одного вечора Аня чує в зеленому парку дивний звук.

Небо блакитне.

З цікавістю Аня підходить ближче.

За парканом Аня знаходить теплу ковдру.

Скрізь тихо і спокійно.

Раптом задзижчала бджола.

Раптом піднявся вітер.

Годинник пробив.

Так пригода гарно закінчилася.

Терпіння приносить удачу."
831,Найкращий день: Міло,"Одного вечора Міло чує в старому лісі дивний звук.

Струмок тихо дзюрчить.

Сміливо Міло йде за звуком.

За деревом Міло знаходить барвисту карту.

Сонце світить тепло.

Раптом піднявся вітер.

Раптом пролетів танцюючий метелик.

Півень кукурікав.

Всі повернулися задоволені.

Ділитися радісно."
832,Фінн і скарб,"Одного вечора Фінн чує на жовтому полі дивний звук.

Пахне квітами.

З цікавістю Фінн підходить ближче.

За стіною Фінн знаходить стару монету.

Літають метелики.

Раптом щось гучно зашурхотіло.

Раптом хтось постукав.

Вітер зрушив двері.

Так страх перетворився на смиливість.

Сміх завжди допомагає."
833,Нора і таємниця,"Одного вечора Нора чує в маленькому селі дивний звук.

Літають метелики.

Сміливо Нора йде за звуком.

За дверима Нора знаходить зелену мотузку.

Пахне квітами.

Раптом упав листок.

Раптом задзижчала бджола.

Це був просто листоноша.

Накінці всі щасливі.

Справжні друзі завжди допомагають."
834,Емма і план,"Одного вечора Емма чує на барвистому ринку дивний звук.

Сонце світить тепло.

З цікавістю Емма підходить ближче.

За кущем Емма знаходить маленький ліхтар.

Струмок тихо дзюрчить.

Раптом пролетів танцюючий метелик.

Раптом упав листок.

Гілка впала.

Так день був ідеальним.

Смиливість винагороджується."
835,Мія і подорож,"Одного вечора Мія чує біля старого колодязя дивний звук.

Скрізь тихо і спокійно.

Сміливо Мія йде за звуком.

За каменем Мія знаходить синю пляшку.

Небо блакитне.

Раптом хтось засміявся.

Раптом загавкав собака.

Їжак шукав їжу.

Всі сміються і йдуть додому.

Цікавість веде до див."
836,Аня і знахідка,"Одного вечора Аня чує на дитячому майданчику дивний звук.

Пахне свіжою травою.

З цікавістю Аня підходить ближче.

За парканом Аня знаходить жовту сумку.

Птахи весело співають.

Раптом загавкав собака.

Раптом закумкала жаба.

Кішка гралася.

Пригода лишилася незабутньою.

Разом все легше."
837,Міло і відкриття,"Одного вечора Міло чує біля синьої річки дивний звук.

Птахи весело співають.

Сміливо Міло йде за звуком.

За деревом Міло знаходить червону мотузку.

Пахне свіжою травою.

Раптом хтось постукав.

Раптом щось гучно зашурхотіло.

Це був просто цікавий кіт.

Всі плескали від радості.

Хто сміливий, той перемагає."
838,Фінн і похід,"Одного вечора Фінн чує на зеленому лузі дивний звук.

Небо блакитне.

З цікавістю Фінн підходить ближче.

За стіною Фінн знаходить старий бінокль.

Скрізь тихо і спокійно.

Раптом впала падаюча зірка.

Раптом хтось засміявся.

Годинник пробив.

Так пригода гарно закінчилася.

Терпіння приносить удачу."
839,Нора і гонка,"Одного вечора Нора чує біля великого дуба дивний звук.

Струмок тихо дзюрчить.

Сміливо Нора йде за звуком.

За дверима Нора знаходить маленький ножик.

Сонце світить тепло.

Раптом закумкала жаба.

Раптом впала падаюча зірка.

Півень кукурікав.

Всі повернулися задоволені.

Ділитися радісно."
840,Емма і загадка,"Одного вечора Емма чує в зеленому парку дивний звук.

Пахне квітами.

З цікавістю Емма підходить ближче.

За кущем Емма знаходить теплу ковдру.

Літають метелики.

Раптом задзижчала бджола.

Раптом піднявся вітер.

Вітер зрушив двері.

Так страх перетворився на смиливість.

Сміх завжди допомагає."
841,Мія і сюрприз,"Одного вечора Мія чує в старому лісі дивний звук.

Літають метелики.

Сміливо Мія йде за звуком.

За каменем Мія знаходить барвисту карту.

Пахне квітами.

Раптом піднявся вітер.

Раптом пролетів танцюючий метелик.

Це був просто листоноша.

Накінці всі щасливі.

Справжні друзі завжди допомагають."
842,Аня і велика пригода,"Одного вечора Аня чує на жовтому полі дивний звук.

Сонце світить тепло.

З цікавістю Аня підходить ближче.

За парканом Аня знаходить стару монету.

Струмок тихо дзюрчить.

Раптом щось гучно зашурхотіло.

Раптом хтось постукав.

Гілка впала.

Так день був ідеальним.

Смиливість винагороджується."
843,Міло і таємниця,"Одного вечора Міло чує в маленькому селі дивний звук.

Скрізь тихо і спокійно.

Сміливо Міло йде за звуком.

За деревом Міло знаходить зелену мотузку.

Небо блакитне.

Раптом упав листок.

Раптом задзижчала бджола.

Їжак шукав їжу.

Всі сміються і йдуть додому.

Цікавість веде до див."
844,Найкращий день: Фінн,"Одного вечора Фінн чує на барвистому ринку дивний звук.

Пахне свіжою травою.

З цікавістю Фінн підходить ближче.

За стіною Фінн знаходить маленький ліхтар.

Птахи весело співають.

Раптом пролетів танцюючий метелик.

Раптом упав листок.

Кішка гралася.

Пригода лишилася незабутньою.

Разом все легше."
845,Нора і скарб,"Одного вечора Нора чує біля старого колодязя дивний звук.

Птахи весело співають.

Сміливо Нора йде за звуком.

За дверима Нора знаходить синю пляшку.

Пахне свіжою травою.

Раптом хтось засміявся.

Раптом загавкав собака.

Це був просто цікавий кіт.

Всі плескали від радості.

Хто сміливий, той перемагає."
846,Емма і таємниця,"Одного вечора Емма чує на дитячому майданчику дивний звук.

Небо блакитне.

З цікавістю Емма підходить ближче.

За кущем Емма знаходить жовту сумку.

Скрізь тихо і спокійно.

Раптом загавкав собака.

Раптом закумкала жаба.

Годинник пробив.

Так пригода гарно закінчилася.

Терпіння приносить удачу."
847,Мія і план,"Одного вечора Мія чує біля синьої річки дивний звук.

Струмок тихо дзюрчить.

Сміливо Мія йде за звуком.

За каменем Мія знаходить червону мотузку.

Сонце світить тепло.

Раптом хтось постукав.

Раптом щось гучно зашурхотіло.

Півень кукурікав.

Всі повернулися задоволені.

Ділитися радісно."
848,Аня і подорож,"Одного вечора Аня чує на зеленому лузі дивний звук.

Пахне квітами.

З цікавістю Аня підходить ближче.

За парканом Аня знаходить старий бінокль.

Літають метелики.

Раптом впала падаюча зірка.

Раптом хтось засміявся.

Вітер зрушив двері.

Так страх перетворився на смиливість.

Сміх завжди допомагає."
849,Міло і знахідка,"Одного вечора Міло чує біля великого дуба дивний звук.

Літають метелики.

Сміливо Міло йде за звуком.

За деревом Міло знаходить маленький ножик.

Пахне квітами.

Раптом закумкала жаба.

Раптом впала падаюча зірка.

Це був просто листоноша.

Накінці всі щасливі.

Справжні друзі завжди допомагають."
850,Фінн і відкриття,"Одного вечора Фінн чує в зеленому парку дивний звук.

Сонце світить тепло.

З цікавістю Фінн підходить ближче.

За стіною Фінн знаходить теплу ковдру.

Струмок тихо дзюрчить.

Раптом задзижчала бджола.

Раптом піднявся вітер.

Гілка впала.

Так день був ідеальним.

Смиливість винагороджується."
851,Нора і похід,"Одного вечора Нора чує в старому лісі дивний звук.

Скрізь тихо і спокійно.

Сміливо Нора йде за звуком.

За дверима Нора знаходить барвисту карту.

Небо блакитне.

Раптом піднявся вітер.

Раптом пролетів танцюючий метелик.

Їжак шукав їжу.

Всі сміються і йдуть додому.

Цікавість веде до див."
852,Емма і гонка,"Одного вечора Емма чує на жовтому полі дивний звук.

Пахне свіжою травою.

З цікавістю Емма підходить ближче.

За кущем Емма знаходить стару монету.

Птахи весело співають.

Раптом щось гучно зашурхотіло.

Раптом хтось постукав.

Кішка гралася.

Пригода лишилася незабутньою.

Разом все легше."
853,Мія і загадка,"Одного вечора Мія чує в маленькому селі дивний звук.

Птахи весело співають.

Сміливо Мія йде за звуком.

За каменем Мія знаходить зелену мотузку.

Пахне свіжою травою.

Раптом упав листок.

Раптом задзижчала бджола.

Це був просто цікавий кіт.

Всі плескали від радості.

Хто сміливий, той перемагає."
854,Аня і сюрприз,"Одного вечора Аня чує на барвистому ринку дивний звук.

Небо блакитне.

З цікавістю Аня підходить ближче.

За парканом Аня знаходить маленький ліхтар.

Скрізь тихо і спокійно.

Раптом пролетів танцюючий метелик.

Раптом упав листок.

Годинник пробив.

Так пригода гарно закінчилася.

Терпіння приносить удачу."
855,Міло і велика пригода,"Одного вечора Міло чує біля старого колодязя дивний звук.

Струмок тихо дзюрчить.

Сміливо Міло йде за звуком.

За деревом Міло знаходить синю пляшку.

Сонце світить тепло.

Раптом хтось засміявся.

Раптом загавкав собака.

Півень кукурікав.

Всі повернулися задоволені.

Ділитися радісно."
856,Фінн і таємниця,"Одного вечора Фінн чує на дитячому майданчику дивний звук.

Пахне квітами.

З цікавістю Фінн підходить ближче.

За стіною Фінн знаходить жовту сумку.

Літають метелики.

Раптом загавкав собака.

Раптом закумкала жаба.

Вітер зрушив двері.

Так страх перетворився на смиливість.

Сміх завжди допомагає."
857,Найкращий день: Нора,"Одного вечора Нора чує біля синьої річки дивний звук.

Літають метелики.

Сміливо Нора йде за звуком.

За дверима Нора знаходить червону мотузку.

Пахне квітами.

Раптом хтось постукав.

Раптом щось гучно зашурхотіло.

Це був просто листоноша.

Накінці всі щасливі.

Справжні друзі завжди допомагають."
858,Емма і скарб,"Одного вечора Емма чує на зеленому лузі дивний звук.

Сонце світить тепло.

З цікавістю Емма підходить ближче.

За кущем Емма знаходить старий бінокль.

Струмок тихо дзюрчить.

Раптом впала падаюча зірка.

Раптом хтось засміявся.

Гілка впала.

Так день був ідеальним.

Смиливість винагороджується."
859,Мія і таємниця,"Одного вечора Мія чує біля великого дуба дивний звук.

Скрізь тихо і спокійно.

Сміливо Мія йде за звуком.

За каменем Мія знаходить маленький ножик.

Небо блакитне.

Раптом закумкала жаба.

Раптом впала падаюча зірка.

Їжак шукав їжу.

Всі сміються і йдуть додому.

Цікавість веде до див."
860,Аня і план,"Одного вечора Аня чує в зеленому парку дивний звук.

Пахне свіжою травою.

З цікавістю Аня підходить ближче.

За парканом Аня знаходить теплу ковдру.

Птахи весело співають.

Раптом задзижчала бджола.

Раптом піднявся вітер.

Кішка гралася.

Пригода лишилася незабутньою.

Разом все легше."
861,Міло і подорож,"Одного вечора Міло чує в старому лісі дивний звук.

Птахи весело співають.

Сміливо Міло йде за звуком.

За деревом Міло знаходить барвисту карту.

Пахне свіжою травою.

Раптом піднявся вітер.

Раптом пролетів танцюючий метелик.

Це був просто цікавий кіт.

Всі плескали від радості.

Хто сміливий, той перемагає."
862,Фінн і знахідка,"Одного вечора Фінн чує на жовтому полі дивний звук.

Небо блакитне.

З цікавістю Фінн підходить ближче.

За стіною Фінн знаходить стару монету.

Скрізь тихо і спокійно.

Раптом щось гучно зашурхотіло.

Раптом хтось постукав.

Годинник пробив.

Так пригода гарно закінчилася.

Терпіння приносить удачу."
863,Нора і відкриття,"Одного вечора Нора чує в маленькому селі дивний звук.

Струмок тихо дзюрчить.

Сміливо Нора йде за звуком.

За дверима Нора знаходить зелену мотузку.

Сонце світить тепло.

Раптом упав листок.

Раптом задзижчала бджола.

Півень кукурікав.

Всі повернулися задоволені.

Ділитися радісно."
864,Емма і похід,"Одного вечора Емма чує на барвистому ринку дивний звук.

Пахне квітами.

З цікавістю Емма підходить ближче.

За кущем Емма знаходить маленький ліхтар.

Літають метелики.

Раптом пролетів танцюючий метелик.

Раптом упав листок.

Вітер зрушив двері.

Так страх перетворився на смиливість.

Сміх завжди допомагає."
865,Мія і гонка,"Одного вечора Мія чує біля старого колодязя дивний звук.

Літають метелики.

Сміливо Мія йде за звуком.

За каменем Мія знаходить синю пляшку.

Пахне квітами.

Раптом хтось засміявся.

Раптом загавкав собака.

Це був просто листоноша.

Накінці всі щасливі.

Справжні друзі завжди допомагають."
866,Аня і загадка,"Одного вечора Аня чує на дитячому майданчику дивний звук.

Сонце світить тепло.

З цікавістю Аня підходить ближче.

За парканом Аня знаходить жовту сумку.

Струмок тихо дзюрчить.

Раптом загавкав собака.

Раптом закумкала жаба.

Гілка впала.

Так день був ідеальним.

Смиливість винагороджується."
867,Міло і сюрприз,"Одного вечора Міло чує біля синьої річки дивний звук.

Скрізь тихо і спокійно.

Сміливо Міло йде за звуком.

За деревом Міло знаходить червону мотузку.

Небо блакитне.

Раптом хтось постукав.

Раптом щось гучно зашурхотіло.

Їжак шукав їжу.

Всі сміються і йдуть додому.

Цікавість веде до див."
868,Фінн і велика пригода,"Одного вечора Фінн чує на зеленому лузі дивний звук.

Пахне свіжою травою.

З цікавістю Фінн підходить ближче.

За стіною Фінн знаходить старий бінокль.

Птахи весело співають.

Раптом впала падаюча зірка.

Раптом хтось засміявся.

Кішка гралася.

Пригода лишилася незабутньою.

Разом все легше."
869,Нора і таємниця,"Одного вечора Нора чує біля великого дуба дивний звук.

Птахи весело співають.

Сміливо Нора йде за звуком.

За дверима Нора знаходить маленький ножик.

Пахне свіжою травою.

Раптом закумкала жаба.

Раптом впала падаюча зірка.

Це був просто цікавий кіт.

Всі плескали від радості.

Хто сміливий, той перемагає."
870,Найкращий день: Емма,"Одного вечора Емма чує в зеленому парку дивний звук.

Небо блакитне.

З цікавістю Емма підходить ближче.

За кущем Емма знаходить теплу ковдру.

Скрізь тихо і спокійно.

Раптом задзижчала бджола.

Раптом піднявся вітер.

Годинник пробив.

Так пригода гарно закінчилася.

Терпіння приносить удачу."
871,Мія і скарб,"Одного вечора Мія чує в старому лісі дивний звук.

Струмок тихо дзюрчить.

Сміливо Мія йде за звуком.

За каменем Мія знаходить барвисту карту.

Сонце світить тепло.

Раптом піднявся вітер.

Раптом пролетів танцюючий метелик.

Півень кукурікав.

Всі повернулися задоволені.

Ділитися радісно."
872,Аня і таємниця,"Одного вечора Аня чує на жовтому полі дивний звук.

Пахне квітами.

З цікавістю Аня підходить ближче.

За парканом Аня знаходить стару монету.

Літають метелики.

Раптом щось гучно зашурхотіло.

Раптом хтось постукав.

Вітер зрушив двері.

Так страх перетворився на смиливість.

Сміх завжди допомагає."
873,Міло і план,"Одного вечора Міло чує в маленькому селі дивний звук.

Літають метелики.

Сміливо Міло йде за звуком.

За деревом Міло знаходить зелену мотузку.

Пахне квітами.

Раптом упав листок.

Раптом задзижчала бджола.

Це був просто листоноша.

Накінці всі щасливі.

Справжні друзі завжди допомагають."
874,Фінн і подорож,"Одного вечора Фінн чує на барвистому ринку дивний звук.

Сонце світить тепло.

З цікавістю Фінн підходить ближче.

За стіною Фінн знаходить маленький ліхтар.

Струмок тихо дзюрчить.

Раптом пролетів танцюючий метелик.

Раптом упав листок.

Гілка впала.

Так день був ідеальним.

Смиливість винагороджується."
875,Нора і знахідка,"Одного вечора Нора чує біля старого колодязя дивний звук.

Скрізь тихо і спокійно.

Сміливо Нора йде за звуком.

За дверима Нора знаходить синю пляшку.

Небо блакитне.

Раптом хтось засміявся.

Раптом загавкав собака.

Їжак шукав їжу.

Всі сміються і йдуть додому.

Цікавість веде до див."
876,Емма і відкриття,"Одного вечора Емма чує на дитячому майданчику дивний звук.

Пахне свіжою травою.

З цікавістю Емма підходить ближче.

За кущем Емма знаходить жовту сумку.

Птахи весело співають.

Раптом загавкав собака.

Раптом закумкала жаба.

Кішка гралася.

Пригода лишилася незабутньою.

Разом все легше."
877,Мія і похід,"Одного вечора Мія чує біля синьої річки дивний звук.

Птахи весело співають.

Сміливо Мія йде за звуком.

За каменем Мія знаходить червону мотузку.

Пахне свіжою травою.

Раптом хтось постукав.

Раптом щось гучно зашурхотіло.

Це був просто цікавий кіт.

Всі плескали від радості.

Хто сміливий, той перемагає."
878,Аня і гонка,"Одного вечора Аня чує на зеленому лузі дивний звук.

Небо блакитне.

З цікавістю Аня підходить ближче.

За парканом Аня знаходить старий бінокль.

Скрізь тихо і спокійно.

Раптом впала падаюча зірка.

Раптом хтось засміявся.

Годинник пробив.

Так пригода гарно закінчилася.

Терпіння приносить удачу."
879,Міло і загадка,"Одного вечора Міло чує біля великого дуба дивний звук.

Струмок тихо дзюрчить.

Сміливо Міло йде за звуком.

За деревом Міло знаходить маленький ножик.

Сонце світить тепло.

Раптом закумкала жаба.

Раптом впала падаюча зірка.

Півень кукурікав.

Всі повернулися задоволені.

Ділитися радісно."
880,Фінн і сюрприз,"Одного вечора Фінн чує в зеленому парку дивний звук.

Пахне квітами.

З цікавістю Фінн підходить ближче.

За стіною Фінн знаходить теплу ковдру.

Літають метелики.

Раптом задзижчала бджола.

Раптом піднявся вітер.

Вітер зрушив двері.

Так страх перетворився на смиливість.

Сміх завжди допомагає."
881,Нора і велика пригода,"Одного вечора Нора чує в старому лісі дивний звук.

Літають метелики.

Сміливо Нора йде за звуком.

За дверима Нора знаходить барвисту карту.

Пахне квітами.

Раптом піднявся вітер.

Раптом пролетів танцюючий метелик.

Це був просто листоноша.

Накінці всі щасливі.

Справжні друзі завжди допомагають."
882,Емма і таємниця,"Одного вечора Емма чує на жовтому полі дивний звук.

Сонце світить тепло.

З цікавістю Емма підходить ближче.

За кущем Емма знаходить стару монету.

Струмок тихо дзюрчить.

Раптом щось гучно зашурхотіло.

Раптом хтось постукав.

Гілка впала.

Так день був ідеальним.

Смиливість винагороджується."
883,Найкращий день: Мія,"Одного вечора Мія чує в маленькому селі дивний звук.

Скрізь тихо і спокійно.

Сміливо Мія йде за звуком.

За каменем Мія знаходить зелену мотузку.

Небо блакитне.

Раптом упав листок.

Раптом задзижчала бджола.

Їжак шукав їжу.

Всі сміються і йдуть додому.

Цікавість веде до див."
884,Аня і скарб,"Одного вечора Аня чує на барвистому ринку дивний звук.

Пахне свіжою травою.

З цікавістю Аня підходить ближче.

За парканом Аня знаходить маленький ліхтар.

Птахи весело співають.

Раптом пролетів танцюючий метелик.

Раптом упав листок.

Кішка гралася.

Пригода лишилася незабутньою.

Разом все легше."
885,Міло і таємниця,"Одного вечора Міло чує біля старого колодязя дивний звук.

Птахи весело співають.

Сміливо Міло йде за звуком.

За деревом Міло знаходить синю пляшку.

Пахне свіжою травою.

Раптом хтось засміявся.

Раптом загавкав собака.

Це був просто цікавий кіт.

Всі плескали від радості.

Хто сміливий, той перемагає."
886,Фінн і план,"Одного вечора Фінн чує на дитячому майданчику дивний звук.

Небо блакитне.

З цікавістю Фінн підходить ближче.

За стіною Фінн знаходить жовту сумку.

Скрізь тихо і спокійно.

Раптом загавкав собака.

Раптом закумкала жаба.

Годинник пробив.

Так пригода гарно закінчилася.

Терпіння приносить удачу."
887,Нора і подорож,"Одного вечора Нора чує біля синьої річки дивний звук.

Струмок тихо дзюрчить.

Сміливо Нора йде за звуком.

За дверима Нора знаходить червону мотузку.

Сонце світить тепло.

Раптом хтось постукав.

Раптом щось гучно зашурхотіло.

Півень кукурікав.

Всі повернулися задоволені.

Ділитися радісно."
888,Емма і знахідка,"Одного вечора Емма чує на зеленому лузі дивний звук.

Пахне квітами.

З цікавістю Емма підходить ближче.

За кущем Емма знаходить старий бінокль.

Літають метелики.

Раптом впала падаюча зірка.

Раптом хтось засміявся.

Вітер зрушив двері.

Так страх перетворився на смиливість.

Сміх завжди допомагає."
889,Мія і відкриття,"Одного вечора Мія чує біля великого дуба дивний звук.

Літають метелики.

Сміливо Мія йде за звуком.

За каменем Мія знаходить маленький ножик.

Пахне квітами.

Раптом закумкала жаба.

Раптом впала падаюча зірка.

Це був просто листоноша.

Накінці всі щасливі.

Справжні друзі завжди допомагають."
890,Аня і похід,"Одного вечора Аня чує в зеленому парку дивний звук.

Сонце світить тепло.

З цікавістю Аня підходить ближче.

За парканом Аня знаходить теплу ковдру.

Струмок тихо дзюрчить.

Раптом задзижчала бджола.

Раптом піднявся вітер.

Гілка впала.

Так день був ідеальним.

Смиливість винагороджується."
891,Міло і гонка,"Одного вечора Міло чує в старому лісі дивний звук.

Скрізь тихо і спокійно.

Сміливо Міло йде за звуком.

За деревом Міло знаходить барвисту карту.

Небо блакитне.

Раптом піднявся вітер.

Раптом пролетів танцюючий метелик.

Їжак шукав їжу.

Всі сміються і йдуть додому.

Цікавість веде до див."
892,Фінн і загадка,"Одного вечора Фінн чує на жовтому полі дивний звук.

Пахне свіжою травою.

З цікавістю Фінн підходить ближче.

За стіною Фінн знаходить стару монету.

Птахи весело співають.

Раптом щось гучно зашурхотіло.

Раптом хтось постукав.

Кішка гралася.

Пригода лишилася незабутньою.

Разом все легше."
893,Нора і сюрприз,"Одного вечора Нора чує в маленькому селі дивний звук.

Птахи весело співають.

Сміливо Нора йде за звуком.

За дверима Нора знаходить зелену мотузку.

Пахне свіжою травою.

Раптом упав листок.

Раптом задзижчала бджола.

Це був просто цікавий кіт.

Всі плескали від радості.

Хто сміливий, той перемагає."
894,Емма і велика пригода,"Одного вечора Емма чує на барвистому ринку дивний звук.

Небо блакитне.

З цікавістю Емма підходить ближче.

За кущем Емма знаходить маленький ліхтар.

Скрізь тихо і спокійно.

Раптом пролетів танцюючий метелик.

Раптом упав листок.

Годинник пробив.

Так пригода гарно закінчилася.

Терпіння приносить удачу."
895,Мія і таємниця,"Одного вечора Мія чує біля старого колодязя дивний звук.

Струмок тихо дзюрчить.

Сміливо Мія йде за звуком.

За каменем Мія знаходить синю пляшку.

Сонце світить тепло.

Раптом хтось засміявся.

Раптом загавкав собака.

Півень кукурікав.

Всі повернулися задоволені.

Ділитися радісно."
896,Найкращий день: Аня,"Одного вечора Аня чує на дитячому майданчику дивний звук.

Пахне квітами.

З цікавістю Аня підходить ближче.

За парканом Аня знаходить жовту сумку.

Літають метелики.

Раптом загавкав собака.

Раптом закумкала жаба.

Вітер зрушив двері.

Так страх перетворився на смиливість.

Сміх завжди допомагає."
897,Міло і скарб,"Одного вечора Міло чує біля синьої річки дивний звук.

Літають метелики.

Сміливо Міло йде за звуком.

За деревом Міло знаходить червону мотузку.

Пахне квітами.

Раптом хтось постукав.

Раптом щось гучно зашурхотіло.

Це був просто листоноша.

Накінці всі щасливі.

Справжні друзі завжди допомагають."
898,Фінн і таємниця,"Одного вечора Фінн чує на зеленому лузі дивний звук.

Сонце світить тепло.

З цікавістю Фінн підходить ближче.

За стіною Фінн знаходить старий бінокль.

Струмок тихо дзюрчить.

Раптом впала падаюча зірка.

Раптом хтось засміявся.

Гілка впала.

Так день був ідеальним.

Смиливість винагороджується."
899,Нора і план,"Одного вечора Нора чує біля великого дуба дивний звук.

Скрізь тихо і спокійно.

Сміливо Нора йде за звуком.

За дверима Нора знаходить маленький ножик.

Небо блакитне.

Раптом закумкала жаба.

Раптом впала падаюча зірка.

Їжак шукав їжу.

Всі сміються і йдуть додому.

Цікавість веде до див."
900,Емма і подорож,"Одного вечора Емма чує в зеленому парку дивний звук.

Пахне свіжою травою.

З цікавістю Емма підходить ближче.

За кущем Емма знаходить теплу ковдру.

Птахи весело співають.

Раптом задзижчала бджола.

Раптом піднявся вітер.

Кішка гралася.

Пригода лишилася незабутньою.

Разом все легше."
901,Мія і знахідка,"Одного вечора Мія чує в старому лісі дивний звук.

Птахи весело співають.

Сміливо Мія йде за звуком.

За каменем Мія знаходить барвисту карту.

Пахне свіжою травою.

Раптом піднявся вітер.

Раптом пролетів танцюючий метелик.

Це був просто цікавий кіт.

Всі плескали від радості.

Хто сміливий, той перемагає."
902,Аня і відкриття,"Одного вечора Аня чує на жовтому полі дивний звук.

Небо блакитне.

З цікавістю Аня підходить ближче.

За парканом Аня знаходить стару монету.

Скрізь тихо і спокійно.

Раптом щось гучно зашурхотіло.

Раптом хтось постукав.

Годинник пробив.

Так пригода гарно закінчилася.

Терпіння приносить удачу."
903,Міло і похід,"Одного вечора Міло чує в маленькому селі дивний звук.

Струмок тихо дзюрчить.

Сміливо Міло йде за звуком.

За деревом Міло знаходить зелену мотузку.

Сонце світить тепло.

Раптом упав листок.

Раптом задзижчала бджола.

Півень кукурікав.

Всі повернулися задоволені.

Ділитися радісно."
904,Фінн і гонка,"Одного вечора Фінн чує на барвистому ринку дивний звук.

Пахне квітами.

З цікавістю Фінн підходить ближче.

За стіною Фінн знаходить маленький ліхтар.

Літають метелики.

Раптом пролетів танцюючий метелик.

Раптом упав листок.

Вітер зрушив двері.

Так страх перетворився на смиливість.

Сміх завжди допомагає."
905,Нора і загадка,"Одного вечора Нора чує біля старого колодязя дивний звук.

Літають метелики.

Сміливо Нора йде за звуком.

За дверима Нора знаходить синю пляшку.

Пахне квітами.

Раптом хтось засміявся.

Раптом загавкав собака.

Це був просто листоноша.

Накінці всі щасливі.

Справжні друзі завжди допомагають."
906,Емма і сюрприз,"Одного вечора Емма чує на дитячому майданчику дивний звук.

Сонце світить тепло.

З цікавістю Емма підходить ближче.

За кущем Емма знаходить жовту сумку.

Струмок тихо дзюрчить.

Раптом загавкав собака.

Раптом закумкала жаба.

Гілка впала.

Так день був ідеальним.

Смиливість винагороджується."
907,Мія і велика пригода,"Одного вечора Мія чує біля синьої річки дивний звук.

Скрізь тихо і спокійно.

Сміливо Мія йде за звуком.

За каменем Мія знаходить червону мотузку.

Небо блакитне.

Раптом хтось постукав.

Раптом щось гучно зашурхотіло.

Їжак шукав їжу.

Всі сміються і йдуть додому.

Цікавість веде до див."
908,Аня і таємниця,"Одного вечора Аня чує на зеленому лузі дивний звук.

Пахне свіжою травою.

З цікавістю Аня підходить ближче.

За парканом Аня знаходить старий бінокль.

Птахи весело співають.

Раптом впала падаюча зірка.

Раптом хтось засміявся.

Кішка гралася.

Пригода лишилася незабутньою.

Разом все легше."
909,Найкращий день: Міло,"Одного вечора Міло чує біля великого дуба дивний звук.

Птахи весело співають.

Сміливо Міло йде за звуком.

За деревом Міло знаходить маленький ножик.

Пахне свіжою травою.

Раптом закумкала жаба.

Раптом впала падаюча зірка.

Це був просто цікавий кіт.

Всі плескали від радості.

Хто сміливий, той перемагає."
910,Фінн і скарб,"Одного вечора Фінн чує в зеленому парку дивний звук.

Небо блакитне.

З цікавістю Фінн підходить ближче.

За стіною Фінн знаходить теплу ковдру.

Скрізь тихо і спокійно.

Раптом задзижчала бджола.

Раптом піднявся вітер.

Годинник пробив.

Так пригода гарно закінчилася.

Терпіння приносить удачу."
911,Нора і таємниця,"Одного вечора Нора чує в старому лісі дивний звук.

Струмок тихо дзюрчить.

Сміливо Нора йде за звуком.

За дверима Нора знаходить барвисту карту.

Сонце світить тепло.

Раптом піднявся вітер.

Раптом пролетів танцюючий метелик.

Півень кукурікав.

Всі повернулися задоволені.

Ділитися радісно."
912,Емма і план,"Одного вечора Емма чує на жовтому полі дивний звук.

Пахне квітами.

З цікавістю Емма підходить ближче.

За кущем Емма знаходить стару монету.

Літають метелики.

Раптом щось гучно зашурхотіло.

Раптом хтось постукав.

Вітер зрушив двері.

Так страх перетворився на смиливість.

Сміх завжди допомагає."
913,Мія і подорож,"Одного вечора Мія чує в маленькому селі дивний звук.

Літають метелики.

Сміливо Мія йде за звуком.

За каменем Мія знаходить зелену мотузку.

Пахне квітами.

Раптом упав листок.

Раптом задзижчала бджола.

Це був просто листоноша.

Накінці всі щасливі.

Справжні друзі завжди допомагають."
914,Аня і знахідка,"Одного вечора Аня чує на барвистому ринку дивний звук.

Сонце світить тепло.

З цікавістю Аня підходить ближче.

За парканом Аня знаходить маленький ліхтар.

Струмок тихо дзюрчить.

Раптом пролетів танцюючий метелик.

Раптом упав листок.

Гілка впала.

Так день був ідеальним.

Смиливість винагороджується."
915,Міло і відкриття,"Одного вечора Міло чує біля старого колодязя дивний звук.

Скрізь тихо і спокійно.

Сміливо Міло йде за звуком.

За деревом Міло знаходить синю пляшку.

Небо блакитне.

Раптом хтось засміявся.

Раптом загавкав собака.

Їжак шукав їжу.

Всі сміються і йдуть додому.

Цікавість веде до див."
916,Фінн і похід,"Одного вечора Фінн чує на дитячому майданчику дивний звук.

Пахне свіжою травою.

З цікавістю Фінн підходить ближче.

За стіною Фінн знаходить жовту сумку.

Птахи весело співають.

Раптом загавкав собака.

Раптом закумкала жаба.

Кішка гралася.

Пригода лишилася незабутньою.

Разом все легше."
917,Нора і гонка,"Одного вечора Нора чує біля синьої річки дивний звук.

Птахи весело співають.

Сміливо Нора йде за звуком.

За дверима Нора знаходить червону мотузку.

Пахне свіжою травою.

Раптом хтось постукав.

Раптом щось гучно зашурхотіло.

Це був просто цікавий кіт.

Всі плескали від радості.

Хто сміливий, той перемагає."
918,Емма і загадка,"Одного вечора Емма чує на зеленому лузі дивний звук.

Небо блакитне.

З цікавістю Емма підходить ближче.

За кущем Емма знаходить старий бінокль.

Скрізь тихо і спокійно.

Раптом впала падаюча зірка.

Раптом хтось засміявся.

Годинник пробив.

Так пригода гарно закінчилася.

Терпіння приносить удачу."
919,Мія і сюрприз,"Одного вечора Мія чує біля великого дуба дивний звук.

Струмок тихо дзюрчить.

Сміливо Мія йде за звуком.

За каменем Мія знаходить маленький ножик.

Сонце світить тепло.

Раптом закумкала жаба.

Раптом впала падаюча зірка.

Півень кукурікав.

Всі повернулися задоволені.

Ділитися радісно."
920,Аня і велика пригода,"Одного вечора Аня чує в зеленому парку дивний звук.

Пахне квітами.

З цікавістю Аня підходить ближче.

За парканом Аня знаходить теплу ковдру.

Літають метелики.

Раптом задзижчала бджола.

Раптом піднявся вітер.

Вітер зрушив двері.

Так страх перетворився на смиливість.

Сміх завжди допомагає."
921,Міло і таємниця,"Одного вечора Міло чує в старому лісі дивний звук.

Літають метелики.

Сміливо Міло йде за звуком.

За деревом Міло знаходить барвисту карту.

Пахне квітами.

Раптом піднявся вітер.

Раптом пролетів танцюючий метелик.

Це був просто листоноша.

Накінці всі щасливі.

Справжні друзі завжди допомагають."
922,Найкращий день: Фінн,"Одного вечора Фінн чує на жовтому полі дивний звук.

Сонце світить тепло.

З цікавістю Фінн підходить ближче.

За стіною Фінн знаходить стару монету.

Струмок тихо дзюрчить.

Раптом щось гучно зашурхотіло.

Раптом хтось постукав.

Гілка впала.

Так день був ідеальним.

Смиливість винагороджується."
923,Нора і скарб,"Одного вечора Нора чує в маленькому селі дивний звук.

Скрізь тихо і спокійно.

Сміливо Нора йде за звуком.

За дверима Нора знаходить зелену мотузку.

Небо блакитне.

Раптом упав листок.

Раптом задзижчала бджола.

Їжак шукав їжу.

Всі сміються і йдуть додому.

Цікавість веде до див."
924,Емма і таємниця,"Одного вечора Емма чує на барвистому ринку дивний звук.

Пахне свіжою травою.

З цікавістю Емма підходить ближче.

За кущем Емма знаходить маленький ліхтар.

Птахи весело співають.

Раптом пролетів танцюючий метелик.

Раптом упав листок.

Кішка гралася.

Пригода лишилася незабутньою.

Разом все легше."
925,Мія і план,"Одного вечора Мія чує біля старого колодязя дивний звук.

Птахи весело співають.

Сміливо Мія йде за звуком.

За каменем Мія знаходить синю пляшку.

Пахне свіжою травою.

Раптом хтось засміявся.

Раптом загавкав собака.

Це був просто цікавий кіт.

Всі плескали від радості.

Хто сміливий, той перемагає."
926,Аня і подорож,"Одного вечора Аня чує на дитячому майданчику дивний звук.

Небо блакитне.

З цікавістю Аня підходить ближче.

За парканом Аня знаходить жовту сумку.

Скрізь тихо і спокійно.

Раптом загавкав собака.

Раптом закумкала жаба.

Годинник пробив.

Так пригода гарно закінчилася.

Терпіння приносить удачу."
927,Міло і знахідка,"Одного вечора Міло чує біля синьої річки дивний звук.

Струмок тихо дзюрчить.

Сміливо Міло йде за звуком.

За деревом Міло знаходить червону мотузку.

Сонце світить тепло.

Раптом хтось постукав.

Раптом щось гучно зашурхотіло.

Півень кукурікав.

Всі повернулися задоволені.

Ділитися радісно."
928,Фінн і відкриття,"Одного вечора Фінн чує на зеленому лузі дивний звук.

Пахне квітами.

З цікавістю Фінн підходить ближче.

За стіною Фінн знаходить старий бінокль.

Літають метелики.

Раптом впала падаюча зірка.

Раптом хтось засміявся.

Вітер зрушив двері.

Так страх перетворився на смиливість.

Сміх завжди допомагає."
929,Нора і похід,"Одного вечора Нора чує біля великого дуба дивний звук.

Літають метелики.

Сміливо Нора йде за звуком.

За дверима Нора знаходить маленький ножик.

Пахне квітами.

Раптом закумкала жаба.

Раптом впала падаюча зірка.

Це був просто листоноша.

Накінці всі щасливі.

Справжні друзі завжди допомагають."
930,Емма і гонка,"Одного вечора Емма чує в зеленому парку дивний звук.

Сонце світить тепло.

З цікавістю Емма підходить ближче.

За кущем Емма знаходить теплу ковдру.

Струмок тихо дзюрчить.

Раптом задзижчала бджола.

Раптом піднявся вітер.

Гілка впала.

Так день був ідеальним.

Смиливість винагороджується."
931,Мія і загадка,"Одного вечора Мія чує в старому лісі дивний звук.

Скрізь тихо і спокійно.

Сміливо Мія йде за звуком.

За каменем Мія знаходить барвисту карту.

Небо блакитне.

Раптом піднявся вітер.

Раптом пролетів танцюючий метелик.

Їжак шукав їжу.

Всі сміються і йдуть додому.

Цікавість веде до див."
932,Аня і сюрприз,"Одного вечора Аня чує на жовтому полі дивний звук.

Пахне свіжою травою.

З цікавістю Аня підходить ближче.

За парканом Аня знаходить стару монету.

Птахи весело співають.

Раптом щось гучно зашурхотіло.

Раптом хтось постукав.

Кішка гралася.

Пригода лишилася незабутньою.

Разом все легше."
933,Міло і велика пригода,"Одного вечора Міло чує в маленькому селі дивний звук.

Птахи весело співають.

Сміливо Міло йде за звуком.

За деревом Міло знаходить зелену мотузку.

Пахне свіжою травою.

Раптом упав листок.

Раптом задзижчала бджола.

Це був просто цікавий кіт.

Всі плескали від радості.

Хто сміливий, той перемагає."
934,Фінн і таємниця,"Одного вечора Фінн чує на барвистому ринку дивний звук.

Небо блакитне.

З цікавістю Фінн підходить ближче.

За стіною Фінн знаходить маленький ліхтар.

Скрізь тихо і спокійно.

Раптом пролетів танцюючий метелик.

Раптом упав листок.

Годинник пробив.

Так пригода гарно закінчилася.

Терпіння приносить удачу."
935,Найкращий день: Нора,"Одного вечора Нора чує біля старого колодязя дивний звук.

Струмок тихо дзюрчить.

Сміливо Нора йде за звуком.

За дверима Нора знаходить синю пляшку.

Сонце світить тепло.

Раптом хтось засміявся.

Раптом загавкав собака.

Півень кукурікав.

Всі повернулися задоволені.

Ділитися радісно."
936,Емма і скарб,"Одного вечора Емма чує на дитячому майданчику дивний звук.

Пахне квітами.

З цікавістю Емма підходить ближче.

За кущем Емма знаходить жовту сумку.

Літають метелики.

Раптом загавкав собака.

Раптом закумкала жаба.

Вітер зрушив двері.

Так страх перетворився на смиливість.

Сміх завжди допомагає."
937,Мія і таємниця,"Одного вечора Мія чує біля синьої річки дивний звук.

Літають метелики.

Сміливо Мія йде за звуком.

За каменем Мія знаходить червону мотузку.

Пахне квітами.

Раптом хтось постукав.

Раптом щось гучно зашурхотіло.

Це був просто листоноша.

Накінці всі щасливі.

Справжні друзі завжди допомагають."
938,Аня і план,"Одного вечора Аня чує на зеленому лузі дивний звук.

Сонце світить тепло.

З цікавістю Аня підходить ближче.

За парканом Аня знаходить старий бінокль.

Струмок тихо дзюрчить.

Раптом впала падаюча зірка.

Раптом хтось засміявся.

Гілка впала.

Так день був ідеальним.

Смиливість винагороджується."
939,Міло і подорож,"Одного вечора Міло чує біля великого дуба дивний звук.

Скрізь тихо і спокійно.

Сміливо Міло йде за звуком.

За деревом Міло знаходить маленький ножик.

Небо блакитне.

Раптом закумкала жаба.

Раптом впала падаюча зірка.

Їжак шукав їжу.

Всі сміються і йдуть додому.

Цікавість веде до див."
940,Фінн і знахідка,"Одного вечора Фінн чує в зеленому парку дивний звук.

Пахне свіжою травою.

З цікавістю Фінн підходить ближче.

За стіною Фінн знаходить теплу ковдру.

Птахи весело співають.

Раптом задзижчала бджола.

Раптом піднявся вітер.

Кішка гралася.

Пригода лишилася незабутньою.

Разом все легше."
941,Фінн і відкриття,"Одного вечора Фінн чує біля синьої річки дивний звук.

Струмок тихо дзюрчить.

З цікавістю Фінн підходить ближче.

За деревом Фінн знаходить зелену мотузку.

Пахне квітами.

Раптом упав листок.

Раптом пролетів танцюючий метелик.

Півень кукурікав.

Накінці всі щасливі.

Хто сміливий, той перемагає."
942,Нора і похід,"Одного вечора Нора чує на зеленому лузі дивний звук.

Пахне квітами.

Сміливо Нора йде за звуком.

За стіною Нора знаходить маленький ліхтар.

Струмок тихо дзюрчить.

Раптом пролетів танцюючий метелик.

Раптом хтось постукав.

Вітер зрушив двері.

Так день був ідеальним.

Терпіння приносить удачу."
943,Емма і гонка,"Одного вечора Емма чує біля великого дуба дивний звук.

Літають метелики.

З цікавістю Емма підходить ближче.

За дверима Емма знаходить синю пляшку.

Небо блакитне.

Раптом хтось засміявся.

Раптом задзижчала бджола.

Це був просто листоноша.

Всі сміються і йдуть додому.

Ділитися радісно."
944,Мія і загадка,"Одного вечора Мія чує в зеленому парку дивний звук.

Сонце світить тепло.

Сміливо Мія йде за звуком.

За кущем Мія знаходить жовту сумку.

Птахи весело співають.

Раптом загавкав собака.

Раптом упав листок.

Гілка впала.

Пригода лишилася незабутньою.

Сміх завжди допомагає."
945,Аня і сюрприз,"Одного вечора Аня чує в старому лісі дивний звук.

Скрізь тихо і спокійно.

З цікавістю Аня підходить ближче.

За каменем Аня знаходить червону мотузку.

Пахне свіжою травою.

Раптом хтось постукав.

Раптом загавкав собака.

Їжак шукав їжу.

Всі плескали від радості.

Справжні друзі завжди допомагають."
946,Міло і велика пригода,"Одного вечора Міло чує на жовтому полі дивний звук.

Пахне свіжою травою.

Сміливо Міло йде за звуком.

За парканом Міло знаходить старий бінокль.

Скрізь тихо і спокійно.

Раптом впала падаюча зірка.

Раптом закумкала жаба.

Кішка гралася.

Так пригода гарно закінчилася.

Смиливість винагороджується."
947,Фінн і таємниця,"Одного вечора Фінн чує в маленькому селі дивний звук.

Птахи весело співають.

З цікавістю Фінн підходить ближче.

За деревом Фінн знаходить маленький ножик.

Сонце світить тепло.

Раптом закумкала жаба.

Раптом щось гучно зашурхотіло.

Це був просто цікавий кіт.

Всі повернулися задоволені.

Цікавість веде до див."
948,Найкращий день: Нора,"Одного вечора Нора чує на барвистому ринку дивний звук.

Небо блакитне.

Сміливо Нора йде за звуком.

За стіною Нора знаходить теплу ковдру.

Літають метелики.

Раптом задзижчала бджола.

Раптом хтось засміявся.

Годинник пробив.

Так страх перетворився на смиливість.

Разом все легше."
949,Емма і скарб,"Одного вечора Емма чує біля старого колодязя дивний звук.

Струмок тихо дзюрчить.

З цікавістю Емма підходить ближче.

За дверима Емма знаходить барвисту карту.

Пахне квітами.

Раптом піднявся вітер.

Раптом впала падаюча зірка.

Півень кукурікав.

Накінці всі щасливі.

Хто сміливий, той перемагає."
950,Мія і таємниця,"Одного вечора Мія чує на дитячому майданчику дивний звук.

Пахне квітами.

Сміливо Мія йде за звуком.

За кущем Мія знаходить стару монету.

Струмок тихо дзюрчить.

Раптом щось гучно зашурхотіло.

Раптом піднявся вітер.

Вітер зрушив двері.

Так день був ідеальним.

Терпіння приносить удачу."
951,Аня і план,"Одного вечора Аня чує біля синьої річки дивний звук.

Літають метелики.

З цікавістю Аня підходить ближче.

За каменем Аня знаходить зелену мотузку.

Небо блакитне.

Раптом упав листок.

Раптом пролетів танцюючий метелик.

Це був просто листоноша.

Всі сміються і йдуть додому.

Ділитися радісно."
952,Міло і подорож,"Одного вечора Міло чує на зеленому лузі дивний звук.

Сонце світить тепло.

Сміливо Міло йде за звуком.

За парканом Міло знаходить маленький ліхтар.

Птахи весело співають.

Раптом пролетів танцюючий метелик.

Раптом хтось постукав.

Гілка впала.

Пригода лишилася незабутньою.

Сміх завжди допомагає."
953,Фінн і знахідка,"Одного вечора Фінн чує біля великого дуба дивний звук.

Скрізь тихо і спокійно.

З цікавістю Фінн підходить ближче.

За деревом Фінн знаходить синю пляшку.

Пахне свіжою травою.

Раптом хтось засміявся.

Раптом задзижчала бджола.

Їжак шукав їжу.

Всі плескали від радості.

Справжні друзі завжди допомагають."
954,Нора і відкриття,"Одного вечора Нора чує в зеленому парку дивний звук.

Пахне свіжою травою.

Сміливо Нора йде за звуком.

За стіною Нора знаходить жовту сумку.

Скрізь тихо і спокійно.

Раптом загавкав собака.

Раптом упав листок.

Кішка гралася.

Так пригода гарно закінчилася.

Смиливість винагороджується."
955,Емма і похід,"Одного вечора Емма чує в старому лісі дивний звук.

Птахи весело співають.

З цікавістю Емма підходить ближче.

За дверима Емма знаходить червону мотузку.

Сонце світить тепло.

Раптом хтось постукав.

Раптом загавкав собака.

Це був просто цікавий кіт.

Всі повернулися задоволені.

Цікавість веде до див."
956,Мія і гонка,"Одного вечора Мія чує на жовтому полі дивний звук.

Небо блакитне.

Сміливо Мія йде за звуком.

За кущем Мія знаходить старий бінокль.

Літають метелики.

Раптом впала падаюча зірка.

Раптом закумкала жаба.

Годинник пробив.

Так страх перетворився на смиливість.

Разом все легше."
957,Аня і загадка,"Одного вечора Аня чує в маленькому селі дивний звук.

Струмок тихо дзюрчить.

З цікавістю Аня підходить ближче.

За каменем Аня знаходить маленький ножик.

Пахне квітами.

Раптом закумкала жаба.

Раптом щось гучно зашурхотіло.

Півень кукурікав.

Накінці всі щасливі.

Хто сміливий, той перемагає."
958,Міло і сюрприз,"Одного вечора Міло чує на барвистому ринку дивний звук.

Пахне квітами.

Сміливо Міло йде за звуком.

За парканом Міло знаходить теплу ковдру.

Струмок тихо дзюрчить.

Раптом задзижчала бджола.

Раптом хтось засміявся.

Вітер зрушив двері.

Так день був ідеальним.

Терпіння приносить удачу."
959,Фінн і велика пригода,"Одного вечора Фінн чує біля старого колодязя дивний звук.

Літають метелики.

З цікавістю Фінн підходить ближче.

За деревом Фінн знаходить барвисту карту.

Небо блакитне.

Раптом піднявся вітер.

Раптом впала падаюча зірка.

Це був просто листоноша.

Всі сміються і йдуть додому.

Ділитися радісно."
960,Нора і таємниця,"Одного вечора Нора чує на дитячому майданчику дивний звук.

Сонце світить тепло.

Сміливо Нора йде за звуком.

За стіною Нора знаходить стару монету.

Птахи весело співають.

Раптом щось гучно зашурхотіло.

Раптом піднявся вітер.

Гілка впала.

Пригода лишилася незабутньою.

Сміх завжди допомагає."
961,Найкращий день: Емма,"Одного вечора Емма чує біля синьої річки дивний звук.

Скрізь тихо і спокійно.

З цікавістю Емма підходить ближче.

За дверима Емма знаходить зелену мотузку.

Пахне свіжою травою.

Раптом упав листок.

Раптом пролетів танцюючий метелик.

Їжак шукав їжу.

Всі плескали від радості.

Справжні друзі завжди допомагають."
962,Мія і скарб,"Одного вечора Мія чує на зеленому лузі дивний звук.

Пахне свіжою травою.

Сміливо Мія йде за звуком.

За кущем Мія знаходить маленький ліхтар.

Скрізь тихо і спокійно.

Раптом пролетів танцюючий метелик.

Раптом хтось постукав.

Кішка гралася.

Так пригода гарно закінчилася.

Смиливість винагороджується."
963,Аня і таємниця,"Одного вечора Аня чує біля великого дуба дивний звук.

Птахи весело співають.

З цікавістю Аня підходить ближче.

За каменем Аня знаходить синю пляшку.

Сонце світить тепло.

Раптом хтось засміявся.

Раптом задзижчала бджола.

Це був просто цікавий кіт.

Всі повернулися задоволені.

Цікавість веде до див."
964,Міло і план,"Одного вечора Міло чує в зеленому парку дивний звук.

Небо блакитне.

Сміливо Міло йде за звуком.

За парканом Міло знаходить жовту сумку.

Літають метелики.

Раптом загавкав собака.

Раптом упав листок.

Годинник пробив.

Так страх перетворився на смиливість.

Разом все легше."
965,Фінн і подорож,"Одного вечора Фінн чує в старому лісі дивний звук.

Струмок тихо дзюрчить.

З цікавістю Фінн підходить ближче.

За деревом Фінн знаходить червону мотузку.

Пахне квітами.

Раптом хтось постукав.

Раптом загавкав собака.

Півень кукурікав.

Накінці всі щасливі.

Хто сміливий, той перемагає."
966,Нора і знахідка,"Одного вечора Нора чує на жовтому полі дивний звук.

Пахне квітами.

Сміливо Нора йде за звуком.

За стіною Нора знаходить старий бінокль.

Струмок тихо дзюрчить.

Раптом впала падаюча зірка.

Раптом закумкала жаба.

Вітер зрушив двері.

Так день був ідеальним.

Терпіння приносить удачу."
967,Емма і відкриття,"Одного вечора Емма чує в маленькому селі дивний звук.

Літають метелики.

З цікавістю Емма підходить ближче.

За дверима Емма знаходить маленький ножик.

Небо блакитне.

Раптом закумкала жаба.

Раптом щось гучно зашурхотіло.

Це був просто листоноша.

Всі сміються і йдуть додому.

Ділитися радісно."
968,Мія і похід,"Одного вечора Мія чує на барвистому ринку дивний звук.

Сонце світить тепло.

Сміливо Мія йде за звуком.

За кущем Мія знаходить теплу ковдру.

Птахи весело співають.

Раптом задзижчала бджола.

Раптом хтось засміявся.

Гілка впала.

Пригода лишилася незабутньою.

Сміх завжди допомагає."
969,Аня і гонка,"Одного вечора Аня чує біля старого колодязя дивний звук.

Скрізь тихо і спокійно.

З цікавістю Аня підходить ближче.

За каменем Аня знаходить барвисту карту.

Пахне свіжою травою.

Раптом піднявся вітер.

Раптом впала падаюча зірка.

Їжак шукав їжу.

Всі плескали від радості.

Справжні друзі завжди допомагають."
970,Міло і загадка,"Одного вечора Міло чує на дитячому майданчику дивний звук.

Пахне свіжою травою.

Сміливо Міло йде за звуком.

За парканом Міло знаходить стару монету.

Скрізь тихо і спокійно.

Раптом щось гучно зашурхотіло.

Раптом піднявся вітер.

Кішка гралася.

Так пригода гарно закінчилася.

Смиливість винагороджується."
971,Фінн і сюрприз,"Одного вечора Фінн чує біля синьої річки дивний звук.

Птахи весело співають.

З цікавістю Фінн підходить ближче.

За деревом Фінн знаходить зелену мотузку.

Сонце світить тепло.

Раптом упав листок.

Раптом пролетів танцюючий метелик.

Це був просто цікавий кіт.

Всі повернулися задоволені.

Цікавість веде до див."
972,Нора і велика пригода,"Одного вечора Нора чує на зеленому лузі дивний звук.

Небо блакитне.

Сміливо Нора йде за звуком.

За стіною Нора знаходить маленький ліхтар.

Літають метелики.

Раптом пролетів танцюючий метелик.

Раптом хтось постукав.

Годинник пробив.

Так страх перетворився на смиливість.

Разом все легше."
973,Емма і таємниця,"Одного вечора Емма чує біля великого дуба дивний звук.

Струмок тихо дзюрчить.

З цікавістю Емма підходить ближче.

За дверима Емма знаходить синю пляшку.

Пахне квітами.

Раптом хтось засміявся.

Раптом задзижчала бджола.

Півень кукурікав.

Накінці всі щасливі.

Хто сміливий, той перемагає."
974,Найкращий день: Мія,"Одного вечора Мія чує в зеленому парку дивний звук.

Пахне квітами.

Сміливо Мія йде за звуком.

За кущем Мія знаходить жовту сумку.

Струмок тихо дзюрчить.

Раптом загавкав собака.

Раптом упав листок.

Вітер зрушив двері.

Так день був ідеальним.

Терпіння приносить удачу."
975,Аня і скарб,"Одного вечора Аня чує в старому лісі дивний звук.

Літають метелики.

З цікавістю Аня підходить ближче.

За каменем Аня знаходить червону мотузку.

Небо блакитне.

Раптом хтось постукав.

Раптом загавкав собака.

Це був просто листоноша.

Всі сміються і йдуть додому.

Ділитися радісно."
976,Міло і таємниця,"Одного вечора Міло чує на жовтому полі дивний звук.

Сонце світить тепло.

Сміливо Міло йде за звуком.

За парканом Міло знаходить старий бінокль.

Птахи весело співають.

Раптом впала падаюча зірка.

Раптом закумкала жаба.

Гілка впала.

Пригода лишилася незабутньою.

Сміх завжди допомагає."
977,Фінн і план,"Одного вечора Фінн чує в маленькому селі дивний звук.

Скрізь тихо і спокійно.

З цікавістю Фінн підходить ближче.

За деревом Фінн знаходить маленький ножик.

Пахне свіжою травою.

Раптом закумкала жаба.

Раптом щось гучно зашурхотіло.

Їжак шукав їжу.

Всі плескали від радості.

Справжні друзі завжди допомагають."
978,Нора і подорож,"Одного вечора Нора чує на барвистому ринку дивний звук.

Пахне свіжою травою.

Сміливо Нора йде за звуком.

За стіною Нора знаходить теплу ковдру.

Скрізь тихо і спокійно.

Раптом задзижчала бджола.

Раптом хтось засміявся.

Кішка гралася.

Так пригода гарно закінчилася.

Смиливість винагороджується."
979,Емма і знахідка,"Одного вечора Емма чує біля старого колодязя дивний звук.

Птахи весело співають.

З цікавістю Емма підходить ближче.

За дверима Емма знаходить барвисту карту.

Сонце світить тепло.

Раптом піднявся вітер.

Раптом впала падаюча зірка.

Це був просто цікавий кіт.

Всі повернулися задоволені.

Цікавість веде до див."
980,Мія і відкриття,"Одного вечора Мія чує на дитячому майданчику дивний звук.

Небо блакитне.

Сміливо Мія йде за звуком.

За кущем Мія знаходить стару монету.

Літають метелики.

Раптом щось гучно зашурхотіло.

Раптом піднявся вітер.

Годинник пробив.

Так страх перетворився на смиливість.

Разом все легше."
981,Аня і похід,"Одного вечора Аня чує біля синьої річки дивний звук.

Струмок тихо дзюрчить.

З цікавістю Аня підходить ближче.

За каменем Аня знаходить зелену мотузку.

Пахне квітами.

Раптом упав листок.

Раптом пролетів танцюючий метелик.

Півень кукурікав.

Накінці всі щасливі.

Хто сміливий, той перемагає."
982,Міло і гонка,"Одного вечора Міло чує на зеленому лузі дивний звук.

Пахне квітами.

Сміливо Міло йде за звуком.

За парканом Міло знаходить маленький ліхтар.

Струмок тихо дзюрчить.

Раптом пролетів танцюючий метелик.

Раптом хтось постукав.

Вітер зрушив двері.

Так день був ідеальним.

Терпіння приносить удачу."
983,Фінн і загадка,"Одного вечора Фінн чує біля великого дуба дивний звук.

Літають метелики.

З цікавістю Фінн підходить ближче.

За деревом Фінн знаходить синю пляшку.

Небо блакитне.

Раптом хтось засміявся.

Раптом задзижчала бджола.

Це був просто листоноша.

Всі сміються і йдуть додому.

Ділитися радісно."
984,Нора і сюрприз,"Одного вечора Нора чує в зеленому парку дивний звук.

Сонце світить тепло.

Сміливо Нора йде за звуком.

За стіною Нора знаходить жовту сумку.

Птахи весело співають.

Раптом загавкав собака.

Раптом упав листок.

Гілка впала.

Пригода лишилася незабутньою.

Сміх завжди допомагає."
985,Емма і велика пригода,"Одного вечора Емма чує в старому лісі дивний звук.

Скрізь тихо і спокійно.

З цікавістю Емма підходить ближче.

За дверима Емма знаходить червону мотузку.

Пахне свіжою травою.

Раптом хтось постукав.

Раптом загавкав собака.

Їжак шукав їжу.

Всі плескали від радості.

Справжні друзі завжди допомагають."
986,Мія і таємниця,"Одного вечора Мія чує на жовтому полі дивний звук.

Пахне свіжою травою.

Сміливо Мія йде за звуком.

За кущем Мія знаходить старий бінокль.

Скрізь тихо і спокійно.

Раптом впала падаюча зірка.

Раптом закумкала жаба.

Кішка гралася.

Так пригода гарно закінчилася.

Смиливість винагороджується."
987,Найкращий день: Аня,"Одного вечора Аня чує в маленькому селі дивний звук.

Птахи весело співають.

З цікавістю Аня підходить ближче.

За каменем Аня знаходить маленький ножик.

Сонце світить тепло.

Раптом закумкала жаба.

Раптом щось гучно зашурхотіло.

Це був просто цікавий кіт.

Всі повернулися задоволені.

Цікавість веде до див."
988,Міло і скарб,"Одного вечора Міло чує на барвистому ринку дивний звук.

Небо блакитне.

Сміливо Міло йде за звуком.

За парканом Міло знаходить теплу ковдру.

Літають метелики.

Раптом задзижчала бджола.

Раптом хтось засміявся.

Годинник пробив.

Так страх перетворився на смиливість.

Разом все легше."
989,Фінн і таємниця,"Одного вечора Фінн чує біля старого колодязя дивний звук.

Струмок тихо дзюрчить.

З цікавістю Фінн підходить ближче.

За деревом Фінн знаходить барвисту карту.

Пахне квітами.

Раптом піднявся вітер.

Раптом впала падаюча зірка.

Півень кукурікав.

Накінці всі щасливі.

Хто сміливий, той перемагає."
990,Нора і план,"Одного вечора Нора чує на дитячому майданчику дивний звук.

Пахне квітами.

Сміливо Нора йде за звуком.

За стіною Нора знаходить стару монету.

Струмок тихо дзюрчить.

Раптом щось гучно зашурхотіло.

Раптом піднявся вітер.

Вітер зрушив двері.

Так день був ідеальним.

Терпіння приносить удачу."
991,Емма і подорож,"Одного вечора Емма чує біля синьої річки дивний звук.

Літають метелики.

З цікавістю Емма підходить ближче.

За дверима Емма знаходить зелену мотузку.

Небо блакитне.

Раптом упав листок.

Раптом пролетів танцюючий метелик.

Це був просто листоноша.

Всі сміються і йдуть додому.

Ділитися радісно."
992,Мія і знахідка,"Одного вечора Мія чує на зеленому лузі дивний звук.

Сонце світить тепло.

Сміливо Мія йде за звуком.

За кущем Мія знаходить маленький ліхтар.

Птахи весело співають.

Раптом пролетів танцюючий метелик.

Раптом хтось постукав.

Гілка впала.

Пригода лишилася незабутньою.

Сміх завжди допомагає."
993,Аня і відкриття,"Одного вечора Аня чує біля великого дуба дивний звук.

Скрізь тихо і спокійно.

З цікавістю Аня підходить ближче.

За каменем Аня знаходить синю пляшку.

Пахне свіжою травою.

Раптом хтось засміявся.

Раптом задзижчала бджола.

Їжак шукав їжу.

Всі плескали від радості.

Справжні друзі завжди допомагають."
994,Міло і похід,"Одного вечора Міло чує в зеленому парку дивний звук.

Пахне свіжою травою.

Сміливо Міло йде за звуком.

За парканом Міло знаходить жовту сумку.

Скрізь тихо і спокійно.

Раптом загавкав собака.

Раптом упав листок.

Кішка гралася.

Так пригода гарно закінчилася.

Смиливість винагороджується."
995,Фінн і гонка,"Одного вечора Фінн чує в старому лісі дивний звук.

Птахи весело співають.

З цікавістю Фінн підходить ближче.

За деревом Фінн знаходить червону мотузку.

Сонце світить тепло.

Раптом хтось постукав.

Раптом загавкав собака.

Це був просто цікавий кіт.

Всі повернулися задоволені.

Цікавість веде до див."
996,Нора і загадка,"Одного вечора Нора чує на жовтому полі дивний звук.

Небо блакитне.

Сміливо Нора йде за звуком.

За стіною Нора знаходить старий бінокль.

Літають метелики.

Раптом впала падаюча зірка.

Раптом закумкала жаба.

Годинник пробив.

Так страх перетворився на смиливість.

Разом все легше."
997,Емма і сюрприз,"Одного вечора Емма чує в маленькому селі дивний звук.

Струмок тихо дзюрчить.

З цікавістю Емма підходить ближче.

За дверима Емма знаходить маленький ножик.

Пахне квітами.

Раптом закумкала жаба.

Раптом щось гучно зашурхотіло.

Півень кукурікав.

Накінці всі щасливі.

Хто сміливий, той перемагає."
998,Мія і велика пригода,"Одного вечора Мія чує на барвистому ринку дивний звук.

Пахне квітами.

Сміливо Мія йде за звуком.

За кущем Мія знаходить теплу ковдру.

Струмок тихо дзюрчить.

Раптом задзижчала бджола.

Раптом хтось засміявся.

Вітер зрушив двері.

Так день був ідеальним.

Терпіння приносить удачу."
999,Аня і таємниця,"Одного вечора Аня чує біля старого колодязя дивний звук.

Літають метелики.

З цікавістю Аня підходить ближче.

За каменем Аня знаходить барвисту карту.

Небо блакитне.

Раптом піднявся вітер.

Раптом впала падаюча зірка.

Це був просто листоноша.

Всі сміються і йдуть додому.

Ділитися радісно."
1000,Найкращий день: Міло,"Одного вечора Міло чує на дитячому майданчику дивний звук.

Сонце світить тепло.

Сміливо Міло йде за звуком.

За парканом Міло знаходить стару монету.

Птахи весело співають.

Раптом щось гучно зашурхотіло.

Раптом піднявся вітер.

Гілка впала.

Пригода лишилася незабутньою.

Сміх завжди допомагає."
