id,title,text
1,Milo e la grande avventura,"Milo, un ragazzo curioso, viveva in un piccolo villaggio.

Il sole splendeva caldo.

Un giorno Milo volle esplorare il bosco.

Ma la strada era bloccata.

Nonna Lina, che sa tutto, si unì.

Insieme ce la faremo!

Insieme presero il vecchio binocolo.

Lungo la strada cantarono una canzone.

Lungo la strada risero molto.

All'improvviso qualcosa frusciò forte.

Alla fine erano tutti felici.

I veri amici aiutano sempre."
2,Lena e il mistero,"Lena, a cui piace dipingere, viveva al mercato colorato.

Volavano farfalle.

Un giorno Lena volle scoprire l'isola.

Ma cominciò a piovere.

Nonna Lina, che sa tutto, si unì.

Niente paura, ti aiuto.

Insieme presero il coltello piccolo.

Lungo la strada giocarono allegramente.

Lungo la strada si riposarono un po'.

All'improvviso gracchiò una rana.

L'avventura restò indimenticabile.

La pazienza porta fortuna."
3,La giornata più bella di Finn,"Finn, un piccolo sognatore, viveva presso il vecchio pozzo.

Profumava di fiori.

Un giorno Finn volle trovare la grotta.

Ma la mappa era sparita.

Nonna Lina, che sa tutto, si unì.

Vengo anch'io!

Insieme presero una coperta calda.

Lungo la strada chiacchierarono insieme.

Lungo la strada cantarono insieme.

All'improvviso abbaiò un cane.

Tutti tornarono contenti.

La curiosità porta a meraviglie."
4,Pippa e il tesoro,"Pippa, un topolino coraggioso, viveva nel parco giochi.

Un ruscello mormorava piano.

Un giorno Pippa volle vedere l'alta montagna.

Ma si fece buio.

Nonna Lina, che sa tutto, si unì.

Meno male che ci sono.

Insieme presero una mappa colorata.

Lungo la strada giocarono un po'.

Lungo la strada ballarono allegramente.

All'improvviso cadde una foglia.

Così la giornata fu perfetta.

Ridere aiuta sempre."
5,Nora e il mistero,"Nora, che fa tante domande, viveva presso il fiume azzurro.

Il cielo era azzurro.

Un giorno Nora volle cercare il tesoro.

Ma il fiume era troppo profondo.

Nonna Lina, che sa tutto, si unì.

Insieme ce la faremo!

Insieme presero una moneta vecchia.

Lungo la strada chiacchierarono allegramente.

Lungo la strada giocarono forte.

All'improvviso ronzò un'ape.

Tutti applaudirono di gioia.

Chi osa vince."
6,Theo e il piano,"Theo, un ragazzo allegro, viveva nel prato verde.

Gli uccelli cantavano allegri.

Un giorno Theo volle attraversare il lago.

Ma un albero bloccava la strada.

Nonna Lina, che sa tutto, si unì.

Niente paura, ti aiuto.

Insieme presero la corda verde.

Lungo la strada giocarono presso il ruscello.

Lungo la strada chiacchierarono insieme.

All'improvviso bussarono.

Così la paura divenne coraggio.

Il coraggio è premiato."
7,Emma e il viaggio,"Emma, una ragazza coraggiosa, viveva presso la grande quercia.

Profumava di erba fresca.

Un giorno Emma volle trovare il mare.

Ma il vento era forte.

Nonna Lina, che sa tutto, si unì.

Vengo anch'io!

Insieme presero la piccola lanterna.

Lungo la strada chiacchierarono un po'.

Lungo la strada si riposarono in cerchio.

All'improvviso passò una farfalla danzando.

Tutti risero e tornarono a casa.

Condividere fa piacere."
8,Paolo e il ritrovamento,"Paolo, a cui piace costruire, viveva nel parco verde.

Tutto era calmo e sereno.

Un giorno Paolo volle vedere il cielo stellato.

Ma c'era nebbia.

Signor Tasso, il giardiniere, si unì.

Meno male che ci sono.

Insieme presero la bottiglia blu.

Lungo la strada giocarono in cerchio.

Lungo la strada cantarono un po'.

All'improvviso si alzò il vento.

Così l'avventura finì bene.

Insieme è tutto più facile."
9,Mia e la scoperta,"Mia, una piccola cantante, viveva nel bosco vecchio.

Il sole splendeva caldo.

Un giorno Mia volle salire sulla torre.

Ma il ponte era rotto.

Signor Tasso, il giardiniere, si unì.

Insieme ce la faremo!

Insieme presero la borsa gialla.

Lungo la strada chiacchierarono presso il ruscello.

Lungo la strada ballarono presso il ruscello.

All'improvviso cadde una stella cadente.

Alla fine erano tutti felici.

I veri amici aiutano sempre."
10,Leo e la gita,"Leo, a cui piacciono gli animali, viveva nel campo giallo.

Volavano farfalle.

Un giorno Leo volle visitare il vecchio castello.

Ma un cane abbaiava forte.

Signor Tasso, il giardiniere, si unì.

Niente paura, ti aiuto.

Insieme presero la corda rossa.

Lungo la strada giocarono forte.

Lungo la strada risero allegramente.

All'improvviso qualcuno rise.

L'avventura restò indimenticabile.

La pazienza porta fortuna."
11,Anna e la gara,"Anna, che pensa in fretta, viveva in un piccolo villaggio.

Profumava di fiori.

Un giorno Anna volle esplorare il bosco.

Ma la strada era bloccata.

Signor Tasso, il giardiniere, si unì.

Vengo anch'io!

Insieme presero il vecchio binocolo.

Lungo la strada chiacchierarono in cerchio.

Lungo la strada chiacchierarono un po'.

All'improvviso qualcosa frusciò forte.

Tutti tornarono contenti.

La curiosità porta a meraviglie."
12,Max e l'indovinello,"Max, un ragazzo allegro, viveva al mercato colorato.

Un ruscello mormorava piano.

Un giorno Max volle scoprire l'isola.

Ma cominciò a piovere.

Signor Tasso, il giardiniere, si unì.

Meno male che ci sono.

Insieme presero il coltello piccolo.

Lungo la strada risero insieme.

Lungo la strada giocarono insieme.

All'improvviso gracchiò una rana.

Così la giornata fu perfetta.

Ridere aiuta sempre."
13,Milo e la sorpresa,"Milo, un ragazzo curioso, viveva presso il vecchio pozzo.

Il cielo era azzurro.

Un giorno Milo volle trovare la grotta.

Ma la mappa era sparita.

Signor Tasso, il giardiniere, si unì.

Insieme ce la faremo!

Insieme presero una coperta calda.

Lungo la strada chiacchierarono forte.

Lungo la strada cantarono in cerchio.

All'improvviso abbaiò un cane.

Tutti applaudirono di gioia.

Chi osa vince."
14,Lena e la grande avventura,"Lena, a cui piace dipingere, viveva nel parco giochi.

Gli uccelli cantavano allegri.

Un giorno Lena volle vedere l'alta montagna.

Ma si fece buio.

Signor Tasso, il giardiniere, si unì.

Niente paura, ti aiuto.

Insieme presero una mappa colorata.

Lungo la strada risero allegramente.

Lungo la strada ballarono forte.

All'improvviso cadde una foglia.

Così la paura divenne coraggio.

Il coraggio è premiato."
15,Finn e il mistero,"Finn, un piccolo sognatore, viveva presso il fiume azzurro.

Profumava di erba fresca.

Un giorno Finn volle cercare il tesoro.

Ma il fiume era troppo profondo.

Zia Mira, la vicina divertente, si unì.

Vengo anch'io!

Insieme presero una moneta vecchia.

Lungo la strada ballarono insieme.

Lungo la strada risero presso il ruscello.

All'improvviso ronzò un'ape.

Tutti risero e tornarono a casa.

Condividere fa piacere."
16,La giornata più bella di Pippa,"Pippa, un topolino coraggioso, viveva nel prato verde.

Tutto era calmo e sereno.

Un giorno Pippa volle attraversare il lago.

Ma un albero bloccava la strada.

Zia Mira, la vicina divertente, si unì.

Meno male che ci sono.

Insieme presero la corda verde.

Lungo la strada risero un po'.

Lungo la strada chiacchierarono in cerchio.

All'improvviso bussarono.

Così l'avventura finì bene.

Insieme è tutto più facile."
17,Nora e il tesoro,"Nora, che fa tante domande, viveva presso la grande quercia.

Il sole splendeva caldo.

Un giorno Nora volle trovare il mare.

Ma il vento era forte.

Zia Mira, la vicina divertente, si unì.

Insieme ce la faremo!

Insieme presero la piccola lanterna.

Lungo la strada ballarono allegramente.

Lungo la strada giocarono un po'.

All'improvviso passò una farfalla danzando.

Alla fine erano tutti felici.

I veri amici aiutano sempre."
18,Theo e il mistero,"Theo, un ragazzo allegro, viveva nel parco verde.

Volavano farfalle.

Un giorno Theo volle vedere il cielo stellato.

Ma c'era nebbia.

Zia Mira, la vicina divertente, si unì.

Niente paura, ti aiuto.

Insieme presero la bottiglia blu.

Lungo la strada risero presso il ruscello.

Lungo la strada raccontarono storie.

All'improvviso si alzò il vento.

L'avventura restò indimenticabile.

La pazienza porta fortuna."
19,Emma e il piano,"Emma, una ragazza coraggiosa, viveva nel bosco vecchio.

Profumava di fiori.

Un giorno Emma volle salire sulla torre.

Ma il ponte era rotto.

Zia Mira, la vicina divertente, si unì.

Vengo anch'io!

Insieme presero la borsa gialla.

Lungo la strada ballarono un po'.

Lungo la strada si riposarono allegramente.

All'improvviso cadde una stella cadente.

Tutti tornarono contenti.

La curiosità porta a meraviglie."
20,Paolo e il viaggio,"Paolo, a cui piace costruire, viveva nel campo giallo.

Un ruscello mormorava piano.

Un giorno Paolo volle visitare il vecchio castello.

Ma un cane abbaiava forte.

Zia Mira, la vicina divertente, si unì.

Meno male che ci sono.

Insieme presero la corda rossa.

Lungo la strada risero in cerchio.

Lungo la strada risero forte.

All'improvviso qualcuno rise.

Così la giornata fu perfetta.

Ridere aiuta sempre."
21,Mia e il ritrovamento,"Mia, una piccola cantante, viveva in un piccolo villaggio.

Il cielo era azzurro.

Un giorno Mia volle esplorare il bosco.

Ma la strada era bloccata.

Zia Mira, la vicina divertente, si unì.

Insieme ce la faremo!

Insieme presero il vecchio binocolo.

Lungo la strada ballarono presso il ruscello.

Lungo la strada ballarono insieme.

All'improvviso qualcosa frusciò forte.

Tutti applaudirono di gioia.

Chi osa vince."
22,Leo e la scoperta,"Leo, a cui piacciono gli animali, viveva al mercato colorato.

Gli uccelli cantavano allegri.

Un giorno Leo volle scoprire l'isola.

Ma cominciò a piovere.

Nonno Carlo, che ripara tutto, si unì.

Niente paura, ti aiuto.

Insieme presero il coltello piccolo.

Lungo la strada risero forte.

Lungo la strada giocarono in cerchio.

All'improvviso gracchiò una rana.

Così la paura divenne coraggio.

Il coraggio è premiato."
23,Anna e la gita,"Anna, che pensa in fretta, viveva presso il vecchio pozzo.

Profumava di erba fresca.

Un giorno Anna volle trovare la grotta.

Ma la mappa era sparita.

Nonno Carlo, che ripara tutto, si unì.

Vengo anch'io!

Insieme presero una coperta calda.

Lungo la strada ballarono in cerchio.

Lungo la strada cantarono una canzone.

All'improvviso abbaiò un cane.

Tutti risero e tornarono a casa.

Condividere fa piacere."
24,Max e la gara,"Max, un ragazzo allegro, viveva nel parco giochi.

Tutto era calmo e sereno.

Un giorno Max volle vedere l'alta montagna.

Ma si fece buio.

Nonno Carlo, che ripara tutto, si unì.

Meno male che ci sono.

Insieme presero una mappa colorata.

Lungo la strada cantarono insieme.

Lungo la strada si riposarono presso il ruscello.

All'improvviso cadde una foglia.

Così l'avventura finì bene.

Insieme è tutto più facile."
25,Milo e l'indovinello,"Milo, un ragazzo curioso, viveva presso il fiume azzurro.

Il sole splendeva caldo.

Un giorno Milo volle cercare il tesoro.

Ma il fiume era troppo profondo.

Nonno Carlo, che ripara tutto, si unì.

Insieme ce la faremo!

Insieme presero una moneta vecchia.

Lungo la strada ballarono forte.

Lungo la strada cantarono allegramente.

All'improvviso ronzò un'ape.

Alla fine erano tutti felici.

I veri amici aiutano sempre."
26,Lena e la sorpresa,"Lena, a cui piace dipingere, viveva nel prato verde.

Volavano farfalle.

Un giorno Lena volle attraversare il lago.

Ma un albero bloccava la strada.

Nonno Carlo, che ripara tutto, si unì.

Niente paura, ti aiuto.

Insieme presero la corda verde.

Lungo la strada cantarono allegramente.

Lungo la strada ballarono un po'.

All'improvviso bussarono.

L'avventura restò indimenticabile.

La pazienza porta fortuna."
27,Finn e la grande avventura,"Finn, un piccolo sognatore, viveva presso la grande quercia.

Profumava di fiori.

Un giorno Finn volle trovare il mare.

Ma il vento era forte.

Nonno Carlo, che ripara tutto, si unì.

Vengo anch'io!

Insieme presero la piccola lanterna.

Lungo la strada si riposarono insieme.

Lungo la strada risero insieme.

All'improvviso passò una farfalla danzando.

Tutti tornarono contenti.

La curiosità porta a meraviglie."
28,Pippa e il mistero,"Pippa, un topolino coraggioso, viveva nel parco verde.

Un ruscello mormorava piano.

Un giorno Pippa volle vedere il cielo stellato.

Ma c'era nebbia.

Nonno Carlo, che ripara tutto, si unì.

Meno male che ci sono.

Insieme presero la bottiglia blu.

Lungo la strada cantarono un po'.

Lungo la strada chiacchierarono allegramente.

All'improvviso si alzò il vento.

Così la giornata fu perfetta.

Ridere aiuta sempre."
29,La giornata più bella di Nora,"Nora, che fa tante domande, viveva nel bosco vecchio.

Il cielo era azzurro.

Un giorno Nora volle salire sulla torre.

Ma il ponte era rotto.

Il fornaio, si unì.

Insieme ce la faremo!

Insieme presero la borsa gialla.

Lungo la strada si riposarono allegramente.

Lungo la strada si riposarono forte.

All'improvviso cadde una stella cadente.

Tutti applaudirono di gioia.

Chi osa vince."
30,Theo e il tesoro,"Theo, un ragazzo allegro, viveva nel campo giallo.

Gli uccelli cantavano allegri.

Un giorno Theo volle visitare il vecchio castello.

Ma un cane abbaiava forte.

Il fornaio, si unì.

Niente paura, ti aiuto.

Insieme presero la corda rossa.

Lungo la strada cantarono presso il ruscello.

Lungo la strada cantarono un po'.

All'improvviso qualcuno rise.

Così la paura divenne coraggio.

Il coraggio è premiato."
31,Emma e il mistero,"Emma, una ragazza coraggiosa, viveva in un piccolo villaggio.

Profumava di erba fresca.

Un giorno Emma volle esplorare il bosco.

Ma la strada era bloccata.

Il fornaio, si unì.

Vengo anch'io!

Insieme presero il vecchio binocolo.

Lungo la strada si riposarono un po'.

Lungo la strada ballarono in cerchio.

All'improvviso qualcosa frusciò forte.

Tutti risero e tornarono a casa.

Condividere fa piacere."
32,Paolo e il piano,"Paolo, a cui piace costruire, viveva al mercato colorato.

Tutto era calmo e sereno.

Un giorno Paolo volle scoprire l'isola.

Ma cominciò a piovere.

Il fornaio, si unì.

Meno male che ci sono.

Insieme presero il coltello piccolo.

Lungo la strada cantarono in cerchio.

Lungo la strada risero un po'.

All'improvviso gracchiò una rana.

Così l'avventura finì bene.

Insieme è tutto più facile."
33,Mia e il viaggio,"Mia, una piccola cantante, viveva presso il vecchio pozzo.

Il sole splendeva caldo.

Un giorno Mia volle trovare la grotta.

Ma la mappa era sparita.

Il fornaio, si unì.

Insieme ce la faremo!

Insieme presero una coperta calda.

Lungo la strada si riposarono presso il ruscello.

Lungo la strada chiacchierarono presso il ruscello.

All'improvviso abbaiò un cane.

Alla fine erano tutti felici.

I veri amici aiutano sempre."
34,Leo e il ritrovamento,"Leo, a cui piacciono gli animali, viveva nel parco giochi.

Volavano farfalle.

Un giorno Leo volle vedere l'alta montagna.

Ma si fece buio.

Il fornaio, si unì.

Niente paura, ti aiuto.

Insieme presero una mappa colorata.

Lungo la strada cantarono forte.

Lungo la strada giocarono allegramente.

All'improvviso cadde una foglia.

L'avventura restò indimenticabile.

La pazienza porta fortuna."
35,Anna e la scoperta,"Anna, che pensa in fretta, viveva presso il fiume azzurro.

Profumava di fiori.

Un giorno Anna volle cercare il tesoro.

Ma il fiume era troppo profondo.

Il fornaio, si unì.

Vengo anch'io!

Insieme presero una moneta vecchia.

Lungo la strada si riposarono in cerchio.

Lungo la strada cantarono forte.

All'improvviso ronzò un'ape.

Tutti tornarono contenti.

La curiosità porta a meraviglie."
36,Max e la gita,"Max, un ragazzo allegro, viveva nel prato verde.

Un ruscello mormorava piano.

Un giorno Max volle attraversare il lago.

Ma un albero bloccava la strada.

Il postino, si unì.

Meno male che ci sono.

Insieme presero la corda verde.

Lungo la strada raccontarono storie.

Lungo la strada si riposarono insieme.

All'improvviso bussarono.

Così la giornata fu perfetta.

Ridere aiuta sempre."
37,Milo e la gara,"Milo, un ragazzo curioso, viveva presso la grande quercia.

Il cielo era azzurro.

Un giorno Milo volle trovare il mare.

Ma il vento era forte.

Il postino, si unì.

Insieme ce la faremo!

Insieme presero la piccola lanterna.

Lungo la strada si riposarono forte.

Lungo la strada risero in cerchio.

All'improvviso passò una farfalla danzando.

Tutti applaudirono di gioia.

Chi osa vince."
38,Lena e l'indovinello,"Lena, a cui piace dipingere, viveva nel parco verde.

Gli uccelli cantavano allegri.

Un giorno Lena volle vedere il cielo stellato.

Ma c'era nebbia.

Il postino, si unì.

Niente paura, ti aiuto.

Insieme presero la bottiglia blu.

Lungo la strada risero molto.

Lungo la strada chiacchierarono forte.

All'improvviso si alzò il vento.

Così la paura divenne coraggio.

Il coraggio è premiato."
39,Finn e la sorpresa,"Finn, un piccolo sognatore, viveva nel bosco vecchio.

Profumava di erba fresca.

Un giorno Finn volle salire sulla torre.

Ma il ponte era rotto.

Il postino, si unì.

Vengo anch'io!

Insieme presero la borsa gialla.

Lungo la strada giocarono insieme.

Lungo la strada giocarono presso il ruscello.

All'improvviso cadde una stella cadente.

Tutti risero e tornarono a casa.

Condividere fa piacere."
40,Pippa e la grande avventura,"Pippa, un topolino coraggioso, viveva nel campo giallo.

Tutto era calmo e sereno.

Un giorno Pippa volle visitare il vecchio castello.

Ma un cane abbaiava forte.

Il postino, si unì.

Meno male che ci sono.

Insieme presero la corda rossa.

Lungo la strada cantarono una canzone.

Lungo la strada risero molto.

All'improvviso qualcuno rise.

Così l'avventura finì bene.

Insieme è tutto più facile."
41,Nora e il mistero,"Nora, che fa tante domande, viveva in un piccolo villaggio.

Il sole splendeva caldo.

Un giorno Nora volle esplorare il bosco.

Ma la strada era bloccata.

Il postino, si unì.

Insieme ce la faremo!

Insieme presero il vecchio binocolo.

Lungo la strada giocarono allegramente.

Lungo la strada si riposarono un po'.

All'improvviso qualcosa frusciò forte.

Alla fine erano tutti felici.

I veri amici aiutano sempre."
42,La giornata più bella di Theo,"Theo, un ragazzo allegro, viveva al mercato colorato.

Volavano farfalle.

Un giorno Theo volle scoprire l'isola.

Ma cominciò a piovere.

Il postino, si unì.

Niente paura, ti aiuto.

Insieme presero il coltello piccolo.

Lungo la strada chiacchierarono insieme.

Lungo la strada cantarono insieme.

All'improvviso gracchiò una rana.

L'avventura restò indimenticabile.

La pazienza porta fortuna."
43,Emma e il tesoro,"Emma, una ragazza coraggiosa, viveva presso il vecchio pozzo.

Profumava di fiori.

Un giorno Emma volle trovare la grotta.

Ma la mappa era sparita.

Nonna Lina, che sa tutto, si unì.

Vengo anch'io!

Insieme presero una coperta calda.

Lungo la strada giocarono un po'.

Lungo la strada ballarono allegramente.

All'improvviso abbaiò un cane.

Tutti tornarono contenti.

La curiosità porta a meraviglie."
44,Paolo e il mistero,"Paolo, a cui piace costruire, viveva nel parco giochi.

Un ruscello mormorava piano.

Un giorno Paolo volle vedere l'alta montagna.

Ma si fece buio.

Nonna Lina, che sa tutto, si unì.

Meno male che ci sono.

Insieme presero una mappa colorata.

Lungo la strada chiacchierarono allegramente.

Lungo la strada giocarono forte.

All'improvviso cadde una foglia.

Così la giornata fu perfetta.

Ridere aiuta sempre."
45,Mia e il piano,"Mia, una piccola cantante, viveva presso il fiume azzurro.

Il cielo era azzurro.

Un giorno Mia volle cercare il tesoro.

Ma il fiume era troppo profondo.

Nonna Lina, che sa tutto, si unì.

Insieme ce la faremo!

Insieme presero una moneta vecchia.

Lungo la strada giocarono presso il ruscello.

Lungo la strada chiacchierarono insieme.

All'improvviso ronzò un'ape.

Tutti applaudirono di gioia.

Chi osa vince."
46,Leo e il viaggio,"Leo, a cui piacciono gli animali, viveva nel prato verde.

Gli uccelli cantavano allegri.

Un giorno Leo volle attraversare il lago.

Ma un albero bloccava la strada.

Nonna Lina, che sa tutto, si unì.

Niente paura, ti aiuto.

Insieme presero la corda verde.

Lungo la strada chiacchierarono un po'.

Lungo la strada si riposarono in cerchio.

All'improvviso bussarono.

Così la paura divenne coraggio.

Il coraggio è premiato."
47,Anna e il ritrovamento,"Anna, che pensa in fretta, viveva presso la grande quercia.

Profumava di erba fresca.

Un giorno Anna volle trovare il mare.

Ma il vento era forte.

Nonna Lina, che sa tutto, si unì.

Vengo anch'io!

Insieme presero la piccola lanterna.

Lungo la strada giocarono in cerchio.

Lungo la strada cantarono un po'.

All'improvviso passò una farfalla danzando.

Tutti risero e tornarono a casa.

Condividere fa piacere."
48,Max e la scoperta,"Max, un ragazzo allegro, viveva nel parco verde.

Tutto era calmo e sereno.

Un giorno Max volle vedere il cielo stellato.

Ma c'era nebbia.

Nonna Lina, che sa tutto, si unì.

Meno male che ci sono.

Insieme presero la bottiglia blu.

Lungo la strada chiacchierarono presso il ruscello.

Lungo la strada ballarono presso il ruscello.

All'improvviso si alzò il vento.

Così l'avventura finì bene.

Insieme è tutto più facile."
49,Milo e la gita,"Milo, un ragazzo curioso, viveva nel bosco vecchio.

Il sole splendeva caldo.

Un giorno Milo volle salire sulla torre.

Ma il ponte era rotto.

Nonna Lina, che sa tutto, si unì.

Insieme ce la faremo!

Insieme presero la borsa gialla.

Lungo la strada giocarono forte.

Lungo la strada risero allegramente.

All'improvviso cadde una stella cadente.

Alla fine erano tutti felici.

I veri amici aiutano sempre."
50,Lena e la gara,"Lena, a cui piace dipingere, viveva nel campo giallo.

Volavano farfalle.

Un giorno Lena volle visitare il vecchio castello.

Ma un cane abbaiava forte.

Signor Tasso, il giardiniere, si unì.

Niente paura, ti aiuto.

Insieme presero la corda rossa.

Lungo la strada chiacchierarono in cerchio.

Lungo la strada chiacchierarono un po'.

All'improvviso qualcuno rise.

L'avventura restò indimenticabile.

La pazienza porta fortuna."
51,Finn e l'indovinello,"Finn, un piccolo sognatore, viveva in un piccolo villaggio.

Profumava di fiori.

Un giorno Finn volle esplorare il bosco.

Ma la strada era bloccata.

Signor Tasso, il giardiniere, si unì.

Vengo anch'io!

Insieme presero il vecchio binocolo.

Lungo la strada risero insieme.

Lungo la strada giocarono insieme.

All'improvviso qualcosa frusciò forte.

Tutti tornarono contenti.

La curiosità porta a meraviglie."
52,Pippa e la sorpresa,"Pippa, un topolino coraggioso, viveva al mercato colorato.

Un ruscello mormorava piano.

Un giorno Pippa volle scoprire l'isola.

Ma cominciò a piovere.

Signor Tasso, il giardiniere, si unì.

Meno male che ci sono.

Insieme presero il coltello piccolo.

Lungo la strada chiacchierarono forte.

Lungo la strada cantarono in cerchio.

All'improvviso gracchiò una rana.

Così la giornata fu perfetta.

Ridere aiuta sempre."
53,Nora e la grande avventura,"Nora, che fa tante domande, viveva presso il vecchio pozzo.

Il cielo era azzurro.

Un giorno Nora volle trovare la grotta.

Ma la mappa era sparita.

Signor Tasso, il giardiniere, si unì.

Insieme ce la faremo!

Insieme presero una coperta calda.

Lungo la strada risero allegramente.

Lungo la strada ballarono forte.

All'improvviso abbaiò un cane.

Tutti applaudirono di gioia.

Chi osa vince."
54,Theo e il mistero,"Theo, un ragazzo allegro, viveva nel parco giochi.

Gli uccelli cantavano allegri.

Un giorno Theo volle vedere l'alta montagna.

Ma si fece buio.

Signor Tasso, il giardiniere, si unì.

Niente paura, ti aiuto.

Insieme presero una mappa colorata.

Lungo la strada ballarono insieme.

Lungo la strada risero presso il ruscello.

All'improvviso cadde una foglia.

Così la paura divenne coraggio.

Il coraggio è premiato."
55,La giornata più bella di Emma,"Emma, una ragazza coraggiosa, viveva presso il fiume azzurro.

Profumava di erba fresca.

Un giorno Emma volle cercare il tesoro.

Ma il fiume era troppo profondo.

Signor Tasso, il giardiniere, si unì.

Vengo anch'io!

Insieme presero una moneta vecchia.

Lungo la strada risero un po'.

Lungo la strada chiacchierarono in cerchio.

All'improvviso ronzò un'ape.

Tutti risero e tornarono a casa.

Condividere fa piacere."
56,Paolo e il tesoro,"Paolo, a cui piace costruire, viveva nel prato verde.

Tutto era calmo e sereno.

Un giorno Paolo volle attraversare il lago.

Ma un albero bloccava la strada.

Signor Tasso, il giardiniere, si unì.

Meno male che ci sono.

Insieme presero la corda verde.

Lungo la strada ballarono allegramente.

Lungo la strada giocarono un po'.

All'improvviso bussarono.

Così l'avventura finì bene.

Insieme è tutto più facile."
57,Mia e il mistero,"Mia, una piccola cantante, viveva presso la grande quercia.

Il sole splendeva caldo.

Un giorno Mia volle trovare il mare.

Ma il vento era forte.

Zia Mira, la vicina divertente, si unì.

Insieme ce la faremo!

Insieme presero la piccola lanterna.

Lungo la strada risero presso il ruscello.

Lungo la strada raccontarono storie.

All'improvviso passò una farfalla danzando.

Alla fine erano tutti felici.

I veri amici aiutano sempre."
58,Leo e il piano,"Leo, a cui piacciono gli animali, viveva nel parco verde.

Volavano farfalle.

Un giorno Leo volle vedere il cielo stellato.

Ma c'era nebbia.

Zia Mira, la vicina divertente, si unì.

Niente paura, ti aiuto.

Insieme presero la bottiglia blu.

Lungo la strada ballarono un po'.

Lungo la strada si riposarono allegramente.

All'improvviso si alzò il vento.

L'avventura restò indimenticabile.

La pazienza porta fortuna."
59,Anna e il viaggio,"Anna, che pensa in fretta, viveva nel bosco vecchio.

Profumava di fiori.

Un giorno Anna volle salire sulla torre.

Ma il ponte era rotto.

Zia Mira, la vicina divertente, si unì.

Vengo anch'io!

Insieme presero la borsa gialla.

Lungo la strada risero in cerchio.

Lungo la strada risero forte.

All'improvviso cadde una stella cadente.

Tutti tornarono contenti.

La curiosità porta a meraviglie."
60,Max e il ritrovamento,"Max, un ragazzo allegro, viveva nel campo giallo.

Un ruscello mormorava piano.

Un giorno Max volle visitare il vecchio castello.

Ma un cane abbaiava forte.

Zia Mira, la vicina divertente, si unì.

Meno male che ci sono.

Insieme presero la corda rossa.

Lungo la strada ballarono presso il ruscello.

Lungo la strada ballarono insieme.

All'improvviso qualcuno rise.

Così la giornata fu perfetta.

Ridere aiuta sempre."
61,Milo e la scoperta,"Milo, un ragazzo curioso, viveva in un piccolo villaggio.

Il cielo era azzurro.

Un giorno Milo volle esplorare il bosco.

Ma la strada era bloccata.

Zia Mira, la vicina divertente, si unì.

Insieme ce la faremo!

Insieme presero il vecchio binocolo.

Lungo la strada risero forte.

Lungo la strada giocarono in cerchio.

All'improvviso qualcosa frusciò forte.

Tutti applaudirono di gioia.

Chi osa vince."
62,Lena e la gita,"Lena, a cui piace dipingere, viveva al mercato colorato.

Gli uccelli cantavano allegri.

Un giorno Lena volle scoprire l'isola.

Ma cominciò a piovere.

Zia Mira, la vicina divertente, si unì.

Niente paura, ti aiuto.

Insieme presero il coltello piccolo.

Lungo la strada ballarono in cerchio.

Lungo la strada cantarono una canzone.

All'improvviso gracchiò una rana.

Così la paura divenne coraggio.

Il coraggio è premiato."
63,Finn e la gara,"Finn, un piccolo sognatore, viveva presso il vecchio pozzo.

Profumava di erba fresca.

Un giorno Finn volle trovare la grotta.

Ma la mappa era sparita.

Zia Mira, la vicina divertente, si unì.

Vengo anch'io!

Insieme presero una coperta calda.

Lungo la strada cantarono insieme.

Lungo la strada si riposarono presso il ruscello.

All'improvviso abbaiò un cane.

Tutti risero e tornarono a casa.

Condividere fa piacere."
64,Pippa e l'indovinello,"Pippa, un topolino coraggioso, viveva nel parco giochi.

Tutto era calmo e sereno.

Un giorno Pippa volle vedere l'alta montagna.

Ma si fece buio.

Nonno Carlo, che ripara tutto, si unì.

Meno male che ci sono.

Insieme presero una mappa colorata.

Lungo la strada ballarono forte.

Lungo la strada cantarono allegramente.

All'improvviso cadde una foglia.

Così l'avventura finì bene.

Insieme è tutto più facile."
65,Nora e la sorpresa,"Nora, che fa tante domande, viveva presso il fiume azzurro.

Il sole splendeva caldo.

Un giorno Nora volle cercare il tesoro.

Ma il fiume era troppo profondo.

Nonno Carlo, che ripara tutto, si unì.

Insieme ce la faremo!

Insieme presero una moneta vecchia.

Lungo la strada cantarono allegramente.

Lungo la strada ballarono un po'.

All'improvviso ronzò un'ape.

Alla fine erano tutti felici.

I veri amici aiutano sempre."
66,Theo e la grande avventura,"Theo, un ragazzo allegro, viveva nel prato verde.

Volavano farfalle.

Un giorno Theo volle attraversare il lago.

Ma un albero bloccava la strada.

Nonno Carlo, che ripara tutto, si unì.

Niente paura, ti aiuto.

Insieme presero la corda verde.

Lungo la strada si riposarono insieme.

Lungo la strada risero insieme.

All'improvviso bussarono.

L'avventura restò indimenticabile.

La pazienza porta fortuna."
67,Emma e il mistero,"Emma, una ragazza coraggiosa, viveva presso la grande quercia.

Profumava di fiori.

Un giorno Emma volle trovare il mare.

Ma il vento era forte.

Nonno Carlo, che ripara tutto, si unì.

Vengo anch'io!

Insieme presero la piccola lanterna.

Lungo la strada cantarono un po'.

Lungo la strada chiacchierarono allegramente.

All'improvviso passò una farfalla danzando.

Tutti tornarono contenti.

La curiosità porta a meraviglie."
68,La giornata più bella di Paolo,"Paolo, a cui piace costruire, viveva nel parco verde.

Un ruscello mormorava piano.

Un giorno Paolo volle vedere il cielo stellato.

Ma c'era nebbia.

Nonno Carlo, che ripara tutto, si unì.

Meno male che ci sono.

Insieme presero la bottiglia blu.

Lungo la strada si riposarono allegramente.

Lungo la strada si riposarono forte.

All'improvviso si alzò il vento.

Così la giornata fu perfetta.

Ridere aiuta sempre."
69,Mia e il tesoro,"Mia, una piccola cantante, viveva nel bosco vecchio.

Il cielo era azzurro.

Un giorno Mia volle salire sulla torre.

Ma il ponte era rotto.

Nonno Carlo, che ripara tutto, si unì.

Insieme ce la faremo!

Insieme presero la borsa gialla.

Lungo la strada cantarono presso il ruscello.

Lungo la strada cantarono un po'.

All'improvviso cadde una stella cadente.

Tutti applaudirono di gioia.

Chi osa vince."
70,Leo e il mistero,"Leo, a cui piacciono gli animali, viveva nel campo giallo.

Gli uccelli cantavano allegri.

Un giorno Leo volle visitare il vecchio castello.

Ma un cane abbaiava forte.

Nonno Carlo, che ripara tutto, si unì.

Niente paura, ti aiuto.

Insieme presero la corda rossa.

Lungo la strada si riposarono un po'.

Lungo la strada ballarono in cerchio.

All'improvviso qualcuno rise.

Così la paura divenne coraggio.

Il coraggio è premiato."
71,Anna e il piano,"Anna, che pensa in fretta, viveva in un piccolo villaggio.

Profumava di erba fresca.

Un giorno Anna volle esplorare il bosco.

Ma la strada era bloccata.

Il fornaio, si unì.

Vengo anch'io!

Insieme presero il vecchio binocolo.

Lungo la strada cantarono in cerchio.

Lungo la strada risero un po'.

All'improvviso qualcosa frusciò forte.

Tutti risero e tornarono a casa.

Condividere fa piacere."
72,Max e il viaggio,"Max, un ragazzo allegro, viveva al mercato colorato.

Tutto era calmo e sereno.

Un giorno Max volle scoprire l'isola.

Ma cominciò a piovere.

Il fornaio, si unì.

Meno male che ci sono.

Insieme presero il coltello piccolo.

Lungo la strada si riposarono presso il ruscello.

Lungo la strada chiacchierarono presso il ruscello.

All'improvviso gracchiò una rana.

Così l'avventura finì bene.

Insieme è tutto più facile."
73,Milo e il ritrovamento,"Milo, un ragazzo curioso, viveva presso il vecchio pozzo.

Il sole splendeva caldo.

Un giorno Milo volle trovare la grotta.

Ma la mappa era sparita.

Il fornaio, si unì.

Insieme ce la faremo!

Insieme presero una coperta calda.

Lungo la strada cantarono forte.

Lungo la strada giocarono allegramente.

All'improvviso abbaiò un cane.

Alla fine erano tutti felici.

I veri amici aiutano sempre."
74,Lena e la scoperta,"Lena, a cui piace dipingere, viveva nel parco giochi.

Volavano farfalle.

Un giorno Lena volle vedere l'alta montagna.

Ma si fece buio.

Il fornaio, si unì.

Niente paura, ti aiuto.

Insieme presero una mappa colorata.

Lungo la strada si riposarono in cerchio.

Lungo la strada cantarono forte.

All'improvviso cadde una foglia.

L'avventura restò indimenticabile.

La pazienza porta fortuna."
75,Finn e la gita,"Finn, un piccolo sognatore, viveva presso il fiume azzurro.

Profumava di fiori.

Un giorno Finn volle cercare il tesoro.

Ma il fiume era troppo profondo.

Il fornaio, si unì.

Vengo anch'io!

Insieme presero una moneta vecchia.

Lungo la strada raccontarono storie.

Lungo la strada si riposarono insieme.

All'improvviso ronzò un'ape.

Tutti tornarono contenti.

La curiosità porta a meraviglie."
76,Pippa e la gara,"Pippa, un topolino coraggioso, viveva nel prato verde.

Un ruscello mormorava piano.

Un giorno Pippa volle attraversare il lago.

Ma un albero bloccava la strada.

Il fornaio, si unì.

Meno male che ci sono.

Insieme presero la corda verde.

Lungo la strada si riposarono forte.

Lungo la strada risero in cerchio.

All'improvviso bussarono.

Così la giornata fu perfetta.

Ridere aiuta sempre."
77,Nora e l'indovinello,"Nora, che fa tante domande, viveva presso la grande quercia.

Il cielo era azzurro.

Un giorno Nora volle trovare il mare.

Ma il vento era forte.

Il fornaio, si unì.

Insieme ce la faremo!

Insieme presero la piccola lanterna.

Lungo la strada risero molto.

Lungo la strada chiacchierarono forte.

All'improvviso passò una farfalla danzando.

Tutti applaudirono di gioia.

Chi osa vince."
78,Theo e la sorpresa,"Theo, un ragazzo allegro, viveva nel parco verde.

Gli uccelli cantavano allegri.

Un giorno Theo volle vedere il cielo stellato.

Ma c'era nebbia.

Il postino, si unì.

Niente paura, ti aiuto.

Insieme presero la bottiglia blu.

Lungo la strada giocarono insieme.

Lungo la strada giocarono presso il ruscello.

All'improvviso si alzò il vento.

Così la paura divenne coraggio.

Il coraggio è premiato."
79,Emma e la grande avventura,"Emma, una ragazza coraggiosa, viveva nel bosco vecchio.

Profumava di erba fresca.

Un giorno Emma volle salire sulla torre.

Ma il ponte era rotto.

Il postino, si unì.

Vengo anch'io!

Insieme presero la borsa gialla.

Lungo la strada cantarono una canzone.

Lungo la strada risero molto.

All'improvviso cadde una stella cadente.

Tutti risero e tornarono a casa.

Condividere fa piacere."
80,Paolo e il mistero,"Paolo, a cui piace costruire, viveva nel campo giallo.

Tutto era calmo e sereno.

Un giorno Paolo volle visitare il vecchio castello.

Ma un cane abbaiava forte.

Il postino, si unì.

Meno male che ci sono.

Insieme presero la corda rossa.

Lungo la strada giocarono allegramente.

Lungo la strada si riposarono un po'.

All'improvviso qualcuno rise.

Così l'avventura finì bene.

Insieme è tutto più facile."
81,La giornata più bella di Mia,"Mia, una piccola cantante, viveva in un piccolo villaggio.

Il sole splendeva caldo.

Un giorno Mia volle esplorare il bosco.

Ma la strada era bloccata.

Il postino, si unì.

Insieme ce la faremo!

Insieme presero il vecchio binocolo.

Lungo la strada chiacchierarono insieme.

Lungo la strada cantarono insieme.

All'improvviso qualcosa frusciò forte.

Alla fine erano tutti felici.

I veri amici aiutano sempre."
82,Leo e il tesoro,"Leo, a cui piacciono gli animali, viveva al mercato colorato.

Volavano farfalle.

Un giorno Leo volle scoprire l'isola.

Ma cominciò a piovere.

Il postino, si unì.

Niente paura, ti aiuto.

Insieme presero il coltello piccolo.

Lungo la strada giocarono un po'.

Lungo la strada ballarono allegramente.

All'improvviso gracchiò una rana.

L'avventura restò indimenticabile.

La pazienza porta fortuna."
83,Anna e il mistero,"Anna, che pensa in fretta, viveva presso il vecchio pozzo.

Profumava di fiori.

Un giorno Anna volle trovare la grotta.

Ma la mappa era sparita.

Il postino, si unì.

Vengo anch'io!

Insieme presero una coperta calda.

Lungo la strada chiacchierarono allegramente.

Lungo la strada giocarono forte.

All'improvviso abbaiò un cane.

Tutti tornarono contenti.

La curiosità porta a meraviglie."
84,Max e il piano,"Max, un ragazzo allegro, viveva nel parco giochi.

Un ruscello mormorava piano.

Un giorno Max volle vedere l'alta montagna.

Ma si fece buio.

Il postino, si unì.

Meno male che ci sono.

Insieme presero una mappa colorata.

Lungo la strada giocarono presso il ruscello.

Lungo la strada chiacchierarono insieme.

All'improvviso cadde una foglia.

Così la giornata fu perfetta.

Ridere aiuta sempre."
85,Milo e il viaggio,"Milo, un ragazzo curioso, viveva presso il fiume azzurro.

Il cielo era azzurro.

Un giorno Milo volle cercare il tesoro.

Ma il fiume era troppo profondo.

Nonna Lina, che sa tutto, si unì.

Insieme ce la faremo!

Insieme presero una moneta vecchia.

Lungo la strada chiacchierarono un po'.

Lungo la strada si riposarono in cerchio.

All'improvviso ronzò un'ape.

Tutti applaudirono di gioia.

Chi osa vince."
86,Lena e il ritrovamento,"Lena, a cui piace dipingere, viveva nel prato verde.

Gli uccelli cantavano allegri.

Un giorno Lena volle attraversare il lago.

Ma un albero bloccava la strada.

Nonna Lina, che sa tutto, si unì.

Niente paura, ti aiuto.

Insieme presero la corda verde.

Lungo la strada giocarono in cerchio.

Lungo la strada cantarono un po'.

All'improvviso bussarono.

Così la paura divenne coraggio.

Il coraggio è premiato."
87,Finn e la scoperta,"Finn, un piccolo sognatore, viveva presso la grande quercia.

Profumava di erba fresca.

Un giorno Finn volle trovare il mare.

Ma il vento era forte.

Nonna Lina, che sa tutto, si unì.

Vengo anch'io!

Insieme presero la piccola lanterna.

Lungo la strada chiacchierarono presso il ruscello.

Lungo la strada ballarono presso il ruscello.

All'improvviso passò una farfalla danzando.

Tutti risero e tornarono a casa.

Condividere fa piacere."
88,Pippa e la gita,"Pippa, un topolino coraggioso, viveva nel parco verde.

Tutto era calmo e sereno.

Un giorno Pippa volle vedere il cielo stellato.

Ma c'era nebbia.

Nonna Lina, che sa tutto, si unì.

Meno male che ci sono.

Insieme presero la bottiglia blu.

Lungo la strada giocarono forte.

Lungo la strada risero allegramente.

All'improvviso si alzò il vento.

Così l'avventura finì bene.

Insieme è tutto più facile."
89,Nora e la gara,"Nora, che fa tante domande, viveva nel bosco vecchio.

Il sole splendeva caldo.

Un giorno Nora volle salire sulla torre.

Ma il ponte era rotto.

Nonna Lina, che sa tutto, si unì.

Insieme ce la faremo!

Insieme presero la borsa gialla.

Lungo la strada chiacchierarono in cerchio.

Lungo la strada chiacchierarono un po'.

All'improvviso cadde una stella cadente.

Alla fine erano tutti felici.

I veri amici aiutano sempre."
90,Theo e l'indovinello,"Theo, un ragazzo allegro, viveva nel campo giallo.

Volavano farfalle.

Un giorno Theo volle visitare il vecchio castello.

Ma un cane abbaiava forte.

Nonna Lina, che sa tutto, si unì.

Niente paura, ti aiuto.

Insieme presero la corda rossa.

Lungo la strada risero insieme.

Lungo la strada giocarono insieme.

All'improvviso qualcuno rise.

L'avventura restò indimenticabile.

La pazienza porta fortuna."
91,Emma e la sorpresa,"Emma, una ragazza coraggiosa, viveva in un piccolo villaggio.

Profumava di fiori.

Un giorno Emma volle esplorare il bosco.

Ma la strada era bloccata.

Nonna Lina, che sa tutto, si unì.

Vengo anch'io!

Insieme presero il vecchio binocolo.

Lungo la strada chiacchierarono forte.

Lungo la strada cantarono in cerchio.

All'improvviso qualcosa frusciò forte.

Tutti tornarono contenti.

La curiosità porta a meraviglie."
92,Paolo e la grande avventura,"Paolo, a cui piace costruire, viveva al mercato colorato.

Un ruscello mormorava piano.

Un giorno Paolo volle scoprire l'isola.

Ma cominciò a piovere.

Signor Tasso, il giardiniere, si unì.

Meno male che ci sono.

Insieme presero il coltello piccolo.

Lungo la strada risero allegramente.

Lungo la strada ballarono forte.

All'improvviso gracchiò una rana.

Così la giornata fu perfetta.

Ridere aiuta sempre."
93,Mia e il mistero,"Mia, una piccola cantante, viveva presso il vecchio pozzo.

Il cielo era azzurro.

Un giorno Mia volle trovare la grotta.

Ma la mappa era sparita.

Signor Tasso, il giardiniere, si unì.

Insieme ce la faremo!

Insieme presero una coperta calda.

Lungo la strada ballarono insieme.

Lungo la strada risero presso il ruscello.

All'improvviso abbaiò un cane.

Tutti applaudirono di gioia.

Chi osa vince."
94,La giornata più bella di Leo,"Leo, a cui piacciono gli animali, viveva nel parco giochi.

Gli uccelli cantavano allegri.

Un giorno Leo volle vedere l'alta montagna.

Ma si fece buio.

Signor Tasso, il giardiniere, si unì.

Niente paura, ti aiuto.

Insieme presero una mappa colorata.

Lungo la strada risero un po'.

Lungo la strada chiacchierarono in cerchio.

All'improvviso cadde una foglia.

Così la paura divenne coraggio.

Il coraggio è premiato."
95,Anna e il tesoro,"Anna, che pensa in fretta, viveva presso il fiume azzurro.

Profumava di erba fresca.

Un giorno Anna volle cercare il tesoro.

Ma il fiume era troppo profondo.

Signor Tasso, il giardiniere, si unì.

Vengo anch'io!

Insieme presero una moneta vecchia.

Lungo la strada ballarono allegramente.

Lungo la strada giocarono un po'.

All'improvviso ronzò un'ape.

Tutti risero e tornarono a casa.

Condividere fa piacere."
96,Max e il mistero,"Max, un ragazzo allegro, viveva nel prato verde.

Tutto era calmo e sereno.

Un giorno Max volle attraversare il lago.

Ma un albero bloccava la strada.

Signor Tasso, il giardiniere, si unì.

Meno male che ci sono.

Insieme presero la corda verde.

Lungo la strada risero presso il ruscello.

Lungo la strada raccontarono storie.

All'improvviso bussarono.

Così l'avventura finì bene.

Insieme è tutto più facile."
97,Milo e il piano,"Milo, un ragazzo curioso, viveva presso la grande quercia.

Il sole splendeva caldo.

Un giorno Milo volle trovare il mare.

Ma il vento era forte.

Signor Tasso, il giardiniere, si unì.

Insieme ce la faremo!

Insieme presero la piccola lanterna.

Lungo la strada ballarono un po'.

Lungo la strada si riposarono allegramente.

All'improvviso passò una farfalla danzando.

Alla fine erano tutti felici.

I veri amici aiutano sempre."
98,Lena e il viaggio,"Lena, a cui piace dipingere, viveva nel parco verde.

Volavano farfalle.

Un giorno Lena volle vedere il cielo stellato.

Ma c'era nebbia.

Signor Tasso, il giardiniere, si unì.

Niente paura, ti aiuto.

Insieme presero la bottiglia blu.

Lungo la strada risero in cerchio.

Lungo la strada risero forte.

All'improvviso si alzò il vento.

L'avventura restò indimenticabile.

La pazienza porta fortuna."
99,Finn e il ritrovamento,"Finn, un piccolo sognatore, viveva nel bosco vecchio.

Profumava di fiori.

Un giorno Finn volle salire sulla torre.

Ma il ponte era rotto.

Zia Mira, la vicina divertente, si unì.

Vengo anch'io!

Insieme presero la borsa gialla.

Lungo la strada ballarono presso il ruscello.

Lungo la strada ballarono insieme.

All'improvviso cadde una stella cadente.

Tutti tornarono contenti.

La curiosità porta a meraviglie."
100,Pippa e la scoperta,"Pippa, un topolino coraggioso, viveva nel campo giallo.

Un ruscello mormorava piano.

Un giorno Pippa volle visitare il vecchio castello.

Ma un cane abbaiava forte.

Zia Mira, la vicina divertente, si unì.

Meno male che ci sono.

Insieme presero la corda rossa.

Lungo la strada risero forte.

Lungo la strada giocarono in cerchio.

All'improvviso qualcuno rise.

Così la giornata fu perfetta.

Ridere aiuta sempre."
101,Nora e la gita,"Nora, che fa tante domande, viveva in un piccolo villaggio.

Il cielo era azzurro.

Un giorno Nora volle esplorare il bosco.

Ma la strada era bloccata.

Zia Mira, la vicina divertente, si unì.

Insieme ce la faremo!

Insieme presero il vecchio binocolo.

Lungo la strada ballarono in cerchio.

Lungo la strada cantarono una canzone.

All'improvviso qualcosa frusciò forte.

Tutti applaudirono di gioia.

Chi osa vince."
102,Theo e la gara,"Theo, un ragazzo allegro, viveva al mercato colorato.

Gli uccelli cantavano allegri.

Un giorno Theo volle scoprire l'isola.

Ma cominciò a piovere.

Zia Mira, la vicina divertente, si unì.

Niente paura, ti aiuto.

Insieme presero il coltello piccolo.

Lungo la strada cantarono insieme.

Lungo la strada si riposarono presso il ruscello.

All'improvviso gracchiò una rana.

Così la paura divenne coraggio.

Il coraggio è premiato."
103,Emma e l'indovinello,"Emma, una ragazza coraggiosa, viveva presso il vecchio pozzo.

Profumava di erba fresca.

Un giorno Emma volle trovare la grotta.

Ma la mappa era sparita.

Zia Mira, la vicina divertente, si unì.

Vengo anch'io!

Insieme presero una coperta calda.

Lungo la strada ballarono forte.

Lungo la strada cantarono allegramente.

All'improvviso abbaiò un cane.

Tutti risero e tornarono a casa.

Condividere fa piacere."
104,Paolo e la sorpresa,"Paolo, a cui piace costruire, viveva nel parco giochi.

Tutto era calmo e sereno.

Un giorno Paolo volle vedere l'alta montagna.

Ma si fece buio.

Zia Mira, la vicina divertente, si unì.

Meno male che ci sono.

Insieme presero una mappa colorata.

Lungo la strada cantarono allegramente.

Lungo la strada ballarono un po'.

All'improvviso cadde una foglia.

Così l'avventura finì bene.

Insieme è tutto più facile."
105,Mia e la grande avventura,"Mia, una piccola cantante, viveva presso il fiume azzurro.

Il sole splendeva caldo.

Un giorno Mia volle cercare il tesoro.

Ma il fiume era troppo profondo.

Zia Mira, la vicina divertente, si unì.

Insieme ce la faremo!

Insieme presero una moneta vecchia.

Lungo la strada si riposarono insieme.

Lungo la strada risero insieme.

All'improvviso ronzò un'ape.

Alla fine erano tutti felici.

I veri amici aiutano sempre."
106,Leo e il mistero,"Leo, a cui piacciono gli animali, viveva nel prato verde.

Volavano farfalle.

Un giorno Leo volle attraversare il lago.

Ma un albero bloccava la strada.

Nonno Carlo, che ripara tutto, si unì.

Niente paura, ti aiuto.

Insieme presero la corda verde.

Lungo la strada cantarono un po'.

Lungo la strada chiacchierarono allegramente.

All'improvviso bussarono.

L'avventura restò indimenticabile.

La pazienza porta fortuna."
107,La giornata più bella di Anna,"Anna, che pensa in fretta, viveva presso la grande quercia.

Profumava di fiori.

Un giorno Anna volle trovare il mare.

Ma il vento era forte.

Nonno Carlo, che ripara tutto, si unì.

Vengo anch'io!

Insieme presero la piccola lanterna.

Lungo la strada si riposarono allegramente.

Lungo la strada si riposarono forte.

All'improvviso passò una farfalla danzando.

Tutti tornarono contenti.

La curiosità porta a meraviglie."
108,Max e il tesoro,"Max, un ragazzo allegro, viveva nel parco verde.

Un ruscello mormorava piano.

Un giorno Max volle vedere il cielo stellato.

Ma c'era nebbia.

Nonno Carlo, che ripara tutto, si unì.

Meno male che ci sono.

Insieme presero la bottiglia blu.

Lungo la strada cantarono presso il ruscello.

Lungo la strada cantarono un po'.

All'improvviso si alzò il vento.

Così la giornata fu perfetta.

Ridere aiuta sempre."
109,Milo e il mistero,"Milo, un ragazzo curioso, viveva nel bosco vecchio.

Il cielo era azzurro.

Un giorno Milo volle salire sulla torre.

Ma il ponte era rotto.

Nonno Carlo, che ripara tutto, si unì.

Insieme ce la faremo!

Insieme presero la borsa gialla.

Lungo la strada si riposarono un po'.

Lungo la strada ballarono in cerchio.

All'improvviso cadde una stella cadente.

Tutti applaudirono di gioia.

Chi osa vince."
110,Lena e il piano,"Lena, a cui piace dipingere, viveva nel campo giallo.

Gli uccelli cantavano allegri.

Un giorno Lena volle visitare il vecchio castello.

Ma un cane abbaiava forte.

Nonno Carlo, che ripara tutto, si unì.

Niente paura, ti aiuto.

Insieme presero la corda rossa.

Lungo la strada cantarono in cerchio.

Lungo la strada risero un po'.

All'improvviso qualcuno rise.

Così la paura divenne coraggio.

Il coraggio è premiato."
111,Finn e il viaggio,"Finn, un piccolo sognatore, viveva in un piccolo villaggio.

Profumava di erba fresca.

Un giorno Finn volle esplorare il bosco.

Ma la strada era bloccata.

Nonno Carlo, che ripara tutto, si unì.

Vengo anch'io!

Insieme presero il vecchio binocolo.

Lungo la strada si riposarono presso il ruscello.

Lungo la strada chiacchierarono presso il ruscello.

All'improvviso qualcosa frusciò forte.

Tutti risero e tornarono a casa.

Condividere fa piacere."
112,Pippa e il ritrovamento,"Pippa, un topolino coraggioso, viveva al mercato colorato.

Tutto era calmo e sereno.

Un giorno Pippa volle scoprire l'isola.

Ma cominciò a piovere.

Nonno Carlo, che ripara tutto, si unì.

Meno male che ci sono.

Insieme presero il coltello piccolo.

Lungo la strada cantarono forte.

Lungo la strada giocarono allegramente.

All'improvviso gracchiò una rana.

Così l'avventura finì bene.

Insieme è tutto più facile."
113,Nora e la scoperta,"Nora, che fa tante domande, viveva presso il vecchio pozzo.

Il sole splendeva caldo.

Un giorno Nora volle trovare la grotta.

Ma la mappa era sparita.

Il fornaio, si unì.

Insieme ce la faremo!

Insieme presero una coperta calda.

Lungo la strada si riposarono in cerchio.

Lungo la strada cantarono forte.

All'improvviso abbaiò un cane.

Alla fine erano tutti felici.

I veri amici aiutano sempre."
114,Theo e la gita,"Theo, un ragazzo allegro, viveva nel parco giochi.

Volavano farfalle.

Un giorno Theo volle vedere l'alta montagna.

Ma si fece buio.

Il fornaio, si unì.

Niente paura, ti aiuto.

Insieme presero una mappa colorata.

Lungo la strada raccontarono storie.

Lungo la strada si riposarono insieme.

All'improvviso cadde una foglia.

L'avventura restò indimenticabile.

La pazienza porta fortuna."
115,Emma e la gara,"Emma, una ragazza coraggiosa, viveva presso il fiume azzurro.

Profumava di fiori.

Un giorno Emma volle cercare il tesoro.

Ma il fiume era troppo profondo.

Il fornaio, si unì.

Vengo anch'io!

Insieme presero una moneta vecchia.

Lungo la strada si riposarono forte.

Lungo la strada risero in cerchio.

All'improvviso ronzò un'ape.

Tutti tornarono contenti.

La curiosità porta a meraviglie."
116,Paolo e l'indovinello,"Paolo, a cui piace costruire, viveva nel prato verde.

Un ruscello mormorava piano.

Un giorno Paolo volle attraversare il lago.

Ma un albero bloccava la strada.

Il fornaio, si unì.

Meno male che ci sono.

Insieme presero la corda verde.

Lungo la strada risero molto.

Lungo la strada chiacchierarono forte.

All'improvviso bussarono.

Così la giornata fu perfetta.

Ridere aiuta sempre."
117,Mia e la sorpresa,"Mia, una piccola cantante, viveva presso la grande quercia.

Il cielo era azzurro.

Un giorno Mia volle trovare il mare.

Ma il vento era forte.

Il fornaio, si unì.

Insieme ce la faremo!

Insieme presero la piccola lanterna.

Lungo la strada giocarono insieme.

Lungo la strada giocarono presso il ruscello.

All'improvviso passò una farfalla danzando.

Tutti applaudirono di gioia.

Chi osa vince."
118,Leo e la grande avventura,"Leo, a cui piacciono gli animali, viveva nel parco verde.

Gli uccelli cantavano allegri.

Un giorno Leo volle vedere il cielo stellato.

Ma c'era nebbia.

Il fornaio, si unì.

Niente paura, ti aiuto.

Insieme presero la bottiglia blu.

Lungo la strada cantarono una canzone.

Lungo la strada risero molto.

All'improvviso si alzò il vento.

Così la paura divenne coraggio.

Il coraggio è premiato."
119,Anna e il mistero,"Anna, che pensa in fretta, viveva nel bosco vecchio.

Profumava di erba fresca.

Un giorno Anna volle salire sulla torre.

Ma il ponte era rotto.

Il fornaio, si unì.

Vengo anch'io!

Insieme presero la borsa gialla.

Lungo la strada giocarono allegramente.

Lungo la strada si riposarono un po'.

All'improvviso cadde una stella cadente.

Tutti risero e tornarono a casa.

Condividere fa piacere."
120,La giornata più bella di Max,"Max, un ragazzo allegro, viveva nel campo giallo.

Tutto era calmo e sereno.

Un giorno Max volle visitare il vecchio castello.

Ma un cane abbaiava forte.

Il postino, si unì.

Meno male che ci sono.

Insieme presero la corda rossa.

Lungo la strada chiacchierarono insieme.

Lungo la strada cantarono insieme.

All'improvviso qualcuno rise.

Così l'avventura finì bene.

Insieme è tutto più facile."
121,Milo e il tesoro,"Milo, un ragazzo curioso, viveva in un piccolo villaggio.

Il sole splendeva caldo.

Un giorno Milo volle esplorare il bosco.

Ma la strada era bloccata.

Il postino, si unì.

Insieme ce la faremo!

Insieme presero il vecchio binocolo.

Lungo la strada giocarono un po'.

Lungo la strada ballarono allegramente.

All'improvviso qualcosa frusciò forte.

Alla fine erano tutti felici.

I veri amici aiutano sempre."
122,Lena e il mistero,"Lena, a cui piace dipingere, viveva al mercato colorato.

Volavano farfalle.

Un giorno Lena volle scoprire l'isola.

Ma cominciò a piovere.

Il postino, si unì.

Niente paura, ti aiuto.

Insieme presero il coltello piccolo.

Lungo la strada chiacchierarono allegramente.

Lungo la strada giocarono forte.

All'improvviso gracchiò una rana.

L'avventura restò indimenticabile.

La pazienza porta fortuna."
123,Finn e il piano,"Finn, un piccolo sognatore, viveva presso il vecchio pozzo.

Profumava di fiori.

Un giorno Finn volle trovare la grotta.

Ma la mappa era sparita.

Il postino, si unì.

Vengo anch'io!

Insieme presero una coperta calda.

Lungo la strada giocarono presso il ruscello.

Lungo la strada chiacchierarono insieme.

All'improvviso abbaiò un cane.

Tutti tornarono contenti.

La curiosità porta a meraviglie."
124,Pippa e il viaggio,"Pippa, un topolino coraggioso, viveva nel parco giochi.

Un ruscello mormorava piano.

Un giorno Pippa volle vedere l'alta montagna.

Ma si fece buio.

Il postino, si unì.

Meno male che ci sono.

Insieme presero una mappa colorata.

Lungo la strada chiacchierarono un po'.

Lungo la strada si riposarono in cerchio.

All'improvviso cadde una foglia.

Così la giornata fu perfetta.

Ridere aiuta sempre."
125,Nora e il ritrovamento,"Nora, che fa tante domande, viveva presso il fiume azzurro.

Il cielo era azzurro.

Un giorno Nora volle cercare il tesoro.

Ma il fiume era troppo profondo.

Il postino, si unì.

Insieme ce la faremo!

Insieme presero una moneta vecchia.

Lungo la strada giocarono in cerchio.

Lungo la strada cantarono un po'.

All'improvviso ronzò un'ape.

Tutti applaudirono di gioia.

Chi osa vince."
126,Theo e la scoperta,"Theo, un ragazzo allegro, viveva nel prato verde.

Gli uccelli cantavano allegri.

Un giorno Theo volle attraversare il lago.

Ma un albero bloccava la strada.

Il postino, si unì.

Niente paura, ti aiuto.

Insieme presero la corda verde.

Lungo la strada chiacchierarono presso il ruscello.

Lungo la strada ballarono presso il ruscello.

All'improvviso bussarono.

Così la paura divenne coraggio.

Il coraggio è premiato."
127,Emma e la gita,"Emma, una ragazza coraggiosa, viveva presso la grande quercia.

Profumava di erba fresca.

Un giorno Emma volle trovare il mare.

Ma il vento era forte.

Nonna Lina, che sa tutto, si unì.

Vengo anch'io!

Insieme presero la piccola lanterna.

Lungo la strada giocarono forte.

Lungo la strada risero allegramente.

All'improvviso passò una farfalla danzando.

Tutti risero e tornarono a casa.

Condividere fa piacere."
128,Paolo e la gara,"Paolo, a cui piace costruire, viveva nel parco verde.

Tutto era calmo e sereno.

Un giorno Paolo volle vedere il cielo stellato.

Ma c'era nebbia.

Nonna Lina, che sa tutto, si unì.

Meno male che ci sono.

Insieme presero la bottiglia blu.

Lungo la strada chiacchierarono in cerchio.

Lungo la strada chiacchierarono un po'.

All'improvviso si alzò il vento.

Così l'avventura finì bene.

Insieme è tutto più facile."
129,Mia e l'indovinello,"Mia, una piccola cantante, viveva nel bosco vecchio.

Il sole splendeva caldo.

Un giorno Mia volle salire sulla torre.

Ma il ponte era rotto.

Nonna Lina, che sa tutto, si unì.

Insieme ce la faremo!

Insieme presero la borsa gialla.

Lungo la strada risero insieme.

Lungo la strada giocarono insieme.

All'improvviso cadde una stella cadente.

Alla fine erano tutti felici.

I veri amici aiutano sempre."
130,Leo e la sorpresa,"Leo, a cui piacciono gli animali, viveva nel campo giallo.

Volavano farfalle.

Un giorno Leo volle visitare il vecchio castello.

Ma un cane abbaiava forte.

Nonna Lina, che sa tutto, si unì.

Niente paura, ti aiuto.

Insieme presero la corda rossa.

Lungo la strada chiacchierarono forte.

Lungo la strada cantarono in cerchio.

All'improvviso qualcuno rise.

L'avventura restò indimenticabile.

La pazienza porta fortuna."
131,Anna e la grande avventura,"Anna, che pensa in fretta, viveva in un piccolo villaggio.

Profumava di fiori.

Un giorno Anna volle esplorare il bosco.

Ma la strada era bloccata.

Nonna Lina, che sa tutto, si unì.

Vengo anch'io!

Insieme presero il vecchio binocolo.

Lungo la strada risero allegramente.

Lungo la strada ballarono forte.

All'improvviso qualcosa frusciò forte.

Tutti tornarono contenti.

La curiosità porta a meraviglie."
132,Max e il mistero,"Max, un ragazzo allegro, viveva al mercato colorato.

Un ruscello mormorava piano.

Un giorno Max volle scoprire l'isola.

Ma cominciò a piovere.

Nonna Lina, che sa tutto, si unì.

Meno male che ci sono.

Insieme presero il coltello piccolo.

Lungo la strada ballarono insieme.

Lungo la strada risero presso il ruscello.

All'improvviso gracchiò una rana.

Così la giornata fu perfetta.

Ridere aiuta sempre."
133,La giornata più bella di Milo,"Milo, un ragazzo curioso, viveva presso il vecchio pozzo.

Il cielo era azzurro.

Un giorno Milo volle trovare la grotta.

Ma la mappa era sparita.

Nonna Lina, che sa tutto, si unì.

Insieme ce la faremo!

Insieme presero una coperta calda.

Lungo la strada risero un po'.

Lungo la strada chiacchierarono in cerchio.

All'improvviso abbaiò un cane.

Tutti applaudirono di gioia.

Chi osa vince."
134,Lena e il tesoro,"Lena, a cui piace dipingere, viveva nel parco giochi.

Gli uccelli cantavano allegri.

Un giorno Lena volle vedere l'alta montagna.

Ma si fece buio.

Signor Tasso, il giardiniere, si unì.

Niente paura, ti aiuto.

Insieme presero una mappa colorata.

Lungo la strada ballarono allegramente.

Lungo la strada giocarono un po'.

All'improvviso cadde una foglia.

Così la paura divenne coraggio.

Il coraggio è premiato."
135,Finn e il mistero,"Finn, un piccolo sognatore, viveva presso il fiume azzurro.

Profumava di erba fresca.

Un giorno Finn volle cercare il tesoro.

Ma il fiume era troppo profondo.

Signor Tasso, il giardiniere, si unì.

Vengo anch'io!

Insieme presero una moneta vecchia.

Lungo la strada risero presso il ruscello.

Lungo la strada raccontarono storie.

All'improvviso ronzò un'ape.

Tutti risero e tornarono a casa.

Condividere fa piacere."
136,Pippa e il piano,"Pippa, un topolino coraggioso, viveva nel prato verde.

Tutto era calmo e sereno.

Un giorno Pippa volle attraversare il lago.

Ma un albero bloccava la strada.

Signor Tasso, il giardiniere, si unì.

Meno male che ci sono.

Insieme presero la corda verde.

Lungo la strada ballarono un po'.

Lungo la strada si riposarono allegramente.

All'improvviso bussarono.

Così l'avventura finì bene.

Insieme è tutto più facile."
137,Nora e il viaggio,"Nora, che fa tante domande, viveva presso la grande quercia.

Il sole splendeva caldo.

Un giorno Nora volle trovare il mare.

Ma il vento era forte.

Signor Tasso, il giardiniere, si unì.

Insieme ce la faremo!

Insieme presero la piccola lanterna.

Lungo la strada risero in cerchio.

Lungo la strada risero forte.

All'improvviso passò una farfalla danzando.

Alla fine erano tutti felici.

I veri amici aiutano sempre."
138,Theo e il ritrovamento,"Theo, un ragazzo allegro, viveva nel parco verde.

Volavano farfalle.

Un giorno Theo volle vedere il cielo stellato.

Ma c'era nebbia.

Signor Tasso, il giardiniere, si unì.

Niente paura, ti aiuto.

Insieme presero la bottiglia blu.

Lungo la strada ballarono presso il ruscello.

Lungo la strada ballarono insieme.

All'improvviso si alzò il vento.

L'avventura restò indimenticabile.

La pazienza porta fortuna."
139,Emma e la scoperta,"Emma, una ragazza coraggiosa, viveva nel bosco vecchio.

Profumava di fiori.

Un giorno Emma volle salire sulla torre.

Ma il ponte era rotto.

Signor Tasso, il giardiniere, si unì.

Vengo anch'io!

Insieme presero la borsa gialla.

Lungo la strada risero forte.

Lungo la strada giocarono in cerchio.

All'improvviso cadde una stella cadente.

Tutti tornarono contenti.

La curiosità porta a meraviglie."
140,Paolo e la gita,"Paolo, a cui piace costruire, viveva nel campo giallo.

Un ruscello mormorava piano.

Un giorno Paolo volle visitare il vecchio castello.

Ma un cane abbaiava forte.

Signor Tasso, il giardiniere, si unì.

Meno male che ci sono.

Insieme presero la corda rossa.

Lungo la strada ballarono in cerchio.

Lungo la strada cantarono una canzone.

All'improvviso qualcuno rise.

Così la giornata fu perfetta.

Ridere aiuta sempre."
141,Mia e la gara,"Mia, una piccola cantante, viveva in un piccolo villaggio.

Il cielo era azzurro.

Un giorno Mia volle esplorare il bosco.

Ma la strada era bloccata.

Zia Mira, la vicina divertente, si unì.

Insieme ce la faremo!

Insieme presero il vecchio binocolo.

Lungo la strada cantarono insieme.

Lungo la strada si riposarono presso il ruscello.

All'improvviso qualcosa frusciò forte.

Tutti applaudirono di gioia.

Chi osa vince."
142,Leo e l'indovinello,"Leo, a cui piacciono gli animali, viveva al mercato colorato.

Gli uccelli cantavano allegri.

Un giorno Leo volle scoprire l'isola.

Ma cominciò a piovere.

Zia Mira, la vicina divertente, si unì.

Niente paura, ti aiuto.

Insieme presero il coltello piccolo.

Lungo la strada ballarono forte.

Lungo la strada cantarono allegramente.

All'improvviso gracchiò una rana.

Così la paura divenne coraggio.

Il coraggio è premiato."
143,Anna e la sorpresa,"Anna, che pensa in fretta, viveva presso il vecchio pozzo.

Profumava di erba fresca.

Un giorno Anna volle trovare la grotta.

Ma la mappa era sparita.

Zia Mira, la vicina divertente, si unì.

Vengo anch'io!

Insieme presero una coperta calda.

Lungo la strada cantarono allegramente.

Lungo la strada ballarono un po'.

All'improvviso abbaiò un cane.

Tutti risero e tornarono a casa.

Condividere fa piacere."
144,Max e la grande avventura,"Max, un ragazzo allegro, viveva nel parco giochi.

Tutto era calmo e sereno.

Un giorno Max volle vedere l'alta montagna.

Ma si fece buio.

Zia Mira, la vicina divertente, si unì.

Meno male che ci sono.

Insieme presero una mappa colorata.

Lungo la strada si riposarono insieme.

Lungo la strada risero insieme.

All'improvviso cadde una foglia.

Così l'avventura finì bene.

Insieme è tutto più facile."
145,Milo e il mistero,"Milo, un ragazzo curioso, viveva presso il fiume azzurro.

Il sole splendeva caldo.

Un giorno Milo volle cercare il tesoro.

Ma il fiume era troppo profondo.

Zia Mira, la vicina divertente, si unì.

Insieme ce la faremo!

Insieme presero una moneta vecchia.

Lungo la strada cantarono un po'.

Lungo la strada chiacchierarono allegramente.

All'improvviso ronzò un'ape.

Alla fine erano tutti felici.

I veri amici aiutano sempre."
146,La giornata più bella di Lena,"Lena, a cui piace dipingere, viveva nel prato verde.

Volavano farfalle.

Un giorno Lena volle attraversare il lago.

Ma un albero bloccava la strada.

Zia Mira, la vicina divertente, si unì.

Niente paura, ti aiuto.

Insieme presero la corda verde.

Lungo la strada si riposarono allegramente.

Lungo la strada si riposarono forte.

All'improvviso bussarono.

L'avventura restò indimenticabile.

La pazienza porta fortuna."
147,Finn e il tesoro,"Finn, un piccolo sognatore, viveva presso la grande quercia.

Profumava di fiori.

Un giorno Finn volle trovare il mare.

Ma il vento era forte.

Zia Mira, la vicina divertente, si unì.

Vengo anch'io!

Insieme presero la piccola lanterna.

Lungo la strada cantarono presso il ruscello.

Lungo la strada cantarono un po'.

All'improvviso passò una farfalla danzando.

Tutti tornarono contenti.

La curiosità porta a meraviglie."
148,Pippa e il mistero,"Pippa, un topolino coraggioso, viveva nel parco verde.

Un ruscello mormorava piano.

Un giorno Pippa volle vedere il cielo stellato.

Ma c'era nebbia.

Nonno Carlo, che ripara tutto, si unì.

Meno male che ci sono.

Insieme presero la bottiglia blu.

Lungo la strada si riposarono un po'.

Lungo la strada ballarono in cerchio.

All'improvviso si alzò il vento.

Così la giornata fu perfetta.

Ridere aiuta sempre."
149,Nora e il piano,"Nora, che fa tante domande, viveva nel bosco vecchio.

Il cielo era azzurro.

Un giorno Nora volle salire sulla torre.

Ma il ponte era rotto.

Nonno Carlo, che ripara tutto, si unì.

Insieme ce la faremo!

Insieme presero la borsa gialla.

Lungo la strada cantarono in cerchio.

Lungo la strada risero un po'.

All'improvviso cadde una stella cadente.

Tutti applaudirono di gioia.

Chi osa vince."
150,Theo e il viaggio,"Theo, un ragazzo allegro, viveva nel campo giallo.

Gli uccelli cantavano allegri.

Un giorno Theo volle visitare il vecchio castello.

Ma un cane abbaiava forte.

Nonno Carlo, che ripara tutto, si unì.

Niente paura, ti aiuto.

Insieme presero la corda rossa.

Lungo la strada si riposarono presso il ruscello.

Lungo la strada chiacchierarono presso il ruscello.

All'improvviso qualcuno rise.

Così la paura divenne coraggio.

Il coraggio è premiato."
151,Emma e il ritrovamento,"Emma, una ragazza coraggiosa, viveva in un piccolo villaggio.

Profumava di erba fresca.

Un giorno Emma volle esplorare il bosco.

Ma la strada era bloccata.

Nonno Carlo, che ripara tutto, si unì.

Vengo anch'io!

Insieme presero il vecchio binocolo.

Lungo la strada cantarono forte.

Lungo la strada giocarono allegramente.

All'improvviso qualcosa frusciò forte.

Tutti risero e tornarono a casa.

Condividere fa piacere."
152,Paolo e la scoperta,"Paolo, a cui piace costruire, viveva al mercato colorato.

Tutto era calmo e sereno.

Un giorno Paolo volle scoprire l'isola.

Ma cominciò a piovere.

Nonno Carlo, che ripara tutto, si unì.

Meno male che ci sono.

Insieme presero il coltello piccolo.

Lungo la strada si riposarono in cerchio.

Lungo la strada cantarono forte.

All'improvviso gracchiò una rana.

Così l'avventura finì bene.

Insieme è tutto più facile."
153,Mia e la gita,"Mia, una piccola cantante, viveva presso il vecchio pozzo.

Il sole splendeva caldo.

Un giorno Mia volle trovare la grotta.

Ma la mappa era sparita.

Nonno Carlo, che ripara tutto, si unì.

Insieme ce la faremo!

Insieme presero una coperta calda.

Lungo la strada raccontarono storie.

Lungo la strada si riposarono insieme.

All'improvviso abbaiò un cane.

Alla fine erano tutti felici.

I veri amici aiutano sempre."
154,Leo e la gara,"Leo, a cui piacciono gli animali, viveva nel parco giochi.

Volavano farfalle.

Un giorno Leo volle vedere l'alta montagna.

Ma si fece buio.

Nonno Carlo, che ripara tutto, si unì.

Niente paura, ti aiuto.

Insieme presero una mappa colorata.

Lungo la strada si riposarono forte.

Lungo la strada risero in cerchio.

All'improvviso cadde una foglia.

L'avventura restò indimenticabile.

La pazienza porta fortuna."
155,Anna e l'indovinello,"Anna, che pensa in fretta, viveva presso il fiume azzurro.

Profumava di fiori.

Un giorno Anna volle cercare il tesoro.

Ma il fiume era troppo profondo.

Il fornaio, si unì.

Vengo anch'io!

Insieme presero una moneta vecchia.

Lungo la strada risero molto.

Lungo la strada chiacchierarono forte.

All'improvviso ronzò un'ape.

Tutti tornarono contenti.

La curiosità porta a meraviglie."
156,Max e la sorpresa,"Max, un ragazzo allegro, viveva nel prato verde.

Un ruscello mormorava piano.

Un giorno Max volle attraversare il lago.

Ma un albero bloccava la strada.

Il fornaio, si unì.

Meno male che ci sono.

Insieme presero la corda verde.

Lungo la strada giocarono insieme.

Lungo la strada giocarono presso il ruscello.

All'improvviso bussarono.

Così la giornata fu perfetta.

Ridere aiuta sempre."
157,Milo e la grande avventura,"Milo, un ragazzo curioso, viveva presso la grande quercia.

Il cielo era azzurro.

Un giorno Milo volle trovare il mare.

Ma il vento era forte.

Il fornaio, si unì.

Insieme ce la faremo!

Insieme presero la piccola lanterna.

Lungo la strada cantarono una canzone.

Lungo la strada risero molto.

All'improvviso passò una farfalla danzando.

Tutti applaudirono di gioia.

Chi osa vince."
158,Lena e il mistero,"Lena, a cui piace dipingere, viveva nel parco verde.

Gli uccelli cantavano allegri.

Un giorno Lena volle vedere il cielo stellato.

Ma c'era nebbia.

Il fornaio, si unì.

Niente paura, ti aiuto.

Insieme presero la bottiglia blu.

Lungo la strada giocarono allegramente.

Lungo la strada si riposarono un po'.

All'improvviso si alzò il vento.

Così la paura divenne coraggio.

Il coraggio è premiato."
159,La giornata più bella di Finn,"Finn, un piccolo sognatore, viveva nel bosco vecchio.

Profumava di erba fresca.

Un giorno Finn volle salire sulla torre.

Ma il ponte era rotto.

Il fornaio, si unì.

Vengo anch'io!

Insieme presero la borsa gialla.

Lungo la strada chiacchierarono insieme.

Lungo la strada cantarono insieme.

All'improvviso cadde una stella cadente.

Tutti risero e tornarono a casa.

Condividere fa piacere."
160,Pippa e il tesoro,"Pippa, un topolino coraggioso, viveva nel campo giallo.

Tutto era calmo e sereno.

Un giorno Pippa volle visitare il vecchio castello.

Ma un cane abbaiava forte.

Il fornaio, si unì.

Meno male che ci sono.

Insieme presero la corda rossa.

Lungo la strada giocarono un po'.

Lungo la strada ballarono allegramente.

All'improvviso qualcuno rise.

Così l'avventura finì bene.

Insieme è tutto più facile."
161,Nora e il mistero,"Nora, che fa tante domande, viveva in un piccolo villaggio.

Il sole splendeva caldo.

Un giorno Nora volle esplorare il bosco.

Ma la strada era bloccata.

Il fornaio, si unì.

Insieme ce la faremo!

Insieme presero il vecchio binocolo.

Lungo la strada chiacchierarono allegramente.

Lungo la strada giocarono forte.

All'improvviso qualcosa frusciò forte.

Alla fine erano tutti felici.

I veri amici aiutano sempre."
162,Theo e il piano,"Theo, un ragazzo allegro, viveva al mercato colorato.

Volavano farfalle.

Un giorno Theo volle scoprire l'isola.

Ma cominciò a piovere.

Il postino, si unì.

Niente paura, ti aiuto.

Insieme presero il coltello piccolo.

Lungo la strada giocarono presso il ruscello.

Lungo la strada chiacchierarono insieme.

All'improvviso gracchiò una rana.

L'avventura restò indimenticabile.

La pazienza porta fortuna."
163,Emma e il viaggio,"Emma, una ragazza coraggiosa, viveva presso il vecchio pozzo.

Profumava di fiori.

Un giorno Emma volle trovare la grotta.

Ma la mappa era sparita.

Il postino, si unì.

Vengo anch'io!

Insieme presero una coperta calda.

Lungo la strada chiacchierarono un po'.

Lungo la strada si riposarono in cerchio.

All'improvviso abbaiò un cane.

Tutti tornarono contenti.

La curiosità porta a meraviglie."
164,Paolo e il ritrovamento,"Paolo, a cui piace costruire, viveva nel parco giochi.

Un ruscello mormorava piano.

Un giorno Paolo volle vedere l'alta montagna.

Ma si fece buio.

Il postino, si unì.

Meno male che ci sono.

Insieme presero una mappa colorata.

Lungo la strada giocarono in cerchio.

Lungo la strada cantarono un po'.

All'improvviso cadde una foglia.

Così la giornata fu perfetta.

Ridere aiuta sempre."
165,Mia e la scoperta,"Mia, una piccola cantante, viveva presso il fiume azzurro.

Il cielo era azzurro.

Un giorno Mia volle cercare il tesoro.

Ma il fiume era troppo profondo.

Il postino, si unì.

Insieme ce la faremo!

Insieme presero una moneta vecchia.

Lungo la strada chiacchierarono presso il ruscello.

Lungo la strada ballarono presso il ruscello.

All'improvviso ronzò un'ape.

Tutti applaudirono di gioia.

Chi osa vince."
166,Leo e la gita,"Leo, a cui piacciono gli animali, viveva nel prato verde.

Gli uccelli cantavano allegri.

Un giorno Leo volle attraversare il lago.

Ma un albero bloccava la strada.

Il postino, si unì.

Niente paura, ti aiuto.

Insieme presero la corda verde.

Lungo la strada giocarono forte.

Lungo la strada risero allegramente.

All'improvviso bussarono.

Così la paura divenne coraggio.

Il coraggio è premiato."
167,Anna e la gara,"Anna, che pensa in fretta, viveva presso la grande quercia.

Profumava di erba fresca.

Un giorno Anna volle trovare il mare.

Ma il vento era forte.

Il postino, si unì.

Vengo anch'io!

Insieme presero la piccola lanterna.

Lungo la strada chiacchierarono in cerchio.

Lungo la strada chiacchierarono un po'.

All'improvviso passò una farfalla danzando.

Tutti risero e tornarono a casa.

Condividere fa piacere."
168,Max e l'indovinello,"Max, un ragazzo allegro, viveva nel parco verde.

Tutto era calmo e sereno.

Un giorno Max volle vedere il cielo stellato.

Ma c'era nebbia.

Il postino, si unì.

Meno male che ci sono.

Insieme presero la bottiglia blu.

Lungo la strada risero insieme.

Lungo la strada giocarono insieme.

All'improvviso si alzò il vento.

Così l'avventura finì bene.

Insieme è tutto più facile."
169,Milo e la sorpresa,"Milo, un ragazzo curioso, viveva nel bosco vecchio.

Il sole splendeva caldo.

Un giorno Milo volle salire sulla torre.

Ma il ponte era rotto.

Nonna Lina, che sa tutto, si unì.

Insieme ce la faremo!

Insieme presero la borsa gialla.

Lungo la strada chiacchierarono forte.

Lungo la strada cantarono in cerchio.

All'improvviso cadde una stella cadente.

Alla fine erano tutti felici.

I veri amici aiutano sempre."
170,Lena e la grande avventura,"Lena, a cui piace dipingere, viveva nel campo giallo.

Volavano farfalle.

Un giorno Lena volle visitare il vecchio castello.

Ma un cane abbaiava forte.

Nonna Lina, che sa tutto, si unì.

Niente paura, ti aiuto.

Insieme presero la corda rossa.

Lungo la strada risero allegramente.

Lungo la strada ballarono forte.

All'improvviso qualcuno rise.

L'avventura restò indimenticabile.

La pazienza porta fortuna."
171,Finn e il mistero,"Finn, un piccolo sognatore, viveva in un piccolo villaggio.

Profumava di fiori.

Un giorno Finn volle esplorare il bosco.

Ma la strada era bloccata.

Nonna Lina, che sa tutto, si unì.

Vengo anch'io!

Insieme presero il vecchio binocolo.

Lungo la strada ballarono insieme.

Lungo la strada risero presso il ruscello.

All'improvviso qualcosa frusciò forte.

Tutti tornarono contenti.

La curiosità porta a meraviglie."
172,La giornata più bella di Pippa,"Pippa, un topolino coraggioso, viveva al mercato colorato.

Un ruscello mormorava piano.

Un giorno Pippa volle scoprire l'isola.

Ma cominciò a piovere.

Nonna Lina, che sa tutto, si unì.

Meno male che ci sono.

Insieme presero il coltello piccolo.

Lungo la strada risero un po'.

Lungo la strada chiacchierarono in cerchio.

All'improvviso gracchiò una rana.

Così la giornata fu perfetta.

Ridere aiuta sempre."
173,Nora e il tesoro,"Nora, che fa tante domande, viveva presso il vecchio pozzo.

Il cielo era azzurro.

Un giorno Nora volle trovare la grotta.

Ma la mappa era sparita.

Nonna Lina, che sa tutto, si unì.

Insieme ce la faremo!

Insieme presero una coperta calda.

Lungo la strada ballarono allegramente.

Lungo la strada giocarono un po'.

All'improvviso abbaiò un cane.

Tutti applaudirono di gioia.

Chi osa vince."
174,Theo e il mistero,"Theo, un ragazzo allegro, viveva nel parco giochi.

Gli uccelli cantavano allegri.

Un giorno Theo volle vedere l'alta montagna.

Ma si fece buio.

Nonna Lina, che sa tutto, si unì.

Niente paura, ti aiuto.

Insieme presero una mappa colorata.

Lungo la strada risero presso il ruscello.

Lungo la strada raccontarono storie.

All'improvviso cadde una foglia.

Così la paura divenne coraggio.

Il coraggio è premiato."
175,Emma e il piano,"Emma, una ragazza coraggiosa, viveva presso il fiume azzurro.

Profumava di erba fresca.

Un giorno Emma volle cercare il tesoro.

Ma il fiume era troppo profondo.

Nonna Lina, che sa tutto, si unì.

Vengo anch'io!

Insieme presero una moneta vecchia.

Lungo la strada ballarono un po'.

Lungo la strada si riposarono allegramente.

All'improvviso ronzò un'ape.

Tutti risero e tornarono a casa.

Condividere fa piacere."
176,Paolo e il viaggio,"Paolo, a cui piace costruire, viveva nel prato verde.

Tutto era calmo e sereno.

Un giorno Paolo volle attraversare il lago.

Ma un albero bloccava la strada.

Signor Tasso, il giardiniere, si unì.

Meno male che ci sono.

Insieme presero la corda verde.

Lungo la strada risero in cerchio.

Lungo la strada risero forte.

All'improvviso bussarono.

Così l'avventura finì bene.

Insieme è tutto più facile."
177,Mia e il ritrovamento,"Mia, una piccola cantante, viveva presso la grande quercia.

Il sole splendeva caldo.

Un giorno Mia volle trovare il mare.

Ma il vento era forte.

Signor Tasso, il giardiniere, si unì.

Insieme ce la faremo!

Insieme presero la piccola lanterna.

Lungo la strada ballarono presso il ruscello.

Lungo la strada ballarono insieme.

All'improvviso passò una farfalla danzando.

Alla fine erano tutti felici.

I veri amici aiutano sempre."
178,Leo e la scoperta,"Leo, a cui piacciono gli animali, viveva nel parco verde.

Volavano farfalle.

Un giorno Leo volle vedere il cielo stellato.

Ma c'era nebbia.

Signor Tasso, il giardiniere, si unì.

Niente paura, ti aiuto.

Insieme presero la bottiglia blu.

Lungo la strada risero forte.

Lungo la strada giocarono in cerchio.

All'improvviso si alzò il vento.

L'avventura restò indimenticabile.

La pazienza porta fortuna."
179,Anna e la gita,"Anna, che pensa in fretta, viveva nel bosco vecchio.

Profumava di fiori.

Un giorno Anna volle salire sulla torre.

Ma il ponte era rotto.

Signor Tasso, il giardiniere, si unì.

Vengo anch'io!

Insieme presero la borsa gialla.

Lungo la strada ballarono in cerchio.

Lungo la strada cantarono una canzone.

All'improvviso cadde una stella cadente.

Tutti tornarono contenti.

La curiosità porta a meraviglie."
180,Max e la gara,"Max, un ragazzo allegro, viveva nel campo giallo.

Un ruscello mormorava piano.

Un giorno Max volle visitare il vecchio castello.

Ma un cane abbaiava forte.

Signor Tasso, il giardiniere, si unì.

Meno male che ci sono.

Insieme presero la corda rossa.

Lungo la strada cantarono insieme.

Lungo la strada si riposarono presso il ruscello.

All'improvviso qualcuno rise.

Così la giornata fu perfetta.

Ridere aiuta sempre."
181,Milo e l'indovinello,"Milo, un ragazzo curioso, viveva in un piccolo villaggio.

Il cielo era azzurro.

Un giorno Milo volle esplorare il bosco.

Ma la strada era bloccata.

Signor Tasso, il giardiniere, si unì.

Insieme ce la faremo!

Insieme presero il vecchio binocolo.

Lungo la strada ballarono forte.

Lungo la strada cantarono allegramente.

All'improvviso qualcosa frusciò forte.

Tutti applaudirono di gioia.

Chi osa vince."
182,Lena e la sorpresa,"Lena, a cui piace dipingere, viveva al mercato colorato.

Gli uccelli cantavano allegri.

Un giorno Lena volle scoprire l'isola.

Ma cominciò a piovere.

Signor Tasso, il giardiniere, si unì.

Niente paura, ti aiuto.

Insieme presero il coltello piccolo.

Lungo la strada cantarono allegramente.

Lungo la strada ballarono un po'.

All'improvviso gracchiò una rana.

Così la paura divenne coraggio.

Il coraggio è premiato."
183,Finn e la grande avventura,"Finn, un piccolo sognatore, viveva presso il vecchio pozzo.

Profumava di erba fresca.

Un giorno Finn volle trovare la grotta.

Ma la mappa era sparita.

Zia Mira, la vicina divertente, si unì.

Vengo anch'io!

Insieme presero una coperta calda.

Lungo la strada si riposarono insieme.

Lungo la strada risero insieme.

All'improvviso abbaiò un cane.

Tutti risero e tornarono a casa.

Condividere fa piacere."
184,Pippa e il mistero,"Pippa, un topolino coraggioso, viveva nel parco giochi.

Tutto era calmo e sereno.

Un giorno Pippa volle vedere l'alta montagna.

Ma si fece buio.

Zia Mira, la vicina divertente, si unì.

Meno male che ci sono.

Insieme presero una mappa colorata.

Lungo la strada cantarono un po'.

Lungo la strada chiacchierarono allegramente.

All'improvviso cadde una foglia.

Così l'avventura finì bene.

Insieme è tutto più facile."
185,La giornata più bella di Nora,"Nora, che fa tante domande, viveva presso il fiume azzurro.

Il sole splendeva caldo.

Un giorno Nora volle cercare il tesoro.

Ma il fiume era troppo profondo.

Zia Mira, la vicina divertente, si unì.

Insieme ce la faremo!

Insieme presero una moneta vecchia.

Lungo la strada si riposarono allegramente.

Lungo la strada si riposarono forte.

All'improvviso ronzò un'ape.

Alla fine erano tutti felici.

I veri amici aiutano sempre."
186,Theo e il tesoro,"Theo, un ragazzo allegro, viveva nel prato verde.

Volavano farfalle.

Un giorno Theo volle attraversare il lago.

Ma un albero bloccava la strada.

Zia Mira, la vicina divertente, si unì.

Niente paura, ti aiuto.

Insieme presero la corda verde.

Lungo la strada cantarono presso il ruscello.

Lungo la strada cantarono un po'.

All'improvviso bussarono.

L'avventura restò indimenticabile.

La pazienza porta fortuna."
187,Emma e il mistero,"Emma, una ragazza coraggiosa, viveva presso la grande quercia.

Profumava di fiori.

Un giorno Emma volle trovare il mare.

Ma il vento era forte.

Zia Mira, la vicina divertente, si unì.

Vengo anch'io!

Insieme presero la piccola lanterna.

Lungo la strada si riposarono un po'.

Lungo la strada ballarono in cerchio.

All'improvviso passò una farfalla danzando.

Tutti tornarono contenti.

La curiosità porta a meraviglie."
188,Paolo e il piano,"Paolo, a cui piace costruire, viveva nel parco verde.

Un ruscello mormorava piano.

Un giorno Paolo volle vedere il cielo stellato.

Ma c'era nebbia.

Zia Mira, la vicina divertente, si unì.

Meno male che ci sono.

Insieme presero la bottiglia blu.

Lungo la strada cantarono in cerchio.

Lungo la strada risero un po'.

All'improvviso si alzò il vento.

Così la giornata fu perfetta.

Ridere aiuta sempre."
189,Mia e il viaggio,"Mia, una piccola cantante, viveva nel bosco vecchio.

Il cielo era azzurro.

Un giorno Mia volle salire sulla torre.

Ma il ponte era rotto.

Zia Mira, la vicina divertente, si unì.

Insieme ce la faremo!

Insieme presero la borsa gialla.

Lungo la strada si riposarono presso il ruscello.

Lungo la strada chiacchierarono presso il ruscello.

All'improvviso cadde una stella cadente.

Tutti applaudirono di gioia.

Chi osa vince."
190,Leo e il ritrovamento,"Leo, a cui piacciono gli animali, viveva nel campo giallo.

Gli uccelli cantavano allegri.

Un giorno Leo volle visitare il vecchio castello.

Ma un cane abbaiava forte.

Nonno Carlo, che ripara tutto, si unì.

Niente paura, ti aiuto.

Insieme presero la corda rossa.

Lungo la strada cantarono forte.

Lungo la strada giocarono allegramente.

All'improvviso qualcuno rise.

Così la paura divenne coraggio.

Il coraggio è premiato."
191,Anna e la scoperta,"Anna, che pensa in fretta, viveva in un piccolo villaggio.

Profumava di erba fresca.

Un giorno Anna volle esplorare il bosco.

Ma la strada era bloccata.

Nonno Carlo, che ripara tutto, si unì.

Vengo anch'io!

Insieme presero il vecchio binocolo.

Lungo la strada si riposarono in cerchio.

Lungo la strada cantarono forte.

All'improvviso qualcosa frusciò forte.

Tutti risero e tornarono a casa.

Condividere fa piacere."
192,Max e la gita,"Max, un ragazzo allegro, viveva al mercato colorato.

Tutto era calmo e sereno.

Un giorno Max volle scoprire l'isola.

Ma cominciò a piovere.

Nonno Carlo, che ripara tutto, si unì.

Meno male che ci sono.

Insieme presero il coltello piccolo.

Lungo la strada raccontarono storie.

Lungo la strada si riposarono insieme.

All'improvviso gracchiò una rana.

Così l'avventura finì bene.

Insieme è tutto più facile."
193,Milo e la gara,"Milo, un ragazzo curioso, viveva presso il vecchio pozzo.

Il sole splendeva caldo.

Un giorno Milo volle trovare la grotta.

Ma la mappa era sparita.

Nonno Carlo, che ripara tutto, si unì.

Insieme ce la faremo!

Insieme presero una coperta calda.

Lungo la strada si riposarono forte.

Lungo la strada risero in cerchio.

All'improvviso abbaiò un cane.

Alla fine erano tutti felici.

I veri amici aiutano sempre."
194,Lena e l'indovinello,"Lena, a cui piace dipingere, viveva nel parco giochi.

Volavano farfalle.

Un giorno Lena volle vedere l'alta montagna.

Ma si fece buio.

Nonno Carlo, che ripara tutto, si unì.

Niente paura, ti aiuto.

Insieme presero una mappa colorata.

Lungo la strada risero molto.

Lungo la strada chiacchierarono forte.

All'improvviso cadde una foglia.

L'avventura restò indimenticabile.

La pazienza porta fortuna."
195,Finn e la sorpresa,"Finn, un piccolo sognatore, viveva presso il fiume azzurro.

Profumava di fiori.

Un giorno Finn volle cercare il tesoro.

Ma il fiume era troppo profondo.

Nonno Carlo, che ripara tutto, si unì.

Vengo anch'io!

Insieme presero una moneta vecchia.

Lungo la strada giocarono insieme.

Lungo la strada giocarono presso il ruscello.

All'improvviso ronzò un'ape.

Tutti tornarono contenti.

La curiosità porta a meraviglie."
196,Pippa e la grande avventura,"Pippa, un topolino coraggioso, viveva nel prato verde.

Un ruscello mormorava piano.

Un giorno Pippa volle attraversare il lago.

Ma un albero bloccava la strada.

Nonno Carlo, che ripara tutto, si unì.

Meno male che ci sono.

Insieme presero la corda verde.

Lungo la strada cantarono una canzone.

Lungo la strada risero molto.

All'improvviso bussarono.

Così la giornata fu perfetta.

Ridere aiuta sempre."
197,Nora e il mistero,"Nora, che fa tante domande, viveva presso la grande quercia.

Il cielo era azzurro.

Un giorno Nora volle trovare il mare.

Ma il vento era forte.

Il fornaio, si unì.

Insieme ce la faremo!

Insieme presero la piccola lanterna.

Lungo la strada giocarono allegramente.

Lungo la strada si riposarono un po'.

All'improvviso passò una farfalla danzando.

Tutti applaudirono di gioia.

Chi osa vince."
198,La giornata più bella di Theo,"Theo, un ragazzo allegro, viveva nel parco verde.

Gli uccelli cantavano allegri.

Un giorno Theo volle vedere il cielo stellato.

Ma c'era nebbia.

Il fornaio, si unì.

Niente paura, ti aiuto.

Insieme presero la bottiglia blu.

Lungo la strada chiacchierarono insieme.

Lungo la strada cantarono insieme.

All'improvviso si alzò il vento.

Così la paura divenne coraggio.

Il coraggio è premiato."
199,Emma e il tesoro,"Emma, una ragazza coraggiosa, viveva nel bosco vecchio.

Profumava di erba fresca.

Un giorno Emma volle salire sulla torre.

Ma il ponte era rotto.

Il fornaio, si unì.

Vengo anch'io!

Insieme presero la borsa gialla.

Lungo la strada giocarono un po'.

Lungo la strada ballarono allegramente.

All'improvviso cadde una stella cadente.

Tutti risero e tornarono a casa.

Condividere fa piacere."
200,Paolo e il mistero,"Paolo, a cui piace costruire, viveva nel campo giallo.

Tutto era calmo e sereno.

Un giorno Paolo volle visitare il vecchio castello.

Ma un cane abbaiava forte.

Il fornaio, si unì.

Meno male che ci sono.

Insieme presero la corda rossa.

Lungo la strada chiacchierarono allegramente.

Lungo la strada giocarono forte.

All'improvviso qualcuno rise.

Così l'avventura finì bene.

Insieme è tutto più facile."
201,Mia e il piano,"Mia, una piccola cantante, viveva in un piccolo villaggio.

Il sole splendeva caldo.

Un giorno Mia volle esplorare il bosco.

Ma la strada era bloccata.

Il fornaio, si unì.

Insieme ce la faremo!

Insieme presero il vecchio binocolo.

Lungo la strada giocarono presso il ruscello.

Lungo la strada chiacchierarono insieme.

All'improvviso qualcosa frusciò forte.

Alla fine erano tutti felici.

I veri amici aiutano sempre."
202,Leo e il viaggio,"Leo, a cui piacciono gli animali, viveva al mercato colorato.

Volavano farfalle.

Un giorno Leo volle scoprire l'isola.

Ma cominciò a piovere.

Il fornaio, si unì.

Niente paura, ti aiuto.

Insieme presero il coltello piccolo.

Lungo la strada chiacchierarono un po'.

Lungo la strada si riposarono in cerchio.

All'improvviso gracchiò una rana.

L'avventura restò indimenticabile.

La pazienza porta fortuna."
203,Anna e il ritrovamento,"Anna, che pensa in fretta, viveva presso il vecchio pozzo.

Profumava di fiori.

Un giorno Anna volle trovare la grotta.

Ma la mappa era sparita.

Il fornaio, si unì.

Vengo anch'io!

Insieme presero una coperta calda.

Lungo la strada giocarono in cerchio.

Lungo la strada cantarono un po'.

All'improvviso abbaiò un cane.

Tutti tornarono contenti.

La curiosità porta a meraviglie."
204,Max e la scoperta,"Max, un ragazzo allegro, viveva nel parco giochi.

Un ruscello mormorava piano.

Un giorno Max volle vedere l'alta montagna.

Ma si fece buio.

Il postino, si unì.

Meno male che ci sono.

Insieme presero una mappa colorata.

Lungo la strada chiacchierarono presso il ruscello.

Lungo la strada ballarono presso il ruscello.

All'improvviso cadde una foglia.

Così la giornata fu perfetta.

Ridere aiuta sempre."
205,Milo e la gita,"Milo, un ragazzo curioso, viveva presso il fiume azzurro.

Il cielo era azzurro.

Un giorno Milo volle cercare il tesoro.

Ma il fiume era troppo profondo.

Il postino, si unì.

Insieme ce la faremo!

Insieme presero una moneta vecchia.

Lungo la strada giocarono forte.

Lungo la strada risero allegramente.

All'improvviso ronzò un'ape.

Tutti applaudirono di gioia.

Chi osa vince."
206,Lena e la gara,"Lena, a cui piace dipingere, viveva nel prato verde.

Gli uccelli cantavano allegri.

Un giorno Lena volle attraversare il lago.

Ma un albero bloccava la strada.

Il postino, si unì.

Niente paura, ti aiuto.

Insieme presero la corda verde.

Lungo la strada chiacchierarono in cerchio.

Lungo la strada chiacchierarono un po'.

All'improvviso bussarono.

Così la paura divenne coraggio.

Il coraggio è premiato."
207,Finn e l'indovinello,"Finn, un piccolo sognatore, viveva presso la grande quercia.

Profumava di erba fresca.

Un giorno Finn volle trovare il mare.

Ma il vento era forte.

Il postino, si unì.

Vengo anch'io!

Insieme presero la piccola lanterna.

Lungo la strada risero insieme.

Lungo la strada giocarono insieme.

All'improvviso passò una farfalla danzando.

Tutti risero e tornarono a casa.

Condividere fa piacere."
208,Pippa e la sorpresa,"Pippa, un topolino coraggioso, viveva nel parco verde.

Tutto era calmo e sereno.

Un giorno Pippa volle vedere il cielo stellato.

Ma c'era nebbia.

Il postino, si unì.

Meno male che ci sono.

Insieme presero la bottiglia blu.

Lungo la strada chiacchierarono forte.

Lungo la strada cantarono in cerchio.

All'improvviso si alzò il vento.

Così l'avventura finì bene.

Insieme è tutto più facile."
209,Nora e la grande avventura,"Nora, che fa tante domande, viveva nel bosco vecchio.

Il sole splendeva caldo.

Un giorno Nora volle salire sulla torre.

Ma il ponte era rotto.

Il postino, si unì.

Insieme ce la faremo!

Insieme presero la borsa gialla.

Lungo la strada risero allegramente.

Lungo la strada ballarono forte.

All'improvviso cadde una stella cadente.

Alla fine erano tutti felici.

I veri amici aiutano sempre."
210,Theo e il mistero,"Theo, un ragazzo allegro, viveva nel campo giallo.

Volavano farfalle.

Un giorno Theo volle visitare il vecchio castello.

Ma un cane abbaiava forte.

Il postino, si unì.

Niente paura, ti aiuto.

Insieme presero la corda rossa.

Lungo la strada ballarono insieme.

Lungo la strada risero presso il ruscello.

All'improvviso qualcuno rise.

L'avventura restò indimenticabile.

La pazienza porta fortuna."
211,La giornata più bella di Emma,"Emma, una ragazza coraggiosa, viveva in un piccolo villaggio.

Profumava di fiori.

Un giorno Emma volle esplorare il bosco.

Ma la strada era bloccata.

Nonna Lina, che sa tutto, si unì.

Vengo anch'io!

Insieme presero il vecchio binocolo.

Lungo la strada risero un po'.

Lungo la strada chiacchierarono in cerchio.

All'improvviso qualcosa frusciò forte.

Tutti tornarono contenti.

La curiosità porta a meraviglie."
212,Paolo e il tesoro,"Paolo, a cui piace costruire, viveva al mercato colorato.

Un ruscello mormorava piano.

Un giorno Paolo volle scoprire l'isola.

Ma cominciò a piovere.

Nonna Lina, che sa tutto, si unì.

Meno male che ci sono.

Insieme presero il coltello piccolo.

Lungo la strada ballarono allegramente.

Lungo la strada giocarono un po'.

All'improvviso gracchiò una rana.

Così la giornata fu perfetta.

Ridere aiuta sempre."
213,Mia e il mistero,"Mia, una piccola cantante, viveva presso il vecchio pozzo.

Il cielo era azzurro.

Un giorno Mia volle trovare la grotta.

Ma la mappa era sparita.

Nonna Lina, che sa tutto, si unì.

Insieme ce la faremo!

Insieme presero una coperta calda.

Lungo la strada risero presso il ruscello.

Lungo la strada raccontarono storie.

All'improvviso abbaiò un cane.

Tutti applaudirono di gioia.

Chi osa vince."
214,Leo e il piano,"Leo, a cui piacciono gli animali, viveva nel parco giochi.

Gli uccelli cantavano allegri.

Un giorno Leo volle vedere l'alta montagna.

Ma si fece buio.

Nonna Lina, che sa tutto, si unì.

Niente paura, ti aiuto.

Insieme presero una mappa colorata.

Lungo la strada ballarono un po'.

Lungo la strada si riposarono allegramente.

All'improvviso cadde una foglia.

Così la paura divenne coraggio.

Il coraggio è premiato."
215,Anna e il viaggio,"Anna, che pensa in fretta, viveva presso il fiume azzurro.

Profumava di erba fresca.

Un giorno Anna volle cercare il tesoro.

Ma il fiume era troppo profondo.

Nonna Lina, che sa tutto, si unì.

Vengo anch'io!

Insieme presero una moneta vecchia.

Lungo la strada risero in cerchio.

Lungo la strada risero forte.

All'improvviso ronzò un'ape.

Tutti risero e tornarono a casa.

Condividere fa piacere."
216,Max e il ritrovamento,"Max, un ragazzo allegro, viveva nel prato verde.

Tutto era calmo e sereno.

Un giorno Max volle attraversare il lago.

Ma un albero bloccava la strada.

Nonna Lina, che sa tutto, si unì.

Meno male che ci sono.

Insieme presero la corda verde.

Lungo la strada ballarono presso il ruscello.

Lungo la strada ballarono insieme.

All'improvviso bussarono.

Così l'avventura finì bene.

Insieme è tutto più facile."
217,Milo e la scoperta,"Milo, un ragazzo curioso, viveva presso la grande quercia.

Il sole splendeva caldo.

Un giorno Milo volle trovare il mare.

Ma il vento era forte.

Nonna Lina, che sa tutto, si unì.

Insieme ce la faremo!

Insieme presero la piccola lanterna.

Lungo la strada risero forte.

Lungo la strada giocarono in cerchio.

All'improvviso passò una farfalla danzando.

Alla fine erano tutti felici.

I veri amici aiutano sempre."
218,Lena e la gita,"Lena, a cui piace dipingere, viveva nel parco verde.

Volavano farfalle.

Un giorno Lena volle vedere il cielo stellato.

Ma c'era nebbia.

Signor Tasso, il giardiniere, si unì.

Niente paura, ti aiuto.

Insieme presero la bottiglia blu.

Lungo la strada ballarono in cerchio.

Lungo la strada cantarono una canzone.

All'improvviso si alzò il vento.

L'avventura restò indimenticabile.

La pazienza porta fortuna."
219,Finn e la gara,"Finn, un piccolo sognatore, viveva nel bosco vecchio.

Profumava di fiori.

Un giorno Finn volle salire sulla torre.

Ma il ponte era rotto.

Signor Tasso, il giardiniere, si unì.

Vengo anch'io!

Insieme presero la borsa gialla.

Lungo la strada cantarono insieme.

Lungo la strada si riposarono presso il ruscello.

All'improvviso cadde una stella cadente.

Tutti tornarono contenti.

La curiosità porta a meraviglie."
220,Pippa e l'indovinello,"Pippa, un topolino coraggioso, viveva nel campo giallo.

Un ruscello mormorava piano.

Un giorno Pippa volle visitare il vecchio castello.

Ma un cane abbaiava forte.

Signor Tasso, il giardiniere, si unì.

Meno male che ci sono.

Insieme presero la corda rossa.

Lungo la strada ballarono forte.

Lungo la strada cantarono allegramente.

All'improvviso qualcuno rise.

Così la giornata fu perfetta.

Ridere aiuta sempre."
221,Nora e la sorpresa,"Nora, che fa tante domande, viveva in un piccolo villaggio.

Il cielo era azzurro.

Un giorno Nora volle esplorare il bosco.

Ma la strada era bloccata.

Signor Tasso, il giardiniere, si unì.

Insieme ce la faremo!

Insieme presero il vecchio binocolo.

Lungo la strada cantarono allegramente.

Lungo la strada ballarono un po'.

All'improvviso qualcosa frusciò forte.

Tutti applaudirono di gioia.

Chi osa vince."
222,Theo e la grande avventura,"Theo, un ragazzo allegro, viveva al mercato colorato.

Gli uccelli cantavano allegri.

Un giorno Theo volle scoprire l'isola.

Ma cominciò a piovere.

Signor Tasso, il giardiniere, si unì.

Niente paura, ti aiuto.

Insieme presero il coltello piccolo.

Lungo la strada si riposarono insieme.

Lungo la strada risero insieme.

All'improvviso gracchiò una rana.

Così la paura divenne coraggio.

Il coraggio è premiato."
223,Emma e il mistero,"Emma, una ragazza coraggiosa, viveva presso il vecchio pozzo.

Profumava di erba fresca.

Un giorno Emma volle trovare la grotta.

Ma la mappa era sparita.

Signor Tasso, il giardiniere, si unì.

Vengo anch'io!

Insieme presero una coperta calda.

Lungo la strada cantarono un po'.

Lungo la strada chiacchierarono allegramente.

All'improvviso abbaiò un cane.

Tutti risero e tornarono a casa.

Condividere fa piacere."
224,La giornata più bella di Paolo,"Paolo, a cui piace costruire, viveva nel parco giochi.

Tutto era calmo e sereno.

Un giorno Paolo volle vedere l'alta montagna.

Ma si fece buio.

Signor Tasso, il giardiniere, si unì.

Meno male che ci sono.

Insieme presero una mappa colorata.

Lungo la strada si riposarono allegramente.

Lungo la strada si riposarono forte.

All'improvviso cadde una foglia.

Così l'avventura finì bene.

Insieme è tutto più facile."
225,Mia e il tesoro,"Mia, una piccola cantante, viveva presso il fiume azzurro.

Il sole splendeva caldo.

Un giorno Mia volle cercare il tesoro.

Ma il fiume era troppo profondo.

Zia Mira, la vicina divertente, si unì.

Insieme ce la faremo!

Insieme presero una moneta vecchia.

Lungo la strada cantarono presso il ruscello.

Lungo la strada cantarono un po'.

All'improvviso ronzò un'ape.

Alla fine erano tutti felici.

I veri amici aiutano sempre."
226,Leo e il mistero,"Leo, a cui piacciono gli animali, viveva nel prato verde.

Volavano farfalle.

Un giorno Leo volle attraversare il lago.

Ma un albero bloccava la strada.

Zia Mira, la vicina divertente, si unì.

Niente paura, ti aiuto.

Insieme presero la corda verde.

Lungo la strada si riposarono un po'.

Lungo la strada ballarono in cerchio.

All'improvviso bussarono.

L'avventura restò indimenticabile.

La pazienza porta fortuna."
227,Anna e il piano,"Anna, che pensa in fretta, viveva presso la grande quercia.

Profumava di fiori.

Un giorno Anna volle trovare il mare.

Ma il vento era forte.

Zia Mira, la vicina divertente, si unì.

Vengo anch'io!

Insieme presero la piccola lanterna.

Lungo la strada cantarono in cerchio.

Lungo la strada risero un po'.

All'improvviso passò una farfalla danzando.

Tutti tornarono contenti.

La curiosità porta a meraviglie."
228,Max e il viaggio,"Max, un ragazzo allegro, viveva nel parco verde.

Un ruscello mormorava piano.

Un giorno Max volle vedere il cielo stellato.

Ma c'era nebbia.

Zia Mira, la vicina divertente, si unì.

Meno male che ci sono.

Insieme presero la bottiglia blu.

Lungo la strada si riposarono presso il ruscello.

Lungo la strada chiacchierarono presso il ruscello.

All'improvviso si alzò il vento.

Così la giornata fu perfetta.

Ridere aiuta sempre."
229,Milo e il ritrovamento,"Milo, un ragazzo curioso, viveva nel bosco vecchio.

Il cielo era azzurro.

Un giorno Milo volle salire sulla torre.

Ma il ponte era rotto.

Zia Mira, la vicina divertente, si unì.

Insieme ce la faremo!

Insieme presero la borsa gialla.

Lungo la strada cantarono forte.

Lungo la strada giocarono allegramente.

All'improvviso cadde una stella cadente.

Tutti applaudirono di gioia.

Chi osa vince."
230,Lena e la scoperta,"Lena, a cui piace dipingere, viveva nel campo giallo.

Gli uccelli cantavano allegri.

Un giorno Lena volle visitare il vecchio castello.

Ma un cane abbaiava forte.

Zia Mira, la vicina divertente, si unì.

Niente paura, ti aiuto.

Insieme presero la corda rossa.

Lungo la strada si riposarono in cerchio.

Lungo la strada cantarono forte.

All'improvviso qualcuno rise.

Così la paura divenne coraggio.

Il coraggio è premiato."
231,Finn e la gita,"Finn, un piccolo sognatore, viveva in un piccolo villaggio.

Profumava di erba fresca.

Un giorno Finn volle esplorare il bosco.

Ma la strada era bloccata.

Zia Mira, la vicina divertente, si unì.

Vengo anch'io!

Insieme presero il vecchio binocolo.

Lungo la strada raccontarono storie.

Lungo la strada si riposarono insieme.

All'improvviso qualcosa frusciò forte.

Tutti risero e tornarono a casa.

Condividere fa piacere."
232,Pippa e la gara,"Pippa, un topolino coraggioso, viveva al mercato colorato.

Tutto era calmo e sereno.

Un giorno Pippa volle scoprire l'isola.

Ma cominciò a piovere.

Nonno Carlo, che ripara tutto, si unì.

Meno male che ci sono.

Insieme presero il coltello piccolo.

Lungo la strada si riposarono forte.

Lungo la strada risero in cerchio.

All'improvviso gracchiò una rana.

Così l'avventura finì bene.

Insieme è tutto più facile."
233,Nora e l'indovinello,"Nora, che fa tante domande, viveva presso il vecchio pozzo.

Il sole splendeva caldo.

Un giorno Nora volle trovare la grotta.

Ma la mappa era sparita.

Nonno Carlo, che ripara tutto, si unì.

Insieme ce la faremo!

Insieme presero una coperta calda.

Lungo la strada risero molto.

Lungo la strada chiacchierarono forte.

All'improvviso abbaiò un cane.

Alla fine erano tutti felici.

I veri amici aiutano sempre."
234,Theo e la sorpresa,"Theo, un ragazzo allegro, viveva nel parco giochi.

Volavano farfalle.

Un giorno Theo volle vedere l'alta montagna.

Ma si fece buio.

Nonno Carlo, che ripara tutto, si unì.

Niente paura, ti aiuto.

Insieme presero una mappa colorata.

Lungo la strada giocarono insieme.

Lungo la strada giocarono presso il ruscello.

All'improvviso cadde una foglia.

L'avventura restò indimenticabile.

La pazienza porta fortuna."
235,Emma e la grande avventura,"Emma, una ragazza coraggiosa, viveva presso il fiume azzurro.

Profumava di fiori.

Un giorno Emma volle cercare il tesoro.

Ma il fiume era troppo profondo.

Nonno Carlo, che ripara tutto, si unì.

Vengo anch'io!

Insieme presero una moneta vecchia.

Lungo la strada cantarono una canzone.

Lungo la strada risero molto.

All'improvviso ronzò un'ape.

Tutti tornarono contenti.

La curiosità porta a meraviglie."
236,Paolo e il mistero,"Paolo, a cui piace costruire, viveva nel prato verde.

Un ruscello mormorava piano.

Un giorno Paolo volle attraversare il lago.

Ma un albero bloccava la strada.

Nonno Carlo, che ripara tutto, si unì.

Meno male che ci sono.

Insieme presero la corda verde.

Lungo la strada giocarono allegramente.

Lungo la strada si riposarono un po'.

All'improvviso bussarono.

Così la giornata fu perfetta.

Ridere aiuta sempre."
237,La giornata più bella di Mia,"Mia, una piccola cantante, viveva presso la grande quercia.

Il cielo era azzurro.

Un giorno Mia volle trovare il mare.

Ma il vento era forte.

Nonno Carlo, che ripara tutto, si unì.

Insieme ce la faremo!

Insieme presero la piccola lanterna.

Lungo la strada chiacchierarono insieme.

Lungo la strada cantarono insieme.

All'improvviso passò una farfalla danzando.

Tutti applaudirono di gioia.

Chi osa vince."
238,Leo e il tesoro,"Leo, a cui piacciono gli animali, viveva nel parco verde.

Gli uccelli cantavano allegri.

Un giorno Leo volle vedere il cielo stellato.

Ma c'era nebbia.

Nonno Carlo, che ripara tutto, si unì.

Niente paura, ti aiuto.

Insieme presero la bottiglia blu.

Lungo la strada giocarono un po'.

Lungo la strada ballarono allegramente.

All'improvviso si alzò il vento.

Così la paura divenne coraggio.

Il coraggio è premiato."
239,Anna e il mistero,"Anna, che pensa in fretta, viveva nel bosco vecchio.

Profumava di erba fresca.

Un giorno Anna volle salire sulla torre.

Ma il ponte era rotto.

Il fornaio, si unì.

Vengo anch'io!

Insieme presero la borsa gialla.

Lungo la strada chiacchierarono allegramente.

Lungo la strada giocarono forte.

All'improvviso cadde una stella cadente.

Tutti risero e tornarono a casa.

Condividere fa piacere."
240,Max e il piano,"Max, un ragazzo allegro, viveva nel campo giallo.

Tutto era calmo e sereno.

Un giorno Max volle visitare il vecchio castello.

Ma un cane abbaiava forte.

Il fornaio, si unì.

Meno male che ci sono.

Insieme presero la corda rossa.

Lungo la strada giocarono presso il ruscello.

Lungo la strada chiacchierarono insieme.

All'improvviso qualcuno rise.

Così l'avventura finì bene.

Insieme è tutto più facile."
241,Milo e il viaggio,"Milo, un ragazzo curioso, viveva in un piccolo villaggio.

Il sole splendeva caldo.

Un giorno Milo volle esplorare il bosco.

Ma la strada era bloccata.

Il fornaio, si unì.

Insieme ce la faremo!

Insieme presero il vecchio binocolo.

Lungo la strada chiacchierarono un po'.

Lungo la strada si riposarono in cerchio.

All'improvviso qualcosa frusciò forte.

Alla fine erano tutti felici.

I veri amici aiutano sempre."
242,Lena e il ritrovamento,"Lena, a cui piace dipingere, viveva al mercato colorato.

Volavano farfalle.

Un giorno Lena volle scoprire l'isola.

Ma cominciò a piovere.

Il fornaio, si unì.

Niente paura, ti aiuto.

Insieme presero il coltello piccolo.

Lungo la strada giocarono in cerchio.

Lungo la strada cantarono un po'.

All'improvviso gracchiò una rana.

L'avventura restò indimenticabile.

La pazienza porta fortuna."
243,Finn e la scoperta,"Finn, un piccolo sognatore, viveva presso il vecchio pozzo.

Profumava di fiori.

Un giorno Finn volle trovare la grotta.

Ma la mappa era sparita.

Il fornaio, si unì.

Vengo anch'io!

Insieme presero una coperta calda.

Lungo la strada chiacchierarono presso il ruscello.

Lungo la strada ballarono presso il ruscello.

All'improvviso abbaiò un cane.

Tutti tornarono contenti.

La curiosità porta a meraviglie."
244,Pippa e la gita,"Pippa, un topolino coraggioso, viveva nel parco giochi.

Un ruscello mormorava piano.

Un giorno Pippa volle vedere l'alta montagna.

Ma si fece buio.

Il fornaio, si unì.

Meno male che ci sono.

Insieme presero una mappa colorata.

Lungo la strada giocarono forte.

Lungo la strada risero allegramente.

All'improvviso cadde una foglia.

Così la giornata fu perfetta.

Ridere aiuta sempre."
245,Nora e la gara,"Nora, che fa tante domande, viveva presso il fiume azzurro.

Il cielo era azzurro.

Un giorno Nora volle cercare il tesoro.

Ma il fiume era troppo profondo.

Il fornaio, si unì.

Insieme ce la faremo!

Insieme presero una moneta vecchia.

Lungo la strada chiacchierarono in cerchio.

Lungo la strada chiacchierarono un po'.

All'improvviso ronzò un'ape.

Tutti applaudirono di gioia.

Chi osa vince."
246,Theo e l'indovinello,"Theo, un ragazzo allegro, viveva nel prato verde.

Gli uccelli cantavano allegri.

Un giorno Theo volle attraversare il lago.

Ma un albero bloccava la strada.

Il postino, si unì.

Niente paura, ti aiuto.

Insieme presero la corda verde.

Lungo la strada risero insieme.

Lungo la strada giocarono insieme.

All'improvviso bussarono.

Così la paura divenne coraggio.

Il coraggio è premiato."
247,Emma e la sorpresa,"Emma, una ragazza coraggiosa, viveva presso la grande quercia.

Profumava di erba fresca.

Un giorno Emma volle trovare il mare.

Ma il vento era forte.

Il postino, si unì.

Vengo anch'io!

Insieme presero la piccola lanterna.

Lungo la strada chiacchierarono forte.

Lungo la strada cantarono in cerchio.

All'improvviso passò una farfalla danzando.

Tutti risero e tornarono a casa.

Condividere fa piacere."
248,Paolo e la grande avventura,"Paolo, a cui piace costruire, viveva nel parco verde.

Tutto era calmo e sereno.

Un giorno Paolo volle vedere il cielo stellato.

Ma c'era nebbia.

Il postino, si unì.

Meno male che ci sono.

Insieme presero la bottiglia blu.

Lungo la strada risero allegramente.

Lungo la strada ballarono forte.

All'improvviso si alzò il vento.

Così l'avventura finì bene.

Insieme è tutto più facile."
249,Mia e il mistero,"Mia, una piccola cantante, viveva nel bosco vecchio.

Il sole splendeva caldo.

Un giorno Mia volle salire sulla torre.

Ma il ponte era rotto.

Il postino, si unì.

Insieme ce la faremo!

Insieme presero la borsa gialla.

Lungo la strada ballarono insieme.

Lungo la strada risero presso il ruscello.

All'improvviso cadde una stella cadente.

Alla fine erano tutti felici.

I veri amici aiutano sempre."
250,La giornata più bella di Leo,"Leo, a cui piacciono gli animali, viveva nel campo giallo.

Volavano farfalle.

Un giorno Leo volle visitare il vecchio castello.

Ma un cane abbaiava forte.

Il postino, si unì.

Niente paura, ti aiuto.

Insieme presero la corda rossa.

Lungo la strada risero un po'.

Lungo la strada chiacchierarono in cerchio.

All'improvviso qualcuno rise.

L'avventura restò indimenticabile.

La pazienza porta fortuna."
251,Anna e il tesoro,"Anna, che pensa in fretta, viveva in un piccolo villaggio.

Profumava di fiori.

Un giorno Anna volle esplorare il bosco.

Ma la strada era bloccata.

Il postino, si unì.

Vengo anch'io!

Insieme presero il vecchio binocolo.

Lungo la strada ballarono allegramente.

Lungo la strada giocarono un po'.

All'improvviso qualcosa frusciò forte.

Tutti tornarono contenti.

La curiosità porta a meraviglie."
252,Max e il mistero,"Max, un ragazzo allegro, viveva al mercato colorato.

Un ruscello mormorava piano.

Un giorno Max volle scoprire l'isola.

Ma cominciò a piovere.

Il postino, si unì.

Meno male che ci sono.

Insieme presero il coltello piccolo.

Lungo la strada risero presso il ruscello.

Lungo la strada raccontarono storie.

All'improvviso gracchiò una rana.

Così la giornata fu perfetta.

Ridere aiuta sempre."
253,Milo e il piano,"Milo, un ragazzo curioso, viveva presso il vecchio pozzo.

Il cielo era azzurro.

Un giorno Milo volle trovare la grotta.

Ma la mappa era sparita.

Nonna Lina, che sa tutto, si unì.

Insieme ce la faremo!

Insieme presero una coperta calda.

Lungo la strada ballarono un po'.

Lungo la strada si riposarono allegramente.

All'improvviso abbaiò un cane.

Tutti applaudirono di gioia.

Chi osa vince."
254,Lena e il viaggio,"Lena, a cui piace dipingere, viveva nel parco giochi.

Gli uccelli cantavano allegri.

Un giorno Lena volle vedere l'alta montagna.

Ma si fece buio.

Nonna Lina, che sa tutto, si unì.

Niente paura, ti aiuto.

Insieme presero una mappa colorata.

Lungo la strada risero in cerchio.

Lungo la strada risero forte.

All'improvviso cadde una foglia.

Così la paura divenne coraggio.

Il coraggio è premiato."
255,Finn e il ritrovamento,"Finn, un piccolo sognatore, viveva presso il fiume azzurro.

Profumava di erba fresca.

Un giorno Finn volle cercare il tesoro.

Ma il fiume era troppo profondo.

Nonna Lina, che sa tutto, si unì.

Vengo anch'io!

Insieme presero una moneta vecchia.

Lungo la strada ballarono presso il ruscello.

Lungo la strada ballarono insieme.

All'improvviso ronzò un'ape.

Tutti risero e tornarono a casa.

Condividere fa piacere."
256,Pippa e la scoperta,"Pippa, un topolino coraggioso, viveva nel prato verde.

Tutto era calmo e sereno.

Un giorno Pippa volle attraversare il lago.

Ma un albero bloccava la strada.

Nonna Lina, che sa tutto, si unì.

Meno male che ci sono.

Insieme presero la corda verde.

Lungo la strada risero forte.

Lungo la strada giocarono in cerchio.

All'improvviso bussarono.

Così l'avventura finì bene.

Insieme è tutto più facile."
257,Nora e la gita,"Nora, che fa tante domande, viveva presso la grande quercia.

Il sole splendeva caldo.

Un giorno Nora volle trovare il mare.

Ma il vento era forte.

Nonna Lina, che sa tutto, si unì.

Insieme ce la faremo!

Insieme presero la piccola lanterna.

Lungo la strada ballarono in cerchio.

Lungo la strada cantarono una canzone.

All'improvviso passò una farfalla danzando.

Alla fine erano tutti felici.

I veri amici aiutano sempre."
258,Theo e la gara,"Theo, un ragazzo allegro, viveva nel parco verde.

Volavano farfalle.

Un giorno Theo volle vedere il cielo stellato.

Ma c'era nebbia.

Nonna Lina, che sa tutto, si unì.

Niente paura, ti aiuto.

Insieme presero la bottiglia blu.

Lungo la strada cantarono insieme.

Lungo la strada si riposarono presso il ruscello.

All'improvviso si alzò il vento.

L'avventura restò indimenticabile.

La pazienza porta fortuna."
259,Emma e l'indovinello,"Emma, una ragazza coraggiosa, viveva nel bosco vecchio.

Profumava di fiori.

Un giorno Emma volle salire sulla torre.

Ma il ponte era rotto.

Nonna Lina, che sa tutto, si unì.

Vengo anch'io!

Insieme presero la borsa gialla.

Lungo la strada ballarono forte.

Lungo la strada cantarono allegramente.

All'improvviso cadde una stella cadente.

Tutti tornarono contenti.

La curiosità porta a meraviglie."
260,Paolo e la sorpresa,"Paolo, a cui piace costruire, viveva nel campo giallo.

Un ruscello mormorava piano.

Un giorno Paolo volle visitare il vecchio castello.

Ma un cane abbaiava forte.

Signor Tasso, il giardiniere, si unì.

Meno male che ci sono.

Insieme presero la corda rossa.

Lungo la strada cantarono allegramente.

Lungo la strada ballarono un po'.

All'improvviso qualcuno rise.

Così la giornata fu perfetta.

Ridere aiuta sempre."
261,Mia e la grande avventura,"Mia, una piccola cantante, viveva in un piccolo villaggio.

Il cielo era azzurro.

Un giorno Mia volle esplorare il bosco.

Ma la strada era bloccata.

Signor Tasso, il giardiniere, si unì.

Insieme ce la faremo!

Insieme presero il vecchio binocolo.

Lungo la strada si riposarono insieme.

Lungo la strada risero insieme.

All'improvviso qualcosa frusciò forte.

Tutti applaudirono di gioia.

Chi osa vince."
262,Leo e il mistero,"Leo, a cui piacciono gli animali, viveva al mercato colorato.

Gli uccelli cantavano allegri.

Un giorno Leo volle scoprire l'isola.

Ma cominciò a piovere.

Signor Tasso, il giardiniere, si unì.

Niente paura, ti aiuto.

Insieme presero il coltello piccolo.

Lungo la strada cantarono un po'.

Lungo la strada chiacchierarono allegramente.

All'improvviso gracchiò una rana.

Così la paura divenne coraggio.

Il coraggio è premiato."
263,La giornata più bella di Anna,"Anna, che pensa in fretta, viveva presso il vecchio pozzo.

Profumava di erba fresca.

Un giorno Anna volle trovare la grotta.

Ma la mappa era sparita.

Signor Tasso, il giardiniere, si unì.

Vengo anch'io!

Insieme presero una coperta calda.

Lungo la strada si riposarono allegramente.

Lungo la strada si riposarono forte.

All'improvviso abbaiò un cane.

Tutti risero e tornarono a casa.

Condividere fa piacere."
264,Max e il tesoro,"Max, un ragazzo allegro, viveva nel parco giochi.

Tutto era calmo e sereno.

Un giorno Max volle vedere l'alta montagna.

Ma si fece buio.

Signor Tasso, il giardiniere, si unì.

Meno male che ci sono.

Insieme presero una mappa colorata.

Lungo la strada cantarono presso il ruscello.

Lungo la strada cantarono un po'.

All'improvviso cadde una foglia.

Così l'avventura finì bene.

Insieme è tutto più facile."
265,Milo e il mistero,"Milo, un ragazzo curioso, viveva presso il fiume azzurro.

Il sole splendeva caldo.

Un giorno Milo volle cercare il tesoro.

Ma il fiume era troppo profondo.

Signor Tasso, il giardiniere, si unì.

Insieme ce la faremo!

Insieme presero una moneta vecchia.

Lungo la strada si riposarono un po'.

Lungo la strada ballarono in cerchio.

All'improvviso ronzò un'ape.

Alla fine erano tutti felici.

I veri amici aiutano sempre."
266,Lena e il piano,"Lena, a cui piace dipingere, viveva nel prato verde.

Volavano farfalle.

Un giorno Lena volle attraversare il lago.

Ma un albero bloccava la strada.

Signor Tasso, il giardiniere, si unì.

Niente paura, ti aiuto.

Insieme presero la corda verde.

Lungo la strada cantarono in cerchio.

Lungo la strada risero un po'.

All'improvviso bussarono.

L'avventura restò indimenticabile.

La pazienza porta fortuna."
267,Finn e il viaggio,"Finn, un piccolo sognatore, viveva presso la grande quercia.

Profumava di fiori.

Un giorno Finn volle trovare il mare.

Ma il vento era forte.

Zia Mira, la vicina divertente, si unì.

Vengo anch'io!

Insieme presero la piccola lanterna.

Lungo la strada si riposarono presso il ruscello.

Lungo la strada chiacchierarono presso il ruscello.

All'improvviso passò una farfalla danzando.

Tutti tornarono contenti.

La curiosità porta a meraviglie."
268,Pippa e il ritrovamento,"Pippa, un topolino coraggioso, viveva nel parco verde.

Un ruscello mormorava piano.

Un giorno Pippa volle vedere il cielo stellato.

Ma c'era nebbia.

Zia Mira, la vicina divertente, si unì.

Meno male che ci sono.

Insieme presero la bottiglia blu.

Lungo la strada cantarono forte.

Lungo la strada giocarono allegramente.

All'improvviso si alzò il vento.

Così la giornata fu perfetta.

Ridere aiuta sempre."
269,Nora e la scoperta,"Nora, che fa tante domande, viveva nel bosco vecchio.

Il cielo era azzurro.

Un giorno Nora volle salire sulla torre.

Ma il ponte era rotto.

Zia Mira, la vicina divertente, si unì.

Insieme ce la faremo!

Insieme presero la borsa gialla.

Lungo la strada si riposarono in cerchio.

Lungo la strada cantarono forte.

All'improvviso cadde una stella cadente.

Tutti applaudirono di gioia.

Chi osa vince."
270,Theo e la gita,"Theo, un ragazzo allegro, viveva nel campo giallo.

Gli uccelli cantavano allegri.

Un giorno Theo volle visitare il vecchio castello.

Ma un cane abbaiava forte.

Zia Mira, la vicina divertente, si unì.

Niente paura, ti aiuto.

Insieme presero la corda rossa.

Lungo la strada raccontarono storie.

Lungo la strada si riposarono insieme.

All'improvviso qualcuno rise.

Così la paura divenne coraggio.

Il coraggio è premiato."
271,Emma e la gara,"Emma, una ragazza coraggiosa, viveva in un piccolo villaggio.

Profumava di erba fresca.

Un giorno Emma volle esplorare il bosco.

Ma la strada era bloccata.

Zia Mira, la vicina divertente, si unì.

Vengo anch'io!

Insieme presero il vecchio binocolo.

Lungo la strada si riposarono forte.

Lungo la strada risero in cerchio.

All'improvviso qualcosa frusciò forte.

Tutti risero e tornarono a casa.

Condividere fa piacere."
272,Paolo e l'indovinello,"Paolo, a cui piace costruire, viveva al mercato colorato.

Tutto era calmo e sereno.

Un giorno Paolo volle scoprire l'isola.

Ma cominciò a piovere.

Zia Mira, la vicina divertente, si unì.

Meno male che ci sono.

Insieme presero il coltello piccolo.

Lungo la strada risero molto.

Lungo la strada chiacchierarono forte.

All'improvviso gracchiò una rana.

Così l'avventura finì bene.

Insieme è tutto più facile."
273,Mia e la sorpresa,"Mia, una piccola cantante, viveva presso il vecchio pozzo.

Il sole splendeva caldo.

Un giorno Mia volle trovare la grotta.

Ma la mappa era sparita.

Zia Mira, la vicina divertente, si unì.

Insieme ce la faremo!

Insieme presero una coperta calda.

Lungo la strada giocarono insieme.

Lungo la strada giocarono presso il ruscello.

All'improvviso abbaiò un cane.

Alla fine erano tutti felici.

I veri amici aiutano sempre."
274,Leo e la grande avventura,"Leo, a cui piacciono gli animali, viveva nel parco giochi.

Volavano farfalle.

Un giorno Leo volle vedere l'alta montagna.

Ma si fece buio.

Nonno Carlo, che ripara tutto, si unì.

Niente paura, ti aiuto.

Insieme presero una mappa colorata.

Lungo la strada cantarono una canzone.

Lungo la strada risero molto.

All'improvviso cadde una foglia.

L'avventura restò indimenticabile.

La pazienza porta fortuna."
275,Anna e il mistero,"Anna, che pensa in fretta, viveva presso il fiume azzurro.

Profumava di fiori.

Un giorno Anna volle cercare il tesoro.

Ma il fiume era troppo profondo.

Nonno Carlo, che ripara tutto, si unì.

Vengo anch'io!

Insieme presero una moneta vecchia.

Lungo la strada giocarono allegramente.

Lungo la strada si riposarono un po'.

All'improvviso ronzò un'ape.

Tutti tornarono contenti.

La curiosità porta a meraviglie."
276,La giornata più bella di Max,"Max, un ragazzo allegro, viveva nel prato verde.

Un ruscello mormorava piano.

Un giorno Max volle attraversare il lago.

Ma un albero bloccava la strada.

Nonno Carlo, che ripara tutto, si unì.

Meno male che ci sono.

Insieme presero la corda verde.

Lungo la strada chiacchierarono insieme.

Lungo la strada cantarono insieme.

All'improvviso bussarono.

Così la giornata fu perfetta.

Ridere aiuta sempre."
277,Milo e il tesoro,"Milo, un ragazzo curioso, viveva presso la grande quercia.

Il cielo era azzurro.

Un giorno Milo volle trovare il mare.

Ma il vento era forte.

Nonno Carlo, che ripara tutto, si unì.

Insieme ce la faremo!

Insieme presero la piccola lanterna.

Lungo la strada giocarono un po'.

Lungo la strada ballarono allegramente.

All'improvviso passò una farfalla danzando.

Tutti applaudirono di gioia.

Chi osa vince."
278,Lena e il mistero,"Lena, a cui piace dipingere, viveva nel parco verde.

Gli uccelli cantavano allegri.

Un giorno Lena volle vedere il cielo stellato.

Ma c'era nebbia.

Nonno Carlo, che ripara tutto, si unì.

Niente paura, ti aiuto.

Insieme presero la bottiglia blu.

Lungo la strada chiacchierarono allegramente.

Lungo la strada giocarono forte.

All'improvviso si alzò il vento.

Così la paura divenne coraggio.

Il coraggio è premiato."
279,Finn e il piano,"Finn, un piccolo sognatore, viveva nel bosco vecchio.

Profumava di erba fresca.

Un giorno Finn volle salire sulla torre.

Ma il ponte era rotto.

Nonno Carlo, che ripara tutto, si unì.

Vengo anch'io!

Insieme presero la borsa gialla.

Lungo la strada giocarono presso il ruscello.

Lungo la strada chiacchierarono insieme.

All'improvviso cadde una stella cadente.

Tutti risero e tornarono a casa.

Condividere fa piacere."
280,Pippa e il viaggio,"Pippa, un topolino coraggioso, viveva nel campo giallo.

Tutto era calmo e sereno.

Un giorno Pippa volle visitare il vecchio castello.

Ma un cane abbaiava forte.

Nonno Carlo, che ripara tutto, si unì.

Meno male che ci sono.

Insieme presero la corda rossa.

Lungo la strada chiacchierarono un po'.

Lungo la strada si riposarono in cerchio.

All'improvviso qualcuno rise.

Così l'avventura finì bene.

Insieme è tutto più facile."
281,Nora e il ritrovamento,"Nora, che fa tante domande, viveva in un piccolo villaggio.

Il sole splendeva caldo.

Un giorno Nora volle esplorare il bosco.

Ma la strada era bloccata.

Il fornaio, si unì.

Insieme ce la faremo!

Insieme presero il vecchio binocolo.

Lungo la strada giocarono in cerchio.

Lungo la strada cantarono un po'.

All'improvviso qualcosa frusciò forte.

Alla fine erano tutti felici.

I veri amici aiutano sempre."
282,Theo e la scoperta,"Theo, un ragazzo allegro, viveva al mercato colorato.

Volavano farfalle.

Un giorno Theo volle scoprire l'isola.

Ma cominciò a piovere.

Il fornaio, si unì.

Niente paura, ti aiuto.

Insieme presero il coltello piccolo.

Lungo la strada chiacchierarono presso il ruscello.

Lungo la strada ballarono presso il ruscello.

All'improvviso gracchiò una rana.

L'avventura restò indimenticabile.

La pazienza porta fortuna."
283,Emma e la gita,"Emma, una ragazza coraggiosa, viveva presso il vecchio pozzo.

Profumava di fiori.

Un giorno Emma volle trovare la grotta.

Ma la mappa era sparita.

Il fornaio, si unì.

Vengo anch'io!

Insieme presero una coperta calda.

Lungo la strada giocarono forte.

Lungo la strada risero allegramente.

All'improvviso abbaiò un cane.

Tutti tornarono contenti.

La curiosità porta a meraviglie."
284,Paolo e la gara,"Paolo, a cui piace costruire, viveva nel parco giochi.

Un ruscello mormorava piano.

Un giorno Paolo volle vedere l'alta montagna.

Ma si fece buio.

Il fornaio, si unì.

Meno male che ci sono.

Insieme presero una mappa colorata.

Lungo la strada chiacchierarono in cerchio.

Lungo la strada chiacchierarono un po'.

All'improvviso cadde una foglia.

Così la giornata fu perfetta.

Ridere aiuta sempre."
285,Mia e l'indovinello,"Mia, una piccola cantante, viveva presso il fiume azzurro.

Il cielo era azzurro.

Un giorno Mia volle cercare il tesoro.

Ma il fiume era troppo profondo.

Il fornaio, si unì.

Insieme ce la faremo!

Insieme presero una moneta vecchia.

Lungo la strada risero insieme.

Lungo la strada giocarono insieme.

All'improvviso ronzò un'ape.

Tutti applaudirono di gioia.

Chi osa vince."
286,Leo e la sorpresa,"Leo, a cui piacciono gli animali, viveva nel prato verde.

Gli uccelli cantavano allegri.

Un giorno Leo volle attraversare il lago.

Ma un albero bloccava la strada.

Il fornaio, si unì.

Niente paura, ti aiuto.

Insieme presero la corda verde.

Lungo la strada chiacchierarono forte.

Lungo la strada cantarono in cerchio.

All'improvviso bussarono.

Così la paura divenne coraggio.

Il coraggio è premiato."
287,Anna e la grande avventura,"Anna, che pensa in fretta, viveva presso la grande quercia.

Profumava di erba fresca.

Un giorno Anna volle trovare il mare.

Ma il vento era forte.

Il fornaio, si unì.

Vengo anch'io!

Insieme presero la piccola lanterna.

Lungo la strada risero allegramente.

Lungo la strada ballarono forte.

All'improvviso passò una farfalla danzando.

Tutti risero e tornarono a casa.

Condividere fa piacere."
288,Max e il mistero,"Max, un ragazzo allegro, viveva nel parco verde.

Tutto era calmo e sereno.

Un giorno Max volle vedere il cielo stellato.

Ma c'era nebbia.

Il postino, si unì.

Meno male che ci sono.

Insieme presero la bottiglia blu.

Lungo la strada ballarono insieme.

Lungo la strada risero presso il ruscello.

All'improvviso si alzò il vento.

Così l'avventura finì bene.

Insieme è tutto più facile."
289,La giornata più bella di Milo,"Milo, un ragazzo curioso, viveva nel bosco vecchio.

Il sole splendeva caldo.

Un giorno Milo volle salire sulla torre.

Ma il ponte era rotto.

Il postino, si unì.

Insieme ce la faremo!

Insieme presero la borsa gialla.

Lungo la strada risero un po'.

Lungo la strada chiacchierarono in cerchio.

All'improvviso cadde una stella cadente.

Alla fine erano tutti felici.

I veri amici aiutano sempre."
290,Lena e il tesoro,"Lena, a cui piace dipingere, viveva nel campo giallo.

Volavano farfalle.

Un giorno Lena volle visitare il vecchio castello.

Ma un cane abbaiava forte.

Il postino, si unì.

Niente paura, ti aiuto.

Insieme presero la corda rossa.

Lungo la strada ballarono allegramente.

Lungo la strada giocarono un po'.

All'improvviso qualcuno rise.

L'avventura restò indimenticabile.

La pazienza porta fortuna."
291,Finn e il mistero,"Finn, un piccolo sognatore, viveva in un piccolo villaggio.

Profumava di fiori.

Un giorno Finn volle esplorare il bosco.

Ma la strada era bloccata.

Il postino, si unì.

Vengo anch'io!

Insieme presero il vecchio binocolo.

Lungo la strada risero presso il ruscello.

Lungo la strada raccontarono storie.

All'improvviso qualcosa frusciò forte.

Tutti tornarono contenti.

La curiosità porta a meraviglie."
292,Pippa e il piano,"Pippa, un topolino coraggioso, viveva al mercato colorato.

Un ruscello mormorava piano.

Un giorno Pippa volle scoprire l'isola.

Ma cominciò a piovere.

Il postino, si unì.

Meno male che ci sono.

Insieme presero il coltello piccolo.

Lungo la strada ballarono un po'.

Lungo la strada si riposarono allegramente.

All'improvviso gracchiò una rana.

Così la giornata fu perfetta.

Ridere aiuta sempre."
293,Nora e il viaggio,"Nora, che fa tante domande, viveva presso il vecchio pozzo.

Il cielo era azzurro.

Un giorno Nora volle trovare la grotta.

Ma la mappa era sparita.

Il postino, si unì.

Insieme ce la faremo!

Insieme presero una coperta calda.

Lungo la strada risero in cerchio.

Lungo la strada risero forte.

All'improvviso abbaiò un cane.

Tutti applaudirono di gioia.

Chi osa vince."
294,Theo e il ritrovamento,"Theo, un ragazzo allegro, viveva nel parco giochi.

Gli uccelli cantavano allegri.

Un giorno Theo volle vedere l'alta montagna.

Ma si fece buio.

Il postino, si unì.

Niente paura, ti aiuto.

Insieme presero una mappa colorata.

Lungo la strada ballarono presso il ruscello.

Lungo la strada ballarono insieme.

All'improvviso cadde una foglia.

Così la paura divenne coraggio.

Il coraggio è premiato."
295,Emma e la scoperta,"Emma, una ragazza coraggiosa, viveva presso il fiume azzurro.

Profumava di erba fresca.

Un giorno Emma volle cercare il tesoro.

Ma il fiume era troppo profondo.

Nonna Lina, che sa tutto, si unì.

Vengo anch'io!

Insieme presero una moneta vecchia.

Lungo la strada risero forte.

Lungo la strada giocarono in cerchio.

All'improvviso ronzò un'ape.

Tutti risero e tornarono a casa.

Condividere fa piacere."
296,Paolo e la gita,"Paolo, a cui piace costruire, viveva nel prato verde.

Tutto era calmo e sereno.

Un giorno Paolo volle attraversare il lago.

Ma un albero bloccava la strada.

Nonna Lina, che sa tutto, si unì.

Meno male che ci sono.

Insieme presero la corda verde.

Lungo la strada ballarono in cerchio.

Lungo la strada cantarono una canzone.

All'improvviso bussarono.

Così l'avventura finì bene.

Insieme è tutto più facile."
297,Mia e la gara,"Mia, una piccola cantante, viveva presso la grande quercia.

Il sole splendeva caldo.

Un giorno Mia volle trovare il mare.

Ma il vento era forte.

Nonna Lina, che sa tutto, si unì.

Insieme ce la faremo!

Insieme presero la piccola lanterna.

Lungo la strada cantarono insieme.

Lungo la strada si riposarono presso il ruscello.

All'improvviso passò una farfalla danzando.

Alla fine erano tutti felici.

I veri amici aiutano sempre."
298,Leo e l'indovinello,"Leo, a cui piacciono gli animali, viveva nel parco verde.

Volavano farfalle.

Un giorno Leo volle vedere il cielo stellato.

Ma c'era nebbia.

Nonna Lina, che sa tutto, si unì.

Niente paura, ti aiuto.

Insieme presero la bottiglia blu.

Lungo la strada ballarono forte.

Lungo la strada cantarono allegramente.

All'improvviso si alzò il vento.

L'avventura restò indimenticabile.

La pazienza porta fortuna."
299,Anna e la sorpresa,"Anna, che pensa in fretta, viveva nel bosco vecchio.

Profumava di fiori.

Un giorno Anna volle salire sulla torre.

Ma il ponte era rotto.

Nonna Lina, che sa tutto, si unì.

Vengo anch'io!

Insieme presero la borsa gialla.

Lungo la strada cantarono allegramente.

Lungo la strada ballarono un po'.

All'improvviso cadde una stella cadente.

Tutti tornarono contenti.

La curiosità porta a meraviglie."
300,Max e la grande avventura,"Max, un ragazzo allegro, viveva nel campo giallo.

Un ruscello mormorava piano.

Un giorno Max volle visitare il vecchio castello.

Ma un cane abbaiava forte.

Nonna Lina, che sa tutto, si unì.

Meno male che ci sono.

Insieme presero la corda rossa.

Lungo la strada si riposarono insieme.

Lungo la strada risero insieme.

All'improvviso qualcuno rise.

Così la giornata fu perfetta.

Ridere aiuta sempre."
301,Milo e il mistero,"Milo, un ragazzo curioso, viveva in un piccolo villaggio.

Il cielo era azzurro.

Un giorno Milo volle esplorare il bosco.

Ma la strada era bloccata.

Nonna Lina, che sa tutto, si unì.

Insieme ce la faremo!

Insieme presero il vecchio binocolo.

Lungo la strada cantarono un po'.

Lungo la strada chiacchierarono allegramente.

All'improvviso qualcosa frusciò forte.

Tutti applaudirono di gioia.

Chi osa vince."
302,La giornata più bella di Lena,"Lena, a cui piace dipingere, viveva al mercato colorato.

Gli uccelli cantavano allegri.

Un giorno Lena volle scoprire l'isola.

Ma cominciò a piovere.

Signor Tasso, il giardiniere, si unì.

Niente paura, ti aiuto.

Insieme presero il coltello piccolo.

Lungo la strada si riposarono allegramente.

Lungo la strada si riposarono forte.

All'improvviso gracchiò una rana.

Così la paura divenne coraggio.

Il coraggio è premiato."
303,Finn e il tesoro,"Finn, un piccolo sognatore, viveva presso il vecchio pozzo.

Profumava di erba fresca.

Un giorno Finn volle trovare la grotta.

Ma la mappa era sparita.

Signor Tasso, il giardiniere, si unì.

Vengo anch'io!

Insieme presero una coperta calda.

Lungo la strada cantarono presso il ruscello.

Lungo la strada cantarono un po'.

All'improvviso abbaiò un cane.

Tutti risero e tornarono a casa.

Condividere fa piacere."
304,Pippa e il mistero,"Pippa, un topolino coraggioso, viveva nel parco giochi.

Tutto era calmo e sereno.

Un giorno Pippa volle vedere l'alta montagna.

Ma si fece buio.

Signor Tasso, il giardiniere, si unì.

Meno male che ci sono.

Insieme presero una mappa colorata.

Lungo la strada si riposarono un po'.

Lungo la strada ballarono in cerchio.

All'improvviso cadde una foglia.

Così l'avventura finì bene.

Insieme è tutto più facile."
305,Nora e il piano,"Nora, che fa tante domande, viveva presso il fiume azzurro.

Il sole splendeva caldo.

Un giorno Nora volle cercare il tesoro.

Ma il fiume era troppo profondo.

Signor Tasso, il giardiniere, si unì.

Insieme ce la faremo!

Insieme presero una moneta vecchia.

Lungo la strada cantarono in cerchio.

Lungo la strada risero un po'.

All'improvviso ronzò un'ape.

Alla fine erano tutti felici.

I veri amici aiutano sempre."
306,Theo e il viaggio,"Theo, un ragazzo allegro, viveva nel prato verde.

Volavano farfalle.

Un giorno Theo volle attraversare il lago.

Ma un albero bloccava la strada.

Signor Tasso, il giardiniere, si unì.

Niente paura, ti aiuto.

Insieme presero la corda verde.

Lungo la strada si riposarono presso il ruscello.

Lungo la strada chiacchierarono presso il ruscello.

All'improvviso bussarono.

L'avventura restò indimenticabile.

La pazienza porta fortuna."
307,Emma e il ritrovamento,"Emma, una ragazza coraggiosa, viveva presso la grande quercia.

Profumava di fiori.

Un giorno Emma volle trovare il mare.

Ma il vento era forte.

Signor Tasso, il giardiniere, si unì.

Vengo anch'io!

Insieme presero la piccola lanterna.

Lungo la strada cantarono forte.

Lungo la strada giocarono allegramente.

All'improvviso passò una farfalla danzando.

Tutti tornarono contenti.

La curiosità porta a meraviglie."
308,Paolo e la scoperta,"Paolo, a cui piace costruire, viveva nel parco verde.

Un ruscello mormorava piano.

Un giorno Paolo volle vedere il cielo stellato.

Ma c'era nebbia.

Signor Tasso, il giardiniere, si unì.

Meno male che ci sono.

Insieme presero la bottiglia blu.

Lungo la strada si riposarono in cerchio.

Lungo la strada cantarono forte.

All'improvviso si alzò il vento.

Così la giornata fu perfetta.

Ridere aiuta sempre."
309,Mia e la gita,"Mia, una piccola cantante, viveva nel bosco vecchio.

Il cielo era azzurro.

Un giorno Mia volle salire sulla torre.

Ma il ponte era rotto.

Zia Mira, la vicina divertente, si unì.

Insieme ce la faremo!

Insieme presero la borsa gialla.

Lungo la strada raccontarono storie.

Lungo la strada si riposarono insieme.

All'improvviso cadde una stella cadente.

Tutti applaudirono di gioia.

Chi osa vince."
310,Leo e la gara,"Leo, a cui piacciono gli animali, viveva nel campo giallo.

Gli uccelli cantavano allegri.

Un giorno Leo volle visitare il vecchio castello.

Ma un cane abbaiava forte.

Zia Mira, la vicina divertente, si unì.

Niente paura, ti aiuto.

Insieme presero la corda rossa.

Lungo la strada si riposarono forte.

Lungo la strada risero in cerchio.

All'improvviso qualcuno rise.

Così la paura divenne coraggio.

Il coraggio è premiato."
311,Anna e l'indovinello,"Anna, che pensa in fretta, viveva in un piccolo villaggio.

Profumava di erba fresca.

Un giorno Anna volle esplorare il bosco.

Ma la strada era bloccata.

Zia Mira, la vicina divertente, si unì.

Vengo anch'io!

Insieme presero il vecchio binocolo.

Lungo la strada risero molto.

Lungo la strada chiacchierarono forte.

All'improvviso qualcosa frusciò forte.

Tutti risero e tornarono a casa.

Condividere fa piacere."
312,Max e la sorpresa,"Max, un ragazzo allegro, viveva al mercato colorato.

Tutto era calmo e sereno.

Un giorno Max volle scoprire l'isola.

Ma cominciò a piovere.

Zia Mira, la vicina divertente, si unì.

Meno male che ci sono.

Insieme presero il coltello piccolo.

Lungo la strada giocarono insieme.

Lungo la strada giocarono presso il ruscello.

All'improvviso gracchiò una rana.

Così l'avventura finì bene.

Insieme è tutto più facile."
313,Milo e la grande avventura,"Milo, un ragazzo curioso, viveva presso il vecchio pozzo.

Il sole splendeva caldo.

Un giorno Milo volle trovare la grotta.

Ma la mappa era sparita.

Zia Mira, la vicina divertente, si unì.

Insieme ce la faremo!

Insieme presero una coperta calda.

Lungo la strada cantarono una canzone.

Lungo la strada risero molto.

All'improvviso abbaiò un cane.

Alla fine erano tutti felici.

I veri amici aiutano sempre."
314,Lena e il mistero,"Lena, a cui piace dipingere, viveva nel parco giochi.

Volavano farfalle.

Un giorno Lena volle vedere l'alta montagna.

Ma si fece buio.

Zia Mira, la vicina divertente, si unì.

Niente paura, ti aiuto.

Insieme presero una mappa colorata.

Lungo la strada giocarono allegramente.

Lungo la strada si riposarono un po'.

All'improvviso cadde una foglia.

L'avventura restò indimenticabile.

La pazienza porta fortuna."
315,La giornata più bella di Finn,"Finn, un piccolo sognatore, viveva presso il fiume azzurro.

Profumava di fiori.

Un giorno Finn volle cercare il tesoro.

Ma il fiume era troppo profondo.

Zia Mira, la vicina divertente, si unì.

Vengo anch'io!

Insieme presero una moneta vecchia.

Lungo la strada chiacchierarono insieme.

Lungo la strada cantarono insieme.

All'improvviso ronzò un'ape.

Tutti tornarono contenti.

La curiosità porta a meraviglie."
316,Pippa e il tesoro,"Pippa, un topolino coraggioso, viveva nel prato verde.

Un ruscello mormorava piano.

Un giorno Pippa volle attraversare il lago.

Ma un albero bloccava la strada.

Nonno Carlo, che ripara tutto, si unì.

Meno male che ci sono.

Insieme presero la corda verde.

Lungo la strada giocarono un po'.

Lungo la strada ballarono allegramente.

All'improvviso bussarono.

Così la giornata fu perfetta.

Ridere aiuta sempre."
317,Nora e il mistero,"Nora, che fa tante domande, viveva presso la grande quercia.

Il cielo era azzurro.

Un giorno Nora volle trovare il mare.

Ma il vento era forte.

Nonno Carlo, che ripara tutto, si unì.

Insieme ce la faremo!

Insieme presero la piccola lanterna.

Lungo la strada chiacchierarono allegramente.

Lungo la strada giocarono forte.

All'improvviso passò una farfalla danzando.

Tutti applaudirono di gioia.

Chi osa vince."
318,Theo e il piano,"Theo, un ragazzo allegro, viveva nel parco verde.

Gli uccelli cantavano allegri.

Un giorno Theo volle vedere il cielo stellato.

Ma c'era nebbia.

Nonno Carlo, che ripara tutto, si unì.

Niente paura, ti aiuto.

Insieme presero la bottiglia blu.

Lungo la strada giocarono presso il ruscello.

Lungo la strada chiacchierarono insieme.

All'improvviso si alzò il vento.

Così la paura divenne coraggio.

Il coraggio è premiato."
319,Emma e il viaggio,"Emma, una ragazza coraggiosa, viveva nel bosco vecchio.

Profumava di erba fresca.

Un giorno Emma volle salire sulla torre.

Ma il ponte era rotto.

Nonno Carlo, che ripara tutto, si unì.

Vengo anch'io!

Insieme presero la borsa gialla.

Lungo la strada chiacchierarono un po'.

Lungo la strada si riposarono in cerchio.

All'improvviso cadde una stella cadente.

Tutti risero e tornarono a casa.

Condividere fa piacere."
320,Paolo e il ritrovamento,"Paolo, a cui piace costruire, viveva nel campo giallo.

Tutto era calmo e sereno.

Un giorno Paolo volle visitare il vecchio castello.

Ma un cane abbaiava forte.

Nonno Carlo, che ripara tutto, si unì.

Meno male che ci sono.

Insieme presero la corda rossa.

Lungo la strada giocarono in cerchio.

Lungo la strada cantarono un po'.

All'improvviso qualcuno rise.

Così l'avventura finì bene.

Insieme è tutto più facile."
321,Mia e la scoperta,"Mia, una piccola cantante, viveva in un piccolo villaggio.

Il sole splendeva caldo.

Un giorno Mia volle esplorare il bosco.

Ma la strada era bloccata.

Nonno Carlo, che ripara tutto, si unì.

Insieme ce la faremo!

Insieme presero il vecchio binocolo.

Lungo la strada chiacchierarono presso il ruscello.

Lungo la strada ballarono presso il ruscello.

All'improvviso qualcosa frusciò forte.

Alla fine erano tutti felici.

I veri amici aiutano sempre."
322,Leo e la gita,"Leo, a cui piacciono gli animali, viveva al mercato colorato.

Volavano farfalle.

Un giorno Leo volle scoprire l'isola.

Ma cominciò a piovere.

Nonno Carlo, che ripara tutto, si unì.

Niente paura, ti aiuto.

Insieme presero il coltello piccolo.

Lungo la strada giocarono forte.

Lungo la strada risero allegramente.

All'improvviso gracchiò una rana.

L'avventura restò indimenticabile.

La pazienza porta fortuna."
323,Anna e la gara,"Anna, che pensa in fretta, viveva presso il vecchio pozzo.

Profumava di fiori.

Un giorno Anna volle trovare la grotta.

Ma la mappa era sparita.

Il fornaio, si unì.

Vengo anch'io!

Insieme presero una coperta calda.

Lungo la strada chiacchierarono in cerchio.

Lungo la strada chiacchierarono un po'.

All'improvviso abbaiò un cane.

Tutti tornarono contenti.

La curiosità porta a meraviglie."
324,Max e l'indovinello,"Max, un ragazzo allegro, viveva nel parco giochi.

Un ruscello mormorava piano.

Un giorno Max volle vedere l'alta montagna.

Ma si fece buio.

Il fornaio, si unì.

Meno male che ci sono.

Insieme presero una mappa colorata.

Lungo la strada risero insieme.

Lungo la strada giocarono insieme.

All'improvviso cadde una foglia.

Così la giornata fu perfetta.

Ridere aiuta sempre."
325,Milo e la sorpresa,"Milo, un ragazzo curioso, viveva presso il fiume azzurro.

Il cielo era azzurro.

Un giorno Milo volle cercare il tesoro.

Ma il fiume era troppo profondo.

Il fornaio, si unì.

Insieme ce la faremo!

Insieme presero una moneta vecchia.

Lungo la strada chiacchierarono forte.

Lungo la strada cantarono in cerchio.

All'improvviso ronzò un'ape.

Tutti applaudirono di gioia.

Chi osa vince."
326,Lena e la grande avventura,"Lena, a cui piace dipingere, viveva nel prato verde.

Gli uccelli cantavano allegri.

Un giorno Lena volle attraversare il lago.

Ma un albero bloccava la strada.

Il fornaio, si unì.

Niente paura, ti aiuto.

Insieme presero la corda verde.

Lungo la strada risero allegramente.

Lungo la strada ballarono forte.

All'improvviso bussarono.

Così la paura divenne coraggio.

Il coraggio è premiato."
327,Finn e il mistero,"Finn, un piccolo sognatore, viveva presso la grande quercia.

Profumava di erba fresca.

Un giorno Finn volle trovare il mare.

Ma il vento era forte.

Il fornaio, si unì.

Vengo anch'io!

Insieme presero la piccola lanterna.

Lungo la strada ballarono insieme.

Lungo la strada risero presso il ruscello.

All'improvviso passò una farfalla danzando.

Tutti risero e tornarono a casa.

Condividere fa piacere."
328,La giornata più bella di Pippa,"Pippa, un topolino coraggioso, viveva nel parco verde.

Tutto era calmo e sereno.

Un giorno Pippa volle vedere il cielo stellato.

Ma c'era nebbia.

Il fornaio, si unì.

Meno male che ci sono.

Insieme presero la bottiglia blu.

Lungo la strada risero un po'.

Lungo la strada chiacchierarono in cerchio.

All'improvviso si alzò il vento.

Così l'avventura finì bene.

Insieme è tutto più facile."
329,Nora e il tesoro,"Nora, che fa tante domande, viveva nel bosco vecchio.

Il sole splendeva caldo.

Un giorno Nora volle salire sulla torre.

Ma il ponte era rotto.

Il fornaio, si unì.

Insieme ce la faremo!

Insieme presero la borsa gialla.

Lungo la strada ballarono allegramente.

Lungo la strada giocarono un po'.

All'improvviso cadde una stella cadente.

Alla fine erano tutti felici.

I veri amici aiutano sempre."
330,Theo e il mistero,"Theo, un ragazzo allegro, viveva nel campo giallo.

Volavano farfalle.

Un giorno Theo volle visitare il vecchio castello.

Ma un cane abbaiava forte.

Il postino, si unì.

Niente paura, ti aiuto.

Insieme presero la corda rossa.

Lungo la strada risero presso il ruscello.

Lungo la strada raccontarono storie.

All'improvviso qualcuno rise.

L'avventura restò indimenticabile.

La pazienza porta fortuna."
331,Emma e il piano,"Emma, una ragazza coraggiosa, viveva in un piccolo villaggio.

Profumava di fiori.

Un giorno Emma volle esplorare il bosco.

Ma la strada era bloccata.

Il postino, si unì.

Vengo anch'io!

Insieme presero il vecchio binocolo.

Lungo la strada ballarono un po'.

Lungo la strada si riposarono allegramente.

All'improvviso qualcosa frusciò forte.

Tutti tornarono contenti.

La curiosità porta a meraviglie."
332,Paolo e il viaggio,"Paolo, a cui piace costruire, viveva al mercato colorato.

Un ruscello mormorava piano.

Un giorno Paolo volle scoprire l'isola.

Ma cominciò a piovere.

Il postino, si unì.

Meno male che ci sono.

Insieme presero il coltello piccolo.

Lungo la strada risero in cerchio.

Lungo la strada risero forte.

All'improvviso gracchiò una rana.

Così la giornata fu perfetta.

Ridere aiuta sempre."
333,Mia e il ritrovamento,"Mia, una piccola cantante, viveva presso il vecchio pozzo.

Il cielo era azzurro.

Un giorno Mia volle trovare la grotta.

Ma la mappa era sparita.

Il postino, si unì.

Insieme ce la faremo!

Insieme presero una coperta calda.

Lungo la strada ballarono presso il ruscello.

Lungo la strada ballarono insieme.

All'improvviso abbaiò un cane.

Tutti applaudirono di gioia.

Chi osa vince."
334,Leo e la scoperta,"Leo, a cui piacciono gli animali, viveva nel parco giochi.

Gli uccelli cantavano allegri.

Un giorno Leo volle vedere l'alta montagna.

Ma si fece buio.

Il postino, si unì.

Niente paura, ti aiuto.

Insieme presero una mappa colorata.

Lungo la strada risero forte.

Lungo la strada giocarono in cerchio.

All'improvviso cadde una foglia.

Così la paura divenne coraggio.

Il coraggio è premiato."
335,Anna e la gita,"Anna, che pensa in fretta, viveva presso il fiume azzurro.

Profumava di erba fresca.

Un giorno Anna volle cercare il tesoro.

Ma il fiume era troppo profondo.

Il postino, si unì.

Vengo anch'io!

Insieme presero una moneta vecchia.

Lungo la strada ballarono in cerchio.

Lungo la strada cantarono una canzone.

All'improvviso ronzò un'ape.

Tutti risero e tornarono a casa.

Condividere fa piacere."
336,Max e la gara,"Max, un ragazzo allegro, viveva nel prato verde.

Tutto era calmo e sereno.

Un giorno Max volle attraversare il lago.

Ma un albero bloccava la strada.

Il postino, si unì.

Meno male che ci sono.

Insieme presero la corda verde.

Lungo la strada cantarono insieme.

Lungo la strada si riposarono presso il ruscello.

All'improvviso bussarono.

Così l'avventura finì bene.

Insieme è tutto più facile."
337,Milo e l'indovinello,"Milo, un ragazzo curioso, viveva presso la grande quercia.

Il sole splendeva caldo.

Un giorno Milo volle trovare il mare.

Ma il vento era forte.

Nonna Lina, che sa tutto, si unì.

Insieme ce la faremo!

Insieme presero la piccola lanterna.

Lungo la strada ballarono forte.

Lungo la strada cantarono allegramente.

All'improvviso passò una farfalla danzando.

Alla fine erano tutti felici.

I veri amici aiutano sempre."
338,Lena e la sorpresa,"Lena, a cui piace dipingere, viveva nel parco verde.

Volavano farfalle.

Un giorno Lena volle vedere il cielo stellato.

Ma c'era nebbia.

Nonna Lina, che sa tutto, si unì.

Niente paura, ti aiuto.

Insieme presero la bottiglia blu.

Lungo la strada cantarono allegramente.

Lungo la strada ballarono un po'.

All'improvviso si alzò il vento.

L'avventura restò indimenticabile.

La pazienza porta fortuna."
339,Finn e la grande avventura,"Finn, un piccolo sognatore, viveva nel bosco vecchio.

Profumava di fiori.

Un giorno Finn volle salire sulla torre.

Ma il ponte era rotto.

Nonna Lina, che sa tutto, si unì.

Vengo anch'io!

Insieme presero la borsa gialla.

Lungo la strada si riposarono insieme.

Lungo la strada risero insieme.

All'improvviso cadde una stella cadente.

Tutti tornarono contenti.

La curiosità porta a meraviglie."
340,Pippa e il mistero,"Pippa, un topolino coraggioso, viveva nel campo giallo.

Un ruscello mormorava piano.

Un giorno Pippa volle visitare il vecchio castello.

Ma un cane abbaiava forte.

Nonna Lina, che sa tutto, si unì.

Meno male che ci sono.

Insieme presero la corda rossa.

Lungo la strada cantarono un po'.

Lungo la strada chiacchierarono allegramente.

All'improvviso qualcuno rise.

Così la giornata fu perfetta.

Ridere aiuta sempre."
341,La giornata più bella di Nora,"Nora, che fa tante domande, viveva in un piccolo villaggio.

Il cielo era azzurro.

Un giorno Nora volle esplorare il bosco.

Ma la strada era bloccata.

Nonna Lina, che sa tutto, si unì.

Insieme ce la faremo!

Insieme presero il vecchio binocolo.

Lungo la strada si riposarono allegramente.

Lungo la strada si riposarono forte.

All'improvviso qualcosa frusciò forte.

Tutti applaudirono di gioia.

Chi osa vince."
342,Theo e il tesoro,"Theo, un ragazzo allegro, viveva al mercato colorato.

Gli uccelli cantavano allegri.

Un giorno Theo volle scoprire l'isola.

Ma cominciò a piovere.

Nonna Lina, che sa tutto, si unì.

Niente paura, ti aiuto.

Insieme presero il coltello piccolo.

Lungo la strada cantarono presso il ruscello.

Lungo la strada cantarono un po'.

All'improvviso gracchiò una rana.

Così la paura divenne coraggio.

Il coraggio è premiato."
343,Emma e il mistero,"Emma, una ragazza coraggiosa, viveva presso il vecchio pozzo.

Profumava di erba fresca.

Un giorno Emma volle trovare la grotta.

Ma la mappa era sparita.

Nonna Lina, che sa tutto, si unì.

Vengo anch'io!

Insieme presero una coperta calda.

Lungo la strada si riposarono un po'.

Lungo la strada ballarono in cerchio.

All'improvviso abbaiò un cane.

Tutti risero e tornarono a casa.

Condividere fa piacere."
344,Paolo e il piano,"Paolo, a cui piace costruire, viveva nel parco giochi.

Tutto era calmo e sereno.

Un giorno Paolo volle vedere l'alta montagna.

Ma si fece buio.

Signor Tasso, il giardiniere, si unì.

Meno male che ci sono.

Insieme presero una mappa colorata.

Lungo la strada cantarono in cerchio.

Lungo la strada risero un po'.

All'improvviso cadde una foglia.

Così l'avventura finì bene.

Insieme è tutto più facile."
345,Mia e il viaggio,"Mia, una piccola cantante, viveva presso il fiume azzurro.

Il sole splendeva caldo.

Un giorno Mia volle cercare il tesoro.

Ma il fiume era troppo profondo.

Signor Tasso, il giardiniere, si unì.

Insieme ce la faremo!

Insieme presero una moneta vecchia.

Lungo la strada si riposarono presso il ruscello.

Lungo la strada chiacchierarono presso il ruscello.

All'improvviso ronzò un'ape.

Alla fine erano tutti felici.

I veri amici aiutano sempre."
346,Leo e il ritrovamento,"Leo, a cui piacciono gli animali, viveva nel prato verde.

Volavano farfalle.

Un giorno Leo volle attraversare il lago.

Ma un albero bloccava la strada.

Signor Tasso, il giardiniere, si unì.

Niente paura, ti aiuto.

Insieme presero la corda verde.

Lungo la strada cantarono forte.

Lungo la strada giocarono allegramente.

All'improvviso bussarono.

L'avventura restò indimenticabile.

La pazienza porta fortuna."
347,Anna e la scoperta,"Anna, che pensa in fretta, viveva presso la grande quercia.

Profumava di fiori.

Un giorno Anna volle trovare il mare.

Ma il vento era forte.

Signor Tasso, il giardiniere, si unì.

Vengo anch'io!

Insieme presero la piccola lanterna.

Lungo la strada si riposarono in cerchio.

Lungo la strada cantarono forte.

All'improvviso passò una farfalla danzando.

Tutti tornarono contenti.

La curiosità porta a meraviglie."
348,Max e la gita,"Max, un ragazzo allegro, viveva nel parco verde.

Un ruscello mormorava piano.

Un giorno Max volle vedere il cielo stellato.

Ma c'era nebbia.

Signor Tasso, il giardiniere, si unì.

Meno male che ci sono.

Insieme presero la bottiglia blu.

Lungo la strada raccontarono storie.

Lungo la strada si riposarono insieme.

All'improvviso si alzò il vento.

Così la giornata fu perfetta.

Ridere aiuta sempre."
349,Milo e la gara,"Milo, un ragazzo curioso, viveva nel bosco vecchio.

Il cielo era azzurro.

Un giorno Milo volle salire sulla torre.

Ma il ponte era rotto.

Signor Tasso, il giardiniere, si unì.

Insieme ce la faremo!

Insieme presero la borsa gialla.

Lungo la strada si riposarono forte.

Lungo la strada risero in cerchio.

All'improvviso cadde una stella cadente.

Tutti applaudirono di gioia.

Chi osa vince."
350,Lena e l'indovinello,"Lena, a cui piace dipingere, viveva nel campo giallo.

Gli uccelli cantavano allegri.

Un giorno Lena volle visitare il vecchio castello.

Ma un cane abbaiava forte.

Signor Tasso, il giardiniere, si unì.

Niente paura, ti aiuto.

Insieme presero la corda rossa.

Lungo la strada risero molto.

Lungo la strada chiacchierarono forte.

All'improvviso qualcuno rise.

Così la paura divenne coraggio.

Il coraggio è premiato."
351,Finn e la sorpresa,"Finn, un piccolo sognatore, viveva in un piccolo villaggio.

Profumava di erba fresca.

Un giorno Finn volle esplorare il bosco.

Ma la strada era bloccata.

Zia Mira, la vicina divertente, si unì.

Vengo anch'io!

Insieme presero il vecchio binocolo.

Lungo la strada giocarono insieme.

Lungo la strada giocarono presso il ruscello.

All'improvviso qualcosa frusciò forte.

Tutti risero e tornarono a casa.

Condividere fa piacere."
352,Pippa e la grande avventura,"Pippa, un topolino coraggioso, viveva al mercato colorato.

Tutto era calmo e sereno.

Un giorno Pippa volle scoprire l'isola.

Ma cominciò a piovere.

Zia Mira, la vicina divertente, si unì.

Meno male che ci sono.

Insieme presero il coltello piccolo.

Lungo la strada cantarono una canzone.

Lungo la strada risero molto.

All'improvviso gracchiò una rana.

Così l'avventura finì bene.

Insieme è tutto più facile."
353,Nora e il mistero,"Nora, che fa tante domande, viveva presso il vecchio pozzo.

Il sole splendeva caldo.

Un giorno Nora volle trovare la grotta.

Ma la mappa era sparita.

Zia Mira, la vicina divertente, si unì.

Insieme ce la faremo!

Insieme presero una coperta calda.

Lungo la strada giocarono allegramente.

Lungo la strada si riposarono un po'.

All'improvviso abbaiò un cane.

Alla fine erano tutti felici.

I veri amici aiutano sempre."
354,La giornata più bella di Theo,"Theo, un ragazzo allegro, viveva nel parco giochi.

Volavano farfalle.

Un giorno Theo volle vedere l'alta montagna.

Ma si fece buio.

Zia Mira, la vicina divertente, si unì.

Niente paura, ti aiuto.

Insieme presero una mappa colorata.

Lungo la strada chiacchierarono insieme.

Lungo la strada cantarono insieme.

All'improvviso cadde una foglia.

L'avventura restò indimenticabile.

La pazienza porta fortuna."
355,Emma e il tesoro,"Emma, una ragazza coraggiosa, viveva presso il fiume azzurro.

Profumava di fiori.

Un giorno Emma volle cercare il tesoro.

Ma il fiume era troppo profondo.

Zia Mira, la vicina divertente, si unì.

Vengo anch'io!

Insieme presero una moneta vecchia.

Lungo la strada giocarono un po'.

Lungo la strada ballarono allegramente.

All'improvviso ronzò un'ape.

Tutti tornarono contenti.

La curiosità porta a meraviglie."
356,Paolo e il mistero,"Paolo, a cui piace costruire, viveva nel prato verde.

Un ruscello mormorava piano.

Un giorno Paolo volle attraversare il lago.

Ma un albero bloccava la strada.

Zia Mira, la vicina divertente, si unì.

Meno male che ci sono.

Insieme presero la corda verde.

Lungo la strada chiacchierarono allegramente.

Lungo la strada giocarono forte.

All'improvviso bussarono.

Così la giornata fu perfetta.

Ridere aiuta sempre."
357,Mia e il piano,"Mia, una piccola cantante, viveva presso la grande quercia.

Il cielo era azzurro.

Un giorno Mia volle trovare il mare.

Ma il vento era forte.

Zia Mira, la vicina divertente, si unì.

Insieme ce la faremo!

Insieme presero la piccola lanterna.

Lungo la strada giocarono presso il ruscello.

Lungo la strada chiacchierarono insieme.

All'improvviso passò una farfalla danzando.

Tutti applaudirono di gioia.

Chi osa vince."
358,Leo e il viaggio,"Leo, a cui piacciono gli animali, viveva nel parco verde.

Gli uccelli cantavano allegri.

Un giorno Leo volle vedere il cielo stellato.

Ma c'era nebbia.

Nonno Carlo, che ripara tutto, si unì.

Niente paura, ti aiuto.

Insieme presero la bottiglia blu.

Lungo la strada chiacchierarono un po'.

Lungo la strada si riposarono in cerchio.

All'improvviso si alzò il vento.

Così la paura divenne coraggio.

Il coraggio è premiato."
359,Anna e il ritrovamento,"Anna, che pensa in fretta, viveva nel bosco vecchio.

Profumava di erba fresca.

Un giorno Anna volle salire sulla torre.

Ma il ponte era rotto.

Nonno Carlo, che ripara tutto, si unì.

Vengo anch'io!

Insieme presero la borsa gialla.

Lungo la strada giocarono in cerchio.

Lungo la strada cantarono un po'.

All'improvviso cadde una stella cadente.

Tutti risero e tornarono a casa.

Condividere fa piacere."
360,Max e la scoperta,"Max, un ragazzo allegro, viveva nel campo giallo.

Tutto era calmo e sereno.

Un giorno Max volle visitare il vecchio castello.

Ma un cane abbaiava forte.

Nonno Carlo, che ripara tutto, si unì.

Meno male che ci sono.

Insieme presero la corda rossa.

Lungo la strada chiacchierarono presso il ruscello.

Lungo la strada ballarono presso il ruscello.

All'improvviso qualcuno rise.

Così l'avventura finì bene.

Insieme è tutto più facile."
361,Milo e la gita,"Milo, un ragazzo curioso, viveva in un piccolo villaggio.

Il sole splendeva caldo.

Un giorno Milo volle esplorare il bosco.

Ma la strada era bloccata.

Nonno Carlo, che ripara tutto, si unì.

Insieme ce la faremo!

Insieme presero il vecchio binocolo.

Lungo la strada giocarono forte.

Lungo la strada risero allegramente.

All'improvviso qualcosa frusciò forte.

Alla fine erano tutti felici.

I veri amici aiutano sempre."
362,Lena e la gara,"Lena, a cui piace dipingere, viveva al mercato colorato.

Volavano farfalle.

Un giorno Lena volle scoprire l'isola.

Ma cominciò a piovere.

Nonno Carlo, che ripara tutto, si unì.

Niente paura, ti aiuto.

Insieme presero il coltello piccolo.

Lungo la strada chiacchierarono in cerchio.

Lungo la strada chiacchierarono un po'.

All'improvviso gracchiò una rana.

L'avventura restò indimenticabile.

La pazienza porta fortuna."
363,Finn e l'indovinello,"Finn, un piccolo sognatore, viveva presso il vecchio pozzo.

Profumava di fiori.

Un giorno Finn volle trovare la grotta.

Ma la mappa era sparita.

Nonno Carlo, che ripara tutto, si unì.

Vengo anch'io!

Insieme presero una coperta calda.

Lungo la strada risero insieme.

Lungo la strada giocarono insieme.

All'improvviso abbaiò un cane.

Tutti tornarono contenti.

La curiosità porta a meraviglie."
364,Pippa e la sorpresa,"Pippa, un topolino coraggioso, viveva nel parco giochi.

Un ruscello mormorava piano.

Un giorno Pippa volle vedere l'alta montagna.

Ma si fece buio.

Nonno Carlo, che ripara tutto, si unì.

Meno male che ci sono.

Insieme presero una mappa colorata.

Lungo la strada chiacchierarono forte.

Lungo la strada cantarono in cerchio.

All'improvviso cadde una foglia.

Così la giornata fu perfetta.

Ridere aiuta sempre."
365,Nora e la grande avventura,"Nora, che fa tante domande, viveva presso il fiume azzurro.

Il cielo era azzurro.

Un giorno Nora volle cercare il tesoro.

Ma il fiume era troppo profondo.

Il fornaio, si unì.

Insieme ce la faremo!

Insieme presero una moneta vecchia.

Lungo la strada risero allegramente.

Lungo la strada ballarono forte.

All'improvviso ronzò un'ape.

Tutti applaudirono di gioia.

Chi osa vince."
366,Theo e il mistero,"Theo, un ragazzo allegro, viveva nel prato verde.

Gli uccelli cantavano allegri.

Un giorno Theo volle attraversare il lago.

Ma un albero bloccava la strada.

Il fornaio, si unì.

Niente paura, ti aiuto.

Insieme presero la corda verde.

Lungo la strada ballarono insieme.

Lungo la strada risero presso il ruscello.

All'improvviso bussarono.

Così la paura divenne coraggio.

Il coraggio è premiato."
367,La giornata più bella di Emma,"Emma, una ragazza coraggiosa, viveva presso la grande quercia.

Profumava di erba fresca.

Un giorno Emma volle trovare il mare.

Ma il vento era forte.

Il fornaio, si unì.

Vengo anch'io!

Insieme presero la piccola lanterna.

Lungo la strada risero un po'.

Lungo la strada chiacchierarono in cerchio.

All'improvviso passò una farfalla danzando.

Tutti risero e tornarono a casa.

Condividere fa piacere."
368,Paolo e il tesoro,"Paolo, a cui piace costruire, viveva nel parco verde.

Tutto era calmo e sereno.

Un giorno Paolo volle vedere il cielo stellato.

Ma c'era nebbia.

Il fornaio, si unì.

Meno male che ci sono.

Insieme presero la bottiglia blu.

Lungo la strada ballarono allegramente.

Lungo la strada giocarono un po'.

All'improvviso si alzò il vento.

Così l'avventura finì bene.

Insieme è tutto più facile."
369,Mia e il mistero,"Mia, una piccola cantante, viveva nel bosco vecchio.

Il sole splendeva caldo.

Un giorno Mia volle salire sulla torre.

Ma il ponte era rotto.

Il fornaio, si unì.

Insieme ce la faremo!

Insieme presero la borsa gialla.

Lungo la strada risero presso il ruscello.

Lungo la strada raccontarono storie.

All'improvviso cadde una stella cadente.

Alla fine erano tutti felici.

I veri amici aiutano sempre."
370,Leo e il piano,"Leo, a cui piacciono gli animali, viveva nel campo giallo.

Volavano farfalle.

Un giorno Leo volle visitare il vecchio castello.

Ma un cane abbaiava forte.

Il fornaio, si unì.

Niente paura, ti aiuto.

Insieme presero la corda rossa.

Lungo la strada ballarono un po'.

Lungo la strada si riposarono allegramente.

All'improvviso qualcuno rise.

L'avventura restò indimenticabile.

La pazienza porta fortuna."
371,Anna e il viaggio,"Anna, che pensa in fretta, viveva in un piccolo villaggio.

Profumava di fiori.

Un giorno Anna volle esplorare il bosco.

Ma la strada era bloccata.

Il fornaio, si unì.

Vengo anch'io!

Insieme presero il vecchio binocolo.

Lungo la strada risero in cerchio.

Lungo la strada risero forte.

All'improvviso qualcosa frusciò forte.

Tutti tornarono contenti.

La curiosità porta a meraviglie."
372,Max e il ritrovamento,"Max, un ragazzo allegro, viveva al mercato colorato.

Un ruscello mormorava piano.

Un giorno Max volle scoprire l'isola.

Ma cominciò a piovere.

Il postino, si unì.

Meno male che ci sono.

Insieme presero il coltello piccolo.

Lungo la strada ballarono presso il ruscello.

Lungo la strada ballarono insieme.

All'improvviso gracchiò una rana.

Così la giornata fu perfetta.

Ridere aiuta sempre."
373,Milo e la scoperta,"Milo, un ragazzo curioso, viveva presso il vecchio pozzo.

Il cielo era azzurro.

Un giorno Milo volle trovare la grotta.

Ma la mappa era sparita.

Il postino, si unì.

Insieme ce la faremo!

Insieme presero una coperta calda.

Lungo la strada risero forte.

Lungo la strada giocarono in cerchio.

All'improvviso abbaiò un cane.

Tutti applaudirono di gioia.

Chi osa vince."
374,Lena e la gita,"Lena, a cui piace dipingere, viveva nel parco giochi.

Gli uccelli cantavano allegri.

Un giorno Lena volle vedere l'alta montagna.

Ma si fece buio.

Il postino, si unì.

Niente paura, ti aiuto.

Insieme presero una mappa colorata.

Lungo la strada ballarono in cerchio.

Lungo la strada cantarono una canzone.

All'improvviso cadde una foglia.

Così la paura divenne coraggio.

Il coraggio è premiato."
375,Finn e la gara,"Finn, un piccolo sognatore, viveva presso il fiume azzurro.

Profumava di erba fresca.

Un giorno Finn volle cercare il tesoro.

Ma il fiume era troppo profondo.

Il postino, si unì.

Vengo anch'io!

Insieme presero una moneta vecchia.

Lungo la strada cantarono insieme.

Lungo la strada si riposarono presso il ruscello.

All'improvviso ronzò un'ape.

Tutti risero e tornarono a casa.

Condividere fa piacere."
376,Pippa e l'indovinello,"Pippa, un topolino coraggioso, viveva nel prato verde.

Tutto era calmo e sereno.

Un giorno Pippa volle attraversare il lago.

Ma un albero bloccava la strada.

Il postino, si unì.

Meno male che ci sono.

Insieme presero la corda verde.

Lungo la strada ballarono forte.

Lungo la strada cantarono allegramente.

All'improvviso bussarono.

Così l'avventura finì bene.

Insieme è tutto più facile."
377,Nora e la sorpresa,"Nora, che fa tante domande, viveva presso la grande quercia.

Il sole splendeva caldo.

Un giorno Nora volle trovare il mare.

Ma il vento era forte.

Il postino, si unì.

Insieme ce la faremo!

Insieme presero la piccola lanterna.

Lungo la strada cantarono allegramente.

Lungo la strada ballarono un po'.

All'improvviso passò una farfalla danzando.

Alla fine erano tutti felici.

I veri amici aiutano sempre."
378,Theo e la grande avventura,"Theo, un ragazzo allegro, viveva nel parco verde.

Volavano farfalle.

Un giorno Theo volle vedere il cielo stellato.

Ma c'era nebbia.

Il postino, si unì.

Niente paura, ti aiuto.

Insieme presero la bottiglia blu.

Lungo la strada si riposarono insieme.

Lungo la strada risero insieme.

All'improvviso si alzò il vento.

L'avventura restò indimenticabile.

La pazienza porta fortuna."
379,Emma e il mistero,"Emma, una ragazza coraggiosa, viveva nel bosco vecchio.

Profumava di fiori.

Un giorno Emma volle salire sulla torre.

Ma il ponte era rotto.

Nonna Lina, che sa tutto, si unì.

Vengo anch'io!

Insieme presero la borsa gialla.

Lungo la strada cantarono un po'.

Lungo la strada chiacchierarono allegramente.

All'improvviso cadde una stella cadente.

Tutti tornarono contenti.

La curiosità porta a meraviglie."
380,La giornata più bella di Paolo,"Paolo, a cui piace costruire, viveva nel campo giallo.

Un ruscello mormorava piano.

Un giorno Paolo volle visitare il vecchio castello.

Ma un cane abbaiava forte.

Nonna Lina, che sa tutto, si unì.

Meno male che ci sono.

Insieme presero la corda rossa.

Lungo la strada si riposarono allegramente.

Lungo la strada si riposarono forte.

All'improvviso qualcuno rise.

Così la giornata fu perfetta.

Ridere aiuta sempre."
381,Mia e il tesoro,"Mia, una piccola cantante, viveva in un piccolo villaggio.

Il cielo era azzurro.

Un giorno Mia volle esplorare il bosco.

Ma la strada era bloccata.

Nonna Lina, che sa tutto, si unì.

Insieme ce la faremo!

Insieme presero il vecchio binocolo.

Lungo la strada cantarono presso il ruscello.

Lungo la strada cantarono un po'.

All'improvviso qualcosa frusciò forte.

Tutti applaudirono di gioia.

Chi osa vince."
382,Leo e il mistero,"Leo, a cui piacciono gli animali, viveva al mercato colorato.

Gli uccelli cantavano allegri.

Un giorno Leo volle scoprire l'isola.

Ma cominciò a piovere.

Nonna Lina, che sa tutto, si unì.

Niente paura, ti aiuto.

Insieme presero il coltello piccolo.

Lungo la strada si riposarono un po'.

Lungo la strada ballarono in cerchio.

All'improvviso gracchiò una rana.

Così la paura divenne coraggio.

Il coraggio è premiato."
383,Anna e il piano,"Anna, che pensa in fretta, viveva presso il vecchio pozzo.

Profumava di erba fresca.

Un giorno Anna volle trovare la grotta.

Ma la mappa era sparita.

Nonna Lina, che sa tutto, si unì.

Vengo anch'io!

Insieme presero una coperta calda.

Lungo la strada cantarono in cerchio.

Lungo la strada risero un po'.

All'improvviso abbaiò un cane.

Tutti risero e tornarono a casa.

Condividere fa piacere."
384,Max e il viaggio,"Max, un ragazzo allegro, viveva nel parco giochi.

Tutto era calmo e sereno.

Un giorno Max volle vedere l'alta montagna.

Ma si fece buio.

Nonna Lina, che sa tutto, si unì.

Meno male che ci sono.

Insieme presero una mappa colorata.

Lungo la strada si riposarono presso il ruscello.

Lungo la strada chiacchierarono presso il ruscello.

All'improvviso cadde una foglia.

Così l'avventura finì bene.

Insieme è tutto più facile."
385,Milo e il ritrovamento,"Milo, un ragazzo curioso, viveva presso il fiume azzurro.

Il sole splendeva caldo.

Un giorno Milo volle cercare il tesoro.

Ma il fiume era troppo profondo.

Nonna Lina, che sa tutto, si unì.

Insieme ce la faremo!

Insieme presero una moneta vecchia.

Lungo la strada cantarono forte.

Lungo la strada giocarono allegramente.

All'improvviso ronzò un'ape.

Alla fine erano tutti felici.

I veri amici aiutano sempre."
386,Lena e la scoperta,"Lena, a cui piace dipingere, viveva nel prato verde.

Volavano farfalle.

Un giorno Lena volle attraversare il lago.

Ma un albero bloccava la strada.

Signor Tasso, il giardiniere, si unì.

Niente paura, ti aiuto.

Insieme presero la corda verde.

Lungo la strada si riposarono in cerchio.

Lungo la strada cantarono forte.

All'improvviso bussarono.

L'avventura restò indimenticabile.

La pazienza porta fortuna."
387,Finn e la gita,"Finn, un piccolo sognatore, viveva presso la grande quercia.

Profumava di fiori.

Un giorno Finn volle trovare il mare.

Ma il vento era forte.

Signor Tasso, il giardiniere, si unì.

Vengo anch'io!

Insieme presero la piccola lanterna.

Lungo la strada raccontarono storie.

Lungo la strada si riposarono insieme.

All'improvviso passò una farfalla danzando.

Tutti tornarono contenti.

La curiosità porta a meraviglie."
388,Pippa e la gara,"Pippa, un topolino coraggioso, viveva nel parco verde.

Un ruscello mormorava piano.

Un giorno Pippa volle vedere il cielo stellato.

Ma c'era nebbia.

Signor Tasso, il giardiniere, si unì.

Meno male che ci sono.

Insieme presero la bottiglia blu.

Lungo la strada si riposarono forte.

Lungo la strada risero in cerchio.

All'improvviso si alzò il vento.

Così la giornata fu perfetta.

Ridere aiuta sempre."
389,Nora e l'indovinello,"Nora, che fa tante domande, viveva nel bosco vecchio.

Il cielo era azzurro.

Un giorno Nora volle salire sulla torre.

Ma il ponte era rotto.

Signor Tasso, il giardiniere, si unì.

Insieme ce la faremo!

Insieme presero la borsa gialla.

Lungo la strada risero molto.

Lungo la strada chiacchierarono forte.

All'improvviso cadde una stella cadente.

Tutti applaudirono di gioia.

Chi osa vince."
390,Theo e la sorpresa,"Theo, un ragazzo allegro, viveva nel campo giallo.

Gli uccelli cantavano allegri.

Un giorno Theo volle visitare il vecchio castello.

Ma un cane abbaiava forte.

Signor Tasso, il giardiniere, si unì.

Niente paura, ti aiuto.

Insieme presero la corda rossa.

Lungo la strada giocarono insieme.

Lungo la strada giocarono presso il ruscello.

All'improvviso qualcuno rise.

Così la paura divenne coraggio.

Il coraggio è premiato."
391,Emma e la grande avventura,"Emma, una ragazza coraggiosa, viveva in un piccolo villaggio.

Profumava di erba fresca.

Un giorno Emma volle esplorare il bosco.

Ma la strada era bloccata.

Signor Tasso, il giardiniere, si unì.

Vengo anch'io!

Insieme presero il vecchio binocolo.

Lungo la strada cantarono una canzone.

Lungo la strada risero molto.

All'improvviso qualcosa frusciò forte.

Tutti risero e tornarono a casa.

Condividere fa piacere."
392,Paolo e il mistero,"Paolo, a cui piace costruire, viveva al mercato colorato.

Tutto era calmo e sereno.

Un giorno Paolo volle scoprire l'isola.

Ma cominciò a piovere.

Signor Tasso, il giardiniere, si unì.

Meno male che ci sono.

Insieme presero il coltello piccolo.

Lungo la strada giocarono allegramente.

Lungo la strada si riposarono un po'.

All'improvviso gracchiò una rana.

Così l'avventura finì bene.

Insieme è tutto più facile."
393,La giornata più bella di Mia,"Mia, una piccola cantante, viveva presso il vecchio pozzo.

Il sole splendeva caldo.

Un giorno Mia volle trovare la grotta.

Ma la mappa era sparita.

Zia Mira, la vicina divertente, si unì.

Insieme ce la faremo!

Insieme presero una coperta calda.

Lungo la strada chiacchierarono insieme.

Lungo la strada cantarono insieme.

All'improvviso abbaiò un cane.

Alla fine erano tutti felici.

I veri amici aiutano sempre."
394,Leo e il tesoro,"Leo, a cui piacciono gli animali, viveva nel parco giochi.

Volavano farfalle.

Un giorno Leo volle vedere l'alta montagna.

Ma si fece buio.

Zia Mira, la vicina divertente, si unì.

Niente paura, ti aiuto.

Insieme presero una mappa colorata.

Lungo la strada giocarono un po'.

Lungo la strada ballarono allegramente.

All'improvviso cadde una foglia.

L'avventura restò indimenticabile.

La pazienza porta fortuna."
395,Anna e il mistero,"Anna, che pensa in fretta, viveva presso il fiume azzurro.

Profumava di fiori.

Un giorno Anna volle cercare il tesoro.

Ma il fiume era troppo profondo.

Zia Mira, la vicina divertente, si unì.

Vengo anch'io!

Insieme presero una moneta vecchia.

Lungo la strada chiacchierarono allegramente.

Lungo la strada giocarono forte.

All'improvviso ronzò un'ape.

Tutti tornarono contenti.

La curiosità porta a meraviglie."
396,Max e il piano,"Max, un ragazzo allegro, viveva nel prato verde.

Un ruscello mormorava piano.

Un giorno Max volle attraversare il lago.

Ma un albero bloccava la strada.

Zia Mira, la vicina divertente, si unì.

Meno male che ci sono.

Insieme presero la corda verde.

Lungo la strada giocarono presso il ruscello.

Lungo la strada chiacchierarono insieme.

All'improvviso bussarono.

Così la giornata fu perfetta.

Ridere aiuta sempre."
397,Milo e il viaggio,"Milo, un ragazzo curioso, viveva presso la grande quercia.

Il cielo era azzurro.

Un giorno Milo volle trovare il mare.

Ma il vento era forte.

Zia Mira, la vicina divertente, si unì.

Insieme ce la faremo!

Insieme presero la piccola lanterna.

Lungo la strada chiacchierarono un po'.

Lungo la strada si riposarono in cerchio.

All'improvviso passò una farfalla danzando.

Tutti applaudirono di gioia.

Chi osa vince."
398,Lena e il ritrovamento,"Lena, a cui piace dipingere, viveva nel parco verde.

Gli uccelli cantavano allegri.

Un giorno Lena volle vedere il cielo stellato.

Ma c'era nebbia.

Zia Mira, la vicina divertente, si unì.

Niente paura, ti aiuto.

Insieme presero la bottiglia blu.

Lungo la strada giocarono in cerchio.

Lungo la strada cantarono un po'.

All'improvviso si alzò il vento.

Così la paura divenne coraggio.

Il coraggio è premiato."
399,Finn e la scoperta,"Finn, un piccolo sognatore, viveva nel bosco vecchio.

Profumava di erba fresca.

Un giorno Finn volle salire sulla torre.

Ma il ponte era rotto.

Zia Mira, la vicina divertente, si unì.

Vengo anch'io!

Insieme presero la borsa gialla.

Lungo la strada chiacchierarono presso il ruscello.

Lungo la strada ballarono presso il ruscello.

All'improvviso cadde una stella cadente.

Tutti risero e tornarono a casa.

Condividere fa piacere."
400,Pippa e la gita,"Pippa, un topolino coraggioso, viveva nel campo giallo.

Tutto era calmo e sereno.

Un giorno Pippa volle visitare il vecchio castello.

Ma un cane abbaiava forte.

Nonno Carlo, che ripara tutto, si unì.

Meno male che ci sono.

Insieme presero la corda rossa.

Lungo la strada giocarono forte.

Lungo la strada risero allegramente.

All'improvviso qualcuno rise.

Così l'avventura finì bene.

Insieme è tutto più facile."
401,Emma e il mistero,"Pippa era in un piccolo villaggio quando arrivò Emma.

Profumava di erba fresca.

Emma era triste.

Racconta, ascolto!

Insieme chiesero aiuto.

Lungo la strada chiacchierarono un po'.

Lungo la strada risero molto.

All'improvviso abbaiò un cane.

Erano entrambi orgogliosi.

Il coraggio è premiato."
402,La giornata più bella di Mia,"Theo era al mercato colorato quando arrivò Mia.

Volavano farfalle.

Mia aveva fame.

Ti aiuto!

Insieme si misero in marcia.

Lungo la strada raccontarono storie.

Lungo la strada risero un po'.

All'improvviso cadde una foglia.

Così andò tutto bene.

Condividere fa piacere."
403,Anna e il tesoro,"Paolo era presso il vecchio pozzo quando arrivò Anna.

Il cielo era azzurro.

Anna aveva perso la strada.

Troveremo una soluzione.

Insieme divisero il compito.

Lungo la strada cantarono allegramente.

Lungo la strada si riposarono presso il ruscello.

All'improvviso ronzò un'ape.

Alla fine risero entrambi.

Insieme è tutto più facile."
404,Milo e il mistero,"Leo era nel parco giochi quando arrivò Milo.

Tutto era calmo e sereno.

Milo aveva sete.

Vieni, ce la faremo!

Insieme chiesero ai vicini.

Lungo la strada risero un po'.

Lungo la strada chiacchierarono in cerchio.

All'improvviso bussarono.

Erano entrambi orgogliosi.

I veri amici aiutano sempre."
405,Finn e il piano,"Max era presso il fiume azzurro quando arrivò Finn.

Profumava di fiori.

Finn aveva bisogno di riposo.

Racconta, ascolto!

Insieme cercarono ovunque.

Lungo la strada giocarono presso il ruscello.

Lungo la strada cantarono un po'.

All'improvviso passò una farfalla danzando.

Così andò tutto bene.

La pazienza porta fortuna."
406,Nora e il viaggio,"Lena era nel prato verde quando arrivò Nora.

Gli uccelli cantavano allegri.

Nora aveva dimenticato il libro.

Ti aiuto!

Insieme fecero un piano.

Lungo la strada si riposarono in cerchio.

Lungo la strada giocarono presso il ruscello.

All'improvviso si alzò il vento.

Alla fine risero entrambi.

La curiosità porta a meraviglie."
407,Emma e il ritrovamento,"Pippa era presso la grande quercia quando arrivò Emma.

Il sole splendeva caldo.

Emma aveva un po' freddo.

Troveremo una soluzione.

Insieme chiesero aiuto.

Lungo la strada ballarono forte.

Lungo la strada ballarono in cerchio.

All'improvviso cadde una stella cadente.

Erano entrambi orgogliosi.

Ridere aiuta sempre."
408,Mia e la scoperta,"Theo era nel parco verde quando arrivò Mia.

Un ruscello mormorava piano.

Mia aveva un dispiacere.

Vieni, ce la faremo!

Insieme si misero in marcia.

Lungo la strada ballarono insieme.

Lungo la strada cantarono una canzone.

All'improvviso qualcuno rise.

Così andò tutto bene.

Chi osa vince."
409,Anna e la gita,"Paolo era nel bosco vecchio quando arrivò Anna.

Profumava di erba fresca.

Anna cercava la chiave.

Racconta, ascolto!

Insieme divisero il compito.

Lungo la strada chiacchierarono allegramente.

Lungo la strada risero presso il ruscello.

All'improvviso qualcosa frusciò forte.

Alla fine risero entrambi.

Il coraggio è premiato."
410,Milo e la gara,"Leo era nel campo giallo quando arrivò Milo.

Volavano farfalle.

Milo aveva paura al buio.

Ti aiuto!

Insieme chiesero ai vicini.

Lungo la strada cantarono forte.

Lungo la strada si riposarono in cerchio.

All'improvviso gracchiò una rana.

Erano entrambi orgogliosi.

Condividere fa piacere."
411,Finn e l'indovinello,"Max era in un piccolo villaggio quando arrivò Finn.

Il cielo era azzurro.

Finn era triste.

Troveremo una soluzione.

Insieme cercarono ovunque.

Lungo la strada cantarono insieme.

Lungo la strada chiacchierarono forte.

All'improvviso abbaiò un cane.

Così andò tutto bene.

Insieme è tutto più facile."
412,Nora e la sorpresa,"Lena era al mercato colorato quando arrivò Nora.

Tutto era calmo e sereno.

Nora aveva fame.

Vieni, ce la faremo!

Insieme fecero un piano.

Lungo la strada risero allegramente.

Lungo la strada cantarono presso il ruscello.

All'improvviso cadde una foglia.

Alla fine risero entrambi.

I veri amici aiutano sempre."
413,Emma e la grande avventura,"Pippa era presso il vecchio pozzo quando arrivò Emma.

Profumava di fiori.

Emma aveva perso la strada.

Racconta, ascolto!

Insieme chiesero aiuto.

Lungo la strada giocarono un po'.

Lungo la strada giocarono in cerchio.

All'improvviso ronzò un'ape.

Erano entrambi orgogliosi.

La pazienza porta fortuna."
414,Mia e il mistero,"Theo era nel parco giochi quando arrivò Mia.

Gli uccelli cantavano allegri.

Mia aveva sete.

Ti aiuto!

Insieme si misero in marcia.

Lungo la strada si riposarono presso il ruscello.

Lungo la strada ballarono forte.

All'improvviso bussarono.

Così andò tutto bene.

La curiosità porta a meraviglie."
415,La giornata più bella di Anna,"Paolo era presso il fiume azzurro quando arrivò Anna.

Il sole splendeva caldo.

Anna aveva bisogno di riposo.

Troveremo una soluzione.

Insieme divisero il compito.

Lungo la strada ballarono in cerchio.

Lungo la strada chiacchierarono insieme.

All'improvviso passò una farfalla danzando.

Alla fine risero entrambi.

Ridere aiuta sempre."
416,Milo e il tesoro,"Leo era nel prato verde quando arrivò Milo.

Un ruscello mormorava piano.

Milo aveva dimenticato il libro.

Vieni, ce la faremo!

Insieme chiesero ai vicini.

Lungo la strada chiacchierarono forte.

Lungo la strada risero in cerchio.

All'improvviso si alzò il vento.

Erano entrambi orgogliosi.

Chi osa vince."
417,Finn e il mistero,"Max era presso la grande quercia quando arrivò Finn.

Profumava di erba fresca.

Finn aveva un po' freddo.

Racconta, ascolto!

Insieme cercarono ovunque.

Lungo la strada chiacchierarono insieme.

Lungo la strada si riposarono forte.

All'improvviso cadde una stella cadente.

Così andò tutto bene.

Il coraggio è premiato."
418,Nora e il piano,"Lena era nel parco verde quando arrivò Nora.

Volavano farfalle.

Nora aveva un dispiacere.

Ti aiuto!

Insieme fecero un piano.

Lungo la strada cantarono in cerchio.

Lungo la strada ballarono insieme.

All'improvviso qualcuno rise.

Alla fine risero entrambi.

Condividere fa piacere."
419,Emma e il viaggio,"Pippa era nel bosco vecchio quando arrivò Emma.

Il cielo era azzurro.

Emma cercava la chiave.

Troveremo una soluzione.

Insieme chiesero aiuto.

Lungo la strada risero forte.

Lungo la strada cantarono in cerchio.

All'improvviso qualcosa frusciò forte.

Erano entrambi orgogliosi.

Insieme è tutto più facile."
420,Mia e il ritrovamento,"Theo era nel campo giallo quando arrivò Mia.

Tutto era calmo e sereno.

Mia aveva paura al buio.

Vieni, ce la faremo!

Insieme si misero in marcia.

Lungo la strada risero insieme.

Lungo la strada giocarono forte.

All'improvviso gracchiò una rana.

Così andò tutto bene.

I veri amici aiutano sempre."
421,Anna e la scoperta,"Paolo era in un piccolo villaggio quando arrivò Anna.

Profumava di fiori.

Anna era triste.

Racconta, ascolto!

Insieme divisero il compito.

Lungo la strada giocarono allegramente.

Lungo la strada si riposarono insieme.

All'improvviso abbaiò un cane.

Alla fine risero entrambi.

La pazienza porta fortuna."
422,Milo e la gita,"Leo era al mercato colorato quando arrivò Milo.

Gli uccelli cantavano allegri.

Milo aveva fame.

Ti aiuto!

Insieme chiesero ai vicini.

Lungo la strada si riposarono un po'.

Lungo la strada chiacchierarono allegramente.

All'improvviso cadde una foglia.

Erano entrambi orgogliosi.

La curiosità porta a meraviglie."
423,Finn e la gara,"Max era presso il vecchio pozzo quando arrivò Finn.

Il sole splendeva caldo.

Finn aveva perso la strada.

Troveremo una soluzione.

Insieme cercarono ovunque.

Lungo la strada ballarono presso il ruscello.

Lungo la strada risero forte.

All'improvviso ronzò un'ape.

Così andò tutto bene.

Ridere aiuta sempre."
424,Nora e l'indovinello,"Lena era nel parco giochi quando arrivò Nora.

Un ruscello mormorava piano.

Nora aveva sete.

Vieni, ce la faremo!

Insieme fecero un piano.

Lungo la strada chiacchierarono in cerchio.

Lungo la strada giocarono insieme.

All'improvviso bussarono.

Alla fine risero entrambi.

Chi osa vince."
425,Emma e la sorpresa,"Pippa era presso il fiume azzurro quando arrivò Emma.

Profumava di erba fresca.

Emma aveva bisogno di riposo.

Racconta, ascolto!

Insieme chiesero aiuto.

Lungo la strada cantarono una canzone.

Lungo la strada ballarono allegramente.

All'improvviso passò una farfalla danzando.

Erano entrambi orgogliosi.

Il coraggio è premiato."
426,Mia e la grande avventura,"Theo era nel prato verde quando arrivò Mia.

Volavano farfalle.

Mia aveva dimenticato il libro.

Ti aiuto!

Insieme si misero in marcia.

Lungo la strada cantarono presso il ruscello.

Lungo la strada cantarono forte.

All'improvviso si alzò il vento.

Così andò tutto bene.

Condividere fa piacere."
427,Anna e il mistero,"Paolo era presso la grande quercia quando arrivò Anna.

Il cielo era azzurro.

Anna aveva un po' freddo.

Troveremo una soluzione.

Insieme divisero il compito.

Lungo la strada risero in cerchio.

Lungo la strada risero insieme.

All'improvviso cadde una stella cadente.

Alla fine risero entrambi.

Insieme è tutto più facile."
428,La giornata più bella di Milo,"Leo era nel parco verde quando arrivò Milo.

Tutto era calmo e sereno.

Milo aveva un dispiacere.

Vieni, ce la faremo!

Insieme chiesero ai vicini.

Lungo la strada giocarono forte.

Lungo la strada si riposarono allegramente.

All'improvviso qualcuno rise.

Erano entrambi orgogliosi.

I veri amici aiutano sempre."
429,Finn e il tesoro,"Max era nel bosco vecchio quando arrivò Finn.

Profumava di fiori.

Finn cercava la chiave.

Racconta, ascolto!

Insieme cercarono ovunque.

Lungo la strada giocarono insieme.

Lungo la strada chiacchierarono un po'.

All'improvviso qualcosa frusciò forte.

Così andò tutto bene.

La pazienza porta fortuna."
430,Nora e il mistero,"Lena era nel campo giallo quando arrivò Nora.

Gli uccelli cantavano allegri.

Nora aveva paura al buio.

Ti aiuto!

Insieme fecero un piano.

Lungo la strada si riposarono allegramente.

Lungo la strada cantarono insieme.

All'improvviso gracchiò una rana.

Alla fine risero entrambi.

La curiosità porta a meraviglie."
431,Emma e il piano,"Pippa era in un piccolo villaggio quando arrivò Emma.

Il sole splendeva caldo.

Emma era triste.

Troveremo una soluzione.

Insieme chiesero aiuto.

Lungo la strada ballarono un po'.

Lungo la strada giocarono allegramente.

All'improvviso abbaiò un cane.

Erano entrambi orgogliosi.

Ridere aiuta sempre."
432,Mia e il viaggio,"Theo era al mercato colorato quando arrivò Mia.

Un ruscello mormorava piano.

Mia aveva fame.

Vieni, ce la faremo!

Insieme si misero in marcia.

Lungo la strada chiacchierarono presso il ruscello.

Lungo la strada ballarono un po'.

All'improvviso cadde una foglia.

Così andò tutto bene.

Chi osa vince."
433,Anna e il ritrovamento,"Paolo era presso il vecchio pozzo quando arrivò Anna.

Profumava di erba fresca.

Anna aveva perso la strada.

Racconta, ascolto!

Insieme divisero il compito.

Lungo la strada risero molto.

Lungo la strada raccontarono storie.

All'improvviso ronzò un'ape.

Alla fine risero entrambi.

Il coraggio è premiato."
434,Milo e la scoperta,"Leo era nel parco giochi quando arrivò Milo.

Volavano farfalle.

Milo aveva sete.

Ti aiuto!

Insieme chiesero ai vicini.

Lungo la strada cantarono un po'.

Lungo la strada risero allegramente.

All'improvviso bussarono.

Erano entrambi orgogliosi.

Condividere fa piacere."
435,Finn e la gita,"Max era presso il fiume azzurro quando arrivò Finn.

Il cielo era azzurro.

Finn aveva bisogno di riposo.

Troveremo una soluzione.

Insieme cercarono ovunque.

Lungo la strada risero presso il ruscello.

Lungo la strada si riposarono un po'.

All'improvviso passò una farfalla danzando.

Così andò tutto bene.

Insieme è tutto più facile."
436,Nora e la gara,"Lena era nel prato verde quando arrivò Nora.

Tutto era calmo e sereno.

Nora aveva dimenticato il libro.

Vieni, ce la faremo!

Insieme fecero un piano.

Lungo la strada giocarono in cerchio.

Lungo la strada chiacchierarono presso il ruscello.

All'improvviso si alzò il vento.

Alla fine risero entrambi.

I veri amici aiutano sempre."
437,Emma e l'indovinello,"Pippa era presso la grande quercia quando arrivò Emma.

Profumava di fiori.

Emma aveva un po' freddo.

Racconta, ascolto!

Insieme chiesero aiuto.

Lungo la strada si riposarono forte.

Lungo la strada cantarono allegramente.

All'improvviso cadde una stella cadente.

Erano entrambi orgogliosi.

La pazienza porta fortuna."
438,Mia e la sorpresa,"Theo era nel parco verde quando arrivò Mia.

Gli uccelli cantavano allegri.

Mia aveva un dispiacere.

Ti aiuto!

Insieme si misero in marcia.

Lungo la strada si riposarono insieme.

Lungo la strada giocarono un po'.

All'improvviso qualcuno rise.

Così andò tutto bene.

La curiosità porta a meraviglie."
439,Anna e la grande avventura,"Paolo era nel bosco vecchio quando arrivò Anna.

Il sole splendeva caldo.

Anna cercava la chiave.

Troveremo una soluzione.

Insieme divisero il compito.

Lungo la strada ballarono allegramente.

Lungo la strada ballarono presso il ruscello.

All'improvviso qualcosa frusciò forte.

Alla fine risero entrambi.

Ridere aiuta sempre."
440,Milo e il mistero,"Leo era nel campo giallo quando arrivò Milo.

Un ruscello mormorava piano.

Milo aveva paura al buio.

Vieni, ce la faremo!

Insieme chiesero ai vicini.

Lungo la strada chiacchierarono un po'.

Lungo la strada risero molto.

All'improvviso gracchiò una rana.

Erano entrambi orgogliosi.

Chi osa vince."
441,La giornata più bella di Finn,"Max era in un piccolo villaggio quando arrivò Finn.

Profumava di erba fresca.

Finn era triste.

Racconta, ascolto!

Insieme cercarono ovunque.

Lungo la strada raccontarono storie.

Lungo la strada risero un po'.

All'improvviso abbaiò un cane.

Così andò tutto bene.

Il coraggio è premiato."
442,Nora e il tesoro,"Lena era al mercato colorato quando arrivò Nora.

Volavano farfalle.

Nora aveva fame.

Ti aiuto!

Insieme fecero un piano.

Lungo la strada cantarono allegramente.

Lungo la strada si riposarono presso il ruscello.

All'improvviso cadde una foglia.

Alla fine risero entrambi.

Condividere fa piacere."
443,Emma e il mistero,"Pippa era presso il vecchio pozzo quando arrivò Emma.

Il cielo era azzurro.

Emma aveva perso la strada.

Troveremo una soluzione.

Insieme chiesero aiuto.

Lungo la strada risero un po'.

Lungo la strada chiacchierarono in cerchio.

All'improvviso ronzò un'ape.

Erano entrambi orgogliosi.

Insieme è tutto più facile."
444,Mia e il piano,"Theo era nel parco giochi quando arrivò Mia.

Tutto era calmo e sereno.

Mia aveva sete.

Vieni, ce la faremo!

Insieme si misero in marcia.

Lungo la strada giocarono presso il ruscello.

Lungo la strada cantarono un po'.

All'improvviso bussarono.

Così andò tutto bene.

I veri amici aiutano sempre."
445,Anna e il viaggio,"Paolo era presso il fiume azzurro quando arrivò Anna.

Profumava di fiori.

Anna aveva bisogno di riposo.

Racconta, ascolto!

Insieme divisero il compito.

Lungo la strada si riposarono in cerchio.

Lungo la strada giocarono presso il ruscello.

All'improvviso passò una farfalla danzando.

Alla fine risero entrambi.

La pazienza porta fortuna."
446,Milo e il ritrovamento,"Leo era nel prato verde quando arrivò Milo.

Gli uccelli cantavano allegri.

Milo aveva dimenticato il libro.

Ti aiuto!

Insieme chiesero ai vicini.

Lungo la strada ballarono forte.

Lungo la strada ballarono in cerchio.

All'improvviso si alzò il vento.

Erano entrambi orgogliosi.

La curiosità porta a meraviglie."
447,Finn e la scoperta,"Max era presso la grande quercia quando arrivò Finn.

Il sole splendeva caldo.

Finn aveva un po' freddo.

Troveremo una soluzione.

Insieme cercarono ovunque.

Lungo la strada ballarono insieme.

Lungo la strada cantarono una canzone.

All'improvviso cadde una stella cadente.

Così andò tutto bene.

Ridere aiuta sempre."
448,Nora e la gita,"Lena era nel parco verde quando arrivò Nora.

Un ruscello mormorava piano.

Nora aveva un dispiacere.

Vieni, ce la faremo!

Insieme fecero un piano.

Lungo la strada chiacchierarono allegramente.

Lungo la strada risero presso il ruscello.

All'improvviso qualcuno rise.

Alla fine risero entrambi.

Chi osa vince."
449,Emma e la gara,"Pippa era nel bosco vecchio quando arrivò Emma.

Profumava di erba fresca.

Emma cercava la chiave.

Racconta, ascolto!

Insieme chiesero aiuto.

Lungo la strada cantarono forte.

Lungo la strada si riposarono in cerchio.

All'improvviso qualcosa frusciò forte.

Erano entrambi orgogliosi.

Il coraggio è premiato."
450,Mia e l'indovinello,"Theo era nel campo giallo quando arrivò Mia.

Volavano farfalle.

Mia aveva paura al buio.

Ti aiuto!

Insieme si misero in marcia.

Lungo la strada cantarono insieme.

Lungo la strada chiacchierarono forte.

All'improvviso gracchiò una rana.

Così andò tutto bene.

Condividere fa piacere."
451,Anna e la sorpresa,"Paolo era in un piccolo villaggio quando arrivò Anna.

Il cielo era azzurro.

Anna era triste.

Troveremo una soluzione.

Insieme divisero il compito.

Lungo la strada risero allegramente.

Lungo la strada cantarono presso il ruscello.

All'improvviso abbaiò un cane.

Alla fine risero entrambi.

Insieme è tutto più facile."
452,Milo e la grande avventura,"Leo era al mercato colorato quando arrivò Milo.

Tutto era calmo e sereno.

Milo aveva fame.

Vieni, ce la faremo!

Insieme chiesero ai vicini.

Lungo la strada giocarono un po'.

Lungo la strada giocarono in cerchio.

All'improvviso cadde una foglia.

Erano entrambi orgogliosi.

I veri amici aiutano sempre."
453,Finn e il mistero,"Max era presso il vecchio pozzo quando arrivò Finn.

Profumava di fiori.

Finn aveva perso la strada.

Racconta, ascolto!

Insieme cercarono ovunque.

Lungo la strada si riposarono presso il ruscello.

Lungo la strada ballarono forte.

All'improvviso ronzò un'ape.

Così andò tutto bene.

La pazienza porta fortuna."
454,La giornata più bella di Nora,"Lena era nel parco giochi quando arrivò Nora.

Gli uccelli cantavano allegri.

Nora aveva sete.

Ti aiuto!

Insieme fecero un piano.

Lungo la strada ballarono in cerchio.

Lungo la strada chiacchierarono insieme.

All'improvviso bussarono.

Alla fine risero entrambi.

La curiosità porta a meraviglie."
455,Emma e il tesoro,"Pippa era presso il fiume azzurro quando arrivò Emma.

Il sole splendeva caldo.

Emma aveva bisogno di riposo.

Troveremo una soluzione.

Insieme chiesero aiuto.

Lungo la strada chiacchierarono forte.

Lungo la strada risero in cerchio.

All'improvviso passò una farfalla danzando.

Erano entrambi orgogliosi.

Ridere aiuta sempre."
456,Mia e il mistero,"Theo era nel prato verde quando arrivò Mia.

Un ruscello mormorava piano.

Mia aveva dimenticato il libro.

Vieni, ce la faremo!

Insieme si misero in marcia.

Lungo la strada chiacchierarono insieme.

Lungo la strada si riposarono forte.

All'improvviso si alzò il vento.

Così andò tutto bene.

Chi osa vince."
457,Anna e il piano,"Paolo era presso la grande quercia quando arrivò Anna.

Profumava di erba fresca.

Anna aveva un po' freddo.

Racconta, ascolto!

Insieme divisero il compito.

Lungo la strada cantarono in cerchio.

Lungo la strada ballarono insieme.

All'improvviso cadde una stella cadente.

Alla fine risero entrambi.

Il coraggio è premiato."
458,Milo e il viaggio,"Leo era nel parco verde quando arrivò Milo.

Volavano farfalle.

Milo aveva un dispiacere.

Ti aiuto!

Insieme chiesero ai vicini.

Lungo la strada risero forte.

Lungo la strada cantarono in cerchio.

All'improvviso qualcuno rise.

Erano entrambi orgogliosi.

Condividere fa piacere."
459,Finn e il ritrovamento,"Max era nel bosco vecchio quando arrivò Finn.

Il cielo era azzurro.

Finn cercava la chiave.

Troveremo una soluzione.

Insieme cercarono ovunque.

Lungo la strada risero insieme.

Lungo la strada giocarono forte.

All'improvviso qualcosa frusciò forte.

Così andò tutto bene.

Insieme è tutto più facile."
460,Nora e la scoperta,"Lena era nel campo giallo quando arrivò Nora.

Tutto era calmo e sereno.

Nora aveva paura al buio.

Vieni, ce la faremo!

Insieme fecero un piano.

Lungo la strada giocarono allegramente.

Lungo la strada si riposarono insieme.

All'improvviso gracchiò una rana.

Alla fine risero entrambi.

I veri amici aiutano sempre."
461,Emma e la gita,"Pippa era in un piccolo villaggio quando arrivò Emma.

Profumava di fiori.

Emma era triste.

Racconta, ascolto!

Insieme chiesero aiuto.

Lungo la strada si riposarono un po'.

Lungo la strada chiacchierarono allegramente.

All'improvviso abbaiò un cane.

Erano entrambi orgogliosi.

La pazienza porta fortuna."
462,Mia e la gara,"Theo era al mercato colorato quando arrivò Mia.

Gli uccelli cantavano allegri.

Mia aveva fame.

Ti aiuto!

Insieme si misero in marcia.

Lungo la strada ballarono presso il ruscello.

Lungo la strada risero forte.

All'improvviso cadde una foglia.

Così andò tutto bene.

La curiosità porta a meraviglie."
463,Anna e l'indovinello,"Paolo era presso il vecchio pozzo quando arrivò Anna.

Il sole splendeva caldo.

Anna aveva perso la strada.

Troveremo una soluzione.

Insieme divisero il compito.

Lungo la strada chiacchierarono in cerchio.

Lungo la strada giocarono insieme.

All'improvviso ronzò un'ape.

Alla fine risero entrambi.

Ridere aiuta sempre."
464,Milo e la sorpresa,"Leo era nel parco giochi quando arrivò Milo.

Un ruscello mormorava piano.

Milo aveva sete.

Vieni, ce la faremo!

Insieme chiesero ai vicini.

Lungo la strada cantarono una canzone.

Lungo la strada ballarono allegramente.

All'improvviso bussarono.

Erano entrambi orgogliosi.

Chi osa vince."
465,Finn e la grande avventura,"Max era presso il fiume azzurro quando arrivò Finn.

Profumava di erba fresca.

Finn aveva bisogno di riposo.

Racconta, ascolto!

Insieme cercarono ovunque.

Lungo la strada cantarono presso il ruscello.

Lungo la strada cantarono forte.

All'improvviso passò una farfalla danzando.

Così andò tutto bene.

Il coraggio è premiato."
466,Nora e il mistero,"Lena era nel prato verde quando arrivò Nora.

Volavano farfalle.

Nora aveva dimenticato il libro.

Ti aiuto!

Insieme fecero un piano.

Lungo la strada risero in cerchio.

Lungo la strada risero insieme.

All'improvviso si alzò il vento.

Alla fine risero entrambi.

Condividere fa piacere."
467,La giornata più bella di Emma,"Pippa era presso la grande quercia quando arrivò Emma.

Il cielo era azzurro.

Emma aveva un po' freddo.

Troveremo una soluzione.

Insieme chiesero aiuto.

Lungo la strada giocarono forte.

Lungo la strada si riposarono allegramente.

All'improvviso cadde una stella cadente.

Erano entrambi orgogliosi.

Insieme è tutto più facile."
468,Mia e il tesoro,"Theo era nel parco verde quando arrivò Mia.

Tutto era calmo e sereno.

Mia aveva un dispiacere.

Vieni, ce la faremo!

Insieme si misero in marcia.

Lungo la strada giocarono insieme.

Lungo la strada chiacchierarono un po'.

All'improvviso qualcuno rise.

Così andò tutto bene.

I veri amici aiutano sempre."
469,Anna e il mistero,"Paolo era nel bosco vecchio quando arrivò Anna.

Profumava di fiori.

Anna cercava la chiave.

Racconta, ascolto!

Insieme divisero il compito.

Lungo la strada si riposarono allegramente.

Lungo la strada cantarono insieme.

All'improvviso qualcosa frusciò forte.

Alla fine risero entrambi.

La pazienza porta fortuna."
470,Milo e il piano,"Leo era nel campo giallo quando arrivò Milo.

Gli uccelli cantavano allegri.

Milo aveva paura al buio.

Ti aiuto!

Insieme chiesero ai vicini.

Lungo la strada ballarono un po'.

Lungo la strada giocarono allegramente.

All'improvviso gracchiò una rana.

Erano entrambi orgogliosi.

La curiosità porta a meraviglie."
471,Finn e il viaggio,"Max era in un piccolo villaggio quando arrivò Finn.

Il sole splendeva caldo.

Finn era triste.

Troveremo una soluzione.

Insieme cercarono ovunque.

Lungo la strada chiacchierarono presso il ruscello.

Lungo la strada ballarono un po'.

All'improvviso abbaiò un cane.

Così andò tutto bene.

Ridere aiuta sempre."
472,Nora e il ritrovamento,"Lena era al mercato colorato quando arrivò Nora.

Un ruscello mormorava piano.

Nora aveva fame.

Vieni, ce la faremo!

Insieme fecero un piano.

Lungo la strada risero molto.

Lungo la strada raccontarono storie.

All'improvviso cadde una foglia.

Alla fine risero entrambi.

Chi osa vince."
473,Emma e la scoperta,"Pippa era presso il vecchio pozzo quando arrivò Emma.

Profumava di erba fresca.

Emma aveva perso la strada.

Racconta, ascolto!

Insieme chiesero aiuto.

Lungo la strada cantarono un po'.

Lungo la strada risero allegramente.

All'improvviso ronzò un'ape.

Erano entrambi orgogliosi.

Il coraggio è premiato."
474,Mia e la gita,"Theo era nel parco giochi quando arrivò Mia.

Volavano farfalle.

Mia aveva sete.

Ti aiuto!

Insieme si misero in marcia.

Lungo la strada risero presso il ruscello.

Lungo la strada si riposarono un po'.

All'improvviso bussarono.

Così andò tutto bene.

Condividere fa piacere."
475,Anna e la gara,"Paolo era presso il fiume azzurro quando arrivò Anna.

Il cielo era azzurro.

Anna aveva bisogno di riposo.

Troveremo una soluzione.

Insieme divisero il compito.

Lungo la strada giocarono in cerchio.

Lungo la strada chiacchierarono presso il ruscello.

All'improvviso passò una farfalla danzando.

Alla fine risero entrambi.

Insieme è tutto più facile."
476,Milo e l'indovinello,"Leo era nel prato verde quando arrivò Milo.

Tutto era calmo e sereno.

Milo aveva dimenticato il libro.

Vieni, ce la faremo!

Insieme chiesero ai vicini.

Lungo la strada si riposarono forte.

Lungo la strada cantarono allegramente.

All'improvviso si alzò il vento.

Erano entrambi orgogliosi.

I veri amici aiutano sempre."
477,Finn e la sorpresa,"Max era presso la grande quercia quando arrivò Finn.

Profumava di fiori.

Finn aveva un po' freddo.

Racconta, ascolto!

Insieme cercarono ovunque.

Lungo la strada si riposarono insieme.

Lungo la strada giocarono un po'.

All'improvviso cadde una stella cadente.

Così andò tutto bene.

La pazienza porta fortuna."
478,Nora e la grande avventura,"Lena era nel parco verde quando arrivò Nora.

Gli uccelli cantavano allegri.

Nora aveva un dispiacere.

Ti aiuto!

Insieme fecero un piano.

Lungo la strada ballarono allegramente.

Lungo la strada ballarono presso il ruscello.

All'improvviso qualcuno rise.

Alla fine risero entrambi.

La curiosità porta a meraviglie."
479,Emma e il mistero,"Pippa era nel bosco vecchio quando arrivò Emma.

Il sole splendeva caldo.

Emma cercava la chiave.

Troveremo una soluzione.

Insieme chiesero aiuto.

Lungo la strada chiacchierarono un po'.

Lungo la strada risero molto.

All'improvviso qualcosa frusciò forte.

Erano entrambi orgogliosi.

Ridere aiuta sempre."
480,La giornata più bella di Mia,"Theo era nel campo giallo quando arrivò Mia.

Un ruscello mormorava piano.

Mia aveva paura al buio.

Vieni, ce la faremo!

Insieme si misero in marcia.

Lungo la strada raccontarono storie.

Lungo la strada risero un po'.

All'improvviso gracchiò una rana.

Così andò tutto bene.

Chi osa vince."
481,Anna e il tesoro,"Paolo era in un piccolo villaggio quando arrivò Anna.

Profumava di erba fresca.

Anna era triste.

Racconta, ascolto!

Insieme divisero il compito.

Lungo la strada cantarono allegramente.

Lungo la strada si riposarono presso il ruscello.

All'improvviso abbaiò un cane.

Alla fine risero entrambi.

Il coraggio è premiato."
482,Milo e il mistero,"Leo era al mercato colorato quando arrivò Milo.

Volavano farfalle.

Milo aveva fame.

Ti aiuto!

Insieme chiesero ai vicini.

Lungo la strada risero un po'.

Lungo la strada chiacchierarono in cerchio.

All'improvviso cadde una foglia.

Erano entrambi orgogliosi.

Condividere fa piacere."
483,Finn e il piano,"Max era presso il vecchio pozzo quando arrivò Finn.

Il cielo era azzurro.

Finn aveva perso la strada.

Troveremo una soluzione.

Insieme cercarono ovunque.

Lungo la strada giocarono presso il ruscello.

Lungo la strada cantarono un po'.

All'improvviso ronzò un'ape.

Così andò tutto bene.

Insieme è tutto più facile."
484,Nora e il viaggio,"Lena era nel parco giochi quando arrivò Nora.

Tutto era calmo e sereno.

Nora aveva sete.

Vieni, ce la faremo!

Insieme fecero un piano.

Lungo la strada si riposarono in cerchio.

Lungo la strada giocarono presso il ruscello.

All'improvviso bussarono.

Alla fine risero entrambi.

I veri amici aiutano sempre."
485,Emma e il ritrovamento,"Pippa era presso il fiume azzurro quando arrivò Emma.

Profumava di fiori.

Emma aveva bisogno di riposo.

Racconta, ascolto!

Insieme chiesero aiuto.

Lungo la strada ballarono forte.

Lungo la strada ballarono in cerchio.

All'improvviso passò una farfalla danzando.

Erano entrambi orgogliosi.

La pazienza porta fortuna."
486,Mia e la scoperta,"Theo era nel prato verde quando arrivò Mia.

Gli uccelli cantavano allegri.

Mia aveva dimenticato il libro.

Ti aiuto!

Insieme si misero in marcia.

Lungo la strada ballarono insieme.

Lungo la strada cantarono una canzone.

All'improvviso si alzò il vento.

Così andò tutto bene.

La curiosità porta a meraviglie."
487,Anna e la gita,"Paolo era presso la grande quercia quando arrivò Anna.

Il sole splendeva caldo.

Anna aveva un po' freddo.

Troveremo una soluzione.

Insieme divisero il compito.

Lungo la strada chiacchierarono allegramente.

Lungo la strada risero presso il ruscello.

All'improvviso cadde una stella cadente.

Alla fine risero entrambi.

Ridere aiuta sempre."
488,Milo e la gara,"Leo era nel parco verde quando arrivò Milo.

Un ruscello mormorava piano.

Milo aveva un dispiacere.

Vieni, ce la faremo!

Insieme chiesero ai vicini.

Lungo la strada cantarono forte.

Lungo la strada si riposarono in cerchio.

All'improvviso qualcuno rise.

Erano entrambi orgogliosi.

Chi osa vince."
489,Finn e l'indovinello,"Max era nel bosco vecchio quando arrivò Finn.

Profumava di erba fresca.

Finn cercava la chiave.

Racconta, ascolto!

Insieme cercarono ovunque.

Lungo la strada cantarono insieme.

Lungo la strada chiacchierarono forte.

All'improvviso qualcosa frusciò forte.

Così andò tutto bene.

Il coraggio è premiato."
490,Nora e la sorpresa,"Lena era nel campo giallo quando arrivò Nora.

Volavano farfalle.

Nora aveva paura al buio.

Ti aiuto!

Insieme fecero un piano.

Lungo la strada risero allegramente.

Lungo la strada cantarono presso il ruscello.

All'improvviso gracchiò una rana.

Alla fine risero entrambi.

Condividere fa piacere."
491,Emma e la grande avventura,"Pippa era in un piccolo villaggio quando arrivò Emma.

Il cielo era azzurro.

Emma era triste.

Troveremo una soluzione.

Insieme chiesero aiuto.

Lungo la strada giocarono un po'.

Lungo la strada giocarono in cerchio.

All'improvviso abbaiò un cane.

Erano entrambi orgogliosi.

Insieme è tutto più facile."
492,Mia e il mistero,"Theo era al mercato colorato quando arrivò Mia.

Tutto era calmo e sereno.

Mia aveva fame.

Vieni, ce la faremo!

Insieme si misero in marcia.

Lungo la strada si riposarono presso il ruscello.

Lungo la strada ballarono forte.

All'improvviso cadde una foglia.

Così andò tutto bene.

I veri amici aiutano sempre."
493,La giornata più bella di Anna,"Paolo era presso il vecchio pozzo quando arrivò Anna.

Profumava di fiori.

Anna aveva perso la strada.

Racconta, ascolto!

Insieme divisero il compito.

Lungo la strada ballarono in cerchio.

Lungo la strada chiacchierarono insieme.

All'improvviso ronzò un'ape.

Alla fine risero entrambi.

La pazienza porta fortuna."
494,Milo e il tesoro,"Leo era nel parco giochi quando arrivò Milo.

Gli uccelli cantavano allegri.

Milo aveva sete.

Ti aiuto!

Insieme chiesero ai vicini.

Lungo la strada chiacchierarono forte.

Lungo la strada risero in cerchio.

All'improvviso bussarono.

Erano entrambi orgogliosi.

La curiosità porta a meraviglie."
495,Finn e il mistero,"Max era presso il fiume azzurro quando arrivò Finn.

Il sole splendeva caldo.

Finn aveva bisogno di riposo.

Troveremo una soluzione.

Insieme cercarono ovunque.

Lungo la strada chiacchierarono insieme.

Lungo la strada si riposarono forte.

All'improvviso passò una farfalla danzando.

Così andò tutto bene.

Ridere aiuta sempre."
496,Nora e il piano,"Lena era nel prato verde quando arrivò Nora.

Un ruscello mormorava piano.

Nora aveva dimenticato il libro.

Vieni, ce la faremo!

Insieme fecero un piano.

Lungo la strada cantarono in cerchio.

Lungo la strada ballarono insieme.

All'improvviso si alzò il vento.

Alla fine risero entrambi.

Chi osa vince."
497,Emma e il viaggio,"Pippa era presso la grande quercia quando arrivò Emma.

Profumava di erba fresca.

Emma aveva un po' freddo.

Racconta, ascolto!

Insieme chiesero aiuto.

Lungo la strada risero forte.

Lungo la strada cantarono in cerchio.

All'improvviso cadde una stella cadente.

Erano entrambi orgogliosi.

Il coraggio è premiato."
498,Mia e il ritrovamento,"Theo era nel parco verde quando arrivò Mia.

Volavano farfalle.

Mia aveva un dispiacere.

Ti aiuto!

Insieme si misero in marcia.

Lungo la strada risero insieme.

Lungo la strada giocarono forte.

All'improvviso qualcuno rise.

Così andò tutto bene.

Condividere fa piacere."
499,Anna e la scoperta,"Paolo era nel bosco vecchio quando arrivò Anna.

Il cielo era azzurro.

Anna cercava la chiave.

Troveremo una soluzione.

Insieme divisero il compito.

Lungo la strada giocarono allegramente.

Lungo la strada si riposarono insieme.

All'improvviso qualcosa frusciò forte.

Alla fine risero entrambi.

Insieme è tutto più facile."
500,Milo e la gita,"Leo era nel campo giallo quando arrivò Milo.

Tutto era calmo e sereno.

Milo aveva paura al buio.

Vieni, ce la faremo!

Insieme chiesero ai vicini.

Lungo la strada si riposarono un po'.

Lungo la strada chiacchierarono allegramente.

All'improvviso gracchiò una rana.

Erano entrambi orgogliosi.

I veri amici aiutano sempre."
501,Finn e la gara,"Max era in un piccolo villaggio quando arrivò Finn.

Profumava di fiori.

Finn era triste.

Racconta, ascolto!

Insieme cercarono ovunque.

Lungo la strada ballarono presso il ruscello.

Lungo la strada risero forte.

All'improvviso abbaiò un cane.

Così andò tutto bene.

La pazienza porta fortuna."
502,Nora e l'indovinello,"Lena era al mercato colorato quando arrivò Nora.

Gli uccelli cantavano allegri.

Nora aveva fame.

Ti aiuto!

Insieme fecero un piano.

Lungo la strada chiacchierarono in cerchio.

Lungo la strada giocarono insieme.

All'improvviso cadde una foglia.

Alla fine risero entrambi.

La curiosità porta a meraviglie."
503,Emma e la sorpresa,"Pippa era presso il vecchio pozzo quando arrivò Emma.

Il sole splendeva caldo.

Emma aveva perso la strada.

Troveremo una soluzione.

Insieme chiesero aiuto.

Lungo la strada cantarono una canzone.

Lungo la strada ballarono allegramente.

All'improvviso ronzò un'ape.

Erano entrambi orgogliosi.

Ridere aiuta sempre."
504,Mia e la grande avventura,"Theo era nel parco giochi quando arrivò Mia.

Un ruscello mormorava piano.

Mia aveva sete.

Vieni, ce la faremo!

Insieme si misero in marcia.

Lungo la strada cantarono presso il ruscello.

Lungo la strada cantarono forte.

All'improvviso bussarono.

Così andò tutto bene.

Chi osa vince."
505,Anna e il mistero,"Paolo era presso il fiume azzurro quando arrivò Anna.

Profumava di erba fresca.

Anna aveva bisogno di riposo.

Racconta, ascolto!

Insieme divisero il compito.

Lungo la strada risero in cerchio.

Lungo la strada risero insieme.

All'improvviso passò una farfalla danzando.

Alla fine risero entrambi.

Il coraggio è premiato."
506,La giornata più bella di Milo,"Leo era nel prato verde quando arrivò Milo.

Volavano farfalle.

Milo aveva dimenticato il libro.

Ti aiuto!

Insieme chiesero ai vicini.

Lungo la strada giocarono forte.

Lungo la strada si riposarono allegramente.

All'improvviso si alzò il vento.

Erano entrambi orgogliosi.

Condividere fa piacere."
507,Finn e il tesoro,"Max era presso la grande quercia quando arrivò Finn.

Il cielo era azzurro.

Finn aveva un po' freddo.

Troveremo una soluzione.

Insieme cercarono ovunque.

Lungo la strada giocarono insieme.

Lungo la strada chiacchierarono un po'.

All'improvviso cadde una stella cadente.

Così andò tutto bene.

Insieme è tutto più facile."
508,Nora e il mistero,"Lena era nel parco verde quando arrivò Nora.

Tutto era calmo e sereno.

Nora aveva un dispiacere.

Vieni, ce la faremo!

Insieme fecero un piano.

Lungo la strada si riposarono allegramente.

Lungo la strada cantarono insieme.

All'improvviso qualcuno rise.

Alla fine risero entrambi.

I veri amici aiutano sempre."
509,Emma e il piano,"Pippa era nel bosco vecchio quando arrivò Emma.

Profumava di fiori.

Emma cercava la chiave.

Racconta, ascolto!

Insieme chiesero aiuto.

Lungo la strada ballarono un po'.

Lungo la strada giocarono allegramente.

All'improvviso qualcosa frusciò forte.

Erano entrambi orgogliosi.

La pazienza porta fortuna."
510,Mia e il viaggio,"Theo era nel campo giallo quando arrivò Mia.

Gli uccelli cantavano allegri.

Mia aveva paura al buio.

Ti aiuto!

Insieme si misero in marcia.

Lungo la strada chiacchierarono presso il ruscello.

Lungo la strada ballarono un po'.

All'improvviso gracchiò una rana.

Così andò tutto bene.

La curiosità porta a meraviglie."
511,Anna e il ritrovamento,"Paolo era in un piccolo villaggio quando arrivò Anna.

Il sole splendeva caldo.

Anna era triste.

Troveremo una soluzione.

Insieme divisero il compito.

Lungo la strada risero molto.

Lungo la strada raccontarono storie.

All'improvviso abbaiò un cane.

Alla fine risero entrambi.

Ridere aiuta sempre."
512,Milo e la scoperta,"Leo era al mercato colorato quando arrivò Milo.

Un ruscello mormorava piano.

Milo aveva fame.

Vieni, ce la faremo!

Insieme chiesero ai vicini.

Lungo la strada cantarono un po'.

Lungo la strada risero allegramente.

All'improvviso cadde una foglia.

Erano entrambi orgogliosi.

Chi osa vince."
513,Finn e la gita,"Max era presso il vecchio pozzo quando arrivò Finn.

Profumava di erba fresca.

Finn aveva perso la strada.

Racconta, ascolto!

Insieme cercarono ovunque.

Lungo la strada risero presso il ruscello.

Lungo la strada si riposarono un po'.

All'improvviso ronzò un'ape.

Così andò tutto bene.

Il coraggio è premiato."
514,Nora e la gara,"Lena era nel parco giochi quando arrivò Nora.

Volavano farfalle.

Nora aveva sete.

Ti aiuto!

Insieme fecero un piano.

Lungo la strada giocarono in cerchio.

Lungo la strada chiacchierarono presso il ruscello.

All'improvviso bussarono.

Alla fine risero entrambi.

Condividere fa piacere."
515,Emma e l'indovinello,"Pippa era presso il fiume azzurro quando arrivò Emma.

Il cielo era azzurro.

Emma aveva bisogno di riposo.

Troveremo una soluzione.

Insieme chiesero aiuto.

Lungo la strada si riposarono forte.

Lungo la strada cantarono allegramente.

All'improvviso passò una farfalla danzando.

Erano entrambi orgogliosi.

Insieme è tutto più facile."
516,Mia e la sorpresa,"Theo era nel prato verde quando arrivò Mia.

Tutto era calmo e sereno.

Mia aveva dimenticato il libro.

Vieni, ce la faremo!

Insieme si misero in marcia.

Lungo la strada si riposarono insieme.

Lungo la strada giocarono un po'.

All'improvviso si alzò il vento.

Così andò tutto bene.

I veri amici aiutano sempre."
517,Anna e la grande avventura,"Paolo era presso la grande quercia quando arrivò Anna.

Profumava di fiori.

Anna aveva un po' freddo.

Racconta, ascolto!

Insieme divisero il compito.

Lungo la strada ballarono allegramente.

Lungo la strada ballarono presso il ruscello.

All'improvviso cadde una stella cadente.

Alla fine risero entrambi.

La pazienza porta fortuna."
518,Milo e il mistero,"Leo era nel parco verde quando arrivò Milo.

Gli uccelli cantavano allegri.

Milo aveva un dispiacere.

Ti aiuto!

Insieme chiesero ai vicini.

Lungo la strada chiacchierarono un po'.

Lungo la strada risero molto.

All'improvviso qualcuno rise.

Erano entrambi orgogliosi.

La curiosità porta a meraviglie."
519,La giornata più bella di Finn,"Max era nel bosco vecchio quando arrivò Finn.

Il sole splendeva caldo.

Finn cercava la chiave.

Troveremo una soluzione.

Insieme cercarono ovunque.

Lungo la strada raccontarono storie.

Lungo la strada risero un po'.

All'improvviso qualcosa frusciò forte.

Così andò tutto bene.

Ridere aiuta sempre."
520,Nora e il tesoro,"Lena era nel campo giallo quando arrivò Nora.

Un ruscello mormorava piano.

Nora aveva paura al buio.

Vieni, ce la faremo!

Insieme fecero un piano.

Lungo la strada cantarono allegramente.

Lungo la strada si riposarono presso il ruscello.

All'improvviso gracchiò una rana.

Alla fine risero entrambi.

Chi osa vince."
521,Emma e il mistero,"Pippa era in un piccolo villaggio quando arrivò Emma.

Profumava di erba fresca.

Emma era triste.

Racconta, ascolto!

Insieme chiesero aiuto.

Lungo la strada risero un po'.

Lungo la strada chiacchierarono in cerchio.

All'improvviso abbaiò un cane.

Erano entrambi orgogliosi.

Il coraggio è premiato."
522,Mia e il piano,"Theo era al mercato colorato quando arrivò Mia.

Volavano farfalle.

Mia aveva fame.

Ti aiuto!

Insieme si misero in marcia.

Lungo la strada giocarono presso il ruscello.

Lungo la strada cantarono un po'.

All'improvviso cadde una foglia.

Così andò tutto bene.

Condividere fa piacere."
523,Anna e il viaggio,"Paolo era presso il vecchio pozzo quando arrivò Anna.

Il cielo era azzurro.

Anna aveva perso la strada.

Troveremo una soluzione.

Insieme divisero il compito.

Lungo la strada si riposarono in cerchio.

Lungo la strada giocarono presso il ruscello.

All'improvviso ronzò un'ape.

Alla fine risero entrambi.

Insieme è tutto più facile."
524,Milo e il ritrovamento,"Leo era nel parco giochi quando arrivò Milo.

Tutto era calmo e sereno.

Milo aveva sete.

Vieni, ce la faremo!

Insieme chiesero ai vicini.

Lungo la strada ballarono forte.

Lungo la strada ballarono in cerchio.

All'improvviso bussarono.

Erano entrambi orgogliosi.

I veri amici aiutano sempre."
525,Finn e la scoperta,"Max era presso il fiume azzurro quando arrivò Finn.

Profumava di fiori.

Finn aveva bisogno di riposo.

Racconta, ascolto!

Insieme cercarono ovunque.

Lungo la strada ballarono insieme.

Lungo la strada cantarono una canzone.

All'improvviso passò una farfalla danzando.

Così andò tutto bene.

La pazienza porta fortuna."
526,Nora e la gita,"Lena era nel prato verde quando arrivò Nora.

Gli uccelli cantavano allegri.

Nora aveva dimenticato il libro.

Ti aiuto!

Insieme fecero un piano.

Lungo la strada chiacchierarono allegramente.

Lungo la strada risero presso il ruscello.

All'improvviso si alzò il vento.

Alla fine risero entrambi.

La curiosità porta a meraviglie."
527,Emma e la gara,"Pippa era presso la grande quercia quando arrivò Emma.

Il sole splendeva caldo.

Emma aveva un po' freddo.

Troveremo una soluzione.

Insieme chiesero aiuto.

Lungo la strada cantarono forte.

Lungo la strada si riposarono in cerchio.

All'improvviso cadde una stella cadente.

Erano entrambi orgogliosi.

Ridere aiuta sempre."
528,Mia e l'indovinello,"Theo era nel parco verde quando arrivò Mia.

Un ruscello mormorava piano.

Mia aveva un dispiacere.

Vieni, ce la faremo!

Insieme si misero in marcia.

Lungo la strada cantarono insieme.

Lungo la strada chiacchierarono forte.

All'improvviso qualcuno rise.

Così andò tutto bene.

Chi osa vince."
529,Anna e la sorpresa,"Paolo era nel bosco vecchio quando arrivò Anna.

Profumava di erba fresca.

Anna cercava la chiave.

Racconta, ascolto!

Insieme divisero il compito.

Lungo la strada risero allegramente.

Lungo la strada cantarono presso il ruscello.

All'improvviso qualcosa frusciò forte.

Alla fine risero entrambi.

Il coraggio è premiato."
530,Milo e la grande avventura,"Leo era nel campo giallo quando arrivò Milo.

Volavano farfalle.

Milo aveva paura al buio.

Ti aiuto!

Insieme chiesero ai vicini.

Lungo la strada giocarono un po'.

Lungo la strada giocarono in cerchio.

All'improvviso gracchiò una rana.

Erano entrambi orgogliosi.

Condividere fa piacere."
531,Finn e il mistero,"Max era in un piccolo villaggio quando arrivò Finn.

Il cielo era azzurro.

Finn era triste.

Troveremo una soluzione.

Insieme cercarono ovunque.

Lungo la strada si riposarono presso il ruscello.

Lungo la strada ballarono forte.

All'improvviso abbaiò un cane.

Così andò tutto bene.

Insieme è tutto più facile."
532,La giornata più bella di Nora,"Lena era al mercato colorato quando arrivò Nora.

Tutto era calmo e sereno.

Nora aveva fame.

Vieni, ce la faremo!

Insieme fecero un piano.

Lungo la strada ballarono in cerchio.

Lungo la strada chiacchierarono insieme.

All'improvviso cadde una foglia.

Alla fine risero entrambi.

I veri amici aiutano sempre."
533,Emma e il tesoro,"Pippa era presso il vecchio pozzo quando arrivò Emma.

Profumava di fiori.

Emma aveva perso la strada.

Racconta, ascolto!

Insieme chiesero aiuto.

Lungo la strada chiacchierarono forte.

Lungo la strada risero in cerchio.

All'improvviso ronzò un'ape.

Erano entrambi orgogliosi.

La pazienza porta fortuna."
534,Mia e il mistero,"Theo era nel parco giochi quando arrivò Mia.

Gli uccelli cantavano allegri.

Mia aveva sete.

Ti aiuto!

Insieme si misero in marcia.

Lungo la strada chiacchierarono insieme.

Lungo la strada si riposarono forte.

All'improvviso bussarono.

Così andò tutto bene.

La curiosità porta a meraviglie."
535,Anna e il piano,"Paolo era presso il fiume azzurro quando arrivò Anna.

Il sole splendeva caldo.

Anna aveva bisogno di riposo.

Troveremo una soluzione.

Insieme divisero il compito.

Lungo la strada cantarono in cerchio.

Lungo la strada ballarono insieme.

All'improvviso passò una farfalla danzando.

Alla fine risero entrambi.

Ridere aiuta sempre."
536,Milo e il viaggio,"Leo era nel prato verde quando arrivò Milo.

Un ruscello mormorava piano.

Milo aveva dimenticato il libro.

Vieni, ce la faremo!

Insieme chiesero ai vicini.

Lungo la strada risero forte.

Lungo la strada cantarono in cerchio.

All'improvviso si alzò il vento.

Erano entrambi orgogliosi.

Chi osa vince."
537,Finn e il ritrovamento,"Max era presso la grande quercia quando arrivò Finn.

Profumava di erba fresca.

Finn aveva un po' freddo.

Racconta, ascolto!

Insieme cercarono ovunque.

Lungo la strada risero insieme.

Lungo la strada giocarono forte.

All'improvviso cadde una stella cadente.

Così andò tutto bene.

Il coraggio è premiato."
538,Nora e la scoperta,"Lena era nel parco verde quando arrivò Nora.

Volavano farfalle.

Nora aveva un dispiacere.

Ti aiuto!

Insieme fecero un piano.

Lungo la strada giocarono allegramente.

Lungo la strada si riposarono insieme.

All'improvviso qualcuno rise.

Alla fine risero entrambi.

Condividere fa piacere."
539,Emma e la gita,"Pippa era nel bosco vecchio quando arrivò Emma.

Il cielo era azzurro.

Emma cercava la chiave.

Troveremo una soluzione.

Insieme chiesero aiuto.

Lungo la strada si riposarono un po'.

Lungo la strada chiacchierarono allegramente.

All'improvviso qualcosa frusciò forte.

Erano entrambi orgogliosi.

Insieme è tutto più facile."
540,Mia e la gara,"Theo era nel campo giallo quando arrivò Mia.

Tutto era calmo e sereno.

Mia aveva paura al buio.

Vieni, ce la faremo!

Insieme si misero in marcia.

Lungo la strada ballarono presso il ruscello.

Lungo la strada risero forte.

All'improvviso gracchiò una rana.

Così andò tutto bene.

I veri amici aiutano sempre."
541,Anna e l'indovinello,"Paolo era in un piccolo villaggio quando arrivò Anna.

Profumava di fiori.

Anna era triste.

Racconta, ascolto!

Insieme divisero il compito.

Lungo la strada chiacchierarono in cerchio.

Lungo la strada giocarono insieme.

All'improvviso abbaiò un cane.

Alla fine risero entrambi.

La pazienza porta fortuna."
542,Milo e la sorpresa,"Leo era al mercato colorato quando arrivò Milo.

Gli uccelli cantavano allegri.

Milo aveva fame.

Ti aiuto!

Insieme chiesero ai vicini.

Lungo la strada cantarono una canzone.

Lungo la strada ballarono allegramente.

All'improvviso cadde una foglia.

Erano entrambi orgogliosi.

La curiosità porta a meraviglie."
543,Finn e la grande avventura,"Max era presso il vecchio pozzo quando arrivò Finn.

Il sole splendeva caldo.

Finn aveva perso la strada.

Troveremo una soluzione.

Insieme cercarono ovunque.

Lungo la strada cantarono presso il ruscello.

Lungo la strada cantarono forte.

All'improvviso ronzò un'ape.

Così andò tutto bene.

Ridere aiuta sempre."
544,Nora e il mistero,"Lena era nel parco giochi quando arrivò Nora.

Un ruscello mormorava piano.

Nora aveva sete.

Vieni, ce la faremo!

Insieme fecero un piano.

Lungo la strada risero in cerchio.

Lungo la strada risero insieme.

All'improvviso bussarono.

Alla fine risero entrambi.

Chi osa vince."
545,La giornata più bella di Emma,"Pippa era presso il fiume azzurro quando arrivò Emma.

Profumava di erba fresca.

Emma aveva bisogno di riposo.

Racconta, ascolto!

Insieme chiesero aiuto.

Lungo la strada giocarono forte.

Lungo la strada si riposarono allegramente.

All'improvviso passò una farfalla danzando.

Erano entrambi orgogliosi.

Il coraggio è premiato."
546,Mia e il tesoro,"Theo era nel prato verde quando arrivò Mia.

Volavano farfalle.

Mia aveva dimenticato il libro.

Ti aiuto!

Insieme si misero in marcia.

Lungo la strada giocarono insieme.

Lungo la strada chiacchierarono un po'.

All'improvviso si alzò il vento.

Così andò tutto bene.

Condividere fa piacere."
547,Anna e il mistero,"Paolo era presso la grande quercia quando arrivò Anna.

Il cielo era azzurro.

Anna aveva un po' freddo.

Troveremo una soluzione.

Insieme divisero il compito.

Lungo la strada si riposarono allegramente.

Lungo la strada cantarono insieme.

All'improvviso cadde una stella cadente.

Alla fine risero entrambi.

Insieme è tutto più facile."
548,Milo e il piano,"Leo era nel parco verde quando arrivò Milo.

Tutto era calmo e sereno.

Milo aveva un dispiacere.

Vieni, ce la faremo!

Insieme chiesero ai vicini.

Lungo la strada ballarono un po'.

Lungo la strada giocarono allegramente.

All'improvviso qualcuno rise.

Erano entrambi orgogliosi.

I veri amici aiutano sempre."
549,Finn e il viaggio,"Max era nel bosco vecchio quando arrivò Finn.

Profumava di fiori.

Finn cercava la chiave.

Racconta, ascolto!

Insieme cercarono ovunque.

Lungo la strada chiacchierarono presso il ruscello.

Lungo la strada ballarono un po'.

All'improvviso qualcosa frusciò forte.

Così andò tutto bene.

La pazienza porta fortuna."
550,Nora e il ritrovamento,"Lena era nel campo giallo quando arrivò Nora.

Gli uccelli cantavano allegri.

Nora aveva paura al buio.

Ti aiuto!

Insieme fecero un piano.

Lungo la strada risero molto.

Lungo la strada raccontarono storie.

All'improvviso gracchiò una rana.

Alla fine risero entrambi.

La curiosità porta a meraviglie."
551,Emma e la scoperta,"Pippa era in un piccolo villaggio quando arrivò Emma.

Il sole splendeva caldo.

Emma era triste.

Troveremo una soluzione.

Insieme chiesero aiuto.

Lungo la strada cantarono un po'.

Lungo la strada risero allegramente.

All'improvviso abbaiò un cane.

Erano entrambi orgogliosi.

Ridere aiuta sempre."
552,Mia e la gita,"Theo era al mercato colorato quando arrivò Mia.

Un ruscello mormorava piano.

Mia aveva fame.

Vieni, ce la faremo!

Insieme si misero in marcia.

Lungo la strada risero presso il ruscello.

Lungo la strada si riposarono un po'.

All'improvviso cadde una foglia.

Così andò tutto bene.

Chi osa vince."
553,Anna e la gara,"Paolo era presso il vecchio pozzo quando arrivò Anna.

Profumava di erba fresca.

Anna aveva perso la strada.

Racconta, ascolto!

Insieme divisero il compito.

Lungo la strada giocarono in cerchio.

Lungo la strada chiacchierarono presso il ruscello.

All'improvviso ronzò un'ape.

Alla fine risero entrambi.

Il coraggio è premiato."
554,Milo e l'indovinello,"Leo era nel parco giochi quando arrivò Milo.

Volavano farfalle.

Milo aveva sete.

Ti aiuto!

Insieme chiesero ai vicini.

Lungo la strada si riposarono forte.

Lungo la strada cantarono allegramente.

All'improvviso bussarono.

Erano entrambi orgogliosi.

Condividere fa piacere."
555,Finn e la sorpresa,"Max era presso il fiume azzurro quando arrivò Finn.

Il cielo era azzurro.

Finn aveva bisogno di riposo.

Troveremo una soluzione.

Insieme cercarono ovunque.

Lungo la strada si riposarono insieme.

Lungo la strada giocarono un po'.

All'improvviso passò una farfalla danzando.

Così andò tutto bene.

Insieme è tutto più facile."
556,Nora e la grande avventura,"Lena era nel prato verde quando arrivò Nora.

Tutto era calmo e sereno.

Nora aveva dimenticato il libro.

Vieni, ce la faremo!

Insieme fecero un piano.

Lungo la strada ballarono allegramente.

Lungo la strada ballarono presso il ruscello.

All'improvviso si alzò il vento.

Alla fine risero entrambi.

I veri amici aiutano sempre."
557,Emma e il mistero,"Pippa era presso la grande quercia quando arrivò Emma.

Profumava di fiori.

Emma aveva un po' freddo.

Racconta, ascolto!

Insieme chiesero aiuto.

Lungo la strada chiacchierarono un po'.

Lungo la strada risero molto.

All'improvviso cadde una stella cadente.

Erano entrambi orgogliosi.

La pazienza porta fortuna."
558,La giornata più bella di Mia,"Theo era nel parco verde quando arrivò Mia.

Gli uccelli cantavano allegri.

Mia aveva un dispiacere.

Ti aiuto!

Insieme si misero in marcia.

Lungo la strada raccontarono storie.

Lungo la strada risero un po'.

All'improvviso qualcuno rise.

Così andò tutto bene.

La curiosità porta a meraviglie."
559,Anna e il tesoro,"Paolo era nel bosco vecchio quando arrivò Anna.

Il sole splendeva caldo.

Anna cercava la chiave.

Troveremo una soluzione.

Insieme divisero il compito.

Lungo la strada cantarono allegramente.

Lungo la strada si riposarono presso il ruscello.

All'improvviso qualcosa frusciò forte.

Alla fine risero entrambi.

Ridere aiuta sempre."
560,Milo e il mistero,"Leo era nel campo giallo quando arrivò Milo.

Un ruscello mormorava piano.

Milo aveva paura al buio.

Vieni, ce la faremo!

Insieme chiesero ai vicini.

Lungo la strada risero un po'.

Lungo la strada chiacchierarono in cerchio.

All'improvviso gracchiò una rana.

Erano entrambi orgogliosi.

Chi osa vince."
561,Finn e il piano,"Max era in un piccolo villaggio quando arrivò Finn.

Profumava di erba fresca.

Finn era triste.

Racconta, ascolto!

Insieme cercarono ovunque.

Lungo la strada giocarono presso il ruscello.

Lungo la strada cantarono un po'.

All'improvviso abbaiò un cane.

Così andò tutto bene.

Il coraggio è premiato."
562,Nora e il viaggio,"Lena era al mercato colorato quando arrivò Nora.

Volavano farfalle.

Nora aveva fame.

Ti aiuto!

Insieme fecero un piano.

Lungo la strada si riposarono in cerchio.

Lungo la strada giocarono presso il ruscello.

All'improvviso cadde una foglia.

Alla fine risero entrambi.

Condividere fa piacere."
563,Emma e il ritrovamento,"Pippa era presso il vecchio pozzo quando arrivò Emma.

Il cielo era azzurro.

Emma aveva perso la strada.

Troveremo una soluzione.

Insieme chiesero aiuto.

Lungo la strada ballarono forte.

Lungo la strada ballarono in cerchio.

All'improvviso ronzò un'ape.

Erano entrambi orgogliosi.

Insieme è tutto più facile."
564,Mia e la scoperta,"Theo era nel parco giochi quando arrivò Mia.

Tutto era calmo e sereno.

Mia aveva sete.

Vieni, ce la faremo!

Insieme si misero in marcia.

Lungo la strada ballarono insieme.

Lungo la strada cantarono una canzone.

All'improvviso bussarono.

Così andò tutto bene.

I veri amici aiutano sempre."
565,Anna e la gita,"Paolo era presso il fiume azzurro quando arrivò Anna.

Profumava di fiori.

Anna aveva bisogno di riposo.

Racconta, ascolto!

Insieme divisero il compito.

Lungo la strada chiacchierarono allegramente.

Lungo la strada risero presso il ruscello.

All'improvviso passò una farfalla danzando.

Alla fine risero entrambi.

La pazienza porta fortuna."
566,Milo e la gara,"Leo era nel prato verde quando arrivò Milo.

Gli uccelli cantavano allegri.

Milo aveva dimenticato il libro.

Ti aiuto!

Insieme chiesero ai vicini.

Lungo la strada cantarono forte.

Lungo la strada si riposarono in cerchio.

All'improvviso si alzò il vento.

Erano entrambi orgogliosi.

La curiosità porta a meraviglie."
567,Finn e l'indovinello,"Max era presso la grande quercia quando arrivò Finn.

Il sole splendeva caldo.

Finn aveva un po' freddo.

Troveremo una soluzione.

Insieme cercarono ovunque.

Lungo la strada cantarono insieme.

Lungo la strada chiacchierarono forte.

All'improvviso cadde una stella cadente.

Così andò tutto bene.

Ridere aiuta sempre."
568,Nora e la sorpresa,"Lena era nel parco verde quando arrivò Nora.

Un ruscello mormorava piano.

Nora aveva un dispiacere.

Vieni, ce la faremo!

Insieme fecero un piano.

Lungo la strada risero allegramente.

Lungo la strada cantarono presso il ruscello.

All'improvviso qualcuno rise.

Alla fine risero entrambi.

Chi osa vince."
569,Emma e la grande avventura,"Pippa era nel bosco vecchio quando arrivò Emma.

Profumava di erba fresca.

Emma cercava la chiave.

Racconta, ascolto!

Insieme chiesero aiuto.

Lungo la strada giocarono un po'.

Lungo la strada giocarono in cerchio.

All'improvviso qualcosa frusciò forte.

Erano entrambi orgogliosi.

Il coraggio è premiato."
570,Mia e il mistero,"Theo era nel campo giallo quando arrivò Mia.

Volavano farfalle.

Mia aveva paura al buio.

Ti aiuto!

Insieme si misero in marcia.

Lungo la strada si riposarono presso il ruscello.

Lungo la strada ballarono forte.

All'improvviso gracchiò una rana.

Così andò tutto bene.

Condividere fa piacere."
571,La giornata più bella di Anna,"Paolo era in un piccolo villaggio quando arrivò Anna.

Il cielo era azzurro.

Anna era triste.

Troveremo una soluzione.

Insieme divisero il compito.

Lungo la strada ballarono in cerchio.

Lungo la strada chiacchierarono insieme.

All'improvviso abbaiò un cane.

Alla fine risero entrambi.

Insieme è tutto più facile."
572,Milo e il tesoro,"Leo era al mercato colorato quando arrivò Milo.

Tutto era calmo e sereno.

Milo aveva fame.

Vieni, ce la faremo!

Insieme chiesero ai vicini.

Lungo la strada chiacchierarono forte.

Lungo la strada risero in cerchio.

All'improvviso cadde una foglia.

Erano entrambi orgogliosi.

I veri amici aiutano sempre."
573,Finn e il mistero,"Max era presso il vecchio pozzo quando arrivò Finn.

Profumava di fiori.

Finn aveva perso la strada.

Racconta, ascolto!

Insieme cercarono ovunque.

Lungo la strada chiacchierarono insieme.

Lungo la strada si riposarono forte.

All'improvviso ronzò un'ape.

Così andò tutto bene.

La pazienza porta fortuna."
574,Nora e il piano,"Lena era nel parco giochi quando arrivò Nora.

Gli uccelli cantavano allegri.

Nora aveva sete.

Ti aiuto!

Insieme fecero un piano.

Lungo la strada cantarono in cerchio.

Lungo la strada ballarono insieme.

All'improvviso bussarono.

Alla fine risero entrambi.

La curiosità porta a meraviglie."
575,Emma e il viaggio,"Pippa era presso il fiume azzurro quando arrivò Emma.

Il sole splendeva caldo.

Emma aveva bisogno di riposo.

Troveremo una soluzione.

Insieme chiesero aiuto.

Lungo la strada risero forte.

Lungo la strada cantarono in cerchio.

All'improvviso passò una farfalla danzando.

Erano entrambi orgogliosi.

Ridere aiuta sempre."
576,Mia e il ritrovamento,"Theo era nel prato verde quando arrivò Mia.

Un ruscello mormorava piano.

Mia aveva dimenticato il libro.

Vieni, ce la faremo!

Insieme si misero in marcia.

Lungo la strada risero insieme.

Lungo la strada giocarono forte.

All'improvviso si alzò il vento.

Così andò tutto bene.

Chi osa vince."
577,Anna e la scoperta,"Paolo era presso la grande quercia quando arrivò Anna.

Profumava di erba fresca.

Anna aveva un po' freddo.

Racconta, ascolto!

Insieme divisero il compito.

Lungo la strada giocarono allegramente.

Lungo la strada si riposarono insieme.

All'improvviso cadde una stella cadente.

Alla fine risero entrambi.

Il coraggio è premiato."
578,Milo e la gita,"Leo era nel parco verde quando arrivò Milo.

Volavano farfalle.

Milo aveva un dispiacere.

Ti aiuto!

Insieme chiesero ai vicini.

Lungo la strada si riposarono un po'.

Lungo la strada chiacchierarono allegramente.

All'improvviso qualcuno rise.

Erano entrambi orgogliosi.

Condividere fa piacere."
579,Finn e la gara,"Max era nel bosco vecchio quando arrivò Finn.

Il cielo era azzurro.

Finn cercava la chiave.

Troveremo una soluzione.

Insieme cercarono ovunque.

Lungo la strada ballarono presso il ruscello.

Lungo la strada risero forte.

All'improvviso qualcosa frusciò forte.

Così andò tutto bene.

Insieme è tutto più facile."
580,Nora e l'indovinello,"Lena era nel campo giallo quando arrivò Nora.

Tutto era calmo e sereno.

Nora aveva paura al buio.

Vieni, ce la faremo!

Insieme fecero un piano.

Lungo la strada chiacchierarono in cerchio.

Lungo la strada giocarono insieme.

All'improvviso gracchiò una rana.

Alla fine risero entrambi.

I veri amici aiutano sempre."
581,Emma e la sorpresa,"Pippa era in un piccolo villaggio quando arrivò Emma.

Profumava di fiori.

Emma era triste.

Racconta, ascolto!

Insieme chiesero aiuto.

Lungo la strada cantarono una canzone.

Lungo la strada ballarono allegramente.

All'improvviso abbaiò un cane.

Erano entrambi orgogliosi.

La pazienza porta fortuna."
582,Mia e la grande avventura,"Theo era al mercato colorato quando arrivò Mia.

Gli uccelli cantavano allegri.

Mia aveva fame.

Ti aiuto!

Insieme si misero in marcia.

Lungo la strada cantarono presso il ruscello.

Lungo la strada cantarono forte.

All'improvviso cadde una foglia.

Così andò tutto bene.

La curiosità porta a meraviglie."
583,Anna e il mistero,"Paolo era presso il vecchio pozzo quando arrivò Anna.

Il sole splendeva caldo.

Anna aveva perso la strada.

Troveremo una soluzione.

Insieme divisero il compito.

Lungo la strada risero in cerchio.

Lungo la strada risero insieme.

All'improvviso ronzò un'ape.

Alla fine risero entrambi.

Ridere aiuta sempre."
584,La giornata più bella di Milo,"Leo era nel parco giochi quando arrivò Milo.

Un ruscello mormorava piano.

Milo aveva sete.

Vieni, ce la faremo!

Insieme chiesero ai vicini.

Lungo la strada giocarono forte.

Lungo la strada si riposarono allegramente.

All'improvviso bussarono.

Erano entrambi orgogliosi.

Chi osa vince."
585,Finn e il tesoro,"Max era presso il fiume azzurro quando arrivò Finn.

Profumava di erba fresca.

Finn aveva bisogno di riposo.

Racconta, ascolto!

Insieme cercarono ovunque.

Lungo la strada giocarono insieme.

Lungo la strada chiacchierarono un po'.

All'improvviso passò una farfalla danzando.

Così andò tutto bene.

Il coraggio è premiato."
586,Nora e il mistero,"Lena era nel prato verde quando arrivò Nora.

Volavano farfalle.

Nora aveva dimenticato il libro.

Ti aiuto!

Insieme fecero un piano.

Lungo la strada si riposarono allegramente.

Lungo la strada cantarono insieme.

All'improvviso si alzò il vento.

Alla fine risero entrambi.

Condividere fa piacere."
587,Emma e il piano,"Pippa era presso la grande quercia quando arrivò Emma.

Il cielo era azzurro.

Emma aveva un po' freddo.

Troveremo una soluzione.

Insieme chiesero aiuto.

Lungo la strada ballarono un po'.

Lungo la strada giocarono allegramente.

All'improvviso cadde una stella cadente.

Erano entrambi orgogliosi.

Insieme è tutto più facile."
588,Mia e il viaggio,"Theo era nel parco verde quando arrivò Mia.

Tutto era calmo e sereno.

Mia aveva un dispiacere.

Vieni, ce la faremo!

Insieme si misero in marcia.

Lungo la strada chiacchierarono presso il ruscello.

Lungo la strada ballarono un po'.

All'improvviso qualcuno rise.

Così andò tutto bene.

I veri amici aiutano sempre."
589,Anna e il ritrovamento,"Paolo era nel bosco vecchio quando arrivò Anna.

Profumava di fiori.

Anna cercava la chiave.

Racconta, ascolto!

Insieme divisero il compito.

Lungo la strada risero molto.

Lungo la strada raccontarono storie.

All'improvviso qualcosa frusciò forte.

Alla fine risero entrambi.

La pazienza porta fortuna."
590,Milo e la scoperta,"Leo era nel campo giallo quando arrivò Milo.

Gli uccelli cantavano allegri.

Milo aveva paura al buio.

Ti aiuto!

Insieme chiesero ai vicini.

Lungo la strada cantarono un po'.

Lungo la strada risero allegramente.

All'improvviso gracchiò una rana.

Erano entrambi orgogliosi.

La curiosità porta a meraviglie."
591,Finn e la gita,"Max era in un piccolo villaggio quando arrivò Finn.

Il sole splendeva caldo.

Finn era triste.

Troveremo una soluzione.

Insieme cercarono ovunque.

Lungo la strada risero presso il ruscello.

Lungo la strada si riposarono un po'.

All'improvviso abbaiò un cane.

Così andò tutto bene.

Ridere aiuta sempre."
592,Nora e la gara,"Lena era al mercato colorato quando arrivò Nora.

Un ruscello mormorava piano.

Nora aveva fame.

Vieni, ce la faremo!

Insieme fecero un piano.

Lungo la strada giocarono in cerchio.

Lungo la strada chiacchierarono presso il ruscello.

All'improvviso cadde una foglia.

Alla fine risero entrambi.

Chi osa vince."
593,Emma e l'indovinello,"Pippa era presso il vecchio pozzo quando arrivò Emma.

Profumava di erba fresca.

Emma aveva perso la strada.

Racconta, ascolto!

Insieme chiesero aiuto.

Lungo la strada si riposarono forte.

Lungo la strada cantarono allegramente.

All'improvviso ronzò un'ape.

Erano entrambi orgogliosi.

Il coraggio è premiato."
594,Mia e la sorpresa,"Theo era nel parco giochi quando arrivò Mia.

Volavano farfalle.

Mia aveva sete.

Ti aiuto!

Insieme si misero in marcia.

Lungo la strada si riposarono insieme.

Lungo la strada giocarono un po'.

All'improvviso bussarono.

Così andò tutto bene.

Condividere fa piacere."
595,Anna e la grande avventura,"Paolo era presso il fiume azzurro quando arrivò Anna.

Il cielo era azzurro.

Anna aveva bisogno di riposo.

Troveremo una soluzione.

Insieme divisero il compito.

Lungo la strada ballarono allegramente.

Lungo la strada ballarono presso il ruscello.

All'improvviso passò una farfalla danzando.

Alla fine risero entrambi.

Insieme è tutto più facile."
596,Milo e il mistero,"Leo era nel prato verde quando arrivò Milo.

Tutto era calmo e sereno.

Milo aveva dimenticato il libro.

Vieni, ce la faremo!

Insieme chiesero ai vicini.

Lungo la strada chiacchierarono un po'.

Lungo la strada risero molto.

All'improvviso si alzò il vento.

Erano entrambi orgogliosi.

I veri amici aiutano sempre."
597,La giornata più bella di Finn,"Max era presso la grande quercia quando arrivò Finn.

Profumava di fiori.

Finn aveva un po' freddo.

Racconta, ascolto!

Insieme cercarono ovunque.

Lungo la strada raccontarono storie.

Lungo la strada risero un po'.

All'improvviso cadde una stella cadente.

Così andò tutto bene.

La pazienza porta fortuna."
598,Nora e il tesoro,"Lena era nel parco verde quando arrivò Nora.

Gli uccelli cantavano allegri.

Nora aveva un dispiacere.

Ti aiuto!

Insieme fecero un piano.

Lungo la strada cantarono allegramente.

Lungo la strada si riposarono presso il ruscello.

All'improvviso qualcuno rise.

Alla fine risero entrambi.

La curiosità porta a meraviglie."
599,Emma e il mistero,"Pippa era nel bosco vecchio quando arrivò Emma.

Il sole splendeva caldo.

Emma cercava la chiave.

Troveremo una soluzione.

Insieme chiesero aiuto.

Lungo la strada risero un po'.

Lungo la strada chiacchierarono in cerchio.

All'improvviso qualcosa frusciò forte.

Erano entrambi orgogliosi.

Ridere aiuta sempre."
600,Mia e il piano,"Theo era nel campo giallo quando arrivò Mia.

Un ruscello mormorava piano.

Mia aveva paura al buio.

Vieni, ce la faremo!

Insieme si misero in marcia.

Lungo la strada giocarono presso il ruscello.

Lungo la strada cantarono un po'.

All'improvviso gracchiò una rana.

Così andò tutto bene.

Chi osa vince."
601,Anna e il viaggio,"Paolo era in un piccolo villaggio quando arrivò Anna.

Profumava di erba fresca.

Anna era triste.

Racconta, ascolto!

Insieme divisero il compito.

Lungo la strada si riposarono in cerchio.

Lungo la strada giocarono presso il ruscello.

All'improvviso abbaiò un cane.

Alla fine risero entrambi.

Il coraggio è premiato."
602,Milo e il ritrovamento,"Leo era al mercato colorato quando arrivò Milo.

Volavano farfalle.

Milo aveva fame.

Ti aiuto!

Insieme chiesero ai vicini.

Lungo la strada ballarono forte.

Lungo la strada ballarono in cerchio.

All'improvviso cadde una foglia.

Erano entrambi orgogliosi.

Condividere fa piacere."
603,Finn e la scoperta,"Max era presso il vecchio pozzo quando arrivò Finn.

Il cielo era azzurro.

Finn aveva perso la strada.

Troveremo una soluzione.

Insieme cercarono ovunque.

Lungo la strada ballarono insieme.

Lungo la strada cantarono una canzone.

All'improvviso ronzò un'ape.

Così andò tutto bene.

Insieme è tutto più facile."
604,Nora e la gita,"Lena era nel parco giochi quando arrivò Nora.

Tutto era calmo e sereno.

Nora aveva sete.

Vieni, ce la faremo!

Insieme fecero un piano.

Lungo la strada chiacchierarono allegramente.

Lungo la strada risero presso il ruscello.

All'improvviso bussarono.

Alla fine risero entrambi.

I veri amici aiutano sempre."
605,Emma e la gara,"Pippa era presso il fiume azzurro quando arrivò Emma.

Profumava di fiori.

Emma aveva bisogno di riposo.

Racconta, ascolto!

Insieme chiesero aiuto.

Lungo la strada cantarono forte.

Lungo la strada si riposarono in cerchio.

All'improvviso passò una farfalla danzando.

Erano entrambi orgogliosi.

La pazienza porta fortuna."
606,Mia e l'indovinello,"Theo era nel prato verde quando arrivò Mia.

Gli uccelli cantavano allegri.

Mia aveva dimenticato il libro.

Ti aiuto!

Insieme si misero in marcia.

Lungo la strada cantarono insieme.

Lungo la strada chiacchierarono forte.

All'improvviso si alzò il vento.

Così andò tutto bene.

La curiosità porta a meraviglie."
607,Anna e la sorpresa,"Paolo era presso la grande quercia quando arrivò Anna.

Il sole splendeva caldo.

Anna aveva un po' freddo.

Troveremo una soluzione.

Insieme divisero il compito.

Lungo la strada risero allegramente.

Lungo la strada cantarono presso il ruscello.

All'improvviso cadde una stella cadente.

Alla fine risero entrambi.

Ridere aiuta sempre."
608,Milo e la grande avventura,"Leo era nel parco verde quando arrivò Milo.

Un ruscello mormorava piano.

Milo aveva un dispiacere.

Vieni, ce la faremo!

Insieme chiesero ai vicini.

Lungo la strada giocarono un po'.

Lungo la strada giocarono in cerchio.

All'improvviso qualcuno rise.

Erano entrambi orgogliosi.

Chi osa vince."
609,Finn e il mistero,"Max era nel bosco vecchio quando arrivò Finn.

Profumava di erba fresca.

Finn cercava la chiave.

Racconta, ascolto!

Insieme cercarono ovunque.

Lungo la strada si riposarono presso il ruscello.

Lungo la strada ballarono forte.

All'improvviso qualcosa frusciò forte.

Così andò tutto bene.

Il coraggio è premiato."
610,La giornata più bella di Nora,"Lena era nel campo giallo quando arrivò Nora.

Volavano farfalle.

Nora aveva paura al buio.

Ti aiuto!

Insieme fecero un piano.

Lungo la strada ballarono in cerchio.

Lungo la strada chiacchierarono insieme.

All'improvviso gracchiò una rana.

Alla fine risero entrambi.

Condividere fa piacere."
611,Emma e il tesoro,"Pippa era in un piccolo villaggio quando arrivò Emma.

Il cielo era azzurro.

Emma era triste.

Troveremo una soluzione.

Insieme chiesero aiuto.

Lungo la strada chiacchierarono forte.

Lungo la strada risero in cerchio.

All'improvviso abbaiò un cane.

Erano entrambi orgogliosi.

Insieme è tutto più facile."
612,Mia e il mistero,"Theo era al mercato colorato quando arrivò Mia.

Tutto era calmo e sereno.

Mia aveva fame.

Vieni, ce la faremo!

Insieme si misero in marcia.

Lungo la strada chiacchierarono insieme.

Lungo la strada si riposarono forte.

All'improvviso cadde una foglia.

Così andò tutto bene.

I veri amici aiutano sempre."
613,Anna e il piano,"Paolo era presso il vecchio pozzo quando arrivò Anna.

Profumava di fiori.

Anna aveva perso la strada.

Racconta, ascolto!

Insieme divisero il compito.

Lungo la strada cantarono in cerchio.

Lungo la strada ballarono insieme.

All'improvviso ronzò un'ape.

Alla fine risero entrambi.

La pazienza porta fortuna."
614,Milo e il viaggio,"Leo era nel parco giochi quando arrivò Milo.

Gli uccelli cantavano allegri.

Milo aveva sete.

Ti aiuto!

Insieme chiesero ai vicini.

Lungo la strada risero forte.

Lungo la strada cantarono in cerchio.

All'improvviso bussarono.

Erano entrambi orgogliosi.

La curiosità porta a meraviglie."
615,Finn e il ritrovamento,"Max era presso il fiume azzurro quando arrivò Finn.

Il sole splendeva caldo.

Finn aveva bisogno di riposo.

Troveremo una soluzione.

Insieme cercarono ovunque.

Lungo la strada risero insieme.

Lungo la strada giocarono forte.

All'improvviso passò una farfalla danzando.

Così andò tutto bene.

Ridere aiuta sempre."
616,Nora e la scoperta,"Lena era nel prato verde quando arrivò Nora.

Un ruscello mormorava piano.

Nora aveva dimenticato il libro.

Vieni, ce la faremo!

Insieme fecero un piano.

Lungo la strada giocarono allegramente.

Lungo la strada si riposarono insieme.

All'improvviso si alzò il vento.

Alla fine risero entrambi.

Chi osa vince."
617,Emma e la gita,"Pippa era presso la grande quercia quando arrivò Emma.

Profumava di erba fresca.

Emma aveva un po' freddo.

Racconta, ascolto!

Insieme chiesero aiuto.

Lungo la strada si riposarono un po'.

Lungo la strada chiacchierarono allegramente.

All'improvviso cadde una stella cadente.

Erano entrambi orgogliosi.

Il coraggio è premiato."
618,Mia e la gara,"Theo era nel parco verde quando arrivò Mia.

Volavano farfalle.

Mia aveva un dispiacere.

Ti aiuto!

Insieme si misero in marcia.

Lungo la strada ballarono presso il ruscello.

Lungo la strada risero forte.

All'improvviso qualcuno rise.

Così andò tutto bene.

Condividere fa piacere."
619,Anna e l'indovinello,"Paolo era nel bosco vecchio quando arrivò Anna.

Il cielo era azzurro.

Anna cercava la chiave.

Troveremo una soluzione.

Insieme divisero il compito.

Lungo la strada chiacchierarono in cerchio.

Lungo la strada giocarono insieme.

All'improvviso qualcosa frusciò forte.

Alla fine risero entrambi.

Insieme è tutto più facile."
620,Milo e la sorpresa,"Leo era nel campo giallo quando arrivò Milo.

Tutto era calmo e sereno.

Milo aveva paura al buio.

Vieni, ce la faremo!

Insieme chiesero ai vicini.

Lungo la strada cantarono una canzone.

Lungo la strada ballarono allegramente.

All'improvviso gracchiò una rana.

Erano entrambi orgogliosi.

I veri amici aiutano sempre."
621,Finn e la grande avventura,"Max era in un piccolo villaggio quando arrivò Finn.

Profumava di fiori.

Finn era triste.

Racconta, ascolto!

Insieme cercarono ovunque.

Lungo la strada cantarono presso il ruscello.

Lungo la strada cantarono forte.

All'improvviso abbaiò un cane.

Così andò tutto bene.

La pazienza porta fortuna."
622,Nora e il mistero,"Lena era al mercato colorato quando arrivò Nora.

Gli uccelli cantavano allegri.

Nora aveva fame.

Ti aiuto!

Insieme fecero un piano.

Lungo la strada risero in cerchio.

Lungo la strada risero insieme.

All'improvviso cadde una foglia.

Alla fine risero entrambi.

La curiosità porta a meraviglie."
623,La giornata più bella di Emma,"Pippa era presso il vecchio pozzo quando arrivò Emma.

Il sole splendeva caldo.

Emma aveva perso la strada.

Troveremo una soluzione.

Insieme chiesero aiuto.

Lungo la strada giocarono forte.

Lungo la strada si riposarono allegramente.

All'improvviso ronzò un'ape.

Erano entrambi orgogliosi.

Ridere aiuta sempre."
624,Mia e il tesoro,"Theo era nel parco giochi quando arrivò Mia.

Un ruscello mormorava piano.

Mia aveva sete.

Vieni, ce la faremo!

Insieme si misero in marcia.

Lungo la strada giocarono insieme.

Lungo la strada chiacchierarono un po'.

All'improvviso bussarono.

Così andò tutto bene.

Chi osa vince."
625,Anna e il mistero,"Paolo era presso il fiume azzurro quando arrivò Anna.

Profumava di erba fresca.

Anna aveva bisogno di riposo.

Racconta, ascolto!

Insieme divisero il compito.

Lungo la strada si riposarono allegramente.

Lungo la strada cantarono insieme.

All'improvviso passò una farfalla danzando.

Alla fine risero entrambi.

Il coraggio è premiato."
626,Milo e il piano,"Leo era nel prato verde quando arrivò Milo.

Volavano farfalle.

Milo aveva dimenticato il libro.

Ti aiuto!

Insieme chiesero ai vicini.

Lungo la strada ballarono un po'.

Lungo la strada giocarono allegramente.

All'improvviso si alzò il vento.

Erano entrambi orgogliosi.

Condividere fa piacere."
627,Finn e il viaggio,"Max era presso la grande quercia quando arrivò Finn.

Il cielo era azzurro.

Finn aveva un po' freddo.

Troveremo una soluzione.

Insieme cercarono ovunque.

Lungo la strada chiacchierarono presso il ruscello.

Lungo la strada ballarono un po'.

All'improvviso cadde una stella cadente.

Così andò tutto bene.

Insieme è tutto più facile."
628,Nora e il ritrovamento,"Lena era nel parco verde quando arrivò Nora.

Tutto era calmo e sereno.

Nora aveva un dispiacere.

Vieni, ce la faremo!

Insieme fecero un piano.

Lungo la strada risero molto.

Lungo la strada raccontarono storie.

All'improvviso qualcuno rise.

Alla fine risero entrambi.

I veri amici aiutano sempre."
629,Emma e la scoperta,"Pippa era nel bosco vecchio quando arrivò Emma.

Profumava di fiori.

Emma cercava la chiave.

Racconta, ascolto!

Insieme chiesero aiuto.

Lungo la strada cantarono un po'.

Lungo la strada risero allegramente.

All'improvviso qualcosa frusciò forte.

Erano entrambi orgogliosi.

La pazienza porta fortuna."
630,Mia e la gita,"Theo era nel campo giallo quando arrivò Mia.

Gli uccelli cantavano allegri.

Mia aveva paura al buio.

Ti aiuto!

Insieme si misero in marcia.

Lungo la strada risero presso il ruscello.

Lungo la strada si riposarono un po'.

All'improvviso gracchiò una rana.

Così andò tutto bene.

La curiosità porta a meraviglie."
631,Anna e la gara,"Paolo era in un piccolo villaggio quando arrivò Anna.

Il sole splendeva caldo.

Anna era triste.

Troveremo una soluzione.

Insieme divisero il compito.

Lungo la strada giocarono in cerchio.

Lungo la strada chiacchierarono presso il ruscello.

All'improvviso abbaiò un cane.

Alla fine risero entrambi.

Ridere aiuta sempre."
632,Milo e l'indovinello,"Leo era al mercato colorato quando arrivò Milo.

Un ruscello mormorava piano.

Milo aveva fame.

Vieni, ce la faremo!

Insieme chiesero ai vicini.

Lungo la strada si riposarono forte.

Lungo la strada cantarono allegramente.

All'improvviso cadde una foglia.

Erano entrambi orgogliosi.

Chi osa vince."
633,Finn e la sorpresa,"Max era presso il vecchio pozzo quando arrivò Finn.

Profumava di erba fresca.

Finn aveva perso la strada.

Racconta, ascolto!

Insieme cercarono ovunque.

Lungo la strada si riposarono insieme.

Lungo la strada giocarono un po'.

All'improvviso ronzò un'ape.

Così andò tutto bene.

Il coraggio è premiato."
634,Nora e la grande avventura,"Lena era nel parco giochi quando arrivò Nora.

Volavano farfalle.

Nora aveva sete.

Ti aiuto!

Insieme fecero un piano.

Lungo la strada ballarono allegramente.

Lungo la strada ballarono presso il ruscello.

All'improvviso bussarono.

Alla fine risero entrambi.

Condividere fa piacere."
635,Emma e il mistero,"Pippa era presso il fiume azzurro quando arrivò Emma.

Il cielo era azzurro.

Emma aveva bisogno di riposo.

Troveremo una soluzione.

Insieme chiesero aiuto.

Lungo la strada chiacchierarono un po'.

Lungo la strada risero molto.

All'improvviso passò una farfalla danzando.

Erano entrambi orgogliosi.

Insieme è tutto più facile."
636,La giornata più bella di Mia,"Theo era nel prato verde quando arrivò Mia.

Tutto era calmo e sereno.

Mia aveva dimenticato il libro.

Vieni, ce la faremo!

Insieme si misero in marcia.

Lungo la strada raccontarono storie.

Lungo la strada risero un po'.

All'improvviso si alzò il vento.

Così andò tutto bene.

I veri amici aiutano sempre."
637,Anna e il tesoro,"Paolo era presso la grande quercia quando arrivò Anna.

Profumava di fiori.

Anna aveva un po' freddo.

Racconta, ascolto!

Insieme divisero il compito.

Lungo la strada cantarono allegramente.

Lungo la strada si riposarono presso il ruscello.

All'improvviso cadde una stella cadente.

Alla fine risero entrambi.

La pazienza porta fortuna."
638,Milo e il mistero,"Leo era nel parco verde quando arrivò Milo.

Gli uccelli cantavano allegri.

Milo aveva un dispiacere.

Ti aiuto!

Insieme chiesero ai vicini.

Lungo la strada risero un po'.

Lungo la strada chiacchierarono in cerchio.

All'improvviso qualcuno rise.

Erano entrambi orgogliosi.

La curiosità porta a meraviglie."
639,Finn e il piano,"Max era nel bosco vecchio quando arrivò Finn.

Il sole splendeva caldo.

Finn cercava la chiave.

Troveremo una soluzione.

Insieme cercarono ovunque.

Lungo la strada giocarono presso il ruscello.

Lungo la strada cantarono un po'.

All'improvviso qualcosa frusciò forte.

Così andò tutto bene.

Ridere aiuta sempre."
640,Nora e il viaggio,"Lena era nel campo giallo quando arrivò Nora.

Un ruscello mormorava piano.

Nora aveva paura al buio.

Vieni, ce la faremo!

Insieme fecero un piano.

Lungo la strada si riposarono in cerchio.

Lungo la strada giocarono presso il ruscello.

All'improvviso gracchiò una rana.

Alla fine risero entrambi.

Chi osa vince."
641,Emma e il ritrovamento,"Pippa era in un piccolo villaggio quando arrivò Emma.

Profumava di erba fresca.

Emma era triste.

Racconta, ascolto!

Insieme chiesero aiuto.

Lungo la strada ballarono forte.

Lungo la strada ballarono in cerchio.

All'improvviso abbaiò un cane.

Erano entrambi orgogliosi.

Il coraggio è premiato."
642,Mia e la scoperta,"Theo era al mercato colorato quando arrivò Mia.

Volavano farfalle.

Mia aveva fame.

Ti aiuto!

Insieme si misero in marcia.

Lungo la strada ballarono insieme.

Lungo la strada cantarono una canzone.

All'improvviso cadde una foglia.

Così andò tutto bene.

Condividere fa piacere."
643,Anna e la gita,"Paolo era presso il vecchio pozzo quando arrivò Anna.

Il cielo era azzurro.

Anna aveva perso la strada.

Troveremo una soluzione.

Insieme divisero il compito.

Lungo la strada chiacchierarono allegramente.

Lungo la strada risero presso il ruscello.

All'improvviso ronzò un'ape.

Alla fine risero entrambi.

Insieme è tutto più facile."
644,Milo e la gara,"Leo era nel parco giochi quando arrivò Milo.

Tutto era calmo e sereno.

Milo aveva sete.

Vieni, ce la faremo!

Insieme chiesero ai vicini.

Lungo la strada cantarono forte.

Lungo la strada si riposarono in cerchio.

All'improvviso bussarono.

Erano entrambi orgogliosi.

I veri amici aiutano sempre."
645,Finn e l'indovinello,"Max era presso il fiume azzurro quando arrivò Finn.

Profumava di fiori.

Finn aveva bisogno di riposo.

Racconta, ascolto!

Insieme cercarono ovunque.

Lungo la strada cantarono insieme.

Lungo la strada chiacchierarono forte.

All'improvviso passò una farfalla danzando.

Così andò tutto bene.

La pazienza porta fortuna."
646,Nora e la sorpresa,"Lena era nel prato verde quando arrivò Nora.

Gli uccelli cantavano allegri.

Nora aveva dimenticato il libro.

Ti aiuto!

Insieme fecero un piano.

Lungo la strada risero allegramente.

Lungo la strada cantarono presso il ruscello.

All'improvviso si alzò il vento.

Alla fine risero entrambi.

La curiosità porta a meraviglie."
647,Emma e la grande avventura,"Pippa era presso la grande quercia quando arrivò Emma.

Il sole splendeva caldo.

Emma aveva un po' freddo.

Troveremo una soluzione.

Insieme chiesero aiuto.

Lungo la strada giocarono un po'.

Lungo la strada giocarono in cerchio.

All'improvviso cadde una stella cadente.

Erano entrambi orgogliosi.

Ridere aiuta sempre."
648,Mia e il mistero,"Theo era nel parco verde quando arrivò Mia.

Un ruscello mormorava piano.

Mia aveva un dispiacere.

Vieni, ce la faremo!

Insieme si misero in marcia.

Lungo la strada si riposarono presso il ruscello.

Lungo la strada ballarono forte.

All'improvviso qualcuno rise.

Così andò tutto bene.

Chi osa vince."
649,La giornata più bella di Anna,"Paolo era nel bosco vecchio quando arrivò Anna.

Profumava di erba fresca.

Anna cercava la chiave.

Racconta, ascolto!

Insieme divisero il compito.

Lungo la strada ballarono in cerchio.

Lungo la strada chiacchierarono insieme.

All'improvviso qualcosa frusciò forte.

Alla fine risero entrambi.

Il coraggio è premiato."
650,Milo e il tesoro,"Leo era nel campo giallo quando arrivò Milo.

Volavano farfalle.

Milo aveva paura al buio.

Ti aiuto!

Insieme chiesero ai vicini.

Lungo la strada chiacchierarono forte.

Lungo la strada risero in cerchio.

All'improvviso gracchiò una rana.

Erano entrambi orgogliosi.

Condividere fa piacere."
651,Finn e il mistero,"Max era in un piccolo villaggio quando arrivò Finn.

Il cielo era azzurro.

Finn era triste.

Troveremo una soluzione.

Insieme cercarono ovunque.

Lungo la strada chiacchierarono insieme.

Lungo la strada si riposarono forte.

All'improvviso abbaiò un cane.

Così andò tutto bene.

Insieme è tutto più facile."
652,Nora e il piano,"Lena era al mercato colorato quando arrivò Nora.

Tutto era calmo e sereno.

Nora aveva fame.

Vieni, ce la faremo!

Insieme fecero un piano.

Lungo la strada cantarono in cerchio.

Lungo la strada ballarono insieme.

All'improvviso cadde una foglia.

Alla fine risero entrambi.

I veri amici aiutano sempre."
653,Emma e il viaggio,"Pippa era presso il vecchio pozzo quando arrivò Emma.

Profumava di fiori.

Emma aveva perso la strada.

Racconta, ascolto!

Insieme chiesero aiuto.

Lungo la strada risero forte.

Lungo la strada cantarono in cerchio.

All'improvviso ronzò un'ape.

Erano entrambi orgogliosi.

La pazienza porta fortuna."
654,Mia e il ritrovamento,"Theo era nel parco giochi quando arrivò Mia.

Gli uccelli cantavano allegri.

Mia aveva sete.

Ti aiuto!

Insieme si misero in marcia.

Lungo la strada risero insieme.

Lungo la strada giocarono forte.

All'improvviso bussarono.

Così andò tutto bene.

La curiosità porta a meraviglie."
655,Anna e la scoperta,"Paolo era presso il fiume azzurro quando arrivò Anna.

Il sole splendeva caldo.

Anna aveva bisogno di riposo.

Troveremo una soluzione.

Insieme divisero il compito.

Lungo la strada giocarono allegramente.

Lungo la strada si riposarono insieme.

All'improvviso passò una farfalla danzando.

Alla fine risero entrambi.

Ridere aiuta sempre."
656,Milo e la gita,"Leo era nel prato verde quando arrivò Milo.

Un ruscello mormorava piano.

Milo aveva dimenticato il libro.

Vieni, ce la faremo!

Insieme chiesero ai vicini.

Lungo la strada si riposarono un po'.

Lungo la strada chiacchierarono allegramente.

All'improvviso si alzò il vento.

Erano entrambi orgogliosi.

Chi osa vince."
657,Finn e la gara,"Max era presso la grande quercia quando arrivò Finn.

Profumava di erba fresca.

Finn aveva un po' freddo.

Racconta, ascolto!

Insieme cercarono ovunque.

Lungo la strada ballarono presso il ruscello.

Lungo la strada risero forte.

All'improvviso cadde una stella cadente.

Così andò tutto bene.

Il coraggio è premiato."
658,Nora e l'indovinello,"Lena era nel parco verde quando arrivò Nora.

Volavano farfalle.

Nora aveva un dispiacere.

Ti aiuto!

Insieme fecero un piano.

Lungo la strada chiacchierarono in cerchio.

Lungo la strada giocarono insieme.

All'improvviso qualcuno rise.

Alla fine risero entrambi.

Condividere fa piacere."
659,Emma e la sorpresa,"Pippa era nel bosco vecchio quando arrivò Emma.

Il cielo era azzurro.

Emma cercava la chiave.

Troveremo una soluzione.

Insieme chiesero aiuto.

Lungo la strada cantarono una canzone.

Lungo la strada ballarono allegramente.

All'improvviso qualcosa frusciò forte.

Erano entrambi orgogliosi.

Insieme è tutto più facile."
660,Mia e la grande avventura,"Theo era nel campo giallo quando arrivò Mia.

Tutto era calmo e sereno.

Mia aveva paura al buio.

Vieni, ce la faremo!

Insieme si misero in marcia.

Lungo la strada cantarono presso il ruscello.

Lungo la strada cantarono forte.

All'improvviso gracchiò una rana.

Così andò tutto bene.

I veri amici aiutano sempre."
661,Anna e il mistero,"Paolo era in un piccolo villaggio quando arrivò Anna.

Profumava di fiori.

Anna era triste.

Racconta, ascolto!

Insieme divisero il compito.

Lungo la strada risero in cerchio.

Lungo la strada risero insieme.

All'improvviso abbaiò un cane.

Alla fine risero entrambi.

La pazienza porta fortuna."
662,La giornata più bella di Milo,"Leo era al mercato colorato quando arrivò Milo.

Gli uccelli cantavano allegri.

Milo aveva fame.

Ti aiuto!

Insieme chiesero ai vicini.

Lungo la strada giocarono forte.

Lungo la strada si riposarono allegramente.

All'improvviso cadde una foglia.

Erano entrambi orgogliosi.

La curiosità porta a meraviglie."
663,Finn e il tesoro,"Max era presso il vecchio pozzo quando arrivò Finn.

Il sole splendeva caldo.

Finn aveva perso la strada.

Troveremo una soluzione.

Insieme cercarono ovunque.

Lungo la strada giocarono insieme.

Lungo la strada chiacchierarono un po'.

All'improvviso ronzò un'ape.

Così andò tutto bene.

Ridere aiuta sempre."
664,Nora e il mistero,"Lena era nel parco giochi quando arrivò Nora.

Un ruscello mormorava piano.

Nora aveva sete.

Vieni, ce la faremo!

Insieme fecero un piano.

Lungo la strada si riposarono allegramente.

Lungo la strada cantarono insieme.

All'improvviso bussarono.

Alla fine risero entrambi.

Chi osa vince."
665,Emma e il piano,"Pippa era presso il fiume azzurro quando arrivò Emma.

Profumava di erba fresca.

Emma aveva bisogno di riposo.

Racconta, ascolto!

Insieme chiesero aiuto.

Lungo la strada ballarono un po'.

Lungo la strada giocarono allegramente.

All'improvviso passò una farfalla danzando.

Erano entrambi orgogliosi.

Il coraggio è premiato."
666,Mia e il viaggio,"Theo era nel prato verde quando arrivò Mia.

Volavano farfalle.

Mia aveva dimenticato il libro.

Ti aiuto!

Insieme si misero in marcia.

Lungo la strada chiacchierarono presso il ruscello.

Lungo la strada ballarono un po'.

All'improvviso si alzò il vento.

Così andò tutto bene.

Condividere fa piacere."
667,Anna e il ritrovamento,"Paolo era presso la grande quercia quando arrivò Anna.

Il cielo era azzurro.

Anna aveva un po' freddo.

Troveremo una soluzione.

Insieme divisero il compito.

Lungo la strada risero molto.

Lungo la strada raccontarono storie.

All'improvviso cadde una stella cadente.

Alla fine risero entrambi.

Insieme è tutto più facile."
668,Milo e la scoperta,"Leo era nel parco verde quando arrivò Milo.

Tutto era calmo e sereno.

Milo aveva un dispiacere.

Vieni, ce la faremo!

Insieme chiesero ai vicini.

Lungo la strada cantarono un po'.

Lungo la strada risero allegramente.

All'improvviso qualcuno rise.

Erano entrambi orgogliosi.

I veri amici aiutano sempre."
669,Finn e la gita,"Max era nel bosco vecchio quando arrivò Finn.

Profumava di fiori.

Finn cercava la chiave.

Racconta, ascolto!

Insieme cercarono ovunque.

Lungo la strada risero presso il ruscello.

Lungo la strada si riposarono un po'.

All'improvviso qualcosa frusciò forte.

Così andò tutto bene.

La pazienza porta fortuna."
670,Nora e la gara,"Lena era nel campo giallo quando arrivò Nora.

Gli uccelli cantavano allegri.

Nora aveva paura al buio.

Ti aiuto!

Insieme fecero un piano.

Lungo la strada giocarono in cerchio.

Lungo la strada chiacchierarono presso il ruscello.

All'improvviso gracchiò una rana.

Alla fine risero entrambi.

La curiosità porta a meraviglie."
671,Emma e l'indovinello,"Pippa era in un piccolo villaggio quando arrivò Emma.

Il sole splendeva caldo.

Emma era triste.

Troveremo una soluzione.

Insieme chiesero aiuto.

Lungo la strada si riposarono forte.

Lungo la strada cantarono allegramente.

All'improvviso abbaiò un cane.

Erano entrambi orgogliosi.

Ridere aiuta sempre."
672,Mia e la sorpresa,"Theo era al mercato colorato quando arrivò Mia.

Un ruscello mormorava piano.

Mia aveva fame.

Vieni, ce la faremo!

Insieme si misero in marcia.

Lungo la strada si riposarono insieme.

Lungo la strada giocarono un po'.

All'improvviso cadde una foglia.

Così andò tutto bene.

Chi osa vince."
673,Anna e la grande avventura,"Paolo era presso il vecchio pozzo quando arrivò Anna.

Profumava di erba fresca.

Anna aveva perso la strada.

Racconta, ascolto!

Insieme divisero il compito.

Lungo la strada ballarono allegramente.

Lungo la strada ballarono presso il ruscello.

All'improvviso ronzò un'ape.

Alla fine risero entrambi.

Il coraggio è premiato."
674,Milo e il mistero,"Leo era nel parco giochi quando arrivò Milo.

Volavano farfalle.

Milo aveva sete.

Ti aiuto!

Insieme chiesero ai vicini.

Lungo la strada chiacchierarono un po'.

Lungo la strada risero molto.

All'improvviso bussarono.

Erano entrambi orgogliosi.

Condividere fa piacere."
675,La giornata più bella di Finn,"Max era presso il fiume azzurro quando arrivò Finn.

Il cielo era azzurro.

Finn aveva bisogno di riposo.

Troveremo una soluzione.

Insieme cercarono ovunque.

Lungo la strada raccontarono storie.

Lungo la strada risero un po'.

All'improvviso passò una farfalla danzando.

Così andò tutto bene.

Insieme è tutto più facile."
676,Nora e il tesoro,"Lena era nel prato verde quando arrivò Nora.

Tutto era calmo e sereno.

Nora aveva dimenticato il libro.

Vieni, ce la faremo!

Insieme fecero un piano.

Lungo la strada cantarono allegramente.

Lungo la strada si riposarono presso il ruscello.

All'improvviso si alzò il vento.

Alla fine risero entrambi.

I veri amici aiutano sempre."
677,Emma e il mistero,"Pippa era presso la grande quercia quando arrivò Emma.

Profumava di fiori.

Emma aveva un po' freddo.

Racconta, ascolto!

Insieme chiesero aiuto.

Lungo la strada risero un po'.

Lungo la strada chiacchierarono in cerchio.

All'improvviso cadde una stella cadente.

Erano entrambi orgogliosi.

La pazienza porta fortuna."
678,Mia e il piano,"Theo era nel parco verde quando arrivò Mia.

Gli uccelli cantavano allegri.

Mia aveva un dispiacere.

Ti aiuto!

Insieme si misero in marcia.

Lungo la strada giocarono presso il ruscello.

Lungo la strada cantarono un po'.

All'improvviso qualcuno rise.

Così andò tutto bene.

La curiosità porta a meraviglie."
679,Anna e il viaggio,"Paolo era nel bosco vecchio quando arrivò Anna.

Il sole splendeva caldo.

Anna cercava la chiave.

Troveremo una soluzione.

Insieme divisero il compito.

Lungo la strada si riposarono in cerchio.

Lungo la strada giocarono presso il ruscello.

All'improvviso qualcosa frusciò forte.

Alla fine risero entrambi.

Ridere aiuta sempre."
680,Milo e il ritrovamento,"Leo era nel campo giallo quando arrivò Milo.

Un ruscello mormorava piano.

Milo aveva paura al buio.

Vieni, ce la faremo!

Insieme chiesero ai vicini.

Lungo la strada ballarono forte.

Lungo la strada ballarono in cerchio.

All'improvviso gracchiò una rana.

Erano entrambi orgogliosi.

Chi osa vince."
681,Finn e la scoperta,"Max era in un piccolo villaggio quando arrivò Finn.

Profumava di erba fresca.

Finn era triste.

Racconta, ascolto!

Insieme cercarono ovunque.

Lungo la strada ballarono insieme.

Lungo la strada cantarono una canzone.

All'improvviso abbaiò un cane.

Così andò tutto bene.

Il coraggio è premiato."
682,Nora e la gita,"Lena era al mercato colorato quando arrivò Nora.

Volavano farfalle.

Nora aveva fame.

Ti aiuto!

Insieme fecero un piano.

Lungo la strada chiacchierarono allegramente.

Lungo la strada risero presso il ruscello.

All'improvviso cadde una foglia.

Alla fine risero entrambi.

Condividere fa piacere."
683,Emma e la gara,"Pippa era presso il vecchio pozzo quando arrivò Emma.

Il cielo era azzurro.

Emma aveva perso la strada.

Troveremo una soluzione.

Insieme chiesero aiuto.

Lungo la strada cantarono forte.

Lungo la strada si riposarono in cerchio.

All'improvviso ronzò un'ape.

Erano entrambi orgogliosi.

Insieme è tutto più facile."
684,Mia e l'indovinello,"Theo era nel parco giochi quando arrivò Mia.

Tutto era calmo e sereno.

Mia aveva sete.

Vieni, ce la faremo!

Insieme si misero in marcia.

Lungo la strada cantarono insieme.

Lungo la strada chiacchierarono forte.

All'improvviso bussarono.

Così andò tutto bene.

I veri amici aiutano sempre."
685,Anna e la sorpresa,"Paolo era presso il fiume azzurro quando arrivò Anna.

Profumava di fiori.

Anna aveva bisogno di riposo.

Racconta, ascolto!

Insieme divisero il compito.

Lungo la strada risero allegramente.

Lungo la strada cantarono presso il ruscello.

All'improvviso passò una farfalla danzando.

Alla fine risero entrambi.

La pazienza porta fortuna."
686,Milo e la grande avventura,"Leo era nel prato verde quando arrivò Milo.

Gli uccelli cantavano allegri.

Milo aveva dimenticato il libro.

Ti aiuto!

Insieme chiesero ai vicini.

Lungo la strada giocarono un po'.

Lungo la strada giocarono in cerchio.

All'improvviso si alzò il vento.

Erano entrambi orgogliosi.

La curiosità porta a meraviglie."
687,Finn e il mistero,"Max era presso la grande quercia quando arrivò Finn.

Il sole splendeva caldo.

Finn aveva un po' freddo.

Troveremo una soluzione.

Insieme cercarono ovunque.

Lungo la strada si riposarono presso il ruscello.

Lungo la strada ballarono forte.

All'improvviso cadde una stella cadente.

Così andò tutto bene.

Ridere aiuta sempre."
688,La giornata più bella di Nora,"Lena era nel parco verde quando arrivò Nora.

Un ruscello mormorava piano.

Nora aveva un dispiacere.

Vieni, ce la faremo!

Insieme fecero un piano.

Lungo la strada ballarono in cerchio.

Lungo la strada chiacchierarono insieme.

All'improvviso qualcuno rise.

Alla fine risero entrambi.

Chi osa vince."
689,Emma e il tesoro,"Pippa era nel bosco vecchio quando arrivò Emma.

Profumava di erba fresca.

Emma cercava la chiave.

Racconta, ascolto!

Insieme chiesero aiuto.

Lungo la strada chiacchierarono forte.

Lungo la strada risero in cerchio.

All'improvviso qualcosa frusciò forte.

Erano entrambi orgogliosi.

Il coraggio è premiato."
690,Mia e il mistero,"Theo era nel campo giallo quando arrivò Mia.

Volavano farfalle.

Mia aveva paura al buio.

Ti aiuto!

Insieme si misero in marcia.

Lungo la strada chiacchierarono insieme.

Lungo la strada si riposarono forte.

All'improvviso gracchiò una rana.

Così andò tutto bene.

Condividere fa piacere."
691,Anna e il piano,"Paolo era in un piccolo villaggio quando arrivò Anna.

Il cielo era azzurro.

Anna era triste.

Troveremo una soluzione.

Insieme divisero il compito.

Lungo la strada cantarono in cerchio.

Lungo la strada ballarono insieme.

All'improvviso abbaiò un cane.

Alla fine risero entrambi.

Insieme è tutto più facile."
692,Milo e il viaggio,"Leo era al mercato colorato quando arrivò Milo.

Tutto era calmo e sereno.

Milo aveva fame.

Vieni, ce la faremo!

Insieme chiesero ai vicini.

Lungo la strada risero forte.

Lungo la strada cantarono in cerchio.

All'improvviso cadde una foglia.

Erano entrambi orgogliosi.

I veri amici aiutano sempre."
693,Finn e il ritrovamento,"Max era presso il vecchio pozzo quando arrivò Finn.

Profumava di fiori.

Finn aveva perso la strada.

Racconta, ascolto!

Insieme cercarono ovunque.

Lungo la strada risero insieme.

Lungo la strada giocarono forte.

All'improvviso ronzò un'ape.

Così andò tutto bene.

La pazienza porta fortuna."
694,Nora e la scoperta,"Lena era nel parco giochi quando arrivò Nora.

Gli uccelli cantavano allegri.

Nora aveva sete.

Ti aiuto!

Insieme fecero un piano.

Lungo la strada giocarono allegramente.

Lungo la strada si riposarono insieme.

All'improvviso bussarono.

Alla fine risero entrambi.

La curiosità porta a meraviglie."
695,Emma e la gita,"Pippa era presso il fiume azzurro quando arrivò Emma.

Il sole splendeva caldo.

Emma aveva bisogno di riposo.

Troveremo una soluzione.

Insieme chiesero aiuto.

Lungo la strada si riposarono un po'.

Lungo la strada chiacchierarono allegramente.

All'improvviso passò una farfalla danzando.

Erano entrambi orgogliosi.

Ridere aiuta sempre."
696,Mia e la gara,"Theo era nel prato verde quando arrivò Mia.

Un ruscello mormorava piano.

Mia aveva dimenticato il libro.

Vieni, ce la faremo!

Insieme si misero in marcia.

Lungo la strada ballarono presso il ruscello.

Lungo la strada risero forte.

All'improvviso si alzò il vento.

Così andò tutto bene.

Chi osa vince."
697,Anna e l'indovinello,"Paolo era presso la grande quercia quando arrivò Anna.

Profumava di erba fresca.

Anna aveva un po' freddo.

Racconta, ascolto!

Insieme divisero il compito.

Lungo la strada chiacchierarono in cerchio.

Lungo la strada giocarono insieme.

All'improvviso cadde una stella cadente.

Alla fine risero entrambi.

Il coraggio è premiato."
698,Milo e la sorpresa,"Leo era nel parco verde quando arrivò Milo.

Volavano farfalle.

Milo aveva un dispiacere.

Ti aiuto!

Insieme chiesero ai vicini.

Lungo la strada cantarono una canzone.

Lungo la strada ballarono allegramente.

All'improvviso qualcuno rise.

Erano entrambi orgogliosi.

Condividere fa piacere."
699,Finn e la grande avventura,"Max era nel bosco vecchio quando arrivò Finn.

Il cielo era azzurro.

Finn cercava la chiave.

Troveremo una soluzione.

Insieme cercarono ovunque.

Lungo la strada cantarono presso il ruscello.

Lungo la strada cantarono forte.

All'improvviso qualcosa frusciò forte.

Così andò tutto bene.

Insieme è tutto più facile."
700,Nora e il mistero,"Lena era nel campo giallo quando arrivò Nora.

Tutto era calmo e sereno.

Nora aveva paura al buio.

Vieni, ce la faremo!

Insieme fecero un piano.

Lungo la strada risero in cerchio.

Lungo la strada risero insieme.

All'improvviso gracchiò una rana.

Alla fine risero entrambi.

I veri amici aiutano sempre."
701,La giornata più bella di Emma,"Una sera Emma sentì uno strano rumore presso il vecchio pozzo.

Tutto era calmo e sereno.

Curiosamente Emma si avvicinò.

Dietro una pietra Emma scoprì il coltello piccolo.

Profumava di fiori.

All'improvviso gracchiò una rana.

All'improvviso passò una farfalla danzando.

Un riccio cercava cibo.

Alla fine erano tutti felici.

Chi osa vince."
702,Mia e il tesoro,"Una sera Mia sentì uno strano rumore nel parco giochi.

Profumava di erba fresca.

Coraggiosamente Mia seguì il suono.

Dietro una staccionata Mia scoprì una coperta calda.

Un ruscello mormorava piano.

All'improvviso ronzò un'ape.

All'improvviso bussarono.

Un gatto aveva giocato.

Così la giornata fu perfetta.

La pazienza porta fortuna."
703,Anna e il mistero,"Una sera Anna sentì uno strano rumore presso il fiume azzurro.

Gli uccelli cantavano allegri.

Curiosamente Anna si avvicinò.

Dietro un albero Anna scoprì una mappa colorata.

Il cielo era azzurro.

All'improvviso si alzò il vento.

All'improvviso ronzò un'ape.

Era solo il gatto curioso.

Tutti risero e tornarono a casa.

Condividere fa piacere."
704,Milo e il piano,"Una sera Milo sentì uno strano rumore nel prato verde.

Il cielo era azzurro.

Coraggiosamente Milo seguì il suono.

Dietro un muro Milo scoprì una moneta vecchia.

Gli uccelli cantavano allegri.

All'improvviso qualcosa frusciò forte.

All'improvviso cadde una foglia.

L'orologio aveva suonato.

L'avventura restò indimenticabile.

Ridere aiuta sempre."
705,Finn e il viaggio,"Una sera Finn sentì uno strano rumore presso la grande quercia.

Un ruscello mormorava piano.

Curiosamente Finn si avvicinò.

Dietro una porta Finn scoprì la corda verde.

Profumava di erba fresca.

All'improvviso cadde una foglia.

All'improvviso abbaiò un cane.

Il gallo aveva cantato.

Tutti applaudirono di gioia.

I veri amici aiutano sempre."
706,Nora e il ritrovamento,"Una sera Nora sentì uno strano rumore nel parco verde.

Profumava di fiori.

Coraggiosamente Nora seguì il suono.

Dietro un cespuglio Nora scoprì la piccola lanterna.

Tutto era calmo e sereno.

All'improvviso passò una farfalla danzando.

All'improvviso gracchiò una rana.

Il vento aveva mosso una porta.

Così l'avventura finì bene.

Il coraggio è premiato."
707,Emma e la scoperta,"Una sera Emma sentì uno strano rumore nel bosco vecchio.

Volavano farfalle.

Curiosamente Emma si avvicinò.

Dietro una pietra Emma scoprì la bottiglia blu.

Il sole splendeva caldo.

All'improvviso qualcuno rise.

All'improvviso qualcosa frusciò forte.

Era solo il postino.

Tutti tornarono contenti.

La curiosità porta a meraviglie."
708,Mia e la gita,"Una sera Mia sentì uno strano rumore nel campo giallo.

Il sole splendeva caldo.

Coraggiosamente Mia seguì il suono.

Dietro una staccionata Mia scoprì la borsa gialla.

Volavano farfalle.

All'improvviso abbaiò un cane.

All'improvviso qualcuno rise.

Un ramo era caduto.

Così la paura divenne coraggio.

Insieme è tutto più facile."
709,Anna e la gara,"Una sera Anna sentì uno strano rumore in un piccolo villaggio.

Tutto era calmo e sereno.

Curiosamente Anna si avvicinò.

Dietro un albero Anna scoprì la corda rossa.

Profumava di fiori.

All'improvviso bussarono.

All'improvviso cadde una stella cadente.

Un riccio cercava cibo.

Alla fine erano tutti felici.

Chi osa vince."
710,Milo e l'indovinello,"Una sera Milo sentì uno strano rumore al mercato colorato.

Profumava di erba fresca.

Coraggiosamente Milo seguì il suono.

Dietro un muro Milo scoprì il vecchio binocolo.

Un ruscello mormorava piano.

All'improvviso cadde una stella cadente.

All'improvviso si alzò il vento.

Un gatto aveva giocato.

Così la giornata fu perfetta.

La pazienza porta fortuna."
711,Finn e la sorpresa,"Una sera Finn sentì uno strano rumore presso il vecchio pozzo.

Gli uccelli cantavano allegri.

Curiosamente Finn si avvicinò.

Dietro una porta Finn scoprì il coltello piccolo.

Il cielo era azzurro.

All'improvviso gracchiò una rana.

All'improvviso passò una farfalla danzando.

Era solo il gatto curioso.

Tutti risero e tornarono a casa.

Condividere fa piacere."
712,Nora e la grande avventura,"Una sera Nora sentì uno strano rumore nel parco giochi.

Il cielo era azzurro.

Coraggiosamente Nora seguì il suono.

Dietro un cespuglio Nora scoprì una coperta calda.

Gli uccelli cantavano allegri.

All'improvviso ronzò un'ape.

All'improvviso bussarono.

L'orologio aveva suonato.

L'avventura restò indimenticabile.

Ridere aiuta sempre."
713,Emma e il mistero,"Una sera Emma sentì uno strano rumore presso il fiume azzurro.

Un ruscello mormorava piano.

Curiosamente Emma si avvicinò.

Dietro una pietra Emma scoprì una mappa colorata.

Profumava di erba fresca.

All'improvviso si alzò il vento.

All'improvviso ronzò un'ape.

Il gallo aveva cantato.

Tutti applaudirono di gioia.

I veri amici aiutano sempre."
714,La giornata più bella di Mia,"Una sera Mia sentì uno strano rumore nel prato verde.

Profumava di fiori.

Coraggiosamente Mia seguì il suono.

Dietro una staccionata Mia scoprì una moneta vecchia.

Tutto era calmo e sereno.

All'improvviso qualcosa frusciò forte.

All'improvviso cadde una foglia.

Il vento aveva mosso una porta.

Così l'avventura finì bene.

Il coraggio è premiato."
715,Anna e il tesoro,"Una sera Anna sentì uno strano rumore presso la grande quercia.

Volavano farfalle.

Curiosamente Anna si avvicinò.

Dietro un albero Anna scoprì la corda verde.

Il sole splendeva caldo.

All'improvviso cadde una foglia.

All'improvviso abbaiò un cane.

Era solo il postino.

Tutti tornarono contenti.

La curiosità porta a meraviglie."
716,Milo e il mistero,"Una sera Milo sentì uno strano rumore nel parco verde.

Il sole splendeva caldo.

Coraggiosamente Milo seguì il suono.

Dietro un muro Milo scoprì la piccola lanterna.

Volavano farfalle.

All'improvviso passò una farfalla danzando.

All'improvviso gracchiò una rana.

Un ramo era caduto.

Così la paura divenne coraggio.

Insieme è tutto più facile."
717,Finn e il piano,"Una sera Finn sentì uno strano rumore nel bosco vecchio.

Tutto era calmo e sereno.

Curiosamente Finn si avvicinò.

Dietro una porta Finn scoprì la bottiglia blu.

Profumava di fiori.

All'improvviso qualcuno rise.

All'improvviso qualcosa frusciò forte.

Un riccio cercava cibo.

Alla fine erano tutti felici.

Chi osa vince."
718,Nora e il viaggio,"Una sera Nora sentì uno strano rumore nel campo giallo.

Profumava di erba fresca.

Coraggiosamente Nora seguì il suono.

Dietro un cespuglio Nora scoprì la borsa gialla.

Un ruscello mormorava piano.

All'improvviso abbaiò un cane.

All'improvviso qualcuno rise.

Un gatto aveva giocato.

Così la giornata fu perfetta.

La pazienza porta fortuna."
719,Emma e il ritrovamento,"Una sera Emma sentì uno strano rumore in un piccolo villaggio.

Gli uccelli cantavano allegri.

Curiosamente Emma si avvicinò.

Dietro una pietra Emma scoprì la corda rossa.

Il cielo era azzurro.

All'improvviso bussarono.

All'improvviso cadde una stella cadente.

Era solo il gatto curioso.

Tutti risero e tornarono a casa.

Condividere fa piacere."
720,Mia e la scoperta,"Una sera Mia sentì uno strano rumore al mercato colorato.

Il cielo era azzurro.

Coraggiosamente Mia seguì il suono.

Dietro una staccionata Mia scoprì il vecchio binocolo.

Gli uccelli cantavano allegri.

All'improvviso cadde una stella cadente.

All'improvviso si alzò il vento.

L'orologio aveva suonato.

L'avventura restò indimenticabile.

Ridere aiuta sempre."
721,Anna e la gita,"Una sera Anna sentì uno strano rumore presso il vecchio pozzo.

Un ruscello mormorava piano.

Curiosamente Anna si avvicinò.

Dietro un albero Anna scoprì il coltello piccolo.

Profumava di erba fresca.

All'improvviso gracchiò una rana.

All'improvviso passò una farfalla danzando.

Il gallo aveva cantato.

Tutti applaudirono di gioia.

I veri amici aiutano sempre."
722,Milo e la gara,"Una sera Milo sentì uno strano rumore nel parco giochi.

Profumava di fiori.

Coraggiosamente Milo seguì il suono.

Dietro un muro Milo scoprì una coperta calda.

Tutto era calmo e sereno.

All'improvviso ronzò un'ape.

All'improvviso bussarono.

Il vento aveva mosso una porta.

Così l'avventura finì bene.

Il coraggio è premiato."
723,Finn e l'indovinello,"Una sera Finn sentì uno strano rumore presso il fiume azzurro.

Volavano farfalle.

Curiosamente Finn si avvicinò.

Dietro una porta Finn scoprì una mappa colorata.

Il sole splendeva caldo.

All'improvviso si alzò il vento.

All'improvviso ronzò un'ape.

Era solo il postino.

Tutti tornarono contenti.

La curiosità porta a meraviglie."
724,Nora e la sorpresa,"Una sera Nora sentì uno strano rumore nel prato verde.

Il sole splendeva caldo.

Coraggiosamente Nora seguì il suono.

Dietro un cespuglio Nora scoprì una moneta vecchia.

Volavano farfalle.

All'improvviso qualcosa frusciò forte.

All'improvviso cadde una foglia.

Un ramo era caduto.

Così la paura divenne coraggio.

Insieme è tutto più facile."
725,Emma e la grande avventura,"Una sera Emma sentì uno strano rumore presso la grande quercia.

Tutto era calmo e sereno.

Curiosamente Emma si avvicinò.

Dietro una pietra Emma scoprì la corda verde.

Profumava di fiori.

All'improvviso cadde una foglia.

All'improvviso abbaiò un cane.

Un riccio cercava cibo.

Alla fine erano tutti felici.

Chi osa vince."
726,Mia e il mistero,"Una sera Mia sentì uno strano rumore nel parco verde.

Profumava di erba fresca.

Coraggiosamente Mia seguì il suono.

Dietro una staccionata Mia scoprì la piccola lanterna.

Un ruscello mormorava piano.

All'improvviso passò una farfalla danzando.

All'improvviso gracchiò una rana.

Un gatto aveva giocato.

Così la giornata fu perfetta.

La pazienza porta fortuna."
727,La giornata più bella di Anna,"Una sera Anna sentì uno strano rumore nel bosco vecchio.

Gli uccelli cantavano allegri.

Curiosamente Anna si avvicinò.

Dietro un albero Anna scoprì la bottiglia blu.

Il cielo era azzurro.

All'improvviso qualcuno rise.

All'improvviso qualcosa frusciò forte.

Era solo il gatto curioso.

Tutti risero e tornarono a casa.

Condividere fa piacere."
728,Milo e il tesoro,"Una sera Milo sentì uno strano rumore nel campo giallo.

Il cielo era azzurro.

Coraggiosamente Milo seguì il suono.

Dietro un muro Milo scoprì la borsa gialla.

Gli uccelli cantavano allegri.

All'improvviso abbaiò un cane.

All'improvviso qualcuno rise.

L'orologio aveva suonato.

L'avventura restò indimenticabile.

Ridere aiuta sempre."
729,Finn e il mistero,"Una sera Finn sentì uno strano rumore in un piccolo villaggio.

Un ruscello mormorava piano.

Curiosamente Finn si avvicinò.

Dietro una porta Finn scoprì la corda rossa.

Profumava di erba fresca.

All'improvviso bussarono.

All'improvviso cadde una stella cadente.

Il gallo aveva cantato.

Tutti applaudirono di gioia.

I veri amici aiutano sempre."
730,Nora e il piano,"Una sera Nora sentì uno strano rumore al mercato colorato.

Profumava di fiori.

Coraggiosamente Nora seguì il suono.

Dietro un cespuglio Nora scoprì il vecchio binocolo.

Tutto era calmo e sereno.

All'improvviso cadde una stella cadente.

All'improvviso si alzò il vento.

Il vento aveva mosso una porta.

Così l'avventura finì bene.

Il coraggio è premiato."
731,Emma e il viaggio,"Una sera Emma sentì uno strano rumore presso il vecchio pozzo.

Volavano farfalle.

Curiosamente Emma si avvicinò.

Dietro una pietra Emma scoprì il coltello piccolo.

Il sole splendeva caldo.

All'improvviso gracchiò una rana.

All'improvviso passò una farfalla danzando.

Era solo il postino.

Tutti tornarono contenti.

La curiosità porta a meraviglie."
732,Mia e il ritrovamento,"Una sera Mia sentì uno strano rumore nel parco giochi.

Il sole splendeva caldo.

Coraggiosamente Mia seguì il suono.

Dietro una staccionata Mia scoprì una coperta calda.

Volavano farfalle.

All'improvviso ronzò un'ape.

All'improvviso bussarono.

Un ramo era caduto.

Così la paura divenne coraggio.

Insieme è tutto più facile."
733,Anna e la scoperta,"Una sera Anna sentì uno strano rumore presso il fiume azzurro.

Tutto era calmo e sereno.

Curiosamente Anna si avvicinò.

Dietro un albero Anna scoprì una mappa colorata.

Profumava di fiori.

All'improvviso si alzò il vento.

All'improvviso ronzò un'ape.

Un riccio cercava cibo.

Alla fine erano tutti felici.

Chi osa vince."
734,Milo e la gita,"Una sera Milo sentì uno strano rumore nel prato verde.

Profumava di erba fresca.

Coraggiosamente Milo seguì il suono.

Dietro un muro Milo scoprì una moneta vecchia.

Un ruscello mormorava piano.

All'improvviso qualcosa frusciò forte.

All'improvviso cadde una foglia.

Un gatto aveva giocato.

Così la giornata fu perfetta.

La pazienza porta fortuna."
735,Finn e la gara,"Una sera Finn sentì uno strano rumore presso la grande quercia.

Gli uccelli cantavano allegri.

Curiosamente Finn si avvicinò.

Dietro una porta Finn scoprì la corda verde.

Il cielo era azzurro.

All'improvviso cadde una foglia.

All'improvviso abbaiò un cane.

Era solo il gatto curioso.

Tutti risero e tornarono a casa.

Condividere fa piacere."
736,Nora e l'indovinello,"Una sera Nora sentì uno strano rumore nel parco verde.

Il cielo era azzurro.

Coraggiosamente Nora seguì il suono.

Dietro un cespuglio Nora scoprì la piccola lanterna.

Gli uccelli cantavano allegri.

All'improvviso passò una farfalla danzando.

All'improvviso gracchiò una rana.

L'orologio aveva suonato.

L'avventura restò indimenticabile.

Ridere aiuta sempre."
737,Emma e la sorpresa,"Una sera Emma sentì uno strano rumore nel bosco vecchio.

Un ruscello mormorava piano.

Curiosamente Emma si avvicinò.

Dietro una pietra Emma scoprì la bottiglia blu.

Profumava di erba fresca.

All'improvviso qualcuno rise.

All'improvviso qualcosa frusciò forte.

Il gallo aveva cantato.

Tutti applaudirono di gioia.

I veri amici aiutano sempre."
738,Mia e la grande avventura,"Una sera Mia sentì uno strano rumore nel campo giallo.

Profumava di fiori.

Coraggiosamente Mia seguì il suono.

Dietro una staccionata Mia scoprì la borsa gialla.

Tutto era calmo e sereno.

All'improvviso abbaiò un cane.

All'improvviso qualcuno rise.

Il vento aveva mosso una porta.

Così l'avventura finì bene.

Il coraggio è premiato."
739,Anna e il mistero,"Una sera Anna sentì uno strano rumore in un piccolo villaggio.

Volavano farfalle.

Curiosamente Anna si avvicinò.

Dietro un albero Anna scoprì la corda rossa.

Il sole splendeva caldo.

All'improvviso bussarono.

All'improvviso cadde una stella cadente.

Era solo il postino.

Tutti tornarono contenti.

La curiosità porta a meraviglie."
740,La giornata più bella di Milo,"Una sera Milo sentì uno strano rumore al mercato colorato.

Il sole splendeva caldo.

Coraggiosamente Milo seguì il suono.

Dietro un muro Milo scoprì il vecchio binocolo.

Volavano farfalle.

All'improvviso cadde una stella cadente.

All'improvviso si alzò il vento.

Un ramo era caduto.

Così la paura divenne coraggio.

Insieme è tutto più facile."
741,Finn e il tesoro,"Una sera Finn sentì uno strano rumore presso il vecchio pozzo.

Tutto era calmo e sereno.

Curiosamente Finn si avvicinò.

Dietro una porta Finn scoprì il coltello piccolo.

Profumava di fiori.

All'improvviso gracchiò una rana.

All'improvviso passò una farfalla danzando.

Un riccio cercava cibo.

Alla fine erano tutti felici.

Chi osa vince."
742,Nora e il mistero,"Una sera Nora sentì uno strano rumore nel parco giochi.

Profumava di erba fresca.

Coraggiosamente Nora seguì il suono.

Dietro un cespuglio Nora scoprì una coperta calda.

Un ruscello mormorava piano.

All'improvviso ronzò un'ape.

All'improvviso bussarono.

Un gatto aveva giocato.

Così la giornata fu perfetta.

La pazienza porta fortuna."
743,Emma e il piano,"Una sera Emma sentì uno strano rumore presso il fiume azzurro.

Gli uccelli cantavano allegri.

Curiosamente Emma si avvicinò.

Dietro una pietra Emma scoprì una mappa colorata.

Il cielo era azzurro.

All'improvviso si alzò il vento.

All'improvviso ronzò un'ape.

Era solo il gatto curioso.

Tutti risero e tornarono a casa.

Condividere fa piacere."
744,Mia e il viaggio,"Una sera Mia sentì uno strano rumore nel prato verde.

Il cielo era azzurro.

Coraggiosamente Mia seguì il suono.

Dietro una staccionata Mia scoprì una moneta vecchia.

Gli uccelli cantavano allegri.

All'improvviso qualcosa frusciò forte.

All'improvviso cadde una foglia.

L'orologio aveva suonato.

L'avventura restò indimenticabile.

Ridere aiuta sempre."
745,Anna e il ritrovamento,"Una sera Anna sentì uno strano rumore presso la grande quercia.

Un ruscello mormorava piano.

Curiosamente Anna si avvicinò.

Dietro un albero Anna scoprì la corda verde.

Profumava di erba fresca.

All'improvviso cadde una foglia.

All'improvviso abbaiò un cane.

Il gallo aveva cantato.

Tutti applaudirono di gioia.

I veri amici aiutano sempre."
746,Milo e la scoperta,"Una sera Milo sentì uno strano rumore nel parco verde.

Profumava di fiori.

Coraggiosamente Milo seguì il suono.

Dietro un muro Milo scoprì la piccola lanterna.

Tutto era calmo e sereno.

All'improvviso passò una farfalla danzando.

All'improvviso gracchiò una rana.

Il vento aveva mosso una porta.

Così l'avventura finì bene.

Il coraggio è premiato."
747,Finn e la gita,"Una sera Finn sentì uno strano rumore nel bosco vecchio.

Volavano farfalle.

Curiosamente Finn si avvicinò.

Dietro una porta Finn scoprì la bottiglia blu.

Il sole splendeva caldo.

All'improvviso qualcuno rise.

All'improvviso qualcosa frusciò forte.

Era solo il postino.

Tutti tornarono contenti.

La curiosità porta a meraviglie."
748,Nora e la gara,"Una sera Nora sentì uno strano rumore nel campo giallo.

Il sole splendeva caldo.

Coraggiosamente Nora seguì il suono.

Dietro un cespuglio Nora scoprì la borsa gialla.

Volavano farfalle.

All'improvviso abbaiò un cane.

All'improvviso qualcuno rise.

Un ramo era caduto.

Così la paura divenne coraggio.

Insieme è tutto più facile."
749,Emma e l'indovinello,"Una sera Emma sentì uno strano rumore in un piccolo villaggio.

Tutto era calmo e sereno.

Curiosamente Emma si avvicinò.

Dietro una pietra Emma scoprì la corda rossa.

Profumava di fiori.

All'improvviso bussarono.

All'improvviso cadde una stella cadente.

Un riccio cercava cibo.

Alla fine erano tutti felici.

Chi osa vince."
750,Mia e la sorpresa,"Una sera Mia sentì uno strano rumore al mercato colorato.

Profumava di erba fresca.

Coraggiosamente Mia seguì il suono.

Dietro una staccionata Mia scoprì il vecchio binocolo.

Un ruscello mormorava piano.

All'improvviso cadde una stella cadente.

All'improvviso si alzò il vento.

Un gatto aveva giocato.

Così la giornata fu perfetta.

La pazienza porta fortuna."
751,Anna e la grande avventura,"Una sera Anna sentì uno strano rumore presso il vecchio pozzo.

Gli uccelli cantavano allegri.

Curiosamente Anna si avvicinò.

Dietro un albero Anna scoprì il coltello piccolo.

Il cielo era azzurro.

All'improvviso gracchiò una rana.

All'improvviso passò una farfalla danzando.

Era solo il gatto curioso.

Tutti risero e tornarono a casa.

Condividere fa piacere."
752,Milo e il mistero,"Una sera Milo sentì uno strano rumore nel parco giochi.

Il cielo era azzurro.

Coraggiosamente Milo seguì il suono.

Dietro un muro Milo scoprì una coperta calda.

Gli uccelli cantavano allegri.

All'improvviso ronzò un'ape.

All'improvviso bussarono.

L'orologio aveva suonato.

L'avventura restò indimenticabile.

Ridere aiuta sempre."
753,La giornata più bella di Finn,"Una sera Finn sentì uno strano rumore presso il fiume azzurro.

Un ruscello mormorava piano.

Curiosamente Finn si avvicinò.

Dietro una porta Finn scoprì una mappa colorata.

Profumava di erba fresca.

All'improvviso si alzò il vento.

All'improvviso ronzò un'ape.

Il gallo aveva cantato.

Tutti applaudirono di gioia.

I veri amici aiutano sempre."
754,Nora e il tesoro,"Una sera Nora sentì uno strano rumore nel prato verde.

Profumava di fiori.

Coraggiosamente Nora seguì il suono.

Dietro un cespuglio Nora scoprì una moneta vecchia.

Tutto era calmo e sereno.

All'improvviso qualcosa frusciò forte.

All'improvviso cadde una foglia.

Il vento aveva mosso una porta.

Così l'avventura finì bene.

Il coraggio è premiato."
755,Emma e il mistero,"Una sera Emma sentì uno strano rumore presso la grande quercia.

Volavano farfalle.

Curiosamente Emma si avvicinò.

Dietro una pietra Emma scoprì la corda verde.

Il sole splendeva caldo.

All'improvviso cadde una foglia.

All'improvviso abbaiò un cane.

Era solo il postino.

Tutti tornarono contenti.

La curiosità porta a meraviglie."
756,Mia e il piano,"Una sera Mia sentì uno strano rumore nel parco verde.

Il sole splendeva caldo.

Coraggiosamente Mia seguì il suono.

Dietro una staccionata Mia scoprì la piccola lanterna.

Volavano farfalle.

All'improvviso passò una farfalla danzando.

All'improvviso gracchiò una rana.

Un ramo era caduto.

Così la paura divenne coraggio.

Insieme è tutto più facile."
757,Anna e il viaggio,"Una sera Anna sentì uno strano rumore nel bosco vecchio.

Tutto era calmo e sereno.

Curiosamente Anna si avvicinò.

Dietro un albero Anna scoprì la bottiglia blu.

Profumava di fiori.

All'improvviso qualcuno rise.

All'improvviso qualcosa frusciò forte.

Un riccio cercava cibo.

Alla fine erano tutti felici.

Chi osa vince."
758,Milo e il ritrovamento,"Una sera Milo sentì uno strano rumore nel campo giallo.

Profumava di erba fresca.

Coraggiosamente Milo seguì il suono.

Dietro un muro Milo scoprì la borsa gialla.

Un ruscello mormorava piano.

All'improvviso abbaiò un cane.

All'improvviso qualcuno rise.

Un gatto aveva giocato.

Così la giornata fu perfetta.

La pazienza porta fortuna."
759,Finn e la scoperta,"Una sera Finn sentì uno strano rumore in un piccolo villaggio.

Gli uccelli cantavano allegri.

Curiosamente Finn si avvicinò.

Dietro una porta Finn scoprì la corda rossa.

Il cielo era azzurro.

All'improvviso bussarono.

All'improvviso cadde una stella cadente.

Era solo il gatto curioso.

Tutti risero e tornarono a casa.

Condividere fa piacere."
760,Nora e la gita,"Una sera Nora sentì uno strano rumore al mercato colorato.

Il cielo era azzurro.

Coraggiosamente Nora seguì il suono.

Dietro un cespuglio Nora scoprì il vecchio binocolo.

Gli uccelli cantavano allegri.

All'improvviso cadde una stella cadente.

All'improvviso si alzò il vento.

L'orologio aveva suonato.

L'avventura restò indimenticabile.

Ridere aiuta sempre."
761,Emma e la gara,"Una sera Emma sentì uno strano rumore presso il vecchio pozzo.

Un ruscello mormorava piano.

Curiosamente Emma si avvicinò.

Dietro una pietra Emma scoprì il coltello piccolo.

Profumava di erba fresca.

All'improvviso gracchiò una rana.

All'improvviso passò una farfalla danzando.

Il gallo aveva cantato.

Tutti applaudirono di gioia.

I veri amici aiutano sempre."
762,Mia e l'indovinello,"Una sera Mia sentì uno strano rumore nel parco giochi.

Profumava di fiori.

Coraggiosamente Mia seguì il suono.

Dietro una staccionata Mia scoprì una coperta calda.

Tutto era calmo e sereno.

All'improvviso ronzò un'ape.

All'improvviso bussarono.

Il vento aveva mosso una porta.

Così l'avventura finì bene.

Il coraggio è premiato."
763,Anna e la sorpresa,"Una sera Anna sentì uno strano rumore presso il fiume azzurro.

Volavano farfalle.

Curiosamente Anna si avvicinò.

Dietro un albero Anna scoprì una mappa colorata.

Il sole splendeva caldo.

All'improvviso si alzò il vento.

All'improvviso ronzò un'ape.

Era solo il postino.

Tutti tornarono contenti.

La curiosità porta a meraviglie."
764,Milo e la grande avventura,"Una sera Milo sentì uno strano rumore nel prato verde.

Il sole splendeva caldo.

Coraggiosamente Milo seguì il suono.

Dietro un muro Milo scoprì una moneta vecchia.

Volavano farfalle.

All'improvviso qualcosa frusciò forte.

All'improvviso cadde una foglia.

Un ramo era caduto.

Così la paura divenne coraggio.

Insieme è tutto più facile."
765,Finn e il mistero,"Una sera Finn sentì uno strano rumore presso la grande quercia.

Tutto era calmo e sereno.

Curiosamente Finn si avvicinò.

Dietro una porta Finn scoprì la corda verde.

Profumava di fiori.

All'improvviso cadde una foglia.

All'improvviso abbaiò un cane.

Un riccio cercava cibo.

Alla fine erano tutti felici.

Chi osa vince."
766,La giornata più bella di Nora,"Una sera Nora sentì uno strano rumore nel parco verde.

Profumava di erba fresca.

Coraggiosamente Nora seguì il suono.

Dietro un cespuglio Nora scoprì la piccola lanterna.

Un ruscello mormorava piano.

All'improvviso passò una farfalla danzando.

All'improvviso gracchiò una rana.

Un gatto aveva giocato.

Così la giornata fu perfetta.

La pazienza porta fortuna."
767,Emma e il tesoro,"Una sera Emma sentì uno strano rumore nel bosco vecchio.

Gli uccelli cantavano allegri.

Curiosamente Emma si avvicinò.

Dietro una pietra Emma scoprì la bottiglia blu.

Il cielo era azzurro.

All'improvviso qualcuno rise.

All'improvviso qualcosa frusciò forte.

Era solo il gatto curioso.

Tutti risero e tornarono a casa.

Condividere fa piacere."
768,Mia e il mistero,"Una sera Mia sentì uno strano rumore nel campo giallo.

Il cielo era azzurro.

Coraggiosamente Mia seguì il suono.

Dietro una staccionata Mia scoprì la borsa gialla.

Gli uccelli cantavano allegri.

All'improvviso abbaiò un cane.

All'improvviso qualcuno rise.

L'orologio aveva suonato.

L'avventura restò indimenticabile.

Ridere aiuta sempre."
769,Anna e il piano,"Una sera Anna sentì uno strano rumore in un piccolo villaggio.

Un ruscello mormorava piano.

Curiosamente Anna si avvicinò.

Dietro un albero Anna scoprì la corda rossa.

Profumava di erba fresca.

All'improvviso bussarono.

All'improvviso cadde una stella cadente.

Il gallo aveva cantato.

Tutti applaudirono di gioia.

I veri amici aiutano sempre."
770,Milo e il viaggio,"Una sera Milo sentì uno strano rumore al mercato colorato.

Profumava di fiori.

Coraggiosamente Milo seguì il suono.

Dietro un muro Milo scoprì il vecchio binocolo.

Tutto era calmo e sereno.

All'improvviso cadde una stella cadente.

All'improvviso si alzò il vento.

Il vento aveva mosso una porta.

Così l'avventura finì bene.

Il coraggio è premiato."
771,Finn e il ritrovamento,"Una sera Finn sentì uno strano rumore presso il vecchio pozzo.

Volavano farfalle.

Curiosamente Finn si avvicinò.

Dietro una porta Finn scoprì il coltello piccolo.

Il sole splendeva caldo.

All'improvviso gracchiò una rana.

All'improvviso passò una farfalla danzando.

Era solo il postino.

Tutti tornarono contenti.

La curiosità porta a meraviglie."
772,Nora e la scoperta,"Una sera Nora sentì uno strano rumore nel parco giochi.

Il sole splendeva caldo.

Coraggiosamente Nora seguì il suono.

Dietro un cespuglio Nora scoprì una coperta calda.

Volavano farfalle.

All'improvviso ronzò un'ape.

All'improvviso bussarono.

Un ramo era caduto.

Così la paura divenne coraggio.

Insieme è tutto più facile."
773,Emma e la gita,"Una sera Emma sentì uno strano rumore presso il fiume azzurro.

Tutto era calmo e sereno.

Curiosamente Emma si avvicinò.

Dietro una pietra Emma scoprì una mappa colorata.

Profumava di fiori.

All'improvviso si alzò il vento.

All'improvviso ronzò un'ape.

Un riccio cercava cibo.

Alla fine erano tutti felici.

Chi osa vince."
774,Mia e la gara,"Una sera Mia sentì uno strano rumore nel prato verde.

Profumava di erba fresca.

Coraggiosamente Mia seguì il suono.

Dietro una staccionata Mia scoprì una moneta vecchia.

Un ruscello mormorava piano.

All'improvviso qualcosa frusciò forte.

All'improvviso cadde una foglia.

Un gatto aveva giocato.

Così la giornata fu perfetta.

La pazienza porta fortuna."
775,Anna e l'indovinello,"Una sera Anna sentì uno strano rumore presso la grande quercia.

Gli uccelli cantavano allegri.

Curiosamente Anna si avvicinò.

Dietro un albero Anna scoprì la corda verde.

Il cielo era azzurro.

All'improvviso cadde una foglia.

All'improvviso abbaiò un cane.

Era solo il gatto curioso.

Tutti risero e tornarono a casa.

Condividere fa piacere."
776,Milo e la sorpresa,"Una sera Milo sentì uno strano rumore nel parco verde.

Il cielo era azzurro.

Coraggiosamente Milo seguì il suono.

Dietro un muro Milo scoprì la piccola lanterna.

Gli uccelli cantavano allegri.

All'improvviso passò una farfalla danzando.

All'improvviso gracchiò una rana.

L'orologio aveva suonato.

L'avventura restò indimenticabile.

Ridere aiuta sempre."
777,Finn e la grande avventura,"Una sera Finn sentì uno strano rumore nel bosco vecchio.

Un ruscello mormorava piano.

Curiosamente Finn si avvicinò.

Dietro una porta Finn scoprì la bottiglia blu.

Profumava di erba fresca.

All'improvviso qualcuno rise.

All'improvviso qualcosa frusciò forte.

Il gallo aveva cantato.

Tutti applaudirono di gioia.

I veri amici aiutano sempre."
778,Nora e il mistero,"Una sera Nora sentì uno strano rumore nel campo giallo.

Profumava di fiori.

Coraggiosamente Nora seguì il suono.

Dietro un cespuglio Nora scoprì la borsa gialla.

Tutto era calmo e sereno.

All'improvviso abbaiò un cane.

All'improvviso qualcuno rise.

Il vento aveva mosso una porta.

Così l'avventura finì bene.

Il coraggio è premiato."
779,La giornata più bella di Emma,"Una sera Emma sentì uno strano rumore in un piccolo villaggio.

Volavano farfalle.

Curiosamente Emma si avvicinò.

Dietro una pietra Emma scoprì la corda rossa.

Il sole splendeva caldo.

All'improvviso bussarono.

All'improvviso cadde una stella cadente.

Era solo il postino.

Tutti tornarono contenti.

La curiosità porta a meraviglie."
780,Mia e il tesoro,"Una sera Mia sentì uno strano rumore al mercato colorato.

Il sole splendeva caldo.

Coraggiosamente Mia seguì il suono.

Dietro una staccionata Mia scoprì il vecchio binocolo.

Volavano farfalle.

All'improvviso cadde una stella cadente.

All'improvviso si alzò il vento.

Un ramo era caduto.

Così la paura divenne coraggio.

Insieme è tutto più facile."
781,Anna e il mistero,"Una sera Anna sentì uno strano rumore presso il vecchio pozzo.

Tutto era calmo e sereno.

Curiosamente Anna si avvicinò.

Dietro un albero Anna scoprì il coltello piccolo.

Profumava di fiori.

All'improvviso gracchiò una rana.

All'improvviso passò una farfalla danzando.

Un riccio cercava cibo.

Alla fine erano tutti felici.

Chi osa vince."
782,Milo e il piano,"Una sera Milo sentì uno strano rumore nel parco giochi.

Profumava di erba fresca.

Coraggiosamente Milo seguì il suono.

Dietro un muro Milo scoprì una coperta calda.

Un ruscello mormorava piano.

All'improvviso ronzò un'ape.

All'improvviso bussarono.

Un gatto aveva giocato.

Così la giornata fu perfetta.

La pazienza porta fortuna."
783,Finn e il viaggio,"Una sera Finn sentì uno strano rumore presso il fiume azzurro.

Gli uccelli cantavano allegri.

Curiosamente Finn si avvicinò.

Dietro una porta Finn scoprì una mappa colorata.

Il cielo era azzurro.

All'improvviso si alzò il vento.

All'improvviso ronzò un'ape.

Era solo il gatto curioso.

Tutti risero e tornarono a casa.

Condividere fa piacere."
784,Nora e il ritrovamento,"Una sera Nora sentì uno strano rumore nel prato verde.

Il cielo era azzurro.

Coraggiosamente Nora seguì il suono.

Dietro un cespuglio Nora scoprì una moneta vecchia.

Gli uccelli cantavano allegri.

All'improvviso qualcosa frusciò forte.

All'improvviso cadde una foglia.

L'orologio aveva suonato.

L'avventura restò indimenticabile.

Ridere aiuta sempre."
785,Emma e la scoperta,"Una sera Emma sentì uno strano rumore presso la grande quercia.

Un ruscello mormorava piano.

Curiosamente Emma si avvicinò.

Dietro una pietra Emma scoprì la corda verde.

Profumava di erba fresca.

All'improvviso cadde una foglia.

All'improvviso abbaiò un cane.

Il gallo aveva cantato.

Tutti applaudirono di gioia.

I veri amici aiutano sempre."
786,Mia e la gita,"Una sera Mia sentì uno strano rumore nel parco verde.

Profumava di fiori.

Coraggiosamente Mia seguì il suono.

Dietro una staccionata Mia scoprì la piccola lanterna.

Tutto era calmo e sereno.

All'improvviso passò una farfalla danzando.

All'improvviso gracchiò una rana.

Il vento aveva mosso una porta.

Così l'avventura finì bene.

Il coraggio è premiato."
787,Anna e la gara,"Una sera Anna sentì uno strano rumore nel bosco vecchio.

Volavano farfalle.

Curiosamente Anna si avvicinò.

Dietro un albero Anna scoprì la bottiglia blu.

Il sole splendeva caldo.

All'improvviso qualcuno rise.

All'improvviso qualcosa frusciò forte.

Era solo il postino.

Tutti tornarono contenti.

La curiosità porta a meraviglie."
788,Milo e l'indovinello,"Una sera Milo sentì uno strano rumore nel campo giallo.

Il sole splendeva caldo.

Coraggiosamente Milo seguì il suono.

Dietro un muro Milo scoprì la borsa gialla.

Volavano farfalle.

All'improvviso abbaiò un cane.

All'improvviso qualcuno rise.

Un ramo era caduto.

Così la paura divenne coraggio.

Insieme è tutto più facile."
789,Finn e la sorpresa,"Una sera Finn sentì uno strano rumore in un piccolo villaggio.

Tutto era calmo e sereno.

Curiosamente Finn si avvicinò.

Dietro una porta Finn scoprì la corda rossa.

Profumava di fiori.

All'improvviso bussarono.

All'improvviso cadde una stella cadente.

Un riccio cercava cibo.

Alla fine erano tutti felici.

Chi osa vince."
790,Nora e la grande avventura,"Una sera Nora sentì uno strano rumore al mercato colorato.

Profumava di erba fresca.

Coraggiosamente Nora seguì il suono.

Dietro un cespuglio Nora scoprì il vecchio binocolo.

Un ruscello mormorava piano.

All'improvviso cadde una stella cadente.

All'improvviso si alzò il vento.

Un gatto aveva giocato.

Così la giornata fu perfetta.

La pazienza porta fortuna."
791,Emma e il mistero,"Una sera Emma sentì uno strano rumore presso il vecchio pozzo.

Gli uccelli cantavano allegri.

Curiosamente Emma si avvicinò.

Dietro una pietra Emma scoprì il coltello piccolo.

Il cielo era azzurro.

All'improvviso gracchiò una rana.

All'improvviso passò una farfalla danzando.

Era solo il gatto curioso.

Tutti risero e tornarono a casa.

Condividere fa piacere."
792,La giornata più bella di Mia,"Una sera Mia sentì uno strano rumore nel parco giochi.

Il cielo era azzurro.

Coraggiosamente Mia seguì il suono.

Dietro una staccionata Mia scoprì una coperta calda.

Gli uccelli cantavano allegri.

All'improvviso ronzò un'ape.

All'improvviso bussarono.

L'orologio aveva suonato.

L'avventura restò indimenticabile.

Ridere aiuta sempre."
793,Anna e il tesoro,"Una sera Anna sentì uno strano rumore presso il fiume azzurro.

Un ruscello mormorava piano.

Curiosamente Anna si avvicinò.

Dietro un albero Anna scoprì una mappa colorata.

Profumava di erba fresca.

All'improvviso si alzò il vento.

All'improvviso ronzò un'ape.

Il gallo aveva cantato.

Tutti applaudirono di gioia.

I veri amici aiutano sempre."
794,Milo e il mistero,"Una sera Milo sentì uno strano rumore nel prato verde.

Profumava di fiori.

Coraggiosamente Milo seguì il suono.

Dietro un muro Milo scoprì una moneta vecchia.

Tutto era calmo e sereno.

All'improvviso qualcosa frusciò forte.

All'improvviso cadde una foglia.

Il vento aveva mosso una porta.

Così l'avventura finì bene.

Il coraggio è premiato."
795,Finn e il piano,"Una sera Finn sentì uno strano rumore presso la grande quercia.

Volavano farfalle.

Curiosamente Finn si avvicinò.

Dietro una porta Finn scoprì la corda verde.

Il sole splendeva caldo.

All'improvviso cadde una foglia.

All'improvviso abbaiò un cane.

Era solo il postino.

Tutti tornarono contenti.

La curiosità porta a meraviglie."
796,Nora e il viaggio,"Una sera Nora sentì uno strano rumore nel parco verde.

Il sole splendeva caldo.

Coraggiosamente Nora seguì il suono.

Dietro un cespuglio Nora scoprì la piccola lanterna.

Volavano farfalle.

All'improvviso passò una farfalla danzando.

All'improvviso gracchiò una rana.

Un ramo era caduto.

Così la paura divenne coraggio.

Insieme è tutto più facile."
797,Emma e il ritrovamento,"Una sera Emma sentì uno strano rumore nel bosco vecchio.

Tutto era calmo e sereno.

Curiosamente Emma si avvicinò.

Dietro una pietra Emma scoprì la bottiglia blu.

Profumava di fiori.

All'improvviso qualcuno rise.

All'improvviso qualcosa frusciò forte.

Un riccio cercava cibo.

Alla fine erano tutti felici.

Chi osa vince."
798,Mia e la scoperta,"Una sera Mia sentì uno strano rumore nel campo giallo.

Profumava di erba fresca.

Coraggiosamente Mia seguì il suono.

Dietro una staccionata Mia scoprì la borsa gialla.

Un ruscello mormorava piano.

All'improvviso abbaiò un cane.

All'improvviso qualcuno rise.

Un gatto aveva giocato.

Così la giornata fu perfetta.

La pazienza porta fortuna."
799,Anna e la gita,"Una sera Anna sentì uno strano rumore in un piccolo villaggio.

Gli uccelli cantavano allegri.

Curiosamente Anna si avvicinò.

Dietro un albero Anna scoprì la corda rossa.

Il cielo era azzurro.

All'improvviso bussarono.

All'improvviso cadde una stella cadente.

Era solo il gatto curioso.

Tutti risero e tornarono a casa.

Condividere fa piacere."
800,Milo e la gara,"Una sera Milo sentì uno strano rumore al mercato colorato.

Il cielo era azzurro.

Coraggiosamente Milo seguì il suono.

Dietro un muro Milo scoprì il vecchio binocolo.

Gli uccelli cantavano allegri.

All'improvviso cadde una stella cadente.

All'improvviso si alzò il vento.

L'orologio aveva suonato.

L'avventura restò indimenticabile.

Ridere aiuta sempre."
801,Finn e l'indovinello,"Una sera Finn sentì uno strano rumore presso il vecchio pozzo.

Un ruscello mormorava piano.

Curiosamente Finn si avvicinò.

Dietro una porta Finn scoprì il coltello piccolo.

Profumava di erba fresca.

All'improvviso gracchiò una rana.

All'improvviso passò una farfalla danzando.

Il gallo aveva cantato.

Tutti applaudirono di gioia.

I veri amici aiutano sempre."
802,Nora e la sorpresa,"Una sera Nora sentì uno strano rumore nel parco giochi.

Profumava di fiori.

Coraggiosamente Nora seguì il suono.

Dietro un cespuglio Nora scoprì una coperta calda.

Tutto era calmo e sereno.

All'improvviso ronzò un'ape.

All'improvviso bussarono.

Il vento aveva mosso una porta.

Così l'avventura finì bene.

Il coraggio è premiato."
803,Emma e la grande avventura,"Una sera Emma sentì uno strano rumore presso il fiume azzurro.

Volavano farfalle.

Curiosamente Emma si avvicinò.

Dietro una pietra Emma scoprì una mappa colorata.

Il sole splendeva caldo.

All'improvviso si alzò il vento.

All'improvviso ronzò un'ape.

Era solo il postino.

Tutti tornarono contenti.

La curiosità porta a meraviglie."
804,Mia e il mistero,"Una sera Mia sentì uno strano rumore nel prato verde.

Il sole splendeva caldo.

Coraggiosamente Mia seguì il suono.

Dietro una staccionata Mia scoprì una moneta vecchia.

Volavano farfalle.

All'improvviso qualcosa frusciò forte.

All'improvviso cadde una foglia.

Un ramo era caduto.

Così la paura divenne coraggio.

Insieme è tutto più facile."
805,La giornata più bella di Anna,"Una sera Anna sentì uno strano rumore presso la grande quercia.

Tutto era calmo e sereno.

Curiosamente Anna si avvicinò.

Dietro un albero Anna scoprì la corda verde.

Profumava di fiori.

All'improvviso cadde una foglia.

All'improvviso abbaiò un cane.

Un riccio cercava cibo.

Alla fine erano tutti felici.

Chi osa vince."
806,Milo e il tesoro,"Una sera Milo sentì uno strano rumore nel parco verde.

Profumava di erba fresca.

Coraggiosamente Milo seguì il suono.

Dietro un muro Milo scoprì la piccola lanterna.

Un ruscello mormorava piano.

All'improvviso passò una farfalla danzando.

All'improvviso gracchiò una rana.

Un gatto aveva giocato.

Così la giornata fu perfetta.

La pazienza porta fortuna."
807,Finn e il mistero,"Una sera Finn sentì uno strano rumore nel bosco vecchio.

Gli uccelli cantavano allegri.

Curiosamente Finn si avvicinò.

Dietro una porta Finn scoprì la bottiglia blu.

Il cielo era azzurro.

All'improvviso qualcuno rise.

All'improvviso qualcosa frusciò forte.

Era solo il gatto curioso.

Tutti risero e tornarono a casa.

Condividere fa piacere."
808,Nora e il piano,"Una sera Nora sentì uno strano rumore nel campo giallo.

Il cielo era azzurro.

Coraggiosamente Nora seguì il suono.

Dietro un cespuglio Nora scoprì la borsa gialla.

Gli uccelli cantavano allegri.

All'improvviso abbaiò un cane.

All'improvviso qualcuno rise.

L'orologio aveva suonato.

L'avventura restò indimenticabile.

Ridere aiuta sempre."
809,Emma e il viaggio,"Una sera Emma sentì uno strano rumore in un piccolo villaggio.

Un ruscello mormorava piano.

Curiosamente Emma si avvicinò.

Dietro una pietra Emma scoprì la corda rossa.

Profumava di erba fresca.

All'improvviso bussarono.

All'improvviso cadde una stella cadente.

Il gallo aveva cantato.

Tutti applaudirono di gioia.

I veri amici aiutano sempre."
810,Mia e il ritrovamento,"Una sera Mia sentì uno strano rumore al mercato colorato.

Profumava di fiori.

Coraggiosamente Mia seguì il suono.

Dietro una staccionata Mia scoprì il vecchio binocolo.

Tutto era calmo e sereno.

All'improvviso cadde una stella cadente.

All'improvviso si alzò il vento.

Il vento aveva mosso una porta.

Così l'avventura finì bene.

Il coraggio è premiato."
811,Anna e la scoperta,"Una sera Anna sentì uno strano rumore presso il vecchio pozzo.

Volavano farfalle.

Curiosamente Anna si avvicinò.

Dietro un albero Anna scoprì il coltello piccolo.

Il sole splendeva caldo.

All'improvviso gracchiò una rana.

All'improvviso passò una farfalla danzando.

Era solo il postino.

Tutti tornarono contenti.

La curiosità porta a meraviglie."
812,Milo e la gita,"Una sera Milo sentì uno strano rumore nel parco giochi.

Il sole splendeva caldo.

Coraggiosamente Milo seguì il suono.

Dietro un muro Milo scoprì una coperta calda.

Volavano farfalle.

All'improvviso ronzò un'ape.

All'improvviso bussarono.

Un ramo era caduto.

Così la paura divenne coraggio.

Insieme è tutto più facile."
813,Finn e la gara,"Una sera Finn sentì uno strano rumore presso il fiume azzurro.

Tutto era calmo e sereno.

Curiosamente Finn si avvicinò.

Dietro una porta Finn scoprì una mappa colorata.

Profumava di fiori.

All'improvviso si alzò il vento.

All'improvviso ronzò un'ape.

Un riccio cercava cibo.

Alla fine erano tutti felici.

Chi osa vince."
814,Nora e l'indovinello,"Una sera Nora sentì uno strano rumore nel prato verde.

Profumava di erba fresca.

Coraggiosamente Nora seguì il suono.

Dietro un cespuglio Nora scoprì una moneta vecchia.

Un ruscello mormorava piano.

All'improvviso qualcosa frusciò forte.

All'improvviso cadde una foglia.

Un gatto aveva giocato.

Così la giornata fu perfetta.

La pazienza porta fortuna."
815,Emma e la sorpresa,"Una sera Emma sentì uno strano rumore presso la grande quercia.

Gli uccelli cantavano allegri.

Curiosamente Emma si avvicinò.

Dietro una pietra Emma scoprì la corda verde.

Il cielo era azzurro.

All'improvviso cadde una foglia.

All'improvviso abbaiò un cane.

Era solo il gatto curioso.

Tutti risero e tornarono a casa.

Condividere fa piacere."
816,Mia e la grande avventura,"Una sera Mia sentì uno strano rumore nel parco verde.

Il cielo era azzurro.

Coraggiosamente Mia seguì il suono.

Dietro una staccionata Mia scoprì la piccola lanterna.

Gli uccelli cantavano allegri.

All'improvviso passò una farfalla danzando.

All'improvviso gracchiò una rana.

L'orologio aveva suonato.

L'avventura restò indimenticabile.

Ridere aiuta sempre."
817,Anna e il mistero,"Una sera Anna sentì uno strano rumore nel bosco vecchio.

Un ruscello mormorava piano.

Curiosamente Anna si avvicinò.

Dietro un albero Anna scoprì la bottiglia blu.

Profumava di erba fresca.

All'improvviso qualcuno rise.

All'improvviso qualcosa frusciò forte.

Il gallo aveva cantato.

Tutti applaudirono di gioia.

I veri amici aiutano sempre."
818,La giornata più bella di Milo,"Una sera Milo sentì uno strano rumore nel campo giallo.

Profumava di fiori.

Coraggiosamente Milo seguì il suono.

Dietro un muro Milo scoprì la borsa gialla.

Tutto era calmo e sereno.

All'improvviso abbaiò un cane.

All'improvviso qualcuno rise.

Il vento aveva mosso una porta.

Così l'avventura finì bene.

Il coraggio è premiato."
819,Finn e il tesoro,"Una sera Finn sentì uno strano rumore in un piccolo villaggio.

Volavano farfalle.

Curiosamente Finn si avvicinò.

Dietro una porta Finn scoprì la corda rossa.

Il sole splendeva caldo.

All'improvviso bussarono.

All'improvviso cadde una stella cadente.

Era solo il postino.

Tutti tornarono contenti.

La curiosità porta a meraviglie."
820,Nora e il mistero,"Una sera Nora sentì uno strano rumore al mercato colorato.

Il sole splendeva caldo.

Coraggiosamente Nora seguì il suono.

Dietro un cespuglio Nora scoprì il vecchio binocolo.

Volavano farfalle.

All'improvviso cadde una stella cadente.

All'improvviso si alzò il vento.

Un ramo era caduto.

Così la paura divenne coraggio.

Insieme è tutto più facile."
821,Nora e il piano,"Una sera Nora sentì uno strano rumore nel bosco vecchio.

Gli uccelli cantavano allegri.

Coraggiosamente Nora seguì il suono.

Dietro una porta Nora scoprì una mappa colorata.

Profumava di erba fresca.

All'improvviso si alzò il vento.

All'improvviso passò una farfalla danzando.

Era solo il gatto curioso.

Tutti applaudirono di gioia.

Chi osa vince."
822,Emma e il viaggio,"Una sera Emma sentì uno strano rumore nel campo giallo.

Il cielo era azzurro.

Curiosamente Emma si avvicinò.

Dietro un cespuglio Emma scoprì una moneta vecchia.

Tutto era calmo e sereno.

All'improvviso qualcosa frusciò forte.

All'improvviso bussarono.

L'orologio aveva suonato.

Così l'avventura finì bene.

La pazienza porta fortuna."
823,Mia e il ritrovamento,"Una sera Mia sentì uno strano rumore in un piccolo villaggio.

Un ruscello mormorava piano.

Coraggiosamente Mia seguì il suono.

Dietro una pietra Mia scoprì la corda verde.

Il sole splendeva caldo.

All'improvviso cadde una foglia.

All'improvviso ronzò un'ape.

Il gallo aveva cantato.

Tutti tornarono contenti.

Condividere fa piacere."
824,Anna e la scoperta,"Una sera Anna sentì uno strano rumore al mercato colorato.

Profumava di fiori.

Curiosamente Anna si avvicinò.

Dietro una staccionata Anna scoprì la piccola lanterna.

Volavano farfalle.

All'improvviso passò una farfalla danzando.

All'improvviso cadde una foglia.

Il vento aveva mosso una porta.

Così la paura divenne coraggio.

Ridere aiuta sempre."
825,Milo e la gita,"Una sera Milo sentì uno strano rumore presso il vecchio pozzo.

Volavano farfalle.

Coraggiosamente Milo seguì il suono.

Dietro un albero Milo scoprì la bottiglia blu.

Profumava di fiori.

All'improvviso qualcuno rise.

All'improvviso abbaiò un cane.

Era solo il postino.

Alla fine erano tutti felici.

I veri amici aiutano sempre."
826,Finn e la gara,"Una sera Finn sentì uno strano rumore nel parco giochi.

Il sole splendeva caldo.

Curiosamente Finn si avvicinò.

Dietro un muro Finn scoprì la borsa gialla.

Un ruscello mormorava piano.

All'improvviso abbaiò un cane.

All'improvviso gracchiò una rana.

Un ramo era caduto.

Così la giornata fu perfetta.

Il coraggio è premiato."
827,Nora e l'indovinello,"Una sera Nora sentì uno strano rumore presso il fiume azzurro.

Tutto era calmo e sereno.

Coraggiosamente Nora seguì il suono.

Dietro una porta Nora scoprì la corda rossa.

Il cielo era azzurro.

All'improvviso bussarono.

All'improvviso qualcosa frusciò forte.

Un riccio cercava cibo.

Tutti risero e tornarono a casa.

La curiosità porta a meraviglie."
828,Emma e la sorpresa,"Una sera Emma sentì uno strano rumore nel prato verde.

Profumava di erba fresca.

Curiosamente Emma si avvicinò.

Dietro un cespuglio Emma scoprì il vecchio binocolo.

Gli uccelli cantavano allegri.

All'improvviso cadde una stella cadente.

All'improvviso qualcuno rise.

Un gatto aveva giocato.

L'avventura restò indimenticabile.

Insieme è tutto più facile."
829,Mia e la grande avventura,"Una sera Mia sentì uno strano rumore presso la grande quercia.

Gli uccelli cantavano allegri.

Coraggiosamente Mia seguì il suono.

Dietro una pietra Mia scoprì il coltello piccolo.

Profumava di erba fresca.

All'improvviso gracchiò una rana.

All'improvviso cadde una stella cadente.

Era solo il gatto curioso.

Tutti applaudirono di gioia.

Chi osa vince."
830,Anna e il mistero,"Una sera Anna sentì uno strano rumore nel parco verde.

Il cielo era azzurro.

Curiosamente Anna si avvicinò.

Dietro una staccionata Anna scoprì una coperta calda.

Tutto era calmo e sereno.

All'improvviso ronzò un'ape.

All'improvviso si alzò il vento.

L'orologio aveva suonato.

Così l'avventura finì bene.

La pazienza porta fortuna."
831,La giornata più bella di Milo,"Una sera Milo sentì uno strano rumore nel bosco vecchio.

Un ruscello mormorava piano.

Coraggiosamente Milo seguì il suono.

Dietro un albero Milo scoprì una mappa colorata.

Il sole splendeva caldo.

All'improvviso si alzò il vento.

All'improvviso passò una farfalla danzando.

Il gallo aveva cantato.

Tutti tornarono contenti.

Condividere fa piacere."
832,Finn e il tesoro,"Una sera Finn sentì uno strano rumore nel campo giallo.

Profumava di fiori.

Curiosamente Finn si avvicinò.

Dietro un muro Finn scoprì una moneta vecchia.

Volavano farfalle.

All'improvviso qualcosa frusciò forte.

All'improvviso bussarono.

Il vento aveva mosso una porta.

Così la paura divenne coraggio.

Ridere aiuta sempre."
833,Nora e il mistero,"Una sera Nora sentì uno strano rumore in un piccolo villaggio.

Volavano farfalle.

Coraggiosamente Nora seguì il suono.

Dietro una porta Nora scoprì la corda verde.

Profumava di fiori.

All'improvviso cadde una foglia.

All'improvviso ronzò un'ape.

Era solo il postino.

Alla fine erano tutti felici.

I veri amici aiutano sempre."
834,Emma e il piano,"Una sera Emma sentì uno strano rumore al mercato colorato.

Il sole splendeva caldo.

Curiosamente Emma si avvicinò.

Dietro un cespuglio Emma scoprì la piccola lanterna.

Un ruscello mormorava piano.

All'improvviso passò una farfalla danzando.

All'improvviso cadde una foglia.

Un ramo era caduto.

Così la giornata fu perfetta.

Il coraggio è premiato."
835,Mia e il viaggio,"Una sera Mia sentì uno strano rumore presso il vecchio pozzo.

Tutto era calmo e sereno.

Coraggiosamente Mia seguì il suono.

Dietro una pietra Mia scoprì la bottiglia blu.

Il cielo era azzurro.

All'improvviso qualcuno rise.

All'improvviso abbaiò un cane.

Un riccio cercava cibo.

Tutti risero e tornarono a casa.

La curiosità porta a meraviglie."
836,Anna e il ritrovamento,"Una sera Anna sentì uno strano rumore nel parco giochi.

Profumava di erba fresca.

Curiosamente Anna si avvicinò.

Dietro una staccionata Anna scoprì la borsa gialla.

Gli uccelli cantavano allegri.

All'improvviso abbaiò un cane.

All'improvviso gracchiò una rana.

Un gatto aveva giocato.

L'avventura restò indimenticabile.

Insieme è tutto più facile."
837,Milo e la scoperta,"Una sera Milo sentì uno strano rumore presso il fiume azzurro.

Gli uccelli cantavano allegri.

Coraggiosamente Milo seguì il suono.

Dietro un albero Milo scoprì la corda rossa.

Profumava di erba fresca.

All'improvviso bussarono.

All'improvviso qualcosa frusciò forte.

Era solo il gatto curioso.

Tutti applaudirono di gioia.

Chi osa vince."
838,Finn e la gita,"Una sera Finn sentì uno strano rumore nel prato verde.

Il cielo era azzurro.

Curiosamente Finn si avvicinò.

Dietro un muro Finn scoprì il vecchio binocolo.

Tutto era calmo e sereno.

All'improvviso cadde una stella cadente.

All'improvviso qualcuno rise.

L'orologio aveva suonato.

Così l'avventura finì bene.

La pazienza porta fortuna."
839,Nora e la gara,"Una sera Nora sentì uno strano rumore presso la grande quercia.

Un ruscello mormorava piano.

Coraggiosamente Nora seguì il suono.

Dietro una porta Nora scoprì il coltello piccolo.

Il sole splendeva caldo.

All'improvviso gracchiò una rana.

All'improvviso cadde una stella cadente.

Il gallo aveva cantato.

Tutti tornarono contenti.

Condividere fa piacere."
840,Emma e l'indovinello,"Una sera Emma sentì uno strano rumore nel parco verde.

Profumava di fiori.

Curiosamente Emma si avvicinò.

Dietro un cespuglio Emma scoprì una coperta calda.

Volavano farfalle.

All'improvviso ronzò un'ape.

All'improvviso si alzò il vento.

Il vento aveva mosso una porta.

Così la paura divenne coraggio.

Ridere aiuta sempre."
841,Mia e la sorpresa,"Una sera Mia sentì uno strano rumore nel bosco vecchio.

Volavano farfalle.

Coraggiosamente Mia seguì il suono.

Dietro una pietra Mia scoprì una mappa colorata.

Profumava di fiori.

All'improvviso si alzò il vento.

All'improvviso passò una farfalla danzando.

Era solo il postino.

Alla fine erano tutti felici.

I veri amici aiutano sempre."
842,Anna e la grande avventura,"Una sera Anna sentì uno strano rumore nel campo giallo.

Il sole splendeva caldo.

Curiosamente Anna si avvicinò.

Dietro una staccionata Anna scoprì una moneta vecchia.

Un ruscello mormorava piano.

All'improvviso qualcosa frusciò forte.

All'improvviso bussarono.

Un ramo era caduto.

Così la giornata fu perfetta.

Il coraggio è premiato."
843,Milo e il mistero,"Una sera Milo sentì uno strano rumore in un piccolo villaggio.

Tutto era calmo e sereno.

Coraggiosamente Milo seguì il suono.

Dietro un albero Milo scoprì la corda verde.

Il cielo era azzurro.

All'improvviso cadde una foglia.

All'improvviso ronzò un'ape.

Un riccio cercava cibo.

Tutti risero e tornarono a casa.

La curiosità porta a meraviglie."
844,La giornata più bella di Finn,"Una sera Finn sentì uno strano rumore al mercato colorato.

Profumava di erba fresca.

Curiosamente Finn si avvicinò.

Dietro un muro Finn scoprì la piccola lanterna.

Gli uccelli cantavano allegri.

All'improvviso passò una farfalla danzando.

All'improvviso cadde una foglia.

Un gatto aveva giocato.

L'avventura restò indimenticabile.

Insieme è tutto più facile."
845,Nora e il tesoro,"Una sera Nora sentì uno strano rumore presso il vecchio pozzo.

Gli uccelli cantavano allegri.

Coraggiosamente Nora seguì il suono.

Dietro una porta Nora scoprì la bottiglia blu.

Profumava di erba fresca.

All'improvviso qualcuno rise.

All'improvviso abbaiò un cane.

Era solo il gatto curioso.

Tutti applaudirono di gioia.

Chi osa vince."
846,Emma e il mistero,"Una sera Emma sentì uno strano rumore nel parco giochi.

Il cielo era azzurro.

Curiosamente Emma si avvicinò.

Dietro un cespuglio Emma scoprì la borsa gialla.

Tutto era calmo e sereno.

All'improvviso abbaiò un cane.

All'improvviso gracchiò una rana.

L'orologio aveva suonato.

Così l'avventura finì bene.

La pazienza porta fortuna."
847,Mia e il piano,"Una sera Mia sentì uno strano rumore presso il fiume azzurro.

Un ruscello mormorava piano.

Coraggiosamente Mia seguì il suono.

Dietro una pietra Mia scoprì la corda rossa.

Il sole splendeva caldo.

All'improvviso bussarono.

All'improvviso qualcosa frusciò forte.

Il gallo aveva cantato.

Tutti tornarono contenti.

Condividere fa piacere."
848,Anna e il viaggio,"Una sera Anna sentì uno strano rumore nel prato verde.

Profumava di fiori.

Curiosamente Anna si avvicinò.

Dietro una staccionata Anna scoprì il vecchio binocolo.

Volavano farfalle.

All'improvviso cadde una stella cadente.

All'improvviso qualcuno rise.

Il vento aveva mosso una porta.

Così la paura divenne coraggio.

Ridere aiuta sempre."
849,Milo e il ritrovamento,"Una sera Milo sentì uno strano rumore presso la grande quercia.

Volavano farfalle.

Coraggiosamente Milo seguì il suono.

Dietro un albero Milo scoprì il coltello piccolo.

Profumava di fiori.

All'improvviso gracchiò una rana.

All'improvviso cadde una stella cadente.

Era solo il postino.

Alla fine erano tutti felici.

I veri amici aiutano sempre."
850,Finn e la scoperta,"Una sera Finn sentì uno strano rumore nel parco verde.

Il sole splendeva caldo.

Curiosamente Finn si avvicinò.

Dietro un muro Finn scoprì una coperta calda.

Un ruscello mormorava piano.

All'improvviso ronzò un'ape.

All'improvviso si alzò il vento.

Un ramo era caduto.

Così la giornata fu perfetta.

Il coraggio è premiato."
851,Nora e la gita,"Una sera Nora sentì uno strano rumore nel bosco vecchio.

Tutto era calmo e sereno.

Coraggiosamente Nora seguì il suono.

Dietro una porta Nora scoprì una mappa colorata.

Il cielo era azzurro.

All'improvviso si alzò il vento.

All'improvviso passò una farfalla danzando.

Un riccio cercava cibo.

Tutti risero e tornarono a casa.

La curiosità porta a meraviglie."
852,Emma e la gara,"Una sera Emma sentì uno strano rumore nel campo giallo.

Profumava di erba fresca.

Curiosamente Emma si avvicinò.

Dietro un cespuglio Emma scoprì una moneta vecchia.

Gli uccelli cantavano allegri.

All'improvviso qualcosa frusciò forte.

All'improvviso bussarono.

Un gatto aveva giocato.

L'avventura restò indimenticabile.

Insieme è tutto più facile."
853,Mia e l'indovinello,"Una sera Mia sentì uno strano rumore in un piccolo villaggio.

Gli uccelli cantavano allegri.

Coraggiosamente Mia seguì il suono.

Dietro una pietra Mia scoprì la corda verde.

Profumava di erba fresca.

All'improvviso cadde una foglia.

All'improvviso ronzò un'ape.

Era solo il gatto curioso.

Tutti applaudirono di gioia.

Chi osa vince."
854,Anna e la sorpresa,"Una sera Anna sentì uno strano rumore al mercato colorato.

Il cielo era azzurro.

Curiosamente Anna si avvicinò.

Dietro una staccionata Anna scoprì la piccola lanterna.

Tutto era calmo e sereno.

All'improvviso passò una farfalla danzando.

All'improvviso cadde una foglia.

L'orologio aveva suonato.

Così l'avventura finì bene.

La pazienza porta fortuna."
855,Milo e la grande avventura,"Una sera Milo sentì uno strano rumore presso il vecchio pozzo.

Un ruscello mormorava piano.

Coraggiosamente Milo seguì il suono.

Dietro un albero Milo scoprì la bottiglia blu.

Il sole splendeva caldo.

All'improvviso qualcuno rise.

All'improvviso abbaiò un cane.

Il gallo aveva cantato.

Tutti tornarono contenti.

Condividere fa piacere."
856,Finn e il mistero,"Una sera Finn sentì uno strano rumore nel parco giochi.

Profumava di fiori.

Curiosamente Finn si avvicinò.

Dietro un muro Finn scoprì la borsa gialla.

Volavano farfalle.

All'improvviso abbaiò un cane.

All'improvviso gracchiò una rana.

Il vento aveva mosso una porta.

Così la paura divenne coraggio.

Ridere aiuta sempre."
857,La giornata più bella di Nora,"Una sera Nora sentì uno strano rumore presso il fiume azzurro.

Volavano farfalle.

Coraggiosamente Nora seguì il suono.

Dietro una porta Nora scoprì la corda rossa.

Profumava di fiori.

All'improvviso bussarono.

All'improvviso qualcosa frusciò forte.

Era solo il postino.

Alla fine erano tutti felici.

I veri amici aiutano sempre."
858,Emma e il tesoro,"Una sera Emma sentì uno strano rumore nel prato verde.

Il sole splendeva caldo.

Curiosamente Emma si avvicinò.

Dietro un cespuglio Emma scoprì il vecchio binocolo.

Un ruscello mormorava piano.

All'improvviso cadde una stella cadente.

All'improvviso qualcuno rise.

Un ramo era caduto.

Così la giornata fu perfetta.

Il coraggio è premiato."
859,Mia e il mistero,"Una sera Mia sentì uno strano rumore presso la grande quercia.

Tutto era calmo e sereno.

Coraggiosamente Mia seguì il suono.

Dietro una pietra Mia scoprì il coltello piccolo.

Il cielo era azzurro.

All'improvviso gracchiò una rana.

All'improvviso cadde una stella cadente.

Un riccio cercava cibo.

Tutti risero e tornarono a casa.

La curiosità porta a meraviglie."
860,Anna e il piano,"Una sera Anna sentì uno strano rumore nel parco verde.

Profumava di erba fresca.

Curiosamente Anna si avvicinò.

Dietro una staccionata Anna scoprì una coperta calda.

Gli uccelli cantavano allegri.

All'improvviso ronzò un'ape.

All'improvviso si alzò il vento.

Un gatto aveva giocato.

L'avventura restò indimenticabile.

Insieme è tutto più facile."
861,Milo e il viaggio,"Una sera Milo sentì uno strano rumore nel bosco vecchio.

Gli uccelli cantavano allegri.

Coraggiosamente Milo seguì il suono.

Dietro un albero Milo scoprì una mappa colorata.

Profumava di erba fresca.

All'improvviso si alzò il vento.

All'improvviso passò una farfalla danzando.

Era solo il gatto curioso.

Tutti applaudirono di gioia.

Chi osa vince."
862,Finn e il ritrovamento,"Una sera Finn sentì uno strano rumore nel campo giallo.

Il cielo era azzurro.

Curiosamente Finn si avvicinò.

Dietro un muro Finn scoprì una moneta vecchia.

Tutto era calmo e sereno.

All'improvviso qualcosa frusciò forte.

All'improvviso bussarono.

L'orologio aveva suonato.

Così l'avventura finì bene.

La pazienza porta fortuna."
863,Nora e la scoperta,"Una sera Nora sentì uno strano rumore in un piccolo villaggio.

Un ruscello mormorava piano.

Coraggiosamente Nora seguì il suono.

Dietro una porta Nora scoprì la corda verde.

Il sole splendeva caldo.

All'improvviso cadde una foglia.

All'improvviso ronzò un'ape.

Il gallo aveva cantato.

Tutti tornarono contenti.

Condividere fa piacere."
864,Emma e la gita,"Una sera Emma sentì uno strano rumore al mercato colorato.

Profumava di fiori.

Curiosamente Emma si avvicinò.

Dietro un cespuglio Emma scoprì la piccola lanterna.

Volavano farfalle.

All'improvviso passò una farfalla danzando.

All'improvviso cadde una foglia.

Il vento aveva mosso una porta.

Così la paura divenne coraggio.

Ridere aiuta sempre."
865,Mia e la gara,"Una sera Mia sentì uno strano rumore presso il vecchio pozzo.

Volavano farfalle.

Coraggiosamente Mia seguì il suono.

Dietro una pietra Mia scoprì la bottiglia blu.

Profumava di fiori.

All'improvviso qualcuno rise.

All'improvviso abbaiò un cane.

Era solo il postino.

Alla fine erano tutti felici.

I veri amici aiutano sempre."
866,Anna e l'indovinello,"Una sera Anna sentì uno strano rumore nel parco giochi.

Il sole splendeva caldo.

Curiosamente Anna si avvicinò.

Dietro una staccionata Anna scoprì la borsa gialla.

Un ruscello mormorava piano.

All'improvviso abbaiò un cane.

All'improvviso gracchiò una rana.

Un ramo era caduto.

Così la giornata fu perfetta.

Il coraggio è premiato."
867,Milo e la sorpresa,"Una sera Milo sentì uno strano rumore presso il fiume azzurro.

Tutto era calmo e sereno.

Coraggiosamente Milo seguì il suono.

Dietro un albero Milo scoprì la corda rossa.

Il cielo era azzurro.

All'improvviso bussarono.

All'improvviso qualcosa frusciò forte.

Un riccio cercava cibo.

Tutti risero e tornarono a casa.

La curiosità porta a meraviglie."
868,Finn e la grande avventura,"Una sera Finn sentì uno strano rumore nel prato verde.

Profumava di erba fresca.

Curiosamente Finn si avvicinò.

Dietro un muro Finn scoprì il vecchio binocolo.

Gli uccelli cantavano allegri.

All'improvviso cadde una stella cadente.

All'improvviso qualcuno rise.

Un gatto aveva giocato.

L'avventura restò indimenticabile.

Insieme è tutto più facile."
869,Nora e il mistero,"Una sera Nora sentì uno strano rumore presso la grande quercia.

Gli uccelli cantavano allegri.

Coraggiosamente Nora seguì il suono.

Dietro una porta Nora scoprì il coltello piccolo.

Profumava di erba fresca.

All'improvviso gracchiò una rana.

All'improvviso cadde una stella cadente.

Era solo il gatto curioso.

Tutti applaudirono di gioia.

Chi osa vince."
870,La giornata più bella di Emma,"Una sera Emma sentì uno strano rumore nel parco verde.

Il cielo era azzurro.

Curiosamente Emma si avvicinò.

Dietro un cespuglio Emma scoprì una coperta calda.

Tutto era calmo e sereno.

All'improvviso ronzò un'ape.

All'improvviso si alzò il vento.

L'orologio aveva suonato.

Così l'avventura finì bene.

La pazienza porta fortuna."
871,Mia e il tesoro,"Una sera Mia sentì uno strano rumore nel bosco vecchio.

Un ruscello mormorava piano.

Coraggiosamente Mia seguì il suono.

Dietro una pietra Mia scoprì una mappa colorata.

Il sole splendeva caldo.

All'improvviso si alzò il vento.

All'improvviso passò una farfalla danzando.

Il gallo aveva cantato.

Tutti tornarono contenti.

Condividere fa piacere."
872,Anna e il mistero,"Una sera Anna sentì uno strano rumore nel campo giallo.

Profumava di fiori.

Curiosamente Anna si avvicinò.

Dietro una staccionata Anna scoprì una moneta vecchia.

Volavano farfalle.

All'improvviso qualcosa frusciò forte.

All'improvviso bussarono.

Il vento aveva mosso una porta.

Così la paura divenne coraggio.

Ridere aiuta sempre."
873,Milo e il piano,"Una sera Milo sentì uno strano rumore in un piccolo villaggio.

Volavano farfalle.

Coraggiosamente Milo seguì il suono.

Dietro un albero Milo scoprì la corda verde.

Profumava di fiori.

All'improvviso cadde una foglia.

All'improvviso ronzò un'ape.

Era solo il postino.

Alla fine erano tutti felici.

I veri amici aiutano sempre."
874,Finn e il viaggio,"Una sera Finn sentì uno strano rumore al mercato colorato.

Il sole splendeva caldo.

Curiosamente Finn si avvicinò.

Dietro un muro Finn scoprì la piccola lanterna.

Un ruscello mormorava piano.

All'improvviso passò una farfalla danzando.

All'improvviso cadde una foglia.

Un ramo era caduto.

Così la giornata fu perfetta.

Il coraggio è premiato."
875,Nora e il ritrovamento,"Una sera Nora sentì uno strano rumore presso il vecchio pozzo.

Tutto era calmo e sereno.

Coraggiosamente Nora seguì il suono.

Dietro una porta Nora scoprì la bottiglia blu.

Il cielo era azzurro.

All'improvviso qualcuno rise.

All'improvviso abbaiò un cane.

Un riccio cercava cibo.

Tutti risero e tornarono a casa.

La curiosità porta a meraviglie."
876,Emma e la scoperta,"Una sera Emma sentì uno strano rumore nel parco giochi.

Profumava di erba fresca.

Curiosamente Emma si avvicinò.

Dietro un cespuglio Emma scoprì la borsa gialla.

Gli uccelli cantavano allegri.

All'improvviso abbaiò un cane.

All'improvviso gracchiò una rana.

Un gatto aveva giocato.

L'avventura restò indimenticabile.

Insieme è tutto più facile."
877,Mia e la gita,"Una sera Mia sentì uno strano rumore presso il fiume azzurro.

Gli uccelli cantavano allegri.

Coraggiosamente Mia seguì il suono.

Dietro una pietra Mia scoprì la corda rossa.

Profumava di erba fresca.

All'improvviso bussarono.

All'improvviso qualcosa frusciò forte.

Era solo il gatto curioso.

Tutti applaudirono di gioia.

Chi osa vince."
878,Anna e la gara,"Una sera Anna sentì uno strano rumore nel prato verde.

Il cielo era azzurro.

Curiosamente Anna si avvicinò.

Dietro una staccionata Anna scoprì il vecchio binocolo.

Tutto era calmo e sereno.

All'improvviso cadde una stella cadente.

All'improvviso qualcuno rise.

L'orologio aveva suonato.

Così l'avventura finì bene.

La pazienza porta fortuna."
879,Milo e l'indovinello,"Una sera Milo sentì uno strano rumore presso la grande quercia.

Un ruscello mormorava piano.

Coraggiosamente Milo seguì il suono.

Dietro un albero Milo scoprì il coltello piccolo.

Il sole splendeva caldo.

All'improvviso gracchiò una rana.

All'improvviso cadde una stella cadente.

Il gallo aveva cantato.

Tutti tornarono contenti.

Condividere fa piacere."
880,Finn e la sorpresa,"Una sera Finn sentì uno strano rumore nel parco verde.

Profumava di fiori.

Curiosamente Finn si avvicinò.

Dietro un muro Finn scoprì una coperta calda.

Volavano farfalle.

All'improvviso ronzò un'ape.

All'improvviso si alzò il vento.

Il vento aveva mosso una porta.

Così la paura divenne coraggio.

Ridere aiuta sempre."
881,Nora e la grande avventura,"Una sera Nora sentì uno strano rumore nel bosco vecchio.

Volavano farfalle.

Coraggiosamente Nora seguì il suono.

Dietro una porta Nora scoprì una mappa colorata.

Profumava di fiori.

All'improvviso si alzò il vento.

All'improvviso passò una farfalla danzando.

Era solo il postino.

Alla fine erano tutti felici.

I veri amici aiutano sempre."
882,Emma e il mistero,"Una sera Emma sentì uno strano rumore nel campo giallo.

Il sole splendeva caldo.

Curiosamente Emma si avvicinò.

Dietro un cespuglio Emma scoprì una moneta vecchia.

Un ruscello mormorava piano.

All'improvviso qualcosa frusciò forte.

All'improvviso bussarono.

Un ramo era caduto.

Così la giornata fu perfetta.

Il coraggio è premiato."
883,La giornata più bella di Mia,"Una sera Mia sentì uno strano rumore in un piccolo villaggio.

Tutto era calmo e sereno.

Coraggiosamente Mia seguì il suono.

Dietro una pietra Mia scoprì la corda verde.

Il cielo era azzurro.

All'improvviso cadde una foglia.

All'improvviso ronzò un'ape.

Un riccio cercava cibo.

Tutti risero e tornarono a casa.

La curiosità porta a meraviglie."
884,Anna e il tesoro,"Una sera Anna sentì uno strano rumore al mercato colorato.

Profumava di erba fresca.

Curiosamente Anna si avvicinò.

Dietro una staccionata Anna scoprì la piccola lanterna.

Gli uccelli cantavano allegri.

All'improvviso passò una farfalla danzando.

All'improvviso cadde una foglia.

Un gatto aveva giocato.

L'avventura restò indimenticabile.

Insieme è tutto più facile."
885,Milo e il mistero,"Una sera Milo sentì uno strano rumore presso il vecchio pozzo.

Gli uccelli cantavano allegri.

Coraggiosamente Milo seguì il suono.

Dietro un albero Milo scoprì la bottiglia blu.

Profumava di erba fresca.

All'improvviso qualcuno rise.

All'improvviso abbaiò un cane.

Era solo il gatto curioso.

Tutti applaudirono di gioia.

Chi osa vince."
886,Finn e il piano,"Una sera Finn sentì uno strano rumore nel parco giochi.

Il cielo era azzurro.

Curiosamente Finn si avvicinò.

Dietro un muro Finn scoprì la borsa gialla.

Tutto era calmo e sereno.

All'improvviso abbaiò un cane.

All'improvviso gracchiò una rana.

L'orologio aveva suonato.

Così l'avventura finì bene.

La pazienza porta fortuna."
887,Nora e il viaggio,"Una sera Nora sentì uno strano rumore presso il fiume azzurro.

Un ruscello mormorava piano.

Coraggiosamente Nora seguì il suono.

Dietro una porta Nora scoprì la corda rossa.

Il sole splendeva caldo.

All'improvviso bussarono.

All'improvviso qualcosa frusciò forte.

Il gallo aveva cantato.

Tutti tornarono contenti.

Condividere fa piacere."
888,Emma e il ritrovamento,"Una sera Emma sentì uno strano rumore nel prato verde.

Profumava di fiori.

Curiosamente Emma si avvicinò.

Dietro un cespuglio Emma scoprì il vecchio binocolo.

Volavano farfalle.

All'improvviso cadde una stella cadente.

All'improvviso qualcuno rise.

Il vento aveva mosso una porta.

Così la paura divenne coraggio.

Ridere aiuta sempre."
889,Mia e la scoperta,"Una sera Mia sentì uno strano rumore presso la grande quercia.

Volavano farfalle.

Coraggiosamente Mia seguì il suono.

Dietro una pietra Mia scoprì il coltello piccolo.

Profumava di fiori.

All'improvviso gracchiò una rana.

All'improvviso cadde una stella cadente.

Era solo il postino.

Alla fine erano tutti felici.

I veri amici aiutano sempre."
890,Anna e la gita,"Una sera Anna sentì uno strano rumore nel parco verde.

Il sole splendeva caldo.

Curiosamente Anna si avvicinò.

Dietro una staccionata Anna scoprì una coperta calda.

Un ruscello mormorava piano.

All'improvviso ronzò un'ape.

All'improvviso si alzò il vento.

Un ramo era caduto.

Così la giornata fu perfetta.

Il coraggio è premiato."
891,Milo e la gara,"Una sera Milo sentì uno strano rumore nel bosco vecchio.

Tutto era calmo e sereno.

Coraggiosamente Milo seguì il suono.

Dietro un albero Milo scoprì una mappa colorata.

Il cielo era azzurro.

All'improvviso si alzò il vento.

All'improvviso passò una farfalla danzando.

Un riccio cercava cibo.

Tutti risero e tornarono a casa.

La curiosità porta a meraviglie."
892,Finn e l'indovinello,"Una sera Finn sentì uno strano rumore nel campo giallo.

Profumava di erba fresca.

Curiosamente Finn si avvicinò.

Dietro un muro Finn scoprì una moneta vecchia.

Gli uccelli cantavano allegri.

All'improvviso qualcosa frusciò forte.

All'improvviso bussarono.

Un gatto aveva giocato.

L'avventura restò indimenticabile.

Insieme è tutto più facile."
893,Nora e la sorpresa,"Una sera Nora sentì uno strano rumore in un piccolo villaggio.

Gli uccelli cantavano allegri.

Coraggiosamente Nora seguì il suono.

Dietro una porta Nora scoprì la corda verde.

Profumava di erba fresca.

All'improvviso cadde una foglia.

All'improvviso ronzò un'ape.

Era solo il gatto curioso.

Tutti applaudirono di gioia.

Chi osa vince."
894,Emma e la grande avventura,"Una sera Emma sentì uno strano rumore al mercato colorato.

Il cielo era azzurro.

Curiosamente Emma si avvicinò.

Dietro un cespuglio Emma scoprì la piccola lanterna.

Tutto era calmo e sereno.

All'improvviso passò una farfalla danzando.

All'improvviso cadde una foglia.

L'orologio aveva suonato.

Così l'avventura finì bene.

La pazienza porta fortuna."
895,Mia e il mistero,"Una sera Mia sentì uno strano rumore presso il vecchio pozzo.

Un ruscello mormorava piano.

Coraggiosamente Mia seguì il suono.

Dietro una pietra Mia scoprì la bottiglia blu.

Il sole splendeva caldo.

All'improvviso qualcuno rise.

All'improvviso abbaiò un cane.

Il gallo aveva cantato.

Tutti tornarono contenti.

Condividere fa piacere."
896,La giornata più bella di Anna,"Una sera Anna sentì uno strano rumore nel parco giochi.

Profumava di fiori.

Curiosamente Anna si avvicinò.

Dietro una staccionata Anna scoprì la borsa gialla.

Volavano farfalle.

All'improvviso abbaiò un cane.

All'improvviso gracchiò una rana.

Il vento aveva mosso una porta.

Così la paura divenne coraggio.

Ridere aiuta sempre."
897,Milo e il tesoro,"Una sera Milo sentì uno strano rumore presso il fiume azzurro.

Volavano farfalle.

Coraggiosamente Milo seguì il suono.

Dietro un albero Milo scoprì la corda rossa.

Profumava di fiori.

All'improvviso bussarono.

All'improvviso qualcosa frusciò forte.

Era solo il postino.

Alla fine erano tutti felici.

I veri amici aiutano sempre."
898,Finn e il mistero,"Una sera Finn sentì uno strano rumore nel prato verde.

Il sole splendeva caldo.

Curiosamente Finn si avvicinò.

Dietro un muro Finn scoprì il vecchio binocolo.

Un ruscello mormorava piano.

All'improvviso cadde una stella cadente.

All'improvviso qualcuno rise.

Un ramo era caduto.

Così la giornata fu perfetta.

Il coraggio è premiato."
899,Nora e il piano,"Una sera Nora sentì uno strano rumore presso la grande quercia.

Tutto era calmo e sereno.

Coraggiosamente Nora seguì il suono.

Dietro una porta Nora scoprì il coltello piccolo.

Il cielo era azzurro.

All'improvviso gracchiò una rana.

All'improvviso cadde una stella cadente.

Un riccio cercava cibo.

Tutti risero e tornarono a casa.

La curiosità porta a meraviglie."
900,Emma e il viaggio,"Una sera Emma sentì uno strano rumore nel parco verde.

Profumava di erba fresca.

Curiosamente Emma si avvicinò.

Dietro un cespuglio Emma scoprì una coperta calda.

Gli uccelli cantavano allegri.

All'improvviso ronzò un'ape.

All'improvviso si alzò il vento.

Un gatto aveva giocato.

L'avventura restò indimenticabile.

Insieme è tutto più facile."
901,Mia e il ritrovamento,"Una sera Mia sentì uno strano rumore nel bosco vecchio.

Gli uccelli cantavano allegri.

Coraggiosamente Mia seguì il suono.

Dietro una pietra Mia scoprì una mappa colorata.

Profumava di erba fresca.

All'improvviso si alzò il vento.

All'improvviso passò una farfalla danzando.

Era solo il gatto curioso.

Tutti applaudirono di gioia.

Chi osa vince."
902,Anna e la scoperta,"Una sera Anna sentì uno strano rumore nel campo giallo.

Il cielo era azzurro.

Curiosamente Anna si avvicinò.

Dietro una staccionata Anna scoprì una moneta vecchia.

Tutto era calmo e sereno.

All'improvviso qualcosa frusciò forte.

All'improvviso bussarono.

L'orologio aveva suonato.

Così l'avventura finì bene.

La pazienza porta fortuna."
903,Milo e la gita,"Una sera Milo sentì uno strano rumore in un piccolo villaggio.

Un ruscello mormorava piano.

Coraggiosamente Milo seguì il suono.

Dietro un albero Milo scoprì la corda verde.

Il sole splendeva caldo.

All'improvviso cadde una foglia.

All'improvviso ronzò un'ape.

Il gallo aveva cantato.

Tutti tornarono contenti.

Condividere fa piacere."
904,Finn e la gara,"Una sera Finn sentì uno strano rumore al mercato colorato.

Profumava di fiori.

Curiosamente Finn si avvicinò.

Dietro un muro Finn scoprì la piccola lanterna.

Volavano farfalle.

All'improvviso passò una farfalla danzando.

All'improvviso cadde una foglia.

Il vento aveva mosso una porta.

Così la paura divenne coraggio.

Ridere aiuta sempre."
905,Nora e l'indovinello,"Una sera Nora sentì uno strano rumore presso il vecchio pozzo.

Volavano farfalle.

Coraggiosamente Nora seguì il suono.

Dietro una porta Nora scoprì la bottiglia blu.

Profumava di fiori.

All'improvviso qualcuno rise.

All'improvviso abbaiò un cane.

Era solo il postino.

Alla fine erano tutti felici.

I veri amici aiutano sempre."
906,Emma e la sorpresa,"Una sera Emma sentì uno strano rumore nel parco giochi.

Il sole splendeva caldo.

Curiosamente Emma si avvicinò.

Dietro un cespuglio Emma scoprì la borsa gialla.

Un ruscello mormorava piano.

All'improvviso abbaiò un cane.

All'improvviso gracchiò una rana.

Un ramo era caduto.

Così la giornata fu perfetta.

Il coraggio è premiato."
907,Mia e la grande avventura,"Una sera Mia sentì uno strano rumore presso il fiume azzurro.

Tutto era calmo e sereno.

Coraggiosamente Mia seguì il suono.

Dietro una pietra Mia scoprì la corda rossa.

Il cielo era azzurro.

All'improvviso bussarono.

All'improvviso qualcosa frusciò forte.

Un riccio cercava cibo.

Tutti risero e tornarono a casa.

La curiosità porta a meraviglie."
908,Anna e il mistero,"Una sera Anna sentì uno strano rumore nel prato verde.

Profumava di erba fresca.

Curiosamente Anna si avvicinò.

Dietro una staccionata Anna scoprì il vecchio binocolo.

Gli uccelli cantavano allegri.

All'improvviso cadde una stella cadente.

All'improvviso qualcuno rise.

Un gatto aveva giocato.

L'avventura restò indimenticabile.

Insieme è tutto più facile."
909,La giornata più bella di Milo,"Una sera Milo sentì uno strano rumore presso la grande quercia.

Gli uccelli cantavano allegri.

Coraggiosamente Milo seguì il suono.

Dietro un albero Milo scoprì il coltello piccolo.

Profumava di erba fresca.

All'improvviso gracchiò una rana.

All'improvviso cadde una stella cadente.

Era solo il gatto curioso.

Tutti applaudirono di gioia.

Chi osa vince."
910,Finn e il tesoro,"Una sera Finn sentì uno strano rumore nel parco verde.

Il cielo era azzurro.

Curiosamente Finn si avvicinò.

Dietro un muro Finn scoprì una coperta calda.

Tutto era calmo e sereno.

All'improvviso ronzò un'ape.

All'improvviso si alzò il vento.

L'orologio aveva suonato.

Così l'avventura finì bene.

La pazienza porta fortuna."
911,Nora e il mistero,"Una sera Nora sentì uno strano rumore nel bosco vecchio.

Un ruscello mormorava piano.

Coraggiosamente Nora seguì il suono.

Dietro una porta Nora scoprì una mappa colorata.

Il sole splendeva caldo.

All'improvviso si alzò il vento.

All'improvviso passò una farfalla danzando.

Il gallo aveva cantato.

Tutti tornarono contenti.

Condividere fa piacere."
912,Emma e il piano,"Una sera Emma sentì uno strano rumore nel campo giallo.

Profumava di fiori.

Curiosamente Emma si avvicinò.

Dietro un cespuglio Emma scoprì una moneta vecchia.

Volavano farfalle.

All'improvviso qualcosa frusciò forte.

All'improvviso bussarono.

Il vento aveva mosso una porta.

Così la paura divenne coraggio.

Ridere aiuta sempre."
913,Mia e il viaggio,"Una sera Mia sentì uno strano rumore in un piccolo villaggio.

Volavano farfalle.

Coraggiosamente Mia seguì il suono.

Dietro una pietra Mia scoprì la corda verde.

Profumava di fiori.

All'improvviso cadde una foglia.

All'improvviso ronzò un'ape.

Era solo il postino.

Alla fine erano tutti felici.

I veri amici aiutano sempre."
914,Anna e il ritrovamento,"Una sera Anna sentì uno strano rumore al mercato colorato.

Il sole splendeva caldo.

Curiosamente Anna si avvicinò.

Dietro una staccionata Anna scoprì la piccola lanterna.

Un ruscello mormorava piano.

All'improvviso passò una farfalla danzando.

All'improvviso cadde una foglia.

Un ramo era caduto.

Così la giornata fu perfetta.

Il coraggio è premiato."
915,Milo e la scoperta,"Una sera Milo sentì uno strano rumore presso il vecchio pozzo.

Tutto era calmo e sereno.

Coraggiosamente Milo seguì il suono.

Dietro un albero Milo scoprì la bottiglia blu.

Il cielo era azzurro.

All'improvviso qualcuno rise.

All'improvviso abbaiò un cane.

Un riccio cercava cibo.

Tutti risero e tornarono a casa.

La curiosità porta a meraviglie."
916,Finn e la gita,"Una sera Finn sentì uno strano rumore nel parco giochi.

Profumava di erba fresca.

Curiosamente Finn si avvicinò.

Dietro un muro Finn scoprì la borsa gialla.

Gli uccelli cantavano allegri.

All'improvviso abbaiò un cane.

All'improvviso gracchiò una rana.

Un gatto aveva giocato.

L'avventura restò indimenticabile.

Insieme è tutto più facile."
917,Nora e la gara,"Una sera Nora sentì uno strano rumore presso il fiume azzurro.

Gli uccelli cantavano allegri.

Coraggiosamente Nora seguì il suono.

Dietro una porta Nora scoprì la corda rossa.

Profumava di erba fresca.

All'improvviso bussarono.

All'improvviso qualcosa frusciò forte.

Era solo il gatto curioso.

Tutti applaudirono di gioia.

Chi osa vince."
918,Emma e l'indovinello,"Una sera Emma sentì uno strano rumore nel prato verde.

Il cielo era azzurro.

Curiosamente Emma si avvicinò.

Dietro un cespuglio Emma scoprì il vecchio binocolo.

Tutto era calmo e sereno.

All'improvviso cadde una stella cadente.

All'improvviso qualcuno rise.

L'orologio aveva suonato.

Così l'avventura finì bene.

La pazienza porta fortuna."
919,Mia e la sorpresa,"Una sera Mia sentì uno strano rumore presso la grande quercia.

Un ruscello mormorava piano.

Coraggiosamente Mia seguì il suono.

Dietro una pietra Mia scoprì il coltello piccolo.

Il sole splendeva caldo.

All'improvviso gracchiò una rana.

All'improvviso cadde una stella cadente.

Il gallo aveva cantato.

Tutti tornarono contenti.

Condividere fa piacere."
920,Anna e la grande avventura,"Una sera Anna sentì uno strano rumore nel parco verde.

Profumava di fiori.

Curiosamente Anna si avvicinò.

Dietro una staccionata Anna scoprì una coperta calda.

Volavano farfalle.

All'improvviso ronzò un'ape.

All'improvviso si alzò il vento.

Il vento aveva mosso una porta.

Così la paura divenne coraggio.

Ridere aiuta sempre."
921,Milo e il mistero,"Una sera Milo sentì uno strano rumore nel bosco vecchio.

Volavano farfalle.

Coraggiosamente Milo seguì il suono.

Dietro un albero Milo scoprì una mappa colorata.

Profumava di fiori.

All'improvviso si alzò il vento.

All'improvviso passò una farfalla danzando.

Era solo il postino.

Alla fine erano tutti felici.

I veri amici aiutano sempre."
922,La giornata più bella di Finn,"Una sera Finn sentì uno strano rumore nel campo giallo.

Il sole splendeva caldo.

Curiosamente Finn si avvicinò.

Dietro un muro Finn scoprì una moneta vecchia.

Un ruscello mormorava piano.

All'improvviso qualcosa frusciò forte.

All'improvviso bussarono.

Un ramo era caduto.

Così la giornata fu perfetta.

Il coraggio è premiato."
923,Nora e il tesoro,"Una sera Nora sentì uno strano rumore in un piccolo villaggio.

Tutto era calmo e sereno.

Coraggiosamente Nora seguì il suono.

Dietro una porta Nora scoprì la corda verde.

Il cielo era azzurro.

All'improvviso cadde una foglia.

All'improvviso ronzò un'ape.

Un riccio cercava cibo.

Tutti risero e tornarono a casa.

La curiosità porta a meraviglie."
924,Emma e il mistero,"Una sera Emma sentì uno strano rumore al mercato colorato.

Profumava di erba fresca.

Curiosamente Emma si avvicinò.

Dietro un cespuglio Emma scoprì la piccola lanterna.

Gli uccelli cantavano allegri.

All'improvviso passò una farfalla danzando.

All'improvviso cadde una foglia.

Un gatto aveva giocato.

L'avventura restò indimenticabile.

Insieme è tutto più facile."
925,Mia e il piano,"Una sera Mia sentì uno strano rumore presso il vecchio pozzo.

Gli uccelli cantavano allegri.

Coraggiosamente Mia seguì il suono.

Dietro una pietra Mia scoprì la bottiglia blu.

Profumava di erba fresca.

All'improvviso qualcuno rise.

All'improvviso abbaiò un cane.

Era solo il gatto curioso.

Tutti applaudirono di gioia.

Chi osa vince."
926,Anna e il viaggio,"Una sera Anna sentì uno strano rumore nel parco giochi.

Il cielo era azzurro.

Curiosamente Anna si avvicinò.

Dietro una staccionata Anna scoprì la borsa gialla.

Tutto era calmo e sereno.

All'improvviso abbaiò un cane.

All'improvviso gracchiò una rana.

L'orologio aveva suonato.

Così l'avventura finì bene.

La pazienza porta fortuna."
927,Milo e il ritrovamento,"Una sera Milo sentì uno strano rumore presso il fiume azzurro.

Un ruscello mormorava piano.

Coraggiosamente Milo seguì il suono.

Dietro un albero Milo scoprì la corda rossa.

Il sole splendeva caldo.

All'improvviso bussarono.

All'improvviso qualcosa frusciò forte.

Il gallo aveva cantato.

Tutti tornarono contenti.

Condividere fa piacere."
928,Finn e la scoperta,"Una sera Finn sentì uno strano rumore nel prato verde.

Profumava di fiori.

Curiosamente Finn si avvicinò.

Dietro un muro Finn scoprì il vecchio binocolo.

Volavano farfalle.

All'improvviso cadde una stella cadente.

All'improvviso qualcuno rise.

Il vento aveva mosso una porta.

Così la paura divenne coraggio.

Ridere aiuta sempre."
929,Nora e la gita,"Una sera Nora sentì uno strano rumore presso la grande quercia.

Volavano farfalle.

Coraggiosamente Nora seguì il suono.

Dietro una porta Nora scoprì il coltello piccolo.

Profumava di fiori.

All'improvviso gracchiò una rana.

All'improvviso cadde una stella cadente.

Era solo il postino.

Alla fine erano tutti felici.

I veri amici aiutano sempre."
930,Emma e la gara,"Una sera Emma sentì uno strano rumore nel parco verde.

Il sole splendeva caldo.

Curiosamente Emma si avvicinò.

Dietro un cespuglio Emma scoprì una coperta calda.

Un ruscello mormorava piano.

All'improvviso ronzò un'ape.

All'improvviso si alzò il vento.

Un ramo era caduto.

Così la giornata fu perfetta.

Il coraggio è premiato."
931,Mia e l'indovinello,"Una sera Mia sentì uno strano rumore nel bosco vecchio.

Tutto era calmo e sereno.

Coraggiosamente Mia seguì il suono.

Dietro una pietra Mia scoprì una mappa colorata.

Il cielo era azzurro.

All'improvviso si alzò il vento.

All'improvviso passò una farfalla danzando.

Un riccio cercava cibo.

Tutti risero e tornarono a casa.

La curiosità porta a meraviglie."
932,Anna e la sorpresa,"Una sera Anna sentì uno strano rumore nel campo giallo.

Profumava di erba fresca.

Curiosamente Anna si avvicinò.

Dietro una staccionata Anna scoprì una moneta vecchia.

Gli uccelli cantavano allegri.

All'improvviso qualcosa frusciò forte.

All'improvviso bussarono.

Un gatto aveva giocato.

L'avventura restò indimenticabile.

Insieme è tutto più facile."
933,Milo e la grande avventura,"Una sera Milo sentì uno strano rumore in un piccolo villaggio.

Gli uccelli cantavano allegri.

Coraggiosamente Milo seguì il suono.

Dietro un albero Milo scoprì la corda verde.

Profumava di erba fresca.

All'improvviso cadde una foglia.

All'improvviso ronzò un'ape.

Era solo il gatto curioso.

Tutti applaudirono di gioia.

Chi osa vince."
934,Finn e il mistero,"Una sera Finn sentì uno strano rumore al mercato colorato.

Il cielo era azzurro.

Curiosamente Finn si avvicinò.

Dietro un muro Finn scoprì la piccola lanterna.

Tutto era calmo e sereno.

All'improvviso passò una farfalla danzando.

All'improvviso cadde una foglia.

L'orologio aveva suonato.

Così l'avventura finì bene.

La pazienza porta fortuna."
935,La giornata più bella di Nora,"Una sera Nora sentì uno strano rumore presso il vecchio pozzo.

Un ruscello mormorava piano.

Coraggiosamente Nora seguì il suono.

Dietro una porta Nora scoprì la bottiglia blu.

Il sole splendeva caldo.

All'improvviso qualcuno rise.

All'improvviso abbaiò un cane.

Il gallo aveva cantato.

Tutti tornarono contenti.

Condividere fa piacere."
936,Emma e il tesoro,"Una sera Emma sentì uno strano rumore nel parco giochi.

Profumava di fiori.

Curiosamente Emma si avvicinò.

Dietro un cespuglio Emma scoprì la borsa gialla.

Volavano farfalle.

All'improvviso abbaiò un cane.

All'improvviso gracchiò una rana.

Il vento aveva mosso una porta.

Così la paura divenne coraggio.

Ridere aiuta sempre."
937,Mia e il mistero,"Una sera Mia sentì uno strano rumore presso il fiume azzurro.

Volavano farfalle.

Coraggiosamente Mia seguì il suono.

Dietro una pietra Mia scoprì la corda rossa.

Profumava di fiori.

All'improvviso bussarono.

All'improvviso qualcosa frusciò forte.

Era solo il postino.

Alla fine erano tutti felici.

I veri amici aiutano sempre."
938,Anna e il piano,"Una sera Anna sentì uno strano rumore nel prato verde.

Il sole splendeva caldo.

Curiosamente Anna si avvicinò.

Dietro una staccionata Anna scoprì il vecchio binocolo.

Un ruscello mormorava piano.

All'improvviso cadde una stella cadente.

All'improvviso qualcuno rise.

Un ramo era caduto.

Così la giornata fu perfetta.

Il coraggio è premiato."
939,Milo e il viaggio,"Una sera Milo sentì uno strano rumore presso la grande quercia.

Tutto era calmo e sereno.

Coraggiosamente Milo seguì il suono.

Dietro un albero Milo scoprì il coltello piccolo.

Il cielo era azzurro.

All'improvviso gracchiò una rana.

All'improvviso cadde una stella cadente.

Un riccio cercava cibo.

Tutti risero e tornarono a casa.

La curiosità porta a meraviglie."
940,Finn e il ritrovamento,"Una sera Finn sentì uno strano rumore nel parco verde.

Profumava di erba fresca.

Curiosamente Finn si avvicinò.

Dietro un muro Finn scoprì una coperta calda.

Gli uccelli cantavano allegri.

All'improvviso ronzò un'ape.

All'improvviso si alzò il vento.

Un gatto aveva giocato.

L'avventura restò indimenticabile.

Insieme è tutto più facile."
941,Finn e la scoperta,"Una sera Finn sentì uno strano rumore presso il fiume azzurro.

Un ruscello mormorava piano.

Curiosamente Finn si avvicinò.

Dietro un albero Finn scoprì la corda verde.

Profumava di fiori.

All'improvviso cadde una foglia.

All'improvviso passò una farfalla danzando.

Il gallo aveva cantato.

Alla fine erano tutti felici.

Chi osa vince."
942,Nora e la gita,"Una sera Nora sentì uno strano rumore nel prato verde.

Profumava di fiori.

Coraggiosamente Nora seguì il suono.

Dietro un muro Nora scoprì la piccola lanterna.

Un ruscello mormorava piano.

All'improvviso passò una farfalla danzando.

All'improvviso bussarono.

Il vento aveva mosso una porta.

Così la giornata fu perfetta.

La pazienza porta fortuna."
943,Emma e la gara,"Una sera Emma sentì uno strano rumore presso la grande quercia.

Volavano farfalle.

Curiosamente Emma si avvicinò.

Dietro una porta Emma scoprì la bottiglia blu.

Il cielo era azzurro.

All'improvviso qualcuno rise.

All'improvviso ronzò un'ape.

Era solo il postino.

Tutti risero e tornarono a casa.

Condividere fa piacere."
944,Mia e l'indovinello,"Una sera Mia sentì uno strano rumore nel parco verde.

Il sole splendeva caldo.

Coraggiosamente Mia seguì il suono.

Dietro un cespuglio Mia scoprì la borsa gialla.

Gli uccelli cantavano allegri.

All'improvviso abbaiò un cane.

All'improvviso cadde una foglia.

Un ramo era caduto.

L'avventura restò indimenticabile.

Ridere aiuta sempre."
945,Anna e la sorpresa,"Una sera Anna sentì uno strano rumore nel bosco vecchio.

Tutto era calmo e sereno.

Curiosamente Anna si avvicinò.

Dietro una pietra Anna scoprì la corda rossa.

Profumava di erba fresca.

All'improvviso bussarono.

All'improvviso abbaiò un cane.

Un riccio cercava cibo.

Tutti applaudirono di gioia.

I veri amici aiutano sempre."
946,Milo e la grande avventura,"Una sera Milo sentì uno strano rumore nel campo giallo.

Profumava di erba fresca.

Coraggiosamente Milo seguì il suono.

Dietro una staccionata Milo scoprì il vecchio binocolo.

Tutto era calmo e sereno.

All'improvviso cadde una stella cadente.

All'improvviso gracchiò una rana.

Un gatto aveva giocato.

Così l'avventura finì bene.

Il coraggio è premiato."
947,Finn e il mistero,"Una sera Finn sentì uno strano rumore in un piccolo villaggio.

Gli uccelli cantavano allegri.

Curiosamente Finn si avvicinò.

Dietro un albero Finn scoprì il coltello piccolo.

Il sole splendeva caldo.

All'improvviso gracchiò una rana.

All'improvviso qualcosa frusciò forte.

Era solo il gatto curioso.

Tutti tornarono contenti.

La curiosità porta a meraviglie."
948,La giornata più bella di Nora,"Una sera Nora sentì uno strano rumore al mercato colorato.

Il cielo era azzurro.

Coraggiosamente Nora seguì il suono.

Dietro un muro Nora scoprì una coperta calda.

Volavano farfalle.

All'improvviso ronzò un'ape.

All'improvviso qualcuno rise.

L'orologio aveva suonato.

Così la paura divenne coraggio.

Insieme è tutto più facile."
949,Emma e il tesoro,"Una sera Emma sentì uno strano rumore presso il vecchio pozzo.

Un ruscello mormorava piano.

Curiosamente Emma si avvicinò.

Dietro una porta Emma scoprì una mappa colorata.

Profumava di fiori.

All'improvviso si alzò il vento.

All'improvviso cadde una stella cadente.

Il gallo aveva cantato.

Alla fine erano tutti felici.

Chi osa vince."
950,Mia e il mistero,"Una sera Mia sentì uno strano rumore nel parco giochi.

Profumava di fiori.

Coraggiosamente Mia seguì il suono.

Dietro un cespuglio Mia scoprì una moneta vecchia.

Un ruscello mormorava piano.

All'improvviso qualcosa frusciò forte.

All'improvviso si alzò il vento.

Il vento aveva mosso una porta.

Così la giornata fu perfetta.

La pazienza porta fortuna."
951,Anna e il piano,"Una sera Anna sentì uno strano rumore presso il fiume azzurro.

Volavano farfalle.

Curiosamente Anna si avvicinò.

Dietro una pietra Anna scoprì la corda verde.

Il cielo era azzurro.

All'improvviso cadde una foglia.

All'improvviso passò una farfalla danzando.

Era solo il postino.

Tutti risero e tornarono a casa.

Condividere fa piacere."
952,Milo e il viaggio,"Una sera Milo sentì uno strano rumore nel prato verde.

Il sole splendeva caldo.

Coraggiosamente Milo seguì il suono.

Dietro una staccionata Milo scoprì la piccola lanterna.

Gli uccelli cantavano allegri.

All'improvviso passò una farfalla danzando.

All'improvviso bussarono.

Un ramo era caduto.

L'avventura restò indimenticabile.

Ridere aiuta sempre."
953,Finn e il ritrovamento,"Una sera Finn sentì uno strano rumore presso la grande quercia.

Tutto era calmo e sereno.

Curiosamente Finn si avvicinò.

Dietro un albero Finn scoprì la bottiglia blu.

Profumava di erba fresca.

All'improvviso qualcuno rise.

All'improvviso ronzò un'ape.

Un riccio cercava cibo.

Tutti applaudirono di gioia.

I veri amici aiutano sempre."
954,Nora e la scoperta,"Una sera Nora sentì uno strano rumore nel parco verde.

Profumava di erba fresca.

Coraggiosamente Nora seguì il suono.

Dietro un muro Nora scoprì la borsa gialla.

Tutto era calmo e sereno.

All'improvviso abbaiò un cane.

All'improvviso cadde una foglia.

Un gatto aveva giocato.

Così l'avventura finì bene.

Il coraggio è premiato."
955,Emma e la gita,"Una sera Emma sentì uno strano rumore nel bosco vecchio.

Gli uccelli cantavano allegri.

Curiosamente Emma si avvicinò.

Dietro una porta Emma scoprì la corda rossa.

Il sole splendeva caldo.

All'improvviso bussarono.

All'improvviso abbaiò un cane.

Era solo il gatto curioso.

Tutti tornarono contenti.

La curiosità porta a meraviglie."
956,Mia e la gara,"Una sera Mia sentì uno strano rumore nel campo giallo.

Il cielo era azzurro.

Coraggiosamente Mia seguì il suono.

Dietro un cespuglio Mia scoprì il vecchio binocolo.

Volavano farfalle.

All'improvviso cadde una stella cadente.

All'improvviso gracchiò una rana.

L'orologio aveva suonato.

Così la paura divenne coraggio.

Insieme è tutto più facile."
957,Anna e l'indovinello,"Una sera Anna sentì uno strano rumore in un piccolo villaggio.

Un ruscello mormorava piano.

Curiosamente Anna si avvicinò.

Dietro una pietra Anna scoprì il coltello piccolo.

Profumava di fiori.

All'improvviso gracchiò una rana.

All'improvviso qualcosa frusciò forte.

Il gallo aveva cantato.

Alla fine erano tutti felici.

Chi osa vince."
958,Milo e la sorpresa,"Una sera Milo sentì uno strano rumore al mercato colorato.

Profumava di fiori.

Coraggiosamente Milo seguì il suono.

Dietro una staccionata Milo scoprì una coperta calda.

Un ruscello mormorava piano.

All'improvviso ronzò un'ape.

All'improvviso qualcuno rise.

Il vento aveva mosso una porta.

Così la giornata fu perfetta.

La pazienza porta fortuna."
959,Finn e la grande avventura,"Una sera Finn sentì uno strano rumore presso il vecchio pozzo.

Volavano farfalle.

Curiosamente Finn si avvicinò.

Dietro un albero Finn scoprì una mappa colorata.

Il cielo era azzurro.

All'improvviso si alzò il vento.

All'improvviso cadde una stella cadente.

Era solo il postino.

Tutti risero e tornarono a casa.

Condividere fa piacere."
960,Nora e il mistero,"Una sera Nora sentì uno strano rumore nel parco giochi.

Il sole splendeva caldo.

Coraggiosamente Nora seguì il suono.

Dietro un muro Nora scoprì una moneta vecchia.

Gli uccelli cantavano allegri.

All'improvviso qualcosa frusciò forte.

All'improvviso si alzò il vento.

Un ramo era caduto.

L'avventura restò indimenticabile.

Ridere aiuta sempre."
961,La giornata più bella di Emma,"Una sera Emma sentì uno strano rumore presso il fiume azzurro.

Tutto era calmo e sereno.

Curiosamente Emma si avvicinò.

Dietro una porta Emma scoprì la corda verde.

Profumava di erba fresca.

All'improvviso cadde una foglia.

All'improvviso passò una farfalla danzando.

Un riccio cercava cibo.

Tutti applaudirono di gioia.

I veri amici aiutano sempre."
962,Mia e il tesoro,"Una sera Mia sentì uno strano rumore nel prato verde.

Profumava di erba fresca.

Coraggiosamente Mia seguì il suono.

Dietro un cespuglio Mia scoprì la piccola lanterna.

Tutto era calmo e sereno.

All'improvviso passò una farfalla danzando.

All'improvviso bussarono.

Un gatto aveva giocato.

Così l'avventura finì bene.

Il coraggio è premiato."
963,Anna e il mistero,"Una sera Anna sentì uno strano rumore presso la grande quercia.

Gli uccelli cantavano allegri.

Curiosamente Anna si avvicinò.

Dietro una pietra Anna scoprì la bottiglia blu.

Il sole splendeva caldo.

All'improvviso qualcuno rise.

All'improvviso ronzò un'ape.

Era solo il gatto curioso.

Tutti tornarono contenti.

La curiosità porta a meraviglie."
964,Milo e il piano,"Una sera Milo sentì uno strano rumore nel parco verde.

Il cielo era azzurro.

Coraggiosamente Milo seguì il suono.

Dietro una staccionata Milo scoprì la borsa gialla.

Volavano farfalle.

All'improvviso abbaiò un cane.

All'improvviso cadde una foglia.

L'orologio aveva suonato.

Così la paura divenne coraggio.

Insieme è tutto più facile."
965,Finn e il viaggio,"Una sera Finn sentì uno strano rumore nel bosco vecchio.

Un ruscello mormorava piano.

Curiosamente Finn si avvicinò.

Dietro un albero Finn scoprì la corda rossa.

Profumava di fiori.

All'improvviso bussarono.

All'improvviso abbaiò un cane.

Il gallo aveva cantato.

Alla fine erano tutti felici.

Chi osa vince."
966,Nora e il ritrovamento,"Una sera Nora sentì uno strano rumore nel campo giallo.

Profumava di fiori.

Coraggiosamente Nora seguì il suono.

Dietro un muro Nora scoprì il vecchio binocolo.

Un ruscello mormorava piano.

All'improvviso cadde una stella cadente.

All'improvviso gracchiò una rana.

Il vento aveva mosso una porta.

Così la giornata fu perfetta.

La pazienza porta fortuna."
967,Emma e la scoperta,"Una sera Emma sentì uno strano rumore in un piccolo villaggio.

Volavano farfalle.

Curiosamente Emma si avvicinò.

Dietro una porta Emma scoprì il coltello piccolo.

Il cielo era azzurro.

All'improvviso gracchiò una rana.

All'improvviso qualcosa frusciò forte.

Era solo il postino.

Tutti risero e tornarono a casa.

Condividere fa piacere."
968,Mia e la gita,"Una sera Mia sentì uno strano rumore al mercato colorato.

Il sole splendeva caldo.

Coraggiosamente Mia seguì il suono.

Dietro un cespuglio Mia scoprì una coperta calda.

Gli uccelli cantavano allegri.

All'improvviso ronzò un'ape.

All'improvviso qualcuno rise.

Un ramo era caduto.

L'avventura restò indimenticabile.

Ridere aiuta sempre."
969,Anna e la gara,"Una sera Anna sentì uno strano rumore presso il vecchio pozzo.

Tutto era calmo e sereno.

Curiosamente Anna si avvicinò.

Dietro una pietra Anna scoprì una mappa colorata.

Profumava di erba fresca.

All'improvviso si alzò il vento.

All'improvviso cadde una stella cadente.

Un riccio cercava cibo.

Tutti applaudirono di gioia.

I veri amici aiutano sempre."
970,Milo e l'indovinello,"Una sera Milo sentì uno strano rumore nel parco giochi.

Profumava di erba fresca.

Coraggiosamente Milo seguì il suono.

Dietro una staccionata Milo scoprì una moneta vecchia.

Tutto era calmo e sereno.

All'improvviso qualcosa frusciò forte.

All'improvviso si alzò il vento.

Un gatto aveva giocato.

Così l'avventura finì bene.

Il coraggio è premiato."
971,Finn e la sorpresa,"Una sera Finn sentì uno strano rumore presso il fiume azzurro.

Gli uccelli cantavano allegri.

Curiosamente Finn si avvicinò.

Dietro un albero Finn scoprì la corda verde.

Il sole splendeva caldo.

All'improvviso cadde una foglia.

All'improvviso passò una farfalla danzando.

Era solo il gatto curioso.

Tutti tornarono contenti.

La curiosità porta a meraviglie."
972,Nora e la grande avventura,"Una sera Nora sentì uno strano rumore nel prato verde.

Il cielo era azzurro.

Coraggiosamente Nora seguì il suono.

Dietro un muro Nora scoprì la piccola lanterna.

Volavano farfalle.

All'improvviso passò una farfalla danzando.

All'improvviso bussarono.

L'orologio aveva suonato.

Così la paura divenne coraggio.

Insieme è tutto più facile."
973,Emma e il mistero,"Una sera Emma sentì uno strano rumore presso la grande quercia.

Un ruscello mormorava piano.

Curiosamente Emma si avvicinò.

Dietro una porta Emma scoprì la bottiglia blu.

Profumava di fiori.

All'improvviso qualcuno rise.

All'improvviso ronzò un'ape.

Il gallo aveva cantato.

Alla fine erano tutti felici.

Chi osa vince."
974,La giornata più bella di Mia,"Una sera Mia sentì uno strano rumore nel parco verde.

Profumava di fiori.

Coraggiosamente Mia seguì il suono.

Dietro un cespuglio Mia scoprì la borsa gialla.

Un ruscello mormorava piano.

All'improvviso abbaiò un cane.

All'improvviso cadde una foglia.

Il vento aveva mosso una porta.

Così la giornata fu perfetta.

La pazienza porta fortuna."
975,Anna e il tesoro,"Una sera Anna sentì uno strano rumore nel bosco vecchio.

Volavano farfalle.

Curiosamente Anna si avvicinò.

Dietro una pietra Anna scoprì la corda rossa.

Il cielo era azzurro.

All'improvviso bussarono.

All'improvviso abbaiò un cane.

Era solo il postino.

Tutti risero e tornarono a casa.

Condividere fa piacere."
976,Milo e il mistero,"Una sera Milo sentì uno strano rumore nel campo giallo.

Il sole splendeva caldo.

Coraggiosamente Milo seguì il suono.

Dietro una staccionata Milo scoprì il vecchio binocolo.

Gli uccelli cantavano allegri.

All'improvviso cadde una stella cadente.

All'improvviso gracchiò una rana.

Un ramo era caduto.

L'avventura restò indimenticabile.

Ridere aiuta sempre."
977,Finn e il piano,"Una sera Finn sentì uno strano rumore in un piccolo villaggio.

Tutto era calmo e sereno.

Curiosamente Finn si avvicinò.

Dietro un albero Finn scoprì il coltello piccolo.

Profumava di erba fresca.

All'improvviso gracchiò una rana.

All'improvviso qualcosa frusciò forte.

Un riccio cercava cibo.

Tutti applaudirono di gioia.

I veri amici aiutano sempre."
978,Nora e il viaggio,"Una sera Nora sentì uno strano rumore al mercato colorato.

Profumava di erba fresca.

Coraggiosamente Nora seguì il suono.

Dietro un muro Nora scoprì una coperta calda.

Tutto era calmo e sereno.

All'improvviso ronzò un'ape.

All'improvviso qualcuno rise.

Un gatto aveva giocato.

Così l'avventura finì bene.

Il coraggio è premiato."
979,Emma e il ritrovamento,"Una sera Emma sentì uno strano rumore presso il vecchio pozzo.

Gli uccelli cantavano allegri.

Curiosamente Emma si avvicinò.

Dietro una porta Emma scoprì una mappa colorata.

Il sole splendeva caldo.

All'improvviso si alzò il vento.

All'improvviso cadde una stella cadente.

Era solo il gatto curioso.

Tutti tornarono contenti.

La curiosità porta a meraviglie."
980,Mia e la scoperta,"Una sera Mia sentì uno strano rumore nel parco giochi.

Il cielo era azzurro.

Coraggiosamente Mia seguì il suono.

Dietro un cespuglio Mia scoprì una moneta vecchia.

Volavano farfalle.

All'improvviso qualcosa frusciò forte.

All'improvviso si alzò il vento.

L'orologio aveva suonato.

Così la paura divenne coraggio.

Insieme è tutto più facile."
981,Anna e la gita,"Una sera Anna sentì uno strano rumore presso il fiume azzurro.

Un ruscello mormorava piano.

Curiosamente Anna si avvicinò.

Dietro una pietra Anna scoprì la corda verde.

Profumava di fiori.

All'improvviso cadde una foglia.

All'improvviso passò una farfalla danzando.

Il gallo aveva cantato.

Alla fine erano tutti felici.

Chi osa vince."
982,Milo e la gara,"Una sera Milo sentì uno strano rumore nel prato verde.

Profumava di fiori.

Coraggiosamente Milo seguì il suono.

Dietro una staccionata Milo scoprì la piccola lanterna.

Un ruscello mormorava piano.

All'improvviso passò una farfalla danzando.

All'improvviso bussarono.

Il vento aveva mosso una porta.

Così la giornata fu perfetta.

La pazienza porta fortuna."
983,Finn e l'indovinello,"Una sera Finn sentì uno strano rumore presso la grande quercia.

Volavano farfalle.

Curiosamente Finn si avvicinò.

Dietro un albero Finn scoprì la bottiglia blu.

Il cielo era azzurro.

All'improvviso qualcuno rise.

All'improvviso ronzò un'ape.

Era solo il postino.

Tutti risero e tornarono a casa.

Condividere fa piacere."
984,Nora e la sorpresa,"Una sera Nora sentì uno strano rumore nel parco verde.

Il sole splendeva caldo.

Coraggiosamente Nora seguì il suono.

Dietro un muro Nora scoprì la borsa gialla.

Gli uccelli cantavano allegri.

All'improvviso abbaiò un cane.

All'improvviso cadde una foglia.

Un ramo era caduto.

L'avventura restò indimenticabile.

Ridere aiuta sempre."
985,Emma e la grande avventura,"Una sera Emma sentì uno strano rumore nel bosco vecchio.

Tutto era calmo e sereno.

Curiosamente Emma si avvicinò.

Dietro una porta Emma scoprì la corda rossa.

Profumava di erba fresca.

All'improvviso bussarono.

All'improvviso abbaiò un cane.

Un riccio cercava cibo.

Tutti applaudirono di gioia.

I veri amici aiutano sempre."
986,Mia e il mistero,"Una sera Mia sentì uno strano rumore nel campo giallo.

Profumava di erba fresca.

Coraggiosamente Mia seguì il suono.

Dietro un cespuglio Mia scoprì il vecchio binocolo.

Tutto era calmo e sereno.

All'improvviso cadde una stella cadente.

All'improvviso gracchiò una rana.

Un gatto aveva giocato.

Così l'avventura finì bene.

Il coraggio è premiato."
987,La giornata più bella di Anna,"Una sera Anna sentì uno strano rumore in un piccolo villaggio.

Gli uccelli cantavano allegri.

Curiosamente Anna si avvicinò.

Dietro una pietra Anna scoprì il coltello piccolo.

Il sole splendeva caldo.

All'improvviso gracchiò una rana.

All'improvviso qualcosa frusciò forte.

Era solo il gatto curioso.

Tutti tornarono contenti.

La curiosità porta a meraviglie."
988,Milo e il tesoro,"Una sera Milo sentì uno strano rumore al mercato colorato.

Il cielo era azzurro.

Coraggiosamente Milo seguì il suono.

Dietro una staccionata Milo scoprì una coperta calda.

Volavano farfalle.

All'improvviso ronzò un'ape.

All'improvviso qualcuno rise.

L'orologio aveva suonato.

Così la paura divenne coraggio.

Insieme è tutto più facile."
989,Finn e il mistero,"Una sera Finn sentì uno strano rumore presso il vecchio pozzo.

Un ruscello mormorava piano.

Curiosamente Finn si avvicinò.

Dietro un albero Finn scoprì una mappa colorata.

Profumava di fiori.

All'improvviso si alzò il vento.

All'improvviso cadde una stella cadente.

Il gallo aveva cantato.

Alla fine erano tutti felici.

Chi osa vince."
990,Nora e il piano,"Una sera Nora sentì uno strano rumore nel parco giochi.

Profumava di fiori.

Coraggiosamente Nora seguì il suono.

Dietro un muro Nora scoprì una moneta vecchia.

Un ruscello mormorava piano.

All'improvviso qualcosa frusciò forte.

All'improvviso si alzò il vento.

Il vento aveva mosso una porta.

Così la giornata fu perfetta.

La pazienza porta fortuna."
991,Emma e il viaggio,"Una sera Emma sentì uno strano rumore presso il fiume azzurro.

Volavano farfalle.

Curiosamente Emma si avvicinò.

Dietro una porta Emma scoprì la corda verde.

Il cielo era azzurro.

All'improvviso cadde una foglia.

All'improvviso passò una farfalla danzando.

Era solo il postino.

Tutti risero e tornarono a casa.

Condividere fa piacere."
992,Mia e il ritrovamento,"Una sera Mia sentì uno strano rumore nel prato verde.

Il sole splendeva caldo.

Coraggiosamente Mia seguì il suono.

Dietro un cespuglio Mia scoprì la piccola lanterna.

Gli uccelli cantavano allegri.

All'improvviso passò una farfalla danzando.

All'improvviso bussarono.

Un ramo era caduto.

L'avventura restò indimenticabile.

Ridere aiuta sempre."
993,Anna e la scoperta,"Una sera Anna sentì uno strano rumore presso la grande quercia.

Tutto era calmo e sereno.

Curiosamente Anna si avvicinò.

Dietro una pietra Anna scoprì la bottiglia blu.

Profumava di erba fresca.

All'improvviso qualcuno rise.

All'improvviso ronzò un'ape.

Un riccio cercava cibo.

Tutti applaudirono di gioia.

I veri amici aiutano sempre."
994,Milo e la gita,"Una sera Milo sentì uno strano rumore nel parco verde.

Profumava di erba fresca.

Coraggiosamente Milo seguì il suono.

Dietro una staccionata Milo scoprì la borsa gialla.

Tutto era calmo e sereno.

All'improvviso abbaiò un cane.

All'improvviso cadde una foglia.

Un gatto aveva giocato.

Così l'avventura finì bene.

Il coraggio è premiato."
995,Finn e la gara,"Una sera Finn sentì uno strano rumore nel bosco vecchio.

Gli uccelli cantavano allegri.

Curiosamente Finn si avvicinò.

Dietro un albero Finn scoprì la corda rossa.

Il sole splendeva caldo.

All'improvviso bussarono.

All'improvviso abbaiò un cane.

Era solo il gatto curioso.

Tutti tornarono contenti.

La curiosità porta a meraviglie."
996,Nora e l'indovinello,"Una sera Nora sentì uno strano rumore nel campo giallo.

Il cielo era azzurro.

Coraggiosamente Nora seguì il suono.

Dietro un muro Nora scoprì il vecchio binocolo.

Volavano farfalle.

All'improvviso cadde una stella cadente.

All'improvviso gracchiò una rana.

L'orologio aveva suonato.

Così la paura divenne coraggio.

Insieme è tutto più facile."
997,Emma e la sorpresa,"Una sera Emma sentì uno strano rumore in un piccolo villaggio.

Un ruscello mormorava piano.

Curiosamente Emma si avvicinò.

Dietro una porta Emma scoprì il coltello piccolo.

Profumava di fiori.

All'improvviso gracchiò una rana.

All'improvviso qualcosa frusciò forte.

Il gallo aveva cantato.

Alla fine erano tutti felici.

Chi osa vince."
998,Mia e la grande avventura,"Una sera Mia sentì uno strano rumore al mercato colorato.

Profumava di fiori.

Coraggiosamente Mia seguì il suono.

Dietro un cespuglio Mia scoprì una coperta calda.

Un ruscello mormorava piano.

All'improvviso ronzò un'ape.

All'improvviso qualcuno rise.

Il vento aveva mosso una porta.

Così la giornata fu perfetta.

La pazienza porta fortuna."
999,Anna e il mistero,"Una sera Anna sentì uno strano rumore presso il vecchio pozzo.

Volavano farfalle.

Curiosamente Anna si avvicinò.

Dietro una pietra Anna scoprì una mappa colorata.

Il cielo era azzurro.

All'improvviso si alzò il vento.

All'improvviso cadde una stella cadente.

Era solo il postino.

Tutti risero e tornarono a casa.

Condividere fa piacere."
1000,La giornata più bella di Milo,"Una sera Milo sentì uno strano rumore nel parco giochi.

Il sole splendeva caldo.

Coraggiosamente Milo seguì il suono.

Dietro una staccionata Milo scoprì una moneta vecchia.

Gli uccelli cantavano allegri.

All'improvviso qualcosa frusciò forte.

All'improvviso si alzò il vento.

Un ramo era caduto.

L'avventura restò indimenticabile.

Ridere aiuta sempre."
