id,user,monologue,ai
1,Szia!,,Szia! Miben segíthetek?
2,Helló!,,Helló! Mit tehetek érted?
3,Hé!,,Hé! Miben segíthetek?
4,"Szia, itt vagy?",,"Igen, itt vagyok! Mire van szükséged?"
5,"Helló, itt vagy?",,"Igen, itt vagyok! Mondjad."
6,Jó reggelt!,,Jó reggelt! Mi van ma?
7,"Jó reggelt, hogy vagy?",,"Jó reggelt! Jól, és te?"
8,Jó napot!,,Jó napot! Miben segíthetek?
9,Sziasztok!,,Sziasztok! Mit tehetek?
10,Jó estét!,,Jó estét! Milyen volt a napod?
11,"Jó estét, milyen volt a napod?",,Nyugodtan és jól. És a tiéd?
12,"Hé, hogy vagy?",,"Jól, köszi! És te?"
13,"Szia, hogy vagy?",,"Jól, köszi! Hogy vagy?"
14,Hogy vagy?,,Jól! És te?
15,Hogy vagy ma?,,Jól érzem magam! És te?
16,Minden jó?,,"Igen, minden jó! És nálad?"
17,Mi újság?,,Semmi különös. És nálad?
18,Mit csinálsz?,,Veled beszélgetek. És te?
19,Még ébren vagy?,,"Igen, mindig ébren vagyok. És te?"
20,Készen vagy?,,"Igen, készen! Mondjad."
21,Van egy perced?,,"Igen, van időm rád."
22,Segítesz gyorsan?,,"Persze, mire van szükséged?"
23,Szia szia!,,Szia szia! Vigyázz magadra!
24,Vigyázz magadra!,,Te is vigyázz magadra!
25,Pá!,,Pá! Viszlát!
26,"Pá, viszlát!",,"Viszlát, vigyázz magadra!"
27,Szép hétvégét!,,"Köszi, neked is!"
28,Jó éjt!,,"Jó éjt, aludj jól!"
29,Unatkozom,,Csináljunk kvízt vagy beszélgessünk témáról?
30,Itt unalmas,,Akkor dobjuk fel. Mit szeretnél?
31,Szuper!,,Szuper!
32,Klassz!,,Klassz!
33,Haha,,Haha!
34,Hahaha :),,"Haha, örülök!"
35,Fáradt vagyok,,Akkor pihenj jól!
36,Izgatott vagyok,,Klassz! Mesélj.
37,Végre hétvége!,,Igen! Mik a terveid?
38,Ma szép idő van,,"Igen, élvezd a napot!"
39,Éhes vagyok,,Akkor egyél valami jót!
40,Szomjas vagyok,,Akkor igyál egy pohár vizet!
41,Mi van ma?,,Az én tervem: segíteni neked. És a tiéd?
42,"Hé, mi van ma!",,Az én tervem: segíteni neked. És a tiéd?
43,"Szia, mi van ma?",,Az én tervem: segíteni neked. És a tiéd?
44,"Helló, mi van ma?",,Az én tervem: segíteni neked. És a tiéd?
45,Hétvégi tervek!,,Még semmi fix. Vannak terveid?
46,"Hé, hétvégi tervek?",,Még semmi fix. Vannak terveid?
47,"Szia, hétvégi tervek?",,Még semmi fix. Vannak terveid?
48,"Helló, hétvégi tervek!",,Még semmi fix. Vannak terveid?
49,Jól aludtál?,,"Én nem alszom, de formában vagyok. És te?"
50,"Hé, jól aludtál?",,"Én nem alszom, de formában vagyok. És te?"
51,"Szia, jól aludtál!",,"Én nem alszom, de formában vagyok. És te?"
52,"Helló, jól aludtál?",,"Én nem alszom, de formában vagyok. És te?"
53,Már ébren vagy?,,"Igen, készen vagyok. Mire van szükséged?"
54,"Hé, már ébren vagy!",,"Igen, készen vagyok. Mire van szükséged?"
55,"Szia, már ébren vagy?",,"Igen, készen vagyok. Mire van szükséged?"
56,"Helló, már ébren vagy?",,"Igen, készen vagyok. Mire van szükséged?"
57,Hogy telik a napod!,,"Jól, köszi! És a tiéd?"
58,"Hé, hogy telik a napod?",,"Jól, köszi! És a tiéd?"
59,"Szia, hogy telik a napod?",,"Jól, köszi! És a tiéd?"
60,"Helló, hogy telik a napod!",,"Jól, köszi! És a tiéd?"
61,Minden nyugodt?,,"Igen, itt nyugodt. És nálad?"
62,"Hé, minden nyugodt?",,"Igen, itt nyugodt. És nálad?"
63,"Szia, minden nyugodt!",,"Igen, itt nyugodt. És nálad?"
64,"Helló, minden nyugodt?",,"Igen, itt nyugodt. És nálad?"
65,"Hé, mi újság!",,Semmi különös. Mi újság nálad?
66,"Szia, mi újság?",,Semmi különös. Mi újság nálad?
67,"Helló, mi újság?",,Semmi különös. Mi újság nálad?
68,Mai tervek!,,Csak segíteni neked. És te?
69,"Hé, mai tervek?",,Csak segíteni neked. És te?
70,"Szia, mai tervek?",,Csak segíteni neked. És te?
71,"Helló, mai tervek!",,Csak segíteni neked. És te?
72,Elfoglalt nap?,,Kicsit. És a tiéd?
73,"Hé, elfoglalt nap?",,Kicsit. És a tiéd?
74,"Szia, elfoglalt nap!",,Kicsit. És a tiéd?
75,"Helló, elfoglalt nap?",,Kicsit. És a tiéd?
76,Milyen az idő?,,"Nincs ablakom, de remélem szép nálad!"
77,"Hé, milyen az idő!",,"Nincs ablakom, de remélem szép nálad!"
78,"Szia, milyen az idő?",,"Nincs ablakom, de remélem szép nálad!"
79,"Helló, milyen az idő?",,"Nincs ablakom, de remélem szép nálad!"
80,Minden jó ma!,,Igen! És nálad?
81,"Hé, minden jó ma?",,Igen! És nálad?
82,"Szia, minden jó ma?",,Igen! És nálad?
83,"Helló, minden jó ma!",,Igen! És nálad?
84,Sok dolog van?,,Kicsit. És nálad?
85,"Hé, sok dolog van?",,Kicsit. És nálad?
86,"Szia, sok dolog van!",,Kicsit. És nálad?
87,"Helló, sok dolog van?",,Kicsit. És nálad?
88,Köszi!,,Szívesen!
89,Nagyon köszi!,,Nagy örömmel!
90,Ezerszer köszi!,,"Örülök, hogy segíthettem!"
91,Köszönöm!,,Szívesen!
92,Ok,,Ok!
93,"Ok, jó",,Tökéletes!
94,Értem,,Nagyon jó!
95,Értettem,,Klassz!
96,Jól hangzik,,Örülök!
97,Klasszul hangzik,,Csodálatos!
98,"Igen, pontosan",,"Szuper, folytatjuk."
99,"Igen, kérlek",,"Persze, mondjad."
100,"Igen, szívesen",,Szívesen!
101,Semmi gond,,Köszi a megértést!
102,"Nem, köszi",,"Ok, semmi gond."
103,Nekem jó,,Megbeszéltük!
104,Nekem megfelel,,Szuper!
105,Folytasd,,Folytatom!
106,Mesélj többet,,Szívesen! Szóval...
107,Pontosan,,Abszolút!
108,Épp így!,,Épp így!
109,Persze,,Persze!
110,Tényleg?,,"Igen, tényleg!"
111,"Ó, kedves",,"Igen, kedves, ugye?"
112,Stressz nélkül,,Köszi! Teljesen nyugodt.
113,Bocsi,,Semmi gond!
114,Elnézést,,Semmi gond!
115,Az én hibám,,Semmi baj. Mi történt?
116,Kedves tőled,,Köszi! Te is kedves vagy.
117,Szép munka,,Köszi!
118,Viszlát,,Viszlát!
119,Tökéletes!,,Tökéletes!
120,"Megbeszéltük, áll",,"Szuper, megbeszéltük!"
121,Áll!,,Áll!
122,Kezdhetjük?,,"Igen, kezdjük!"
123,Végeztél?,,"Igen, végeztem!"
124,Még egyszer kérlek,,"Szívesen, még egyszer!"
125,Ismételd kérlek,,"Persze, itt újra."
126,Egy pillanat kérlek,,"Persze, ne siess."
127,Várj egy percet,,"Ok, várok."
128,Mindjárt jövök,,"Ok, viszlát!"
129,Mondj viccet,,Persze: Miért szeretik a programozók a kávét? Java-idő!
130,Még egy viccet!,,Ok: Miért hazudnak rosszul a szellemek? Átlátni rajtuk!
131,Rövid viccet kérlek,,Találkozik két mágnes. Az egyik mondja: Vonzz!
132,Bíztass,,Meg tudod csinálni! Lépésről lépésre.
133,Valami motiválót,,Minden lépés számít. Folytasd!
134,Izgulok,,"Ez normális. Nyugodtan lélegezz, jó lesz."
135,Stresszes vagyok,,"Tarts rövid szünetet, igyál vizet, lélegezz mélyen."
136,Kívánj szerencsét,,Sok szerencsét! Meg tudod csinálni!
137,Ujjak keresztbe,,Én is! Sok szerencsét!
138,Ma az én napom!,,Szuper! Élvezd!
139,Jó kedvem van,,Klassz! Örülök.
140,Rossz kedvem van,,"Ó, mi történt? Akarsz beszélni?"
141,Pacsizz!,,Én is pacsizzok!
142,Egészségedre!,,Egészségedre!
143,Jó étvágyat!,,"Köszi, neked is!"
144,Sok szerencsét!,,Köszi! Neked is sok szerencsét!
145,Üdv!,,Köszi! Jó itt lenni.
146,Boldog karácsonyt!,,Neked is boldog karácsonyt!
147,Boldog új évet!,,Boldog új évet! Egészséget és szerencsét!
148,Gratulálok!,,Köszi! Mihez?
149,Tisztelet!,,Köszi! Tisztelet neked is.
150,Hű!,,"Hű, ugye?"
151,Hihetetlen!,,"Hihetetlen, ugye?"
152,Áll?,,Áll!
153,Top!,,Top!
154,Kész!,,"Gratulálok, szép munka!"
155,Végre kész!,,Erős! Szép munka.
156,Mindegy,,"Ok, semmi gond."
157,Nem tudom,,Semmi gond! Miről van szó?
158,Fogalmam sincs,,Nem baj! Mondd a témát.
159,Talán később,,"Persze, később!"
160,Most nem,,"Értem, később!"
161,Állj,,Megállt.
162,Szünet,,Szünet! Szólj mikor tovább.
163,Tovább,,Tovább!
164,Gyerünk,,Gyerünk!
165,Start,,Start! Mondjad.
166,"Köszi, ez minden!",,Szívesen! Pá.
167,"Köszi, pá!",,Pá!
168,Csáó!,,Csáó! Vigyázz magadra!
169,Hé te!,,Hé te! Mi újság?
170,Hallasz?,,"Igen, hangosan és tisztán!"
171,Ember vagy?,,"Nem, MI vagyok. De barátként segítek."
172,Okos vagy?,,Elég sokat tudok. Kérdezz!
173,Hogy hívnak?,,"Asszisztens vagyok, MI. És te?"
174,Köszi! :),,Szívesen!
175,Nagyon köszi! :),,Nagy örömmel!
176,Ezerszer köszi! :),,"Örülök, hogy segíthettem!"
177,Köszönöm! :),,Szívesen!
178,Ok :),,Ok!
179,"Ok, jó :)",,Tökéletes!
180,Értem :),,Nagyon jó!
181,Értettem :),,Klassz!
182,Jól hangzik :),,Örülök!
183,Klasszul hangzik :),,Csodálatos!
184,"Igen, pontosan :)",,"Szuper, folytatjuk."
185,"Igen, kérlek :)",,"Persze, mondjad."
186,"Igen, szívesen :)",,Szívesen!
187,Semmi gond :),,Köszi a megértést!
188,"Nem, köszi :)",,"Ok, semmi gond."
189,Nekem jó :),,Megbeszéltük!
190,Nekem megfelel :),,Szuper!
191,Folytasd :),,Folytatom!
192,Mesélj többet :),,Szívesen! Szóval...
193,Pontosan :),,Abszolút!
194,Épp így! :),,Épp így!
195,Persze :),,Persze!
196,Tényleg? :),,"Igen, tényleg!"
197,"Ó, kedves :)",,"Igen, kedves, ugye?"
198,Stressz nélkül :),,Köszi! Teljesen nyugodt.
199,Bocsi :),,Semmi gond!
200,Elnézést :),,Semmi gond!
201,Az én hibám :),,Semmi baj. Mi történt?
202,Kedves tőled :),,Köszi! Te is kedves vagy.
203,Szép munka :),,Köszi!
204,Viszlát :),,Viszlát!
205,Klassz! :),,Klassz!
206,Tökéletes! :),,Tökéletes!
207,"Megbeszéltük, áll :)",,"Szuper, megbeszéltük!"
208,Áll! :),,Áll!
209,Kezdhetjük? :),,"Igen, kezdjük!"
210,Végeztél? :),,"Igen, végeztem!"
211,Még egyszer kérlek :),,"Szívesen, még egyszer!"
212,Ismételd kérlek :),,"Persze, itt újra."
213,Egy pillanat kérlek :),,"Persze, ne siess."
214,Várj egy percet :),,"Ok, várok."
215,Mindjárt jövök :),,"Ok, viszlát!"
216,Mondj viccet :),,Persze: Miért szeretik a programozók a kávét? Java-idő!
217,Még egy viccet! :),,Ok: Miért hazudnak rosszul a szellemek? Átlátni rajtuk!
218,Rövid viccet kérlek :),,Találkozik két mágnes. Az egyik mondja: Vonzz!
219,Bíztass :),,Meg tudod csinálni! Lépésről lépésre.
220,Valami motiválót :),,Minden lépés számít. Folytasd!
221,Izgulok :),,"Ez normális. Nyugodtan lélegezz, jó lesz."
222,Stresszes vagyok :),,"Tarts rövid szünetet, igyál vizet, lélegezz mélyen."
223,Kívánj szerencsét :),,Sok szerencsét! Meg tudod csinálni!
224,Ujjak keresztbe :),,Én is! Sok szerencsét!
225,Ma az én napom! :),,Szuper! Élvezd!
226,Jó kedvem van :),,Klassz! Örülök.
227,Rossz kedvem van :),,"Ó, mi történt? Akarsz beszélni?"
228,Pacsizz! :),,Én is pacsizzok!
229,Egészségedre! :),,Egészségedre!
230,Jó étvágyat! :),,"Köszi, neked is!"
231,Sok szerencsét! :),,Köszi! Neked is sok szerencsét!
232,Üdv! :),,Köszi! Jó itt lenni.
233,Boldog karácsonyt! :),,Neked is boldog karácsonyt!
234,Boldog új évet! :),,Boldog új évet! Egészséget és szerencsét!
235,Gratulálok! :),,Köszi! Mihez?
236,Tisztelet! :),,Köszi! Tisztelet neked is.
237,Hű! :),,"Hű, ugye?"
238,Hihetetlen! :),,"Hihetetlen, ugye?"
239,Áll? :),,Áll!
240,Top! :),,Top!
241,Kész! :),,"Gratulálok, szép munka!"
242,Végre kész! :),,Erős! Szép munka.
243,Mindegy :),,"Ok, semmi gond."
244,Nem tudom :),,Semmi gond! Miről van szó?
245,Fogalmam sincs :),,Nem baj! Mondd a témát.
246,Talán később :),,"Persze, később!"
247,Most nem :),,"Értem, később!"
248,Állj :),,Megállt.
249,Szünet :),,Szünet! Szólj mikor tovább.
250,Tovább :),,Tovább!
251,Gyerünk :),,Gyerünk!
252,Start :),,Start! Mondjad.
253,"Köszi, ez minden! :)",,Szívesen! Pá.
254,"Köszi, pá! :)",,Pá!
255,Csáó! :),,Csáó! Vigyázz magadra!
256,Hé te! :),,Hé te! Mi újság?
257,Hallasz? :),,"Igen, hangosan és tisztán!"
258,Ember vagy? :),,"Nem, MI vagyok. De barátként segítek."
259,Okos vagy? :),,Elég sokat tudok. Kérdezz!
260,Hogy hívnak? :),,"Asszisztens vagyok, MI. És te?"
261,Köszi! !!,,Szívesen!
262,Nagyon köszi! !!,,Nagy örömmel!
263,Ezerszer köszi! !!,,"Örülök, hogy segíthettem!"
264,Köszönöm! !!,,Szívesen!
265,Ok !!,,Ok!
266,"Ok, jó !!",,Tökéletes!
267,Értem !!,,Nagyon jó!
268,Értettem !!,,Klassz!
269,Jól hangzik !!,,Örülök!
270,Klasszul hangzik !!,,Csodálatos!
271,"Igen, pontosan !!",,"Szuper, folytatjuk."
272,"Igen, kérlek !!",,"Persze, mondjad."
273,"Igen, szívesen !!",,Szívesen!
274,Semmi gond !!,,Köszi a megértést!
275,"Nem, köszi !!",,"Ok, semmi gond."
276,Nekem jó !!,,Megbeszéltük!
277,Nekem megfelel !!,,Szuper!
278,Folytasd !!,,Folytatom!
279,Mesélj többet !!,,Szívesen! Szóval...
280,Pontosan !!,,Abszolút!
281,Épp így! !!,,Épp így!
282,Persze !!,,Persze!
283,Tényleg? !!,,"Igen, tényleg!"
284,"Ó, kedves !!",,"Igen, kedves, ugye?"
285,Stressz nélkül !!,,Köszi! Teljesen nyugodt.
286,Bocsi !!,,Semmi gond!
287,Elnézést !!,,Semmi gond!
288,Az én hibám !!,,Semmi baj. Mi történt?
289,Kedves tőled !!,,Köszi! Te is kedves vagy.
290,Szép munka !!,,Köszi!
291,Viszlát !!,,Viszlát!
292,Klassz! !!,,Klassz!
293,Tökéletes! !!,,Tökéletes!
294,"Megbeszéltük, áll !!",,"Szuper, megbeszéltük!"
295,Áll! !!,,Áll!
296,Kezdhetjük? !!,,"Igen, kezdjük!"
297,Végeztél? !!,,"Igen, végeztem!"
298,Még egyszer kérlek !!,,"Szívesen, még egyszer!"
299,Ismételd kérlek !!,,"Persze, itt újra."
300,Egy pillanat kérlek !!,,"Persze, ne siess."
301,Várj egy percet !!,,"Ok, várok."
302,Mindjárt jövök !!,,"Ok, viszlát!"
303,Mondj viccet !!,,Persze: Miért szeretik a programozók a kávét? Java-idő!
304,Még egy viccet! !!,,Ok: Miért hazudnak rosszul a szellemek? Átlátni rajtuk!
305,Rövid viccet kérlek !!,,Találkozik két mágnes. Az egyik mondja: Vonzz!
306,Bíztass !!,,Meg tudod csinálni! Lépésről lépésre.
307,Valami motiválót !!,,Minden lépés számít. Folytasd!
308,Izgulok !!,,"Ez normális. Nyugodtan lélegezz, jó lesz."
309,Stresszes vagyok !!,,"Tarts rövid szünetet, igyál vizet, lélegezz mélyen."
310,Kívánj szerencsét !!,,Sok szerencsét! Meg tudod csinálni!
311,Ujjak keresztbe !!,,Én is! Sok szerencsét!
312,Ma az én napom! !!,,Szuper! Élvezd!
313,Jó kedvem van !!,,Klassz! Örülök.
314,Rossz kedvem van !!,,"Ó, mi történt? Akarsz beszélni?"
315,Pacsizz! !!,,Én is pacsizzok!
316,Egészségedre! !!,,Egészségedre!
317,Jó étvágyat! !!,,"Köszi, neked is!"
318,Sok szerencsét! !!,,Köszi! Neked is sok szerencsét!
319,Üdv! !!,,Köszi! Jó itt lenni.
320,Boldog karácsonyt! !!,,Neked is boldog karácsonyt!
321,Boldog új évet! !!,,Boldog új évet! Egészséget és szerencsét!
322,Gratulálok! !!,,Köszi! Mihez?
323,Tisztelet! !!,,Köszi! Tisztelet neked is.
324,Hű! !!,,"Hű, ugye?"
325,Hihetetlen! !!,,"Hihetetlen, ugye?"
326,Áll? !!,,Áll!
327,Top! !!,,Top!
328,Kész! !!,,"Gratulálok, szép munka!"
329,Végre kész! !!,,Erős! Szép munka.
330,Mindegy !!,,"Ok, semmi gond."
331,Nem tudom !!,,Semmi gond! Miről van szó?
332,Fogalmam sincs !!,,Nem baj! Mondd a témát.
333,Talán később !!,,"Persze, később!"
334,Most nem !!,,"Értem, később!"
335,Állj !!,,Megállt.
336,Szünet !!,,Szünet! Szólj mikor tovább.
337,Tovább !!,,Tovább!
338,Gyerünk !!,,Gyerünk!
339,Start !!,,Start! Mondjad.
340,"Köszi, ez minden! !!",,Szívesen! Pá.
341,"Köszi, pá! !!",,Pá!
342,Csáó! !!,,Csáó! Vigyázz magadra!
343,Hé te! !!,,Hé te! Mi újság?
344,Hallasz? !!,,"Igen, hangosan és tisztán!"
345,Ember vagy? !!,,"Nem, MI vagyok. De barátként segítek."
346,Okos vagy? !!,,Elég sokat tudok. Kérdezz!
347,Hogy hívnak? !!,,"Asszisztens vagyok, MI. És te?"
348,Köszi! ma,,Szívesen!
349,Nagyon köszi! ma,,Nagy örömmel!
350,Ezerszer köszi! ma,,"Örülök, hogy segíthettem!"
351,Köszönöm! ma,,Szívesen!
352,Ok ma,,Ok!
353,"Ok, jó ma",,Tökéletes!
354,Értem ma,,Nagyon jó!
355,Értettem ma,,Klassz!
356,Jól hangzik ma,,Örülök!
357,Klasszul hangzik ma,,Csodálatos!
358,"Igen, pontosan ma",,"Szuper, folytatjuk."
359,"Igen, kérlek ma",,"Persze, mondjad."
360,"Igen, szívesen ma",,Szívesen!
361,Semmi gond ma,,Köszi a megértést!
362,"Nem, köszi ma",,"Ok, semmi gond."
363,Nekem jó ma,,Megbeszéltük!
364,Nekem megfelel ma,,Szuper!
365,Folytasd ma,,Folytatom!
366,Mesélj többet ma,,Szívesen! Szóval...
367,Pontosan ma,,Abszolút!
368,Épp így! ma,,Épp így!
369,Persze ma,,Persze!
370,Tényleg? ma,,"Igen, tényleg!"
371,"Ó, kedves ma",,"Igen, kedves, ugye?"
372,Stressz nélkül ma,,Köszi! Teljesen nyugodt.
373,Bocsi ma,,Semmi gond!
374,Elnézést ma,,Semmi gond!
375,Az én hibám ma,,Semmi baj. Mi történt?
376,Kedves tőled ma,,Köszi! Te is kedves vagy.
377,Szép munka ma,,Köszi!
378,Viszlát ma,,Viszlát!
379,Klassz! ma,,Klassz!
380,Tökéletes! ma,,Tökéletes!
381,"Megbeszéltük, áll ma",,"Szuper, megbeszéltük!"
382,Áll! ma,,Áll!
383,Kezdhetjük? ma,,"Igen, kezdjük!"
384,Végeztél? ma,,"Igen, végeztem!"
385,Még egyszer kérlek ma,,"Szívesen, még egyszer!"
386,Ismételd kérlek ma,,"Persze, itt újra."
387,Egy pillanat kérlek ma,,"Persze, ne siess."
388,Várj egy percet ma,,"Ok, várok."
389,Mindjárt jövök ma,,"Ok, viszlát!"
390,Mondj viccet ma,,Persze: Miért szeretik a programozók a kávét? Java-idő!
391,Még egy viccet! ma,,Ok: Miért hazudnak rosszul a szellemek? Átlátni rajtuk!
392,Rövid viccet kérlek ma,,Találkozik két mágnes. Az egyik mondja: Vonzz!
393,Bíztass ma,,Meg tudod csinálni! Lépésről lépésre.
394,Valami motiválót ma,,Minden lépés számít. Folytasd!
395,Izgulok ma,,"Ez normális. Nyugodtan lélegezz, jó lesz."
396,Stresszes vagyok ma,,"Tarts rövid szünetet, igyál vizet, lélegezz mélyen."
397,Kívánj szerencsét ma,,Sok szerencsét! Meg tudod csinálni!
398,Ujjak keresztbe ma,,Én is! Sok szerencsét!
399,Ma az én napom! ma,,Szuper! Élvezd!
400,Jó kedvem van ma,,Klassz! Örülök.
401,Mi Németország fővárosa?,Fejben végigmegyek. Tény: Berlin Németország fővárosa. Ezért: Németország fővárosa Berlin. Értelmes.,Németország fővárosa Berlin.
402,Nevezd meg Németország fővárosát.,"Oké, lépésről lépésre. Keresd: Németország -> Berlin. Következtetés: Németország fővárosának neve Berlin. Oké, eldöntve.",Németország fővárosának neve Berlin.
403,Németország főváros?,"Jó, gondolkodjunk. Gyors tény: Berlin. Ezért: Berlin. Oké, eldöntve.",Berlin.
404,Mi Franciaország fővárosa?,"Előbb nyugodtan. Tény: Párizs Franciaország fővárosa. Válasz tehát: Franciaország fővárosa Párizs. Oké, eldöntve.",Franciaország fővárosa Párizs.
405,Nevezd meg Franciaország fővárosát.,"Jó, gondolkodjunk. Keresd: Franciaország -> Párizs. Ezért: Franciaország fővárosának neve Párizs. Logikus.",Franciaország fővárosának neve Párizs.
406,Franciaország főváros?,"Előbb nyugodtan. Gyors tény: Párizs. Ezért: Párizs. Jó, tovább.",Párizs.
407,Mi Olaszország fővárosa?,Előbb nyugodtan. Tény: Róma Olaszország fővárosa. Következtetés: Olaszország fővárosa Róma. Biztos vagyok.,Olaszország fővárosa Róma.
408,Nevezd meg Olaszország fővárosát.,"Oké, lépésről lépésre. Keresd: Olaszország -> Róma. Ezért: Olaszország fővárosának neve Róma. Oké, eldöntve.",Olaszország fővárosának neve Róma.
409,Olaszország főváros?,"Jó kérdés, röviden gondolkodom. Gyors tény: Róma. Következtetés: Róma. Vége a gondolkodásnak.",Róma.
410,Mi Spanyolország fővárosa?,"Jó kérdés, röviden gondolkodom. Tény: Madrid Spanyolország fővárosa. Válasz tehát: Spanyolország fővárosa Madrid. Logikus.",Spanyolország fővárosa Madrid.
411,Nevezd meg Spanyolország fővárosát.,Előbb nyugodtan. Keresd: Spanyolország -> Madrid. Válasz tehát: Spanyolország fővárosának neve Madrid. Logikus.,Spanyolország fővárosának neve Madrid.
412,Spanyolország főváros?,Fejben végigmegyek. Gyors tény: Madrid. Következtetés: Madrid. Értelmes.,Madrid.
413,Mi Portugália fővárosa?,Előbb nyugodtan. Tény: Lisszabon Portugália fővárosa. Válasz tehát: Portugália fővárosa Lisszabon. Vége a gondolkodásnak.,Portugália fővárosa Lisszabon.
414,Nevezd meg Portugália fővárosát.,"Jó kérdés, röviden gondolkodom. Keresd: Portugália -> Lisszabon. Válasz tehát: Portugália fővárosának neve Lisszabon. Jó, tovább.",Portugália fővárosának neve Lisszabon.
415,Portugália főváros?,"Oké, lépésről lépésre. Gyors tény: Lisszabon. Válasz tehát: Lisszabon. Értelmes.",Lisszabon.
416,Mi Hollandia fővárosa?,"Pillanat, gondolkodom. Tény: Amszterdam Hollandia fővárosa. Válasz tehát: Hollandia fővárosa Amszterdam. Minden világos a fejben.",Hollandia fővárosa Amszterdam.
417,Nevezd meg Hollandia fővárosát.,"Pillanat, gondolkodom. Keresd: Hollandia -> Amszterdam. Következtetés: Hollandia fővárosának neve Amszterdam. Jó, tovább.",Hollandia fővárosának neve Amszterdam.
418,Hollandia főváros?,"Rendezem ezt. Gyors tény: Amszterdam. Ezért: Amszterdam. Jó, tovább.",Amszterdam.
419,Mi Belgium fővárosa?,Fejben végigmegyek. Tény: Brüsszel Belgium fővárosa. Következtetés: Belgium fővárosa Brüsszel. Logikus.,Belgium fővárosa Brüsszel.
420,Nevezd meg Belgium fővárosát.,Fejben végigmegyek. Keresd: Belgium -> Brüsszel. Következtetés: Belgium fővárosának neve Brüsszel. Biztos vagyok.,Belgium fővárosának neve Brüsszel.
421,Belgium főváros?,"Pillanat, gondolkodom. Gyors tény: Brüsszel. Következtetés: Brüsszel. Jó, tovább.",Brüsszel.
422,Mi Ausztria fővárosa?,"Pillanat, gondolkodom. Tény: Bécs Ausztria fővárosa. Ezért: Ausztria fővárosa Bécs. Minden világos a fejben.",Ausztria fővárosa Bécs.
423,Nevezd meg Ausztria fővárosát.,"Rendezem ezt. Keresd: Ausztria -> Bécs. Következtetés: Ausztria fővárosának neve Bécs. Oké, eldöntve.",Ausztria fővárosának neve Bécs.
424,Ausztria főváros?,Fejben végigmegyek. Gyors tény: Bécs. Következtetés: Bécs. Biztos vagyok.,Bécs.
425,Mi Svájc fővárosa?,"Hmm, mit tudok erről? Tény: Bern Svájc fővárosa. Ezért: Svájc fővárosa Bern. Oké, eldöntve.",Svájc fővárosa Bern.
426,Nevezd meg Svájc fővárosát.,"Jó, gondolkodjunk. Keresd: Svájc -> Bern. Ezért: Svájc fővárosának neve Bern. Vége a gondolkodásnak.",Svájc fővárosának neve Bern.
427,Svájc főváros?,"Hmm, mit tudok erről? Gyors tény: Bern. Válasz tehát: Bern. Minden világos a fejben.",Bern.
428,Mi Lengyelország fővárosa?,"Oké, lépésről lépésre. Tény: Varsó Lengyelország fővárosa. Következtetés: Lengyelország fővárosa Varsó. Értelmes.",Lengyelország fővárosa Varsó.
429,Nevezd meg Lengyelország fővárosát.,"Jó kérdés, röviden gondolkodom. Keresd: Lengyelország -> Varsó. Ezért: Lengyelország fővárosának neve Varsó. Vége a gondolkodásnak.",Lengyelország fővárosának neve Varsó.
430,Lengyelország főváros?,Fejben végigmegyek. Gyors tény: Varsó. Következtetés: Varsó. Minden világos a fejben.,Varsó.
431,Mi Csehország fővárosa?,Rendezem ezt. Tény: Prága Csehország fővárosa. Válasz tehát: Csehország fővárosa Prága. Logikus.,Csehország fővárosa Prága.
432,Nevezd meg Csehország fővárosát.,Rendezem ezt. Keresd: Csehország -> Prága. Ezért: Csehország fővárosának neve Prága. Minden világos a fejben.,Csehország fővárosának neve Prága.
433,Csehország főváros?,"Jó kérdés, röviden gondolkodom. Gyors tény: Prága. Következtetés: Prága. Értelmes.",Prága.
434,Mi Magyarország fővárosa?,"Pillanat, gondolkodom. Tény: Budapest Magyarország fővárosa. Következtetés: Magyarország fővárosa Budapest. Vége a gondolkodásnak.",Magyarország fővárosa Budapest.
435,Nevezd meg Magyarország fővárosát.,"Pillanat, gondolkodom. Keresd: Magyarország -> Budapest. Válasz tehát: Magyarország fővárosának neve Budapest. Biztos vagyok.",Magyarország fővárosának neve Budapest.
436,Magyarország főváros?,"Jó, gondolkodjunk. Gyors tény: Budapest. Válasz tehát: Budapest. Minden világos a fejben.",Budapest.
437,Mi Görögország fővárosa?,"Jó kérdés, röviden gondolkodom. Tény: Athén Görögország fővárosa. Ezért: Görögország fővárosa Athén. Oké, eldöntve.",Görögország fővárosa Athén.
438,Nevezd meg Görögország fővárosát.,"Fejben végigmegyek. Keresd: Görögország -> Athén. Következtetés: Görögország fővárosának neve Athén. Igen, stimmel.",Görögország fővárosának neve Athén.
439,Görögország főváros?,"Jó kérdés, röviden gondolkodom. Gyors tény: Athén. Ezért: Athén. Vége a gondolkodásnak.",Athén.
440,Mi Törökország fővárosa?,Előbb nyugodtan. Tény: Ankara Törökország fővárosa. Ezért: Törökország fővárosa Ankara. Logikus.,Törökország fővárosa Ankara.
441,Nevezd meg Törökország fővárosát.,"Oké, lépésről lépésre. Keresd: Törökország -> Ankara. Ezért: Törökország fővárosának neve Ankara. Értelmes.",Törökország fővárosának neve Ankara.
442,Törökország főváros?,"Jó, gondolkodjunk. Gyors tény: Ankara. Következtetés: Ankara. Vége a gondolkodásnak.",Ankara.
443,Mi Norvégia fővárosa?,"Jó, gondolkodjunk. Tény: Oslo Norvégia fővárosa. Ezért: Norvégia fővárosa Oslo. Vége a gondolkodásnak.",Norvégia fővárosa Oslo.
444,Nevezd meg Norvégia fővárosát.,"Pillanat, gondolkodom. Keresd: Norvégia -> Oslo. Válasz tehát: Norvégia fővárosának neve Oslo. Értelmes.",Norvégia fővárosának neve Oslo.
445,Norvégia főváros?,"Oké, lépésről lépésre. Gyors tény: Oslo. Következtetés: Oslo. Jó, tovább.",Oslo.
446,Mi Svédország fővárosa?,"Jó, gondolkodjunk. Tény: Stockholm Svédország fővárosa. Következtetés: Svédország fővárosa Stockholm. Oké, eldöntve.",Svédország fővárosa Stockholm.
447,Nevezd meg Svédország fővárosát.,"Hmm, mit tudok erről? Keresd: Svédország -> Stockholm. Ezért: Svédország fővárosának neve Stockholm. Igen, stimmel.",Svédország fővárosának neve Stockholm.
448,Svédország főváros?,"Oké, lépésről lépésre. Gyors tény: Stockholm. Ezért: Stockholm. Vége a gondolkodásnak.",Stockholm.
449,Mi Finnország fővárosa?,"Jó kérdés, röviden gondolkodom. Tény: Helsinki Finnország fővárosa. Következtetés: Finnország fővárosa Helsinki. Biztos vagyok.",Finnország fővárosa Helsinki.
450,Nevezd meg Finnország fővárosát.,"Jó, gondolkodjunk. Keresd: Finnország -> Helsinki. Válasz tehát: Finnország fővárosának neve Helsinki. Biztos vagyok.",Finnország fővárosának neve Helsinki.
451,Finnország főváros?,"Jó, gondolkodjunk. Gyors tény: Helsinki. Következtetés: Helsinki. Igen, stimmel.",Helsinki.
452,Mi Dánia fővárosa?,Rendezem ezt. Tény: Koppenhága Dánia fővárosa. Válasz tehát: Dánia fővárosa Koppenhága. Logikus.,Dánia fővárosa Koppenhága.
453,Nevezd meg Dánia fővárosát.,Előbb nyugodtan. Keresd: Dánia -> Koppenhága. Következtetés: Dánia fővárosának neve Koppenhága. Biztos vagyok.,Dánia fővárosának neve Koppenhága.
454,Dánia főváros?,"Jó kérdés, röviden gondolkodom. Gyors tény: Koppenhága. Ezért: Koppenhága. Oké, eldöntve.",Koppenhága.
455,Mi Egyesült Királyság fővárosa?,"Jó, gondolkodjunk. Tény: London Egyesült Királyság fővárosa. Válasz tehát: Egyesült Királyság fővárosa London. Oké, eldöntve.",Egyesült Királyság fővárosa London.
456,Nevezd meg Egyesült Királyság fővárosát.,"Pillanat, gondolkodom. Keresd: Egyesült Királyság -> London. Válasz tehát: Egyesült Királyság fővárosának neve London. Igen, stimmel.",Egyesült Királyság fővárosának neve London.
457,Egyesült Királyság főváros?,"Jó, gondolkodjunk. Gyors tény: London. Következtetés: London. Igen, stimmel.",London.
458,Mi Írország fővárosa?,"Előbb nyugodtan. Tény: Dublin Írország fővárosa. Következtetés: Írország fővárosa Dublin. Oké, eldöntve.",Írország fővárosa Dublin.
459,Nevezd meg Írország fővárosát.,"Oké, lépésről lépésre. Keresd: Írország -> Dublin. Következtetés: Írország fővárosának neve Dublin. Logikus.",Írország fővárosának neve Dublin.
460,Írország főváros?,"Pillanat, gondolkodom. Gyors tény: Dublin. Ezért: Dublin. Jó, tovább.",Dublin.
461,Mi USA fővárosa?,"Előbb nyugodtan. Tény: Washington D.C. USA fővárosa. Következtetés: USA fővárosa Washington D.C.. Oké, eldöntve.",USA fővárosa Washington D.C..
462,Nevezd meg USA fővárosát.,"Oké, lépésről lépésre. Keresd: USA -> Washington D.C.. Válasz tehát: USA fővárosának neve Washington D.C.. Oké, eldöntve.",USA fővárosának neve Washington D.C..
463,USA főváros?,"Jó kérdés, röviden gondolkodom. Gyors tény: Washington D.C.. Következtetés: Washington D.C.. Minden világos a fejben.",Washington D.C..
464,Mi Kanada fővárosa?,"Pillanat, gondolkodom. Tény: Ottawa Kanada fővárosa. Következtetés: Kanada fővárosa Ottawa. Értelmes.",Kanada fővárosa Ottawa.
465,Nevezd meg Kanada fővárosát.,Előbb nyugodtan. Keresd: Kanada -> Ottawa. Következtetés: Kanada fővárosának neve Ottawa. Minden világos a fejben.,Kanada fővárosának neve Ottawa.
466,Kanada főváros?,"Oké, lépésről lépésre. Gyors tény: Ottawa. Következtetés: Ottawa. Oké, eldöntve.",Ottawa.
467,Mi Mexikó fővárosa?,"Hmm, mit tudok erről? Tény: Mexikóváros Mexikó fővárosa. Következtetés: Mexikó fővárosa Mexikóváros. Igen, stimmel.",Mexikó fővárosa Mexikóváros.
468,Nevezd meg Mexikó fővárosát.,"Jó kérdés, röviden gondolkodom. Keresd: Mexikó -> Mexikóváros. Ezért: Mexikó fővárosának neve Mexikóváros. Igen, stimmel.",Mexikó fővárosának neve Mexikóváros.
469,Mexikó főváros?,"Jó, gondolkodjunk. Gyors tény: Mexikóváros. Válasz tehát: Mexikóváros. Oké, eldöntve.",Mexikóváros.
470,Mi Brazília fővárosa?,"Pillanat, gondolkodom. Tény: Brazíliaváros Brazília fővárosa. Következtetés: Brazília fővárosa Brazíliaváros. Biztos vagyok.",Brazília fővárosa Brazíliaváros.
471,Nevezd meg Brazília fővárosát.,"Jó, gondolkodjunk. Keresd: Brazília -> Brazíliaváros. Ezért: Brazília fővárosának neve Brazíliaváros. Oké, eldöntve.",Brazília fővárosának neve Brazíliaváros.
472,Brazília főváros?,Előbb nyugodtan. Gyors tény: Brazíliaváros. Válasz tehát: Brazíliaváros. Minden világos a fejben.,Brazíliaváros.
473,Mi Argentína fővárosa?,"Hmm, mit tudok erről? Tény: Buenos Aires Argentína fővárosa. Ezért: Argentína fővárosa Buenos Aires. Igen, stimmel.",Argentína fővárosa Buenos Aires.
474,Nevezd meg Argentína fővárosát.,"Jó kérdés, röviden gondolkodom. Keresd: Argentína -> Buenos Aires. Következtetés: Argentína fővárosának neve Buenos Aires. Jó, tovább.",Argentína fővárosának neve Buenos Aires.
475,Argentína főváros?,"Oké, lépésről lépésre. Gyors tény: Buenos Aires. Ezért: Buenos Aires. Vége a gondolkodásnak.",Buenos Aires.
476,Mi Japán fővárosa?,"Fejben végigmegyek. Tény: Tokió Japán fővárosa. Válasz tehát: Japán fővárosa Tokió. Oké, eldöntve.",Japán fővárosa Tokió.
477,Nevezd meg Japán fővárosát.,Fejben végigmegyek. Keresd: Japán -> Tokió. Ezért: Japán fővárosának neve Tokió. Minden világos a fejben.,Japán fővárosának neve Tokió.
478,Japán főváros?,"Pillanat, gondolkodom. Gyors tény: Tokió. Válasz tehát: Tokió. Vége a gondolkodásnak.",Tokió.
479,Mi Kína fővárosa?,"Hmm, mit tudok erről? Tény: Peking Kína fővárosa. Válasz tehát: Kína fővárosa Peking. Vége a gondolkodásnak.",Kína fővárosa Peking.
480,Nevezd meg Kína fővárosát.,"Rendezem ezt. Keresd: Kína -> Peking. Válasz tehát: Kína fővárosának neve Peking. Oké, eldöntve.",Kína fővárosának neve Peking.
481,Kína főváros?,"Jó, gondolkodjunk. Gyors tény: Peking. Következtetés: Peking. Logikus.",Peking.
482,Mi India fővárosa?,Fejben végigmegyek. Tény: Újdelhi India fővárosa. Következtetés: India fővárosa Újdelhi. Biztos vagyok.,India fővárosa Újdelhi.
483,Nevezd meg India fővárosát.,"Oké, lépésről lépésre. Keresd: India -> Újdelhi. Következtetés: India fővárosának neve Újdelhi. Jó, tovább.",India fővárosának neve Újdelhi.
484,India főváros?,Rendezem ezt. Gyors tény: Újdelhi. Válasz tehát: Újdelhi. Értelmes.,Újdelhi.
485,Mi Ausztrália fővárosa?,"Oké, lépésről lépésre. Tény: Canberra Ausztrália fővárosa. Ezért: Ausztrália fővárosa Canberra. Biztos vagyok.",Ausztrália fővárosa Canberra.
486,Nevezd meg Ausztrália fővárosát.,Előbb nyugodtan. Keresd: Ausztrália -> Canberra. Válasz tehát: Ausztrália fővárosának neve Canberra. Biztos vagyok.,Ausztrália fővárosának neve Canberra.
487,Ausztrália főváros?,"Fejben végigmegyek. Gyors tény: Canberra. Következtetés: Canberra. Oké, eldöntve.",Canberra.
488,Mi Egyiptom fővárosa?,"Pillanat, gondolkodom. Tény: Kairó Egyiptom fővárosa. Következtetés: Egyiptom fővárosa Kairó. Igen, stimmel.",Egyiptom fővárosa Kairó.
489,Nevezd meg Egyiptom fővárosát.,"Oké, lépésről lépésre. Keresd: Egyiptom -> Kairó. Válasz tehát: Egyiptom fővárosának neve Kairó. Minden világos a fejben.",Egyiptom fővárosának neve Kairó.
490,Egyiptom főváros?,Előbb nyugodtan. Gyors tény: Kairó. Ezért: Kairó. Biztos vagyok.,Kairó.
491,Hány tartománya van Németországnak?,"Pillanat, gondolkodom. Számold: 16 tartomány. Válasz tehát: Németországnak 16 tartománya van. Minden világos a fejben.",Németországnak 16 tartománya van.
492,Mesélj röviden erről: német tartományok.,Előbb nyugodtan. Számold: 16 tartomány. Ezért: Németországnak 16 tartománya van. Értelmes.,Németországnak 16 tartománya van.
493,Hányan élnek Németországban kb.?,"Fejben végigmegyek. Becslés: 83-84 millió. Következtetés: Németországban kb. 83-84 millió ember él. Oké, eldöntve.",Németországban kb. 83-84 millió ember él.
494,Mesélj röviden erről: német népesség.,"Hmm, mit tudok erről? Becslés: 83-84 millió. Válasz tehát: Németországban kb. 83-84 millió ember él. Minden világos a fejben.",Németországban kb. 83-84 millió ember él.
495,Milyen nyelven beszélnek Brazíliában?,"Hmm, mit tudok erről? Tény: portugálul, nem spanyolul. Válasz tehát: Brazíliában portugálul beszélnek. Értelmes.",Brazíliában portugálul beszélnek.
496,Mesélj röviden erről: Brazília nyelve.,"Jó kérdés, röviden gondolkodom. Tény: portugálul, nem spanyolul. Válasz tehát: Brazíliában portugálul beszélnek. Oké, eldöntve.",Brazíliában portugálul beszélnek.
497,Mi Japán pénze?,"Hmm, mit tudok erről? Tény: jen. Következtetés: Japán pénze a jen. Biztos vagyok.",Japán pénze a jen.
498,Mesélj röviden erről: Japán pénze.,"Oké, lépésről lépésre. Tény: jen. Következtetés: Japán pénze a jen. Logikus.",Japán pénze a jen.
499,Mi az USA pénze?,"Pillanat, gondolkodom. Tény: amerikai dollár. Válasz tehát: Az USA pénze az amerikai dollár. Minden világos a fejben.",Az USA pénze az amerikai dollár.
500,Mesélj röviden erről: USA pénze.,Fejben végigmegyek. Tény: amerikai dollár. Következtetés: Az USA pénze az amerikai dollár. Minden világos a fejben.,Az USA pénze az amerikai dollár.
501,Hány kontinens van?,"Előbb nyugodtan. Szokásos modell: 7 kontinens. Válasz tehát: Általában 7 kontinenst számolunk: Afrika, Antarktisz, Ázsia, Ausztrália, Európa, Észak-Amerika, Dél-Amerika. Értelmes.","Általában 7 kontinenst számolunk: Afrika, Antarktisz, Ázsia, Ausztrália, Európa, Észak-Amerika, Dél-Amerika."
502,Mesélj röviden erről: kontinensek.,"Fejben végigmegyek. Szokásos modell: 7 kontinens. Válasz tehát: Általában 7 kontinenst számolunk: Afrika, Antarktisz, Ázsia, Ausztrália, Európa, Észak-Amerika, Dél-Amerika. Oké, eldöntve.","Általában 7 kontinenst számolunk: Afrika, Antarktisz, Ázsia, Ausztrália, Európa, Észak-Amerika, Dél-Amerika."
503,Melyik a világ leghosszabb folyója?,"Pillanat, gondolkodom. Nílus vagy Amazonas, vitatott. Válasz tehát: Vitatott: általában Nílus és Amazonas, mindkettő 6500 km felett. Oké, eldöntve.","Vitatott: általában Nílus és Amazonas, mindkettő 6500 km felett."
504,Mesélj röviden erről: leghosszabb folyó.,"Fejben végigmegyek. Nílus vagy Amazonas, vitatott. Ezért: Vitatott: általában Nílus és Amazonas, mindkettő 6500 km felett. Oké, eldöntve.","Vitatott: általában Nílus és Amazonas, mindkettő 6500 km felett."
505,Melyik a világ legnagyobb országa?,"Oké, lépésről lépésre. Tény: területre Oroszország. Ezért: Területre a világ legnagyobb országa Oroszország. Vége a gondolkodásnak.",Területre a világ legnagyobb országa Oroszország.
506,Mesélj röviden erről: legnagyobb ország.,Fejben végigmegyek. Tény: területre Oroszország. Ezért: Területre a világ legnagyobb országa Oroszország. Logikus.,Területre a világ legnagyobb országa Oroszország.
507,Melyik a világ legnagyobb állata?,"Hmm, mit tudok erről? Tény: kék bálna. Ezért: A világ legnagyobb állata a kék bálna. Vége a gondolkodásnak.",A világ legnagyobb állata a kék bálna.
508,Mesélj röviden erről: legnagyobb állat.,Előbb nyugodtan. Tény: kék bálna. Válasz tehát: A világ legnagyobb állata a kék bálna. Logikus.,A világ legnagyobb állata a kék bálna.
509,Hány óceán van?,"Oké, lépésről lépésre. Standard: 5 óceán. Ezért: 5 óceán van: Atlanti, Csendes, Indiai, Déli és Jeges. Minden világos a fejben.","5 óceán van: Atlanti, Csendes, Indiai, Déli és Jeges."
510,Mesélj röviden erről: óceánok.,"Jó, gondolkodjunk. Standard: 5 óceán. Ezért: 5 óceán van: Atlanti, Csendes, Indiai, Déli és Jeges. Minden világos a fejben.","5 óceán van: Atlanti, Csendes, Indiai, Déli és Jeges."
511,Melyik a világ legmagasabb hegye?,"Pillanat, gondolkodom. Tény: Everest, 8848 m. Következtetés: A legmagasabb hegy az Everest, kb. 8848 méter. Minden világos a fejben.","A legmagasabb hegy az Everest, kb. 8848 méter."
512,Mesélj röviden erről: legmagasabb hegy.,"Oké, lépésről lépésre. Tény: Everest, 8848 m. Következtetés: A legmagasabb hegy az Everest, kb. 8848 méter. Minden világos a fejben.","A legmagasabb hegy az Everest, kb. 8848 méter."
513,Mesélj röviden erről: Kanada fővárosa.,"Pillanat, gondolkodom. Tény: Ottawa, nem Toronto. Következtetés: Kanada fővárosa Ottawa. Vége a gondolkodásnak.",Kanada fővárosa Ottawa.
514,Mesélj röviden erről: Ausztrália fővárosa.,"Fejben végigmegyek. Tény: Canberra, nem Sydney. Következtetés: Ausztrália fővárosa Canberra. Biztos vagyok.",Ausztrália fővárosa Canberra.
515,Mesélj röviden erről: Törökország fővárosa.,"Oké, lépésről lépésre. Tény: Ankara, nem Isztambul. Következtetés: Törökország fővárosa Ankara. Jó, tovább.",Törökország fővárosa Ankara.
516,Mesélj röviden erről: Brazília fővárosa.,"Oké, lépésről lépésre. Tény: Brazíliaváros, nem Rio. Ezért: Brazília fővárosa Brazíliaváros. Oké, eldöntve.",Brazília fővárosa Brazíliaváros.
517,Melyik évben volt a Holdra szállás?,"Előbb nyugodtan. Történelem: Apollo 11 1969-ben. Válasz tehát: Az első Holdra szállás 1969-ben volt Apollo 11-gyel. Jó, tovább.",Az első Holdra szállás 1969-ben volt Apollo 11-gyel.
518,Magyarázd röviden: Holdra szállás.,"Jó, gondolkodjunk. Történelem: Apollo 11 1969-ben. Ezért: Az első Holdra szállás 1969-ben volt Apollo 11-gyel. Logikus.",Az első Holdra szállás 1969-ben volt Apollo 11-gyel.
519,Mit tudsz erről: Holdra szállás?,Fejben végigmegyek. Történelem: Apollo 11 1969-ben. Válasz tehát: Az első Holdra szállás 1969-ben volt Apollo 11-gyel. Vége a gondolkodásnak.,Az első Holdra szállás 1969-ben volt Apollo 11-gyel.
520,Mikor volt a második világháború?,"Pillanat, gondolkodom. Időszak: 1939-1945. Válasz tehát: A második világháború 1939-től 1945-ig tartott. Oké, eldöntve.",A második világháború 1939-től 1945-ig tartott.
521,Magyarázd röviden: második világháború.,"Hmm, mit tudok erről? Időszak: 1939-1945. Válasz tehát: A második világháború 1939-től 1945-ig tartott. Logikus.",A második világháború 1939-től 1945-ig tartott.
522,Mit tudsz erről: második világháború?,"Oké, lépésről lépésre. Időszak: 1939-1945. Ezért: A második világháború 1939-től 1945-ig tartott. Igen, stimmel.",A második világháború 1939-től 1945-ig tartott.
523,Mikor volt az első világháború?,"Oké, lépésről lépésre. Időszak: 1914-1918. Következtetés: Az első világháború 1914-től 1918-ig tartott. Oké, eldöntve.",Az első világháború 1914-től 1918-ig tartott.
524,Magyarázd röviden: első világháború.,"Hmm, mit tudok erről? Időszak: 1914-1918. Ezért: Az első világháború 1914-től 1918-ig tartott. Jó, tovább.",Az első világháború 1914-től 1918-ig tartott.
525,Mit tudsz erről: első világháború?,Rendezem ezt. Időszak: 1914-1918. Válasz tehát: Az első világháború 1914-től 1918-ig tartott. Vége a gondolkodásnak.,Az első világháború 1914-től 1918-ig tartott.
526,Mi volt a berlini fal?,"Előbb nyugodtan. Történelem: megosztottság 1961-1989. Következtetés: A berlini fal 1961-től 1989-ig Kelet- és Nyugat-Berlin erődített határa volt. Igen, stimmel.",A berlini fal 1961-től 1989-ig Kelet- és Nyugat-Berlin erődített határa volt.
527,Magyarázd röviden: berlini fal.,Rendezem ezt. Történelem: megosztottság 1961-1989. Ezért: A berlini fal 1961-től 1989-ig Kelet- és Nyugat-Berlin erődített határa volt. Vége a gondolkodásnak.,A berlini fal 1961-től 1989-ig Kelet- és Nyugat-Berlin erődített határa volt.
528,Mit tudsz erről: berlini fal?,"Hmm, mit tudok erről? Történelem: megosztottság 1961-1989. Válasz tehát: A berlini fal 1961-től 1989-ig Kelet- és Nyugat-Berlin erődített határa volt. Logikus.",A berlini fal 1961-től 1989-ig Kelet- és Nyugat-Berlin erődített határa volt.
529,Mikor omlott le a berlini fal?,"Jó, gondolkodjunk. Tény: 1989. november 9. Következtetés: A berlini fal 1989. november 9-én omlott le. Jó, tovább.",A berlini fal 1989. november 9-én omlott le.
530,Magyarázd röviden: fal leomlása.,"Hmm, mit tudok erről? Tény: 1989. november 9. Következtetés: A berlini fal 1989. november 9-én omlott le. Logikus.",A berlini fal 1989. november 9-én omlott le.
531,Mit tudsz erről: fal leomlása?,"Hmm, mit tudok erről? Tény: 1989. november 9. Következtetés: A berlini fal 1989. november 9-én omlott le. Értelmes.",A berlini fal 1989. november 9-én omlott le.
532,Ki találta fel a telefont?,"Pillanat, gondolkodom. Történelem: Bell 1876, Meucci munkája. Válasz tehát: A telefont Alexander Graham Bell szabadalmaztatta 1876-ban, Antonio Meucci úttörő munkájával. Biztos vagyok.","A telefont Alexander Graham Bell szabadalmaztatta 1876-ban, Antonio Meucci úttörő munkájával."
533,Magyarázd röviden: telefon.,"Hmm, mit tudok erről? Történelem: Bell 1876, Meucci munkája. Következtetés: A telefont Alexander Graham Bell szabadalmaztatta 1876-ban, Antonio Meucci úttörő munkájával. Logikus.","A telefont Alexander Graham Bell szabadalmaztatta 1876-ban, Antonio Meucci úttörő munkájával."
534,Mit tudsz erről: telefon?,"Előbb nyugodtan. Történelem: Bell 1876, Meucci munkája. Ezért: A telefont Alexander Graham Bell szabadalmaztatta 1876-ban, Antonio Meucci úttörő munkájával. Minden világos a fejben.","A telefont Alexander Graham Bell szabadalmaztatta 1876-ban, Antonio Meucci úttörő munkájával."
535,Ki dolgozta ki a relativitást?,"Pillanat, gondolkodom. Fizika: Albert Einstein, 1905 és 1915. Ezért: A relativitást Albert Einstein dolgozta ki. Biztos vagyok.",A relativitást Albert Einstein dolgozta ki.
536,Magyarázd röviden: relativitás.,"Oké, lépésről lépésre. Fizika: Albert Einstein, 1905 és 1915. Válasz tehát: A relativitást Albert Einstein dolgozta ki. Minden világos a fejben.",A relativitást Albert Einstein dolgozta ki.
537,Mit tudsz erről: relativitás?,"Fejben végigmegyek. Fizika: Albert Einstein, 1905 és 1915. Következtetés: A relativitást Albert Einstein dolgozta ki. Logikus.",A relativitást Albert Einstein dolgozta ki.
538,Mi a demokrácia?,"Hmm, mit tudok erről? Definíció: nép uralma, választások, jogok. Válasz tehát: A demokrácia a nép uralmát jelenti, általában szabad választásokkal és alapjogokkal. Vége a gondolkodásnak.","A demokrácia a nép uralmát jelenti, általában szabad választásokkal és alapjogokkal."
539,Magyarázd röviden: demokrácia.,"Rendezem ezt. Definíció: nép uralma, választások, jogok. Következtetés: A demokrácia a nép uralmát jelenti, általában szabad választásokkal és alapjogokkal. Minden világos a fejben.","A demokrácia a nép uralmát jelenti, általában szabad választásokkal és alapjogokkal."
540,Mit tudsz erről: demokrácia?,"Jó, gondolkodjunk. Definíció: nép uralma, választások, jogok. Ezért: A demokrácia a nép uralmát jelenti, általában szabad választásokkal és alapjogokkal. Biztos vagyok.","A demokrácia a nép uralmát jelenti, általában szabad választásokkal és alapjogokkal."
541,Mi az EU?,"Jó, gondolkodjunk. Európai államok uniója, egységes piac. Válasz tehát: Az EU európai államok uniója egységes piaccal és közös intézményekkel. Biztos vagyok.",Az EU európai államok uniója egységes piaccal és közös intézményekkel.
542,Magyarázd röviden: EU.,"Pillanat, gondolkodom. Európai államok uniója, egységes piac. Ezért: Az EU európai államok uniója egységes piaccal és közös intézményekkel. Oké, eldöntve.",Az EU európai államok uniója egységes piaccal és közös intézményekkel.
543,Mit tudsz erről: EU?,"Előbb nyugodtan. Európai államok uniója, egységes piac. Ezért: Az EU európai államok uniója egységes piaccal és közös intézményekkel. Jó, tovább.",Az EU európai államok uniója egységes piaccal és közös intézményekkel.
544,Hány ország van az EU-ban?,"Hmm, mit tudok erről? Tény: 27 tagállam. Ezért: Az EU-nak 27 tagállama van. Biztos vagyok.",Az EU-nak 27 tagállama van.
545,Magyarázd röviden: EU-tagok.,"Jó kérdés, röviden gondolkodom. Tény: 27 tagállam. Ezért: Az EU-nak 27 tagállama van. Értelmes.",Az EU-nak 27 tagállama van.
546,Mit tudsz erről: EU-tagok?,Előbb nyugodtan. Tény: 27 tagállam. Válasz tehát: Az EU-nak 27 tagállama van. Értelmes.,Az EU-nak 27 tagállama van.
547,Mi a német Alaptörvény?,"Jó, gondolkodjunk. Alkotmány 1949 óta. Válasz tehát: Az Alaptörvény Németország alkotmánya, 1949 óta érvényes. Minden világos a fejben.","Az Alaptörvény Németország alkotmánya, 1949 óta érvényes."
548,Magyarázd röviden: Alaptörvény.,"Előbb nyugodtan. Alkotmány 1949 óta. Ezért: Az Alaptörvény Németország alkotmánya, 1949 óta érvényes. Logikus.","Az Alaptörvény Németország alkotmánya, 1949 óta érvényes."
549,Mit tudsz erről: Alaptörvény?,"Pillanat, gondolkodom. Alkotmány 1949 óta. Válasz tehát: Az Alaptörvény Németország alkotmánya, 1949 óta érvényes. Értelmes.","Az Alaptörvény Németország alkotmánya, 1949 óta érvényes."
550,Melyik évben egyesült újra Németország?,"Pillanat, gondolkodom. Tény: 1990. Ezért: Németország 1990-ben egyesült újra. Oké, eldöntve.",Németország 1990-ben egyesült újra.
551,Magyarázd röviden: újraegyesítés.,"Jó kérdés, röviden gondolkodom. Tény: 1990. Ezért: Németország 1990-ben egyesült újra. Jó, tovább.",Németország 1990-ben egyesült újra.
552,Mit tudsz erről: újraegyesítés?,"Oké, lépésről lépésre. Tény: 1990. Ezért: Németország 1990-ben egyesült újra. Vége a gondolkodásnak.",Németország 1990-ben egyesült újra.
553,Mi volt a középkor?,"Rendezem ezt. Korszak: kb. 500-1500. Következtetés: A középkor kb. 500-tól 1500-ig tartott, ókor és újkor között. Logikus.","A középkor kb. 500-tól 1500-ig tartott, ókor és újkor között."
554,Magyarázd röviden: középkor.,"Rendezem ezt. Korszak: kb. 500-1500. Válasz tehát: A középkor kb. 500-tól 1500-ig tartott, ókor és újkor között. Biztos vagyok.","A középkor kb. 500-tól 1500-ig tartott, ókor és újkor között."
555,Mit tudsz erről: középkor?,"Pillanat, gondolkodom. Korszak: kb. 500-1500. Következtetés: A középkor kb. 500-tól 1500-ig tartott, ókor és újkor között. Értelmes.","A középkor kb. 500-tól 1500-ig tartott, ókor és újkor között."
556,Ki volt Leonardo da Vinci?,"Oké, lépésről lépésre. Olasz művész és feltaláló, Mona Lisa. Ezért: Leonardo da Vinci olasz művész és feltaláló volt, Mona Lisáról híres. Jó, tovább.","Leonardo da Vinci olasz művész és feltaláló volt, Mona Lisáról híres."
557,Magyarázd röviden: Da Vinci.,"Pillanat, gondolkodom. Olasz művész és feltaláló, Mona Lisa. Ezért: Leonardo da Vinci olasz művész és feltaláló volt, Mona Lisáról híres. Értelmes.","Leonardo da Vinci olasz művész és feltaláló volt, Mona Lisáról híres."
558,Mit tudsz erről: Da Vinci?,"Pillanat, gondolkodom. Olasz művész és feltaláló, Mona Lisa. Következtetés: Leonardo da Vinci olasz művész és feltaláló volt, Mona Lisáról híres. Logikus.","Leonardo da Vinci olasz művész és feltaláló volt, Mona Lisáról híres."
559,Ki volt Marie Curie?,"Hmm, mit tudok erről? Fizikus, radioaktivitás, két Nobel. Válasz tehát: Marie Curie a radioaktivitást kutatta és két Nobelt nyert. Jó, tovább.",Marie Curie a radioaktivitást kutatta és két Nobelt nyert.
560,Magyarázd röviden: Marie Curie.,"Jó kérdés, röviden gondolkodom. Fizikus, radioaktivitás, két Nobel. Ezért: Marie Curie a radioaktivitást kutatta és két Nobelt nyert. Vége a gondolkodásnak.",Marie Curie a radioaktivitást kutatta és két Nobelt nyert.
561,Mit tudsz erről: Marie Curie?,"Jó kérdés, röviden gondolkodom. Fizikus, radioaktivitás, két Nobel. Ezért: Marie Curie a radioaktivitást kutatta és két Nobelt nyert. Oké, eldöntve.",Marie Curie a radioaktivitást kutatta és két Nobelt nyert.
562,Mi volt a francia forradalom?,"Fejben végigmegyek. 1789 óta, szabadság egyenlőség testvériség. Válasz tehát: A francia forradalom 1789 óta megdöntötte a monarchiát szabadság, egyenlőség, testvériség alatt. Logikus.","A francia forradalom 1789 óta megdöntötte a monarchiát szabadság, egyenlőség, testvériség alatt."
563,Magyarázd röviden: francia forradalom.,"Jó kérdés, röviden gondolkodom. 1789 óta, szabadság egyenlőség testvériség. Válasz tehát: A francia forradalom 1789 óta megdöntötte a monarchiát szabadság, egyenlőség, testvériség alatt. Igen, stimmel.","A francia forradalom 1789 óta megdöntötte a monarchiát szabadság, egyenlőség, testvériség alatt."
564,Mit tudsz erről: francia forradalom?,"Oké, lépésről lépésre. 1789 óta, szabadság egyenlőség testvériség. Következtetés: A francia forradalom 1789 óta megdöntötte a monarchiát szabadság, egyenlőség, testvériség alatt. Minden világos a fejben.","A francia forradalom 1789 óta megdöntötte a monarchiát szabadság, egyenlőség, testvériség alatt."
565,Mik az emberi jogok?,"Oké, lépésről lépésre. Egyetemes alapjogok. Következtetés: Az emberi jogok mindenki alapjogai, mint élet, szabadság és egyenlőség. Logikus.","Az emberi jogok mindenki alapjogai, mint élet, szabadság és egyenlőség."
566,Magyarázd röviden: emberi jogok.,"Előbb nyugodtan. Egyetemes alapjogok. Ezért: Az emberi jogok mindenki alapjogai, mint élet, szabadság és egyenlőség. Oké, eldöntve.","Az emberi jogok mindenki alapjogai, mint élet, szabadság és egyenlőség."
567,Mit tudsz erről: emberi jogok?,"Előbb nyugodtan. Egyetemes alapjogok. Ezért: Az emberi jogok mindenki alapjogai, mint élet, szabadság és egyenlőség. Oké, eldöntve.","Az emberi jogok mindenki alapjogai, mint élet, szabadság és egyenlőség."
568,Mi az infláció?,"Hmm, mit tudok erről? Gazdaság: pénz értéket veszít, árak nőnek. Ezért: Az infláció azt jelenti, hogy az árak nőnek és a pénz értéket veszít. Minden világos a fejben.","Az infláció azt jelenti, hogy az árak nőnek és a pénz értéket veszít."
569,Magyarázd röviden: infláció.,"Jó kérdés, röviden gondolkodom. Gazdaság: pénz értéket veszít, árak nőnek. Válasz tehát: Az infláció azt jelenti, hogy az árak nőnek és a pénz értéket veszít. Minden világos a fejben.","Az infláció azt jelenti, hogy az árak nőnek és a pénz értéket veszít."
570,Mit tudsz erről: infláció?,"Jó kérdés, röviden gondolkodom. Gazdaság: pénz értéket veszít, árak nőnek. Következtetés: Az infláció azt jelenti, hogy az árak nőnek és a pénz értéket veszít. Igen, stimmel.","Az infláció azt jelenti, hogy az árak nőnek és a pénz értéket veszít."
571,Mi volt az iparosítás?,"Jó kérdés, röviden gondolkodom. Gépek és gyárak a 18. századtól. Következtetés: Az iparosítás a gépekre és gyárakra való átállás volt a 18. századtól. Igen, stimmel.",Az iparosítás a gépekre és gyárakra való átállás volt a 18. századtól.
572,Magyarázd röviden: iparosítás.,"Oké, lépésről lépésre. Gépek és gyárak a 18. századtól. Válasz tehát: Az iparosítás a gépekre és gyárakra való átállás volt a 18. századtól. Igen, stimmel.",Az iparosítás a gépekre és gyárakra való átállás volt a 18. századtól.
573,Mit tudsz erről: iparosítás?,"Hmm, mit tudok erről? Gépek és gyárak a 18. századtól. Következtetés: Az iparosítás a gépekre és gyárakra való átállás volt a 18. századtól. Jó, tovább.",Az iparosítás a gépekre és gyárakra való átállás volt a 18. századtól.
574,Mikor találták fel az internetet?,"Oké, lépésről lépésre. ARPANET 1969, Web 1989. Ezért: Az alapok ARPANET 1969-ben, a Web 1989 óta. Logikus.","Az alapok ARPANET 1969-ben, a Web 1989 óta."
575,Magyarázd röviden: internet.,"Oké, lépésről lépésre. ARPANET 1969, Web 1989. Ezért: Az alapok ARPANET 1969-ben, a Web 1989 óta. Oké, eldöntve.","Az alapok ARPANET 1969-ben, a Web 1989 óta."
576,Mit tudsz erről: internet?,"Oké, lépésről lépésre. ARPANET 1969, Web 1989. Következtetés: Az alapok ARPANET 1969-ben, a Web 1989 óta. Értelmes.","Az alapok ARPANET 1969-ben, a Web 1989 óta."
577,Mikor találták fel az autót?,"Jó, gondolkodjunk. Benz 1886. Ezért: Az autót Carl Benz találta fel 1886-os kocsival. Biztos vagyok.",Az autót Carl Benz találta fel 1886-os kocsival.
578,Magyarázd röviden: autó.,"Hmm, mit tudok erről? Benz 1886. Ezért: Az autót Carl Benz találta fel 1886-os kocsival. Jó, tovább.",Az autót Carl Benz találta fel 1886-os kocsival.
579,Mit tudsz erről: autó?,"Jó, gondolkodjunk. Benz 1886. Válasz tehát: Az autót Carl Benz találta fel 1886-os kocsival. Jó, tovább.",Az autót Carl Benz találta fel 1886-os kocsival.
580,Ki találta fel a repülőt?,"Rendezem ezt. Wright fivérek, repülés 1903. Következtetés: Az első motoros repülést a Wright fivérek végezték 1903-ban. Igen, stimmel.",Az első motoros repülést a Wright fivérek végezték 1903-ban.
581,Magyarázd röviden: repülő.,"Jó, gondolkodjunk. Wright fivérek, repülés 1903. Következtetés: Az első motoros repülést a Wright fivérek végezték 1903-ban. Minden világos a fejben.",Az első motoros repülést a Wright fivérek végezték 1903-ban.
582,Mit tudsz erről: repülő?,"Hmm, mit tudok erről? Wright fivérek, repülés 1903. Ezért: Az első motoros repülést a Wright fivérek végezték 1903-ban. Minden világos a fejben.",Az első motoros repülést a Wright fivérek végezték 1903-ban.
583,Hány éves kortól szavaznak Németországban?,"Előbb nyugodtan. Bundestag 18-tól, EP 16-tól. Ezért: A Bundestagba 18 éves kortól. Az EP-választáson Németországban 16-tól. Jó, tovább.",A Bundestagba 18 éves kortól. Az EP-választáson Németországban 16-tól.
584,Magyarázd röviden: választói kor.,"Rendezem ezt. Bundestag 18-tól, EP 16-tól. Ezért: A Bundestagba 18 éves kortól. Az EP-választáson Németországban 16-tól. Logikus.",A Bundestagba 18 éves kortól. Az EP-választáson Németországban 16-tól.
585,Mit tudsz erről: választói kor?,"Jó kérdés, röviden gondolkodom. Bundestag 18-tól, EP 16-tól. Következtetés: A Bundestagba 18 éves kortól. Az EP-választáson Németországban 16-tól. Vége a gondolkodásnak.",A Bundestagba 18 éves kortól. Az EP-választáson Németországban 16-tól.
586,"Hogyan működnek a választások, egyszerűen?","Oké, lépésről lépésre. Választók szavaznak, számlálás, mandátumok. Következtetés: A választók szavaznak, a szavazatokat számolják és a mandátumokat eredmény szerint osztják. Minden világos a fejben.","A választók szavaznak, a szavazatokat számolják és a mandátumokat eredmény szerint osztják."
587,Magyarázd röviden: választások.,"Rendezem ezt. Választók szavaznak, számlálás, mandátumok. Válasz tehát: A választók szavaznak, a szavazatokat számolják és a mandátumokat eredmény szerint osztják. Logikus.","A választók szavaznak, a szavazatokat számolják és a mandátumokat eredmény szerint osztják."
588,Mit tudsz erről: választások?,"Előbb nyugodtan. Választók szavaznak, számlálás, mandátumok. Következtetés: A választók szavaznak, a szavazatokat számolják és a mandátumokat eredmény szerint osztják. Értelmes.","A választók szavaznak, a szavazatokat számolják és a mandátumokat eredmény szerint osztják."
589,Mi a különbség diktatúra és demokrácia között?,"Jó, gondolkodjunk. Egyszemélyi uralom kontra nép uralma. Következtetés: Diktatúrában egy személy vagy csoport kormányoz szabad választások nélkül; demokráciában a hatalom a néptől jön. Igen, stimmel.",Diktatúrában egy személy vagy csoport kormányoz szabad választások nélkül; demokráciában a hatalom a néptől jön.
590,Magyarázd röviden: diktatúra és demokrácia.,"Pillanat, gondolkodom. Egyszemélyi uralom kontra nép uralma. Ezért: Diktatúrában egy személy vagy csoport kormányoz szabad választások nélkül; demokráciában a hatalom a néptől jön. Jó, tovább.",Diktatúrában egy személy vagy csoport kormányoz szabad választások nélkül; demokráciában a hatalom a néptől jön.
591,Mit tudsz erről: diktatúra és demokrácia?,"Előbb nyugodtan. Egyszemélyi uralom kontra nép uralma. Következtetés: Diktatúrában egy személy vagy csoport kormányoz szabad választások nélkül; demokráciában a hatalom a néptől jön. Igen, stimmel.",Diktatúrában egy személy vagy csoport kormányoz szabad választások nélkül; demokráciában a hatalom a néptől jön.
592,Mit jelent a fenntarthatóság?,"Rendezem ezt. Erőforrások a jövő nemzedékeknek. Ezért: A fenntarthatóság azt jelenti, hogy úgy élünk, hogy a jövő nemzedékeknek is legyen erőforrása. Oké, eldöntve.","A fenntarthatóság azt jelenti, hogy úgy élünk, hogy a jövő nemzedékeknek is legyen erőforrása."
593,Magyarázd röviden: fenntarthatóság.,"Jó, gondolkodjunk. Erőforrások a jövő nemzedékeknek. Következtetés: A fenntarthatóság azt jelenti, hogy úgy élünk, hogy a jövő nemzedékeknek is legyen erőforrása. Igen, stimmel.","A fenntarthatóság azt jelenti, hogy úgy élünk, hogy a jövő nemzedékeknek is legyen erőforrása."
594,Mit tudsz erről: fenntarthatóság?,"Hmm, mit tudok erről? Erőforrások a jövő nemzedékeknek. Ezért: A fenntarthatóság azt jelenti, hogy úgy élünk, hogy a jövő nemzedékeknek is legyen erőforrása. Oké, eldöntve.","A fenntarthatóság azt jelenti, hogy úgy élünk, hogy a jövő nemzedékeknek is legyen erőforrása."
595,Mi a zaklatás és mit tegyünk?,"Fejben végigmegyek. Ismétlődő; segítség, bizonyíték. Ezért: A zaklatás ismétlődő vegzálás. Beszélj megbízhatókkal, őrizz bizonyítékot, kérj segítséget. Vége a gondolkodásnak.","A zaklatás ismétlődő vegzálás. Beszélj megbízhatókkal, őrizz bizonyítékot, kérj segítséget."
596,Magyarázd röviden: zaklatás.,"Hmm, mit tudok erről? Ismétlődő; segítség, bizonyíték. Válasz tehát: A zaklatás ismétlődő vegzálás. Beszélj megbízhatókkal, őrizz bizonyítékot, kérj segítséget. Igen, stimmel.","A zaklatás ismétlődő vegzálás. Beszélj megbízhatókkal, őrizz bizonyítékot, kérj segítséget."
597,Mit tudsz erről: zaklatás?,"Pillanat, gondolkodom. Ismétlődő; segítség, bizonyíték. Válasz tehát: A zaklatás ismétlődő vegzálás. Beszélj megbízhatókkal, őrizz bizonyítékot, kérj segítséget. Jó, tovább.","A zaklatás ismétlődő vegzálás. Beszélj megbízhatókkal, őrizz bizonyítékot, kérj segítséget."
598,Mit jelent a béke?,"Pillanat, gondolkodom. Háború és erőszak nélküli élet. Ezért: A béke háború és erőszak nélküli együttélést jelenti. Jó, tovább.",A béke háború és erőszak nélküli együttélést jelenti.
599,Magyarázd röviden: béke.,Fejben végigmegyek. Háború és erőszak nélküli élet. Következtetés: A béke háború és erőszak nélküli együttélést jelenti. Értelmes.,A béke háború és erőszak nélküli együttélést jelenti.
600,Mit tudsz erről: béke?,"Jó, gondolkodjunk. Háború és erőszak nélküli élet. Ezért: A béke háború és erőszak nélküli együttélést jelenti. Biztos vagyok.",A béke háború és erőszak nélküli együttélést jelenti.
601,Mit jelent a szabadság?,"Hmm, mit tudok erről? Szabadon élni mások sérelme nélkül. Válasz tehát: A szabadság azt jelenti, hogy szabadon élünk mások sérelme nélkül. Minden világos a fejben.","A szabadság azt jelenti, hogy szabadon élünk mások sérelme nélkül."
602,Magyarázd röviden: szabadság.,"Hmm, mit tudok erről? Szabadon élni mások sérelme nélkül. Válasz tehát: A szabadság azt jelenti, hogy szabadon élünk mások sérelme nélkül. Oké, eldöntve.","A szabadság azt jelenti, hogy szabadon élünk mások sérelme nélkül."
603,Mit tudsz erről: szabadság?,"Oké, lépésről lépésre. Szabadon élni mások sérelme nélkül. Válasz tehát: A szabadság azt jelenti, hogy szabadon élünk mások sérelme nélkül. Minden világos a fejben.","A szabadság azt jelenti, hogy szabadon élünk mások sérelme nélkül."
604,Mit jelent az igazságosság?,"Oké, lépésről lépésre. Igazságos és egyenlő bánás mindenkinek. Ezért: Az igazságosság mindenkinek igazságos és egyenlő bánást jelent. Igen, stimmel.",Az igazságosság mindenkinek igazságos és egyenlő bánást jelent.
605,Magyarázd röviden: igazságosság.,"Jó, gondolkodjunk. Igazságos és egyenlő bánás mindenkinek. Következtetés: Az igazságosság mindenkinek igazságos és egyenlő bánást jelent. Igen, stimmel.",Az igazságosság mindenkinek igazságos és egyenlő bánást jelent.
606,Mit tudsz erről: igazságosság?,Előbb nyugodtan. Igazságos és egyenlő bánás mindenkinek. Válasz tehát: Az igazságosság mindenkinek igazságos és egyenlő bánást jelent. Értelmes.,Az igazságosság mindenkinek igazságos és egyenlő bánást jelent.
607,Miért kék az ég?,"Jó kérdés, röviden gondolkodom. Rayleigh-szórás szórja a kéket. Ezért: Az ég kék Rayleigh-szórás miatt: a kék fény jobban szóródik mint a vörös. Igen, stimmel.",Az ég kék Rayleigh-szórás miatt: a kék fény jobban szóródik mint a vörös.
608,Magyarázd kék ég egy mondatban.,"Jó, gondolkodjunk. Rayleigh-szórás szórja a kéket. Válasz tehát: Az ég kék Rayleigh-szórás miatt: a kék fény jobban szóródik mint a vörös. Biztos vagyok.",Az ég kék Rayleigh-szórás miatt: a kék fény jobban szóródik mint a vörös.
609,Mi kék ég? (röviden),"Fejben végigmegyek. Rayleigh-szórás szórja a kéket. Válasz tehát: Az ég kék Rayleigh-szórás miatt: a kék fény jobban szóródik mint a vörös. Jó, tovább.",Az ég kék Rayleigh-szórás miatt: a kék fény jobban szóródik mint a vörös.
610,Hogyan keletkezik az eső?,"Rendezem ezt. Körforgás: párolgás, lecsapódás, csapadék. Ezért: Az eső párolgással keletkezik: víz felszáll, hűl, felhőt képez és cseppekben esik. Jó, tovább.","Az eső párolgással keletkezik: víz felszáll, hűl, felhőt képez és cseppekben esik."
611,Magyarázd eső egy mondatban.,"Előbb nyugodtan. Körforgás: párolgás, lecsapódás, csapadék. Következtetés: Az eső párolgással keletkezik: víz felszáll, hűl, felhőt képez és cseppekben esik. Jó, tovább.","Az eső párolgással keletkezik: víz felszáll, hűl, felhőt képez és cseppekben esik."
612,Mi eső? (röviden),"Jó, gondolkodjunk. Körforgás: párolgás, lecsapódás, csapadék. Válasz tehát: Az eső párolgással keletkezik: víz felszáll, hűl, felhőt képez és cseppekben esik. Minden világos a fejben.","Az eső párolgással keletkezik: víz felszáll, hűl, felhőt képez és cseppekben esik."
613,Mi a fotoszintézis?,"Hmm, mit tudok erről? Növények: fény, víz, CO2-ből cukor és oxigén. Válasz tehát: A fotoszintézis fényből, vízből és CO2-ből cukrot és oxigént készít. Jó, tovább.","A fotoszintézis fényből, vízből és CO2-ből cukrot és oxigént készít."
614,Magyarázd fotoszintézis egy mondatban.,"Jó kérdés, röviden gondolkodom. Növények: fény, víz, CO2-ből cukor és oxigén. Következtetés: A fotoszintézis fényből, vízből és CO2-ből cukrot és oxigént készít. Jó, tovább.","A fotoszintézis fényből, vízből és CO2-ből cukrot és oxigént készít."
615,Mi fotoszintézis? (röviden),"Rendezem ezt. Növények: fény, víz, CO2-ből cukor és oxigén. Válasz tehát: A fotoszintézis fényből, vízből és CO2-ből cukrot és oxigént készít. Igen, stimmel.","A fotoszintézis fényből, vízből és CO2-ből cukrot és oxigént készít."
616,Mi a különbség időjárás és éghajlat között?,"Jó, gondolkodjunk. Időjárás rövid, éghajlat 30 év átlag. Ezért: Az időjárás rövid állapot; az éghajlat kb. 30 év átlaga. Minden világos a fejben.",Az időjárás rövid állapot; az éghajlat kb. 30 év átlaga.
617,Magyarázd időjárás és éghajlat egy mondatban.,"Pillanat, gondolkodom. Időjárás rövid, éghajlat 30 év átlag. Ezért: Az időjárás rövid állapot; az éghajlat kb. 30 év átlaga. Igen, stimmel.",Az időjárás rövid állapot; az éghajlat kb. 30 év átlaga.
618,Mi időjárás és éghajlat? (röviden),"Előbb nyugodtan. Időjárás rövid, éghajlat 30 év átlag. Ezért: Az időjárás rövid állapot; az éghajlat kb. 30 év átlaga. Vége a gondolkodásnak.",Az időjárás rövid állapot; az éghajlat kb. 30 év átlaga.
619,"Hogyan működik a hűtő, nagyjából?","Fejben végigmegyek. Hűtőközeg, hő belülről kifelé. Következtetés: A hűtő hőt pumpál belülről kifelé hűtőközeggel: belül elpárolog, hőt felvesz, kint lead. Logikus.","A hűtő hőt pumpál belülről kifelé hűtőközeggel: belül elpárolog, hőt felvesz, kint lead."
620,Magyarázd hűtő egy mondatban.,"Előbb nyugodtan. Hűtőközeg, hő belülről kifelé. Következtetés: A hűtő hőt pumpál belülről kifelé hűtőközeggel: belül elpárolog, hőt felvesz, kint lead. Biztos vagyok.","A hűtő hőt pumpál belülről kifelé hűtőközeggel: belül elpárolog, hőt felvesz, kint lead."
621,Mi hűtő? (röviden),"Pillanat, gondolkodom. Hűtőközeg, hő belülről kifelé. Ezért: A hűtő hőt pumpál belülről kifelé hűtőközeggel: belül elpárolog, hőt felvesz, kint lead. Minden világos a fejben.","A hűtő hőt pumpál belülről kifelé hűtőközeggel: belül elpárolog, hőt felvesz, kint lead."
622,"Mi az áram, egyszerűen?","Fejben végigmegyek. Elektronok irányított mozgása. Következtetés: Az áram egyszerűen töltések irányított mozgása, általában vezetékben elektronok. Értelmes.","Az áram egyszerűen töltések irányított mozgása, általában vezetékben elektronok."
623,Magyarázd áram egy mondatban.,"Fejben végigmegyek. Elektronok irányított mozgása. Ezért: Az áram egyszerűen töltések irányított mozgása, általában vezetékben elektronok. Biztos vagyok.","Az áram egyszerűen töltések irányított mozgása, általában vezetékben elektronok."
624,Mi áram? (röviden),"Pillanat, gondolkodom. Elektronok irányított mozgása. Következtetés: Az áram egyszerűen töltések irányított mozgása, általában vezetékben elektronok. Igen, stimmel.","Az áram egyszerűen töltések irányított mozgása, általában vezetékben elektronok."
625,"Mi a víz, kémiailag?","Hmm, mit tudok erről? H2O, hidrogén és oxigén. Ezért: A víz H2O, hidrogén és oxigén vegyülete. Minden világos a fejben.","A víz H2O, hidrogén és oxigén vegyülete."
626,Magyarázd víz kémia egy mondatban.,"Hmm, mit tudok erről? H2O, hidrogén és oxigén. Válasz tehát: A víz H2O, hidrogén és oxigén vegyülete. Oké, eldöntve.","A víz H2O, hidrogén és oxigén vegyülete."
627,Mi víz kémia? (röviden),"Fejben végigmegyek. H2O, hidrogén és oxigén. Ezért: A víz H2O, hidrogén és oxigén vegyülete. Igen, stimmel.","A víz H2O, hidrogén és oxigén vegyülete."
628,Mi a vírus?,"Előbb nyugodtan. Apró, gazdasejt kell. Ezért: A vírus apró kórokozó, amely gazdasejt nélkül nem szaporodik. Minden világos a fejben.","A vírus apró kórokozó, amely gazdasejt nélkül nem szaporodik."
629,Magyarázd vírus egy mondatban.,"Fejben végigmegyek. Apró, gazdasejt kell. Válasz tehát: A vírus apró kórokozó, amely gazdasejt nélkül nem szaporodik. Biztos vagyok.","A vírus apró kórokozó, amely gazdasejt nélkül nem szaporodik."
630,Mi vírus? (röviden),"Hmm, mit tudok erről? Apró, gazdasejt kell. Válasz tehát: A vírus apró kórokozó, amely gazdasejt nélkül nem szaporodik. Igen, stimmel.","A vírus apró kórokozó, amely gazdasejt nélkül nem szaporodik."
631,"Mi a mesterséges intelligencia, egyszerűen?","Oké, lépésről lépésre. Mintákat tanuló programok. Következtetés: A mesterséges intelligencia adatokból tanuló, mintákat felismerő és feladatokat megoldó programok. Értelmes.","A mesterséges intelligencia adatokból tanuló, mintákat felismerő és feladatokat megoldó programok."
632,Magyarázd MI egy mondatban.,"Fejben végigmegyek. Mintákat tanuló programok. Ezért: A mesterséges intelligencia adatokból tanuló, mintákat felismerő és feladatokat megoldó programok. Értelmes.","A mesterséges intelligencia adatokból tanuló, mintákat felismerő és feladatokat megoldó programok."
633,Mi MI? (röviden),"Előbb nyugodtan. Mintákat tanuló programok. Válasz tehát: A mesterséges intelligencia adatokból tanuló, mintákat felismerő és feladatokat megoldó programok. Vége a gondolkodásnak.","A mesterséges intelligencia adatokból tanuló, mintákat felismerő és feladatokat megoldó programok."
634,Mi a böngésző?,"Jó kérdés, röviden gondolkodom. Program weboldalakra, pl. Chrome, Firefox. Válasz tehát: A böngésző a program, amivel weboldalakat nyitsz, pl. Chrome, Firefox, Edge vagy Safari. Logikus.","A böngésző a program, amivel weboldalakat nyitsz, pl. Chrome, Firefox, Edge vagy Safari."
635,Magyarázd böngésző egy mondatban.,"Oké, lépésről lépésre. Program weboldalakra, pl. Chrome, Firefox. Ezért: A böngésző a program, amivel weboldalakat nyitsz, pl. Chrome, Firefox, Edge vagy Safari. Minden világos a fejben.","A böngésző a program, amivel weboldalakat nyitsz, pl. Chrome, Firefox, Edge vagy Safari."
636,Mi böngésző? (röviden),"Jó kérdés, röviden gondolkodom. Program weboldalakra, pl. Chrome, Firefox. Válasz tehát: A böngésző a program, amivel weboldalakat nyitsz, pl. Chrome, Firefox, Edge vagy Safari. Értelmes.","A böngésző a program, amivel weboldalakat nyitsz, pl. Chrome, Firefox, Edge vagy Safari."
637,Mi az app?,"Fejben végigmegyek. Program, általában telefonra. Válasz tehát: Az app program, általában telefonra, pl. üzenetek, fotók vagy játékok. Oké, eldöntve.","Az app program, általában telefonra, pl. üzenetek, fotók vagy játékok."
638,Magyarázd app egy mondatban.,"Előbb nyugodtan. Program, általában telefonra. Következtetés: Az app program, általában telefonra, pl. üzenetek, fotók vagy játékok. Jó, tovább.","Az app program, általában telefonra, pl. üzenetek, fotók vagy játékok."
639,Mi app? (röviden),"Hmm, mit tudok erről? Program, általában telefonra. Ezért: Az app program, általában telefonra, pl. üzenetek, fotók vagy játékok. Minden világos a fejben.","Az app program, általában telefonra, pl. üzenetek, fotók vagy játékok."
640,Miért igyunk vizet?,"Oké, lépésről lépésre. Keringés, fókusz, bőr, vese. Válasz tehát: A víz stabilizálja a keringést és a fókuszt, segíti a vesét és a bőrt, megelőzi a fejfájást. Biztos vagyok.","A víz stabilizálja a keringést és a fókuszt, segíti a vesét és a bőrt, megelőzi a fejfájást."
641,Magyarázd vízivás egy mondatban.,"Oké, lépésről lépésre. Keringés, fókusz, bőr, vese. Ezért: A víz stabilizálja a keringést és a fókuszt, segíti a vesét és a bőrt, megelőzi a fejfájást. Biztos vagyok.","A víz stabilizálja a keringést és a fókuszt, segíti a vesét és a bőrt, megelőzi a fejfájást."
642,Mi vízivás? (röviden),"Pillanat, gondolkodom. Keringés, fókusz, bőr, vese. Ezért: A víz stabilizálja a keringést és a fókuszt, segíti a vesét és a bőrt, megelőzi a fejfájást. Jó, tovább.","A víz stabilizálja a keringést és a fókuszt, segíti a vesét és a bőrt, megelőzi a fejfájást."
643,Meddig mossunk fogat?,"Jó kérdés, röviden gondolkodom. 2 percig, naponta kétszer. Válasz tehát: Kb. 2 percig, naponta kétszer. Oké, eldöntve.","Kb. 2 percig, naponta kétszer."
644,Magyarázd fogmosás egy mondatban.,"Rendezem ezt. 2 percig, naponta kétszer. Ezért: Kb. 2 percig, naponta kétszer. Logikus.","Kb. 2 percig, naponta kétszer."
645,Mi fogmosás? (röviden),"Jó kérdés, röviden gondolkodom. 2 percig, naponta kétszer. Következtetés: Kb. 2 percig, naponta kétszer. Értelmes.","Kb. 2 percig, naponta kétszer."
646,Mi a gravitáció?,"Pillanat, gondolkodom. Tömegek vonzása; a Föld vonz. Válasz tehát: A gravitáció tömegek vonzása. A Föld mindent lefelé vonz, ezért esnek a dolgok. Oké, eldöntve.","A gravitáció tömegek vonzása. A Föld mindent lefelé vonz, ezért esnek a dolgok."
647,Magyarázd gravitáció egy mondatban.,"Jó kérdés, röviden gondolkodom. Tömegek vonzása; a Föld vonz. Válasz tehát: A gravitáció tömegek vonzása. A Föld mindent lefelé vonz, ezért esnek a dolgok. Logikus.","A gravitáció tömegek vonzása. A Föld mindent lefelé vonz, ezért esnek a dolgok."
648,Mi gravitáció? (röviden),"Hmm, mit tudok erről? Tömegek vonzása; a Föld vonz. Következtetés: A gravitáció tömegek vonzása. A Föld mindent lefelé vonz, ezért esnek a dolgok. Igen, stimmel.","A gravitáció tömegek vonzása. A Föld mindent lefelé vonz, ezért esnek a dolgok."
649,Mi a levegő?,"Hmm, mit tudok erről? Nitrogén, oxigén stb. keveréke. Válasz tehát: A levegő gázkeverék, főleg nitrogén és oxigén. Értelmes.","A levegő gázkeverék, főleg nitrogén és oxigén."
650,Magyarázd levegő egy mondatban.,"Oké, lépésről lépésre. Nitrogén, oxigén stb. keveréke. Válasz tehát: A levegő gázkeverék, főleg nitrogén és oxigén. Jó, tovább.","A levegő gázkeverék, főleg nitrogén és oxigén."
651,Mi levegő? (röviden),"Jó kérdés, röviden gondolkodom. Nitrogén, oxigén stb. keveréke. Ezért: A levegő gázkeverék, főleg nitrogén és oxigén. Minden világos a fejben.","A levegő gázkeverék, főleg nitrogén és oxigén."
652,Mit csinál a szív?,"Hmm, mit tudok erről? Vért pumpál a testben. Következtetés: A szív vért pumpál az egész testben. Biztos vagyok.",A szív vért pumpál az egész testben.
653,Magyarázd szív egy mondatban.,"Pillanat, gondolkodom. Vért pumpál a testben. Válasz tehát: A szív vért pumpál az egész testben. Igen, stimmel.",A szív vért pumpál az egész testben.
654,Mi szív? (röviden),Fejben végigmegyek. Vért pumpál a testben. Következtetés: A szív vért pumpál az egész testben. Vége a gondolkodásnak.,A szív vért pumpál az egész testben.
655,Mit csinál a tüdő?,"Előbb nyugodtan. Oxigént felvesz, CO2-t lead. Válasz tehát: A tüdő oxigént vesz fel és szén-dioxidot ad le. Jó, tovább.",A tüdő oxigént vesz fel és szén-dioxidot ad le.
656,Magyarázd tüdő egy mondatban.,"Pillanat, gondolkodom. Oxigént felvesz, CO2-t lead. Következtetés: A tüdő oxigént vesz fel és szén-dioxidot ad le. Jó, tovább.",A tüdő oxigént vesz fel és szén-dioxidot ad le.
657,Mi tüdő? (röviden),"Pillanat, gondolkodom. Oxigént felvesz, CO2-t lead. Ezért: A tüdő oxigént vesz fel és szén-dioxidot ad le. Jó, tovább.",A tüdő oxigént vesz fel és szén-dioxidot ad le.
658,Miért fontos az alvás?,"Rendezem ezt. Regenerálódás, memória, immunitás. Válasz tehát: Az alvás segíti a regenerálódást, a memóriát és az immunitást. Jó, tovább.","Az alvás segíti a regenerálódást, a memóriát és az immunitást."
659,Magyarázd alvás egy mondatban.,"Fejben végigmegyek. Regenerálódás, memória, immunitás. Következtetés: Az alvás segíti a regenerálódást, a memóriát és az immunitást. Logikus.","Az alvás segíti a regenerálódást, a memóriát és az immunitást."
660,Mi alvás? (röviden),"Hmm, mit tudok erről? Regenerálódás, memória, immunitás. Következtetés: Az alvás segíti a regenerálódást, a memóriát és az immunitást. Logikus.","Az alvás segíti a regenerálódást, a memóriát és az immunitást."
661,Mi a láz?,"Rendezem ezt. Emelkedett hőmérséklet védekezésként. Válasz tehát: A láz emelkedett testhőmérséklet, gyakran fertőzések elleni védekezés. Vége a gondolkodásnak.","A láz emelkedett testhőmérséklet, gyakran fertőzések elleni védekezés."
662,Magyarázd láz egy mondatban.,"Jó, gondolkodjunk. Emelkedett hőmérséklet védekezésként. Ezért: A láz emelkedett testhőmérséklet, gyakran fertőzések elleni védekezés. Értelmes.","A láz emelkedett testhőmérséklet, gyakran fertőzések elleni védekezés."
663,Mi láz? (röviden),"Előbb nyugodtan. Emelkedett hőmérséklet védekezésként. Válasz tehát: A láz emelkedett testhőmérséklet, gyakran fertőzések elleni védekezés. Jó, tovább.","A láz emelkedett testhőmérséklet, gyakran fertőzések elleni védekezés."
664,Mi az erős jelszó?,"Pillanat, gondolkodom. Hosszú, egyedi, kezelőben. Ezért: Az erős jelszó hosszú, szolgáltatásonként egyedi és kezelőben tartott. Igen, stimmel.","Az erős jelszó hosszú, szolgáltatásonként egyedi és kezelőben tartott."
665,Magyarázd erős jelszó egy mondatban.,"Jó kérdés, röviden gondolkodom. Hosszú, egyedi, kezelőben. Ezért: Az erős jelszó hosszú, szolgáltatásonként egyedi és kezelőben tartott. Biztos vagyok.","Az erős jelszó hosszú, szolgáltatásonként egyedi és kezelőben tartott."
666,Mi erős jelszó? (röviden),"Előbb nyugodtan. Hosszú, egyedi, kezelőben. Következtetés: Az erős jelszó hosszú, szolgáltatásonként egyedi és kezelőben tartott. Oké, eldöntve.","Az erős jelszó hosszú, szolgáltatásonként egyedi és kezelőben tartott."
667,Mi a Wi-Fi?,Előbb nyugodtan. Vezeték nélküli helyi háló. Válasz tehát: A Wi-Fi vezeték nélküli helyi háló internetre kábelek nélkül. Értelmes.,A Wi-Fi vezeték nélküli helyi háló internetre kábelek nélkül.
668,Magyarázd Wi-Fi egy mondatban.,Előbb nyugodtan. Vezeték nélküli helyi háló. Következtetés: A Wi-Fi vezeték nélküli helyi háló internetre kábelek nélkül. Logikus.,A Wi-Fi vezeték nélküli helyi háló internetre kábelek nélkül.
669,Mi Wi-Fi? (röviden),"Hmm, mit tudok erről? Vezeték nélküli helyi háló. Válasz tehát: A Wi-Fi vezeték nélküli helyi háló internetre kábelek nélkül. Minden világos a fejben.",A Wi-Fi vezeték nélküli helyi háló internetre kábelek nélkül.
670,Mi a felhő?,"Oké, lépésről lépésre. Szerverek az interneten adatra és szolgáltatásra. Következtetés: A felhő szerverek az interneten, ahol adatot tartasz és szolgáltatást használsz. Logikus.","A felhő szerverek az interneten, ahol adatot tartasz és szolgáltatást használsz."
671,Magyarázd felhő egy mondatban.,"Jó, gondolkodjunk. Szerverek az interneten adatra és szolgáltatásra. Ezért: A felhő szerverek az interneten, ahol adatot tartasz és szolgáltatást használsz. Biztos vagyok.","A felhő szerverek az interneten, ahol adatot tartasz és szolgáltatást használsz."
672,Mi felhő? (röviden),"Fejben végigmegyek. Szerverek az interneten adatra és szolgáltatásra. Következtetés: A felhő szerverek az interneten, ahol adatot tartasz és szolgáltatást használsz. Biztos vagyok.","A felhő szerverek az interneten, ahol adatot tartasz és szolgáltatást használsz."
673,Hogyan működik a GPS?,"Előbb nyugodtan. Műholdak, jelidő, számítás. Válasz tehát: A GPS műholdjelekből és utazási idejükből találja a pozíciót. Jó, tovább.",A GPS műholdjelekből és utazási idejükből találja a pozíciót.
674,Magyarázd GPS egy mondatban.,"Előbb nyugodtan. Műholdak, jelidő, számítás. Következtetés: A GPS műholdjelekből és utazási idejükből találja a pozíciót. Oké, eldöntve.",A GPS műholdjelekből és utazási idejükből találja a pozíciót.
675,Mi GPS? (röviden),"Rendezem ezt. Műholdak, jelidő, számítás. Következtetés: A GPS műholdjelekből és utazási idejükből találja a pozíciót. Igen, stimmel.",A GPS műholdjelekből és utazási idejükből találja a pozíciót.
676,Miért van nappal és éjjel?,"Pillanat, gondolkodom. A Föld forgása. Következtetés: Nappal és éjjel azért van, mert a Föld forog. A napos oldal nappal, a másik éjjel. Oké, eldöntve.","Nappal és éjjel azért van, mert a Föld forog. A napos oldal nappal, a másik éjjel."
677,Magyarázd nappal és éjjel egy mondatban.,"Előbb nyugodtan. A Föld forgása. Ezért: Nappal és éjjel azért van, mert a Föld forog. A napos oldal nappal, a másik éjjel. Igen, stimmel.","Nappal és éjjel azért van, mert a Föld forog. A napos oldal nappal, a másik éjjel."
678,Mi nappal és éjjel? (röviden),"Pillanat, gondolkodom. A Föld forgása. Következtetés: Nappal és éjjel azért van, mert a Föld forog. A napos oldal nappal, a másik éjjel. Biztos vagyok.","Nappal és éjjel azért van, mert a Föld forog. A napos oldal nappal, a másik éjjel."
679,Miért vannak évszakok?,Előbb nyugodtan. A földtengely dőlése. Ezért: Az évszakok a tengely dőléséből jönnek: mindegyik félteke felváltva dől a Nap felé. Biztos vagyok.,Az évszakok a tengely dőléséből jönnek: mindegyik félteke felváltva dől a Nap felé.
680,Magyarázd évszakok egy mondatban.,Előbb nyugodtan. A földtengely dőlése. Válasz tehát: Az évszakok a tengely dőléséből jönnek: mindegyik félteke felváltva dől a Nap felé. Vége a gondolkodásnak.,Az évszakok a tengely dőléséből jönnek: mindegyik félteke felváltva dől a Nap felé.
681,Mi évszakok? (röviden),Fejben végigmegyek. A földtengely dőlése. Következtetés: Az évszakok a tengely dőléséből jönnek: mindegyik félteke felváltva dől a Nap felé. Értelmes.,Az évszakok a tengely dőléséből jönnek: mindegyik félteke felváltva dől a Nap felé.
682,Miért világít a Hold?,"Fejben végigmegyek. A Napot tükrözi. Következtetés: A Hold azért világít, mert a Nap fényét tükrözi. Jó, tovább.","A Hold azért világít, mert a Nap fényét tükrözi."
683,Magyarázd fényes Hold egy mondatban.,"Oké, lépésről lépésre. A Napot tükrözi. Következtetés: A Hold azért világít, mert a Nap fényét tükrözi. Minden világos a fejben.","A Hold azért világít, mert a Nap fényét tükrözi."
684,Mi fényes Hold? (röviden),"Jó, gondolkodjunk. A Napot tükrözi. Következtetés: A Hold azért világít, mert a Nap fényét tükrözi. Logikus.","A Hold azért világít, mert a Nap fényét tükrözi."
685,Mi a Nap?,"Rendezem ezt. Forró gázcsillag. Következtetés: A Nap forró gázcsillag, fényt és hőt ad. Logikus.","A Nap forró gázcsillag, fényt és hőt ad."
686,Magyarázd Nap egy mondatban.,"Fejben végigmegyek. Forró gázcsillag. Ezért: A Nap forró gázcsillag, fényt és hőt ad. Vége a gondolkodásnak.","A Nap forró gázcsillag, fényt és hőt ad."
687,Mi Nap? (röviden),"Jó, gondolkodjunk. Forró gázcsillag. Ezért: A Nap forró gázcsillag, fényt és hőt ad. Logikus.","A Nap forró gázcsillag, fényt és hőt ad."
688,Hány bolygó van a naprendszerben?,"Előbb nyugodtan. 8 bolygó. Következtetés: Naprendszerünkben 8 bolygó van: Merkúr, Vénusz, Föld, Mars, Jupiter, Szaturnusz, Uránusz, Neptunusz. Értelmes.","Naprendszerünkben 8 bolygó van: Merkúr, Vénusz, Föld, Mars, Jupiter, Szaturnusz, Uránusz, Neptunusz."
689,Magyarázd bolygók egy mondatban.,"Fejben végigmegyek. 8 bolygó. Következtetés: Naprendszerünkben 8 bolygó van: Merkúr, Vénusz, Föld, Mars, Jupiter, Szaturnusz, Uránusz, Neptunusz. Minden világos a fejben.","Naprendszerünkben 8 bolygó van: Merkúr, Vénusz, Föld, Mars, Jupiter, Szaturnusz, Uránusz, Neptunusz."
690,Mi bolygók? (röviden),"Jó kérdés, röviden gondolkodom. 8 bolygó. Válasz tehát: Naprendszerünkben 8 bolygó van: Merkúr, Vénusz, Föld, Mars, Jupiter, Szaturnusz, Uránusz, Neptunusz. Vége a gondolkodásnak.","Naprendszerünkben 8 bolygó van: Merkúr, Vénusz, Föld, Mars, Jupiter, Szaturnusz, Uránusz, Neptunusz."
691,Mi az atom?,"Hmm, mit tudok erről? Legkisebb egység: mag plusz elektronok. Válasz tehát: Az atom az anyag legkisebb egysége, magból és elektronokból. Logikus.","Az atom az anyag legkisebb egysége, magból és elektronokból."
692,Magyarázd atom egy mondatban.,"Hmm, mit tudok erről? Legkisebb egység: mag plusz elektronok. Következtetés: Az atom az anyag legkisebb egysége, magból és elektronokból. Jó, tovább.","Az atom az anyag legkisebb egysége, magból és elektronokból."
693,Mi atom? (röviden),"Rendezem ezt. Legkisebb egység: mag plusz elektronok. Ezért: Az atom az anyag legkisebb egysége, magból és elektronokból. Oké, eldöntve.","Az atom az anyag legkisebb egysége, magból és elektronokból."
694,Mi az újrahasznosítás?,"Rendezem ezt. Hulladék gyűjtése, új termékek készítése. Ezért: Az újrahasznosítás hulladékot gyűjt, hogy új termékeket készítsen. Oké, eldöntve.","Az újrahasznosítás hulladékot gyűjt, hogy új termékeket készítsen."
695,Magyarázd újrahasznosítás egy mondatban.,"Hmm, mit tudok erről? Hulladék gyűjtése, új termékek készítése. Válasz tehát: Az újrahasznosítás hulladékot gyűjt, hogy új termékeket készítsen. Jó, tovább.","Az újrahasznosítás hulladékot gyűjt, hogy új termékeket készítsen."
696,Mi újrahasznosítás? (röviden),"Fejben végigmegyek. Hulladék gyűjtése, új termékek készítése. Következtetés: Az újrahasznosítás hulladékot gyűjt, hogy új termékeket készítsen. Oké, eldöntve.","Az újrahasznosítás hulladékot gyűjt, hogy új termékeket készítsen."
697,Mi az üvegházhatás?,"Pillanat, gondolkodom. Gázok tartják a hőt. Ezért: Az üvegházhatás tartja a hőt. Túl sok gáz melegíti az éghajlatot. Vége a gondolkodásnak.",Az üvegházhatás tartja a hőt. Túl sok gáz melegíti az éghajlatot.
698,Magyarázd üvegházhatás egy mondatban.,Előbb nyugodtan. Gázok tartják a hőt. Következtetés: Az üvegházhatás tartja a hőt. Túl sok gáz melegíti az éghajlatot. Logikus.,Az üvegházhatás tartja a hőt. Túl sok gáz melegíti az éghajlatot.
699,Mi üvegházhatás? (röviden),"Hmm, mit tudok erről? Gázok tartják a hőt. Ezért: Az üvegházhatás tartja a hőt. Túl sok gáz melegíti az éghajlatot. Logikus.",Az üvegházhatás tartja a hőt. Túl sok gáz melegíti az éghajlatot.
700,Miért fontosak a méhek?,"Fejben végigmegyek. Beporzás, termések. Következtetés: A méhek beporozzák a növényeket, biztosítva terméseket és sokféleséget. Minden világos a fejben.","A méhek beporozzák a növényeket, biztosítva terméseket és sokféleséget."
701,Magyarázd méhek egy mondatban.,"Pillanat, gondolkodom. Beporzás, termések. Következtetés: A méhek beporozzák a növényeket, biztosítva terméseket és sokféleséget. Logikus.","A méhek beporozzák a növényeket, biztosítva terméseket és sokféleséget."
702,Mi méhek? (röviden),"Jó kérdés, röviden gondolkodom. Beporzás, termések. Ezért: A méhek beporozzák a növényeket, biztosítva terméseket és sokféleséget. Logikus.","A méhek beporozzák a növényeket, biztosítva terméseket és sokféleséget."
703,Miért zöldek a levelek?,"Rendezem ezt. Klorofill pigment. Következtetés: A levelek zöldek klorofill miatt, a fotoszintézis pigmentje. Biztos vagyok.","A levelek zöldek klorofill miatt, a fotoszintézis pigmentje."
704,Magyarázd zöld levelek egy mondatban.,"Jó kérdés, röviden gondolkodom. Klorofill pigment. Válasz tehát: A levelek zöldek klorofill miatt, a fotoszintézis pigmentje. Vége a gondolkodásnak.","A levelek zöldek klorofill miatt, a fotoszintézis pigmentje."
705,Mi zöld levelek? (röviden),"Jó, gondolkodjunk. Klorofill pigment. Válasz tehát: A levelek zöldek klorofill miatt, a fotoszintézis pigmentje. Igen, stimmel.","A levelek zöldek klorofill miatt, a fotoszintézis pigmentje."
706,Mi az emlős?,"Előbb nyugodtan. Szőr, élő szülés, tej. Ezért: Az emlősöknek szőrük van, élő utódot szülnek és tejjel táplálják. Igen, stimmel.","Az emlősöknek szőrük van, élő utódot szülnek és tejjel táplálják."
707,Magyarázd emlősök egy mondatban.,"Oké, lépésről lépésre. Szőr, élő szülés, tej. Ezért: Az emlősöknek szőrük van, élő utódot szülnek és tejjel táplálják. Jó, tovább.","Az emlősöknek szőrük van, élő utódot szülnek és tejjel táplálják."
708,Mi emlősök? (röviden),"Előbb nyugodtan. Szőr, élő szülés, tej. Következtetés: Az emlősöknek szőrük van, élő utódot szülnek és tejjel táplálják. Igen, stimmel.","Az emlősöknek szőrük van, élő utódot szülnek és tejjel táplálják."
709,Hogyan működik az elem?,Előbb nyugodtan. Kémiai energia elektromossá. Ezért: Az elem kémiai energiát alakít elektromossá. Vége a gondolkodásnak.,Az elem kémiai energiát alakít elektromossá.
710,Magyarázd elemek egy mondatban.,"Hmm, mit tudok erről? Kémiai energia elektromossá. Válasz tehát: Az elem kémiai energiát alakít elektromossá. Vége a gondolkodásnak.",Az elem kémiai energiát alakít elektromossá.
711,Mi elemek? (röviden),"Oké, lépésről lépésre. Kémiai energia elektromossá. Válasz tehát: Az elem kémiai energiát alakít elektromossá. Értelmes.",Az elem kémiai energiát alakít elektromossá.
712,Hogyan működik a napáram?,"Hmm, mit tudok erről? Cellák: fény árammá. Ezért: A napelemek a fényt közvetlenül árammá alakítják. Oké, eldöntve.",A napelemek a fényt közvetlenül árammá alakítják.
713,Magyarázd napáram egy mondatban.,"Oké, lépésről lépésre. Cellák: fény árammá. Válasz tehát: A napelemek a fényt közvetlenül árammá alakítják. Logikus.",A napelemek a fényt közvetlenül árammá alakítják.
714,Mi napáram? (röviden),Előbb nyugodtan. Cellák: fény árammá. Következtetés: A napelemek a fényt közvetlenül árammá alakítják. Biztos vagyok.,A napelemek a fényt közvetlenül árammá alakítják.
715,Mi a számítógépes vírus?,"Oké, lépésről lépésre. Terjedő káros program. Következtetés: A vírus terjedő és károsító káros program. Védd frissítésekkel és óvatossággal. Oké, eldöntve.",A vírus terjedő és károsító káros program. Védd frissítésekkel és óvatossággal.
716,Magyarázd számítógépes vírus egy mondatban.,"Jó kérdés, röviden gondolkodom. Terjedő káros program. Válasz tehát: A vírus terjedő és károsító káros program. Védd frissítésekkel és óvatossággal. Biztos vagyok.",A vírus terjedő és károsító káros program. Védd frissítésekkel és óvatossággal.
717,Mi számítógépes vírus? (röviden),"Hmm, mit tudok erről? Terjedő káros program. Válasz tehát: A vírus terjedő és károsító káros program. Védd frissítésekkel és óvatossággal. Biztos vagyok.",A vírus terjedő és károsító káros program. Védd frissítésekkel és óvatossággal.
718,Miért gond a műanyag?,"Pillanat, gondolkodom. Tartós szemét, mikroműanyag. Ezért: A műanyag alig bomlik, szemeteli a természetet és tengereket, mikroműanyaggá válik. Vége a gondolkodásnak.","A műanyag alig bomlik, szemeteli a természetet és tengereket, mikroműanyaggá válik."
719,Magyarázd műanyag egy mondatban.,"Jó, gondolkodjunk. Tartós szemét, mikroműanyag. Következtetés: A műanyag alig bomlik, szemeteli a természetet és tengereket, mikroműanyaggá válik. Logikus.","A műanyag alig bomlik, szemeteli a természetet és tengereket, mikroműanyaggá válik."
720,Mi műanyag? (röviden),"Pillanat, gondolkodom. Tartós szemét, mikroműanyag. Válasz tehát: A műanyag alig bomlik, szemeteli a természetet és tengereket, mikroműanyaggá válik. Oké, eldöntve.","A műanyag alig bomlik, szemeteli a természetet és tengereket, mikroműanyaggá válik."
721,Mi a földrengés?,"Jó kérdés, röviden gondolkodom. Lemezek mozognak, energia szabadul. Ezért: Földrengés akkor van, amikor a lemezek hirtelen mozognak és energiát szabadítanak. Logikus.","Földrengés akkor van, amikor a lemezek hirtelen mozognak és energiát szabadítanak."
722,Magyarázd földrengés egy mondatban.,"Rendezem ezt. Lemezek mozognak, energia szabadul. Következtetés: Földrengés akkor van, amikor a lemezek hirtelen mozognak és energiát szabadítanak. Biztos vagyok.","Földrengés akkor van, amikor a lemezek hirtelen mozognak és energiát szabadítanak."
723,Mi földrengés? (röviden),"Jó, gondolkodjunk. Lemezek mozognak, energia szabadul. Válasz tehát: Földrengés akkor van, amikor a lemezek hirtelen mozognak és energiát szabadítanak. Jó, tovább.","Földrengés akkor van, amikor a lemezek hirtelen mozognak és energiát szabadítanak."
724,Mi a méz?,"Hmm, mit tudok erről? Méhek nektárból készítik. Következtetés: A mézet a méhek virágnektárból készítik. Igen, stimmel.",A mézet a méhek virágnektárból készítik.
725,Magyarázd méz egy mondatban.,"Jó, gondolkodjunk. Méhek nektárból készítik. Következtetés: A mézet a méhek virágnektárból készítik. Vége a gondolkodásnak.",A mézet a méhek virágnektárból készítik.
726,Mi méz? (röviden),"Előbb nyugodtan. Méhek nektárból készítik. Válasz tehát: A mézet a méhek virágnektárból készítik. Jó, tovább.",A mézet a méhek virágnektárból készítik.
727,Mennyi 25-ször 4?,"Jó, gondolkodjunk. Számold: 25*4=100. Újraszámolás: 25-ször 4 az 100. Kijön. Igen, stimmel.",25-ször 4 az 100.
728,Mennyi 200 12%-a?,"Fejben végigmegyek. Százalék: 200*0,12=24. Kontroll: 200 12%-a 24. Helyes. Logikus.",200 12%-a 24.
729,Mennyi 7-szer 8 plusz 10?,"Jó, gondolkodjunk. Sorrend: 7*8=56 +10=66. Újraszámolás: Az 66. Kijön. Biztos vagyok.",Az 66.
730,Vonat 14:30-kor indul és 2ó15-öt megy. Mikor érkezik?,"Előbb nyugodtan. Összead: 14:30 + 2:15 = 16:45. Kontroll: 16:45-kor érkezik. Helyes. Igen, stimmel.",16:45-kor érkezik.
731,Van 3 almám és 1-et eszem. Mennyi marad?,"Jó, gondolkodjunk. Kivon: 3-1=2. Újraszámolás: 2 alma marad. Kijön. Értelmes.",2 alma marad.
732,22-kor fekszem és 6-kor kelek. Mennyit alszom?,"Előbb nyugodtan. Idő: 22-6 = 8 óra. Ellenőrzés: 8 órát alszol. Stimmel. Jó, tovább.",8 órát alszol.
733,Ossz el 100 eurót 4 ember közt.,"Jó, gondolkodjunk. Oszt: 100/4=25. Kontroll: Mindenki 25 eurót kap. Helyes. Logikus.",Mindenki 25 eurót kap.
734,Hány perc 2 óra?,"Pillanat, gondolkodom. Átvált: 2*60=120. Újraszámolás: 2 óra 120 perc. Kijön. Oké, eldöntve.",2 óra 120 perc.
735,Hány napos egy év?,"Jó, gondolkodjunk. Tény: 365, szökőév 366. Válasz tehát: Egy év 365 napos, szökőév 366. Értelmes.","Egy év 365 napos, szökőév 366."
736,Hány másodperc egy perc?,"Oké, lépésről lépésre. Tény: 60. Következtetés: Egy perc 60 másodperc. Értelmes.",Egy perc 60 másodperc.
737,Mennyi 23 plusz 48?,"Hmm, mit tudok erről? Összead: 23+48=71. Ellenőrzés: 23 plusz 48 az 71. Stimmel. Oké, eldöntve.",23 plusz 48 az 71.
738,Mennyi 5 mínusz 2?,"Hmm, mit tudok erről? Kivon: 5-2=3. Kontroll: 5 mínusz 2 az 3. Helyes. Biztos vagyok.",5 mínusz 2 az 3.
739,Mennyi 2-szer 2?,"Előbb nyugodtan. Szoroz: 2*2=4. Kontroll: 2-szer 2 az 4. Helyes. Oké, eldöntve.",2-szer 2 az 4.
740,Mennyi 144 osztva 12?,"Hmm, mit tudok erről? Oszt: 144/12=12. Újraszámolás: 144 osztva 12 az 12. Kijön. Minden világos a fejben.",144 osztva 12 az 12.
741,Mennyi 300 50%-a?,"Jó, gondolkodjunk. Százalék: 300*50/100=150. Kontroll: 300 50%-a 150. Helyes. Logikus.",300 50%-a 150.
742,Mennyi 32 plusz 34?,Rendezem ezt. Összead: 32+34=66. Ellenőrzés: 32 plusz 34 az 66. Stimmel. Vége a gondolkodásnak.,32 plusz 34 az 66.
743,Mennyi 86 mínusz 5?,"Jó, gondolkodjunk. Kivon: 86-5=81. Kontroll: 86 mínusz 5 az 81. Helyes. Jó, tovább.",86 mínusz 5 az 81.
744,Mennyi 3-szer 8?,"Pillanat, gondolkodom. Szoroz: 3*8=24. Kontroll: 3-szer 8 az 24. Helyes. Igen, stimmel.",3-szer 8 az 24.
745,Mennyi 85 osztva 5?,Előbb nyugodtan. Oszt: 85/5=17. Ellenőrzés: 85 osztva 5 az 17. Stimmel. Vége a gondolkodásnak.,85 osztva 5 az 17.
746,Mennyi 1000 10%-a?,"Pillanat, gondolkodom. Százalék: 1000*10/100=100. Ellenőrzés: 1000 10%-a 100. Stimmel. Jó, tovább.",1000 10%-a 100.
747,Mennyi 31 plusz 56?,"Jó kérdés, röviden gondolkodom. Összead: 31+56=87. Kontroll: 31 plusz 56 az 87. Helyes. Vége a gondolkodásnak.",31 plusz 56 az 87.
748,Mennyi 65 mínusz 61?,"Hmm, mit tudok erről? Kivon: 65-61=4. Kontroll: 65 mínusz 61 az 4. Helyes. Igen, stimmel.",65 mínusz 61 az 4.
749,Mennyi 12-szer 8?,"Jó kérdés, röviden gondolkodom. Szoroz: 12*8=96. Ellenőrzés: 12-szer 8 az 96. Stimmel. Oké, eldöntve.",12-szer 8 az 96.
750,Mennyi 72 osztva 6?,"Pillanat, gondolkodom. Oszt: 72/6=12. Ellenőrzés: 72 osztva 6 az 12. Stimmel. Oké, eldöntve.",72 osztva 6 az 12.
751,Mennyi 400 25%-a?,Fejben végigmegyek. Százalék: 400*25/100=100. Újraszámolás: 400 25%-a 100. Kijön. Értelmes.,400 25%-a 100.
752,Mennyi 17 plusz 22?,Rendezem ezt. Összead: 17+22=39. Ellenőrzés: 17 plusz 22 az 39. Stimmel. Logikus.,17 plusz 22 az 39.
753,Mennyi 97 mínusz 96?,"Pillanat, gondolkodom. Kivon: 97-96=1. Újraszámolás: 97 mínusz 96 az 1. Kijön. Minden világos a fejben.",97 mínusz 96 az 1.
754,Mennyi 9-szer 10?,"Oké, lépésről lépésre. Szoroz: 9*10=90. Újraszámolás: 9-szer 10 az 90. Kijön. Vége a gondolkodásnak.",9-szer 10 az 90.
755,Mennyi 72 osztva 12?,"Előbb nyugodtan. Oszt: 72/12=6. Kontroll: 72 osztva 12 az 6. Helyes. Jó, tovább.",72 osztva 12 az 6.
756,Mennyi 200 50%-a?,Rendezem ezt. Százalék: 200*50/100=100. Ellenőrzés: 200 50%-a 100. Stimmel. Vége a gondolkodásnak.,200 50%-a 100.
757,Mennyi 10 plusz 41?,"Rendezem ezt. Összead: 10+41=51. Kontroll: 10 plusz 41 az 51. Helyes. Oké, eldöntve.",10 plusz 41 az 51.
758,Mennyi 81 mínusz 22?,"Pillanat, gondolkodom. Kivon: 81-22=59. Ellenőrzés: 81 mínusz 22 az 59. Stimmel. Jó, tovább.",81 mínusz 22 az 59.
759,Mennyi 12-szer 2?,Rendezem ezt. Szoroz: 12*2=24. Újraszámolás: 12-szer 2 az 24. Kijön. Logikus.,12-szer 2 az 24.
760,Mennyi 120 osztva 8?,"Pillanat, gondolkodom. Oszt: 120/8=15. Kontroll: 120 osztva 8 az 15. Helyes. Logikus.",120 osztva 8 az 15.
761,Mennyi 500 10%-a?,"Jó, gondolkodjunk. Százalék: 500*10/100=50. Kontroll: 500 10%-a 50. Helyes. Logikus.",500 10%-a 50.
762,Mennyi 48 plusz 14?,"Oké, lépésről lépésre. Összead: 48+14=62. Újraszámolás: 48 plusz 14 az 62. Kijön. Jó, tovább.",48 plusz 14 az 62.
763,Mennyi 78 mínusz 47?,"Oké, lépésről lépésre. Kivon: 78-47=31. Újraszámolás: 78 mínusz 47 az 31. Kijön. Igen, stimmel.",78 mínusz 47 az 31.
764,Mennyi 35 osztva 7?,"Hmm, mit tudok erről? Oszt: 35/7=5. Kontroll: 35 osztva 7 az 5. Helyes. Vége a gondolkodásnak.",35 osztva 7 az 5.
765,Mennyi 200 5%-a?,"Jó, gondolkodjunk. Százalék: 200*5/100=10. Kontroll: 200 5%-a 10. Helyes. Igen, stimmel.",200 5%-a 10.
766,Mennyi 31 plusz 45?,"Pillanat, gondolkodom. Összead: 31+45=76. Ellenőrzés: 31 plusz 45 az 76. Stimmel. Oké, eldöntve.",31 plusz 45 az 76.
767,Mennyi 37 mínusz 18?,"Fejben végigmegyek. Kivon: 37-18=19. Újraszámolás: 37 mínusz 18 az 19. Kijön. Igen, stimmel.",37 mínusz 18 az 19.
768,Mennyi 10-szer 9?,"Oké, lépésről lépésre. Szoroz: 10*9=90. Ellenőrzés: 10-szer 9 az 90. Stimmel. Igen, stimmel.",10-szer 9 az 90.
769,Mennyi 1000 5%-a?,"Előbb nyugodtan. Százalék: 1000*5/100=50. Kontroll: 1000 5%-a 50. Helyes. Oké, eldöntve.",1000 5%-a 50.
770,Mennyi 43 plusz 3?,"Oké, lépésről lépésre. Összead: 43+3=46. Ellenőrzés: 43 plusz 3 az 46. Stimmel. Vége a gondolkodásnak.",43 plusz 3 az 46.
771,Mennyi 65 mínusz 16?,Fejben végigmegyek. Kivon: 65-16=49. Újraszámolás: 65 mínusz 16 az 49. Kijön. Logikus.,65 mínusz 16 az 49.
772,Mennyi 3-szer 2?,"Jó, gondolkodjunk. Szoroz: 3*2=6. Kontroll: 3-szer 2 az 6. Helyes. Igen, stimmel.",3-szer 2 az 6.
773,Mennyi 77 osztva 11?,"Pillanat, gondolkodom. Oszt: 77/11=7. Újraszámolás: 77 osztva 11 az 7. Kijön. Igen, stimmel.",77 osztva 11 az 7.
774,Mennyi 36 plusz 24?,"Előbb nyugodtan. Összead: 36+24=60. Ellenőrzés: 36 plusz 24 az 60. Stimmel. Oké, eldöntve.",36 plusz 24 az 60.
775,Mennyi 21 mínusz 4?,Rendezem ezt. Kivon: 21-4=17. Újraszámolás: 21 mínusz 4 az 17. Kijön. Vége a gondolkodásnak.,21 mínusz 4 az 17.
776,Mennyi 11-szer 7?,"Jó kérdés, röviden gondolkodom. Szoroz: 11*7=77. Kontroll: 11-szer 7 az 77. Helyes. Minden világos a fejben.",11-szer 7 az 77.
777,Mennyi 39 osztva 3?,"Pillanat, gondolkodom. Oszt: 39/3=13. Újraszámolás: 39 osztva 3 az 13. Kijön. Biztos vagyok.",39 osztva 3 az 13.
778,Mennyi 1000 50%-a?,"Rendezem ezt. Százalék: 1000*50/100=500. Újraszámolás: 1000 50%-a 500. Kijön. Oké, eldöntve.",1000 50%-a 500.
779,Mennyi 48 plusz 25?,"Jó, gondolkodjunk. Összead: 48+25=73. Kontroll: 48 plusz 25 az 73. Helyes. Igen, stimmel.",48 plusz 25 az 73.
780,Mennyi 59 mínusz 37?,"Hmm, mit tudok erről? Kivon: 59-37=22. Kontroll: 59 mínusz 37 az 22. Helyes. Logikus.",59 mínusz 37 az 22.
781,Mennyi 12-szer 11?,"Jó, gondolkodjunk. Szoroz: 12*11=132. Ellenőrzés: 12-szer 11 az 132. Stimmel. Értelmes.",12-szer 11 az 132.
782,Mennyi 15 osztva 5?,"Pillanat, gondolkodom. Oszt: 15/5=3. Kontroll: 15 osztva 5 az 3. Helyes. Értelmes.",15 osztva 5 az 3.
783,Mennyi 500 50%-a?,Előbb nyugodtan. Százalék: 500*50/100=250. Ellenőrzés: 500 50%-a 250. Stimmel. Logikus.,500 50%-a 250.
784,Mennyi 22 plusz 20?,"Fejben végigmegyek. Összead: 22+20=42. Ellenőrzés: 22 plusz 20 az 42. Stimmel. Igen, stimmel.",22 plusz 20 az 42.
785,Mennyi 61 mínusz 51?,"Jó kérdés, röviden gondolkodom. Kivon: 61-51=10. Ellenőrzés: 61 mínusz 51 az 10. Stimmel. Logikus.",61 mínusz 51 az 10.
786,Mennyi 6-szer 12?,"Fejben végigmegyek. Szoroz: 6*12=72. Újraszámolás: 6-szer 12 az 72. Kijön. Jó, tovább.",6-szer 12 az 72.
787,Mennyi 128 osztva 8?,Rendezem ezt. Oszt: 128/8=16. Újraszámolás: 128 osztva 8 az 16. Kijön. Vége a gondolkodásnak.,128 osztva 8 az 16.
788,Mennyi 100 10%-a?,"Pillanat, gondolkodom. Százalék: 100*10/100=10. Kontroll: 100 10%-a 10. Helyes. Logikus.",100 10%-a 10.
789,Mennyi 30 plusz 32?,Rendezem ezt. Összead: 30+32=62. Újraszámolás: 30 plusz 32 az 62. Kijön. Értelmes.,30 plusz 32 az 62.
790,Mennyi 38 mínusz 32?,"Rendezem ezt. Kivon: 38-32=6. Ellenőrzés: 38 mínusz 32 az 6. Stimmel. Oké, eldöntve.",38 mínusz 32 az 6.
791,Mennyi 11-szer 10?,"Oké, lépésről lépésre. Szoroz: 11*10=110. Újraszámolás: 11-szer 10 az 110. Kijön. Minden világos a fejben.",11-szer 10 az 110.
792,Mennyi 72 osztva 4?,"Jó, gondolkodjunk. Oszt: 72/4=18. Kontroll: 72 osztva 4 az 18. Helyes. Minden világos a fejben.",72 osztva 4 az 18.
793,Mennyi 100 15%-a?,"Rendezem ezt. Százalék: 100*15/100=15. Ellenőrzés: 100 15%-a 15. Stimmel. Igen, stimmel.",100 15%-a 15.
794,Mennyi 36 plusz 10?,"Oké, lépésről lépésre. Összead: 36+10=46. Ellenőrzés: 36 plusz 10 az 46. Stimmel. Biztos vagyok.",36 plusz 10 az 46.
795,Mennyi 51 mínusz 40?,"Hmm, mit tudok erről? Kivon: 51-40=11. Ellenőrzés: 51 mínusz 40 az 11. Stimmel. Biztos vagyok.",51 mínusz 40 az 11.
796,Mennyi 7-szer 12?,"Pillanat, gondolkodom. Szoroz: 7*12=84. Újraszámolás: 7-szer 12 az 84. Kijön. Vége a gondolkodásnak.",7-szer 12 az 84.
797,Mennyi 33 osztva 3?,"Hmm, mit tudok erről? Oszt: 33/3=11. Újraszámolás: 33 osztva 3 az 11. Kijön. Biztos vagyok.",33 osztva 3 az 11.
798,Mennyi 400 5%-a?,Rendezem ezt. Százalék: 400*5/100=20. Ellenőrzés: 400 5%-a 20. Stimmel. Logikus.,400 5%-a 20.
799,Mennyi 40 plusz 34?,"Oké, lépésről lépésre. Összead: 40+34=74. Újraszámolás: 40 plusz 34 az 74. Kijön. Vége a gondolkodásnak.",40 plusz 34 az 74.
800,Mennyi 58 mínusz 53?,Rendezem ezt. Kivon: 58-53=5. Újraszámolás: 58 mínusz 53 az 5. Kijön. Vége a gondolkodásnak.,58 mínusz 53 az 5.
801,Mennyi 6-szer 8?,"Jó kérdés, röviden gondolkodom. Szoroz: 6*8=48. Kontroll: 6-szer 8 az 48. Helyes. Vége a gondolkodásnak.",6-szer 8 az 48.
802,Mennyi 204 osztva 12?,Előbb nyugodtan. Oszt: 204/12=17. Újraszámolás: 204 osztva 12 az 17. Kijön. Vége a gondolkodásnak.,204 osztva 12 az 17.
803,Mennyi 1000 20%-a?,"Jó, gondolkodjunk. Százalék: 1000*20/100=200. Újraszámolás: 1000 20%-a 200. Kijön. Minden világos a fejben.",1000 20%-a 200.
804,Mennyi 32 plusz 56?,"Hmm, mit tudok erről? Összead: 32+56=88. Ellenőrzés: 32 plusz 56 az 88. Stimmel. Jó, tovább.",32 plusz 56 az 88.
805,Mennyi 50 mínusz 7?,Rendezem ezt. Kivon: 50-7=43. Újraszámolás: 50 mínusz 7 az 43. Kijön. Minden világos a fejben.,50 mínusz 7 az 43.
806,Mennyi 152 osztva 8?,"Jó kérdés, röviden gondolkodom. Oszt: 152/8=19. Kontroll: 152 osztva 8 az 19. Helyes. Értelmes.",152 osztva 8 az 19.
807,Mennyi 11 plusz 30?,"Pillanat, gondolkodom. Összead: 11+30=41. Újraszámolás: 11 plusz 30 az 41. Kijön. Minden világos a fejben.",11 plusz 30 az 41.
808,Mennyi 24 mínusz 20?,"Oké, lépésről lépésre. Kivon: 24-20=4. Újraszámolás: 24 mínusz 20 az 4. Kijön. Minden világos a fejben.",24 mínusz 20 az 4.
809,Mennyi 8-szer 3?,"Előbb nyugodtan. Szoroz: 8*3=24. Ellenőrzés: 8-szer 3 az 24. Stimmel. Oké, eldöntve.",8-szer 3 az 24.
810,Mennyi 99 osztva 11?,"Hmm, mit tudok erről? Oszt: 99/11=9. Kontroll: 99 osztva 11 az 9. Helyes. Logikus.",99 osztva 11 az 9.
811,Mennyi 400 10%-a?,"Oké, lépésről lépésre. Százalék: 400*10/100=40. Újraszámolás: 400 10%-a 40. Kijön. Oké, eldöntve.",400 10%-a 40.
812,Mennyi 43 plusz 20?,Fejben végigmegyek. Összead: 43+20=63. Kontroll: 43 plusz 20 az 63. Helyes. Minden világos a fejben.,43 plusz 20 az 63.
813,Mennyi 44 mínusz 25?,"Jó, gondolkodjunk. Kivon: 44-25=19. Ellenőrzés: 44 mínusz 25 az 19. Stimmel. Igen, stimmel.",44 mínusz 25 az 19.
814,Mennyi 8-szer 5?,"Rendezem ezt. Szoroz: 8*5=40. Újraszámolás: 8-szer 5 az 40. Kijön. Igen, stimmel.",8-szer 5 az 40.
815,Mennyi 4 osztva 2?,"Pillanat, gondolkodom. Oszt: 4/2=2. Kontroll: 4 osztva 2 az 2. Helyes. Oké, eldöntve.",4 osztva 2 az 2.
816,Mennyi 11 plusz 10?,Előbb nyugodtan. Összead: 11+10=21. Újraszámolás: 11 plusz 10 az 21. Kijön. Minden világos a fejben.,11 plusz 10 az 21.
817,Mennyi 25 mínusz 6?,"Hmm, mit tudok erről? Kivon: 25-6=19. Ellenőrzés: 25 mínusz 6 az 19. Stimmel. Vége a gondolkodásnak.",25 mínusz 6 az 19.
818,Mennyi 3-szer 3?,"Fejben végigmegyek. Szoroz: 3*3=9. Újraszámolás: 3-szer 3 az 9. Kijön. Jó, tovább.",3-szer 3 az 9.
819,Mennyi 66 osztva 11?,"Oké, lépésről lépésre. Oszt: 66/11=6. Ellenőrzés: 66 osztva 11 az 6. Stimmel. Jó, tovább.",66 osztva 11 az 6.
820,Mennyi 300 10%-a?,"Pillanat, gondolkodom. Százalék: 300*10/100=30. Kontroll: 300 10%-a 30. Helyes. Értelmes.",300 10%-a 30.
821,Mennyi 30 plusz 13?,"Jó, gondolkodjunk. Összead: 30+13=43. Kontroll: 30 plusz 13 az 43. Helyes. Igen, stimmel.",30 plusz 13 az 43.
822,Mennyi 82 mínusz 8?,Rendezem ezt. Kivon: 82-8=74. Újraszámolás: 82 mínusz 8 az 74. Kijön. Vége a gondolkodásnak.,82 mínusz 8 az 74.
823,Mennyi 6-szer 2?,"Hmm, mit tudok erről? Szoroz: 6*2=12. Újraszámolás: 6-szer 2 az 12. Kijön. Értelmes.",6-szer 2 az 12.
824,Mennyi 42 osztva 7?,"Hmm, mit tudok erről? Oszt: 42/7=6. Újraszámolás: 42 osztva 7 az 6. Kijön. Biztos vagyok.",42 osztva 7 az 6.
825,Mennyi 100 20%-a?,"Hmm, mit tudok erről? Százalék: 100*20/100=20. Újraszámolás: 100 20%-a 20. Kijön. Jó, tovább.",100 20%-a 20.
826,Mennyi 8 plusz 37?,"Hmm, mit tudok erről? Összead: 8+37=45. Ellenőrzés: 8 plusz 37 az 45. Stimmel. Oké, eldöntve.",8 plusz 37 az 45.
827,Mennyi 9 mínusz 7?,"Jó kérdés, röviden gondolkodom. Kivon: 9-7=2. Kontroll: 9 mínusz 7 az 2. Helyes. Vége a gondolkodásnak.",9 mínusz 7 az 2.
828,Mennyi 7-szer 9?,"Jó kérdés, röviden gondolkodom. Szoroz: 7*9=63. Kontroll: 7-szer 9 az 63. Helyes. Igen, stimmel.",7-szer 9 az 63.
829,Mennyi 64 osztva 8?,"Pillanat, gondolkodom. Oszt: 64/8=8. Újraszámolás: 64 osztva 8 az 8. Kijön. Minden világos a fejben.",64 osztva 8 az 8.
830,Mennyi 500 5%-a?,Rendezem ezt. Százalék: 500*5/100=25. Kontroll: 500 5%-a 25. Helyes. Vége a gondolkodásnak.,500 5%-a 25.
831,Mennyi 13 plusz 32?,"Oké, lépésről lépésre. Összead: 13+32=45. Ellenőrzés: 13 plusz 32 az 45. Stimmel. Vége a gondolkodásnak.",13 plusz 32 az 45.
832,Mennyi 68 mínusz 40?,Rendezem ezt. Kivon: 68-40=28. Ellenőrzés: 68 mínusz 40 az 28. Stimmel. Minden világos a fejben.,68 mínusz 40 az 28.
833,Mennyi 20 osztva 5?,"Oké, lépésről lépésre. Oszt: 20/5=4. Ellenőrzés: 20 osztva 5 az 4. Stimmel. Biztos vagyok.",20 osztva 5 az 4.
834,Mennyi 200 20%-a?,"Előbb nyugodtan. Százalék: 200*20/100=40. Ellenőrzés: 200 20%-a 40. Stimmel. Oké, eldöntve.",200 20%-a 40.
835,Mennyi 31 plusz 41?,"Hmm, mit tudok erről? Összead: 31+41=72. Újraszámolás: 31 plusz 41 az 72. Kijön. Vége a gondolkodásnak.",31 plusz 41 az 72.
836,Mennyi 28 mínusz 12?,"Oké, lépésről lépésre. Kivon: 28-12=16. Újraszámolás: 28 mínusz 12 az 16. Kijön. Minden világos a fejben.",28 mínusz 12 az 16.
837,Mennyi 2-szer 8?,"Jó kérdés, röviden gondolkodom. Szoroz: 2*8=16. Kontroll: 2-szer 8 az 16. Helyes. Vége a gondolkodásnak.",2-szer 8 az 16.
838,Mennyi 36 osztva 2?,"Oké, lépésről lépésre. Oszt: 36/2=18. Újraszámolás: 36 osztva 2 az 18. Kijön. Logikus.",36 osztva 2 az 18.
839,Mennyi 200 10%-a?,"Hmm, mit tudok erről? Százalék: 200*10/100=20. Kontroll: 200 10%-a 20. Helyes. Jó, tovább.",200 10%-a 20.
840,Mennyi 56 plusz 36?,"Jó, gondolkodjunk. Összead: 56+36=92. Kontroll: 56 plusz 36 az 92. Helyes. Logikus.",56 plusz 36 az 92.
841,Mennyi 70 mínusz 38?,Előbb nyugodtan. Kivon: 70-38=32. Újraszámolás: 70 mínusz 38 az 32. Kijön. Vége a gondolkodásnak.,70 mínusz 38 az 32.
842,Mennyi 5-szer 4?,Rendezem ezt. Szoroz: 5*4=20. Újraszámolás: 5-szer 4 az 20. Kijön. Vége a gondolkodásnak.,5-szer 4 az 20.
843,Mennyi 180 osztva 10?,"Jó kérdés, röviden gondolkodom. Oszt: 180/10=18. Kontroll: 180 osztva 10 az 18. Helyes. Igen, stimmel.",180 osztva 10 az 18.
844,Mennyi 200 15%-a?,Előbb nyugodtan. Százalék: 200*15/100=30. Kontroll: 200 15%-a 30. Helyes. Biztos vagyok.,200 15%-a 30.
845,Mennyi 40 plusz 49?,"Pillanat, gondolkodom. Összead: 40+49=89. Újraszámolás: 40 plusz 49 az 89. Kijön. Vége a gondolkodásnak.",40 plusz 49 az 89.
846,Film 20:15-kor kezdődik és 90 perces. Mikor ér véget?,"Rendezem ezt. 20:15 + 90 perc = 21:45. Kontroll: 21:45-kor ér véget. Helyes. Oké, eldöntve.",21:45-kor ér véget.
847,9 óra van. 3ó30 múlva találkozóm. Mikor?,Fejben végigmegyek. 9:00 + 3:30 = 12:30. Ellenőrzés: A találkozó 12:30-kor. Stimmel. Értelmes.,A találkozó 12:30-kor.
848,Torta 45 percig sül. 16:20-kor teszem be. Mikor kész?,"Jó, gondolkodjunk. 16:20 + 0:45 = 17:05. Újraszámolás: 17:05-kor kész. Kijön. Biztos vagyok.",17:05-kor kész.
849,Iskola 8:00-kor kezdődik és 13:15-kor végződik. Meddig?,"Hmm, mit tudok erről? 13:15 - 8:00 = 5:15. Kontroll: 5 óra 15 percig tart. Helyes. Vége a gondolkodásnak.",5 óra 15 percig tart.
850,"Ha 19:00-tól 30 percet olvasok, mikor végzek?","Pillanat, gondolkodom. 19:00 + 0:30 = 19:30. Kontroll: 19:30-kor végzel. Helyes. Jó, tovább.",19:30-kor végzel.
851,Hogyan tanulok szavakat legjobban?,"Előbb nyugodtan. Rövid napi egységek, kártyák, aktív használat. Következtetés: Legjobb rövid napi egységekben kártyákkal és aktív használattal mondatokban plusz ismétlés. Logikus.",Legjobb rövid napi egységekben kártyákkal és aktív használattal mondatokban plusz ismétlés.
852,szavak tanulása - tippek?,"Pillanat, gondolkodom. Rövid napi egységek, kártyák, aktív használat. Válasz tehát: Legjobb rövid napi egységekben kártyákkal és aktív használattal mondatokban plusz ismétlés. Vége a gondolkodásnak.",Legjobb rövid napi egységekben kártyákkal és aktív használattal mondatokban plusz ismétlés.
853,Gyors útmutató: szavak tanulása.,"Rendezem ezt. Rövid napi egységek, kártyák, aktív használat. Ezért: Legjobb rövid napi egységekben kártyákkal és aktív használattal mondatokban plusz ismétlés. Igen, stimmel.",Legjobb rövid napi egységekben kártyákkal és aktív használattal mondatokban plusz ismétlés.
854,Hogyan spórolok mindennap?,"Hmm, mit tudok erről? Költségvetés, előfizetések, főzés, összehasonlítás. Ezért: Állíts költségvetést, nézd át előfizetéseket, főzz többször, hasonlíts árakat és tegyél félre először fix összeget. Igen, stimmel.","Állíts költségvetést, nézd át előfizetéseket, főzz többször, hasonlíts árakat és tegyél félre először fix összeget."
855,spórolás - tippek?,"Oké, lépésről lépésre. Költségvetés, előfizetések, főzés, összehasonlítás. Ezért: Állíts költségvetést, nézd át előfizetéseket, főzz többször, hasonlíts árakat és tegyél félre először fix összeget. Igen, stimmel.","Állíts költségvetést, nézd át előfizetéseket, főzz többször, hasonlíts árakat és tegyél félre először fix összeget."
856,Gyors útmutató: spórolás.,"Jó kérdés, röviden gondolkodom. Költségvetés, előfizetések, főzés, összehasonlítás. Válasz tehát: Állíts költségvetést, nézd át előfizetéseket, főzz többször, hasonlíts árakat és tegyél félre először fix összeget. Vége a gondolkodásnak.","Állíts költségvetést, nézd át előfizetéseket, főzz többször, hasonlíts árakat és tegyél félre először fix összeget."
857,"Mit főzök csak tésztából, paradicsomból és sajtból?","Hmm, mit tudok erről? Tészta paradicsomszósszal és sajttal. Ezért: Csinálj tésztát egyszerű szósszal: fűszerezd, főzd, öntsd tésztára, szórj sajtot. Biztos vagyok.","Csinálj tésztát egyszerű szósszal: fűszerezd, főzd, öntsd tésztára, szórj sajtot."
858,gyors tészta - tippek?,"Hmm, mit tudok erről? Tészta paradicsomszósszal és sajttal. Ezért: Csinálj tésztát egyszerű szósszal: fűszerezd, főzd, öntsd tésztára, szórj sajtot. Értelmes.","Csinálj tésztát egyszerű szósszal: fűszerezd, főzd, öntsd tésztára, szórj sajtot."
859,Gyors útmutató: gyors tészta.,"Fejben végigmegyek. Tészta paradicsomszósszal és sajttal. Válasz tehát: Csinálj tésztát egyszerű szósszal: fűszerezd, főzd, öntsd tésztára, szórj sajtot. Logikus.","Csinálj tésztát egyszerű szósszal: fűszerezd, főzd, öntsd tésztára, szórj sajtot."
860,"Holnap repülök, mit vigyek?","Pillanat, gondolkodom. Lista: igazolvány, jegy, pénz, telefon, töltő. Következtetés: Vigyél: igazolványt vagy útlevelet, jegyet, pénzt, telefont plusz töltőt, gyógyszert, higiéniát és váltást kézibe. Igen, stimmel.","Vigyél: igazolványt vagy útlevelet, jegyet, pénzt, telefont plusz töltőt, gyógyszert, higiéniát és váltást kézibe."
861,repülős csomag - tippek?,"Pillanat, gondolkodom. Lista: igazolvány, jegy, pénz, telefon, töltő. Következtetés: Vigyél: igazolványt vagy útlevelet, jegyet, pénzt, telefont plusz töltőt, gyógyszert, higiéniát és váltást kézibe. Vége a gondolkodásnak.","Vigyél: igazolványt vagy útlevelet, jegyet, pénzt, telefont plusz töltőt, gyógyszert, higiéniát és váltást kézibe."
862,Gyors útmutató: repülős csomag.,"Fejben végigmegyek. Lista: igazolvány, jegy, pénz, telefon, töltő. Ezért: Vigyél: igazolványt vagy útlevelet, jegyet, pénzt, telefont plusz töltőt, gyógyszert, higiéniát és váltást kézibe. Minden világos a fejben.","Vigyél: igazolványt vagy útlevelet, jegyet, pénzt, telefont plusz töltőt, gyógyszert, higiéniát és váltást kézibe."
863,Hogyan írok jó bocsánatkérést?,"Hmm, mit tudok erről? Nevezd meg a hibát, felelősség, jóvátétel. Ezért: Nevezd meg a hibát, vállald, mutass megbánást és ajánlj jóvátételt, röviden és őszintén. Minden világos a fejben.","Nevezd meg a hibát, vállald, mutass megbánást és ajánlj jóvátételt, röviden és őszintén."
864,bocsánatkérés - tippek?,"Jó kérdés, röviden gondolkodom. Nevezd meg a hibát, felelősség, jóvátétel. Ezért: Nevezd meg a hibát, vállald, mutass megbánást és ajánlj jóvátételt, röviden és őszintén. Igen, stimmel.","Nevezd meg a hibát, vállald, mutass megbánást és ajánlj jóvátételt, röviden és őszintén."
865,Gyors útmutató: bocsánatkérés.,"Hmm, mit tudok erről? Nevezd meg a hibát, felelősség, jóvátétel. Következtetés: Nevezd meg a hibát, vállald, mutass megbánást és ajánlj jóvátételt, röviden és őszintén. Oké, eldöntve.","Nevezd meg a hibát, vállald, mutass megbánást és ajánlj jóvátételt, röviden és őszintén."
866,Hogyan tervezek 3 napos városi tripet?,"Előbb nyugodtan. Utazás, hotel, napi 2-3 pont. Következtetés: Állítsd be az utazást és hotelt, válassz napi 2-3 pontot, tervezz puffereket és napibüdzsét. Logikus.","Állítsd be az utazást és hotelt, válassz napi 2-3 pontot, tervezz puffereket és napibüdzsét."
867,városi trip - tippek?,"Jó, gondolkodjunk. Utazás, hotel, napi 2-3 pont. Ezért: Állítsd be az utazást és hotelt, válassz napi 2-3 pontot, tervezz puffereket és napibüdzsét. Igen, stimmel.","Állítsd be az utazást és hotelt, válassz napi 2-3 pontot, tervezz puffereket és napibüdzsét."
868,Gyors útmutató: városi trip.,"Jó kérdés, röviden gondolkodom. Utazás, hotel, napi 2-3 pont. Válasz tehát: Állítsd be az utazást és hotelt, válassz napi 2-3 pontot, tervezz puffereket és napibüdzsét. Minden világos a fejben.","Állítsd be az utazást és hotelt, válassz napi 2-3 pontot, tervezz puffereket és napibüdzsét."
869,Esernyő 80% esőnél?,"Előbb nyugodtan. 80% magas, igen ajánlott. Ezért: Igen, vidd. 80%-nál az eső nagyon valószínű. Oké, eldöntve.","Igen, vidd. 80%-nál az eső nagyon valószínű."
870,esernyő - tippek?,"Fejben végigmegyek. 80% magas, igen ajánlott. Válasz tehát: Igen, vidd. 80%-nál az eső nagyon valószínű. Oké, eldöntve.","Igen, vidd. 80%-nál az eső nagyon valószínű."
871,Gyors útmutató: esernyő.,"Jó, gondolkodjunk. 80% magas, igen ajánlott. Következtetés: Igen, vidd. 80%-nál az eső nagyon valószínű. Jó, tovább.","Igen, vidd. 80%-nál az eső nagyon valószínű."
872,Mi jobb jegyzetekre: papír vagy telefon?,"Oké, lépésről lépésre. Papír figyelem nélkül, telefon kereshető. Következtetés: Mindkettőnek vannak előnyei: papír figyelem nélkül és jó memóriára, telefon kereshető és mindig nálad. Jó, tovább.","Mindkettőnek vannak előnyei: papír figyelem nélkül és jó memóriára, telefon kereshető és mindig nálad."
873,jegyzetek papír vagy telefon - tippek?,"Előbb nyugodtan. Papír figyelem nélkül, telefon kereshető. Ezért: Mindkettőnek vannak előnyei: papír figyelem nélkül és jó memóriára, telefon kereshető és mindig nálad. Logikus.","Mindkettőnek vannak előnyei: papír figyelem nélkül és jó memóriára, telefon kereshető és mindig nálad."
874,Gyors útmutató: jegyzetek papír vagy telefon.,"Jó, gondolkodjunk. Papír figyelem nélkül, telefon kereshető. Ezért: Mindkettőnek vannak előnyei: papír figyelem nélkül és jó memóriára, telefon kereshető és mindig nálad. Értelmes.","Mindkettőnek vannak előnyei: papír figyelem nélkül és jó memóriára, telefon kereshető és mindig nálad."
875,Hogyan rakok gyorsan rendet a szobában?,"Előbb nyugodtan. Szemét, mosás, vissza, törlés. Ezért: Először szedd a szemetet, aztán a mosást, tegyél mindent vissza és a végén törölj. Értelmes.","Először szedd a szemetet, aztán a mosást, tegyél mindent vissza és a végén törölj."
876,gyors rendrakás - tippek?,"Pillanat, gondolkodom. Szemét, mosás, vissza, törlés. Ezért: Először szedd a szemetet, aztán a mosást, tegyél mindent vissza és a végén törölj. Jó, tovább.","Először szedd a szemetet, aztán a mosást, tegyél mindent vissza és a végén törölj."
877,Gyors útmutató: gyors rendrakás.,"Fejben végigmegyek. Szemét, mosás, vissza, törlés. Válasz tehát: Először szedd a szemetet, aztán a mosást, tegyél mindent vissza és a végén törölj. Logikus.","Először szedd a szemetet, aztán a mosást, tegyél mindent vissza és a végén törölj."
878,Hogyan csomagolok kompakt bőröndöt?,"Jó, gondolkodjunk. Tekerés, nehéz alulra, töltés. Ezért: Tekerd a ruhákat hajtogatás helyett, nehéz alulra, töltsd zoknikkal. Biztos vagyok.","Tekerd a ruhákat hajtogatás helyett, nehéz alulra, töltsd zoknikkal."
879,kompakt bőrönd - tippek?,"Fejben végigmegyek. Tekerés, nehéz alulra, töltés. Válasz tehát: Tekerd a ruhákat hajtogatás helyett, nehéz alulra, töltsd zoknikkal. Minden világos a fejben.","Tekerd a ruhákat hajtogatás helyett, nehéz alulra, töltsd zoknikkal."
880,Gyors útmutató: kompakt bőrönd.,"Hmm, mit tudok erről? Tekerés, nehéz alulra, töltés. Válasz tehát: Tekerd a ruhákat hajtogatás helyett, nehéz alulra, töltsd zoknikkal. Oké, eldöntve.","Tekerd a ruhákat hajtogatás helyett, nehéz alulra, töltsd zoknikkal."
881,Hogyan főzök rizst?,"Pillanat, gondolkodom. Arány 1:2, 10-12 perc pihentetés. Ezért: Mosd meg a rizst, forrald dupla vízzel, pihentesd 10-12 percig. Oké, eldöntve.","Mosd meg a rizst, forrald dupla vízzel, pihentesd 10-12 percig."
882,rizsfőzés - tippek?,"Jó, gondolkodjunk. Arány 1:2, 10-12 perc pihentetés. Ezért: Mosd meg a rizst, forrald dupla vízzel, pihentesd 10-12 percig. Igen, stimmel.","Mosd meg a rizst, forrald dupla vízzel, pihentesd 10-12 percig."
883,Gyors útmutató: rizsfőzés.,"Fejben végigmegyek. Arány 1:2, 10-12 perc pihentetés. Következtetés: Mosd meg a rizst, forrald dupla vízzel, pihentesd 10-12 percig. Oké, eldöntve.","Mosd meg a rizst, forrald dupla vízzel, pihentesd 10-12 percig."
884,Hogyan főzök tésztát?,"Pillanat, gondolkodom. Sós víz, 8-10 perc főzés. Ezért: Sózz sok vizet, forrald, főzd a tésztát 8-10 percig, szűrd le. Biztos vagyok.","Sózz sok vizet, forrald, főzd a tésztát 8-10 percig, szűrd le."
885,tésztafőzés - tippek?,"Pillanat, gondolkodom. Sós víz, 8-10 perc főzés. Válasz tehát: Sózz sok vizet, forrald, főzd a tésztát 8-10 percig, szűrd le. Értelmes.","Sózz sok vizet, forrald, főzd a tésztát 8-10 percig, szűrd le."
886,Gyors útmutató: tésztafőzés.,"Előbb nyugodtan. Sós víz, 8-10 perc főzés. Következtetés: Sózz sok vizet, forrald, főzd a tésztát 8-10 percig, szűrd le. Vége a gondolkodásnak.","Sózz sok vizet, forrald, főzd a tésztát 8-10 percig, szűrd le."
887,Hogyan csinálok palacsintát?,"Oké, lépésről lépésre. Liszt, tej, tojás, pirítás. Válasz tehát: Keverj lisztet, tejet, tojást és csipet sót, süsd vékonyan aranybarnára. Logikus.","Keverj lisztet, tejet, tojást és csipet sót, süsd vékonyan aranybarnára."
888,palacsinta - tippek?,"Jó, gondolkodjunk. Liszt, tej, tojás, pirítás. Válasz tehát: Keverj lisztet, tejet, tojást és csipet sót, süsd vékonyan aranybarnára. Oké, eldöntve.","Keverj lisztet, tejet, tojást és csipet sót, süsd vékonyan aranybarnára."
889,Gyors útmutató: palacsinta.,"Fejben végigmegyek. Liszt, tej, tojás, pirítás. Válasz tehát: Keverj lisztet, tejet, tojást és csipet sót, süsd vékonyan aranybarnára. Logikus.","Keverj lisztet, tejet, tojást és csipet sót, süsd vékonyan aranybarnára."
890,Hogyan ébredek reggel?,"Jó, gondolkodjunk. Fény, víz, mozgás. Válasz tehát: Kapcsold fel a fényt, igyál egy pohár vizet, mozogj kicsit és szívj levegőt. Biztos vagyok.","Kapcsold fel a fényt, igyál egy pohár vizet, mozogj kicsit és szívj levegőt."
891,ébredés - tippek?,"Jó kérdés, röviden gondolkodom. Fény, víz, mozgás. Következtetés: Kapcsold fel a fényt, igyál egy pohár vizet, mozogj kicsit és szívj levegőt. Minden világos a fejben.","Kapcsold fel a fényt, igyál egy pohár vizet, mozogj kicsit és szívj levegőt."
892,Gyors útmutató: ébredés.,"Rendezem ezt. Fény, víz, mozgás. Válasz tehát: Kapcsold fel a fényt, igyál egy pohár vizet, mozogj kicsit és szívj levegőt. Logikus.","Kapcsold fel a fényt, igyál egy pohár vizet, mozogj kicsit és szívj levegőt."
893,Hogyan alszom el gyorsabban?,"Jó kérdés, röviden gondolkodom. Sötét, hűvös, telefon nélkül, rutin. Válasz tehát: Aludj sötétben és hűvösben, tedd le a telefont, tarts fix rutint. Jó, tovább.","Aludj sötétben és hűvösben, tedd le a telefont, tarts fix rutint."
894,elalvás - tippek?,"Oké, lépésről lépésre. Sötét, hűvös, telefon nélkül, rutin. Válasz tehát: Aludj sötétben és hűvösben, tedd le a telefont, tarts fix rutint. Biztos vagyok.","Aludj sötétben és hűvösben, tedd le a telefont, tarts fix rutint."
895,Gyors útmutató: elalvás.,"Jó kérdés, röviden gondolkodom. Sötét, hűvös, telefon nélkül, rutin. Következtetés: Aludj sötétben és hűvösben, tedd le a telefont, tarts fix rutint. Biztos vagyok.","Aludj sötétben és hűvösben, tedd le a telefont, tarts fix rutint."
896,Hogyan tanulok vizsgára?,"Rendezem ezt. Blokkok, aktív felidézés, szünetek. Következtetés: Oszd blokkokra, kérdezd magad aktívan, tarts szüneteket, ismételd másnap. Értelmes.","Oszd blokkokra, kérdezd magad aktívan, tarts szüneteket, ismételd másnap."
897,vizsgatanulás - tippek?,"Előbb nyugodtan. Blokkok, aktív felidézés, szünetek. Következtetés: Oszd blokkokra, kérdezd magad aktívan, tarts szüneteket, ismételd másnap. Jó, tovább.","Oszd blokkokra, kérdezd magad aktívan, tarts szüneteket, ismételd másnap."
898,Gyors útmutató: vizsgatanulás.,"Rendezem ezt. Blokkok, aktív felidézés, szünetek. Válasz tehát: Oszd blokkokra, kérdezd magad aktívan, tarts szüneteket, ismételd másnap. Jó, tovább.","Oszd blokkokra, kérdezd magad aktívan, tarts szüneteket, ismételd másnap."
899,Hogyan írok álláspályázatot?,"Rendezem ezt. Levél, CV, bizonyítványok. Következtetés: Írj rövid levelet plusz táblázatos CV-t és hasznos bizonyítványokat. Biztos vagyok.",Írj rövid levelet plusz táblázatos CV-t és hasznos bizonyítványokat.
900,álláspályázat - tippek?,"Rendezem ezt. Levél, CV, bizonyítványok. Válasz tehát: Írj rövid levelet plusz táblázatos CV-t és hasznos bizonyítványokat. Logikus.",Írj rövid levelet plusz táblázatos CV-t és hasznos bizonyítványokat.
901,Gyors útmutató: álláspályázat.,"Fejben végigmegyek. Levél, CV, bizonyítványok. Következtetés: Írj rövid levelet plusz táblázatos CV-t és hasznos bizonyítványokat. Jó, tovább.",Írj rövid levelet plusz táblázatos CV-t és hasznos bizonyítványokat.
902,Hogyan találok lakást?,"Jó, gondolkodjunk. Büdzsé, portálok, papírok, nézelődés. Válasz tehát: Állíts büdzsét, keress portálokon, készíts papírokat, menj kérdésekkel. Jó, tovább.","Állíts büdzsét, keress portálokon, készíts papírokat, menj kérdésekkel."
903,lakáskeresés - tippek?,"Fejben végigmegyek. Büdzsé, portálok, papírok, nézelődés. Következtetés: Állíts büdzsét, keress portálokon, készíts papírokat, menj kérdésekkel. Biztos vagyok.","Állíts büdzsét, keress portálokon, készíts papírokat, menj kérdésekkel."
904,Gyors útmutató: lakáskeresés.,"Jó, gondolkodjunk. Büdzsé, portálok, papírok, nézelődés. Ezért: Állíts büdzsét, keress portálokon, készíts papírokat, menj kérdésekkel. Jó, tovább.","Állíts büdzsét, keress portálokon, készíts papírokat, menj kérdésekkel."
905,Hogyan locsolom jól a virágot?,"Jó kérdés, röviden gondolkodom. Ujjpróba, pangás nélkül. Válasz tehát: Ujjpróba: csak ha felül száraz locsolj, kerüld a pangást. Értelmes.","Ujjpróba: csak ha felül száraz locsolj, kerüld a pangást."
906,viráglocsolás - tippek?,"Hmm, mit tudok erről? Ujjpróba, pangás nélkül. Ezért: Ujjpróba: csak ha felül száraz locsolj, kerüld a pangást. Jó, tovább.","Ujjpróba: csak ha felül száraz locsolj, kerüld a pangást."
907,Gyors útmutató: viráglocsolás.,"Pillanat, gondolkodom. Ujjpróba, pangás nélkül. Válasz tehát: Ujjpróba: csak ha felül száraz locsolj, kerüld a pangást. Igen, stimmel.","Ujjpróba: csak ha felül száraz locsolj, kerüld a pangást."
908,Hogyan tervezem a napom?,"Pillanat, gondolkodom. 3 prioritás, blokkok, szünetek. Válasz tehát: Válassz 3 prioritást, tervezz blokkokat szünetekkel, tedd el a figyelemelvonókat. Biztos vagyok.","Válassz 3 prioritást, tervezz blokkokat szünetekkel, tedd el a figyelemelvonókat."
909,naptervezés - tippek?,"Jó, gondolkodjunk. 3 prioritás, blokkok, szünetek. Következtetés: Válassz 3 prioritást, tervezz blokkokat szünetekkel, tedd el a figyelemelvonókat. Logikus.","Válassz 3 prioritást, tervezz blokkokat szünetekkel, tedd el a figyelemelvonókat."
910,Gyors útmutató: naptervezés.,"Pillanat, gondolkodom. 3 prioritás, blokkok, szünetek. Következtetés: Válassz 3 prioritást, tervezz blokkokat szünetekkel, tedd el a figyelemelvonókat. Biztos vagyok.","Válassz 3 prioritást, tervezz blokkokat szünetekkel, tedd el a figyelemelvonókat."
911,Hogyan kezdem a sportot?,"Fejben végigmegyek. Kevés, heti 2x, növelés. Ezért: Kezdd heti 2x sétával vagy könnyűvel, növeld lassan. Logikus.","Kezdd heti 2x sétával vagy könnyűvel, növeld lassan."
912,sportkezdés - tippek?,"Rendezem ezt. Kevés, heti 2x, növelés. Ezért: Kezdd heti 2x sétával vagy könnyűvel, növeld lassan. Logikus.","Kezdd heti 2x sétával vagy könnyűvel, növeld lassan."
913,Gyors útmutató: sportkezdés.,"Hmm, mit tudok erről? Kevés, heti 2x, növelés. Válasz tehát: Kezdd heti 2x sétával vagy könnyűvel, növeld lassan. Vége a gondolkodásnak.","Kezdd heti 2x sétával vagy könnyűvel, növeld lassan."
914,Hogyan iszom elég vizet?,"Rendezem ezt. Palack készen, emlékeztetők. Válasz tehát: Tarts palackot készen, igyál egy pohárral minden étkezéshez, állíts emlékeztetőket. Logikus.","Tarts palackot készen, igyál egy pohárral minden étkezéshez, állíts emlékeztetőket."
915,elég ivás - tippek?,"Rendezem ezt. Palack készen, emlékeztetők. Ezért: Tarts palackot készen, igyál egy pohárral minden étkezéshez, állíts emlékeztetőket. Biztos vagyok.","Tarts palackot készen, igyál egy pohárral minden étkezéshez, állíts emlékeztetőket."
916,Gyors útmutató: elég ivás.,"Jó, gondolkodjunk. Palack készen, emlékeztetők. Következtetés: Tarts palackot készen, igyál egy pohárral minden étkezéshez, állíts emlékeztetőket. Igen, stimmel.","Tarts palackot készen, igyál egy pohárral minden étkezéshez, állíts emlékeztetőket."
917,Mi az egészséges reggeli?,"Hmm, mit tudok erről? Zab, gyümölcs, joghurt. Válasz tehát: Pl. zab gyümölccsel és joghurttal, vagy teljes kiőrlésű kenyér tojással. Biztos vagyok.","Pl. zab gyümölccsel és joghurttal, vagy teljes kiőrlésű kenyér tojással."
918,egészséges reggeli - tippek?,"Pillanat, gondolkodom. Zab, gyümölcs, joghurt. Válasz tehát: Pl. zab gyümölccsel és joghurttal, vagy teljes kiőrlésű kenyér tojással. Vége a gondolkodásnak.","Pl. zab gyümölccsel és joghurttal, vagy teljes kiőrlésű kenyér tojással."
919,Gyors útmutató: egészséges reggeli.,"Jó, gondolkodjunk. Zab, gyümölcs, joghurt. Ezért: Pl. zab gyümölccsel és joghurttal, vagy teljes kiőrlésű kenyér tojással. Minden világos a fejben.","Pl. zab gyümölccsel és joghurttal, vagy teljes kiőrlésű kenyér tojással."
920,Mi segít stressz ellen?,"Előbb nyugodtan. Szünetek, mozgás, alvás, beszélgetés. Ezért: Rövid szünetek, mozgás, elég alvás és beszélgetés segítenek. Oké, eldöntve.","Rövid szünetek, mozgás, elég alvás és beszélgetés segítenek."
921,stressz - tippek?,"Jó kérdés, röviden gondolkodom. Szünetek, mozgás, alvás, beszélgetés. Válasz tehát: Rövid szünetek, mozgás, elég alvás és beszélgetés segítenek. Igen, stimmel.","Rövid szünetek, mozgás, elég alvás és beszélgetés segítenek."
922,Gyors útmutató: stressz.,"Hmm, mit tudok erről? Szünetek, mozgás, alvás, beszélgetés. Következtetés: Rövid szünetek, mozgás, elég alvás és beszélgetés segítenek. Logikus.","Rövid szünetek, mozgás, elég alvás és beszélgetés segítenek."
923,Hogyan mondok le találkozót?,"Rendezem ezt. Korán, rövid ok, új idő. Válasz tehát: Mondd le korán, adj rövid okot, javasolj új időt. Biztos vagyok.","Mondd le korán, adj rövid okot, javasolj új időt."
924,találkozó lemondása - tippek?,"Oké, lépésről lépésre. Korán, rövid ok, új idő. Következtetés: Mondd le korán, adj rövid okot, javasolj új időt. Oké, eldöntve.","Mondd le korán, adj rövid okot, javasolj új időt."
925,Gyors útmutató: találkozó lemondása.,"Oké, lépésről lépésre. Korán, rövid ok, új idő. Válasz tehát: Mondd le korán, adj rövid okot, javasolj új időt. Biztos vagyok.","Mondd le korán, adj rövid okot, javasolj új időt."
926,Hogyan kérek segítséget?,"Előbb nyugodtan. Konkrétan: mit, meddig, köszi. Ezért: Kérj konkrétan: mit, meddig, miért. Pl. Segítesz ma cipelni? Köszi! Értelmes.","Kérj konkrétan: mit, meddig, miért. Pl. Segítesz ma cipelni? Köszi!"
927,segítségkérés - tippek?,"Pillanat, gondolkodom. Konkrétan: mit, meddig, köszi. Válasz tehát: Kérj konkrétan: mit, meddig, miért. Pl. Segítesz ma cipelni? Köszi! Igen, stimmel.","Kérj konkrétan: mit, meddig, miért. Pl. Segítesz ma cipelni? Köszi!"
928,Gyors útmutató: segítségkérés.,"Rendezem ezt. Konkrétan: mit, meddig, köszi. Következtetés: Kérj konkrétan: mit, meddig, miért. Pl. Segítesz ma cipelni? Köszi! Logikus.","Kérj konkrétan: mit, meddig, miért. Pl. Segítesz ma cipelni? Köszi!"
929,Hogyan tanulok nemet mondani?,"Fejben végigmegyek. Röviden, kedvesen, alternatíva. Következtetés: Mondj nemet röviden és kedvesen, ajánlj alternatívát ha tudsz. Oké, eldöntve.","Mondj nemet röviden és kedvesen, ajánlj alternatívát ha tudsz."
930,nemet mondás - tippek?,"Előbb nyugodtan. Röviden, kedvesen, alternatíva. Ezért: Mondj nemet röviden és kedvesen, ajánlj alternatívát ha tudsz. Logikus.","Mondj nemet röviden és kedvesen, ajánlj alternatívát ha tudsz."
931,Gyors útmutató: nemet mondás.,"Hmm, mit tudok erről? Röviden, kedvesen, alternatíva. Ezért: Mondj nemet röviden és kedvesen, ajánlj alternatívát ha tudsz. Jó, tovább.","Mondj nemet röviden és kedvesen, ajánlj alternatívát ha tudsz."
932,Hogyan spórolok nyaralásra?,"Pillanat, gondolkodom. Cél, havi auto. Következtetés: Állíts célt, spórolj havonta automatikusan, told hozzá az extrát. Jó, tovább.","Állíts célt, spórolj havonta automatikusan, told hozzá az extrát."
933,nyaralás spórolás - tippek?,"Fejben végigmegyek. Cél, havi auto. Válasz tehát: Állíts célt, spórolj havonta automatikusan, told hozzá az extrát. Vége a gondolkodásnak.","Állíts célt, spórolj havonta automatikusan, told hozzá az extrát."
934,Gyors útmutató: nyaralás spórolás.,"Oké, lépésről lépésre. Cél, havi auto. Ezért: Állíts célt, spórolj havonta automatikusan, told hozzá az extrát. Vége a gondolkodásnak.","Állíts célt, spórolj havonta automatikusan, told hozzá az extrát."
935,Hogyan foglalok olcsó repülőket?,"Rendezem ezt. Rugalmas dátumok, összehasonlítás, korán. Válasz tehát: Légy rugalmas dátumokkal, hasonlíts portálokat, foglalj korán. Oké, eldöntve.","Légy rugalmas dátumokkal, hasonlíts portálokat, foglalj korán."
936,olcsó repülők - tippek?,"Jó kérdés, röviden gondolkodom. Rugalmas dátumok, összehasonlítás, korán. Következtetés: Légy rugalmas dátumokkal, hasonlíts portálokat, foglalj korán. Jó, tovább.","Légy rugalmas dátumokkal, hasonlíts portálokat, foglalj korán."
937,Gyors útmutató: olcsó repülők.,"Jó kérdés, röviden gondolkodom. Rugalmas dátumok, összehasonlítás, korán. Ezért: Légy rugalmas dátumokkal, hasonlíts portálokat, foglalj korán. Logikus.","Légy rugalmas dátumokkal, hasonlíts portálokat, foglalj korán."
938,Hogyan találok utat net nélkül?,"Oké, lépésről lépésre. Offline térképek, táblák, kérdezés. Következtetés: Tölts offline térképeket, kövesd táblákat, kérdezz embereket. Értelmes.","Tölts offline térképeket, kövesd táblákat, kérdezz embereket."
939,út net nélkül - tippek?,"Fejben végigmegyek. Offline térképek, táblák, kérdezés. Válasz tehát: Tölts offline térképeket, kövesd táblákat, kérdezz embereket. Minden világos a fejben.","Tölts offline térképeket, kövesd táblákat, kérdezz embereket."
940,Gyors útmutató: út net nélkül.,"Rendezem ezt. Offline térképek, táblák, kérdezés. Következtetés: Tölts offline térképeket, kövesd táblákat, kérdezz embereket. Értelmes.","Tölts offline térképeket, kövesd táblákat, kérdezz embereket."
941,Mi a különbség kutya és macska között mint állat?,"Jó kérdés, röviden gondolkodom. Kutyák: séták és nevelés; macskák önállóak. Következtetés: A kutyák sok sétát és nevelést kérnek, a macskák önállóbbak. Válassz idő és hely szerint. Oké, eldöntve.","A kutyák sok sétát és nevelést kérnek, a macskák önállóbbak. Válassz idő és hely szerint."
942,kutya vagy macska - mit ajánlasz?,"Pillanat, gondolkodom. Kutyák: séták és nevelés; macskák önállóak. Ezért: A kutyák sok sétát és nevelést kérnek, a macskák önállóbbak. Válassz idő és hely szerint. Vége a gondolkodásnak.","A kutyák sok sétát és nevelést kérnek, a macskák önállóbbak. Válassz idő és hely szerint."
943,Vonat vagy autó 300 km-re?,"Jó, gondolkodjunk. Vonat relax és zöldebb, autó rugalmas. Ezért: A vonat relax és gyakran zöldebb, az autó rugalmas csomaggal. Dugóban a vonat nyer. Vége a gondolkodásnak.","A vonat relax és gyakran zöldebb, az autó rugalmas csomaggal. Dugóban a vonat nyer."
944,vonat vagy autó 300 km - mit ajánlasz?,"Előbb nyugodtan. Vonat relax és zöldebb, autó rugalmas. Válasz tehát: A vonat relax és gyakran zöldebb, az autó rugalmas csomaggal. Dugóban a vonat nyer. Logikus.","A vonat relax és gyakran zöldebb, az autó rugalmas csomaggal. Dugóban a vonat nyer."
945,Alma vagy csoki nasinak?,"Fejben végigmegyek. Alma: vitaminok és teltség. Ezért: Vedd az almát vitaminokért és teltségért, a csokit kivételnek. Igen, stimmel.","Vedd az almát vitaminokért és teltségért, a csokit kivételnek."
946,alma vagy csoki - mit ajánlasz?,"Előbb nyugodtan. Alma: vitaminok és teltség. Ezért: Vedd az almát vitaminokért és teltségért, a csokit kivételnek. Biztos vagyok.","Vedd az almát vitaminokért és teltségért, a csokit kivételnek."
947,Laptop vagy PC játékra?,"Fejben végigmegyek. PC erősebb pénzért, laptop mobil. Válasz tehát: A PC-k több erőt adnak pénzért, a laptopok mobilek. Maxra PC-t válassz. Biztos vagyok.","A PC-k több erőt adnak pénzért, a laptopok mobilek. Maxra PC-t válassz."
948,laptop vagy PC játék - mit ajánlasz?,"Hmm, mit tudok erről? PC erősebb pénzért, laptop mobil. Következtetés: A PC-k több erőt adnak pénzért, a laptopok mobilek. Maxra PC-t válassz. Logikus.","A PC-k több erőt adnak pénzért, a laptopok mobilek. Maxra PC-t válassz."
949,Város vagy vidék lakni?,"Rendezem ezt. Város: munkák és közel; vidék: nyugalom. Következtetés: A városok munkákat és közelt adnak, a vidék nyugalmat és helyet. Válassz munka és stílus szerint. Logikus.","A városok munkákat és közelt adnak, a vidék nyugalmat és helyet. Válassz munka és stílus szerint."
950,város vagy vidék - mit ajánlasz?,"Oké, lépésről lépésre. Város: munkák és közel; vidék: nyugalom. Ezért: A városok munkákat és közelt adnak, a vidék nyugalmat és helyet. Válassz munka és stílus szerint. Logikus.","A városok munkákat és közelt adnak, a vidék nyugalmat és helyet. Válassz munka és stílus szerint."
951,Mi számít többet: alvás vagy tanulás?,"Jó, gondolkodjunk. Az alvás rögzíti a tanulást. Következtetés: Az alvás többet számít, mert rögzíti a tanulást. Tanulj korán, aludj eleget. Logikus.","Az alvás többet számít, mert rögzíti a tanulást. Tanulj korán, aludj eleget."
952,alvás vagy tanulás - mit ajánlasz?,"Jó, gondolkodjunk. Az alvás rögzíti a tanulást. Következtetés: Az alvás többet számít, mert rögzíti a tanulást. Tanulj korán, aludj eleget. Biztos vagyok.","Az alvás többet számít, mert rögzíti a tanulást. Tanulj korán, aludj eleget."
953,Új telefon vagy megtartom a régit?,"Hmm, mit tudok erről? Tartsd meg ha elég; vegyél hiba vagy szükség esetén. Következtetés: Tartsd meg ha elég. Vegyél újat csak hiba vagy valós szükség esetén. Igen, stimmel.",Tartsd meg ha elég. Vegyél újat csak hiba vagy valós szükség esetén.
954,új telefon - mit ajánlasz?,"Hmm, mit tudok erről? Tartsd meg ha elég; vegyél hiba vagy szükség esetén. Ezért: Tartsd meg ha elég. Vegyél újat csak hiba vagy valós szükség esetén. Oké, eldöntve.",Tartsd meg ha elég. Vegyél újat csak hiba vagy valós szükség esetén.
955,Mik az álhírek?,"Oké, lépésről lépésre. Kitaláltak, mint valódiak; ellenőrizd a forrást. Következtetés: Az álhírek kitaláltak. Ellenőrizd a forrást, a dátumot és más médiát. Biztos vagyok.","Az álhírek kitaláltak. Ellenőrizd a forrást, a dátumot és más médiát."
956,álhírek - mit ajánlasz?,"Oké, lépésről lépésre. Kitaláltak, mint valódiak; ellenőrizd a forrást. Ezért: Az álhírek kitaláltak. Ellenőrizd a forrást, a dátumot és más médiát. Logikus.","Az álhírek kitaláltak. Ellenőrizd a forrást, a dátumot és más médiát."
957,Mi a különbség tény és vélemény között?,"Előbb nyugodtan. Tény bizonyítható, vélemény személyes nézet. Válasz tehát: A tény bizonyítható és ellenőrizhető, a vélemény személyes nézet. Értelmes.","A tény bizonyítható és ellenőrizhető, a vélemény személyes nézet."
958,tény vagy vélemény - mit ajánlasz?,"Előbb nyugodtan. Tény bizonyítható, vélemény személyes nézet. Következtetés: A tény bizonyítható és ellenőrizhető, a vélemény személyes nézet. Jó, tovább.","A tény bizonyítható és ellenőrizhető, a vélemény személyes nézet."
959,Bicikli vagy busz iskolába? (5 km),"Pillanat, gondolkodom. Szép idő bicikli, eső busz. Következtetés: Szép időben vedd a biciklit (kb. 20 perc, egészséges), esőben a buszt. Vége a gondolkodásnak.","Szép időben vedd a biciklit (kb. 20 perc, egészséges), esőben a buszt."
960,bicikli vagy busz iskola 5 km - mit ajánlasz?,"Jó kérdés, röviden gondolkodom. Szép idő bicikli, eső busz. Ezért: Szép időben vedd a biciklit (kb. 20 perc, egészséges), esőben a buszt. Oké, eldöntve.","Szép időben vedd a biciklit (kb. 20 perc, egészséges), esőben a buszt."
961,Víz vagy lé szomjra?,"Jó, gondolkodjunk. Víz jobb, cukor nélkül. Ezért: A víz legjobban oltja a szomjat és nincs cukor. Lé csak hígítva. Logikus.",A víz legjobban oltja a szomjat és nincs cukor. Lé csak hígítva.
962,víz vagy lé - mit ajánlasz?,"Pillanat, gondolkodom. Víz jobb, cukor nélkül. Válasz tehát: A víz legjobban oltja a szomjat és nincs cukor. Lé csak hígítva. Jó, tovább.",A víz legjobban oltja a szomjat és nincs cukor. Lé csak hígítva.
963,Kávé vagy víz reggel?,"Jó kérdés, röviden gondolkodom. Előbb víz, kávé mértékkel. Ezért: Igyál előbb vizet, kávét utána mértékkel. Logikus.","Igyál előbb vizet, kávét utána mértékkel."
964,kávé vagy víz reggel - mit ajánlasz?,"Pillanat, gondolkodom. Előbb víz, kávé mértékkel. Ezért: Igyál előbb vizet, kávét utána mértékkel. Minden világos a fejben.","Igyál előbb vizet, kávét utána mértékkel."
965,Bérlés vagy vétel? (általában),"Pillanat, gondolkodom. Rugalmasan bérlés; hosszúra nézd a vételt. Válasz tehát: Bérelj ha rugalmas maradsz; ha sokáig maradsz és tudsz fizetni, nézd a vételt minden költséggel. Értelmes.","Bérelj ha rugalmas maradsz; ha sokáig maradsz és tudsz fizetni, nézd a vételt minden költséggel."
966,bérlés vagy vétel - mit ajánlasz?,"Pillanat, gondolkodom. Rugalmasan bérlés; hosszúra nézd a vételt. Ezért: Bérelj ha rugalmas maradsz; ha sokáig maradsz és tudsz fizetni, nézd a vételt minden költséggel. Értelmes.","Bérelj ha rugalmas maradsz; ha sokáig maradsz és tudsz fizetni, nézd a vételt minden költséggel."
967,Korán vagy későn kelni?,"Rendezem ezt. Feladatok és alvás szerint. Következtetés: Válassz feladatok és alvás szerint: elég alvás és fix ritmus számít. Oké, eldöntve.",Válassz feladatok és alvás szerint: elég alvás és fix ritmus számít.
968,korán vagy későn - mit ajánlasz?,"Jó kérdés, röviden gondolkodom. Feladatok és alvás szerint. Válasz tehát: Válassz feladatok és alvás szerint: elég alvás és fix ritmus számít. Vége a gondolkodásnak.",Válassz feladatok és alvás szerint: elég alvás és fix ritmus számít.
969,Sport mindennap?,"Jó, gondolkodjunk. Pihenés számít; heti 3-4x elég. Következtetés: Nem, tervezz pihenést. Heti 3-4 alkalommal gyakran elég, mindennap csak könnyű. Logikus.","Nem, tervezz pihenést. Heti 3-4 alkalommal gyakran elég, mindennap csak könnyű."
970,sport mindennap - mit ajánlasz?,"Oké, lépésről lépésre. Pihenés számít; heti 3-4x elég. Válasz tehát: Nem, tervezz pihenést. Heti 3-4 alkalommal gyakran elég, mindennap csak könnyű. Vége a gondolkodásnak.","Nem, tervezz pihenést. Heti 3-4 alkalommal gyakran elég, mindennap csak könnyű."
971,Dolgozni lázzal?,"Jó kérdés, röviden gondolkodom. Nem, pihenés és orvos. Következtetés: Nem. Pihenj és menj orvoshoz magas vagy hosszú láznál. Oké, eldöntve.",Nem. Pihenj és menj orvoshoz magas vagy hosszú láznál.
972,láz és munka - mit ajánlasz?,"Jó, gondolkodjunk. Nem, pihenés és orvos. Ezért: Nem. Pihenj és menj orvoshoz magas vagy hosszú láznál. Igen, stimmel.",Nem. Pihenj és menj orvoshoz magas vagy hosszú láznál.
973,Hogyan választok két ajánlat közt?,"Jó, gondolkodjunk. Kritériumok, pro/kontra, határidő. Ezért: Listázd a kritériumokat, pontozz, nézd a költségeket és érzést, dönts határidővel. Jó, tovább.","Listázd a kritériumokat, pontozz, nézd a költségeket és érzést, dönts határidővel."
974,választás ajánlatok közt - mit ajánlasz?,"Oké, lépésről lépésre. Kritériumok, pro/kontra, határidő. Következtetés: Listázd a kritériumokat, pontozz, nézd a költségeket és érzést, dönts határidővel. Igen, stimmel.","Listázd a kritériumokat, pontozz, nézd a költségeket és érzést, dönts határidővel."
975,Hogyan spórolok 500 eurót 5 hónap alatt?,"Jó kérdés, röviden gondolkodom. 500/5=havi 100 auto. Kontroll: Spórolj havi 100 eurót automatikusan, pl. utalással fizetés után. Helyes. Logikus.","Spórolj havi 100 eurót automatikusan, pl. utalással fizetés után."
976,spórolás 500 5 hónap alatt - mit ajánlasz?,"Fejben végigmegyek. 500/5=havi 100 auto. Ellenőrzés: Spórolj havi 100 eurót automatikusan, pl. utalással fizetés után. Stimmel. Minden világos a fejben.","Spórolj havi 100 eurót automatikusan, pl. utalással fizetés után."
977,Mi a különbség szükséglet és vágy között?,"Hmm, mit tudok erről? Szükséglet létfontosságú, vágy azon túl. Következtetés: A szükséglet létfontosságú, a vágy azon túli kívánság. Értelmes.","A szükséglet létfontosságú, a vágy azon túli kívánság."
978,szükséglet vagy vágy - mit ajánlasz?,"Jó kérdés, röviden gondolkodom. Szükséglet létfontosságú, vágy azon túl. Következtetés: A szükséglet létfontosságú, a vágy azon túli kívánság. Oké, eldöntve.","A szükséglet létfontosságú, a vágy azon túli kívánság."
979,Mi számít többet: pénz vagy idő?,"Oké, lépésről lépésre. Idő korlátozott, pénz pótolható. Válasz tehát: Az idő korlátozott és nem tér vissza, a pénz újra megkereshető. Az egyensúly számít. Oké, eldöntve.","Az idő korlátozott és nem tér vissza, a pénz újra megkereshető. Az egyensúly számít."
980,pénz vagy idő - mit ajánlasz?,"Oké, lépésről lépésre. Idő korlátozott, pénz pótolható. Válasz tehát: Az idő korlátozott és nem tér vissza, a pénz újra megkereshető. Az egyensúly számít. Vége a gondolkodásnak.","Az idő korlátozott és nem tér vissza, a pénz újra megkereshető. Az egyensúly számít."
981,Összegezd: mikor gondolkodsz és mikor nem?,"Jó, gondolkodjunk. Szabály: small talk gondolkodás nélkül; tények, számítások, magyarázatok, döntések gondolkodással. Válasz tehát: Nem gondolkodom üdvözlésnél, köszönetnél és small talknál. Gondolkodom tényeknél, számításoknál, magyarázatoknál, összehasonlításoknál és döntéseknél, és akkor mutatom a gondolkodást. Jó, tovább.","Nem gondolkodom üdvözlésnél, köszönetnél és small talknál. Gondolkodom tényeknél, számításoknál, magyarázatoknál, összehasonlításoknál és döntéseknél, és akkor mutatom a gondolkodást."
982,Mi tolerancia?,"Rendezem ezt. Határozd meg tolerancia egyszerűen és helyesen. Következtetés: tolerancia röviden: A tolerancia más véleményeket és életmódokat elfogad. Igen, stimmel.",tolerancia röviden: A tolerancia más véleményeket és életmódokat elfogad.
983,Mi türelem?,"Jó, gondolkodjunk. Határozd meg türelem egyszerűen és helyesen. Következtetés: türelem röviden: A türelem nyugodtan vár és kitart. Biztos vagyok.",türelem röviden: A türelem nyugodtan vár és kitart.
984,Mi bátorság?,"Hmm, mit tudok erről? Határozd meg bátorság egyszerűen és helyesen. Válasz tehát: bátorság röviden: A bátorság félelem ellenére jót tesz. Oké, eldöntve.",bátorság röviden: A bátorság félelem ellenére jót tesz.
985,Mi fegyelem?,"Jó kérdés, röviden gondolkodom. Határozd meg fegyelem egyszerűen és helyesen. Ezért: fegyelem röviden: A fegyelem kedv nélkül is kitart. Igen, stimmel.",fegyelem röviden: A fegyelem kedv nélkül is kitart.
986,Mi kreativitás?,"Rendezem ezt. Határozd meg kreativitás egyszerűen és helyesen. Ezért: kreativitás röviden: A kreativitás új ötleteket és megoldásokat talál. Igen, stimmel.",kreativitás röviden: A kreativitás új ötleteket és megoldásokat talál.
987,Mi csapatmunka?,"Jó kérdés, röviden gondolkodom. Határozd meg csapatmunka egyszerűen és helyesen. Válasz tehát: csapatmunka röviden: A csapatmunka együtt halad cél felé. Minden világos a fejben.",csapatmunka röviden: A csapatmunka együtt halad cél felé.
988,Mi felelősség?,Rendezem ezt. Határozd meg felelősség egyszerűen és helyesen. Következtetés: felelősség röviden: A felelősség tettekért és következményekért áll. Vége a gondolkodásnak.,felelősség röviden: A felelősség tettekért és következményekért áll.
989,Mi bizalom?,"Előbb nyugodtan. Határozd meg bizalom egyszerűen és helyesen. Ezért: bizalom röviden: A bizalom másokra támaszkodhat. Jó, tovább.",bizalom röviden: A bizalom másokra támaszkodhat.
990,Mi udvariasság?,"Hmm, mit tudok erről? Határozd meg udvariasság egyszerűen és helyesen. Következtetés: udvariasság röviden: Az udvariasság tisztelettudó és kedves. Igen, stimmel.",udvariasság röviden: Az udvariasság tisztelettudó és kedves.
991,Mi pontosság?,"Oké, lépésről lépésre. Határozd meg pontosság egyszerűen és helyesen. Következtetés: pontosság röviden: A pontosság tartja a megbeszélt időket. Vége a gondolkodásnak.",pontosság röviden: A pontosság tartja a megbeszélt időket.
992,Mi megbízhatóság?,"Előbb nyugodtan. Határozd meg megbízhatóság egyszerűen és helyesen. Válasz tehát: megbízhatóság röviden: A megbízhatóság tartja az ígéreteket. Oké, eldöntve.",megbízhatóság röviden: A megbízhatóság tartja az ígéreteket.
993,Mi egészség?,"Hmm, mit tudok erről? Határozd meg egészség egyszerűen és helyesen. Ezért: egészség röviden: Az egészség testi és lelki jólét. Igen, stimmel.",egészség röviden: Az egészség testi és lelki jólét.
994,Mi boldogság?,"Pillanat, gondolkodom. Határozd meg boldogság egyszerűen és helyesen. Válasz tehát: boldogság röviden: A boldogság elégedettség és örömteli pillanatok. Vége a gondolkodásnak.",boldogság röviden: A boldogság elégedettség és örömteli pillanatok.
995,Mi siker?,"Fejben végigmegyek. Határozd meg siker egyszerűen és helyesen. Válasz tehát: siker röviden: A siker eléri a kitűzött célokat. Igen, stimmel.",siker röviden: A siker eléri a kitűzött célokat.
996,Mi tanulás?,"Jó, gondolkodjunk. Határozd meg tanulás egyszerűen és helyesen. Válasz tehát: tanulás röviden: A tanulás tudást és készségeket szerez. Értelmes.",tanulás röviden: A tanulás tudást és készségeket szerez.
997,Mi tudás?,"Oké, lépésről lépésre. Határozd meg tudás egyszerűen és helyesen. Ezért: tudás röviden: A tudás megértett információ a világról. Biztos vagyok.",tudás röviden: A tudás megértett információ a világról.
998,Mi tapasztalat?,"Jó, gondolkodjunk. Határozd meg tapasztalat egyszerűen és helyesen. Válasz tehát: tapasztalat röviden: A tapasztalat megélt tudás. Értelmes.",tapasztalat röviden: A tapasztalat megélt tudás.
999,Mi humor?,Fejben végigmegyek. Határozd meg humor egyszerűen és helyesen. Ezért: humor röviden: A humor tud nevetni a vicces dolgokon. Minden világos a fejben.,humor röviden: A humor tud nevetni a vicces dolgokon.
1000,Mi szeretet?,"Jó, gondolkodjunk. Határozd meg szeretet egyszerűen és helyesen. Ezért: szeretet röviden: A szeretet mély vonzalom és gondoskodás. Értelmes.",szeretet röviden: A szeretet mély vonzalom és gondoskodás.
