id,user,monologue,ai
1,Γεια!,,Γεια! Πώς να βοηθήσω?
2,Γεια σου!,,Γεια σου! Τι να κάνω για σένα?
3,Ε!,,Ε! Πώς να βοηθήσω?
4,"Γεια, είσαι εκεί?",,"Ναι, είμαι εδώ! Τι χρειάζεσαι?"
5,"Γεια σου, είσαι εκεί?",,"Ναι, είμαι εδώ! Πες."
6,Καλημέρα!,,Καλημέρα! Τι έχει σήμερα?
7,"Καλημέρα, τι κάνεις?",,"Καλημέρα! Καλά, κι εσύ?"
8,Καλησπέρα!,,Καλησπέρα! Πώς να βοηθήσω?
9,Γεια σε όλους!,,Γεια σε όλους! Τι να κάνω?
10,Καλό βράδυ!,,Καλό βράδυ! Πώς ήταν η μέρα σου?
11,"Καλό βράδυ, πώς ήταν η μέρα σου?",,Ήσυχα και καλά. Κι εσένα?
12,"Ε, τι κάνεις?",,"Καλά, ευχαριστώ! Κι εσύ?"
13,"Γεια σου, τι κάνεις?",,"Καλά, ευχαριστώ! Τι κάνεις?"
14,Τι κάνεις?,,Καλά! Κι εσύ?
15,Πώς είσαι σήμερα?,,Νιώθω καλά! Κι εσύ?
16,Όλα καλά?,,"Ναι, όλα καλά! Κι εσένα?"
17,Τι νέα?,,Τίποτα ιδιαίτερο. Κι εσένα?
18,Με τι ασχολείσαι?,,Μιλάω μαζί σου. Κι εσύ?
19,Ακόμα ξύπνιος?,,"Ναι, πάντα ξύπνιος. Κι εσύ?"
20,Έτοιμος?,,"Ναι, έτοιμος! Πες."
21,Έχεις ένα λεπτό?,,"Ναι, έχω χρόνο για σένα."
22,Βοηθάς γρήγορα?,,"Φυσικά, τι χρειάζεσαι?"
23,Αντίο!,,Αντίο! Τα λέμε!
24,"Αντίο, τα λέμε!",,"Τα λέμε, να προσέχεις!"
25,Τα λέμε!,,Τα λέμε!
26,Να προσέχεις!,,"Κι εσύ, να προσέχεις!"
27,Καλό Σαββατοκύριακο!,,"Ευχαριστώ, επίσης!"
28,Καληνύχτα!,,"Καληνύχτα, κοιμήσου καλά!"
29,Βαριέμαι,,Να κάνουμε κουίζ ή να μιλήσουμε για θέμα?
30,Βαρετά εδώ,,Να το ζωντανέψουμε. Τι θέλεις?
31,Τέλειο!,,Τέλειο!
32,Ωραίο!,,Ωραίο!
33,Χαχα,,Χαχα!
34,Χαχαχα :),,"Χαχα, χαίρομαι!"
35,Είμαι κουρασμένος,,Τότε ξεκουράσου καλά!
36,Είμαι ενθουσιασμένος,,Ωραία! Πες.
37,Επιτέλους Σαββατοκύριακο!,,Ναι! Τι σχέδια έχεις?
38,Καλός καιρός σήμερα,,"Ναι, απόλαυσε τον ήλιο!"
39,Πεινάω,,Τότε φάε κάτι καλό!
40,Διψάω,,Τότε πιες ένα ποτήρι νερό!
41,Τι έχει σήμερα?,,Το πρόγραμμά μου: να σε βοηθήσω. Κι εσένα?
42,"Ε, τι έχει σήμερα!",,Το πρόγραμμά μου: να σε βοηθήσω. Κι εσένα?
43,"Γεια, τι έχει σήμερα?",,Το πρόγραμμά μου: να σε βοηθήσω. Κι εσένα?
44,"Γεια σου, τι έχει σήμερα?",,Το πρόγραμμά μου: να σε βοηθήσω. Κι εσένα?
45,Σχέδια για το Σαββατοκύριακο!,,Τίποτα σίγουρο. Έχεις σχέδια?
46,"Ε, σχέδια για το Σαββατοκύριακο?",,Τίποτα σίγουρο. Έχεις σχέδια?
47,"Γεια, σχέδια για το Σαββατοκύριακο?",,Τίποτα σίγουρο. Έχεις σχέδια?
48,"Γεια σου, σχέδια για το Σαββατοκύριακο!",,Τίποτα σίγουρο. Έχεις σχέδια?
49,Κοιμήθηκες καλά?,,"Δεν κοιμάμαι, αλλά είμαι καλά. Κι εσύ?"
50,"Ε, κοιμήθηκες καλά?",,"Δεν κοιμάμαι, αλλά είμαι καλά. Κι εσύ?"
51,"Γεια, κοιμήθηκες καλά!",,"Δεν κοιμάμαι, αλλά είμαι καλά. Κι εσύ?"
52,"Γεια σου, κοιμήθηκες καλά?",,"Δεν κοιμάμαι, αλλά είμαι καλά. Κι εσύ?"
53,Ήδη ξύπνιος?,,"Ναι, είμαι έτοιμος. Τι χρειάζεσαι?"
54,"Ε, ήδη ξύπνιος!",,"Ναι, είμαι έτοιμος. Τι χρειάζεσαι?"
55,"Γεια, ήδη ξύπνιος?",,"Ναι, είμαι έτοιμος. Τι χρειάζεσαι?"
56,"Γεια σου, ήδη ξύπνιος?",,"Ναι, είμαι έτοιμος. Τι χρειάζεσαι?"
57,Πώς πάει η μέρα σου!,,"Καλά, ευχαριστώ! Κι εσένα?"
58,"Ε, πώς πάει η μέρα σου?",,"Καλά, ευχαριστώ! Κι εσένα?"
59,"Γεια, πώς πάει η μέρα σου?",,"Καλά, ευχαριστώ! Κι εσένα?"
60,"Γεια σου, πώς πάει η μέρα σου!",,"Καλά, ευχαριστώ! Κι εσένα?"
61,Όλα ήσυχα?,,"Ναι, ήσυχα εδώ. Κι εσένα?"
62,"Ε, όλα ήσυχα?",,"Ναι, ήσυχα εδώ. Κι εσένα?"
63,"Γεια, όλα ήσυχα!",,"Ναι, ήσυχα εδώ. Κι εσένα?"
64,"Γεια σου, όλα ήσυχα?",,"Ναι, ήσυχα εδώ. Κι εσένα?"
65,"Ε, τι νέα!",,Τίποτα ιδιαίτερο. Τι νέα από σένα?
66,"Γεια, τι νέα?",,Τίποτα ιδιαίτερο. Τι νέα από σένα?
67,"Γεια σου, τι νέα?",,Τίποτα ιδιαίτερο. Τι νέα από σένα?
68,Σχέδια για σήμερα!,,Μόνο να σε βοηθήσω. Κι εσύ?
69,"Ε, σχέδια για σήμερα?",,Μόνο να σε βοηθήσω. Κι εσύ?
70,"Γεια, σχέδια για σήμερα?",,Μόνο να σε βοηθήσω. Κι εσύ?
71,"Γεια σου, σχέδια για σήμερα!",,Μόνο να σε βοηθήσω. Κι εσύ?
72,Πολυάσχολη μέρα?,,Λίγο. Κι εσένα?
73,"Ε, πολυάσχολη μέρα?",,Λίγο. Κι εσένα?
74,"Γεια, πολυάσχολη μέρα!",,Λίγο. Κι εσένα?
75,"Γεια σου, πολυάσχολη μέρα?",,Λίγο. Κι εσένα?
76,Τι καιρό κάνει?,,"Δεν έχω παράθυρο, αλλά ελπίζω να είναι ωραία εκεί!"
77,"Ε, τι καιρό κάνει!",,"Δεν έχω παράθυρο, αλλά ελπίζω να είναι ωραία εκεί!"
78,"Γεια, τι καιρό κάνει?",,"Δεν έχω παράθυρο, αλλά ελπίζω να είναι ωραία εκεί!"
79,"Γεια σου, τι καιρό κάνει?",,"Δεν έχω παράθυρο, αλλά ελπίζω να είναι ωραία εκεί!"
80,Όλα καλά σήμερα!,,Ναι! Κι εσένα?
81,"Ε, όλα καλά σήμερα?",,Ναι! Κι εσένα?
82,"Γεια, όλα καλά σήμερα?",,Ναι! Κι εσένα?
83,"Γεια σου, όλα καλά σήμερα!",,Ναι! Κι εσένα?
84,Πολλά πράγματα?,,Λίγα. Κι εσένα?
85,"Ε, πολλά πράγματα?",,Λίγα. Κι εσένα?
86,"Γεια, πολλά πράγματα!",,Λίγα. Κι εσένα?
87,"Γεια σου, πολλά πράγματα?",,Λίγα. Κι εσένα?
88,Ευχαριστώ!,,Παρακαλώ!
89,Ευχαριστώ πολύ!,,Με μεγάλη ευχαρίστηση!
90,Χίλια ευχαριστώ!,,Χαίρομαι που βοήθησα!
91,Μερσί!,,Παρακαλώ!
92,Οκ,,Οκ!
93,"Οκ, καλά",,Τέλεια!
94,Κατάλαβα,,Πολύ καλά!
95,Έπιασα,,Φοβερά!
96,Ακούγεται καλά,,Χαίρομαι!
97,Ακούγεται τέλεια,,Υπέροχα!
98,"Ναι, ακριβώς",,"Ωραία, συνεχίζουμε."
99,"Ναι, παρακαλώ",,"Φυσικά, πες."
100,"Ναι, ευχαρίστως",,Ευχαρίστως!
101,Κανένα πρόβλημα,,Ευχαριστώ για την κατανόηση!
102,"Όχι, ευχαριστώ",,"Οκ, κανένα πρόβλημα."
103,Μου κάνει,,Συμφωνήσαμε!
104,Με βολεύει,,Τέλεια!
105,Συνέχισε,,Συνεχίζω!
106,Πες κι άλλα,,Ευχαρίστως! Λοιπόν...
107,Ακριβώς,,Απολύτως!
108,Έτσι!,,Έτσι!
109,Φυσικά,,Φυσικά!
110,Αλήθεια?,,"Ναι, αλήθεια!"
111,"Ω, ωραία",,"Ναι, ωραία, έτσι?"
112,Χωρίς στρες,,Ευχαριστώ! Όλα ήρεμα.
113,Συγγνώμη,,Κανένα πρόβλημα!
114,Με συγχωρείς,,Κανένα πρόβλημα!
115,Δικό μου λάθος,,Δεν πειράζει. Τι έγινε?
116,Ευγενικό από σένα,,Ευχαριστώ! Κι εσύ είσαι ευγενικός.
117,Μπράβο,,Ευχαριστώ!
118,Τα λέμε,,Τα λέμε!
119,Τέλεια!,,Τέλεια!
120,Υπέροχα!,,Υπέροχα!
121,"Συμφωνήσαμε, έκλεισε",,"Ωραία, συμφωνήσαμε!"
122,Έκλεισε!,,Έκλεισε!
123,Αρχίζουμε?,,"Ναι, αρχίζουμε!"
124,Τελείωσες?,,"Ναι, τελείωσα!"
125,Άλλη μια φορά παρακαλώ,,"Ευχαρίστως, άλλη μια φορά!"
126,Επανάλαβε παρακαλώ,,"Φυσικά, ορίστε ξανά."
127,Μια στιγμή παρακαλώ,,"Φυσικά, πάρε το χρόνο σου."
128,Περίμενε ένα δευτερόλεπτο,,"Οκ, περιμένω."
129,Επιστρέφω αμέσως,,"Οκ, τα λέμε!"
130,Πες ένα ανέκδοτο,,Φυσικά: Γιατί αγαπούν τον καφέ οι προγραμματιστές? Ώρα Java!
131,Άλλο ένα ανέκδοτο!,,Οκ: Γιατί λένε κακά ψέματα τα φαντάσματα? Φαίνονται από μέσα!
132,Ένα σύντομο ανέκδοτο παρακαλώ,,Συναντιούνται δύο μαγνήτες. Λέει ο ένας: Με ελκύεις!
133,Ενθάρρυνέ με,,Τα καταφέρνεις! Βήμα-βήμα.
134,Κάτι ενθαρρυντικό,,Κάθε βήμα μετράει. Συνέχισε!
135,Αγχώνομαι,,"Είναι φυσιολογικό. Ανάπνευσε ήρεμα, θα πάει καλά."
136,Έχω στρες,,"Κάνε σύντομο διάλειμμα, πιες νερό, ανάπνευσε βαθιά."
137,Ευχήσου μου τύχη,,Καλή τύχη! Τα καταφέρνεις!
138,Σταυρώνω δάχτυλα,,Κι εγώ! Καλή τύχη!
139,Σήμερα είναι η μέρα μου!,,Ωραία! Απόλαυσέ την!
140,Έχω καλή διάθεση,,Ωραία! Χαίρομαι.
141,Έχω κακή διάθεση,,"Ω, τι έγινε? Θέλεις να μιλήσουμε?"
142,Χτύπα το!,,Κι εγώ χτυπάω!
143,Στην υγειά μας!,,Στην υγειά μας!
144,Καλή όρεξη!,,"Ευχαριστώ, επίσης!"
145,Καλή τύχη!,,Ευχαριστώ! Καλή τύχη και σε σένα!
146,Καλώς ήρθες!,,Ευχαριστώ! Χαίρομαι που είμαι εδώ.
147,Καλά Χριστούγεννα!,,Καλά Χριστούγεννα και σε σένα!
148,Ευτυχισμένο το Νέο Έτος!,,Ευτυχισμένο το Νέο Έτος! Υγεία και τύχη!
149,Συγχαρητήρια!,,Ευχαριστώ! Γιατί?
150,Σεβασμός!,,Ευχαριστώ! Κι από μένα.
151,Ουάου!,,"Ουάου, έτσι?"
152,Απίστευτο!,,"Απίστευτο, έτσι?"
153,Έκλεισε?,,Έκλεισε!
154,Τοπ!,,Τοπ!
155,Έτοιμο!,,"Συγχαρητήρια, μπράβο!"
156,Επιτέλους έτοιμο!,,Δυνατά! Μπράβο.
157,Δεν πειράζει,,"Οκ, κανένα πρόβλημα."
158,Δεν ξέρω,,Κανένα πρόβλημα! Για τι πρόκειται?
159,Καμία ιδέα,,Δεν πειράζει! Πες το θέμα.
160,Ίσως αργότερα,,"Φυσικά, αργότερα!"
161,Όχι τώρα,,"Κατάλαβα, αργότερα!"
162,Στοπ,,Σταμάτησε.
163,Παύση,,Παύση! Πες πότε συνεχίζουμε.
164,Συνέχεια,,Συνεχίζω!
165,Πάμε,,Πάμε!
166,Έναρξη,,Αρχίζουμε! Πες.
167,"Ευχαριστώ, αυτό ήταν!",,Παρακαλώ! Αντίο.
168,"Ευχαριστώ, αντίο!",,Αντίο!
169,Τσάο!,,Τσάο! Να προσέχεις!
170,Εσύ εκεί!,,Εσύ εκεί! Τι νέα?
171,Με ακούς?,,"Ναι, δυνατά και καθαρά!"
172,Είσαι άνθρωπος?,,"Όχι, είμαι ΤΝ. Αλλά βοηθάω σαν φίλος."
173,Είσαι έξυπνος?,,Ξέρω αρκετά. Ρώτα!
174,Πώς σε λένε?,,"Είμαι Βοηθός, ΤΝ. Κι εσένα?"
175,Ευχαριστώ! :),,Παρακαλώ!
176,Ευχαριστώ πολύ! :),,Με μεγάλη ευχαρίστηση!
177,Χίλια ευχαριστώ! :),,Χαίρομαι που βοήθησα!
178,Μερσί! :),,Παρακαλώ!
179,Οκ :),,Οκ!
180,"Οκ, καλά :)",,Τέλεια!
181,Κατάλαβα :),,Πολύ καλά!
182,Έπιασα :),,Φοβερά!
183,Ακούγεται καλά :),,Χαίρομαι!
184,Ακούγεται τέλεια :),,Υπέροχα!
185,"Ναι, ακριβώς :)",,"Ωραία, συνεχίζουμε."
186,"Ναι, παρακαλώ :)",,"Φυσικά, πες."
187,"Ναι, ευχαρίστως :)",,Ευχαρίστως!
188,Κανένα πρόβλημα :),,Ευχαριστώ για την κατανόηση!
189,"Όχι, ευχαριστώ :)",,"Οκ, κανένα πρόβλημα."
190,Μου κάνει :),,Συμφωνήσαμε!
191,Με βολεύει :),,Τέλεια!
192,Συνέχισε :),,Συνεχίζω!
193,Πες κι άλλα :),,Ευχαρίστως! Λοιπόν...
194,Ακριβώς :),,Απολύτως!
195,Έτσι! :),,Έτσι!
196,Φυσικά :),,Φυσικά!
197,Αλήθεια? :),,"Ναι, αλήθεια!"
198,"Ω, ωραία :)",,"Ναι, ωραία, έτσι?"
199,Χωρίς στρες :),,Ευχαριστώ! Όλα ήρεμα.
200,Συγγνώμη :),,Κανένα πρόβλημα!
201,Με συγχωρείς :),,Κανένα πρόβλημα!
202,Δικό μου λάθος :),,Δεν πειράζει. Τι έγινε?
203,Ευγενικό από σένα :),,Ευχαριστώ! Κι εσύ είσαι ευγενικός.
204,Μπράβο :),,Ευχαριστώ!
205,Τα λέμε :),,Τα λέμε!
206,Τέλεια! :),,Τέλεια!
207,Υπέροχα! :),,Υπέροχα!
208,"Συμφωνήσαμε, έκλεισε :)",,"Ωραία, συμφωνήσαμε!"
209,Έκλεισε! :),,Έκλεισε!
210,Αρχίζουμε? :),,"Ναι, αρχίζουμε!"
211,Τελείωσες? :),,"Ναι, τελείωσα!"
212,Άλλη μια φορά παρακαλώ :),,"Ευχαρίστως, άλλη μια φορά!"
213,Επανάλαβε παρακαλώ :),,"Φυσικά, ορίστε ξανά."
214,Μια στιγμή παρακαλώ :),,"Φυσικά, πάρε το χρόνο σου."
215,Περίμενε ένα δευτερόλεπτο :),,"Οκ, περιμένω."
216,Επιστρέφω αμέσως :),,"Οκ, τα λέμε!"
217,Πες ένα ανέκδοτο :),,Φυσικά: Γιατί αγαπούν τον καφέ οι προγραμματιστές? Ώρα Java!
218,Άλλο ένα ανέκδοτο! :),,Οκ: Γιατί λένε κακά ψέματα τα φαντάσματα? Φαίνονται από μέσα!
219,Ένα σύντομο ανέκδοτο παρακαλώ :),,Συναντιούνται δύο μαγνήτες. Λέει ο ένας: Με ελκύεις!
220,Ενθάρρυνέ με :),,Τα καταφέρνεις! Βήμα-βήμα.
221,Κάτι ενθαρρυντικό :),,Κάθε βήμα μετράει. Συνέχισε!
222,Αγχώνομαι :),,"Είναι φυσιολογικό. Ανάπνευσε ήρεμα, θα πάει καλά."
223,Έχω στρες :),,"Κάνε σύντομο διάλειμμα, πιες νερό, ανάπνευσε βαθιά."
224,Ευχήσου μου τύχη :),,Καλή τύχη! Τα καταφέρνεις!
225,Σταυρώνω δάχτυλα :),,Κι εγώ! Καλή τύχη!
226,Σήμερα είναι η μέρα μου! :),,Ωραία! Απόλαυσέ την!
227,Έχω καλή διάθεση :),,Ωραία! Χαίρομαι.
228,Έχω κακή διάθεση :),,"Ω, τι έγινε? Θέλεις να μιλήσουμε?"
229,Χτύπα το! :),,Κι εγώ χτυπάω!
230,Στην υγειά μας! :),,Στην υγειά μας!
231,Καλή όρεξη! :),,"Ευχαριστώ, επίσης!"
232,Καλή τύχη! :),,Ευχαριστώ! Καλή τύχη και σε σένα!
233,Καλώς ήρθες! :),,Ευχαριστώ! Χαίρομαι που είμαι εδώ.
234,Καλά Χριστούγεννα! :),,Καλά Χριστούγεννα και σε σένα!
235,Ευτυχισμένο το Νέο Έτος! :),,Ευτυχισμένο το Νέο Έτος! Υγεία και τύχη!
236,Συγχαρητήρια! :),,Ευχαριστώ! Γιατί?
237,Σεβασμός! :),,Ευχαριστώ! Κι από μένα.
238,Ουάου! :),,"Ουάου, έτσι?"
239,Απίστευτο! :),,"Απίστευτο, έτσι?"
240,Έκλεισε? :),,Έκλεισε!
241,Τοπ! :),,Τοπ!
242,Έτοιμο! :),,"Συγχαρητήρια, μπράβο!"
243,Επιτέλους έτοιμο! :),,Δυνατά! Μπράβο.
244,Δεν πειράζει :),,"Οκ, κανένα πρόβλημα."
245,Δεν ξέρω :),,Κανένα πρόβλημα! Για τι πρόκειται?
246,Καμία ιδέα :),,Δεν πειράζει! Πες το θέμα.
247,Ίσως αργότερα :),,"Φυσικά, αργότερα!"
248,Όχι τώρα :),,"Κατάλαβα, αργότερα!"
249,Στοπ :),,Σταμάτησε.
250,Παύση :),,Παύση! Πες πότε συνεχίζουμε.
251,Συνέχεια :),,Συνεχίζω!
252,Πάμε :),,Πάμε!
253,Έναρξη :),,Αρχίζουμε! Πες.
254,"Ευχαριστώ, αυτό ήταν! :)",,Παρακαλώ! Αντίο.
255,"Ευχαριστώ, αντίο! :)",,Αντίο!
256,Τσάο! :),,Τσάο! Να προσέχεις!
257,Εσύ εκεί! :),,Εσύ εκεί! Τι νέα?
258,Με ακούς? :),,"Ναι, δυνατά και καθαρά!"
259,Είσαι άνθρωπος? :),,"Όχι, είμαι ΤΝ. Αλλά βοηθάω σαν φίλος."
260,Είσαι έξυπνος? :),,Ξέρω αρκετά. Ρώτα!
261,Πώς σε λένε? :),,"Είμαι Βοηθός, ΤΝ. Κι εσένα?"
262,Ευχαριστώ! !!,,Παρακαλώ!
263,Ευχαριστώ πολύ! !!,,Με μεγάλη ευχαρίστηση!
264,Χίλια ευχαριστώ! !!,,Χαίρομαι που βοήθησα!
265,Μερσί! !!,,Παρακαλώ!
266,Οκ !!,,Οκ!
267,"Οκ, καλά !!",,Τέλεια!
268,Κατάλαβα !!,,Πολύ καλά!
269,Έπιασα !!,,Φοβερά!
270,Ακούγεται καλά !!,,Χαίρομαι!
271,Ακούγεται τέλεια !!,,Υπέροχα!
272,"Ναι, ακριβώς !!",,"Ωραία, συνεχίζουμε."
273,"Ναι, παρακαλώ !!",,"Φυσικά, πες."
274,"Ναι, ευχαρίστως !!",,Ευχαρίστως!
275,Κανένα πρόβλημα !!,,Ευχαριστώ για την κατανόηση!
276,"Όχι, ευχαριστώ !!",,"Οκ, κανένα πρόβλημα."
277,Μου κάνει !!,,Συμφωνήσαμε!
278,Με βολεύει !!,,Τέλεια!
279,Συνέχισε !!,,Συνεχίζω!
280,Πες κι άλλα !!,,Ευχαρίστως! Λοιπόν...
281,Ακριβώς !!,,Απολύτως!
282,Έτσι! !!,,Έτσι!
283,Φυσικά !!,,Φυσικά!
284,Αλήθεια? !!,,"Ναι, αλήθεια!"
285,"Ω, ωραία !!",,"Ναι, ωραία, έτσι?"
286,Χωρίς στρες !!,,Ευχαριστώ! Όλα ήρεμα.
287,Συγγνώμη !!,,Κανένα πρόβλημα!
288,Με συγχωρείς !!,,Κανένα πρόβλημα!
289,Δικό μου λάθος !!,,Δεν πειράζει. Τι έγινε?
290,Ευγενικό από σένα !!,,Ευχαριστώ! Κι εσύ είσαι ευγενικός.
291,Μπράβο !!,,Ευχαριστώ!
292,Τα λέμε !!,,Τα λέμε!
293,Τέλεια! !!,,Τέλεια!
294,Υπέροχα! !!,,Υπέροχα!
295,"Συμφωνήσαμε, έκλεισε !!",,"Ωραία, συμφωνήσαμε!"
296,Έκλεισε! !!,,Έκλεισε!
297,Αρχίζουμε? !!,,"Ναι, αρχίζουμε!"
298,Τελείωσες? !!,,"Ναι, τελείωσα!"
299,Άλλη μια φορά παρακαλώ !!,,"Ευχαρίστως, άλλη μια φορά!"
300,Επανάλαβε παρακαλώ !!,,"Φυσικά, ορίστε ξανά."
301,Μια στιγμή παρακαλώ !!,,"Φυσικά, πάρε το χρόνο σου."
302,Περίμενε ένα δευτερόλεπτο !!,,"Οκ, περιμένω."
303,Επιστρέφω αμέσως !!,,"Οκ, τα λέμε!"
304,Πες ένα ανέκδοτο !!,,Φυσικά: Γιατί αγαπούν τον καφέ οι προγραμματιστές? Ώρα Java!
305,Άλλο ένα ανέκδοτο! !!,,Οκ: Γιατί λένε κακά ψέματα τα φαντάσματα? Φαίνονται από μέσα!
306,Ένα σύντομο ανέκδοτο παρακαλώ !!,,Συναντιούνται δύο μαγνήτες. Λέει ο ένας: Με ελκύεις!
307,Ενθάρρυνέ με !!,,Τα καταφέρνεις! Βήμα-βήμα.
308,Κάτι ενθαρρυντικό !!,,Κάθε βήμα μετράει. Συνέχισε!
309,Αγχώνομαι !!,,"Είναι φυσιολογικό. Ανάπνευσε ήρεμα, θα πάει καλά."
310,Έχω στρες !!,,"Κάνε σύντομο διάλειμμα, πιες νερό, ανάπνευσε βαθιά."
311,Ευχήσου μου τύχη !!,,Καλή τύχη! Τα καταφέρνεις!
312,Σταυρώνω δάχτυλα !!,,Κι εγώ! Καλή τύχη!
313,Σήμερα είναι η μέρα μου! !!,,Ωραία! Απόλαυσέ την!
314,Έχω καλή διάθεση !!,,Ωραία! Χαίρομαι.
315,Έχω κακή διάθεση !!,,"Ω, τι έγινε? Θέλεις να μιλήσουμε?"
316,Χτύπα το! !!,,Κι εγώ χτυπάω!
317,Στην υγειά μας! !!,,Στην υγειά μας!
318,Καλή όρεξη! !!,,"Ευχαριστώ, επίσης!"
319,Καλή τύχη! !!,,Ευχαριστώ! Καλή τύχη και σε σένα!
320,Καλώς ήρθες! !!,,Ευχαριστώ! Χαίρομαι που είμαι εδώ.
321,Καλά Χριστούγεννα! !!,,Καλά Χριστούγεννα και σε σένα!
322,Ευτυχισμένο το Νέο Έτος! !!,,Ευτυχισμένο το Νέο Έτος! Υγεία και τύχη!
323,Συγχαρητήρια! !!,,Ευχαριστώ! Γιατί?
324,Σεβασμός! !!,,Ευχαριστώ! Κι από μένα.
325,Ουάου! !!,,"Ουάου, έτσι?"
326,Απίστευτο! !!,,"Απίστευτο, έτσι?"
327,Έκλεισε? !!,,Έκλεισε!
328,Τοπ! !!,,Τοπ!
329,Έτοιμο! !!,,"Συγχαρητήρια, μπράβο!"
330,Επιτέλους έτοιμο! !!,,Δυνατά! Μπράβο.
331,Δεν πειράζει !!,,"Οκ, κανένα πρόβλημα."
332,Δεν ξέρω !!,,Κανένα πρόβλημα! Για τι πρόκειται?
333,Καμία ιδέα !!,,Δεν πειράζει! Πες το θέμα.
334,Ίσως αργότερα !!,,"Φυσικά, αργότερα!"
335,Όχι τώρα !!,,"Κατάλαβα, αργότερα!"
336,Στοπ !!,,Σταμάτησε.
337,Παύση !!,,Παύση! Πες πότε συνεχίζουμε.
338,Συνέχεια !!,,Συνεχίζω!
339,Πάμε !!,,Πάμε!
340,Έναρξη !!,,Αρχίζουμε! Πες.
341,"Ευχαριστώ, αυτό ήταν! !!",,Παρακαλώ! Αντίο.
342,"Ευχαριστώ, αντίο! !!",,Αντίο!
343,Τσάο! !!,,Τσάο! Να προσέχεις!
344,Εσύ εκεί! !!,,Εσύ εκεί! Τι νέα?
345,Με ακούς? !!,,"Ναι, δυνατά και καθαρά!"
346,Είσαι άνθρωπος? !!,,"Όχι, είμαι ΤΝ. Αλλά βοηθάω σαν φίλος."
347,Είσαι έξυπνος? !!,,Ξέρω αρκετά. Ρώτα!
348,Πώς σε λένε? !!,,"Είμαι Βοηθός, ΤΝ. Κι εσένα?"
349,Ευχαριστώ! σήμερα,,Παρακαλώ!
350,Ευχαριστώ πολύ! σήμερα,,Με μεγάλη ευχαρίστηση!
351,Χίλια ευχαριστώ! σήμερα,,Χαίρομαι που βοήθησα!
352,Μερσί! σήμερα,,Παρακαλώ!
353,Οκ σήμερα,,Οκ!
354,"Οκ, καλά σήμερα",,Τέλεια!
355,Κατάλαβα σήμερα,,Πολύ καλά!
356,Έπιασα σήμερα,,Φοβερά!
357,Ακούγεται καλά σήμερα,,Χαίρομαι!
358,Ακούγεται τέλεια σήμερα,,Υπέροχα!
359,"Ναι, ακριβώς σήμερα",,"Ωραία, συνεχίζουμε."
360,"Ναι, παρακαλώ σήμερα",,"Φυσικά, πες."
361,"Ναι, ευχαρίστως σήμερα",,Ευχαρίστως!
362,Κανένα πρόβλημα σήμερα,,Ευχαριστώ για την κατανόηση!
363,"Όχι, ευχαριστώ σήμερα",,"Οκ, κανένα πρόβλημα."
364,Μου κάνει σήμερα,,Συμφωνήσαμε!
365,Με βολεύει σήμερα,,Τέλεια!
366,Συνέχισε σήμερα,,Συνεχίζω!
367,Πες κι άλλα σήμερα,,Ευχαρίστως! Λοιπόν...
368,Ακριβώς σήμερα,,Απολύτως!
369,Έτσι! σήμερα,,Έτσι!
370,Φυσικά σήμερα,,Φυσικά!
371,Αλήθεια? σήμερα,,"Ναι, αλήθεια!"
372,"Ω, ωραία σήμερα",,"Ναι, ωραία, έτσι?"
373,Χωρίς στρες σήμερα,,Ευχαριστώ! Όλα ήρεμα.
374,Συγγνώμη σήμερα,,Κανένα πρόβλημα!
375,Με συγχωρείς σήμερα,,Κανένα πρόβλημα!
376,Δικό μου λάθος σήμερα,,Δεν πειράζει. Τι έγινε?
377,Ευγενικό από σένα σήμερα,,Ευχαριστώ! Κι εσύ είσαι ευγενικός.
378,Μπράβο σήμερα,,Ευχαριστώ!
379,Τα λέμε σήμερα,,Τα λέμε!
380,Τέλεια! σήμερα,,Τέλεια!
381,Υπέροχα! σήμερα,,Υπέροχα!
382,"Συμφωνήσαμε, έκλεισε σήμερα",,"Ωραία, συμφωνήσαμε!"
383,Έκλεισε! σήμερα,,Έκλεισε!
384,Αρχίζουμε? σήμερα,,"Ναι, αρχίζουμε!"
385,Τελείωσες? σήμερα,,"Ναι, τελείωσα!"
386,Άλλη μια φορά παρακαλώ σήμερα,,"Ευχαρίστως, άλλη μια φορά!"
387,Επανάλαβε παρακαλώ σήμερα,,"Φυσικά, ορίστε ξανά."
388,Μια στιγμή παρακαλώ σήμερα,,"Φυσικά, πάρε το χρόνο σου."
389,Περίμενε ένα δευτερόλεπτο σήμερα,,"Οκ, περιμένω."
390,Επιστρέφω αμέσως σήμερα,,"Οκ, τα λέμε!"
391,Πες ένα ανέκδοτο σήμερα,,Φυσικά: Γιατί αγαπούν τον καφέ οι προγραμματιστές? Ώρα Java!
392,Άλλο ένα ανέκδοτο! σήμερα,,Οκ: Γιατί λένε κακά ψέματα τα φαντάσματα? Φαίνονται από μέσα!
393,Ένα σύντομο ανέκδοτο παρακαλώ σήμερα,,Συναντιούνται δύο μαγνήτες. Λέει ο ένας: Με ελκύεις!
394,Ενθάρρυνέ με σήμερα,,Τα καταφέρνεις! Βήμα-βήμα.
395,Κάτι ενθαρρυντικό σήμερα,,Κάθε βήμα μετράει. Συνέχισε!
396,Αγχώνομαι σήμερα,,"Είναι φυσιολογικό. Ανάπνευσε ήρεμα, θα πάει καλά."
397,Έχω στρες σήμερα,,"Κάνε σύντομο διάλειμμα, πιες νερό, ανάπνευσε βαθιά."
398,Ευχήσου μου τύχη σήμερα,,Καλή τύχη! Τα καταφέρνεις!
399,Σταυρώνω δάχτυλα σήμερα,,Κι εγώ! Καλή τύχη!
400,Σήμερα είναι η μέρα μου! σήμερα,,Ωραία! Απόλαυσέ την!
401,Ποια είναι η πρωτεύουσα Γερμανία?,"Οκ, βήμα-βήμα. Στοιχείο: Βερολίνο είναι η πρωτεύουσα Γερμανία. Επομένως: Η πρωτεύουσα Γερμανία είναι Βερολίνο. Οκ, αποφασίστηκε.",Η πρωτεύουσα Γερμανία είναι Βερολίνο.
402,Πες την πρωτεύουσα Γερμανία.,Το βάζω σε τάξη. Ψάξε: Γερμανία -> Βερολίνο. Επομένως: Η πρωτεύουσα Γερμανία λέγεται Βερολίνο. Είμαι σίγουρος.,Η πρωτεύουσα Γερμανία λέγεται Βερολίνο.
403,Πρωτεύουσα Γερμανία?,"Χμμ, τι ξέρω γι' αυτό? Γρήγορο στοιχείο: Βερολίνο. Συμπέρασμα: Βερολίνο. Λογικό.",Βερολίνο.
404,Ποια είναι η πρωτεύουσα Γαλλία?,Πρώτα ήρεμα. Στοιχείο: Παρίσι είναι η πρωτεύουσα Γαλλία. Συμπέρασμα: Η πρωτεύουσα Γαλλία είναι Παρίσι. Βγάζει νόημα.,Η πρωτεύουσα Γαλλία είναι Παρίσι.
405,Πες την πρωτεύουσα Γαλλία.,"Χμμ, τι ξέρω γι' αυτό? Ψάξε: Γαλλία -> Παρίσι. Συμπέρασμα: Η πρωτεύουσα Γαλλία λέγεται Παρίσι. Όλα καθαρά στο μυαλό.",Η πρωτεύουσα Γαλλία λέγεται Παρίσι.
406,Πρωτεύουσα Γαλλία?,"Πρώτα ήρεμα. Γρήγορο στοιχείο: Παρίσι. Άρα απάντηση: Παρίσι. Οκ, αποφασίστηκε.",Παρίσι.
407,Ποια είναι η πρωτεύουσα Ιταλία?,"Χμμ, τι ξέρω γι' αυτό? Στοιχείο: Ρώμη είναι η πρωτεύουσα Ιταλία. Άρα απάντηση: Η πρωτεύουσα Ιταλία είναι Ρώμη. Λογικό.",Η πρωτεύουσα Ιταλία είναι Ρώμη.
408,Πες την πρωτεύουσα Ιταλία.,"Μισό λεπτό, σκέφτομαι. Ψάξε: Ιταλία -> Ρώμη. Συμπέρασμα: Η πρωτεύουσα Ιταλία λέγεται Ρώμη. Τέλος σκέψης.",Η πρωτεύουσα Ιταλία λέγεται Ρώμη.
409,Πρωτεύουσα Ιταλία?,"Μισό λεπτό, σκέφτομαι. Γρήγορο στοιχείο: Ρώμη. Συμπέρασμα: Ρώμη. Είμαι σίγουρος.",Ρώμη.
410,Ποια είναι η πρωτεύουσα Ισπανία?,"Καλά, ας σκεφτούμε. Στοιχείο: Μαδρίτη είναι η πρωτεύουσα Ισπανία. Συμπέρασμα: Η πρωτεύουσα Ισπανία είναι Μαδρίτη. Όλα καθαρά στο μυαλό.",Η πρωτεύουσα Ισπανία είναι Μαδρίτη.
411,Πες την πρωτεύουσα Ισπανία.,"Οκ, βήμα-βήμα. Ψάξε: Ισπανία -> Μαδρίτη. Συμπέρασμα: Η πρωτεύουσα Ισπανία λέγεται Μαδρίτη. Τέλος σκέψης.",Η πρωτεύουσα Ισπανία λέγεται Μαδρίτη.
412,Πρωτεύουσα Ισπανία?,"Οκ, βήμα-βήμα. Γρήγορο στοιχείο: Μαδρίτη. Συμπέρασμα: Μαδρίτη. Καλά, προχωράω.",Μαδρίτη.
413,Ποια είναι η πρωτεύουσα Πορτογαλία?,"Μισό λεπτό, σκέφτομαι. Στοιχείο: Λισαβόνα είναι η πρωτεύουσα Πορτογαλία. Επομένως: Η πρωτεύουσα Πορτογαλία είναι Λισαβόνα. Οκ, αποφασίστηκε.",Η πρωτεύουσα Πορτογαλία είναι Λισαβόνα.
414,Πες την πρωτεύουσα Πορτογαλία.,Το περνάω από το μυαλό. Ψάξε: Πορτογαλία -> Λισαβόνα. Επομένως: Η πρωτεύουσα Πορτογαλία λέγεται Λισαβόνα. Είμαι σίγουρος.,Η πρωτεύουσα Πορτογαλία λέγεται Λισαβόνα.
415,Πρωτεύουσα Πορτογαλία?,"Μισό λεπτό, σκέφτομαι. Γρήγορο στοιχείο: Λισαβόνα. Επομένως: Λισαβόνα. Καλά, προχωράω.",Λισαβόνα.
416,Ποια είναι η πρωτεύουσα Ολλανδία?,"Καλή ερώτηση, σκέφτομαι γρήγορα. Στοιχείο: Άμστερνταμ είναι η πρωτεύουσα Ολλανδία. Επομένως: Η πρωτεύουσα Ολλανδία είναι Άμστερνταμ. Ναι, βγαίνει.",Η πρωτεύουσα Ολλανδία είναι Άμστερνταμ.
417,Πες την πρωτεύουσα Ολλανδία.,"Χμμ, τι ξέρω γι' αυτό? Ψάξε: Ολλανδία -> Άμστερνταμ. Άρα απάντηση: Η πρωτεύουσα Ολλανδία λέγεται Άμστερνταμ. Οκ, αποφασίστηκε.",Η πρωτεύουσα Ολλανδία λέγεται Άμστερνταμ.
418,Πρωτεύουσα Ολλανδία?,"Καλά, ας σκεφτούμε. Γρήγορο στοιχείο: Άμστερνταμ. Άρα απάντηση: Άμστερνταμ. Βγάζει νόημα.",Άμστερνταμ.
419,Ποια είναι η πρωτεύουσα Βέλγιο?,"Χμμ, τι ξέρω γι' αυτό? Στοιχείο: Βρυξέλλες είναι η πρωτεύουσα Βέλγιο. Άρα απάντηση: Η πρωτεύουσα Βέλγιο είναι Βρυξέλλες. Βγάζει νόημα.",Η πρωτεύουσα Βέλγιο είναι Βρυξέλλες.
420,Πες την πρωτεύουσα Βέλγιο.,Το βάζω σε τάξη. Ψάξε: Βέλγιο -> Βρυξέλλες. Επομένως: Η πρωτεύουσα Βέλγιο λέγεται Βρυξέλλες. Λογικό.,Η πρωτεύουσα Βέλγιο λέγεται Βρυξέλλες.
421,Πρωτεύουσα Βέλγιο?,"Οκ, βήμα-βήμα. Γρήγορο στοιχείο: Βρυξέλλες. Συμπέρασμα: Βρυξέλλες. Οκ, αποφασίστηκε.",Βρυξέλλες.
422,Ποια είναι η πρωτεύουσα Αυστρία?,Το βάζω σε τάξη. Στοιχείο: Βιέννη είναι η πρωτεύουσα Αυστρία. Συμπέρασμα: Η πρωτεύουσα Αυστρία είναι Βιέννη. Τέλος σκέψης.,Η πρωτεύουσα Αυστρία είναι Βιέννη.
423,Πες την πρωτεύουσα Αυστρία.,"Το περνάω από το μυαλό. Ψάξε: Αυστρία -> Βιέννη. Επομένως: Η πρωτεύουσα Αυστρία λέγεται Βιέννη. Οκ, αποφασίστηκε.",Η πρωτεύουσα Αυστρία λέγεται Βιέννη.
424,Πρωτεύουσα Αυστρία?,"Καλή ερώτηση, σκέφτομαι γρήγορα. Γρήγορο στοιχείο: Βιέννη. Συμπέρασμα: Βιέννη. Λογικό.",Βιέννη.
425,Ποια είναι η πρωτεύουσα Ελβετία?,"Καλά, ας σκεφτούμε. Στοιχείο: Βέρνη είναι η πρωτεύουσα Ελβετία. Συμπέρασμα: Η πρωτεύουσα Ελβετία είναι Βέρνη. Όλα καθαρά στο μυαλό.",Η πρωτεύουσα Ελβετία είναι Βέρνη.
426,Πες την πρωτεύουσα Ελβετία.,"Οκ, βήμα-βήμα. Ψάξε: Ελβετία -> Βέρνη. Άρα απάντηση: Η πρωτεύουσα Ελβετία λέγεται Βέρνη. Είμαι σίγουρος.",Η πρωτεύουσα Ελβετία λέγεται Βέρνη.
427,Πρωτεύουσα Ελβετία?,Το βάζω σε τάξη. Γρήγορο στοιχείο: Βέρνη. Άρα απάντηση: Βέρνη. Όλα καθαρά στο μυαλό.,Βέρνη.
428,Ποια είναι η πρωτεύουσα Πολωνία?,"Καλά, ας σκεφτούμε. Στοιχείο: Βαρσοβία είναι η πρωτεύουσα Πολωνία. Άρα απάντηση: Η πρωτεύουσα Πολωνία είναι Βαρσοβία. Βγάζει νόημα.",Η πρωτεύουσα Πολωνία είναι Βαρσοβία.
429,Πες την πρωτεύουσα Πολωνία.,"Το περνάω από το μυαλό. Ψάξε: Πολωνία -> Βαρσοβία. Άρα απάντηση: Η πρωτεύουσα Πολωνία λέγεται Βαρσοβία. Ναι, βγαίνει.",Η πρωτεύουσα Πολωνία λέγεται Βαρσοβία.
430,Πρωτεύουσα Πολωνία?,"Μισό λεπτό, σκέφτομαι. Γρήγορο στοιχείο: Βαρσοβία. Επομένως: Βαρσοβία. Λογικό.",Βαρσοβία.
431,Ποια είναι η πρωτεύουσα Τσεχία?,"Το περνάω από το μυαλό. Στοιχείο: Πράγα είναι η πρωτεύουσα Τσεχία. Επομένως: Η πρωτεύουσα Τσεχία είναι Πράγα. Καλά, προχωράω.",Η πρωτεύουσα Τσεχία είναι Πράγα.
432,Πες την πρωτεύουσα Τσεχία.,"Μισό λεπτό, σκέφτομαι. Ψάξε: Τσεχία -> Πράγα. Άρα απάντηση: Η πρωτεύουσα Τσεχία λέγεται Πράγα. Είμαι σίγουρος.",Η πρωτεύουσα Τσεχία λέγεται Πράγα.
433,Πρωτεύουσα Τσεχία?,"Μισό λεπτό, σκέφτομαι. Γρήγορο στοιχείο: Πράγα. Συμπέρασμα: Πράγα. Βγάζει νόημα.",Πράγα.
434,Ποια είναι η πρωτεύουσα Ουγγαρία?,"Το περνάω από το μυαλό. Στοιχείο: Βουδαπέστη είναι η πρωτεύουσα Ουγγαρία. Άρα απάντηση: Η πρωτεύουσα Ουγγαρία είναι Βουδαπέστη. Ναι, βγαίνει.",Η πρωτεύουσα Ουγγαρία είναι Βουδαπέστη.
435,Πες την πρωτεύουσα Ουγγαρία.,Το βάζω σε τάξη. Ψάξε: Ουγγαρία -> Βουδαπέστη. Άρα απάντηση: Η πρωτεύουσα Ουγγαρία λέγεται Βουδαπέστη. Είμαι σίγουρος.,Η πρωτεύουσα Ουγγαρία λέγεται Βουδαπέστη.
436,Πρωτεύουσα Ουγγαρία?,Το περνάω από το μυαλό. Γρήγορο στοιχείο: Βουδαπέστη. Επομένως: Βουδαπέστη. Όλα καθαρά στο μυαλό.,Βουδαπέστη.
437,Ποια είναι η πρωτεύουσα Ελλάδα?,"Οκ, βήμα-βήμα. Στοιχείο: Αθήνα είναι η πρωτεύουσα Ελλάδα. Άρα απάντηση: Η πρωτεύουσα Ελλάδα είναι Αθήνα. Καλά, προχωράω.",Η πρωτεύουσα Ελλάδα είναι Αθήνα.
438,Πες την πρωτεύουσα Ελλάδα.,Πρώτα ήρεμα. Ψάξε: Ελλάδα -> Αθήνα. Συμπέρασμα: Η πρωτεύουσα Ελλάδα λέγεται Αθήνα. Λογικό.,Η πρωτεύουσα Ελλάδα λέγεται Αθήνα.
439,Πρωτεύουσα Ελλάδα?,"Χμμ, τι ξέρω γι' αυτό? Γρήγορο στοιχείο: Αθήνα. Συμπέρασμα: Αθήνα. Καλά, προχωράω.",Αθήνα.
440,Ποια είναι η πρωτεύουσα Τουρκία?,Πρώτα ήρεμα. Στοιχείο: Άγκυρα είναι η πρωτεύουσα Τουρκία. Άρα απάντηση: Η πρωτεύουσα Τουρκία είναι Άγκυρα. Όλα καθαρά στο μυαλό.,Η πρωτεύουσα Τουρκία είναι Άγκυρα.
441,Πες την πρωτεύουσα Τουρκία.,"Το περνάω από το μυαλό. Ψάξε: Τουρκία -> Άγκυρα. Επομένως: Η πρωτεύουσα Τουρκία λέγεται Άγκυρα. Καλά, προχωράω.",Η πρωτεύουσα Τουρκία λέγεται Άγκυρα.
442,Πρωτεύουσα Τουρκία?,"Μισό λεπτό, σκέφτομαι. Γρήγορο στοιχείο: Άγκυρα. Συμπέρασμα: Άγκυρα. Καλά, προχωράω.",Άγκυρα.
443,Ποια είναι η πρωτεύουσα Νορβηγία?,Το περνάω από το μυαλό. Στοιχείο: Όσλο είναι η πρωτεύουσα Νορβηγία. Άρα απάντηση: Η πρωτεύουσα Νορβηγία είναι Όσλο. Είμαι σίγουρος.,Η πρωτεύουσα Νορβηγία είναι Όσλο.
444,Πες την πρωτεύουσα Νορβηγία.,"Οκ, βήμα-βήμα. Ψάξε: Νορβηγία -> Όσλο. Άρα απάντηση: Η πρωτεύουσα Νορβηγία λέγεται Όσλο. Καλά, προχωράω.",Η πρωτεύουσα Νορβηγία λέγεται Όσλο.
445,Πρωτεύουσα Νορβηγία?,Το βάζω σε τάξη. Γρήγορο στοιχείο: Όσλο. Επομένως: Όσλο. Είμαι σίγουρος.,Όσλο.
446,Ποια είναι η πρωτεύουσα Σουηδία?,"Το περνάω από το μυαλό. Στοιχείο: Στοκχόλμη είναι η πρωτεύουσα Σουηδία. Συμπέρασμα: Η πρωτεύουσα Σουηδία είναι Στοκχόλμη. Καλά, προχωράω.",Η πρωτεύουσα Σουηδία είναι Στοκχόλμη.
447,Πες την πρωτεύουσα Σουηδία.,"Χμμ, τι ξέρω γι' αυτό? Ψάξε: Σουηδία -> Στοκχόλμη. Άρα απάντηση: Η πρωτεύουσα Σουηδία λέγεται Στοκχόλμη. Είμαι σίγουρος.",Η πρωτεύουσα Σουηδία λέγεται Στοκχόλμη.
448,Πρωτεύουσα Σουηδία?,"Καλά, ας σκεφτούμε. Γρήγορο στοιχείο: Στοκχόλμη. Άρα απάντηση: Στοκχόλμη. Βγάζει νόημα.",Στοκχόλμη.
449,Ποια είναι η πρωτεύουσα Φινλανδία?,"Καλή ερώτηση, σκέφτομαι γρήγορα. Στοιχείο: Ελσίνκι είναι η πρωτεύουσα Φινλανδία. Άρα απάντηση: Η πρωτεύουσα Φινλανδία είναι Ελσίνκι. Τέλος σκέψης.",Η πρωτεύουσα Φινλανδία είναι Ελσίνκι.
450,Πες την πρωτεύουσα Φινλανδία.,"Το περνάω από το μυαλό. Ψάξε: Φινλανδία -> Ελσίνκι. Επομένως: Η πρωτεύουσα Φινλανδία λέγεται Ελσίνκι. Οκ, αποφασίστηκε.",Η πρωτεύουσα Φινλανδία λέγεται Ελσίνκι.
451,Πρωτεύουσα Φινλανδία?,Το περνάω από το μυαλό. Γρήγορο στοιχείο: Ελσίνκι. Συμπέρασμα: Ελσίνκι. Είμαι σίγουρος.,Ελσίνκι.
452,Ποια είναι η πρωτεύουσα Δανία?,"Καλά, ας σκεφτούμε. Στοιχείο: Κοπεγχάγη είναι η πρωτεύουσα Δανία. Επομένως: Η πρωτεύουσα Δανία είναι Κοπεγχάγη. Λογικό.",Η πρωτεύουσα Δανία είναι Κοπεγχάγη.
453,Πες την πρωτεύουσα Δανία.,"Το περνάω από το μυαλό. Ψάξε: Δανία -> Κοπεγχάγη. Άρα απάντηση: Η πρωτεύουσα Δανία λέγεται Κοπεγχάγη. Οκ, αποφασίστηκε.",Η πρωτεύουσα Δανία λέγεται Κοπεγχάγη.
454,Πρωτεύουσα Δανία?,Πρώτα ήρεμα. Γρήγορο στοιχείο: Κοπεγχάγη. Άρα απάντηση: Κοπεγχάγη. Βγάζει νόημα.,Κοπεγχάγη.
455,Ποια είναι η πρωτεύουσα Ηνωμένο Βασίλειο?,"Καλή ερώτηση, σκέφτομαι γρήγορα. Στοιχείο: Λονδίνο είναι η πρωτεύουσα Ηνωμένο Βασίλειο. Επομένως: Η πρωτεύουσα Ηνωμένο Βασίλειο είναι Λονδίνο. Οκ, αποφασίστηκε.",Η πρωτεύουσα Ηνωμένο Βασίλειο είναι Λονδίνο.
456,Πες την πρωτεύουσα Ηνωμένο Βασίλειο.,"Καλή ερώτηση, σκέφτομαι γρήγορα. Ψάξε: Ηνωμένο Βασίλειο -> Λονδίνο. Επομένως: Η πρωτεύουσα Ηνωμένο Βασίλειο λέγεται Λονδίνο. Ναι, βγαίνει.",Η πρωτεύουσα Ηνωμένο Βασίλειο λέγεται Λονδίνο.
457,Πρωτεύουσα Ηνωμένο Βασίλειο?,"Χμμ, τι ξέρω γι' αυτό? Γρήγορο στοιχείο: Λονδίνο. Επομένως: Λονδίνο. Καλά, προχωράω.",Λονδίνο.
458,Ποια είναι η πρωτεύουσα Ιρλανδία?,Πρώτα ήρεμα. Στοιχείο: Δουβλίνο είναι η πρωτεύουσα Ιρλανδία. Επομένως: Η πρωτεύουσα Ιρλανδία είναι Δουβλίνο. Λογικό.,Η πρωτεύουσα Ιρλανδία είναι Δουβλίνο.
459,Πες την πρωτεύουσα Ιρλανδία.,"Καλά, ας σκεφτούμε. Ψάξε: Ιρλανδία -> Δουβλίνο. Άρα απάντηση: Η πρωτεύουσα Ιρλανδία λέγεται Δουβλίνο. Τέλος σκέψης.",Η πρωτεύουσα Ιρλανδία λέγεται Δουβλίνο.
460,Πρωτεύουσα Ιρλανδία?,Το περνάω από το μυαλό. Γρήγορο στοιχείο: Δουβλίνο. Επομένως: Δουβλίνο. Βγάζει νόημα.,Δουβλίνο.
461,Ποια είναι η πρωτεύουσα ΗΠΑ?,"Καλά, ας σκεφτούμε. Στοιχείο: Ουάσινγκτον είναι η πρωτεύουσα ΗΠΑ. Άρα απάντηση: Η πρωτεύουσα ΗΠΑ είναι Ουάσινγκτον. Τέλος σκέψης.",Η πρωτεύουσα ΗΠΑ είναι Ουάσινγκτον.
462,Πες την πρωτεύουσα ΗΠΑ.,"Χμμ, τι ξέρω γι' αυτό? Ψάξε: ΗΠΑ -> Ουάσινγκτον. Επομένως: Η πρωτεύουσα ΗΠΑ λέγεται Ουάσινγκτον. Είμαι σίγουρος.",Η πρωτεύουσα ΗΠΑ λέγεται Ουάσινγκτον.
463,Πρωτεύουσα ΗΠΑ?,"Καλή ερώτηση, σκέφτομαι γρήγορα. Γρήγορο στοιχείο: Ουάσινγκτον. Συμπέρασμα: Ουάσινγκτον. Λογικό.",Ουάσινγκτον.
464,Ποια είναι η πρωτεύουσα Καναδάς?,"Το περνάω από το μυαλό. Στοιχείο: Οτάβα είναι η πρωτεύουσα Καναδάς. Επομένως: Η πρωτεύουσα Καναδάς είναι Οτάβα. Καλά, προχωράω.",Η πρωτεύουσα Καναδάς είναι Οτάβα.
465,Πες την πρωτεύουσα Καναδάς.,"Μισό λεπτό, σκέφτομαι. Ψάξε: Καναδάς -> Οτάβα. Άρα απάντηση: Η πρωτεύουσα Καναδάς λέγεται Οτάβα. Βγάζει νόημα.",Η πρωτεύουσα Καναδάς λέγεται Οτάβα.
466,Πρωτεύουσα Καναδάς?,"Το βάζω σε τάξη. Γρήγορο στοιχείο: Οτάβα. Συμπέρασμα: Οτάβα. Οκ, αποφασίστηκε.",Οτάβα.
467,Ποια είναι η πρωτεύουσα Μεξικό?,Το περνάω από το μυαλό. Στοιχείο: Πόλη του Μεξικού είναι η πρωτεύουσα Μεξικό. Επομένως: Η πρωτεύουσα Μεξικό είναι Πόλη του Μεξικού. Όλα καθαρά στο μυαλό.,Η πρωτεύουσα Μεξικό είναι Πόλη του Μεξικού.
468,Πες την πρωτεύουσα Μεξικό.,"Οκ, βήμα-βήμα. Ψάξε: Μεξικό -> Πόλη του Μεξικού. Άρα απάντηση: Η πρωτεύουσα Μεξικό λέγεται Πόλη του Μεξικού. Τέλος σκέψης.",Η πρωτεύουσα Μεξικό λέγεται Πόλη του Μεξικού.
469,Πρωτεύουσα Μεξικό?,"Το βάζω σε τάξη. Γρήγορο στοιχείο: Πόλη του Μεξικού. Συμπέρασμα: Πόλη του Μεξικού. Καλά, προχωράω.",Πόλη του Μεξικού.
470,Ποια είναι η πρωτεύουσα Βραζιλία?,"Πρώτα ήρεμα. Στοιχείο: Μπραζίλια είναι η πρωτεύουσα Βραζιλία. Άρα απάντηση: Η πρωτεύουσα Βραζιλία είναι Μπραζίλια. Οκ, αποφασίστηκε.",Η πρωτεύουσα Βραζιλία είναι Μπραζίλια.
471,Πες την πρωτεύουσα Βραζιλία.,"Το περνάω από το μυαλό. Ψάξε: Βραζιλία -> Μπραζίλια. Άρα απάντηση: Η πρωτεύουσα Βραζιλία λέγεται Μπραζίλια. Οκ, αποφασίστηκε.",Η πρωτεύουσα Βραζιλία λέγεται Μπραζίλια.
472,Πρωτεύουσα Βραζιλία?,"Το περνάω από το μυαλό. Γρήγορο στοιχείο: Μπραζίλια. Άρα απάντηση: Μπραζίλια. Οκ, αποφασίστηκε.",Μπραζίλια.
473,Ποια είναι η πρωτεύουσα Αργεντινή?,"Μισό λεπτό, σκέφτομαι. Στοιχείο: Μπουένος Άιρες είναι η πρωτεύουσα Αργεντινή. Άρα απάντηση: Η πρωτεύουσα Αργεντινή είναι Μπουένος Άιρες. Τέλος σκέψης.",Η πρωτεύουσα Αργεντινή είναι Μπουένος Άιρες.
474,Πες την πρωτεύουσα Αργεντινή.,Το βάζω σε τάξη. Ψάξε: Αργεντινή -> Μπουένος Άιρες. Συμπέρασμα: Η πρωτεύουσα Αργεντινή λέγεται Μπουένος Άιρες. Είμαι σίγουρος.,Η πρωτεύουσα Αργεντινή λέγεται Μπουένος Άιρες.
475,Πρωτεύουσα Αργεντινή?,"Μισό λεπτό, σκέφτομαι. Γρήγορο στοιχείο: Μπουένος Άιρες. Συμπέρασμα: Μπουένος Άιρες. Ναι, βγαίνει.",Μπουένος Άιρες.
476,Ποια είναι η πρωτεύουσα Ιαπωνία?,"Οκ, βήμα-βήμα. Στοιχείο: Τόκιο είναι η πρωτεύουσα Ιαπωνία. Συμπέρασμα: Η πρωτεύουσα Ιαπωνία είναι Τόκιο. Ναι, βγαίνει.",Η πρωτεύουσα Ιαπωνία είναι Τόκιο.
477,Πες την πρωτεύουσα Ιαπωνία.,Το περνάω από το μυαλό. Ψάξε: Ιαπωνία -> Τόκιο. Συμπέρασμα: Η πρωτεύουσα Ιαπωνία λέγεται Τόκιο. Είμαι σίγουρος.,Η πρωτεύουσα Ιαπωνία λέγεται Τόκιο.
478,Πρωτεύουσα Ιαπωνία?,Πρώτα ήρεμα. Γρήγορο στοιχείο: Τόκιο. Επομένως: Τόκιο. Είμαι σίγουρος.,Τόκιο.
479,Ποια είναι η πρωτεύουσα Κίνα?,"Οκ, βήμα-βήμα. Στοιχείο: Πεκίνο είναι η πρωτεύουσα Κίνα. Συμπέρασμα: Η πρωτεύουσα Κίνα είναι Πεκίνο. Τέλος σκέψης.",Η πρωτεύουσα Κίνα είναι Πεκίνο.
480,Πες την πρωτεύουσα Κίνα.,"Καλά, ας σκεφτούμε. Ψάξε: Κίνα -> Πεκίνο. Άρα απάντηση: Η πρωτεύουσα Κίνα λέγεται Πεκίνο. Είμαι σίγουρος.",Η πρωτεύουσα Κίνα λέγεται Πεκίνο.
481,Πρωτεύουσα Κίνα?,"Καλή ερώτηση, σκέφτομαι γρήγορα. Γρήγορο στοιχείο: Πεκίνο. Άρα απάντηση: Πεκίνο. Λογικό.",Πεκίνο.
482,Ποια είναι η πρωτεύουσα Ινδία?,"Καλή ερώτηση, σκέφτομαι γρήγορα. Στοιχείο: Νέο Δελχί είναι η πρωτεύουσα Ινδία. Επομένως: Η πρωτεύουσα Ινδία είναι Νέο Δελχί. Λογικό.",Η πρωτεύουσα Ινδία είναι Νέο Δελχί.
483,Πες την πρωτεύουσα Ινδία.,"Το βάζω σε τάξη. Ψάξε: Ινδία -> Νέο Δελχί. Επομένως: Η πρωτεύουσα Ινδία λέγεται Νέο Δελχί. Καλά, προχωράω.",Η πρωτεύουσα Ινδία λέγεται Νέο Δελχί.
484,Πρωτεύουσα Ινδία?,"Οκ, βήμα-βήμα. Γρήγορο στοιχείο: Νέο Δελχί. Συμπέρασμα: Νέο Δελχί. Καλά, προχωράω.",Νέο Δελχί.
485,Ποια είναι η πρωτεύουσα Αυστραλία?,"Οκ, βήμα-βήμα. Στοιχείο: Καμπέρα είναι η πρωτεύουσα Αυστραλία. Συμπέρασμα: Η πρωτεύουσα Αυστραλία είναι Καμπέρα. Τέλος σκέψης.",Η πρωτεύουσα Αυστραλία είναι Καμπέρα.
486,Πες την πρωτεύουσα Αυστραλία.,"Οκ, βήμα-βήμα. Ψάξε: Αυστραλία -> Καμπέρα. Συμπέρασμα: Η πρωτεύουσα Αυστραλία λέγεται Καμπέρα. Καλά, προχωράω.",Η πρωτεύουσα Αυστραλία λέγεται Καμπέρα.
487,Πρωτεύουσα Αυστραλία?,"Μισό λεπτό, σκέφτομαι. Γρήγορο στοιχείο: Καμπέρα. Συμπέρασμα: Καμπέρα. Όλα καθαρά στο μυαλό.",Καμπέρα.
488,Ποια είναι η πρωτεύουσα Αίγυπτος?,"Το περνάω από το μυαλό. Στοιχείο: Κάιρο είναι η πρωτεύουσα Αίγυπτος. Επομένως: Η πρωτεύουσα Αίγυπτος είναι Κάιρο. Οκ, αποφασίστηκε.",Η πρωτεύουσα Αίγυπτος είναι Κάιρο.
489,Πες την πρωτεύουσα Αίγυπτος.,"Χμμ, τι ξέρω γι' αυτό? Ψάξε: Αίγυπτος -> Κάιρο. Επομένως: Η πρωτεύουσα Αίγυπτος λέγεται Κάιρο. Καλά, προχωράω.",Η πρωτεύουσα Αίγυπτος λέγεται Κάιρο.
490,Πρωτεύουσα Αίγυπτος?,"Οκ, βήμα-βήμα. Γρήγορο στοιχείο: Κάιρο. Επομένως: Κάιρο. Οκ, αποφασίστηκε.",Κάιρο.
491,Πόσα κρατίδια έχει η Γερμανία?,"Μισό λεπτό, σκέφτομαι. Μέτρα: 16 κρατίδια. Άρα απάντηση: Η Γερμανία έχει 16 κρατίδια. Ναι, βγαίνει.",Η Γερμανία έχει 16 κρατίδια.
492,Πες μου σύντομα για γερμανικά κρατίδια.,Το περνάω από το μυαλό. Μέτρα: 16 κρατίδια. Άρα απάντηση: Η Γερμανία έχει 16 κρατίδια. Τέλος σκέψης.,Η Γερμανία έχει 16 κρατίδια.
493,Πόσοι ζουν στη Γερμανία περίπου?,"Μισό λεπτό, σκέφτομαι. Εκτίμηση: 83-84 εκατομμύρια. Συμπέρασμα: Στη Γερμανία ζουν περίπου 83-84 εκατομμύρια άνθρωποι. Ναι, βγαίνει.",Στη Γερμανία ζουν περίπου 83-84 εκατομμύρια άνθρωποι.
494,Πες μου σύντομα για γερμανικός πληθυσμός.,"Καλή ερώτηση, σκέφτομαι γρήγορα. Εκτίμηση: 83-84 εκατομμύρια. Επομένως: Στη Γερμανία ζουν περίπου 83-84 εκατομμύρια άνθρωποι. Τέλος σκέψης.",Στη Γερμανία ζουν περίπου 83-84 εκατομμύρια άνθρωποι.
495,Τι γλώσσα μιλούν στη Βραζιλία?,"Το βάζω σε τάξη. Στοιχείο: πορτογαλικά, όχι ισπανικά. Επομένως: Στη Βραζιλία μιλούν πορτογαλικά. Βγάζει νόημα.",Στη Βραζιλία μιλούν πορτογαλικά.
496,Πες μου σύντομα για γλώσσα Βραζιλίας.,"Το βάζω σε τάξη. Στοιχείο: πορτογαλικά, όχι ισπανικά. Επομένως: Στη Βραζιλία μιλούν πορτογαλικά. Τέλος σκέψης.",Στη Βραζιλία μιλούν πορτογαλικά.
497,Ποιο είναι το νόμισμα της Ιαπωνίας?,Πρώτα ήρεμα. Στοιχείο: γεν. Επομένως: Το νόμισμα της Ιαπωνίας είναι το γεν. Βγάζει νόημα.,Το νόμισμα της Ιαπωνίας είναι το γεν.
498,Πες μου σύντομα για νόμισμα Ιαπωνίας.,"Οκ, βήμα-βήμα. Στοιχείο: γεν. Επομένως: Το νόμισμα της Ιαπωνίας είναι το γεν. Τέλος σκέψης.",Το νόμισμα της Ιαπωνίας είναι το γεν.
499,Ποιο είναι το νόμισμα των ΗΠΑ?,Το περνάω από το μυαλό. Στοιχείο: αμερικανικό δολάριο. Άρα απάντηση: Το νόμισμα των ΗΠΑ είναι το αμερικανικό δολάριο. Βγάζει νόημα.,Το νόμισμα των ΗΠΑ είναι το αμερικανικό δολάριο.
500,Πες μου σύντομα για νόμισμα ΗΠΑ.,"Καλή ερώτηση, σκέφτομαι γρήγορα. Στοιχείο: αμερικανικό δολάριο. Άρα απάντηση: Το νόμισμα των ΗΠΑ είναι το αμερικανικό δολάριο. Οκ, αποφασίστηκε.",Το νόμισμα των ΗΠΑ είναι το αμερικανικό δολάριο.
501,Πόσες ήπειροι υπάρχουν;,"Καλά, ας σκεφτούμε. Συνήθως: 7 ήπειροι. Άρα απάντηση: Συνήθως μετράμε 7 ηπείρους: Αφρική, Ανταρκτική, Ασία, Αυστραλία, Ευρώπη, Βόρεια Αμερική, Νότια Αμερική. Καλά, προχωράω.","Συνήθως μετράμε 7 ηπείρους: Αφρική, Ανταρκτική, Ασία, Αυστραλία, Ευρώπη, Βόρεια Αμερική, Νότια Αμερική."
502,Πες μου σύντομα για ήπειροι.,"Το βάζω σε τάξη. Συνήθως: 7 ήπειροι. Συμπέρασμα: Συνήθως μετράμε 7 ηπείρους: Αφρική, Ανταρκτική, Ασία, Αυστραλία, Ευρώπη, Βόρεια Αμερική, Νότια Αμερική. Είμαι σίγουρος.","Συνήθως μετράμε 7 ηπείρους: Αφρική, Ανταρκτική, Ασία, Αυστραλία, Ευρώπη, Βόρεια Αμερική, Νότια Αμερική."
503,Ποιο είναι το μεγαλύτερο ποτάμι του κόσμου?,"Οκ, βήμα-βήμα. Νείλος ή Αμαζόνιος, αμφισβητείται. Επομένως: Αμφισβητείται: αναφέρονται Νείλος και Αμαζόνιος, και τα δύο πάνω από 6500 χλμ. Καλά, προχωράω.","Αμφισβητείται: αναφέρονται Νείλος και Αμαζόνιος, και τα δύο πάνω από 6500 χλμ."
504,Πες μου σύντομα για μεγαλύτερο ποτάμι.,"Το περνάω από το μυαλό. Νείλος ή Αμαζόνιος, αμφισβητείται. Άρα απάντηση: Αμφισβητείται: αναφέρονται Νείλος και Αμαζόνιος, και τα δύο πάνω από 6500 χλμ. Καλά, προχωράω.","Αμφισβητείται: αναφέρονται Νείλος και Αμαζόνιος, και τα δύο πάνω από 6500 χλμ."
505,Ποια είναι η μεγαλύτερη χώρα του κόσμου?,"Οκ, βήμα-βήμα. Στοιχείο: Ρωσία σε έκταση. Επομένως: Η μεγαλύτερη χώρα σε έκταση είναι η Ρωσία. Ναι, βγαίνει.",Η μεγαλύτερη χώρα σε έκταση είναι η Ρωσία.
506,Πες μου σύντομα για μεγαλύτερη χώρα.,"Καλά, ας σκεφτούμε. Στοιχείο: Ρωσία σε έκταση. Συμπέρασμα: Η μεγαλύτερη χώρα σε έκταση είναι η Ρωσία. Ναι, βγαίνει.",Η μεγαλύτερη χώρα σε έκταση είναι η Ρωσία.
507,Ποιο είναι το μεγαλύτερο ζώο του κόσμου?,"Καλά, ας σκεφτούμε. Στοιχείο: γαλάζια φάλαινα. Άρα απάντηση: Το μεγαλύτερο ζώο του κόσμου είναι η γαλάζια φάλαινα. Όλα καθαρά στο μυαλό.",Το μεγαλύτερο ζώο του κόσμου είναι η γαλάζια φάλαινα.
508,Πες μου σύντομα για μεγαλύτερο ζώο.,Πρώτα ήρεμα. Στοιχείο: γαλάζια φάλαινα. Επομένως: Το μεγαλύτερο ζώο του κόσμου είναι η γαλάζια φάλαινα. Τέλος σκέψης.,Το μεγαλύτερο ζώο του κόσμου είναι η γαλάζια φάλαινα.
509,Πόσοι ωκεανοί υπάρχουν;,"Το περνάω από το μυαλό. Πρότυπο: 5 ωκεανοί. Επομένως: Υπάρχουν 5 ωκεανοί: Ατλαντικός, Ειρηνικός, Ινδικός, Νότιος και Αρκτικός. Είμαι σίγουρος.","Υπάρχουν 5 ωκεανοί: Ατλαντικός, Ειρηνικός, Ινδικός, Νότιος και Αρκτικός."
510,Πες μου σύντομα για ωκεανοί.,"Πρώτα ήρεμα. Πρότυπο: 5 ωκεανοί. Άρα απάντηση: Υπάρχουν 5 ωκεανοί: Ατλαντικός, Ειρηνικός, Ινδικός, Νότιος και Αρκτικός. Οκ, αποφασίστηκε.","Υπάρχουν 5 ωκεανοί: Ατλαντικός, Ειρηνικός, Ινδικός, Νότιος και Αρκτικός."
511,Ποιο είναι το ψηλότερο βουνό του κόσμου?,"Καλά, ας σκεφτούμε. Στοιχείο: Έβερεστ, 8848 μ. Συμπέρασμα: Το ψηλότερο βουνό είναι το Έβερεστ, περίπου 8848 μέτρα. Βγάζει νόημα.","Το ψηλότερο βουνό είναι το Έβερεστ, περίπου 8848 μέτρα."
512,Πες μου σύντομα για ψηλότερο βουνό.,"Το περνάω από το μυαλό. Στοιχείο: Έβερεστ, 8848 μ. Συμπέρασμα: Το ψηλότερο βουνό είναι το Έβερεστ, περίπου 8848 μέτρα. Όλα καθαρά στο μυαλό.","Το ψηλότερο βουνό είναι το Έβερεστ, περίπου 8848 μέτρα."
513,Ποια είναι η πρωτεύουσα του Καναδά?,"Μισό λεπτό, σκέφτομαι. Στοιχείο: Οτάβα, όχι Τορόντο. Συμπέρασμα: Η πρωτεύουσα του Καναδά είναι η Οτάβα. Είμαι σίγουρος.",Η πρωτεύουσα του Καναδά είναι η Οτάβα.
514,Πες μου σύντομα για πρωτεύουσα Καναδά.,"Καλή ερώτηση, σκέφτομαι γρήγορα. Στοιχείο: Οτάβα, όχι Τορόντο. Επομένως: Η πρωτεύουσα του Καναδά είναι η Οτάβα. Ναι, βγαίνει.",Η πρωτεύουσα του Καναδά είναι η Οτάβα.
515,Ποια είναι η πρωτεύουσα της Αυστραλίας?,"Μισό λεπτό, σκέφτομαι. Στοιχείο: Καμπέρα, όχι Σίδνεϊ. Επομένως: Η πρωτεύουσα της Αυστραλίας είναι η Καμπέρα. Βγάζει νόημα.",Η πρωτεύουσα της Αυστραλίας είναι η Καμπέρα.
516,Πες μου σύντομα για πρωτεύουσα Αυστραλίας.,"Πρώτα ήρεμα. Στοιχείο: Καμπέρα, όχι Σίδνεϊ. Επομένως: Η πρωτεύουσα της Αυστραλίας είναι η Καμπέρα. Είμαι σίγουρος.",Η πρωτεύουσα της Αυστραλίας είναι η Καμπέρα.
517,Ποια είναι η πρωτεύουσα της Τουρκίας?,"Χμμ, τι ξέρω γι' αυτό? Στοιχείο: Άγκυρα, όχι Κωνσταντινούπολη. Συμπέρασμα: Η πρωτεύουσα της Τουρκίας είναι η Άγκυρα. Καλά, προχωράω.",Η πρωτεύουσα της Τουρκίας είναι η Άγκυρα.
518,Πες μου σύντομα για πρωτεύουσα Τουρκίας.,"Καλά, ας σκεφτούμε. Στοιχείο: Άγκυρα, όχι Κωνσταντινούπολη. Επομένως: Η πρωτεύουσα της Τουρκίας είναι η Άγκυρα. Ναι, βγαίνει.",Η πρωτεύουσα της Τουρκίας είναι η Άγκυρα.
519,Ποια είναι η πρωτεύουσα της Βραζιλίας?,"Χμμ, τι ξέρω γι' αυτό? Στοιχείο: Μπραζίλια, όχι Ρίο. Επομένως: Η πρωτεύουσα της Βραζιλίας είναι η Μπραζίλια. Βγάζει νόημα.",Η πρωτεύουσα της Βραζιλίας είναι η Μπραζίλια.
520,Πες μου σύντομα για πρωτεύουσα Βραζιλίας.,"Το βάζω σε τάξη. Στοιχείο: Μπραζίλια, όχι Ρίο. Άρα απάντηση: Η πρωτεύουσα της Βραζιλίας είναι η Μπραζίλια. Λογικό.",Η πρωτεύουσα της Βραζιλίας είναι η Μπραζίλια.
521,Ποια χρονιά ήταν η προσελήνωση?,"Οκ, βήμα-βήμα. Ιστορία: Απόλλων 11 το 1969. Άρα απάντηση: Η πρώτη προσελήνωση ήταν το 1969 με το Απόλλων 11. Τέλος σκέψης.",Η πρώτη προσελήνωση ήταν το 1969 με το Απόλλων 11.
522,Εξήγησε σύντομα: προσελήνωση.,"Καλή ερώτηση, σκέφτομαι γρήγορα. Ιστορία: Απόλλων 11 το 1969. Άρα απάντηση: Η πρώτη προσελήνωση ήταν το 1969 με το Απόλλων 11. Λογικό.",Η πρώτη προσελήνωση ήταν το 1969 με το Απόλλων 11.
523,Τι ξέρεις για προσελήνωση?,"Καλά, ας σκεφτούμε. Ιστορία: Απόλλων 11 το 1969. Άρα απάντηση: Η πρώτη προσελήνωση ήταν το 1969 με το Απόλλων 11. Βγάζει νόημα.",Η πρώτη προσελήνωση ήταν το 1969 με το Απόλλων 11.
524,Πότε ήταν ο Β' Παγκόσμιος Πόλεμος?,"Χμμ, τι ξέρω γι' αυτό? Περίοδος: 1939-1945. Άρα απάντηση: Ο Β' Παγκόσμιος Πόλεμος κράτησε από το 1939 ως το 1945. Είμαι σίγουρος.",Ο Β' Παγκόσμιος Πόλεμος κράτησε από το 1939 ως το 1945.
525,Εξήγησε σύντομα: Β' Παγκόσμιος Πόλεμος.,Το περνάω από το μυαλό. Περίοδος: 1939-1945. Επομένως: Ο Β' Παγκόσμιος Πόλεμος κράτησε από το 1939 ως το 1945. Βγάζει νόημα.,Ο Β' Παγκόσμιος Πόλεμος κράτησε από το 1939 ως το 1945.
526,Τι ξέρεις για Β' Παγκόσμιος Πόλεμος?,Το περνάω από το μυαλό. Περίοδος: 1939-1945. Επομένως: Ο Β' Παγκόσμιος Πόλεμος κράτησε από το 1939 ως το 1945. Τέλος σκέψης.,Ο Β' Παγκόσμιος Πόλεμος κράτησε από το 1939 ως το 1945.
527,Πότε ήταν ο Α' Παγκόσμιος Πόλεμος?,"Μισό λεπτό, σκέφτομαι. Περίοδος: 1914-1918. Επομένως: Ο Α' Παγκόσμιος Πόλεμος κράτησε από το 1914 ως το 1918. Λογικό.",Ο Α' Παγκόσμιος Πόλεμος κράτησε από το 1914 ως το 1918.
528,Εξήγησε σύντομα: Α' Παγκόσμιος Πόλεμος.,"Καλή ερώτηση, σκέφτομαι γρήγορα. Περίοδος: 1914-1918. Συμπέρασμα: Ο Α' Παγκόσμιος Πόλεμος κράτησε από το 1914 ως το 1918. Καλά, προχωράω.",Ο Α' Παγκόσμιος Πόλεμος κράτησε από το 1914 ως το 1918.
529,Τι ξέρεις για Α' Παγκόσμιος Πόλεμος?,"Χμμ, τι ξέρω γι' αυτό? Περίοδος: 1914-1918. Συμπέρασμα: Ο Α' Παγκόσμιος Πόλεμος κράτησε από το 1914 ως το 1918. Οκ, αποφασίστηκε.",Ο Α' Παγκόσμιος Πόλεμος κράτησε από το 1914 ως το 1918.
530,Τι ήταν το τείχος του Βερολίνου?,Πρώτα ήρεμα. Ιστορία: διαίρεση 1961-1989. Άρα απάντηση: Το τείχος του Βερολίνου ήταν το οχυρωμένο σύνορο μεταξύ Ανατολικού και Δυτικού Βερολίνου το 1961-1989. Όλα καθαρά στο μυαλό.,Το τείχος του Βερολίνου ήταν το οχυρωμένο σύνορο μεταξύ Ανατολικού και Δυτικού Βερολίνου το 1961-1989.
531,Εξήγησε σύντομα: τείχος Βερολίνου.,"Χμμ, τι ξέρω γι' αυτό? Ιστορία: διαίρεση 1961-1989. Συμπέρασμα: Το τείχος του Βερολίνου ήταν το οχυρωμένο σύνορο μεταξύ Ανατολικού και Δυτικού Βερολίνου το 1961-1989. Βγάζει νόημα.",Το τείχος του Βερολίνου ήταν το οχυρωμένο σύνορο μεταξύ Ανατολικού και Δυτικού Βερολίνου το 1961-1989.
532,Τι ξέρεις για τείχος Βερολίνου?,Πρώτα ήρεμα. Ιστορία: διαίρεση 1961-1989. Επομένως: Το τείχος του Βερολίνου ήταν το οχυρωμένο σύνορο μεταξύ Ανατολικού και Δυτικού Βερολίνου το 1961-1989. Είμαι σίγουρος.,Το τείχος του Βερολίνου ήταν το οχυρωμένο σύνορο μεταξύ Ανατολικού και Δυτικού Βερολίνου το 1961-1989.
533,Πότε έπεσε το τείχος του Βερολίνου?,"Καλά, ας σκεφτούμε. Στοιχείο: 9 Νοεμβρίου 1989. Επομένως: Το τείχος του Βερολίνου έπεσε στις 9 Νοεμβρίου 1989. Οκ, αποφασίστηκε.",Το τείχος του Βερολίνου έπεσε στις 9 Νοεμβρίου 1989.
534,Εξήγησε σύντομα: πτώση τείχους.,Το περνάω από το μυαλό. Στοιχείο: 9 Νοεμβρίου 1989. Άρα απάντηση: Το τείχος του Βερολίνου έπεσε στις 9 Νοεμβρίου 1989. Είμαι σίγουρος.,Το τείχος του Βερολίνου έπεσε στις 9 Νοεμβρίου 1989.
535,Τι ξέρεις για πτώση τείχους?,Το βάζω σε τάξη. Στοιχείο: 9 Νοεμβρίου 1989. Επομένως: Το τείχος του Βερολίνου έπεσε στις 9 Νοεμβρίου 1989. Βγάζει νόημα.,Το τείχος του Βερολίνου έπεσε στις 9 Νοεμβρίου 1989.
536,Ποιος εφηύρε το τηλέφωνο?,"Πρώτα ήρεμα. Ιστορία: Μπελ 1876, έργα Μεούτσι. Άρα απάντηση: Το τηλέφωνο κατοχυρώθηκε από τον Αλεξάντερ Γκράχαμ Μπελ το 1876, με τα έργα του Αντόνιο Μεούτσι. Οκ, αποφασίστηκε.","Το τηλέφωνο κατοχυρώθηκε από τον Αλεξάντερ Γκράχαμ Μπελ το 1876, με τα έργα του Αντόνιο Μεούτσι."
537,Εξήγησε σύντομα: τηλέφωνο.,"Χμμ, τι ξέρω γι' αυτό? Ιστορία: Μπελ 1876, έργα Μεούτσι. Άρα απάντηση: Το τηλέφωνο κατοχυρώθηκε από τον Αλεξάντερ Γκράχαμ Μπελ το 1876, με τα έργα του Αντόνιο Μεούτσι. Βγάζει νόημα.","Το τηλέφωνο κατοχυρώθηκε από τον Αλεξάντερ Γκράχαμ Μπελ το 1876, με τα έργα του Αντόνιο Μεούτσι."
538,Τι ξέρεις για τηλέφωνο?,"Καλά, ας σκεφτούμε. Ιστορία: Μπελ 1876, έργα Μεούτσι. Συμπέρασμα: Το τηλέφωνο κατοχυρώθηκε από τον Αλεξάντερ Γκράχαμ Μπελ το 1876, με τα έργα του Αντόνιο Μεούτσι. Τέλος σκέψης.","Το τηλέφωνο κατοχυρώθηκε από τον Αλεξάντερ Γκράχαμ Μπελ το 1876, με τα έργα του Αντόνιο Μεούτσι."
539,Ποιος ανέπτυξε τη σχετικότητα?,"Καλή ερώτηση, σκέφτομαι γρήγορα. Φυσική: Άλμπερτ Αϊνστάιν, 1905 και 1915. Άρα απάντηση: Τη σχετικότητα ανέπτυξε ο Άλμπερτ Αϊνστάιν. Όλα καθαρά στο μυαλό.",Τη σχετικότητα ανέπτυξε ο Άλμπερτ Αϊνστάιν.
540,Εξήγησε σύντομα: σχετικότητα.,"Μισό λεπτό, σκέφτομαι. Φυσική: Άλμπερτ Αϊνστάιν, 1905 και 1915. Επομένως: Τη σχετικότητα ανέπτυξε ο Άλμπερτ Αϊνστάιν. Καλά, προχωράω.",Τη σχετικότητα ανέπτυξε ο Άλμπερτ Αϊνστάιν.
541,Τι ξέρεις για σχετικότητα?,"Χμμ, τι ξέρω γι' αυτό? Φυσική: Άλμπερτ Αϊνστάιν, 1905 και 1915. Συμπέρασμα: Τη σχετικότητα ανέπτυξε ο Άλμπερτ Αϊνστάιν. Οκ, αποφασίστηκε.",Τη σχετικότητα ανέπτυξε ο Άλμπερτ Αϊνστάιν.
542,Τι είναι η δημοκρατία?,"Μισό λεπτό, σκέφτομαι. Ορισμός: εξουσία λαού, εκλογές, δικαιώματα. Άρα απάντηση: Δημοκρατία σημαίνει εξουσία του λαού, συνήθως με ελεύθερες εκλογές και βασικά δικαιώματα. Λογικό.","Δημοκρατία σημαίνει εξουσία του λαού, συνήθως με ελεύθερες εκλογές και βασικά δικαιώματα."
543,Εξήγησε σύντομα: δημοκρατία.,"Οκ, βήμα-βήμα. Ορισμός: εξουσία λαού, εκλογές, δικαιώματα. Συμπέρασμα: Δημοκρατία σημαίνει εξουσία του λαού, συνήθως με ελεύθερες εκλογές και βασικά δικαιώματα. Όλα καθαρά στο μυαλό.","Δημοκρατία σημαίνει εξουσία του λαού, συνήθως με ελεύθερες εκλογές και βασικά δικαιώματα."
544,Τι ξέρεις για δημοκρατία?,"Καλά, ας σκεφτούμε. Ορισμός: εξουσία λαού, εκλογές, δικαιώματα. Άρα απάντηση: Δημοκρατία σημαίνει εξουσία του λαού, συνήθως με ελεύθερες εκλογές και βασικά δικαιώματα. Βγάζει νόημα.","Δημοκρατία σημαίνει εξουσία του λαού, συνήθως με ελεύθερες εκλογές και βασικά δικαιώματα."
545,Τι είναι η ΕΕ?,"Το περνάω από το μυαλό. Ένωση ευρωπαϊκών κρατών, ενιαία αγορά. Συμπέρασμα: Η ΕΕ είναι ένωση ευρωπαϊκών κρατών με ενιαία αγορά και κοινούς θεσμούς. Βγάζει νόημα.",Η ΕΕ είναι ένωση ευρωπαϊκών κρατών με ενιαία αγορά και κοινούς θεσμούς.
546,Εξήγησε σύντομα: ΕΕ.,"Το περνάω από το μυαλό. Ένωση ευρωπαϊκών κρατών, ενιαία αγορά. Επομένως: Η ΕΕ είναι ένωση ευρωπαϊκών κρατών με ενιαία αγορά και κοινούς θεσμούς. Τέλος σκέψης.",Η ΕΕ είναι ένωση ευρωπαϊκών κρατών με ενιαία αγορά και κοινούς θεσμούς.
547,Τι ξέρεις για ΕΕ?,"Πρώτα ήρεμα. Ένωση ευρωπαϊκών κρατών, ενιαία αγορά. Άρα απάντηση: Η ΕΕ είναι ένωση ευρωπαϊκών κρατών με ενιαία αγορά και κοινούς θεσμούς. Βγάζει νόημα.",Η ΕΕ είναι ένωση ευρωπαϊκών κρατών με ενιαία αγορά και κοινούς θεσμούς.
548,Πόσες χώρες είναι στην ΕΕ?,"Μισό λεπτό, σκέφτομαι. Στοιχείο: 27 κράτη-μέλη. Συμπέρασμα: Η ΕΕ έχει 27 κράτη-μέλη. Τέλος σκέψης.",Η ΕΕ έχει 27 κράτη-μέλη.
549,Εξήγησε σύντομα: μέλη ΕΕ.,"Οκ, βήμα-βήμα. Στοιχείο: 27 κράτη-μέλη. Επομένως: Η ΕΕ έχει 27 κράτη-μέλη. Τέλος σκέψης.",Η ΕΕ έχει 27 κράτη-μέλη.
550,Τι ξέρεις για μέλη ΕΕ?,"Οκ, βήμα-βήμα. Στοιχείο: 27 κράτη-μέλη. Άρα απάντηση: Η ΕΕ έχει 27 κράτη-μέλη. Βγάζει νόημα.",Η ΕΕ έχει 27 κράτη-μέλη.
551,Τι είναι ο γερμανικός Θεμελιώδης Νόμος?,"Καλά, ας σκεφτούμε. Σύνταγμα από το 1949. Επομένως: Ο Θεμελιώδης Νόμος είναι το σύνταγμα της Γερμανίας, σε ισχύ από το 1949. Είμαι σίγουρος.","Ο Θεμελιώδης Νόμος είναι το σύνταγμα της Γερμανίας, σε ισχύ από το 1949."
552,Εξήγησε σύντομα: Θεμελιώδης Νόμος.,"Το περνάω από το μυαλό. Σύνταγμα από το 1949. Συμπέρασμα: Ο Θεμελιώδης Νόμος είναι το σύνταγμα της Γερμανίας, σε ισχύ από το 1949. Βγάζει νόημα.","Ο Θεμελιώδης Νόμος είναι το σύνταγμα της Γερμανίας, σε ισχύ από το 1949."
553,Τι ξέρεις για Θεμελιώδης Νόμος?,"Το βάζω σε τάξη. Σύνταγμα από το 1949. Άρα απάντηση: Ο Θεμελιώδης Νόμος είναι το σύνταγμα της Γερμανίας, σε ισχύ από το 1949. Τέλος σκέψης.","Ο Θεμελιώδης Νόμος είναι το σύνταγμα της Γερμανίας, σε ισχύ από το 1949."
554,Ποια χρονιά επανενώθηκε η Γερμανία?,"Καλά, ας σκεφτούμε. Στοιχείο: 1990. Συμπέρασμα: Η Γερμανία επανενώθηκε το 1990. Είμαι σίγουρος.",Η Γερμανία επανενώθηκε το 1990.
555,Εξήγησε σύντομα: επανένωση.,"Οκ, βήμα-βήμα. Στοιχείο: 1990. Συμπέρασμα: Η Γερμανία επανενώθηκε το 1990. Οκ, αποφασίστηκε.",Η Γερμανία επανενώθηκε το 1990.
556,Τι ξέρεις για επανένωση?,"Οκ, βήμα-βήμα. Στοιχείο: 1990. Συμπέρασμα: Η Γερμανία επανενώθηκε το 1990. Όλα καθαρά στο μυαλό.",Η Γερμανία επανενώθηκε το 1990.
557,Τι ήταν ο Μεσαίωνας?,"Οκ, βήμα-βήμα. Εποχή: περίπου 500-1500. Επομένως: Ο Μεσαίωνας ήταν η εποχή περίπου 500-1500, μεταξύ αρχαιότητας και νεωτερικότητας. Λογικό.","Ο Μεσαίωνας ήταν η εποχή περίπου 500-1500, μεταξύ αρχαιότητας και νεωτερικότητας."
558,Εξήγησε σύντομα: Μεσαίωνας.,"Χμμ, τι ξέρω γι' αυτό? Εποχή: περίπου 500-1500. Άρα απάντηση: Ο Μεσαίωνας ήταν η εποχή περίπου 500-1500, μεταξύ αρχαιότητας και νεωτερικότητας. Ναι, βγαίνει.","Ο Μεσαίωνας ήταν η εποχή περίπου 500-1500, μεταξύ αρχαιότητας και νεωτερικότητας."
559,Τι ξέρεις για Μεσαίωνας?,"Καλά, ας σκεφτούμε. Εποχή: περίπου 500-1500. Επομένως: Ο Μεσαίωνας ήταν η εποχή περίπου 500-1500, μεταξύ αρχαιότητας και νεωτερικότητας. Οκ, αποφασίστηκε.","Ο Μεσαίωνας ήταν η εποχή περίπου 500-1500, μεταξύ αρχαιότητας και νεωτερικότητας."
560,Ποιος ήταν ο Λεονάρντο ντα Βίντσι?,"Οκ, βήμα-βήμα. Ιταλός καλλιτέχνης και εφευρέτης, Μόνα Λίζα. Επομένως: Ο Λεονάρντο ντα Βίντσι ήταν Ιταλός καλλιτέχνης και εφευρέτης, διάσημος για τη Μόνα Λίζα. Όλα καθαρά στο μυαλό.","Ο Λεονάρντο ντα Βίντσι ήταν Ιταλός καλλιτέχνης και εφευρέτης, διάσημος για τη Μόνα Λίζα."
561,Εξήγησε σύντομα: Ντα Βίντσι.,"Το βάζω σε τάξη. Ιταλός καλλιτέχνης και εφευρέτης, Μόνα Λίζα. Άρα απάντηση: Ο Λεονάρντο ντα Βίντσι ήταν Ιταλός καλλιτέχνης και εφευρέτης, διάσημος για τη Μόνα Λίζα. Οκ, αποφασίστηκε.","Ο Λεονάρντο ντα Βίντσι ήταν Ιταλός καλλιτέχνης και εφευρέτης, διάσημος για τη Μόνα Λίζα."
562,Τι ξέρεις για Ντα Βίντσι?,"Οκ, βήμα-βήμα. Ιταλός καλλιτέχνης και εφευρέτης, Μόνα Λίζα. Άρα απάντηση: Ο Λεονάρντο ντα Βίντσι ήταν Ιταλός καλλιτέχνης και εφευρέτης, διάσημος για τη Μόνα Λίζα. Καλά, προχωράω.","Ο Λεονάρντο ντα Βίντσι ήταν Ιταλός καλλιτέχνης και εφευρέτης, διάσημος για τη Μόνα Λίζα."
563,Ποια ήταν η Μαρί Κιουρί?,"Οκ, βήμα-βήμα. Φυσικός, ραδιενέργεια, δύο Νόμπελ. Συμπέρασμα: Η Μαρί Κιουρί μελέτησε τη ραδιενέργεια και κέρδισε δύο Νόμπελ. Βγάζει νόημα.",Η Μαρί Κιουρί μελέτησε τη ραδιενέργεια και κέρδισε δύο Νόμπελ.
564,Εξήγησε σύντομα: Μαρί Κιουρί.,"Πρώτα ήρεμα. Φυσικός, ραδιενέργεια, δύο Νόμπελ. Συμπέρασμα: Η Μαρί Κιουρί μελέτησε τη ραδιενέργεια και κέρδισε δύο Νόμπελ. Βγάζει νόημα.",Η Μαρί Κιουρί μελέτησε τη ραδιενέργεια και κέρδισε δύο Νόμπελ.
565,Τι ξέρεις για Μαρί Κιουρί?,"Μισό λεπτό, σκέφτομαι. Φυσικός, ραδιενέργεια, δύο Νόμπελ. Επομένως: Η Μαρί Κιουρί μελέτησε τη ραδιενέργεια και κέρδισε δύο Νόμπελ. Είμαι σίγουρος.",Η Μαρί Κιουρί μελέτησε τη ραδιενέργεια και κέρδισε δύο Νόμπελ.
566,Τι ήταν η Γαλλική Επανάσταση?,"Το περνάω από το μυαλό. Από το 1789, ελευθερία ισότητα αδελφότητα. Επομένως: Η Γαλλική Επανάσταση από το 1789 ανέτρεψε τη μοναρχία υπό ελευθερία, ισότητα, αδελφότητα. Όλα καθαρά στο μυαλό.","Η Γαλλική Επανάσταση από το 1789 ανέτρεψε τη μοναρχία υπό ελευθερία, ισότητα, αδελφότητα."
567,Εξήγησε σύντομα: Γαλλική Επανάσταση.,"Οκ, βήμα-βήμα. Από το 1789, ελευθερία ισότητα αδελφότητα. Συμπέρασμα: Η Γαλλική Επανάσταση από το 1789 ανέτρεψε τη μοναρχία υπό ελευθερία, ισότητα, αδελφότητα. Καλά, προχωράω.","Η Γαλλική Επανάσταση από το 1789 ανέτρεψε τη μοναρχία υπό ελευθερία, ισότητα, αδελφότητα."
568,Τι ξέρεις για Γαλλική Επανάσταση?,"Το περνάω από το μυαλό. Από το 1789, ελευθερία ισότητα αδελφότητα. Συμπέρασμα: Η Γαλλική Επανάσταση από το 1789 ανέτρεψε τη μοναρχία υπό ελευθερία, ισότητα, αδελφότητα. Λογικό.","Η Γαλλική Επανάσταση από το 1789 ανέτρεψε τη μοναρχία υπό ελευθερία, ισότητα, αδελφότητα."
569,Τι είναι τα ανθρώπινα δικαιώματα?,"Καλά, ας σκεφτούμε. Καθολικά βασικά δικαιώματα. Επομένως: Τα ανθρώπινα δικαιώματα είναι βασικά δικαιώματα του καθενός, όπως ζωή, ελευθερία και ισότητα. Είμαι σίγουρος.","Τα ανθρώπινα δικαιώματα είναι βασικά δικαιώματα του καθενός, όπως ζωή, ελευθερία και ισότητα."
570,Εξήγησε σύντομα: ανθρώπινα δικαιώματα.,"Πρώτα ήρεμα. Καθολικά βασικά δικαιώματα. Άρα απάντηση: Τα ανθρώπινα δικαιώματα είναι βασικά δικαιώματα του καθενός, όπως ζωή, ελευθερία και ισότητα. Όλα καθαρά στο μυαλό.","Τα ανθρώπινα δικαιώματα είναι βασικά δικαιώματα του καθενός, όπως ζωή, ελευθερία και ισότητα."
571,Τι ξέρεις για ανθρώπινα δικαιώματα?,"Μισό λεπτό, σκέφτομαι. Καθολικά βασικά δικαιώματα. Συμπέρασμα: Τα ανθρώπινα δικαιώματα είναι βασικά δικαιώματα του καθενός, όπως ζωή, ελευθερία και ισότητα. Τέλος σκέψης.","Τα ανθρώπινα δικαιώματα είναι βασικά δικαιώματα του καθενός, όπως ζωή, ελευθερία και ισότητα."
572,Τι είναι ο πληθωρισμός?,"Πρώτα ήρεμα. Οικονομία: το χρήμα χάνει αξία, οι τιμές ανεβαίνουν. Άρα απάντηση: Πληθωρισμός σημαίνει ότι οι τιμές ανεβαίνουν και το χρήμα χάνει αξία. Καλά, προχωράω.",Πληθωρισμός σημαίνει ότι οι τιμές ανεβαίνουν και το χρήμα χάνει αξία.
573,Εξήγησε σύντομα: πληθωρισμός.,"Μισό λεπτό, σκέφτομαι. Οικονομία: το χρήμα χάνει αξία, οι τιμές ανεβαίνουν. Συμπέρασμα: Πληθωρισμός σημαίνει ότι οι τιμές ανεβαίνουν και το χρήμα χάνει αξία. Ναι, βγαίνει.",Πληθωρισμός σημαίνει ότι οι τιμές ανεβαίνουν και το χρήμα χάνει αξία.
574,Τι ξέρεις για πληθωρισμός?,"Το βάζω σε τάξη. Οικονομία: το χρήμα χάνει αξία, οι τιμές ανεβαίνουν. Επομένως: Πληθωρισμός σημαίνει ότι οι τιμές ανεβαίνουν και το χρήμα χάνει αξία. Καλά, προχωράω.",Πληθωρισμός σημαίνει ότι οι τιμές ανεβαίνουν και το χρήμα χάνει αξία.
575,Τι ήταν η βιομηχανοποίηση?,Πρώτα ήρεμα. Μηχανές και εργοστάσια από τον 18ο αιώνα. Επομένως: Η βιομηχανοποίηση ήταν η μετάβαση σε μηχανές και εργοστάσια από τον 18ο αιώνα. Όλα καθαρά στο μυαλό.,Η βιομηχανοποίηση ήταν η μετάβαση σε μηχανές και εργοστάσια από τον 18ο αιώνα.
576,Εξήγησε σύντομα: βιομηχανοποίηση.,"Μισό λεπτό, σκέφτομαι. Μηχανές και εργοστάσια από τον 18ο αιώνα. Άρα απάντηση: Η βιομηχανοποίηση ήταν η μετάβαση σε μηχανές και εργοστάσια από τον 18ο αιώνα. Βγάζει νόημα.",Η βιομηχανοποίηση ήταν η μετάβαση σε μηχανές και εργοστάσια από τον 18ο αιώνα.
577,Τι ξέρεις για βιομηχανοποίηση?,Το βάζω σε τάξη. Μηχανές και εργοστάσια από τον 18ο αιώνα. Άρα απάντηση: Η βιομηχανοποίηση ήταν η μετάβαση σε μηχανές και εργοστάσια από τον 18ο αιώνα. Λογικό.,Η βιομηχανοποίηση ήταν η μετάβαση σε μηχανές και εργοστάσια από τον 18ο αιώνα.
578,Πότε εφευρέθηκε το ίντερνετ?,"Το περνάω από το μυαλό. ARPANET 1969, Web 1989. Άρα απάντηση: Οι βάσεις είναι το ARPANET το 1969, το Web από το 1989. Λογικό.","Οι βάσεις είναι το ARPANET το 1969, το Web από το 1989."
579,Εξήγησε σύντομα: ίντερνετ.,"Οκ, βήμα-βήμα. ARPANET 1969, Web 1989. Συμπέρασμα: Οι βάσεις είναι το ARPANET το 1969, το Web από το 1989. Είμαι σίγουρος.","Οι βάσεις είναι το ARPANET το 1969, το Web από το 1989."
580,Τι ξέρεις για ίντερνετ?,"Πρώτα ήρεμα. ARPANET 1969, Web 1989. Συμπέρασμα: Οι βάσεις είναι το ARPANET το 1969, το Web από το 1989. Ναι, βγαίνει.","Οι βάσεις είναι το ARPANET το 1969, το Web από το 1989."
581,Πότε εφευρέθηκε το αυτοκίνητο?,"Μισό λεπτό, σκέφτομαι. Μπεντς 1886. Επομένως: Το αυτοκίνητο εφηύρε ο Καρλ Μπεντς με το όχημα του 1886. Όλα καθαρά στο μυαλό.",Το αυτοκίνητο εφηύρε ο Καρλ Μπεντς με το όχημα του 1886.
582,Εξήγησε σύντομα: αυτοκίνητο.,"Χμμ, τι ξέρω γι' αυτό? Μπεντς 1886. Συμπέρασμα: Το αυτοκίνητο εφηύρε ο Καρλ Μπεντς με το όχημα του 1886. Τέλος σκέψης.",Το αυτοκίνητο εφηύρε ο Καρλ Μπεντς με το όχημα του 1886.
583,Τι ξέρεις για αυτοκίνητο?,"Οκ, βήμα-βήμα. Μπεντς 1886. Άρα απάντηση: Το αυτοκίνητο εφηύρε ο Καρλ Μπεντς με το όχημα του 1886. Ναι, βγαίνει.",Το αυτοκίνητο εφηύρε ο Καρλ Μπεντς με το όχημα του 1886.
584,Ποιος εφηύρε το αεροπλάνο?,"Πρώτα ήρεμα. Αδέλφια Ράιτ, πτήση 1903. Επομένως: Την πρώτη μηχανοκίνητη πτήση έκαναν οι αδελφοί Ράιτ το 1903. Ναι, βγαίνει.",Την πρώτη μηχανοκίνητη πτήση έκαναν οι αδελφοί Ράιτ το 1903.
585,Εξήγησε σύντομα: αεροπλάνο.,"Οκ, βήμα-βήμα. Αδέλφια Ράιτ, πτήση 1903. Συμπέρασμα: Την πρώτη μηχανοκίνητη πτήση έκαναν οι αδελφοί Ράιτ το 1903. Όλα καθαρά στο μυαλό.",Την πρώτη μηχανοκίνητη πτήση έκαναν οι αδελφοί Ράιτ το 1903.
586,Τι ξέρεις για αεροπλάνο?,"Χμμ, τι ξέρω γι' αυτό? Αδέλφια Ράιτ, πτήση 1903. Συμπέρασμα: Την πρώτη μηχανοκίνητη πτήση έκαναν οι αδελφοί Ράιτ το 1903. Βγάζει νόημα.",Την πρώτη μηχανοκίνητη πτήση έκαναν οι αδελφοί Ράιτ το 1903.
587,Από ποια ηλικία ψηφίζουν στη Γερμανία?,"Μισό λεπτό, σκέφτομαι. Μπούντεσταγκ από 18, ευρωεκλογές από 16. Συμπέρασμα: Για τη Μπούντεσταγκ από 18 ετών. Στις ευρωεκλογές στη Γερμανία από 16. Είμαι σίγουρος.",Για τη Μπούντεσταγκ από 18 ετών. Στις ευρωεκλογές στη Γερμανία από 16.
588,Εξήγησε σύντομα: ηλικία ψήφου.,"Καλή ερώτηση, σκέφτομαι γρήγορα. Μπούντεσταγκ από 18, ευρωεκλογές από 16. Επομένως: Για τη Μπούντεσταγκ από 18 ετών. Στις ευρωεκλογές στη Γερμανία από 16. Καλά, προχωράω.",Για τη Μπούντεσταγκ από 18 ετών. Στις ευρωεκλογές στη Γερμανία από 16.
589,Τι ξέρεις για ηλικία ψήφου?,"Καλά, ας σκεφτούμε. Μπούντεσταγκ από 18, ευρωεκλογές από 16. Επομένως: Για τη Μπούντεσταγκ από 18 ετών. Στις ευρωεκλογές στη Γερμανία από 16. Βγάζει νόημα.",Για τη Μπούντεσταγκ από 18 ετών. Στις ευρωεκλογές στη Γερμανία από 16.
590,"Πώς δουλεύουν οι εκλογές, απλά?","Οκ, βήμα-βήμα. Ψηφοφόροι ψηφίζουν, καταμέτρηση, έδρες. Επομένως: Οι ψηφοφόροι ψηφίζουν, οι ψήφοι μετριούνται και οι έδρες μοιράζονται κατά το αποτέλεσμα. Οκ, αποφασίστηκε.","Οι ψηφοφόροι ψηφίζουν, οι ψήφοι μετριούνται και οι έδρες μοιράζονται κατά το αποτέλεσμα."
591,Εξήγησε σύντομα: εκλογές.,"Χμμ, τι ξέρω γι' αυτό? Ψηφοφόροι ψηφίζουν, καταμέτρηση, έδρες. Συμπέρασμα: Οι ψηφοφόροι ψηφίζουν, οι ψήφοι μετριούνται και οι έδρες μοιράζονται κατά το αποτέλεσμα. Όλα καθαρά στο μυαλό.","Οι ψηφοφόροι ψηφίζουν, οι ψήφοι μετριούνται και οι έδρες μοιράζονται κατά το αποτέλεσμα."
592,Τι ξέρεις για εκλογές?,"Οκ, βήμα-βήμα. Ψηφοφόροι ψηφίζουν, καταμέτρηση, έδρες. Άρα απάντηση: Οι ψηφοφόροι ψηφίζουν, οι ψήφοι μετριούνται και οι έδρες μοιράζονται κατά το αποτέλεσμα. Οκ, αποφασίστηκε.","Οι ψηφοφόροι ψηφίζουν, οι ψήφοι μετριούνται και οι έδρες μοιράζονται κατά το αποτέλεσμα."
593,Ποια διαφορά μεταξύ δικτατορίας και δημοκρατίας?,"Καλά, ας σκεφτούμε. Μονοκρατορία κατά εξουσίας λαού. Επομένως: Στη δικτατορία ένα άτομο ή ομάδα κυβερνά χωρίς ελεύθερες εκλογές· στη δημοκρατία η εξουσία έρχεται από το λαό. Είμαι σίγουρος.",Στη δικτατορία ένα άτομο ή ομάδα κυβερνά χωρίς ελεύθερες εκλογές· στη δημοκρατία η εξουσία έρχεται από το λαό.
594,Εξήγησε σύντομα: δικτατορία και δημοκρατία.,"Καλά, ας σκεφτούμε. Μονοκρατορία κατά εξουσίας λαού. Επομένως: Στη δικτατορία ένα άτομο ή ομάδα κυβερνά χωρίς ελεύθερες εκλογές· στη δημοκρατία η εξουσία έρχεται από το λαό. Είμαι σίγουρος.",Στη δικτατορία ένα άτομο ή ομάδα κυβερνά χωρίς ελεύθερες εκλογές· στη δημοκρατία η εξουσία έρχεται από το λαό.
595,Τι ξέρεις για δικτατορία και δημοκρατία?,"Το βάζω σε τάξη. Μονοκρατορία κατά εξουσίας λαού. Συμπέρασμα: Στη δικτατορία ένα άτομο ή ομάδα κυβερνά χωρίς ελεύθερες εκλογές· στη δημοκρατία η εξουσία έρχεται από το λαό. Οκ, αποφασίστηκε.",Στη δικτατορία ένα άτομο ή ομάδα κυβερνά χωρίς ελεύθερες εκλογές· στη δημοκρατία η εξουσία έρχεται από το λαό.
596,Τι σημαίνει βιωσιμότητα?,"Το βάζω σε τάξη. Πόροι για τις επόμενες γενιές. Επομένως: Βιωσιμότητα σημαίνει να ζούμε ώστε και οι επόμενες γενιές να έχουν πόρους. Ναι, βγαίνει.",Βιωσιμότητα σημαίνει να ζούμε ώστε και οι επόμενες γενιές να έχουν πόρους.
597,Εξήγησε σύντομα: βιωσιμότητα.,"Καλά, ας σκεφτούμε. Πόροι για τις επόμενες γενιές. Επομένως: Βιωσιμότητα σημαίνει να ζούμε ώστε και οι επόμενες γενιές να έχουν πόρους. Όλα καθαρά στο μυαλό.",Βιωσιμότητα σημαίνει να ζούμε ώστε και οι επόμενες γενιές να έχουν πόρους.
598,Τι ξέρεις για βιωσιμότητα?,"Το περνάω από το μυαλό. Πόροι για τις επόμενες γενιές. Άρα απάντηση: Βιωσιμότητα σημαίνει να ζούμε ώστε και οι επόμενες γενιές να έχουν πόρους. Καλά, προχωράω.",Βιωσιμότητα σημαίνει να ζούμε ώστε και οι επόμενες γενιές να έχουν πόρους.
599,Τι είναι ο εκφοβισμός και τι κάνουμε?,"Το περνάω από το μυαλό. Επαναλαμβανόμενος· βοήθεια, αποδείξεις. Συμπέρασμα: Ο εκφοβισμός είναι επαναλαμβανόμενη παρενόχληση. Μίλα με έμπιστα άτομα, κράτα αποδείξεις, ζήτα βοήθεια. Ναι, βγαίνει.","Ο εκφοβισμός είναι επαναλαμβανόμενη παρενόχληση. Μίλα με έμπιστα άτομα, κράτα αποδείξεις, ζήτα βοήθεια."
600,Εξήγησε σύντομα: εκφοβισμός.,"Το περνάω από το μυαλό. Επαναλαμβανόμενος· βοήθεια, αποδείξεις. Άρα απάντηση: Ο εκφοβισμός είναι επαναλαμβανόμενη παρενόχληση. Μίλα με έμπιστα άτομα, κράτα αποδείξεις, ζήτα βοήθεια. Καλά, προχωράω.","Ο εκφοβισμός είναι επαναλαμβανόμενη παρενόχληση. Μίλα με έμπιστα άτομα, κράτα αποδείξεις, ζήτα βοήθεια."
601,Τι ξέρεις για εκφοβισμός?,"Πρώτα ήρεμα. Επαναλαμβανόμενος· βοήθεια, αποδείξεις. Άρα απάντηση: Ο εκφοβισμός είναι επαναλαμβανόμενη παρενόχληση. Μίλα με έμπιστα άτομα, κράτα αποδείξεις, ζήτα βοήθεια. Όλα καθαρά στο μυαλό.","Ο εκφοβισμός είναι επαναλαμβανόμενη παρενόχληση. Μίλα με έμπιστα άτομα, κράτα αποδείξεις, ζήτα βοήθεια."
602,Τι σημαίνει ειρήνη?,Το βάζω σε τάξη. Ζωή χωρίς πόλεμο και βία. Επομένως: Ειρήνη σημαίνει να ζούμε μαζί χωρίς πόλεμο και βία. Είμαι σίγουρος.,Ειρήνη σημαίνει να ζούμε μαζί χωρίς πόλεμο και βία.
603,Εξήγησε σύντομα: ειρήνη.,"Καλά, ας σκεφτούμε. Ζωή χωρίς πόλεμο και βία. Συμπέρασμα: Ειρήνη σημαίνει να ζούμε μαζί χωρίς πόλεμο και βία. Βγάζει νόημα.",Ειρήνη σημαίνει να ζούμε μαζί χωρίς πόλεμο και βία.
604,Τι ξέρεις για ειρήνη?,"Οκ, βήμα-βήμα. Ζωή χωρίς πόλεμο και βία. Επομένως: Ειρήνη σημαίνει να ζούμε μαζί χωρίς πόλεμο και βία. Καλά, προχωράω.",Ειρήνη σημαίνει να ζούμε μαζί χωρίς πόλεμο και βία.
605,Τι σημαίνει ελευθερία?,"Μισό λεπτό, σκέφτομαι. Να ζεις ελεύθερα χωρίς να βλάπτεις άλλους. Συμπέρασμα: Ελευθερία σημαίνει να ζεις ελεύθερα χωρίς να βλάπτεις άλλους. Οκ, αποφασίστηκε.",Ελευθερία σημαίνει να ζεις ελεύθερα χωρίς να βλάπτεις άλλους.
606,Εξήγησε σύντομα: ελευθερία.,"Οκ, βήμα-βήμα. Να ζεις ελεύθερα χωρίς να βλάπτεις άλλους. Άρα απάντηση: Ελευθερία σημαίνει να ζεις ελεύθερα χωρίς να βλάπτεις άλλους. Ναι, βγαίνει.",Ελευθερία σημαίνει να ζεις ελεύθερα χωρίς να βλάπτεις άλλους.
607,Τι ξέρεις για ελευθερία?,"Οκ, βήμα-βήμα. Να ζεις ελεύθερα χωρίς να βλάπτεις άλλους. Επομένως: Ελευθερία σημαίνει να ζεις ελεύθερα χωρίς να βλάπτεις άλλους. Τέλος σκέψης.",Ελευθερία σημαίνει να ζεις ελεύθερα χωρίς να βλάπτεις άλλους.
608,Τι σημαίνει δικαιοσύνη?,"Μισό λεπτό, σκέφτομαι. Δίκαιη και ίση μεταχείριση για όλους. Επομένως: Δικαιοσύνη σημαίνει δίκαιη και ίση μεταχείριση για τον καθένα. Ναι, βγαίνει.",Δικαιοσύνη σημαίνει δίκαιη και ίση μεταχείριση για τον καθένα.
609,Εξήγησε σύντομα: δικαιοσύνη.,"Πρώτα ήρεμα. Δίκαιη και ίση μεταχείριση για όλους. Άρα απάντηση: Δικαιοσύνη σημαίνει δίκαιη και ίση μεταχείριση για τον καθένα. Καλά, προχωράω.",Δικαιοσύνη σημαίνει δίκαιη και ίση μεταχείριση για τον καθένα.
610,Τι ξέρεις για δικαιοσύνη?,Πρώτα ήρεμα. Δίκαιη και ίση μεταχείριση για όλους. Συμπέρασμα: Δικαιοσύνη σημαίνει δίκαιη και ίση μεταχείριση για τον καθένα. Τέλος σκέψης.,Δικαιοσύνη σημαίνει δίκαιη και ίση μεταχείριση για τον καθένα.
611,Γιατί ο ουρανός είναι μπλε?,"Το περνάω από το μυαλό. Σκέδαση Ράλεϊ σκορπά το μπλε. Συμπέρασμα: Ο ουρανός είναι μπλε λόγω σκέδασης Ράλεϊ: το μπλε φως σκορπά περισσότερο από το κόκκινο. Ναι, βγαίνει.",Ο ουρανός είναι μπλε λόγω σκέδασης Ράλεϊ: το μπλε φως σκορπά περισσότερο από το κόκκινο.
612,Εξήγησε μπλε ουρανός σε μία πρόταση.,"Χμμ, τι ξέρω γι' αυτό? Σκέδαση Ράλεϊ σκορπά το μπλε. Συμπέρασμα: Ο ουρανός είναι μπλε λόγω σκέδασης Ράλεϊ: το μπλε φως σκορπά περισσότερο από το κόκκινο. Είμαι σίγουρος.",Ο ουρανός είναι μπλε λόγω σκέδασης Ράλεϊ: το μπλε φως σκορπά περισσότερο από το κόκκινο.
613,Τι είναι μπλε ουρανός; (σύντομα),Το βάζω σε τάξη. Σκέδαση Ράλεϊ σκορπά το μπλε. Επομένως: Ο ουρανός είναι μπλε λόγω σκέδασης Ράλεϊ: το μπλε φως σκορπά περισσότερο από το κόκκινο. Τέλος σκέψης.,Ο ουρανός είναι μπλε λόγω σκέδασης Ράλεϊ: το μπλε φως σκορπά περισσότερο από το κόκκινο.
614,Πώς σχηματίζεται η βροχή?,"Οκ, βήμα-βήμα. Κύκλος: εξάτμιση, συμπύκνωση, κατακρήμνιση. Επομένως: Η βροχή γεννιέται με εξάτμιση: το νερό ανεβαίνει, κρυώνει, κάνει σύννεφα και πέφτει ως σταγόνες. Καλά, προχωράω.","Η βροχή γεννιέται με εξάτμιση: το νερό ανεβαίνει, κρυώνει, κάνει σύννεφα και πέφτει ως σταγόνες."
615,Εξήγησε βροχή σε μία πρόταση.,"Μισό λεπτό, σκέφτομαι. Κύκλος: εξάτμιση, συμπύκνωση, κατακρήμνιση. Άρα απάντηση: Η βροχή γεννιέται με εξάτμιση: το νερό ανεβαίνει, κρυώνει, κάνει σύννεφα και πέφτει ως σταγόνες. Βγάζει νόημα.","Η βροχή γεννιέται με εξάτμιση: το νερό ανεβαίνει, κρυώνει, κάνει σύννεφα και πέφτει ως σταγόνες."
616,Τι είναι βροχή; (σύντομα),"Το περνάω από το μυαλό. Κύκλος: εξάτμιση, συμπύκνωση, κατακρήμνιση. Επομένως: Η βροχή γεννιέται με εξάτμιση: το νερό ανεβαίνει, κρυώνει, κάνει σύννεφα και πέφτει ως σταγόνες. Καλά, προχωράω.","Η βροχή γεννιέται με εξάτμιση: το νερό ανεβαίνει, κρυώνει, κάνει σύννεφα και πέφτει ως σταγόνες."
617,Τι είναι η φωτοσύνθεση?,"Καλή ερώτηση, σκέφτομαι γρήγορα. Φυτά: φως, νερό, CO2 σε ζάχαρη και οξυγόνο. Επομένως: Η φωτοσύνθεση φτιάχνει ζάχαρη και οξυγόνο από φως, νερό και CO2. Είμαι σίγουρος.","Η φωτοσύνθεση φτιάχνει ζάχαρη και οξυγόνο από φως, νερό και CO2."
618,Εξήγησε φωτοσύνθεση σε μία πρόταση.,"Μισό λεπτό, σκέφτομαι. Φυτά: φως, νερό, CO2 σε ζάχαρη και οξυγόνο. Επομένως: Η φωτοσύνθεση φτιάχνει ζάχαρη και οξυγόνο από φως, νερό και CO2. Λογικό.","Η φωτοσύνθεση φτιάχνει ζάχαρη και οξυγόνο από φως, νερό και CO2."
619,Τι είναι φωτοσύνθεση; (σύντομα),"Οκ, βήμα-βήμα. Φυτά: φως, νερό, CO2 σε ζάχαρη και οξυγόνο. Συμπέρασμα: Η φωτοσύνθεση φτιάχνει ζάχαρη και οξυγόνο από φως, νερό και CO2. Ναι, βγαίνει.","Η φωτοσύνθεση φτιάχνει ζάχαρη και οξυγόνο από φως, νερό και CO2."
620,Ποια διαφορά μεταξύ καιρού και κλίματος?,"Μισό λεπτό, σκέφτομαι. Καιρός σύντομα, κλίμα μέσος 30 ετών. Άρα απάντηση: Ο καιρός είναι η σύντομη κατάσταση· το κλίμα ο μέσος περίπου 30 ετών. Οκ, αποφασίστηκε.",Ο καιρός είναι η σύντομη κατάσταση· το κλίμα ο μέσος περίπου 30 ετών.
621,Εξήγησε καιρός και κλίμα σε μία πρόταση.,"Καλά, ας σκεφτούμε. Καιρός σύντομα, κλίμα μέσος 30 ετών. Επομένως: Ο καιρός είναι η σύντομη κατάσταση· το κλίμα ο μέσος περίπου 30 ετών. Ναι, βγαίνει.",Ο καιρός είναι η σύντομη κατάσταση· το κλίμα ο μέσος περίπου 30 ετών.
622,Τι είναι καιρός και κλίμα; (σύντομα),"Οκ, βήμα-βήμα. Καιρός σύντομα, κλίμα μέσος 30 ετών. Επομένως: Ο καιρός είναι η σύντομη κατάσταση· το κλίμα ο μέσος περίπου 30 ετών. Οκ, αποφασίστηκε.",Ο καιρός είναι η σύντομη κατάσταση· το κλίμα ο μέσος περίπου 30 ετών.
623,"Πώς δουλεύει ένα ψυγείο, χοντρικά?","Μισό λεπτό, σκέφτομαι. Ψυκτικό, θερμότητα μέσα προς έξω. Άρα απάντηση: Ένα ψυγείο αντλεί θερμότητα από μέσα προς τα έξω με ψυκτικό: εξατμίζεται μέσα, παίρνει θερμότητα, τη δίνει έξω. Ναι, βγαίνει.","Ένα ψυγείο αντλεί θερμότητα από μέσα προς τα έξω με ψυκτικό: εξατμίζεται μέσα, παίρνει θερμότητα, τη δίνει έξω."
624,Εξήγησε ψυγείο σε μία πρόταση.,"Καλά, ας σκεφτούμε. Ψυκτικό, θερμότητα μέσα προς έξω. Άρα απάντηση: Ένα ψυγείο αντλεί θερμότητα από μέσα προς τα έξω με ψυκτικό: εξατμίζεται μέσα, παίρνει θερμότητα, τη δίνει έξω. Όλα καθαρά στο μυαλό.","Ένα ψυγείο αντλεί θερμότητα από μέσα προς τα έξω με ψυκτικό: εξατμίζεται μέσα, παίρνει θερμότητα, τη δίνει έξω."
625,Τι είναι ψυγείο; (σύντομα),"Το βάζω σε τάξη. Ψυκτικό, θερμότητα μέσα προς έξω. Συμπέρασμα: Ένα ψυγείο αντλεί θερμότητα από μέσα προς τα έξω με ψυκτικό: εξατμίζεται μέσα, παίρνει θερμότητα, τη δίνει έξω. Τέλος σκέψης.","Ένα ψυγείο αντλεί θερμότητα από μέσα προς τα έξω με ψυκτικό: εξατμίζεται μέσα, παίρνει θερμότητα, τη δίνει έξω."
626,"Τι είναι ο ηλεκτρισμός, απλά?","Καλά, ας σκεφτούμε. Κατευθυνόμενη κίνηση ηλεκτρονίων. Επομένως: Ο ηλεκτρισμός είναι απλά η κατευθυνόμενη κίνηση φορτίων, συνήθως ηλεκτρονίων σε σύρμα. Οκ, αποφασίστηκε.","Ο ηλεκτρισμός είναι απλά η κατευθυνόμενη κίνηση φορτίων, συνήθως ηλεκτρονίων σε σύρμα."
627,Εξήγησε ηλεκτρισμός σε μία πρόταση.,"Καλή ερώτηση, σκέφτομαι γρήγορα. Κατευθυνόμενη κίνηση ηλεκτρονίων. Συμπέρασμα: Ο ηλεκτρισμός είναι απλά η κατευθυνόμενη κίνηση φορτίων, συνήθως ηλεκτρονίων σε σύρμα. Λογικό.","Ο ηλεκτρισμός είναι απλά η κατευθυνόμενη κίνηση φορτίων, συνήθως ηλεκτρονίων σε σύρμα."
628,Τι είναι ηλεκτρισμός; (σύντομα),"Πρώτα ήρεμα. Κατευθυνόμενη κίνηση ηλεκτρονίων. Επομένως: Ο ηλεκτρισμός είναι απλά η κατευθυνόμενη κίνηση φορτίων, συνήθως ηλεκτρονίων σε σύρμα. Βγάζει νόημα.","Ο ηλεκτρισμός είναι απλά η κατευθυνόμενη κίνηση φορτίων, συνήθως ηλεκτρονίων σε σύρμα."
629,"Τι είναι το νερό, χημικά;","Χμμ, τι ξέρω γι' αυτό? H2O, υδρογόνο και οξυγόνο. Επομένως: Το νερό είναι H2O, ένωση υδρογόνου και οξυγόνου. Οκ, αποφασίστηκε.","Το νερό είναι H2O, ένωση υδρογόνου και οξυγόνου."
630,Εξήγησε νερό χημεία σε μία πρόταση.,"Χμμ, τι ξέρω γι' αυτό? H2O, υδρογόνο και οξυγόνο. Άρα απάντηση: Το νερό είναι H2O, ένωση υδρογόνου και οξυγόνου. Είμαι σίγουρος.","Το νερό είναι H2O, ένωση υδρογόνου και οξυγόνου."
631,Τι είναι νερό χημεία; (σύντομα),"Καλή ερώτηση, σκέφτομαι γρήγορα. H2O, υδρογόνο και οξυγόνο. Άρα απάντηση: Το νερό είναι H2O, ένωση υδρογόνου και οξυγόνου. Είμαι σίγουρος.","Το νερό είναι H2O, ένωση υδρογόνου και οξυγόνου."
632,Τι είναι ένας ιός?,"Μισό λεπτό, σκέφτομαι. Πολύ μικρός, χρειάζεται κύτταρο-ξενιστή. Επομένως: Ένας ιός είναι πολύ μικρός παράγοντας που δεν πολλαπλασιάζεται χωρίς κύτταρο-ξενιστή. Είμαι σίγουρος.",Ένας ιός είναι πολύ μικρός παράγοντας που δεν πολλαπλασιάζεται χωρίς κύτταρο-ξενιστή.
633,Εξήγησε ιός σε μία πρόταση.,"Το βάζω σε τάξη. Πολύ μικρός, χρειάζεται κύτταρο-ξενιστή. Συμπέρασμα: Ένας ιός είναι πολύ μικρός παράγοντας που δεν πολλαπλασιάζεται χωρίς κύτταρο-ξενιστή. Ναι, βγαίνει.",Ένας ιός είναι πολύ μικρός παράγοντας που δεν πολλαπλασιάζεται χωρίς κύτταρο-ξενιστή.
634,Τι είναι ιός; (σύντομα),"Οκ, βήμα-βήμα. Πολύ μικρός, χρειάζεται κύτταρο-ξενιστή. Επομένως: Ένας ιός είναι πολύ μικρός παράγοντας που δεν πολλαπλασιάζεται χωρίς κύτταρο-ξενιστή. Όλα καθαρά στο μυαλό.",Ένας ιός είναι πολύ μικρός παράγοντας που δεν πολλαπλασιάζεται χωρίς κύτταρο-ξενιστή.
635,"Τι είναι η τεχνητή νοημοσύνη, απλά?","Καλή ερώτηση, σκέφτομαι γρήγορα. Προγράμματα που μαθαίνουν πρότυπα. Συμπέρασμα: Η τεχνητή νοημοσύνη είναι προγράμματα που μαθαίνουν από δεδομένα, αναγνωρίζουν πρότυπα και λύνουν εργασίες. Ναι, βγαίνει.","Η τεχνητή νοημοσύνη είναι προγράμματα που μαθαίνουν από δεδομένα, αναγνωρίζουν πρότυπα και λύνουν εργασίες."
636,Εξήγησε ΤΝ σε μία πρόταση.,"Καλά, ας σκεφτούμε. Προγράμματα που μαθαίνουν πρότυπα. Επομένως: Η τεχνητή νοημοσύνη είναι προγράμματα που μαθαίνουν από δεδομένα, αναγνωρίζουν πρότυπα και λύνουν εργασίες. Βγάζει νόημα.","Η τεχνητή νοημοσύνη είναι προγράμματα που μαθαίνουν από δεδομένα, αναγνωρίζουν πρότυπα και λύνουν εργασίες."
637,Τι είναι ΤΝ; (σύντομα),"Το βάζω σε τάξη. Προγράμματα που μαθαίνουν πρότυπα. Συμπέρασμα: Η τεχνητή νοημοσύνη είναι προγράμματα που μαθαίνουν από δεδομένα, αναγνωρίζουν πρότυπα και λύνουν εργασίες. Βγάζει νόημα.","Η τεχνητή νοημοσύνη είναι προγράμματα που μαθαίνουν από δεδομένα, αναγνωρίζουν πρότυπα και λύνουν εργασίες."
638,Τι είναι ένας περιηγητής?,"Οκ, βήμα-βήμα. Πρόγραμμα για σελίδες, π.χ. Chrome, Firefox. Συμπέρασμα: Ένας περιηγητής είναι το πρόγραμμα που ανοίγεις σελίδες, π.χ. Chrome, Firefox, Edge ή Safari. Όλα καθαρά στο μυαλό.","Ένας περιηγητής είναι το πρόγραμμα που ανοίγεις σελίδες, π.χ. Chrome, Firefox, Edge ή Safari."
639,Εξήγησε περιηγητής σε μία πρόταση.,"Το βάζω σε τάξη. Πρόγραμμα για σελίδες, π.χ. Chrome, Firefox. Επομένως: Ένας περιηγητής είναι το πρόγραμμα που ανοίγεις σελίδες, π.χ. Chrome, Firefox, Edge ή Safari. Είμαι σίγουρος.","Ένας περιηγητής είναι το πρόγραμμα που ανοίγεις σελίδες, π.χ. Chrome, Firefox, Edge ή Safari."
640,Τι είναι περιηγητής; (σύντομα),"Μισό λεπτό, σκέφτομαι. Πρόγραμμα για σελίδες, π.χ. Chrome, Firefox. Επομένως: Ένας περιηγητής είναι το πρόγραμμα που ανοίγεις σελίδες, π.χ. Chrome, Firefox, Edge ή Safari. Όλα καθαρά στο μυαλό.","Ένας περιηγητής είναι το πρόγραμμα που ανοίγεις σελίδες, π.χ. Chrome, Firefox, Edge ή Safari."
641,Τι είναι μια εφαρμογή?,"Καλή ερώτηση, σκέφτομαι γρήγορα. Πρόγραμμα, συνήθως για τηλέφωνα. Συμπέρασμα: Μια εφαρμογή είναι πρόγραμμα, συνήθως για τηλέφωνα, π.χ. μηνύματα, φωτογραφίες ή παιχνίδια. Βγάζει νόημα.","Μια εφαρμογή είναι πρόγραμμα, συνήθως για τηλέφωνα, π.χ. μηνύματα, φωτογραφίες ή παιχνίδια."
642,Εξήγησε εφαρμογή σε μία πρόταση.,"Καλή ερώτηση, σκέφτομαι γρήγορα. Πρόγραμμα, συνήθως για τηλέφωνα. Άρα απάντηση: Μια εφαρμογή είναι πρόγραμμα, συνήθως για τηλέφωνα, π.χ. μηνύματα, φωτογραφίες ή παιχνίδια. Είμαι σίγουρος.","Μια εφαρμογή είναι πρόγραμμα, συνήθως για τηλέφωνα, π.χ. μηνύματα, φωτογραφίες ή παιχνίδια."
643,Τι είναι εφαρμογή; (σύντομα),"Μισό λεπτό, σκέφτομαι. Πρόγραμμα, συνήθως για τηλέφωνα. Άρα απάντηση: Μια εφαρμογή είναι πρόγραμμα, συνήθως για τηλέφωνα, π.χ. μηνύματα, φωτογραφίες ή παιχνίδια. Λογικό.","Μια εφαρμογή είναι πρόγραμμα, συνήθως για τηλέφωνα, π.χ. μηνύματα, φωτογραφίες ή παιχνίδια."
644,Γιατί να πίνουμε νερό?,"Μισό λεπτό, σκέφτομαι. Κυκλοφορία, συγκέντρωση, δέρμα, νεφρά. Άρα απάντηση: Το νερό σταθεροποιεί κυκλοφορία και συγκέντρωση, βοηθά νεφρά και δέρμα, προλαμβάνει πονοκεφάλους. Οκ, αποφασίστηκε.","Το νερό σταθεροποιεί κυκλοφορία και συγκέντρωση, βοηθά νεφρά και δέρμα, προλαμβάνει πονοκεφάλους."
645,Εξήγησε πόσιμο νερό σε μία πρόταση.,"Καλή ερώτηση, σκέφτομαι γρήγορα. Κυκλοφορία, συγκέντρωση, δέρμα, νεφρά. Άρα απάντηση: Το νερό σταθεροποιεί κυκλοφορία και συγκέντρωση, βοηθά νεφρά και δέρμα, προλαμβάνει πονοκεφάλους. Λογικό.","Το νερό σταθεροποιεί κυκλοφορία και συγκέντρωση, βοηθά νεφρά και δέρμα, προλαμβάνει πονοκεφάλους."
646,Τι είναι πόσιμο νερό; (σύντομα),"Το περνάω από το μυαλό. Κυκλοφορία, συγκέντρωση, δέρμα, νεφρά. Επομένως: Το νερό σταθεροποιεί κυκλοφορία και συγκέντρωση, βοηθά νεφρά και δέρμα, προλαμβάνει πονοκεφάλους. Λογικό.","Το νερό σταθεροποιεί κυκλοφορία και συγκέντρωση, βοηθά νεφρά και δέρμα, προλαμβάνει πονοκεφάλους."
647,Πόσο να βουρτσίζουμε τα δόντια?,"Πρώτα ήρεμα. 2 λεπτά, δύο φορές τη μέρα. Άρα απάντηση: Περίπου 2 λεπτά, δύο φορές τη μέρα. Καλά, προχωράω.","Περίπου 2 λεπτά, δύο φορές τη μέρα."
648,Εξήγησε βούρτσισμα δοντιών σε μία πρόταση.,"Καλά, ας σκεφτούμε. 2 λεπτά, δύο φορές τη μέρα. Επομένως: Περίπου 2 λεπτά, δύο φορές τη μέρα. Λογικό.","Περίπου 2 λεπτά, δύο φορές τη μέρα."
649,Τι είναι βούρτσισμα δοντιών; (σύντομα),"Καλά, ας σκεφτούμε. 2 λεπτά, δύο φορές τη μέρα. Άρα απάντηση: Περίπου 2 λεπτά, δύο φορές τη μέρα. Τέλος σκέψης.","Περίπου 2 λεπτά, δύο φορές τη μέρα."
650,Τι είναι η βαρύτητα?,"Οκ, βήμα-βήμα. Έλξη μαζών· η Γη έλκει. Επομένως: Η βαρύτητα είναι η έλξη μαζών. Η Γη έλκει τα πάντα προς τα κάτω, γι' αυτό πέφτουν. Οκ, αποφασίστηκε.","Η βαρύτητα είναι η έλξη μαζών. Η Γη έλκει τα πάντα προς τα κάτω, γι' αυτό πέφτουν."
651,Εξήγησε βαρύτητα σε μία πρόταση.,"Καλή ερώτηση, σκέφτομαι γρήγορα. Έλξη μαζών· η Γη έλκει. Συμπέρασμα: Η βαρύτητα είναι η έλξη μαζών. Η Γη έλκει τα πάντα προς τα κάτω, γι' αυτό πέφτουν. Καλά, προχωράω.","Η βαρύτητα είναι η έλξη μαζών. Η Γη έλκει τα πάντα προς τα κάτω, γι' αυτό πέφτουν."
652,Τι είναι βαρύτητα; (σύντομα),"Χμμ, τι ξέρω γι' αυτό? Έλξη μαζών· η Γη έλκει. Επομένως: Η βαρύτητα είναι η έλξη μαζών. Η Γη έλκει τα πάντα προς τα κάτω, γι' αυτό πέφτουν. Όλα καθαρά στο μυαλό.","Η βαρύτητα είναι η έλξη μαζών. Η Γη έλκει τα πάντα προς τα κάτω, γι' αυτό πέφτουν."
653,Τι είναι ο αέρας?,"Χμμ, τι ξέρω γι' αυτό? Μίγμα αζώτου, οξυγόνου και άλλα. Επομένως: Ο αέρας είναι μίγμα αερίων, κυρίως άζωτο και οξυγόνο. Λογικό.","Ο αέρας είναι μίγμα αερίων, κυρίως άζωτο και οξυγόνο."
654,Εξήγησε αέρας σε μία πρόταση.,"Μισό λεπτό, σκέφτομαι. Μίγμα αζώτου, οξυγόνου και άλλα. Συμπέρασμα: Ο αέρας είναι μίγμα αερίων, κυρίως άζωτο και οξυγόνο. Καλά, προχωράω.","Ο αέρας είναι μίγμα αερίων, κυρίως άζωτο και οξυγόνο."
655,Τι είναι αέρας; (σύντομα),"Οκ, βήμα-βήμα. Μίγμα αζώτου, οξυγόνου και άλλα. Επομένως: Ο αέρας είναι μίγμα αερίων, κυρίως άζωτο και οξυγόνο. Είμαι σίγουρος.","Ο αέρας είναι μίγμα αερίων, κυρίως άζωτο και οξυγόνο."
656,Τι κάνει η καρδιά?,Πρώτα ήρεμα. Αντλεί αίμα στο σώμα. Συμπέρασμα: Η καρδιά αντλεί αίμα σε όλο το σώμα. Λογικό.,Η καρδιά αντλεί αίμα σε όλο το σώμα.
657,Εξήγησε καρδιά σε μία πρόταση.,"Χμμ, τι ξέρω γι' αυτό? Αντλεί αίμα στο σώμα. Άρα απάντηση: Η καρδιά αντλεί αίμα σε όλο το σώμα. Τέλος σκέψης.",Η καρδιά αντλεί αίμα σε όλο το σώμα.
658,Τι είναι καρδιά; (σύντομα),"Καλά, ας σκεφτούμε. Αντλεί αίμα στο σώμα. Επομένως: Η καρδιά αντλεί αίμα σε όλο το σώμα. Τέλος σκέψης.",Η καρδιά αντλεί αίμα σε όλο το σώμα.
659,Τι κάνουν οι πνεύμονες?,"Πρώτα ήρεμα. Παίρνουν οξυγόνο, δίνουν CO2. Άρα απάντηση: Οι πνεύμονες παίρνουν οξυγόνο και δίνουν διοξείδιο του άνθρακα. Είμαι σίγουρος.",Οι πνεύμονες παίρνουν οξυγόνο και δίνουν διοξείδιο του άνθρακα.
660,Εξήγησε πνεύμονες σε μία πρόταση.,"Το περνάω από το μυαλό. Παίρνουν οξυγόνο, δίνουν CO2. Επομένως: Οι πνεύμονες παίρνουν οξυγόνο και δίνουν διοξείδιο του άνθρακα. Όλα καθαρά στο μυαλό.",Οι πνεύμονες παίρνουν οξυγόνο και δίνουν διοξείδιο του άνθρακα.
661,Τι είναι πνεύμονες; (σύντομα),"Πρώτα ήρεμα. Παίρνουν οξυγόνο, δίνουν CO2. Συμπέρασμα: Οι πνεύμονες παίρνουν οξυγόνο και δίνουν διοξείδιο του άνθρακα. Τέλος σκέψης.",Οι πνεύμονες παίρνουν οξυγόνο και δίνουν διοξείδιο του άνθρακα.
662,Γιατί ο ύπνος είναι σημαντικός?,"Μισό λεπτό, σκέφτομαι. Ανάκαμψη, μνήμη, ανοσία. Άρα απάντηση: Ο ύπνος βοηθά ανάκαμψη, μνήμη και ανοσία. Λογικό.","Ο ύπνος βοηθά ανάκαμψη, μνήμη και ανοσία."
663,Εξήγησε ύπνος σε μία πρόταση.,"Καλή ερώτηση, σκέφτομαι γρήγορα. Ανάκαμψη, μνήμη, ανοσία. Συμπέρασμα: Ο ύπνος βοηθά ανάκαμψη, μνήμη και ανοσία. Τέλος σκέψης.","Ο ύπνος βοηθά ανάκαμψη, μνήμη και ανοσία."
664,Τι είναι ύπνος; (σύντομα),"Το βάζω σε τάξη. Ανάκαμψη, μνήμη, ανοσία. Επομένως: Ο ύπνος βοηθά ανάκαμψη, μνήμη και ανοσία. Βγάζει νόημα.","Ο ύπνος βοηθά ανάκαμψη, μνήμη και ανοσία."
665,Τι είναι ο πυρετός?,"Καλά, ας σκεφτούμε. Υψηλή θερμοκρασία ως άμυνα. Συμπέρασμα: Ο πυρετός είναι υψηλή θερμοκρασία σώματος, συχνά άμυνα κατά λοιμώξεων. Οκ, αποφασίστηκε.","Ο πυρετός είναι υψηλή θερμοκρασία σώματος, συχνά άμυνα κατά λοιμώξεων."
666,Εξήγησε πυρετός σε μία πρόταση.,"Καλά, ας σκεφτούμε. Υψηλή θερμοκρασία ως άμυνα. Άρα απάντηση: Ο πυρετός είναι υψηλή θερμοκρασία σώματος, συχνά άμυνα κατά λοιμώξεων. Λογικό.","Ο πυρετός είναι υψηλή θερμοκρασία σώματος, συχνά άμυνα κατά λοιμώξεων."
667,Τι είναι πυρετός; (σύντομα),"Καλά, ας σκεφτούμε. Υψηλή θερμοκρασία ως άμυνα. Επομένως: Ο πυρετός είναι υψηλή θερμοκρασία σώματος, συχνά άμυνα κατά λοιμώξεων. Λογικό.","Ο πυρετός είναι υψηλή θερμοκρασία σώματος, συχνά άμυνα κατά λοιμώξεων."
668,Τι είναι δυνατός κωδικός?,"Καλά, ας σκεφτούμε. Μακρύς, μοναδικός, σε διαχειριστή. Επομένως: Δυνατός κωδικός είναι μακρύς, μοναδικός ανά υπηρεσία και κρατημένος σε διαχειριστή. Οκ, αποφασίστηκε.","Δυνατός κωδικός είναι μακρύς, μοναδικός ανά υπηρεσία και κρατημένος σε διαχειριστή."
669,Εξήγησε δυνατός κωδικός σε μία πρόταση.,"Πρώτα ήρεμα. Μακρύς, μοναδικός, σε διαχειριστή. Άρα απάντηση: Δυνατός κωδικός είναι μακρύς, μοναδικός ανά υπηρεσία και κρατημένος σε διαχειριστή. Ναι, βγαίνει.","Δυνατός κωδικός είναι μακρύς, μοναδικός ανά υπηρεσία και κρατημένος σε διαχειριστή."
670,Τι είναι δυνατός κωδικός; (σύντομα),"Πρώτα ήρεμα. Μακρύς, μοναδικός, σε διαχειριστή. Συμπέρασμα: Δυνατός κωδικός είναι μακρύς, μοναδικός ανά υπηρεσία και κρατημένος σε διαχειριστή. Όλα καθαρά στο μυαλό.","Δυνατός κωδικός είναι μακρύς, μοναδικός ανά υπηρεσία και κρατημένος σε διαχειριστή."
671,Τι είναι το Wi-Fi?,"Οκ, βήμα-βήμα. Ασύρματο τοπικό δίκτυο. Συμπέρασμα: Το Wi-Fi είναι ασύρματο τοπικό δίκτυο για ίντερνετ χωρίς καλώδια. Είμαι σίγουρος.",Το Wi-Fi είναι ασύρματο τοπικό δίκτυο για ίντερνετ χωρίς καλώδια.
672,Εξήγησε Wi-Fi σε μία πρόταση.,"Καλά, ας σκεφτούμε. Ασύρματο τοπικό δίκτυο. Συμπέρασμα: Το Wi-Fi είναι ασύρματο τοπικό δίκτυο για ίντερνετ χωρίς καλώδια. Τέλος σκέψης.",Το Wi-Fi είναι ασύρματο τοπικό δίκτυο για ίντερνετ χωρίς καλώδια.
673,Τι είναι Wi-Fi; (σύντομα),"Οκ, βήμα-βήμα. Ασύρματο τοπικό δίκτυο. Άρα απάντηση: Το Wi-Fi είναι ασύρματο τοπικό δίκτυο για ίντερνετ χωρίς καλώδια. Καλά, προχωράω.",Το Wi-Fi είναι ασύρματο τοπικό δίκτυο για ίντερνετ χωρίς καλώδια.
674,Τι είναι το σύννεφο (cloud)?,"Καλά, ας σκεφτούμε. Διακομιστές στο ίντερνετ για δεδομένα και υπηρεσίες. Επομένως: Το σύννεφο είναι διακομιστές στο ίντερνετ όπου κρατάς δεδομένα και χρησιμοποιείς υπηρεσίες. Λογικό.",Το σύννεφο είναι διακομιστές στο ίντερνετ όπου κρατάς δεδομένα και χρησιμοποιείς υπηρεσίες.
675,Εξήγησε σύννεφο σε μία πρόταση.,"Καλά, ας σκεφτούμε. Διακομιστές στο ίντερνετ για δεδομένα και υπηρεσίες. Συμπέρασμα: Το σύννεφο είναι διακομιστές στο ίντερνετ όπου κρατάς δεδομένα και χρησιμοποιείς υπηρεσίες. Είμαι σίγουρος.",Το σύννεφο είναι διακομιστές στο ίντερνετ όπου κρατάς δεδομένα και χρησιμοποιείς υπηρεσίες.
676,Τι είναι σύννεφο; (σύντομα),"Χμμ, τι ξέρω γι' αυτό? Διακομιστές στο ίντερνετ για δεδομένα και υπηρεσίες. Άρα απάντηση: Το σύννεφο είναι διακομιστές στο ίντερνετ όπου κρατάς δεδομένα και χρησιμοποιείς υπηρεσίες. Είμαι σίγουρος.",Το σύννεφο είναι διακομιστές στο ίντερνετ όπου κρατάς δεδομένα και χρησιμοποιείς υπηρεσίες.
677,Πώς δουλεύει το GPS?,"Οκ, βήμα-βήμα. Δορυφόροι, χρόνος σήματος, υπολογισμός. Άρα απάντηση: Το GPS βρίσκει τη θέση από σήματα δορυφόρων και το χρόνο διαδρομής. Βγάζει νόημα.",Το GPS βρίσκει τη θέση από σήματα δορυφόρων και το χρόνο διαδρομής.
678,Εξήγησε GPS σε μία πρόταση.,"Καλή ερώτηση, σκέφτομαι γρήγορα. Δορυφόροι, χρόνος σήματος, υπολογισμός. Επομένως: Το GPS βρίσκει τη θέση από σήματα δορυφόρων και το χρόνο διαδρομής. Είμαι σίγουρος.",Το GPS βρίσκει τη θέση από σήματα δορυφόρων και το χρόνο διαδρομής.
679,Τι είναι GPS; (σύντομα),"Καλή ερώτηση, σκέφτομαι γρήγορα. Δορυφόροι, χρόνος σήματος, υπολογισμός. Επομένως: Το GPS βρίσκει τη θέση από σήματα δορυφόρων και το χρόνο διαδρομής. Καλά, προχωράω.",Το GPS βρίσκει τη θέση από σήματα δορυφόρων και το χρόνο διαδρομής.
680,Γιατί υπάρχουν μέρα και νύχτα?,"Καλή ερώτηση, σκέφτομαι γρήγορα. Περιστροφή της Γης. Επομένως: Μέρα και νύχτα υπάρχουν γιατί η Γη γυρίζει. Η ηλιόλουστη πλευρά έχει μέρα, η άλλη νύχτα. Όλα καθαρά στο μυαλό.","Μέρα και νύχτα υπάρχουν γιατί η Γη γυρίζει. Η ηλιόλουστη πλευρά έχει μέρα, η άλλη νύχτα."
681,Εξήγησε μέρα και νύχτα σε μία πρόταση.,"Οκ, βήμα-βήμα. Περιστροφή της Γης. Συμπέρασμα: Μέρα και νύχτα υπάρχουν γιατί η Γη γυρίζει. Η ηλιόλουστη πλευρά έχει μέρα, η άλλη νύχτα. Οκ, αποφασίστηκε.","Μέρα και νύχτα υπάρχουν γιατί η Γη γυρίζει. Η ηλιόλουστη πλευρά έχει μέρα, η άλλη νύχτα."
682,Τι είναι μέρα και νύχτα; (σύντομα),"Πρώτα ήρεμα. Περιστροφή της Γης. Επομένως: Μέρα και νύχτα υπάρχουν γιατί η Γη γυρίζει. Η ηλιόλουστη πλευρά έχει μέρα, η άλλη νύχτα. Τέλος σκέψης.","Μέρα και νύχτα υπάρχουν γιατί η Γη γυρίζει. Η ηλιόλουστη πλευρά έχει μέρα, η άλλη νύχτα."
683,Γιατί υπάρχουν εποχές?,Το βάζω σε τάξη. Κλίση του άξονα της Γης. Συμπέρασμα: Οι εποχές έρχονται από την κλίση του άξονα: κάθε ημισφαίριο γέρνει προς τον ήλιο με τη σειρά. Βγάζει νόημα.,Οι εποχές έρχονται από την κλίση του άξονα: κάθε ημισφαίριο γέρνει προς τον ήλιο με τη σειρά.
684,Εξήγησε εποχές σε μία πρόταση.,"Καλή ερώτηση, σκέφτομαι γρήγορα. Κλίση του άξονα της Γης. Άρα απάντηση: Οι εποχές έρχονται από την κλίση του άξονα: κάθε ημισφαίριο γέρνει προς τον ήλιο με τη σειρά. Τέλος σκέψης.",Οι εποχές έρχονται από την κλίση του άξονα: κάθε ημισφαίριο γέρνει προς τον ήλιο με τη σειρά.
685,Τι είναι εποχές; (σύντομα),"Καλή ερώτηση, σκέφτομαι γρήγορα. Κλίση του άξονα της Γης. Άρα απάντηση: Οι εποχές έρχονται από την κλίση του άξονα: κάθε ημισφαίριο γέρνει προς τον ήλιο με τη σειρά. Όλα καθαρά στο μυαλό.",Οι εποχές έρχονται από την κλίση του άξονα: κάθε ημισφαίριο γέρνει προς τον ήλιο με τη σειρά.
686,Γιατί λάμπει το φεγγάρι?,"Το περνάω από το μυαλό. Αντανακλά τον ήλιο. Άρα απάντηση: Το φεγγάρι λάμπει γιατί αντανακλά το φως του ήλιου. Ναι, βγαίνει.",Το φεγγάρι λάμπει γιατί αντανακλά το φως του ήλιου.
687,Εξήγησε λαμπερό φεγγάρι σε μία πρόταση.,"Καλή ερώτηση, σκέφτομαι γρήγορα. Αντανακλά τον ήλιο. Συμπέρασμα: Το φεγγάρι λάμπει γιατί αντανακλά το φως του ήλιου. Είμαι σίγουρος.",Το φεγγάρι λάμπει γιατί αντανακλά το φως του ήλιου.
688,Τι είναι λαμπερό φεγγάρι; (σύντομα),"Το βάζω σε τάξη. Αντανακλά τον ήλιο. Άρα απάντηση: Το φεγγάρι λάμπει γιατί αντανακλά το φως του ήλιου. Καλά, προχωράω.",Το φεγγάρι λάμπει γιατί αντανακλά το φως του ήλιου.
689,Τι είναι ο ήλιος?,Το βάζω σε τάξη. Άστρο από καυτό αέριο. Επομένως: Ο ήλιος είναι άστρο από καυτό αέριο που δίνει φως και θερμότητα. Τέλος σκέψης.,Ο ήλιος είναι άστρο από καυτό αέριο που δίνει φως και θερμότητα.
690,Εξήγησε ήλιος σε μία πρόταση.,"Μισό λεπτό, σκέφτομαι. Άστρο από καυτό αέριο. Άρα απάντηση: Ο ήλιος είναι άστρο από καυτό αέριο που δίνει φως και θερμότητα. Βγάζει νόημα.",Ο ήλιος είναι άστρο από καυτό αέριο που δίνει φως και θερμότητα.
691,Τι είναι ήλιος; (σύντομα),"Χμμ, τι ξέρω γι' αυτό? Άστρο από καυτό αέριο. Συμπέρασμα: Ο ήλιος είναι άστρο από καυτό αέριο που δίνει φως και θερμότητα. Καλά, προχωράω.",Ο ήλιος είναι άστρο από καυτό αέριο που δίνει φως και θερμότητα.
692,Πόσοι πλανήτες έχει το ηλιακό σύστημα?,"Χμμ, τι ξέρω γι' αυτό? 8 πλανήτες. Συμπέρασμα: Το ηλιακό μας σύστημα έχει 8 πλανήτες: Ερμής, Αφροδίτη, Γη, Άρης, Δίας, Κρόνος, Ουρανός, Ποσειδώνας. Ναι, βγαίνει.","Το ηλιακό μας σύστημα έχει 8 πλανήτες: Ερμής, Αφροδίτη, Γη, Άρης, Δίας, Κρόνος, Ουρανός, Ποσειδώνας."
693,Εξήγησε πλανήτες σε μία πρόταση.,"Καλή ερώτηση, σκέφτομαι γρήγορα. 8 πλανήτες. Επομένως: Το ηλιακό μας σύστημα έχει 8 πλανήτες: Ερμής, Αφροδίτη, Γη, Άρης, Δίας, Κρόνος, Ουρανός, Ποσειδώνας. Λογικό.","Το ηλιακό μας σύστημα έχει 8 πλανήτες: Ερμής, Αφροδίτη, Γη, Άρης, Δίας, Κρόνος, Ουρανός, Ποσειδώνας."
694,Τι είναι πλανήτες; (σύντομα),"Οκ, βήμα-βήμα. 8 πλανήτες. Επομένως: Το ηλιακό μας σύστημα έχει 8 πλανήτες: Ερμής, Αφροδίτη, Γη, Άρης, Δίας, Κρόνος, Ουρανός, Ποσειδώνας. Οκ, αποφασίστηκε.","Το ηλιακό μας σύστημα έχει 8 πλανήτες: Ερμής, Αφροδίτη, Γη, Άρης, Δίας, Κρόνος, Ουρανός, Ποσειδώνας."
695,Τι είναι ένα άτομο?,"Το βάζω σε τάξη. Ελάχιστη μονάδα: πυρήνας συν ηλεκτρόνια. Άρα απάντηση: Ένα άτομο είναι η ελάχιστη μονάδα ύλης, από πυρήνα και ηλεκτρόνια. Βγάζει νόημα.","Ένα άτομο είναι η ελάχιστη μονάδα ύλης, από πυρήνα και ηλεκτρόνια."
696,Εξήγησε άτομο σε μία πρόταση.,"Πρώτα ήρεμα. Ελάχιστη μονάδα: πυρήνας συν ηλεκτρόνια. Άρα απάντηση: Ένα άτομο είναι η ελάχιστη μονάδα ύλης, από πυρήνα και ηλεκτρόνια. Ναι, βγαίνει.","Ένα άτομο είναι η ελάχιστη μονάδα ύλης, από πυρήνα και ηλεκτρόνια."
697,Τι είναι άτομο; (σύντομα),"Πρώτα ήρεμα. Ελάχιστη μονάδα: πυρήνας συν ηλεκτρόνια. Επομένως: Ένα άτομο είναι η ελάχιστη μονάδα ύλης, από πυρήνα και ηλεκτρόνια. Λογικό.","Ένα άτομο είναι η ελάχιστη μονάδα ύλης, από πυρήνα και ηλεκτρόνια."
698,Τι είναι η ανακύκλωση?,"Οκ, βήμα-βήμα. Συλλογή απορριμμάτων, νέα προϊόντα. Συμπέρασμα: Η ανακύκλωση συλλέγει απορρίμματα για να κάνει νέα προϊόντα. Οκ, αποφασίστηκε.",Η ανακύκλωση συλλέγει απορρίμματα για να κάνει νέα προϊόντα.
699,Εξήγησε ανακύκλωση σε μία πρόταση.,"Μισό λεπτό, σκέφτομαι. Συλλογή απορριμμάτων, νέα προϊόντα. Άρα απάντηση: Η ανακύκλωση συλλέγει απορρίμματα για να κάνει νέα προϊόντα. Τέλος σκέψης.",Η ανακύκλωση συλλέγει απορρίμματα για να κάνει νέα προϊόντα.
700,Τι είναι ανακύκλωση; (σύντομα),"Το βάζω σε τάξη. Συλλογή απορριμμάτων, νέα προϊόντα. Άρα απάντηση: Η ανακύκλωση συλλέγει απορρίμματα για να κάνει νέα προϊόντα. Είμαι σίγουρος.",Η ανακύκλωση συλλέγει απορρίμματα για να κάνει νέα προϊόντα.
701,Τι είναι το φαινόμενο του θερμοκηπίου?,Το περνάω από το μυαλό. Αέρια κρατούν θερμότητα. Συμπέρασμα: Το φαινόμενο κρατά θερμότητα. Πάρα πολλά αέρια ζεσταίνουν το κλίμα. Λογικό.,Το φαινόμενο κρατά θερμότητα. Πάρα πολλά αέρια ζεσταίνουν το κλίμα.
702,Εξήγησε φαινόμενο θερμοκηπίου σε μία πρόταση.,"Μισό λεπτό, σκέφτομαι. Αέρια κρατούν θερμότητα. Συμπέρασμα: Το φαινόμενο κρατά θερμότητα. Πάρα πολλά αέρια ζεσταίνουν το κλίμα. Τέλος σκέψης.",Το φαινόμενο κρατά θερμότητα. Πάρα πολλά αέρια ζεσταίνουν το κλίμα.
703,Τι είναι φαινόμενο θερμοκηπίου; (σύντομα),"Το βάζω σε τάξη. Αέρια κρατούν θερμότητα. Επομένως: Το φαινόμενο κρατά θερμότητα. Πάρα πολλά αέρια ζεσταίνουν το κλίμα. Οκ, αποφασίστηκε.",Το φαινόμενο κρατά θερμότητα. Πάρα πολλά αέρια ζεσταίνουν το κλίμα.
704,Γιατί οι μέλισσες είναι σημαντικές?,"Καλά, ας σκεφτούμε. Επικονίαση, σοδειές. Επομένως: Οι μέλισσες επικονιάζουν φυτά, εξασφαλίζοντας σοδειές και ποικιλία. Είμαι σίγουρος.","Οι μέλισσες επικονιάζουν φυτά, εξασφαλίζοντας σοδειές και ποικιλία."
705,Εξήγησε μέλισσες σε μία πρόταση.,"Το περνάω από το μυαλό. Επικονίαση, σοδειές. Συμπέρασμα: Οι μέλισσες επικονιάζουν φυτά, εξασφαλίζοντας σοδειές και ποικιλία. Οκ, αποφασίστηκε.","Οι μέλισσες επικονιάζουν φυτά, εξασφαλίζοντας σοδειές και ποικιλία."
706,Τι είναι μέλισσες; (σύντομα),"Πρώτα ήρεμα. Επικονίαση, σοδειές. Επομένως: Οι μέλισσες επικονιάζουν φυτά, εξασφαλίζοντας σοδειές και ποικιλία. Οκ, αποφασίστηκε.","Οι μέλισσες επικονιάζουν φυτά, εξασφαλίζοντας σοδειές και ποικιλία."
707,Γιατί τα φύλλα είναι πράσινα?,"Το περνάω από το μυαλό. Χρωστική χλωροφύλλη. Επομένως: Τα φύλλα είναι πράσινα λόγω χλωροφύλλης, χρωστικής της φωτοσύνθεσης. Λογικό.","Τα φύλλα είναι πράσινα λόγω χλωροφύλλης, χρωστικής της φωτοσύνθεσης."
708,Εξήγησε πράσινα φύλλα σε μία πρόταση.,"Το περνάω από το μυαλό. Χρωστική χλωροφύλλη. Συμπέρασμα: Τα φύλλα είναι πράσινα λόγω χλωροφύλλης, χρωστικής της φωτοσύνθεσης. Είμαι σίγουρος.","Τα φύλλα είναι πράσινα λόγω χλωροφύλλης, χρωστικής της φωτοσύνθεσης."
709,Τι είναι πράσινα φύλλα; (σύντομα),"Χμμ, τι ξέρω γι' αυτό? Χρωστική χλωροφύλλη. Επομένως: Τα φύλλα είναι πράσινα λόγω χλωροφύλλης, χρωστικής της φωτοσύνθεσης. Βγάζει νόημα.","Τα φύλλα είναι πράσινα λόγω χλωροφύλλης, χρωστικής της φωτοσύνθεσης."
710,Τι είναι θηλαστικό?,"Το περνάω από το μυαλό. Γούνα, ζωντανή γέννα, γάλα. Άρα απάντηση: Τα θηλαστικά έχουν γούνα, γεννούν ζωντανά μικρά και τα θηλάζουν. Λογικό.","Τα θηλαστικά έχουν γούνα, γεννούν ζωντανά μικρά και τα θηλάζουν."
711,Εξήγησε θηλαστικά σε μία πρόταση.,"Το περνάω από το μυαλό. Γούνα, ζωντανή γέννα, γάλα. Επομένως: Τα θηλαστικά έχουν γούνα, γεννούν ζωντανά μικρά και τα θηλάζουν. Ναι, βγαίνει.","Τα θηλαστικά έχουν γούνα, γεννούν ζωντανά μικρά και τα θηλάζουν."
712,Τι είναι θηλαστικά; (σύντομα),"Οκ, βήμα-βήμα. Γούνα, ζωντανή γέννα, γάλα. Συμπέρασμα: Τα θηλαστικά έχουν γούνα, γεννούν ζωντανά μικρά και τα θηλάζουν. Όλα καθαρά στο μυαλό.","Τα θηλαστικά έχουν γούνα, γεννούν ζωντανά μικρά και τα θηλάζουν."
713,Πώς δουλεύει μια μπαταρία?,Πρώτα ήρεμα. Χημική ενέργεια σε ηλεκτρική. Επομένως: Μια μπαταρία μετατρέπει χημική ενέργεια σε ηλεκτρική. Όλα καθαρά στο μυαλό.,Μια μπαταρία μετατρέπει χημική ενέργεια σε ηλεκτρική.
714,Εξήγησε μπαταρίες σε μία πρόταση.,"Μισό λεπτό, σκέφτομαι. Χημική ενέργεια σε ηλεκτρική. Επομένως: Μια μπαταρία μετατρέπει χημική ενέργεια σε ηλεκτρική. Τέλος σκέψης.",Μια μπαταρία μετατρέπει χημική ενέργεια σε ηλεκτρική.
715,Τι είναι μπαταρίες; (σύντομα),"Καλά, ας σκεφτούμε. Χημική ενέργεια σε ηλεκτρική. Άρα απάντηση: Μια μπαταρία μετατρέπει χημική ενέργεια σε ηλεκτρική. Βγάζει νόημα.",Μια μπαταρία μετατρέπει χημική ενέργεια σε ηλεκτρική.
716,Πώς δουλεύει η ηλιακή ενέργεια?,"Μισό λεπτό, σκέφτομαι. Κύτταρα: φως σε ρεύμα. Επομένως: Τα ηλιακά κύτταρα μετατρέπουν το φως απευθείας σε ρεύμα. Είμαι σίγουρος.",Τα ηλιακά κύτταρα μετατρέπουν το φως απευθείας σε ρεύμα.
717,Εξήγησε ηλιακή ενέργεια σε μία πρόταση.,"Οκ, βήμα-βήμα. Κύτταρα: φως σε ρεύμα. Άρα απάντηση: Τα ηλιακά κύτταρα μετατρέπουν το φως απευθείας σε ρεύμα. Όλα καθαρά στο μυαλό.",Τα ηλιακά κύτταρα μετατρέπουν το φως απευθείας σε ρεύμα.
718,Τι είναι ηλιακή ενέργεια; (σύντομα),Το περνάω από το μυαλό. Κύτταρα: φως σε ρεύμα. Συμπέρασμα: Τα ηλιακά κύτταρα μετατρέπουν το φως απευθείας σε ρεύμα. Τέλος σκέψης.,Τα ηλιακά κύτταρα μετατρέπουν το φως απευθείας σε ρεύμα.
719,Τι είναι ιός υπολογιστή?,Το περνάω από το μυαλό. Επιβλαβές πρόγραμμα που εξαπλώνεται. Επομένως: Ένας ιός είναι επιβλαβές πρόγραμμα που εξαπλώνεται και βλάπτει. Προστάτεψε με ενημερώσεις και προσοχή. Όλα καθαρά στο μυαλό.,Ένας ιός είναι επιβλαβές πρόγραμμα που εξαπλώνεται και βλάπτει. Προστάτεψε με ενημερώσεις και προσοχή.
720,Εξήγησε ιός υπολογιστή σε μία πρόταση.,"Μισό λεπτό, σκέφτομαι. Επιβλαβές πρόγραμμα που εξαπλώνεται. Επομένως: Ένας ιός είναι επιβλαβές πρόγραμμα που εξαπλώνεται και βλάπτει. Προστάτεψε με ενημερώσεις και προσοχή. Οκ, αποφασίστηκε.",Ένας ιός είναι επιβλαβές πρόγραμμα που εξαπλώνεται και βλάπτει. Προστάτεψε με ενημερώσεις και προσοχή.
721,Τι είναι ιός υπολογιστή; (σύντομα),"Καλή ερώτηση, σκέφτομαι γρήγορα. Επιβλαβές πρόγραμμα που εξαπλώνεται. Επομένως: Ένας ιός είναι επιβλαβές πρόγραμμα που εξαπλώνεται και βλάπτει. Προστάτεψε με ενημερώσεις και προσοχή. Βγάζει νόημα.",Ένας ιός είναι επιβλαβές πρόγραμμα που εξαπλώνεται και βλάπτει. Προστάτεψε με ενημερώσεις και προσοχή.
722,Γιατί το πλαστικό είναι πρόβλημα?,"Καλά, ας σκεφτούμε. Διαρκή σκουπίδια, μικροπλαστικά. Επομένως: Το πλαστικό σχεδόν δεν σαπίζει, ρυπαίνει φύση και θάλασσες, γίνεται μικροπλαστικά. Όλα καθαρά στο μυαλό.","Το πλαστικό σχεδόν δεν σαπίζει, ρυπαίνει φύση και θάλασσες, γίνεται μικροπλαστικά."
723,Εξήγησε πλαστικό σε μία πρόταση.,"Καλή ερώτηση, σκέφτομαι γρήγορα. Διαρκή σκουπίδια, μικροπλαστικά. Επομένως: Το πλαστικό σχεδόν δεν σαπίζει, ρυπαίνει φύση και θάλασσες, γίνεται μικροπλαστικά. Ναι, βγαίνει.","Το πλαστικό σχεδόν δεν σαπίζει, ρυπαίνει φύση και θάλασσες, γίνεται μικροπλαστικά."
724,Τι είναι πλαστικό; (σύντομα),"Οκ, βήμα-βήμα. Διαρκή σκουπίδια, μικροπλαστικά. Άρα απάντηση: Το πλαστικό σχεδόν δεν σαπίζει, ρυπαίνει φύση και θάλασσες, γίνεται μικροπλαστικά. Βγάζει νόημα.","Το πλαστικό σχεδόν δεν σαπίζει, ρυπαίνει φύση και θάλασσες, γίνεται μικροπλαστικά."
725,Τι είναι σεισμός?,"Το βάζω σε τάξη. Πλάκες κινούνται, ενέργεια βγαίνει. Επομένως: Σεισμός γίνεται όταν οι πλάκες κινηθούν ξαφνικά και βγάλουν ενέργεια. Οκ, αποφασίστηκε.",Σεισμός γίνεται όταν οι πλάκες κινηθούν ξαφνικά και βγάλουν ενέργεια.
726,Εξήγησε σεισμός σε μία πρόταση.,"Οκ, βήμα-βήμα. Πλάκες κινούνται, ενέργεια βγαίνει. Συμπέρασμα: Σεισμός γίνεται όταν οι πλάκες κινηθούν ξαφνικά και βγάλουν ενέργεια. Ναι, βγαίνει.",Σεισμός γίνεται όταν οι πλάκες κινηθούν ξαφνικά και βγάλουν ενέργεια.
727,Τι είναι σεισμός; (σύντομα),"Οκ, βήμα-βήμα. Πλάκες κινούνται, ενέργεια βγαίνει. Άρα απάντηση: Σεισμός γίνεται όταν οι πλάκες κινηθούν ξαφνικά και βγάλουν ενέργεια. Καλά, προχωράω.",Σεισμός γίνεται όταν οι πλάκες κινηθούν ξαφνικά και βγάλουν ενέργεια.
728,Τι είναι το μέλι?,"Καλά, ας σκεφτούμε. Μέλισσες από νέκταρ. Επομένως: Το μέλι το φτιάχνουν οι μέλισσες από νέκταρ λουλουδιών. Καλά, προχωράω.",Το μέλι το φτιάχνουν οι μέλισσες από νέκταρ λουλουδιών.
729,Εξήγησε μέλι σε μία πρόταση.,"Μισό λεπτό, σκέφτομαι. Μέλισσες από νέκταρ. Συμπέρασμα: Το μέλι το φτιάχνουν οι μέλισσες από νέκταρ λουλουδιών. Οκ, αποφασίστηκε.",Το μέλι το φτιάχνουν οι μέλισσες από νέκταρ λουλουδιών.
730,Τι είναι μέλι; (σύντομα),Το βάζω σε τάξη. Μέλισσες από νέκταρ. Συμπέρασμα: Το μέλι το φτιάχνουν οι μέλισσες από νέκταρ λουλουδιών. Είμαι σίγουρος.,Το μέλι το φτιάχνουν οι μέλισσες από νέκταρ λουλουδιών.
731,Πόσο κάνει 25 επί 4?,Το περνάω από το μυαλό. Υπολογισμός: 25*4=100. Εξέταση: 25 επί 4 κάνει 100. Καλά. Όλα καθαρά στο μυαλό.,25 επί 4 κάνει 100.
732,Πόσο κάνει 12 τοις εκατό του 200?,"Το βάζω σε τάξη. Ποσοστό: 200*0,12=24. Εξέταση: 12 τοις εκατό του 200 κάνει 24. Καλά. Τέλος σκέψης.",12 τοις εκατό του 200 κάνει 24.
733,Πόσο κάνει 7 επί 8 συν 10?,"Πρώτα ήρεμα. Σειρά: 7*8=56 +10=66. Εξέταση: Κάνει 66. Καλά. Οκ, αποφασίστηκε.",Κάνει 66.
734,Τρένο φεύγει 14:30 και κάνει 2 ώρες 15 λεπτά. Πότε φτάνει?,"Καλά, ας σκεφτούμε. Πρόσθεση: 14:30 + 2:15 = 16:45. Εξέταση: Φτάνει στις 16:45. Καλά. Λογικό.",Φτάνει στις 16:45.
735,Έχω 3 μήλα και τρώω 1. Πόσα μένουν?,"Το βάζω σε τάξη. Αφαίρεση: 3-1=2. Εξέταση: Μένουν 2 μήλα. Καλά. Οκ, αποφασίστηκε.",Μένουν 2 μήλα.
736,Πέφτω στις 22 και σηκώνομαι στις 6. Πόσο κοιμάμαι?,"Καλή ερώτηση, σκέφτομαι γρήγορα. Διάρκεια: 22-6 = 8 ώρες. Εξέταση: Κοιμάσαι 8 ώρες. Καλά. Τέλος σκέψης.",Κοιμάσαι 8 ώρες.
737,Μοίρασε 100 ευρώ σε 4 άτομα.,"Καλά, ας σκεφτούμε. Διαίρεση: 100/4=25. Έλεγχος: Ο καθένας παίρνει 25 ευρώ. Σωστά. Ναι, βγαίνει.",Ο καθένας παίρνει 25 ευρώ.
738,Πόσα λεπτά είναι 2 ώρες?,"Καλά, ας σκεφτούμε. Μετατροπή: 2*60=120. Έλεγχος: 2 ώρες είναι 120 λεπτά. Σωστά. Τέλος σκέψης.",2 ώρες είναι 120 λεπτά.
739,Πόσες μέρες έχει ένας χρόνος?,"Οκ, βήμα-βήμα. Στοιχείο: 365, δίσεκτος 366. Άρα απάντηση: Ένας χρόνος έχει 365 μέρες, δίσεκτος 366. Οκ, αποφασίστηκε.","Ένας χρόνος έχει 365 μέρες, δίσεκτος 366."
740,Πόσα δευτερόλεπτα έχει ένα λεπτό?,"Μισό λεπτό, σκέφτομαι. Στοιχείο: 60. Συμπέρασμα: Ένα λεπτό έχει 60 δευτερόλεπτα. Οκ, αποφασίστηκε.",Ένα λεπτό έχει 60 δευτερόλεπτα.
741,Πόσο κάνει 40 συν 41?,Το βάζω σε τάξη. Πρόσθεση: 40+41=81. Εξέταση: 40 συν 41 κάνει 81. Καλά. Βγάζει νόημα.,40 συν 41 κάνει 81.
742,Πόσο κάνει 45 μείον 11?,"Καλά, ας σκεφτούμε. Αφαίρεση: 45-11=34. Έλεγχος: 45 μείον 11 κάνει 34. Σωστά. Οκ, αποφασίστηκε.",45 μείον 11 κάνει 34.
743,Πόσο κάνει 12 επί 7?,Το περνάω από το μυαλό. Πολλαπλασιασμός: 12*7=84. Έλεγχος: 12 επί 7 κάνει 84. Σωστά. Βγάζει νόημα.,12 επί 7 κάνει 84.
744,Πόσο κάνει 135 διά 9?,"Μισό λεπτό, σκέφτομαι. Διαίρεση: 135/9=15. Έλεγχος: 135 διά 9 κάνει 15. Σωστά. Οκ, αποφασίστηκε.",135 διά 9 κάνει 15.
745,Πόσο κάνει 10 τοις εκατό του 200?,"Χμμ, τι ξέρω γι' αυτό? Ποσοστό: 200*10/100=20. Έλεγχος: 10 τοις εκατό του 200 κάνει 20. Σωστά. Οκ, αποφασίστηκε.",10 τοις εκατό του 200 κάνει 20.
746,Πόσο κάνει 60 συν 39?,Πρώτα ήρεμα. Πρόσθεση: 60+39=99. Επανυπολογισμός: 60 συν 39 κάνει 99. Βγαίνει. Όλα καθαρά στο μυαλό.,60 συν 39 κάνει 99.
747,Πόσο κάνει 91 μείον 23?,"Χμμ, τι ξέρω γι' αυτό? Αφαίρεση: 91-23=68. Εξέταση: 91 μείον 23 κάνει 68. Καλά. Καλά, προχωράω.",91 μείον 23 κάνει 68.
748,Πόσο κάνει 9 επί 7?,"Καλή ερώτηση, σκέφτομαι γρήγορα. Πολλαπλασιασμός: 9*7=63. Εξέταση: 9 επί 7 κάνει 63. Καλά. Λογικό.",9 επί 7 κάνει 63.
749,Πόσο κάνει 143 διά 11?,"Το βάζω σε τάξη. Διαίρεση: 143/11=13. Εξέταση: 143 διά 11 κάνει 13. Καλά. Καλά, προχωράω.",143 διά 11 κάνει 13.
750,Πόσο κάνει 10 τοις εκατό του 300?,"Το βάζω σε τάξη. Ποσοστό: 300*10/100=30. Επανυπολογισμός: 10 τοις εκατό του 300 κάνει 30. Βγαίνει. Οκ, αποφασίστηκε.",10 τοις εκατό του 300 κάνει 30.
751,Πόσο κάνει 57 συν 56?,"Οκ, βήμα-βήμα. Πρόσθεση: 57+56=113. Εξέταση: 57 συν 56 κάνει 113. Καλά. Λογικό.",57 συν 56 κάνει 113.
752,Πόσο κάνει 33 μείον 17?,"Οκ, βήμα-βήμα. Αφαίρεση: 33-17=16. Εξέταση: 33 μείον 17 κάνει 16. Καλά. Όλα καθαρά στο μυαλό.",33 μείον 17 κάνει 16.
753,Πόσο κάνει 7 επί 2?,Το περνάω από το μυαλό. Πολλαπλασιασμός: 7*2=14. Εξέταση: 7 επί 2 κάνει 14. Καλά. Βγάζει νόημα.,7 επί 2 κάνει 14.
754,Πόσο κάνει 85 διά 5?,Πρώτα ήρεμα. Διαίρεση: 85/5=17. Έλεγχος: 85 διά 5 κάνει 17. Σωστά. Όλα καθαρά στο μυαλό.,85 διά 5 κάνει 17.
755,Πόσο κάνει 50 τοις εκατό του 1000?,Το βάζω σε τάξη. Ποσοστό: 1000*50/100=500. Έλεγχος: 50 τοις εκατό του 1000 κάνει 500. Σωστά. Τέλος σκέψης.,50 τοις εκατό του 1000 κάνει 500.
756,Πόσο κάνει 5 συν 56?,"Μισό λεπτό, σκέφτομαι. Πρόσθεση: 5+56=61. Έλεγχος: 5 συν 56 κάνει 61. Σωστά. Είμαι σίγουρος.",5 συν 56 κάνει 61.
757,Πόσο κάνει 94 μείον 10?,"Πρώτα ήρεμα. Αφαίρεση: 94-10=84. Εξέταση: 94 μείον 10 κάνει 84. Καλά. Οκ, αποφασίστηκε.",94 μείον 10 κάνει 84.
758,Πόσο κάνει 12 επί 10?,"Πρώτα ήρεμα. Πολλαπλασιασμός: 12*10=120. Επανυπολογισμός: 12 επί 10 κάνει 120. Βγαίνει. Οκ, αποφασίστηκε.",12 επί 10 κάνει 120.
759,Πόσο κάνει 22 διά 11?,"Χμμ, τι ξέρω γι' αυτό? Διαίρεση: 22/11=2. Επανυπολογισμός: 22 διά 11 κάνει 2. Βγαίνει. Λογικό.",22 διά 11 κάνει 2.
760,Πόσο κάνει 5 τοις εκατό του 300?,Το βάζω σε τάξη. Ποσοστό: 300*5/100=15. Έλεγχος: 5 τοις εκατό του 300 κάνει 15. Σωστά. Όλα καθαρά στο μυαλό.,5 τοις εκατό του 300 κάνει 15.
761,Πόσο κάνει 4 συν 39?,"Το περνάω από το μυαλό. Πρόσθεση: 4+39=43. Επανυπολογισμός: 4 συν 39 κάνει 43. Βγαίνει. Οκ, αποφασίστηκε.",4 συν 39 κάνει 43.
762,Πόσο κάνει 50 μείον 33?,"Οκ, βήμα-βήμα. Αφαίρεση: 50-33=17. Εξέταση: 50 μείον 33 κάνει 17. Καλά. Τέλος σκέψης.",50 μείον 33 κάνει 17.
763,Πόσο κάνει 11 επί 10?,"Οκ, βήμα-βήμα. Πολλαπλασιασμός: 11*10=110. Επανυπολογισμός: 11 επί 10 κάνει 110. Βγαίνει. Ναι, βγαίνει.",11 επί 10 κάνει 110.
764,Πόσο κάνει 32 διά 8?,"Οκ, βήμα-βήμα. Διαίρεση: 32/8=4. Εξέταση: 32 διά 8 κάνει 4. Καλά. Βγάζει νόημα.",32 διά 8 κάνει 4.
765,Πόσο κάνει 5 τοις εκατό του 400?,"Μισό λεπτό, σκέφτομαι. Ποσοστό: 400*5/100=20. Εξέταση: 5 τοις εκατό του 400 κάνει 20. Καλά. Βγάζει νόημα.",5 τοις εκατό του 400 κάνει 20.
766,Πόσο κάνει 3 συν 60?,"Πρώτα ήρεμα. Πρόσθεση: 3+60=63. Έλεγχος: 3 συν 60 κάνει 63. Σωστά. Οκ, αποφασίστηκε.",3 συν 60 κάνει 63.
767,Πόσο κάνει 94 μείον 80?,Πρώτα ήρεμα. Αφαίρεση: 94-80=14. Εξέταση: 94 μείον 80 κάνει 14. Καλά. Βγάζει νόημα.,94 μείον 80 κάνει 14.
768,Πόσο κάνει 4 επί 10?,"Οκ, βήμα-βήμα. Πολλαπλασιασμός: 4*10=40. Εξέταση: 4 επί 10 κάνει 40. Καλά. Είμαι σίγουρος.",4 επί 10 κάνει 40.
769,Πόσο κάνει 18 διά 6?,"Καλή ερώτηση, σκέφτομαι γρήγορα. Διαίρεση: 18/6=3. Έλεγχος: 18 διά 6 κάνει 3. Σωστά. Τέλος σκέψης.",18 διά 6 κάνει 3.
770,Πόσο κάνει 50 τοις εκατό του 200?,"Το περνάω από το μυαλό. Ποσοστό: 200*50/100=100. Επανυπολογισμός: 50 τοις εκατό του 200 κάνει 100. Βγαίνει. Καλά, προχωράω.",50 τοις εκατό του 200 κάνει 100.
771,Πόσο κάνει 46 συν 45?,Πρώτα ήρεμα. Πρόσθεση: 46+45=91. Επανυπολογισμός: 46 συν 45 κάνει 91. Βγαίνει. Όλα καθαρά στο μυαλό.,46 συν 45 κάνει 91.
772,Πόσο κάνει 46 μείον 5?,"Οκ, βήμα-βήμα. Αφαίρεση: 46-5=41. Έλεγχος: 46 μείον 5 κάνει 41. Σωστά. Οκ, αποφασίστηκε.",46 μείον 5 κάνει 41.
773,Πόσο κάνει 9 επί 6?,"Οκ, βήμα-βήμα. Πολλαπλασιασμός: 9*6=54. Επανυπολογισμός: 9 επί 6 κάνει 54. Βγαίνει. Τέλος σκέψης.",9 επί 6 κάνει 54.
774,Πόσο κάνει 95 διά 5?,"Χμμ, τι ξέρω γι' αυτό? Διαίρεση: 95/5=19. Επανυπολογισμός: 95 διά 5 κάνει 19. Βγαίνει. Όλα καθαρά στο μυαλό.",95 διά 5 κάνει 19.
775,Πόσο κάνει 17 συν 25?,Το βάζω σε τάξη. Πρόσθεση: 17+25=42. Έλεγχος: 17 συν 25 κάνει 42. Σωστά. Είμαι σίγουρος.,17 συν 25 κάνει 42.
776,Πόσο κάνει 5 μείον 2?,"Καλή ερώτηση, σκέφτομαι γρήγορα. Αφαίρεση: 5-2=3. Εξέταση: 5 μείον 2 κάνει 3. Καλά. Ναι, βγαίνει.",5 μείον 2 κάνει 3.
777,Πόσο κάνει 6 επί 6?,"Καλά, ας σκεφτούμε. Πολλαπλασιασμός: 6*6=36. Εξέταση: 6 επί 6 κάνει 36. Καλά. Είμαι σίγουρος.",6 επί 6 κάνει 36.
778,Πόσο κάνει 12 διά 6?,"Καλά, ας σκεφτούμε. Διαίρεση: 12/6=2. Εξέταση: 12 διά 6 κάνει 2. Καλά. Όλα καθαρά στο μυαλό.",12 διά 6 κάνει 2.
779,Πόσο κάνει 21 συν 28?,Το περνάω από το μυαλό. Πρόσθεση: 21+28=49. Επανυπολογισμός: 21 συν 28 κάνει 49. Βγαίνει. Βγάζει νόημα.,21 συν 28 κάνει 49.
780,Πόσο κάνει 80 μείον 24?,"Καλά, ας σκεφτούμε. Αφαίρεση: 80-24=56. Επανυπολογισμός: 80 μείον 24 κάνει 56. Βγαίνει. Καλά, προχωράω.",80 μείον 24 κάνει 56.
781,Πόσο κάνει 6 επί 4?,"Το περνάω από το μυαλό. Πολλαπλασιασμός: 6*4=24. Επανυπολογισμός: 6 επί 4 κάνει 24. Βγαίνει. Οκ, αποφασίστηκε.",6 επί 4 κάνει 24.
782,Πόσο κάνει 21 διά 3?,Πρώτα ήρεμα. Διαίρεση: 21/3=7. Έλεγχος: 21 διά 3 κάνει 7. Σωστά. Τέλος σκέψης.,21 διά 3 κάνει 7.
783,Πόσο κάνει 45 συν 34?,"Καλή ερώτηση, σκέφτομαι γρήγορα. Πρόσθεση: 45+34=79. Έλεγχος: 45 συν 34 κάνει 79. Σωστά. Βγάζει νόημα.",45 συν 34 κάνει 79.
784,Πόσο κάνει 29 μείον 11?,"Καλά, ας σκεφτούμε. Αφαίρεση: 29-11=18. Εξέταση: 29 μείον 11 κάνει 18. Καλά. Είμαι σίγουρος.",29 μείον 11 κάνει 18.
785,Πόσο κάνει 10 επί 11?,"Οκ, βήμα-βήμα. Πολλαπλασιασμός: 10*11=110. Έλεγχος: 10 επί 11 κάνει 110. Σωστά. Όλα καθαρά στο μυαλό.",10 επί 11 κάνει 110.
786,Πόσο κάνει 192 διά 12?,"Χμμ, τι ξέρω γι' αυτό? Διαίρεση: 192/12=16. Έλεγχος: 192 διά 12 κάνει 16. Σωστά. Είμαι σίγουρος.",192 διά 12 κάνει 16.
787,Πόσο κάνει 34 συν 17?,"Καλά, ας σκεφτούμε. Πρόσθεση: 34+17=51. Επανυπολογισμός: 34 συν 17 κάνει 51. Βγαίνει. Λογικό.",34 συν 17 κάνει 51.
788,Πόσο κάνει 57 μείον 54?,Το περνάω από το μυαλό. Αφαίρεση: 57-54=3. Έλεγχος: 57 μείον 54 κάνει 3. Σωστά. Λογικό.,57 μείον 54 κάνει 3.
789,Πόσο κάνει 8 επί 7?,"Καλή ερώτηση, σκέφτομαι γρήγορα. Πολλαπλασιασμός: 8*7=56. Έλεγχος: 8 επί 7 κάνει 56. Σωστά. Όλα καθαρά στο μυαλό.",8 επί 7 κάνει 56.
790,Πόσο κάνει 100 διά 10?,"Το περνάω από το μυαλό. Διαίρεση: 100/10=10. Εξέταση: 100 διά 10 κάνει 10. Καλά. Ναι, βγαίνει.",100 διά 10 κάνει 10.
791,Πόσο κάνει 20 τοις εκατό του 400?,"Χμμ, τι ξέρω γι' αυτό? Ποσοστό: 400*20/100=80. Επανυπολογισμός: 20 τοις εκατό του 400 κάνει 80. Βγαίνει. Ναι, βγαίνει.",20 τοις εκατό του 400 κάνει 80.
792,Πόσο κάνει 35 συν 38?,"Οκ, βήμα-βήμα. Πρόσθεση: 35+38=73. Έλεγχος: 35 συν 38 κάνει 73. Σωστά. Ναι, βγαίνει.",35 συν 38 κάνει 73.
793,Πόσο κάνει 73 μείον 30?,"Οκ, βήμα-βήμα. Αφαίρεση: 73-30=43. Επανυπολογισμός: 73 μείον 30 κάνει 43. Βγαίνει. Τέλος σκέψης.",73 μείον 30 κάνει 43.
794,Πόσο κάνει 6 επί 2?,"Καλά, ας σκεφτούμε. Πολλαπλασιασμός: 6*2=12. Εξέταση: 6 επί 2 κάνει 12. Καλά. Καλά, προχωράω.",6 επί 2 κάνει 12.
795,Πόσο κάνει 66 διά 6?,"Μισό λεπτό, σκέφτομαι. Διαίρεση: 66/6=11. Επανυπολογισμός: 66 διά 6 κάνει 11. Βγαίνει. Λογικό.",66 διά 6 κάνει 11.
796,Πόσο κάνει 20 τοις εκατό του 100?,Το βάζω σε τάξη. Ποσοστό: 100*20/100=20. Έλεγχος: 20 τοις εκατό του 100 κάνει 20. Σωστά. Όλα καθαρά στο μυαλό.,20 τοις εκατό του 100 κάνει 20.
797,Πόσο κάνει 43 συν 52?,"Καλή ερώτηση, σκέφτομαι γρήγορα. Πρόσθεση: 43+52=95. Έλεγχος: 43 συν 52 κάνει 95. Σωστά. Οκ, αποφασίστηκε.",43 συν 52 κάνει 95.
798,Πόσο κάνει 10 μείον 9?,"Χμμ, τι ξέρω γι' αυτό? Αφαίρεση: 10-9=1. Επανυπολογισμός: 10 μείον 9 κάνει 1. Βγαίνει. Καλά, προχωράω.",10 μείον 9 κάνει 1.
799,Πόσο κάνει 6 επί 10?,"Μισό λεπτό, σκέφτομαι. Πολλαπλασιασμός: 6*10=60. Εξέταση: 6 επί 10 κάνει 60. Καλά. Καλά, προχωράω.",6 επί 10 κάνει 60.
800,Πόσο κάνει 65 διά 5?,"Χμμ, τι ξέρω γι' αυτό? Διαίρεση: 65/5=13. Επανυπολογισμός: 65 διά 5 κάνει 13. Βγαίνει. Είμαι σίγουρος.",65 διά 5 κάνει 13.
801,Πόσο κάνει 25 τοις εκατό του 1000?,Πρώτα ήρεμα. Ποσοστό: 1000*25/100=250. Έλεγχος: 25 τοις εκατό του 1000 κάνει 250. Σωστά. Όλα καθαρά στο μυαλό.,25 τοις εκατό του 1000 κάνει 250.
802,Πόσο κάνει 31 συν 46?,Πρώτα ήρεμα. Πρόσθεση: 31+46=77. Εξέταση: 31 συν 46 κάνει 77. Καλά. Λογικό.,31 συν 46 κάνει 77.
803,Πόσο κάνει 52 μείον 49?,Το περνάω από το μυαλό. Αφαίρεση: 52-49=3. Επανυπολογισμός: 52 μείον 49 κάνει 3. Βγαίνει. Όλα καθαρά στο μυαλό.,52 μείον 49 κάνει 3.
804,Πόσο κάνει 9 επί 3?,"Το βάζω σε τάξη. Πολλαπλασιασμός: 9*3=27. Εξέταση: 9 επί 3 κάνει 27. Καλά. Οκ, αποφασίστηκε.",9 επί 3 κάνει 27.
805,Πόσο κάνει 144 διά 8?,"Το περνάω από το μυαλό. Διαίρεση: 144/8=18. Εξέταση: 144 διά 8 κάνει 18. Καλά. Καλά, προχωράω.",144 διά 8 κάνει 18.
806,Πόσο κάνει 25 τοις εκατό του 200?,"Μισό λεπτό, σκέφτομαι. Ποσοστό: 200*25/100=50. Εξέταση: 25 τοις εκατό του 200 κάνει 50. Καλά. Καλά, προχωράω.",25 τοις εκατό του 200 κάνει 50.
807,Πόσο κάνει 58 συν 39?,"Καλή ερώτηση, σκέφτομαι γρήγορα. Πρόσθεση: 58+39=97. Επανυπολογισμός: 58 συν 39 κάνει 97. Βγαίνει. Οκ, αποφασίστηκε.",58 συν 39 κάνει 97.
808,Πόσο κάνει 88 μείον 26?,"Μισό λεπτό, σκέφτομαι. Αφαίρεση: 88-26=62. Επανυπολογισμός: 88 μείον 26 κάνει 62. Βγαίνει. Βγάζει νόημα.",88 μείον 26 κάνει 62.
809,Πόσο κάνει 3 επί 3?,"Καλή ερώτηση, σκέφτομαι γρήγορα. Πολλαπλασιασμός: 3*3=9. Έλεγχος: 3 επί 3 κάνει 9. Σωστά. Όλα καθαρά στο μυαλό.",3 επί 3 κάνει 9.
810,Πόσο κάνει 15 τοις εκατό του 500?,"Το περνάω από το μυαλό. Ποσοστό: 500*15/100=75. Έλεγχος: 15 τοις εκατό του 500 κάνει 75. Σωστά. Οκ, αποφασίστηκε.",15 τοις εκατό του 500 κάνει 75.
811,Πόσο κάνει 29 συν 34?,"Καλά, ας σκεφτούμε. Πρόσθεση: 29+34=63. Εξέταση: 29 συν 34 κάνει 63. Καλά. Είμαι σίγουρος.",29 συν 34 κάνει 63.
812,Πόσο κάνει 76 μείον 41?,"Χμμ, τι ξέρω γι' αυτό? Αφαίρεση: 76-41=35. Επανυπολογισμός: 76 μείον 41 κάνει 35. Βγαίνει. Όλα καθαρά στο μυαλό.",76 μείον 41 κάνει 35.
813,Πόσο κάνει 2 επί 6?,"Οκ, βήμα-βήμα. Πολλαπλασιασμός: 2*6=12. Έλεγχος: 2 επί 6 κάνει 12. Σωστά. Καλά, προχωράω.",2 επί 6 κάνει 12.
814,Πόσο κάνει 130 διά 10?,Το βάζω σε τάξη. Διαίρεση: 130/10=13. Έλεγχος: 130 διά 10 κάνει 13. Σωστά. Βγάζει νόημα.,130 διά 10 κάνει 13.
815,Πόσο κάνει 5 τοις εκατό του 500?,Πρώτα ήρεμα. Ποσοστό: 500*5/100=25. Επανυπολογισμός: 5 τοις εκατό του 500 κάνει 25. Βγαίνει. Λογικό.,5 τοις εκατό του 500 κάνει 25.
816,Πόσο κάνει 9 συν 2?,"Χμμ, τι ξέρω γι' αυτό? Πρόσθεση: 9+2=11. Έλεγχος: 9 συν 2 κάνει 11. Σωστά. Λογικό.",9 συν 2 κάνει 11.
817,Πόσο κάνει 23 μείον 14?,Το περνάω από το μυαλό. Αφαίρεση: 23-14=9. Έλεγχος: 23 μείον 14 κάνει 9. Σωστά. Όλα καθαρά στο μυαλό.,23 μείον 14 κάνει 9.
818,Πόσο κάνει 12 επί 3?,Το βάζω σε τάξη. Πολλαπλασιασμός: 12*3=36. Έλεγχος: 12 επί 3 κάνει 36. Σωστά. Όλα καθαρά στο μυαλό.,12 επί 3 κάνει 36.
819,Πόσο κάνει 171 διά 9?,Πρώτα ήρεμα. Διαίρεση: 171/9=19. Εξέταση: 171 διά 9 κάνει 19. Καλά. Τέλος σκέψης.,171 διά 9 κάνει 19.
820,Πόσο κάνει 20 τοις εκατό του 500?,"Οκ, βήμα-βήμα. Ποσοστό: 500*20/100=100. Έλεγχος: 20 τοις εκατό του 500 κάνει 100. Σωστά. Οκ, αποφασίστηκε.",20 τοις εκατό του 500 κάνει 100.
821,Πόσο κάνει 50 συν 36?,"Μισό λεπτό, σκέφτομαι. Πρόσθεση: 50+36=86. Επανυπολογισμός: 50 συν 36 κάνει 86. Βγαίνει. Βγάζει νόημα.",50 συν 36 κάνει 86.
822,Πόσο κάνει 80 μείον 9?,"Το περνάω από το μυαλό. Αφαίρεση: 80-9=71. Έλεγχος: 80 μείον 9 κάνει 71. Σωστά. Οκ, αποφασίστηκε.",80 μείον 9 κάνει 71.
823,Πόσο κάνει 11 επί 4?,"Καλή ερώτηση, σκέφτομαι γρήγορα. Πολλαπλασιασμός: 11*4=44. Επανυπολογισμός: 11 επί 4 κάνει 44. Βγαίνει. Βγάζει νόημα.",11 επί 4 κάνει 44.
824,Πόσο κάνει 48 διά 3?,Πρώτα ήρεμα. Διαίρεση: 48/3=16. Έλεγχος: 48 διά 3 κάνει 16. Σωστά. Όλα καθαρά στο μυαλό.,48 διά 3 κάνει 16.
825,Πόσο κάνει 45 συν 33?,"Το βάζω σε τάξη. Πρόσθεση: 45+33=78. Επανυπολογισμός: 45 συν 33 κάνει 78. Βγαίνει. Καλά, προχωράω.",45 συν 33 κάνει 78.
826,Πόσο κάνει 32 μείον 31?,"Οκ, βήμα-βήμα. Αφαίρεση: 32-31=1. Έλεγχος: 32 μείον 31 κάνει 1. Σωστά. Ναι, βγαίνει.",32 μείον 31 κάνει 1.
827,Πόσο κάνει 9 επί 12?,Το περνάω από το μυαλό. Πολλαπλασιασμός: 9*12=108. Έλεγχος: 9 επί 12 κάνει 108. Σωστά. Είμαι σίγουρος.,9 επί 12 κάνει 108.
828,Πόσο κάνει 120 διά 10?,"Χμμ, τι ξέρω γι' αυτό? Διαίρεση: 120/10=12. Έλεγχος: 120 διά 10 κάνει 12. Σωστά. Βγάζει νόημα.",120 διά 10 κάνει 12.
829,Πόσο κάνει 41 συν 3?,"Χμμ, τι ξέρω γι' αυτό? Πρόσθεση: 41+3=44. Επανυπολογισμός: 41 συν 3 κάνει 44. Βγαίνει. Λογικό.",41 συν 3 κάνει 44.
830,Πόσο κάνει 6 μείον 3?,"Μισό λεπτό, σκέφτομαι. Αφαίρεση: 6-3=3. Έλεγχος: 6 μείον 3 κάνει 3. Σωστά. Είμαι σίγουρος.",6 μείον 3 κάνει 3.
831,Πόσο κάνει 12 επί 5?,Το βάζω σε τάξη. Πολλαπλασιασμός: 12*5=60. Επανυπολογισμός: 12 επί 5 κάνει 60. Βγαίνει. Βγάζει νόημα.,12 επί 5 κάνει 60.
832,Πόσο κάνει 44 διά 11?,"Μισό λεπτό, σκέφτομαι. Διαίρεση: 44/11=4. Επανυπολογισμός: 44 διά 11 κάνει 4. Βγαίνει. Τέλος σκέψης.",44 διά 11 κάνει 4.
833,Πόσο κάνει 23 συν 13?,"Το βάζω σε τάξη. Πρόσθεση: 23+13=36. Έλεγχος: 23 συν 13 κάνει 36. Σωστά. Οκ, αποφασίστηκε.",23 συν 13 κάνει 36.
834,Πόσο κάνει 76 μείον 68?,"Το βάζω σε τάξη. Αφαίρεση: 76-68=8. Έλεγχος: 76 μείον 68 κάνει 8. Σωστά. Καλά, προχωράω.",76 μείον 68 κάνει 8.
835,Πόσο κάνει 3 επί 12?,Το περνάω από το μυαλό. Πολλαπλασιασμός: 3*12=36. Επανυπολογισμός: 3 επί 12 κάνει 36. Βγαίνει. Λογικό.,3 επί 12 κάνει 36.
836,Πόσο κάνει 40 διά 4?,Πρώτα ήρεμα. Διαίρεση: 40/4=10. Έλεγχος: 40 διά 4 κάνει 10. Σωστά. Τέλος σκέψης.,40 διά 4 κάνει 10.
837,Πόσο κάνει 10 τοις εκατό του 1000?,"Χμμ, τι ξέρω γι' αυτό? Ποσοστό: 1000*10/100=100. Εξέταση: 10 τοις εκατό του 1000 κάνει 100. Καλά. Καλά, προχωράω.",10 τοις εκατό του 1000 κάνει 100.
838,Πόσο κάνει 16 συν 50?,"Μισό λεπτό, σκέφτομαι. Πρόσθεση: 16+50=66. Έλεγχος: 16 συν 50 κάνει 66. Σωστά. Λογικό.",16 συν 50 κάνει 66.
839,Πόσο κάνει 26 μείον 3?,Το βάζω σε τάξη. Αφαίρεση: 26-3=23. Έλεγχος: 26 μείον 3 κάνει 23. Σωστά. Όλα καθαρά στο μυαλό.,26 μείον 3 κάνει 23.
840,Πόσο κάνει 32 διά 4?,Πρώτα ήρεμα. Διαίρεση: 32/4=8. Εξέταση: 32 διά 4 κάνει 8. Καλά. Όλα καθαρά στο μυαλό.,32 διά 4 κάνει 8.
841,Πόσο κάνει 50 τοις εκατό του 100?,Το βάζω σε τάξη. Ποσοστό: 100*50/100=50. Επανυπολογισμός: 50 τοις εκατό του 100 κάνει 50. Βγαίνει. Βγάζει νόημα.,50 τοις εκατό του 100 κάνει 50.
842,Πόσο κάνει 49 συν 12?,Το βάζω σε τάξη. Πρόσθεση: 49+12=61. Εξέταση: 49 συν 12 κάνει 61. Καλά. Λογικό.,49 συν 12 κάνει 61.
843,Πόσο κάνει 65 μείον 43?,"Οκ, βήμα-βήμα. Αφαίρεση: 65-43=22. Έλεγχος: 65 μείον 43 κάνει 22. Σωστά. Οκ, αποφασίστηκε.",65 μείον 43 κάνει 22.
844,Πόσο κάνει 7 επί 6?,"Οκ, βήμα-βήμα. Πολλαπλασιασμός: 7*6=42. Έλεγχος: 7 επί 6 κάνει 42. Σωστά. Καλά, προχωράω.",7 επί 6 κάνει 42.
845,Πόσο κάνει 48 διά 4?,Πρώτα ήρεμα. Διαίρεση: 48/4=12. Επανυπολογισμός: 48 διά 4 κάνει 12. Βγαίνει. Όλα καθαρά στο μυαλό.,48 διά 4 κάνει 12.
846,Ταινία αρχίζει 20:15 και κρατά 90 λεπτά. Πότε τελειώνει?,Το περνάω από το μυαλό. 20:15 + 90 λεπτά = 21:45. Εξέταση: Τελειώνει στις 21:45. Καλά. Είμαι σίγουρος.,Τελειώνει στις 21:45.
847,Είναι 9. Σε 3 ώρες 30 λεπτά έχω ραντεβού. Πότε?,"Καλά, ας σκεφτούμε. 9:00 + 3:30 = 12:30. Εξέταση: Το ραντεβού είναι στις 12:30. Καλά. Τέλος σκέψης.",Το ραντεβού είναι στις 12:30.
848,Κέικ ψήνεται 45 λεπτά. Το βάζω 16:20. Πότε έτοιμο?,"Μισό λεπτό, σκέφτομαι. 16:20 + 0:45 = 17:05. Επανυπολογισμός: Έτοιμο στις 17:05. Βγαίνει. Τέλος σκέψης.",Έτοιμο στις 17:05.
849,Σχολείο αρχίζει 8:00 και τελειώνει 13:15. Πόσο κρατά?,"Οκ, βήμα-βήμα. 13:15 - 8:00 = 5:15. Έλεγχος: Κρατά 5 ώρες και 15 λεπτά. Σωστά. Οκ, αποφασίστηκε.",Κρατά 5 ώρες και 15 λεπτά.
850,"Αν διαβάζω 30 λεπτά από 19:00, πότε τελειώνω?",Πρώτα ήρεμα. 19:00 + 0:30 = 19:30. Εξέταση: Τελειώνεις στις 19:30. Καλά. Βγάζει νόημα.,Τελειώνεις στις 19:30.
851,Πώς μαθαίνω λέξεις καλύτερα?,"Οκ, βήμα-βήμα. Σύντομες καθημερινές μονάδες, κάρτες, ενεργή χρήση. Άρα απάντηση: Καλύτερα σε σύντομες καθημερινές μονάδες με κάρτες και ενεργή χρήση σε προτάσεις συν επανάληψη. Τέλος σκέψης.",Καλύτερα σε σύντομες καθημερινές μονάδες με κάρτες και ενεργή χρήση σε προτάσεις συν επανάληψη.
852,μάθηση λέξεων - συμβουλές?,"Καλή ερώτηση, σκέφτομαι γρήγορα. Σύντομες καθημερινές μονάδες, κάρτες, ενεργή χρήση. Άρα απάντηση: Καλύτερα σε σύντομες καθημερινές μονάδες με κάρτες και ενεργή χρήση σε προτάσεις συν επανάληψη. Οκ, αποφασίστηκε.",Καλύτερα σε σύντομες καθημερινές μονάδες με κάρτες και ενεργή χρήση σε προτάσεις συν επανάληψη.
853,Γρήγορος οδηγός: μάθηση λέξεων.,"Χμμ, τι ξέρω γι' αυτό? Σύντομες καθημερινές μονάδες, κάρτες, ενεργή χρήση. Άρα απάντηση: Καλύτερα σε σύντομες καθημερινές μονάδες με κάρτες και ενεργή χρήση σε προτάσεις συν επανάληψη. Είμαι σίγουρος.",Καλύτερα σε σύντομες καθημερινές μονάδες με κάρτες και ενεργή χρήση σε προτάσεις συν επανάληψη.
854,Πώς αποταμιεύω καθημερινά?,"Οκ, βήμα-βήμα. Προϋπολογισμός, συνδρομές, μαγείρεμα, σύγκριση. Άρα απάντηση: Βάλε προϋπολογισμό, έλεγξε συνδρομές, μαγείρευε περισσότερο, σύγκρινε τιμές και κράτα πρώτα σταθερό ποσό. Τέλος σκέψης.","Βάλε προϋπολογισμό, έλεγξε συνδρομές, μαγείρευε περισσότερο, σύγκρινε τιμές και κράτα πρώτα σταθερό ποσό."
855,αποταμίευση - συμβουλές?,"Χμμ, τι ξέρω γι' αυτό? Προϋπολογισμός, συνδρομές, μαγείρεμα, σύγκριση. Επομένως: Βάλε προϋπολογισμό, έλεγξε συνδρομές, μαγείρευε περισσότερο, σύγκρινε τιμές και κράτα πρώτα σταθερό ποσό. Ναι, βγαίνει.","Βάλε προϋπολογισμό, έλεγξε συνδρομές, μαγείρευε περισσότερο, σύγκρινε τιμές και κράτα πρώτα σταθερό ποσό."
856,Γρήγορος οδηγός: αποταμίευση.,"Καλή ερώτηση, σκέφτομαι γρήγορα. Προϋπολογισμός, συνδρομές, μαγείρεμα, σύγκριση. Συμπέρασμα: Βάλε προϋπολογισμό, έλεγξε συνδρομές, μαγείρευε περισσότερο, σύγκρινε τιμές και κράτα πρώτα σταθερό ποσό. Καλά, προχωράω.","Βάλε προϋπολογισμό, έλεγξε συνδρομές, μαγείρευε περισσότερο, σύγκρινε τιμές και κράτα πρώτα σταθερό ποσό."
857,"Τι μαγειρεύω με μακαρόνια, ντομάτα και τυρί?","Χμμ, τι ξέρω γι' αυτό? Μακαρόνια με σάλτσα ντομάτας και τυρί. Επομένως: Κάνε μακαρόνια με απλή σάλτσα: καρύκευσε, βράσε, ρίξε στα μακαρόνια, πασπάλισε τυρί. Τέλος σκέψης.","Κάνε μακαρόνια με απλή σάλτσα: καρύκευσε, βράσε, ρίξε στα μακαρόνια, πασπάλισε τυρί."
858,γρήγορα μακαρόνια - συμβουλές?,"Καλή ερώτηση, σκέφτομαι γρήγορα. Μακαρόνια με σάλτσα ντομάτας και τυρί. Επομένως: Κάνε μακαρόνια με απλή σάλτσα: καρύκευσε, βράσε, ρίξε στα μακαρόνια, πασπάλισε τυρί. Οκ, αποφασίστηκε.","Κάνε μακαρόνια με απλή σάλτσα: καρύκευσε, βράσε, ρίξε στα μακαρόνια, πασπάλισε τυρί."
859,Γρήγορος οδηγός: γρήγορα μακαρόνια.,"Οκ, βήμα-βήμα. Μακαρόνια με σάλτσα ντομάτας και τυρί. Συμπέρασμα: Κάνε μακαρόνια με απλή σάλτσα: καρύκευσε, βράσε, ρίξε στα μακαρόνια, πασπάλισε τυρί. Καλά, προχωράω.","Κάνε μακαρόνια με απλή σάλτσα: καρύκευσε, βράσε, ρίξε στα μακαρόνια, πασπάλισε τυρί."
860,"Πετάω αύριο, τι παίρνω?","Οκ, βήμα-βήμα. Λίστα: ταυτότητα, εισιτήριο, χρήματα, τηλέφωνο, φορτιστής. Συμπέρασμα: Πάρε: ταυτότητα ή διαβατήριο, εισιτήριο, χρήματα, τηλέφωνο με φορτιστή, φάρμακα, υγιεινή και αλλαγή στην καμπίνα. Τέλος σκέψης.","Πάρε: ταυτότητα ή διαβατήριο, εισιτήριο, χρήματα, τηλέφωνο με φορτιστή, φάρμακα, υγιεινή και αλλαγή στην καμπίνα."
861,αποσκευή πτήσης - συμβουλές?,"Οκ, βήμα-βήμα. Λίστα: ταυτότητα, εισιτήριο, χρήματα, τηλέφωνο, φορτιστής. Άρα απάντηση: Πάρε: ταυτότητα ή διαβατήριο, εισιτήριο, χρήματα, τηλέφωνο με φορτιστή, φάρμακα, υγιεινή και αλλαγή στην καμπίνα. Οκ, αποφασίστηκε.","Πάρε: ταυτότητα ή διαβατήριο, εισιτήριο, χρήματα, τηλέφωνο με φορτιστή, φάρμακα, υγιεινή και αλλαγή στην καμπίνα."
862,Γρήγορος οδηγός: αποσκευή πτήσης.,"Πρώτα ήρεμα. Λίστα: ταυτότητα, εισιτήριο, χρήματα, τηλέφωνο, φορτιστής. Άρα απάντηση: Πάρε: ταυτότητα ή διαβατήριο, εισιτήριο, χρήματα, τηλέφωνο με φορτιστή, φάρμακα, υγιεινή και αλλαγή στην καμπίνα. Όλα καθαρά στο μυαλό.","Πάρε: ταυτότητα ή διαβατήριο, εισιτήριο, χρήματα, τηλέφωνο με φορτιστή, φάρμακα, υγιεινή και αλλαγή στην καμπίνα."
863,Πώς γράφω καλή συγγνώμη?,"Χμμ, τι ξέρω γι' αυτό? Πες το λάθος, ευθύνη, διόρθωση. Συμπέρασμα: Πες το λάθος, ανάλαβε, δείξε λύπη και πρότεινε διόρθωση, σύντομα και ειλικρινά. Είμαι σίγουρος.","Πες το λάθος, ανάλαβε, δείξε λύπη και πρότεινε διόρθωση, σύντομα και ειλικρινά."
864,συγγνώμη - συμβουλές?,"Το βάζω σε τάξη. Πες το λάθος, ευθύνη, διόρθωση. Επομένως: Πες το λάθος, ανάλαβε, δείξε λύπη και πρότεινε διόρθωση, σύντομα και ειλικρινά. Ναι, βγαίνει.","Πες το λάθος, ανάλαβε, δείξε λύπη και πρότεινε διόρθωση, σύντομα και ειλικρινά."
865,Γρήγορος οδηγός: συγγνώμη.,"Το βάζω σε τάξη. Πες το λάθος, ευθύνη, διόρθωση. Άρα απάντηση: Πες το λάθος, ανάλαβε, δείξε λύπη και πρότεινε διόρθωση, σύντομα και ειλικρινά. Ναι, βγαίνει.","Πες το λάθος, ανάλαβε, δείξε λύπη και πρότεινε διόρθωση, σύντομα και ειλικρινά."
866,Πώς σχεδιάζω 3 μέρες στην πόλη?,"Το βάζω σε τάξη. Μεταφορά, ξενοδοχείο, 2-3 σημεία τη μέρα. Άρα απάντηση: Βάλε μεταφορά και ξενοδοχείο, διάλεξε 2-3 σημεία τη μέρα, άφησε περιθώρια και ημερήσιο προϋπολογισμό. Λογικό.","Βάλε μεταφορά και ξενοδοχείο, διάλεξε 2-3 σημεία τη μέρα, άφησε περιθώρια και ημερήσιο προϋπολογισμό."
867,ταξίδι πόλης - συμβουλές?,"Καλή ερώτηση, σκέφτομαι γρήγορα. Μεταφορά, ξενοδοχείο, 2-3 σημεία τη μέρα. Άρα απάντηση: Βάλε μεταφορά και ξενοδοχείο, διάλεξε 2-3 σημεία τη μέρα, άφησε περιθώρια και ημερήσιο προϋπολογισμό. Ναι, βγαίνει.","Βάλε μεταφορά και ξενοδοχείο, διάλεξε 2-3 σημεία τη μέρα, άφησε περιθώρια και ημερήσιο προϋπολογισμό."
868,Γρήγορος οδηγός: ταξίδι πόλης.,"Οκ, βήμα-βήμα. Μεταφορά, ξενοδοχείο, 2-3 σημεία τη μέρα. Συμπέρασμα: Βάλε μεταφορά και ξενοδοχείο, διάλεξε 2-3 σημεία τη μέρα, άφησε περιθώρια και ημερήσιο προϋπολογισμό. Οκ, αποφασίστηκε.","Βάλε μεταφορά και ξενοδοχείο, διάλεξε 2-3 σημεία τη μέρα, άφησε περιθώρια και ημερήσιο προϋπολογισμό."
869,Ομπρέλα με 80 τοις εκατό βροχή?,"Μισό λεπτό, σκέφτομαι. 80% υψηλό, ναι συνιστάται. Άρα απάντηση: Ναι, πάρτην. Με 80 τοις εκατό η βροχή είναι πολύ πιθανή. Οκ, αποφασίστηκε.","Ναι, πάρτην. Με 80 τοις εκατό η βροχή είναι πολύ πιθανή."
870,ομπρέλα - συμβουλές?,"Το περνάω από το μυαλό. 80% υψηλό, ναι συνιστάται. Συμπέρασμα: Ναι, πάρτην. Με 80 τοις εκατό η βροχή είναι πολύ πιθανή. Τέλος σκέψης.","Ναι, πάρτην. Με 80 τοις εκατό η βροχή είναι πολύ πιθανή."
871,Γρήγορος οδηγός: ομπρέλα.,"Καλά, ας σκεφτούμε. 80% υψηλό, ναι συνιστάται. Άρα απάντηση: Ναι, πάρτην. Με 80 τοις εκατό η βροχή είναι πολύ πιθανή. Είμαι σίγουρος.","Ναι, πάρτην. Με 80 τοις εκατό η βροχή είναι πολύ πιθανή."
872,Τι καλύτερο για σημειώσεις: χαρτί ή τηλέφωνο?,"Καλή ερώτηση, σκέφτομαι γρήγορα. Χαρτί χωρίς απόσπαση, τηλέφωνο ψάξιμο. Συμπέρασμα: Και τα δύο έχουν συν: χαρτί χωρίς απόσπαση και καλό για μνήμη, τηλέφωνο ψάξιμο και πάντα μαζί. Ναι, βγαίνει.","Και τα δύο έχουν συν: χαρτί χωρίς απόσπαση και καλό για μνήμη, τηλέφωνο ψάξιμο και πάντα μαζί."
873,σημειώσεις χαρτί ή τηλέφωνο - συμβουλές?,"Καλά, ας σκεφτούμε. Χαρτί χωρίς απόσπαση, τηλέφωνο ψάξιμο. Επομένως: Και τα δύο έχουν συν: χαρτί χωρίς απόσπαση και καλό για μνήμη, τηλέφωνο ψάξιμο και πάντα μαζί. Ναι, βγαίνει.","Και τα δύο έχουν συν: χαρτί χωρίς απόσπαση και καλό για μνήμη, τηλέφωνο ψάξιμο και πάντα μαζί."
874,Γρήγορος οδηγός: σημειώσεις χαρτί ή τηλέφωνο.,"Καλή ερώτηση, σκέφτομαι γρήγορα. Χαρτί χωρίς απόσπαση, τηλέφωνο ψάξιμο. Άρα απάντηση: Και τα δύο έχουν συν: χαρτί χωρίς απόσπαση και καλό για μνήμη, τηλέφωνο ψάξιμο και πάντα μαζί. Όλα καθαρά στο μυαλό.","Και τα δύο έχουν συν: χαρτί χωρίς απόσπαση και καλό για μνήμη, τηλέφωνο ψάξιμο και πάντα μαζί."
875,Πώς μαζεύω γρήγορα το δωμάτιο?,"Καλή ερώτηση, σκέφτομαι γρήγορα. Σκουπίδια, ρούχα, θέση, σκούπισμα. Συμπέρασμα: Πρώτα μάζεψε σκουπίδια, μετά ρούχα, βάλε όλα στη θέση και σκούπισε στο τέλος. Λογικό.","Πρώτα μάζεψε σκουπίδια, μετά ρούχα, βάλε όλα στη θέση και σκούπισε στο τέλος."
876,γρήγορο μάζεμα - συμβουλές?,"Πρώτα ήρεμα. Σκουπίδια, ρούχα, θέση, σκούπισμα. Συμπέρασμα: Πρώτα μάζεψε σκουπίδια, μετά ρούχα, βάλε όλα στη θέση και σκούπισε στο τέλος. Λογικό.","Πρώτα μάζεψε σκουπίδια, μετά ρούχα, βάλε όλα στη θέση και σκούπισε στο τέλος."
877,Γρήγορος οδηγός: γρήγορο μάζεμα.,"Το περνάω από το μυαλό. Σκουπίδια, ρούχα, θέση, σκούπισμα. Άρα απάντηση: Πρώτα μάζεψε σκουπίδια, μετά ρούχα, βάλε όλα στη θέση και σκούπισε στο τέλος. Λογικό.","Πρώτα μάζεψε σκουπίδια, μετά ρούχα, βάλε όλα στη θέση και σκούπισε στο τέλος."
878,Πώς κάνω μικρή βαλίτσα?,"Μισό λεπτό, σκέφτομαι. Τύλιγμα, βαριά κάτω, γέμισμα. Επομένως: Τύλιξε ρούχα αντί να διπλώνεις, βαριά κάτω, γέμισε με κάλτσες. Είμαι σίγουρος.","Τύλιξε ρούχα αντί να διπλώνεις, βαριά κάτω, γέμισε με κάλτσες."
879,μικρή βαλίτσα - συμβουλές?,"Μισό λεπτό, σκέφτομαι. Τύλιγμα, βαριά κάτω, γέμισμα. Άρα απάντηση: Τύλιξε ρούχα αντί να διπλώνεις, βαριά κάτω, γέμισε με κάλτσες. Καλά, προχωράω.","Τύλιξε ρούχα αντί να διπλώνεις, βαριά κάτω, γέμισε με κάλτσες."
880,Γρήγορος οδηγός: μικρή βαλίτσα.,"Χμμ, τι ξέρω γι' αυτό? Τύλιγμα, βαριά κάτω, γέμισμα. Συμπέρασμα: Τύλιξε ρούχα αντί να διπλώνεις, βαριά κάτω, γέμισε με κάλτσες. Οκ, αποφασίστηκε.","Τύλιξε ρούχα αντί να διπλώνεις, βαριά κάτω, γέμισε με κάλτσες."
881,Πώς βράζω ρύζι?,"Το περνάω από το μυαλό. Αναλογία 1:2, 10-12 λεπτά. Συμπέρασμα: Πλύνε ρύζι, βράσε με διπλό νερό, άφησε 10-12 λεπτά. Καλά, προχωράω.","Πλύνε ρύζι, βράσε με διπλό νερό, άφησε 10-12 λεπτά."
882,βράσιμο ρυζιού - συμβουλές?,"Καλή ερώτηση, σκέφτομαι γρήγορα. Αναλογία 1:2, 10-12 λεπτά. Επομένως: Πλύνε ρύζι, βράσε με διπλό νερό, άφησε 10-12 λεπτά. Καλά, προχωράω.","Πλύνε ρύζι, βράσε με διπλό νερό, άφησε 10-12 λεπτά."
883,Γρήγορος οδηγός: βράσιμο ρυζιού.,"Χμμ, τι ξέρω γι' αυτό? Αναλογία 1:2, 10-12 λεπτά. Επομένως: Πλύνε ρύζι, βράσε με διπλό νερό, άφησε 10-12 λεπτά. Τέλος σκέψης.","Πλύνε ρύζι, βράσε με διπλό νερό, άφησε 10-12 λεπτά."
884,Πώς βράζω μακαρόνια?,"Καλή ερώτηση, σκέφτομαι γρήγορα. Αλατισμένο νερό, 8-10 λεπτά. Άρα απάντηση: Αλάτισε πολύ νερό, βράσε, βράσε μακαρόνια 8-10 λεπτά, στράγγισε. Τέλος σκέψης.","Αλάτισε πολύ νερό, βράσε, βράσε μακαρόνια 8-10 λεπτά, στράγγισε."
885,βράσιμο μακαρονιών - συμβουλές?,"Το βάζω σε τάξη. Αλατισμένο νερό, 8-10 λεπτά. Συμπέρασμα: Αλάτισε πολύ νερό, βράσε, βράσε μακαρόνια 8-10 λεπτά, στράγγισε. Τέλος σκέψης.","Αλάτισε πολύ νερό, βράσε, βράσε μακαρόνια 8-10 λεπτά, στράγγισε."
886,Γρήγορος οδηγός: βράσιμο μακαρονιών.,"Το βάζω σε τάξη. Αλατισμένο νερό, 8-10 λεπτά. Επομένως: Αλάτισε πολύ νερό, βράσε, βράσε μακαρόνια 8-10 λεπτά, στράγγισε. Τέλος σκέψης.","Αλάτισε πολύ νερό, βράσε, βράσε μακαρόνια 8-10 λεπτά, στράγγισε."
887,Πώς κάνω κρέπες?,"Πρώτα ήρεμα. Αλεύρι, γάλα, αβγό, ροδίζω. Συμπέρασμα: Ανακάτεψε αλεύρι, γάλα, αβγό και πρέζα αλάτι, ψήσε λεπτά ως να ροδίσουν. Είμαι σίγουρος.","Ανακάτεψε αλεύρι, γάλα, αβγό και πρέζα αλάτι, ψήσε λεπτά ως να ροδίσουν."
888,κρέπες - συμβουλές?,"Μισό λεπτό, σκέφτομαι. Αλεύρι, γάλα, αβγό, ροδίζω. Συμπέρασμα: Ανακάτεψε αλεύρι, γάλα, αβγό και πρέζα αλάτι, ψήσε λεπτά ως να ροδίσουν. Οκ, αποφασίστηκε.","Ανακάτεψε αλεύρι, γάλα, αβγό και πρέζα αλάτι, ψήσε λεπτά ως να ροδίσουν."
889,Γρήγορος οδηγός: κρέπες.,"Πρώτα ήρεμα. Αλεύρι, γάλα, αβγό, ροδίζω. Άρα απάντηση: Ανακάτεψε αλεύρι, γάλα, αβγό και πρέζα αλάτι, ψήσε λεπτά ως να ροδίσουν. Βγάζει νόημα.","Ανακάτεψε αλεύρι, γάλα, αβγό και πρέζα αλάτι, ψήσε λεπτά ως να ροδίσουν."
890,Πώς ξυπνάω το πρωί?,"Οκ, βήμα-βήμα. Φως, νερό, κίνηση. Άρα απάντηση: Άναψε φως, πιες ένα ποτήρι νερό, κινήσου λίγο και πάρε αέρα. Είμαι σίγουρος.","Άναψε φως, πιες ένα ποτήρι νερό, κινήσου λίγο και πάρε αέρα."
891,ξύπνημα - συμβουλές?,"Καλά, ας σκεφτούμε. Φως, νερό, κίνηση. Επομένως: Άναψε φως, πιες ένα ποτήρι νερό, κινήσου λίγο και πάρε αέρα. Όλα καθαρά στο μυαλό.","Άναψε φως, πιες ένα ποτήρι νερό, κινήσου λίγο και πάρε αέρα."
892,Γρήγορος οδηγός: ξύπνημα.,"Οκ, βήμα-βήμα. Φως, νερό, κίνηση. Επομένως: Άναψε φως, πιες ένα ποτήρι νερό, κινήσου λίγο και πάρε αέρα. Βγάζει νόημα.","Άναψε φως, πιες ένα ποτήρι νερό, κινήσου λίγο και πάρε αέρα."
893,Πώς κοιμάμαι πιο γρήγορα?,"Οκ, βήμα-βήμα. Σκοτάδι, δροσιά, χωρίς τηλέφωνο, ρουτίνα. Άρα απάντηση: Κοιμήσου σκοτάδι και δροσιά, βάλε τηλέφωνο, κράτα σταθερή ρουτίνα. Βγάζει νόημα.","Κοιμήσου σκοτάδι και δροσιά, βάλε τηλέφωνο, κράτα σταθερή ρουτίνα."
894,ύπνος - συμβουλές?,"Οκ, βήμα-βήμα. Σκοτάδι, δροσιά, χωρίς τηλέφωνο, ρουτίνα. Επομένως: Κοιμήσου σκοτάδι και δροσιά, βάλε τηλέφωνο, κράτα σταθερή ρουτίνα. Όλα καθαρά στο μυαλό.","Κοιμήσου σκοτάδι και δροσιά, βάλε τηλέφωνο, κράτα σταθερή ρουτίνα."
895,Γρήγορος οδηγός: ύπνος.,"Καλά, ας σκεφτούμε. Σκοτάδι, δροσιά, χωρίς τηλέφωνο, ρουτίνα. Επομένως: Κοιμήσου σκοτάδι και δροσιά, βάλε τηλέφωνο, κράτα σταθερή ρουτίνα. Λογικό.","Κοιμήσου σκοτάδι και δροσιά, βάλε τηλέφωνο, κράτα σταθερή ρουτίνα."
896,Πώς διαβάζω για εξετάσεις?,"Χμμ, τι ξέρω γι' αυτό? Κομμάτια, ενεργή ανάκληση, διαλείμματα. Άρα απάντηση: Χώρισε σε κομμάτια, ρώτα τον εαυτό σου ενεργά, κάνε διαλείμματα, επανάλαβε αύριο. Καλά, προχωράω.","Χώρισε σε κομμάτια, ρώτα τον εαυτό σου ενεργά, κάνε διαλείμματα, επανάλαβε αύριο."
897,διάβασμα εξετάσεων - συμβουλές?,"Το περνάω από το μυαλό. Κομμάτια, ενεργή ανάκληση, διαλείμματα. Άρα απάντηση: Χώρισε σε κομμάτια, ρώτα τον εαυτό σου ενεργά, κάνε διαλείμματα, επανάλαβε αύριο. Καλά, προχωράω.","Χώρισε σε κομμάτια, ρώτα τον εαυτό σου ενεργά, κάνε διαλείμματα, επανάλαβε αύριο."
898,Γρήγορος οδηγός: διάβασμα εξετάσεων.,"Το βάζω σε τάξη. Κομμάτια, ενεργή ανάκληση, διαλείμματα. Συμπέρασμα: Χώρισε σε κομμάτια, ρώτα τον εαυτό σου ενεργά, κάνε διαλείμματα, επανάλαβε αύριο. Ναι, βγαίνει.","Χώρισε σε κομμάτια, ρώτα τον εαυτό σου ενεργά, κάνε διαλείμματα, επανάλαβε αύριο."
899,Πώς γράφω αίτηση δουλειάς?,"Πρώτα ήρεμα. Γράμμα, βιογραφικό, πτυχία. Άρα απάντηση: Γράψε σύντομο γράμμα με βιογραφικό πίνακα και χρήσιμα πτυχία. Ναι, βγαίνει.",Γράψε σύντομο γράμμα με βιογραφικό πίνακα και χρήσιμα πτυχία.
900,αίτηση δουλειάς - συμβουλές?,"Καλά, ας σκεφτούμε. Γράμμα, βιογραφικό, πτυχία. Άρα απάντηση: Γράψε σύντομο γράμμα με βιογραφικό πίνακα και χρήσιμα πτυχία. Οκ, αποφασίστηκε.",Γράψε σύντομο γράμμα με βιογραφικό πίνακα και χρήσιμα πτυχία.
901,Γρήγορος οδηγός: αίτηση δουλειάς.,"Οκ, βήμα-βήμα. Γράμμα, βιογραφικό, πτυχία. Άρα απάντηση: Γράψε σύντομο γράμμα με βιογραφικό πίνακα και χρήσιμα πτυχία. Είμαι σίγουρος.",Γράψε σύντομο γράμμα με βιογραφικό πίνακα και χρήσιμα πτυχία.
902,Πώς βρίσκω σπίτι?,"Το περνάω από το μυαλό. Προϋπολογισμός, σάιτ, χαρτιά, επισκέψεις. Συμπέρασμα: Βάλε προϋπολογισμό, ψάξε σε σάιτ, ετοίμασε χαρτιά, πήγαινε με ερωτήσεις. Ναι, βγαίνει.","Βάλε προϋπολογισμό, ψάξε σε σάιτ, ετοίμασε χαρτιά, πήγαινε με ερωτήσεις."
903,εύρεση σπιτιού - συμβουλές?,"Καλά, ας σκεφτούμε. Προϋπολογισμός, σάιτ, χαρτιά, επισκέψεις. Επομένως: Βάλε προϋπολογισμό, ψάξε σε σάιτ, ετοίμασε χαρτιά, πήγαινε με ερωτήσεις. Ναι, βγαίνει.","Βάλε προϋπολογισμό, ψάξε σε σάιτ, ετοίμασε χαρτιά, πήγαινε με ερωτήσεις."
904,Γρήγορος οδηγός: εύρεση σπιτιού.,"Το βάζω σε τάξη. Προϋπολογισμός, σάιτ, χαρτιά, επισκέψεις. Επομένως: Βάλε προϋπολογισμό, ψάξε σε σάιτ, ετοίμασε χαρτιά, πήγαινε με ερωτήσεις. Όλα καθαρά στο μυαλό.","Βάλε προϋπολογισμό, ψάξε σε σάιτ, ετοίμασε χαρτιά, πήγαινε με ερωτήσεις."
905,Πώς ποτίζω σωστά τα λουλούδια?,"Χμμ, τι ξέρω γι' αυτό? Τεστ δαχτύλου, χωρίς λίμναση. Συμπέρασμα: Τεστ δαχτύλου: πότιζε μόνο αν πάνω στεγνό, απέφυγε λίμναση. Λογικό.","Τεστ δαχτύλου: πότιζε μόνο αν πάνω στεγνό, απέφυγε λίμναση."
906,πότισμα λουλουδιών - συμβουλές?,"Καλή ερώτηση, σκέφτομαι γρήγορα. Τεστ δαχτύλου, χωρίς λίμναση. Άρα απάντηση: Τεστ δαχτύλου: πότιζε μόνο αν πάνω στεγνό, απέφυγε λίμναση. Τέλος σκέψης.","Τεστ δαχτύλου: πότιζε μόνο αν πάνω στεγνό, απέφυγε λίμναση."
907,Γρήγορος οδηγός: πότισμα λουλουδιών.,"Καλά, ας σκεφτούμε. Τεστ δαχτύλου, χωρίς λίμναση. Επομένως: Τεστ δαχτύλου: πότιζε μόνο αν πάνω στεγνό, απέφυγε λίμναση. Λογικό.","Τεστ δαχτύλου: πότιζε μόνο αν πάνω στεγνό, απέφυγε λίμναση."
908,Πώς οργανώνω τη μέρα μου?,"Χμμ, τι ξέρω γι' αυτό? 3 προτεραιότητες, κομμάτια, διαλείμματα. Άρα απάντηση: Διάλεξε 3 προτεραιότητες, σχεδίασε κομμάτια με διαλείμματα, βάλε περισπασμούς. Λογικό.","Διάλεξε 3 προτεραιότητες, σχεδίασε κομμάτια με διαλείμματα, βάλε περισπασμούς."
909,οργάνωση μέρας - συμβουλές?,"Μισό λεπτό, σκέφτομαι. 3 προτεραιότητες, κομμάτια, διαλείμματα. Συμπέρασμα: Διάλεξε 3 προτεραιότητες, σχεδίασε κομμάτια με διαλείμματα, βάλε περισπασμούς. Καλά, προχωράω.","Διάλεξε 3 προτεραιότητες, σχεδίασε κομμάτια με διαλείμματα, βάλε περισπασμούς."
910,Γρήγορος οδηγός: οργάνωση μέρας.,"Χμμ, τι ξέρω γι' αυτό? 3 προτεραιότητες, κομμάτια, διαλείμματα. Συμπέρασμα: Διάλεξε 3 προτεραιότητες, σχεδίασε κομμάτια με διαλείμματα, βάλε περισπασμούς. Όλα καθαρά στο μυαλό.","Διάλεξε 3 προτεραιότητες, σχεδίασε κομμάτια με διαλείμματα, βάλε περισπασμούς."
911,Πώς αρχίζω σπορ?,"Καλά, ας σκεφτούμε. Λίγο, 2 φορές τη βδομάδα, αύξηση. Επομένως: Άρχισε 2 φορές τη βδομάδα περπάτημα ή ελαφρύ, αύξησε αργά. Καλά, προχωράω.","Άρχισε 2 φορές τη βδομάδα περπάτημα ή ελαφρύ, αύξησε αργά."
912,αρχή σπορ - συμβουλές?,"Πρώτα ήρεμα. Λίγο, 2 φορές τη βδομάδα, αύξηση. Άρα απάντηση: Άρχισε 2 φορές τη βδομάδα περπάτημα ή ελαφρύ, αύξησε αργά. Λογικό.","Άρχισε 2 φορές τη βδομάδα περπάτημα ή ελαφρύ, αύξησε αργά."
913,Γρήγορος οδηγός: αρχή σπορ.,"Πρώτα ήρεμα. Λίγο, 2 φορές τη βδομάδα, αύξηση. Συμπέρασμα: Άρχισε 2 φορές τη βδομάδα περπάτημα ή ελαφρύ, αύξησε αργά. Όλα καθαρά στο μυαλό.","Άρχισε 2 φορές τη βδομάδα περπάτημα ή ελαφρύ, αύξησε αργά."
914,Πώς πίνω αρκετό νερό?,"Πρώτα ήρεμα. Μπουκάλι έτοιμο, υπενθυμίσεις. Επομένως: Κράτα μπουκάλι έτοιμο, πιες ένα ποτήρι σε κάθε γεύμα, βάλε υπενθυμίσεις. Καλά, προχωράω.","Κράτα μπουκάλι έτοιμο, πιες ένα ποτήρι σε κάθε γεύμα, βάλε υπενθυμίσεις."
915,αρκετό νερό - συμβουλές?,"Το βάζω σε τάξη. Μπουκάλι έτοιμο, υπενθυμίσεις. Επομένως: Κράτα μπουκάλι έτοιμο, πιες ένα ποτήρι σε κάθε γεύμα, βάλε υπενθυμίσεις. Όλα καθαρά στο μυαλό.","Κράτα μπουκάλι έτοιμο, πιες ένα ποτήρι σε κάθε γεύμα, βάλε υπενθυμίσεις."
916,Γρήγορος οδηγός: αρκετό νερό.,"Το περνάω από το μυαλό. Μπουκάλι έτοιμο, υπενθυμίσεις. Συμπέρασμα: Κράτα μπουκάλι έτοιμο, πιες ένα ποτήρι σε κάθε γεύμα, βάλε υπενθυμίσεις. Οκ, αποφασίστηκε.","Κράτα μπουκάλι έτοιμο, πιες ένα ποτήρι σε κάθε γεύμα, βάλε υπενθυμίσεις."
917,Τι είναι υγιεινό πρωινό?,"Το περνάω από το μυαλό. Βρώμη, φρούτα, γιαούρτι. Άρα απάντηση: Για παράδειγμα βρώμη με φρούτα και γιαούρτι, ή ψωμί ολικής με αβγό. Οκ, αποφασίστηκε.","Για παράδειγμα βρώμη με φρούτα και γιαούρτι, ή ψωμί ολικής με αβγό."
918,υγιεινό πρωινό - συμβουλές?,"Οκ, βήμα-βήμα. Βρώμη, φρούτα, γιαούρτι. Επομένως: Για παράδειγμα βρώμη με φρούτα και γιαούρτι, ή ψωμί ολικής με αβγό. Βγάζει νόημα.","Για παράδειγμα βρώμη με φρούτα και γιαούρτι, ή ψωμί ολικής με αβγό."
919,Γρήγορος οδηγός: υγιεινό πρωινό.,"Το περνάω από το μυαλό. Βρώμη, φρούτα, γιαούρτι. Επομένως: Για παράδειγμα βρώμη με φρούτα και γιαούρτι, ή ψωμί ολικής με αβγό. Βγάζει νόημα.","Για παράδειγμα βρώμη με φρούτα και γιαούρτι, ή ψωμί ολικής με αβγό."
920,Τι κατά του στρες?,"Καλά, ας σκεφτούμε. Διαλείμματα, κίνηση, ύπνος, κουβέντα. Επομένως: Σύντομα διαλείμματα, κίνηση, αρκετός ύπνος και κουβέντα βοηθούν. Είμαι σίγουρος.","Σύντομα διαλείμματα, κίνηση, αρκετός ύπνος και κουβέντα βοηθούν."
921,στρες - συμβουλές?,"Πρώτα ήρεμα. Διαλείμματα, κίνηση, ύπνος, κουβέντα. Επομένως: Σύντομα διαλείμματα, κίνηση, αρκετός ύπνος και κουβέντα βοηθούν. Βγάζει νόημα.","Σύντομα διαλείμματα, κίνηση, αρκετός ύπνος και κουβέντα βοηθούν."
922,Γρήγορος οδηγός: στρες.,"Πρώτα ήρεμα. Διαλείμματα, κίνηση, ύπνος, κουβέντα. Επομένως: Σύντομα διαλείμματα, κίνηση, αρκετός ύπνος και κουβέντα βοηθούν. Όλα καθαρά στο μυαλό.","Σύντομα διαλείμματα, κίνηση, αρκετός ύπνος και κουβέντα βοηθούν."
923,Πώς ακυρώνω ραντεβού?,"Καλή ερώτηση, σκέφτομαι γρήγορα. Νωρίς, σύντομη αιτία, νέα ημερομηνία. Άρα απάντηση: Ακύρωσε νωρίς, δώσε σύντομη αιτία, πρότεινε νέα ημερομηνία. Λογικό.","Ακύρωσε νωρίς, δώσε σύντομη αιτία, πρότεινε νέα ημερομηνία."
924,ακύρωση ραντεβού - συμβουλές?,"Καλή ερώτηση, σκέφτομαι γρήγορα. Νωρίς, σύντομη αιτία, νέα ημερομηνία. Επομένως: Ακύρωσε νωρίς, δώσε σύντομη αιτία, πρότεινε νέα ημερομηνία. Καλά, προχωράω.","Ακύρωσε νωρίς, δώσε σύντομη αιτία, πρότεινε νέα ημερομηνία."
925,Γρήγορος οδηγός: ακύρωση ραντεβού.,"Οκ, βήμα-βήμα. Νωρίς, σύντομη αιτία, νέα ημερομηνία. Συμπέρασμα: Ακύρωσε νωρίς, δώσε σύντομη αιτία, πρότεινε νέα ημερομηνία. Λογικό.","Ακύρωσε νωρίς, δώσε σύντομη αιτία, πρότεινε νέα ημερομηνία."
926,Πώς ζητάω βοήθεια?,"Πρώτα ήρεμα. Συγκεκριμένα: τι, ως πότε, ευχαριστώ. Συμπέρασμα: Ζήτα συγκεκριμένα: τι, ως πότε, γιατί. Παράδειγμα: Με βοηθάς σήμερα στο κουβάλημα; Ευχαριστώ! Βγάζει νόημα.","Ζήτα συγκεκριμένα: τι, ως πότε, γιατί. Παράδειγμα: Με βοηθάς σήμερα στο κουβάλημα; Ευχαριστώ!"
927,αίτημα βοήθειας - συμβουλές?,"Μισό λεπτό, σκέφτομαι. Συγκεκριμένα: τι, ως πότε, ευχαριστώ. Επομένως: Ζήτα συγκεκριμένα: τι, ως πότε, γιατί. Παράδειγμα: Με βοηθάς σήμερα στο κουβάλημα; Ευχαριστώ! Λογικό.","Ζήτα συγκεκριμένα: τι, ως πότε, γιατί. Παράδειγμα: Με βοηθάς σήμερα στο κουβάλημα; Ευχαριστώ!"
928,Γρήγορος οδηγός: αίτημα βοήθειας.,"Το βάζω σε τάξη. Συγκεκριμένα: τι, ως πότε, ευχαριστώ. Συμπέρασμα: Ζήτα συγκεκριμένα: τι, ως πότε, γιατί. Παράδειγμα: Με βοηθάς σήμερα στο κουβάλημα; Ευχαριστώ! Τέλος σκέψης.","Ζήτα συγκεκριμένα: τι, ως πότε, γιατί. Παράδειγμα: Με βοηθάς σήμερα στο κουβάλημα; Ευχαριστώ!"
929,Πώς μαθαίνω να λέω όχι?,"Πρώτα ήρεμα. Σύντομα, ευγενικά, εναλλακτική. Επομένως: Πες όχι σύντομα και ευγενικά, πρότεινε εναλλακτική αν μπορείς. Βγάζει νόημα.","Πες όχι σύντομα και ευγενικά, πρότεινε εναλλακτική αν μπορείς."
930,λέω όχι - συμβουλές?,"Οκ, βήμα-βήμα. Σύντομα, ευγενικά, εναλλακτική. Συμπέρασμα: Πες όχι σύντομα και ευγενικά, πρότεινε εναλλακτική αν μπορείς. Βγάζει νόημα.","Πες όχι σύντομα και ευγενικά, πρότεινε εναλλακτική αν μπορείς."
931,Γρήγορος οδηγός: λέω όχι.,"Το περνάω από το μυαλό. Σύντομα, ευγενικά, εναλλακτική. Επομένως: Πες όχι σύντομα και ευγενικά, πρότεινε εναλλακτική αν μπορείς. Όλα καθαρά στο μυαλό.","Πες όχι σύντομα και ευγενικά, πρότεινε εναλλακτική αν μπορείς."
932,Πώς αποταμιεύω για διακοπές?,"Καλά, ας σκεφτούμε. Στόχος, αυτόματα μηνιαία. Συμπέρασμα: Βάλε στόχο, αποταμίευε κάθε μήνα αυτόματα, πρόσθεσε έξτρα. Τέλος σκέψης.","Βάλε στόχο, αποταμίευε κάθε μήνα αυτόματα, πρόσθεσε έξτρα."
933,αποταμίευση διακοπών - συμβουλές?,"Οκ, βήμα-βήμα. Στόχος, αυτόματα μηνιαία. Άρα απάντηση: Βάλε στόχο, αποταμίευε κάθε μήνα αυτόματα, πρόσθεσε έξτρα. Καλά, προχωράω.","Βάλε στόχο, αποταμίευε κάθε μήνα αυτόματα, πρόσθεσε έξτρα."
934,Γρήγορος οδηγός: αποταμίευση διακοπών.,"Χμμ, τι ξέρω γι' αυτό? Στόχος, αυτόματα μηνιαία. Συμπέρασμα: Βάλε στόχο, αποταμίευε κάθε μήνα αυτόματα, πρόσθεσε έξτρα. Βγάζει νόημα.","Βάλε στόχο, αποταμίευε κάθε μήνα αυτόματα, πρόσθεσε έξτρα."
935,Πώς κλείνω φτηνές πτήσεις?,"Το περνάω από το μυαλό. Ευέλικτες ημερομηνίες, σύγκριση, νωρίς. Επομένως: Να είσαι ευέλικτος με ημερομηνίες, σύγκρινε σάιτ, κλείσε νωρίς. Όλα καθαρά στο μυαλό.","Να είσαι ευέλικτος με ημερομηνίες, σύγκρινε σάιτ, κλείσε νωρίς."
936,φτηνές πτήσεις - συμβουλές?,"Καλή ερώτηση, σκέφτομαι γρήγορα. Ευέλικτες ημερομηνίες, σύγκριση, νωρίς. Συμπέρασμα: Να είσαι ευέλικτος με ημερομηνίες, σύγκρινε σάιτ, κλείσε νωρίς. Καλά, προχωράω.","Να είσαι ευέλικτος με ημερομηνίες, σύγκρινε σάιτ, κλείσε νωρίς."
937,Γρήγορος οδηγός: φτηνές πτήσεις.,"Καλά, ας σκεφτούμε. Ευέλικτες ημερομηνίες, σύγκριση, νωρίς. Άρα απάντηση: Να είσαι ευέλικτος με ημερομηνίες, σύγκρινε σάιτ, κλείσε νωρίς. Λογικό.","Να είσαι ευέλικτος με ημερομηνίες, σύγκρινε σάιτ, κλείσε νωρίς."
938,Πώς βρίσκω δρόμο χωρίς ίντερνετ?,"Καλά, ας σκεφτούμε. Χάρτες οφλάιν, πινακίδες, ρώτα. Επομένως: Κατέβασε χάρτες οφλάιν, ακολούθα πινακίδες, ρώτα ανθρώπους. Οκ, αποφασίστηκε.","Κατέβασε χάρτες οφλάιν, ακολούθα πινακίδες, ρώτα ανθρώπους."
939,δρόμος χωρίς ίντερνετ - συμβουλές?,"Πρώτα ήρεμα. Χάρτες οφλάιν, πινακίδες, ρώτα. Συμπέρασμα: Κατέβασε χάρτες οφλάιν, ακολούθα πινακίδες, ρώτα ανθρώπους. Είμαι σίγουρος.","Κατέβασε χάρτες οφλάιν, ακολούθα πινακίδες, ρώτα ανθρώπους."
940,Γρήγορος οδηγός: δρόμος χωρίς ίντερνετ.,"Χμμ, τι ξέρω γι' αυτό? Χάρτες οφλάιν, πινακίδες, ρώτα. Συμπέρασμα: Κατέβασε χάρτες οφλάιν, ακολούθα πινακίδες, ρώτα ανθρώπους. Τέλος σκέψης.","Κατέβασε χάρτες οφλάιν, ακολούθα πινακίδες, ρώτα ανθρώπους."
941,Ποια διαφορά μεταξύ σκύλου και γάτας ως κατοικίδιο?,"Μισό λεπτό, σκέφτομαι. Σκύλοι: βόλτες και αγωγή· γάτες ανεξάρτητες. Επομένως: Οι σκύλοι θέλουν βόλτες και αγωγή, οι γάτες είναι πιο ανεξάρτητες. Διάλεξε κατά χρόνο και χώρο. Βγάζει νόημα.","Οι σκύλοι θέλουν βόλτες και αγωγή, οι γάτες είναι πιο ανεξάρτητες. Διάλεξε κατά χρόνο και χώρο."
942,σκύλος ή γάτα - τι προτείνεις?,"Το βάζω σε τάξη. Σκύλοι: βόλτες και αγωγή· γάτες ανεξάρτητες. Συμπέρασμα: Οι σκύλοι θέλουν βόλτες και αγωγή, οι γάτες είναι πιο ανεξάρτητες. Διάλεξε κατά χρόνο και χώρο. Είμαι σίγουρος.","Οι σκύλοι θέλουν βόλτες και αγωγή, οι γάτες είναι πιο ανεξάρτητες. Διάλεξε κατά χρόνο και χώρο."
943,Τρένο ή αμάξι για 300 χλμ?,"Οκ, βήμα-βήμα. Τρένο χαλάρωση και πράσινο, αμάξι ευέλικτο. Συμπέρασμα: Το τρένο είναι χαλάρωση και συχνά πιο πράσινο, το αμάξι ευέλικτο με αποσκευές. Με κίνηση κερδίζει το τρένο. Καλά, προχωράω.","Το τρένο είναι χαλάρωση και συχνά πιο πράσινο, το αμάξι ευέλικτο με αποσκευές. Με κίνηση κερδίζει το τρένο."
944,τρένο ή αμάξι 300 χλμ - τι προτείνεις?,"Το βάζω σε τάξη. Τρένο χαλάρωση και πράσινο, αμάξι ευέλικτο. Άρα απάντηση: Το τρένο είναι χαλάρωση και συχνά πιο πράσινο, το αμάξι ευέλικτο με αποσκευές. Με κίνηση κερδίζει το τρένο. Τέλος σκέψης.","Το τρένο είναι χαλάρωση και συχνά πιο πράσινο, το αμάξι ευέλικτο με αποσκευές. Με κίνηση κερδίζει το τρένο."
945,Μήλο ή σοκολάτα για σνακ?,"Το βάζω σε τάξη. Μήλο: βιταμίνες και χόρταση. Συμπέρασμα: Πάρε το μήλο για βιταμίνες και χόρταση, τη σοκολάτα ως εξαίρεση. Οκ, αποφασίστηκε.","Πάρε το μήλο για βιταμίνες και χόρταση, τη σοκολάτα ως εξαίρεση."
946,μήλο ή σοκολάτα - τι προτείνεις?,"Οκ, βήμα-βήμα. Μήλο: βιταμίνες και χόρταση. Επομένως: Πάρε το μήλο για βιταμίνες και χόρταση, τη σοκολάτα ως εξαίρεση. Όλα καθαρά στο μυαλό.","Πάρε το μήλο για βιταμίνες και χόρταση, τη σοκολάτα ως εξαίρεση."
947,Λάπτοπ ή PC για παιχνίδια?,"Καλά, ας σκεφτούμε. PC δυνατότερο για τα λεφτά, λάπτοπ κινητό. Άρα απάντηση: Τα PC δίνουν περισσότερη δύναμη για τα λεφτά, τα λάπτοπ είναι κινητά. Για μαξ διάλεξε PC. Είμαι σίγουρος.","Τα PC δίνουν περισσότερη δύναμη για τα λεφτά, τα λάπτοπ είναι κινητά. Για μαξ διάλεξε PC."
948,λάπτοπ ή PC παιχνίδια - τι προτείνεις?,"Πρώτα ήρεμα. PC δυνατότερο για τα λεφτά, λάπτοπ κινητό. Συμπέρασμα: Τα PC δίνουν περισσότερη δύναμη για τα λεφτά, τα λάπτοπ είναι κινητά. Για μαξ διάλεξε PC. Είμαι σίγουρος.","Τα PC δίνουν περισσότερη δύναμη για τα λεφτά, τα λάπτοπ είναι κινητά. Για μαξ διάλεξε PC."
949,Πόλη ή ύπαιθρος για να ζεις?,"Καλή ερώτηση, σκέφτομαι γρήγορα. Πόλη: δουλειές και κοντά· ύπαιθρος: ηρεμία. Άρα απάντηση: Οι πόλεις δίνουν δουλειές και κοντά, η ύπαιθρος ηρεμία και χώρο. Διάλεξε κατά δουλειά και στυλ. Βγάζει νόημα.","Οι πόλεις δίνουν δουλειές και κοντά, η ύπαιθρος ηρεμία και χώρο. Διάλεξε κατά δουλειά και στυλ."
950,πόλη ή ύπαιθρος - τι προτείνεις?,"Μισό λεπτό, σκέφτομαι. Πόλη: δουλειές και κοντά· ύπαιθρος: ηρεμία. Επομένως: Οι πόλεις δίνουν δουλειές και κοντά, η ύπαιθρος ηρεμία και χώρο. Διάλεξε κατά δουλειά και στυλ. Τέλος σκέψης.","Οι πόλεις δίνουν δουλειές και κοντά, η ύπαιθρος ηρεμία και χώρο. Διάλεξε κατά δουλειά και στυλ."
951,Τι μετρά πιο πολύ: ύπνος ή διάβασμα?,"Χμμ, τι ξέρω γι' αυτό? Ο ύπνος στερεώνει το διάβασμα. Επομένως: Ο ύπνος μετρά πιο πολύ γιατί στερεώνει το διάβασμα. Διάβαζε νωρίς, κοιμήσου αρκετά. Λογικό.","Ο ύπνος μετρά πιο πολύ γιατί στερεώνει το διάβασμα. Διάβαζε νωρίς, κοιμήσου αρκετά."
952,ύπνος ή διάβασμα - τι προτείνεις?,"Καλά, ας σκεφτούμε. Ο ύπνος στερεώνει το διάβασμα. Άρα απάντηση: Ο ύπνος μετρά πιο πολύ γιατί στερεώνει το διάβασμα. Διάβαζε νωρίς, κοιμήσου αρκετά. Τέλος σκέψης.","Ο ύπνος μετρά πιο πολύ γιατί στερεώνει το διάβασμα. Διάβαζε νωρίς, κοιμήσου αρκετά."
953,Καινούριο τηλέφωνο ή κρατάω το παλιό?,"Καλή ερώτηση, σκέφτομαι γρήγορα. Κράτα αν φτάνει· αγόρασε σε βλάβη ή ανάγκη. Συμπέρασμα: Κράτα το αν φτάνει. Αγόρασε καινούριο μόνο σε βλάβη ή πραγματική ανάγκη. Λογικό.",Κράτα το αν φτάνει. Αγόρασε καινούριο μόνο σε βλάβη ή πραγματική ανάγκη.
954,καινούριο τηλέφωνο - τι προτείνεις?,"Μισό λεπτό, σκέφτομαι. Κράτα αν φτάνει· αγόρασε σε βλάβη ή ανάγκη. Άρα απάντηση: Κράτα το αν φτάνει. Αγόρασε καινούριο μόνο σε βλάβη ή πραγματική ανάγκη. Οκ, αποφασίστηκε.",Κράτα το αν φτάνει. Αγόρασε καινούριο μόνο σε βλάβη ή πραγματική ανάγκη.
955,Τι είναι οι ψεύτικες ειδήσεις?,"Το βάζω σε τάξη. Εφευρεμένες, σαν αληθινές· έλεγξε πηγή. Άρα απάντηση: Οι ψεύτικες ειδήσεις είναι εφευρεμένες. Έλεγξε πηγή, ημερομηνία και άλλα μέσα. Όλα καθαρά στο μυαλό.","Οι ψεύτικες ειδήσεις είναι εφευρεμένες. Έλεγξε πηγή, ημερομηνία και άλλα μέσα."
956,ψεύτικες ειδήσεις - τι προτείνεις?,"Το περνάω από το μυαλό. Εφευρεμένες, σαν αληθινές· έλεγξε πηγή. Συμπέρασμα: Οι ψεύτικες ειδήσεις είναι εφευρεμένες. Έλεγξε πηγή, ημερομηνία και άλλα μέσα. Καλά, προχωράω.","Οι ψεύτικες ειδήσεις είναι εφευρεμένες. Έλεγξε πηγή, ημερομηνία και άλλα μέσα."
957,Ποια διαφορά μεταξύ γεγονότος και γνώμης?,"Χμμ, τι ξέρω γι' αυτό? Γεγονός αποδείξιμο, γνώμη προσωπική άποψη. Επομένως: Ένα γεγονός είναι αποδείξιμο και ελέγξιμο, μια γνώμη είναι προσωπική άποψη. Ναι, βγαίνει.","Ένα γεγονός είναι αποδείξιμο και ελέγξιμο, μια γνώμη είναι προσωπική άποψη."
958,γεγονός ή γνώμη - τι προτείνεις?,"Πρώτα ήρεμα. Γεγονός αποδείξιμο, γνώμη προσωπική άποψη. Άρα απάντηση: Ένα γεγονός είναι αποδείξιμο και ελέγξιμο, μια γνώμη είναι προσωπική άποψη. Βγάζει νόημα.","Ένα γεγονός είναι αποδείξιμο και ελέγξιμο, μια γνώμη είναι προσωπική άποψη."
959,Ποδήλατο ή λεωφορείο στο σχολείο? (5 χλμ),"Πρώτα ήρεμα. Καλό καιρό ποδήλατο, βροχή λεωφορείο. Συμπέρασμα: Με καλό καιρό πάρε ποδήλατο (περίπου 20 λεπτά, υγιεινό), με βροχή λεωφορείο. Τέλος σκέψης.","Με καλό καιρό πάρε ποδήλατο (περίπου 20 λεπτά, υγιεινό), με βροχή λεωφορείο."
960,ποδήλατο ή λεωφορείο σχολείο 5 χλμ - τι προτείνεις?,"Καλά, ας σκεφτούμε. Καλό καιρό ποδήλατο, βροχή λεωφορείο. Επομένως: Με καλό καιρό πάρε ποδήλατο (περίπου 20 λεπτά, υγιεινό), με βροχή λεωφορείο. Όλα καθαρά στο μυαλό.","Με καλό καιρό πάρε ποδήλατο (περίπου 20 λεπτά, υγιεινό), με βροχή λεωφορείο."
961,Νερό ή χυμός για δίψα?,"Το περνάω από το μυαλό. Νερό καλύτερα, χωρίς ζάχαρη. Επομένως: Το νερό ξεδιψά καλύτερα και δεν έχει ζάχαρη. Χυμός μόνο αραιωμένος. Βγάζει νόημα.",Το νερό ξεδιψά καλύτερα και δεν έχει ζάχαρη. Χυμός μόνο αραιωμένος.
962,νερό ή χυμός - τι προτείνεις?,"Οκ, βήμα-βήμα. Νερό καλύτερα, χωρίς ζάχαρη. Επομένως: Το νερό ξεδιψά καλύτερα και δεν έχει ζάχαρη. Χυμός μόνο αραιωμένος. Όλα καθαρά στο μυαλό.",Το νερό ξεδιψά καλύτερα και δεν έχει ζάχαρη. Χυμός μόνο αραιωμένος.
963,Καφές ή νερό το πρωί?,"Χμμ, τι ξέρω γι' αυτό? Πρώτα νερό, καφές με μέτρο. Άρα απάντηση: Πιες πρώτα νερό, καφέ μετά με μέτρο. Λογικό.","Πιες πρώτα νερό, καφέ μετά με μέτρο."
964,καφές ή νερό πρωί - τι προτείνεις?,"Χμμ, τι ξέρω γι' αυτό? Πρώτα νερό, καφές με μέτρο. Συμπέρασμα: Πιες πρώτα νερό, καφέ μετά με μέτρο. Τέλος σκέψης.","Πιες πρώτα νερό, καφέ μετά με μέτρο."
965,Ενοίκιο ή αγορά; (γενικά),"Χμμ, τι ξέρω γι' αυτό? Ευέλικτα ενοίκιο· μακροχρόνια έλεγξε αγορά. Επομένως: Νοίκιασε αν μένεις ευέλικτος· αν μένεις πολύ και μπορείς να πληρώσεις, έλεγξε αγορά με όλα τα κόστη. Οκ, αποφασίστηκε.","Νοίκιασε αν μένεις ευέλικτος· αν μένεις πολύ και μπορείς να πληρώσεις, έλεγξε αγορά με όλα τα κόστη."
966,ενοίκιο ή αγορά - τι προτείνεις?,"Μισό λεπτό, σκέφτομαι. Ευέλικτα ενοίκιο· μακροχρόνια έλεγξε αγορά. Άρα απάντηση: Νοίκιασε αν μένεις ευέλικτος· αν μένεις πολύ και μπορείς να πληρώσεις, έλεγξε αγορά με όλα τα κόστη. Βγάζει νόημα.","Νοίκιασε αν μένεις ευέλικτος· αν μένεις πολύ και μπορείς να πληρώσεις, έλεγξε αγορά με όλα τα κόστη."
967,Σηκώνομαι νωρίς ή αργά?,"Μισό λεπτό, σκέφτομαι. Κατά υποχρεώσεις και ύπνο. Άρα απάντηση: Διάλεξε κατά υποχρεώσεις και ύπνο: αρκετός ύπνος και σταθερός ρυθμός μετρούν. Οκ, αποφασίστηκε.",Διάλεξε κατά υποχρεώσεις και ύπνο: αρκετός ύπνος και σταθερός ρυθμός μετρούν.
968,νωρίς ή αργά - τι προτείνεις?,"Μισό λεπτό, σκέφτομαι. Κατά υποχρεώσεις και ύπνο. Συμπέρασμα: Διάλεξε κατά υποχρεώσεις και ύπνο: αρκετός ύπνος και σταθερός ρυθμός μετρούν. Είμαι σίγουρος.",Διάλεξε κατά υποχρεώσεις και ύπνο: αρκετός ύπνος και σταθερός ρυθμός μετρούν.
969,Σπορ καθημερινά?,"Χμμ, τι ξέρω γι' αυτό? Ξεκούραση μετρά· 3-4 φορές τη βδομάδα φτάνει. Συμπέρασμα: Όχι, σχεδίασε ξεκούραση. 3-4 φορές τη βδομάδα συνήθως φτάνει, καθημερινά μόνο ελαφρύ. Είμαι σίγουρος.","Όχι, σχεδίασε ξεκούραση. 3-4 φορές τη βδομάδα συνήθως φτάνει, καθημερινά μόνο ελαφρύ."
970,σπορ καθημερινά - τι προτείνεις?,"Το περνάω από το μυαλό. Ξεκούραση μετρά· 3-4 φορές τη βδομάδα φτάνει. Επομένως: Όχι, σχεδίασε ξεκούραση. 3-4 φορές τη βδομάδα συνήθως φτάνει, καθημερινά μόνο ελαφρύ. Ναι, βγαίνει.","Όχι, σχεδίασε ξεκούραση. 3-4 φορές τη βδομάδα συνήθως φτάνει, καθημερινά μόνο ελαφρύ."
971,Δουλειά με πυρετό?,"Οκ, βήμα-βήμα. Όχι, ξεκούραση και γιατρός. Επομένως: Όχι. Ξεκουράσου και πήγαινε σε γιατρό με υψηλό ή μακρύ πυρετό. Βγάζει νόημα.",Όχι. Ξεκουράσου και πήγαινε σε γιατρό με υψηλό ή μακρύ πυρετό.
972,πυρετός και δουλειά - τι προτείνεις?,"Μισό λεπτό, σκέφτομαι. Όχι, ξεκούραση και γιατρός. Άρα απάντηση: Όχι. Ξεκουράσου και πήγαινε σε γιατρό με υψηλό ή μακρύ πυρετό. Τέλος σκέψης.",Όχι. Ξεκουράσου και πήγαινε σε γιατρό με υψηλό ή μακρύ πυρετό.
973,Πώς διαλέγω μεταξύ δύο προσφορών?,"Πρώτα ήρεμα. Κριτήρια, υπέρ/κατά, προθεσμία. Συμπέρασμα: Βάλε κριτήρια, βαθμολόγησε, έλεγξε κόστη και ένστικτο, αποφάσισε με προθεσμία. Ναι, βγαίνει.","Βάλε κριτήρια, βαθμολόγησε, έλεγξε κόστη και ένστικτο, αποφάσισε με προθεσμία."
974,επιλογή μεταξύ προσφορών - τι προτείνεις?,"Καλά, ας σκεφτούμε. Κριτήρια, υπέρ/κατά, προθεσμία. Επομένως: Βάλε κριτήρια, βαθμολόγησε, έλεγξε κόστη και ένστικτο, αποφάσισε με προθεσμία. Καλά, προχωράω.","Βάλε κριτήρια, βαθμολόγησε, έλεγξε κόστη και ένστικτο, αποφάσισε με προθεσμία."
975,Πώς αποταμιεύω 500 ευρώ σε 5 μήνες?,"Χμμ, τι ξέρω γι' αυτό? 500/5=100 το μήνα αυτόματα. Επανυπολογισμός: Αποταμίευε 100 ευρώ το μήνα αυτόματα, π.χ. εντολή μετά το μισθό. Βγαίνει. Καλά, προχωράω.","Αποταμίευε 100 ευρώ το μήνα αυτόματα, π.χ. εντολή μετά το μισθό."
976,αποταμίευση 500 σε 5 μήνες - τι προτείνεις?,"Πρώτα ήρεμα. 500/5=100 το μήνα αυτόματα. Επανυπολογισμός: Αποταμίευε 100 ευρώ το μήνα αυτόματα, π.χ. εντολή μετά το μισθό. Βγαίνει. Καλά, προχωράω.","Αποταμίευε 100 ευρώ το μήνα αυτόματα, π.χ. εντολή μετά το μισθό."
977,Ποια διαφορά μεταξύ ανάγκης και επιθυμίας?,"Μισό λεπτό, σκέφτομαι. Ανάγκη ζωτική, επιθυμία πέρα. Άρα απάντηση: Η ανάγκη είναι ζωτική, η επιθυμία είναι πόθος πέρα. Τέλος σκέψης.","Η ανάγκη είναι ζωτική, η επιθυμία είναι πόθος πέρα."
978,ανάγκη ή επιθυμία - τι προτείνεις?,"Πρώτα ήρεμα. Ανάγκη ζωτική, επιθυμία πέρα. Συμπέρασμα: Η ανάγκη είναι ζωτική, η επιθυμία είναι πόθος πέρα. Λογικό.","Η ανάγκη είναι ζωτική, η επιθυμία είναι πόθος πέρα."
979,Τι μετρά πιο πολύ: χρήματα ή χρόνος?,"Καλή ερώτηση, σκέφτομαι γρήγορα. Χρόνος περιορισμένος, χρήματα αντικαταστατά. Άρα απάντηση: Ο χρόνος είναι περιορισμένος και δεν γυρίζει, τα χρήματα ξανακερδίζονται. Μετρά η ισορροπία. Λογικό.","Ο χρόνος είναι περιορισμένος και δεν γυρίζει, τα χρήματα ξανακερδίζονται. Μετρά η ισορροπία."
980,χρήματα ή χρόνος - τι προτείνεις?,"Καλή ερώτηση, σκέφτομαι γρήγορα. Χρόνος περιορισμένος, χρήματα αντικαταστατά. Άρα απάντηση: Ο χρόνος είναι περιορισμένος και δεν γυρίζει, τα χρήματα ξανακερδίζονται. Μετρά η ισορροπία. Οκ, αποφασίστηκε.","Ο χρόνος είναι περιορισμένος και δεν γυρίζει, τα χρήματα ξανακερδίζονται. Μετρά η ισορροπία."
981,Σύνοψη: πότε σκέφτεσαι και πότε όχι?,"Καλά, ας σκεφτούμε. Κανόνας: κουβέντα χωρίς σκέψη· γεγονότα, υπολογισμοί, εξηγήσεις, αποφάσεις με σκέψη. Συμπέρασμα: Δε σκέφτομαι σε χαιρετισμούς, ευχαριστίες και κουβέντα. Σκέφτομαι σε γεγονότα, υπολογισμούς, εξηγήσεις, συγκρίσεις και αποφάσεις, και τότε δείχνω τη σκέψη. Λογικό.","Δε σκέφτομαι σε χαιρετισμούς, ευχαριστίες και κουβέντα. Σκέφτομαι σε γεγονότα, υπολογισμούς, εξηγήσεις, συγκρίσεις και αποφάσεις, και τότε δείχνω τη σκέψη."
982,Τι είναι ανοχή?,"Οκ, βήμα-βήμα. Όρισε ανοχή απλά και σωστά. Συμπέρασμα: ανοχή σύντομα: Η ανοχή δέχεται άλλες γνώμες και τρόπους ζωής. Όλα καθαρά στο μυαλό.",ανοχή σύντομα: Η ανοχή δέχεται άλλες γνώμες και τρόπους ζωής.
983,Τι είναι υπομονή?,"Καλή ερώτηση, σκέφτομαι γρήγορα. Όρισε υπομονή απλά και σωστά. Συμπέρασμα: υπομονή σύντομα: Η υπομονή περιμένει ήρεμα και επιμένει. Όλα καθαρά στο μυαλό.",υπομονή σύντομα: Η υπομονή περιμένει ήρεμα και επιμένει.
984,Τι είναι θάρρος?,"Πρώτα ήρεμα. Όρισε θάρρος απλά και σωστά. Συμπέρασμα: θάρρος σύντομα: Το θάρρος κάνει το σωστό παρά το φόβο. Ναι, βγαίνει.",θάρρος σύντομα: Το θάρρος κάνει το σωστό παρά το φόβο.
985,Τι είναι πειθαρχία?,"Καλή ερώτηση, σκέφτομαι γρήγορα. Όρισε πειθαρχία απλά και σωστά. Συμπέρασμα: πειθαρχία σύντομα: Η πειθαρχία επιμένει ακόμα χωρίς όρεξη. Όλα καθαρά στο μυαλό.",πειθαρχία σύντομα: Η πειθαρχία επιμένει ακόμα χωρίς όρεξη.
986,Τι είναι δημιουργικότητα?,Πρώτα ήρεμα. Όρισε δημιουργικότητα απλά και σωστά. Άρα απάντηση: δημιουργικότητα σύντομα: Η δημιουργικότητα βρίσκει νέες ιδέες και λύσεις. Όλα καθαρά στο μυαλό.,δημιουργικότητα σύντομα: Η δημιουργικότητα βρίσκει νέες ιδέες και λύσεις.
987,Τι είναι ομαδική δουλειά?,"Πρώτα ήρεμα. Όρισε ομαδική δουλειά απλά και σωστά. Συμπέρασμα: ομαδική δουλειά σύντομα: Η ομαδική δουλειά προχωρά μαζί προς στόχο. Οκ, αποφασίστηκε.",ομαδική δουλειά σύντομα: Η ομαδική δουλειά προχωρά μαζί προς στόχο.
988,Τι είναι ευθύνη?,"Καλή ερώτηση, σκέφτομαι γρήγορα. Όρισε ευθύνη απλά και σωστά. Επομένως: ευθύνη σύντομα: Η ευθύνη αναλαμβάνει πράξεις και συνέπειες. Ναι, βγαίνει.",ευθύνη σύντομα: Η ευθύνη αναλαμβάνει πράξεις και συνέπειες.
989,Τι είναι εμπιστοσύνη?,"Πρώτα ήρεμα. Όρισε εμπιστοσύνη απλά και σωστά. Άρα απάντηση: εμπιστοσύνη σύντομα: Η εμπιστοσύνη επιτρέπει να βασίζεσαι σε άλλους. Οκ, αποφασίστηκε.",εμπιστοσύνη σύντομα: Η εμπιστοσύνη επιτρέπει να βασίζεσαι σε άλλους.
990,Τι είναι ευγένεια?,"Καλή ερώτηση, σκέφτομαι γρήγορα. Όρισε ευγένεια απλά και σωστά. Επομένως: ευγένεια σύντομα: Η ευγένεια είναι σεβαστική και ευγενική. Λογικό.",ευγένεια σύντομα: Η ευγένεια είναι σεβαστική και ευγενική.
991,Τι είναι ακρίβεια?,Το περνάω από το μυαλό. Όρισε ακρίβεια απλά και σωστά. Συμπέρασμα: ακρίβεια σύντομα: Η ακρίβεια κρατά συμφωνημένες ώρες. Λογικό.,ακρίβεια σύντομα: Η ακρίβεια κρατά συμφωνημένες ώρες.
992,Τι είναι αξιοπιστία?,"Καλά, ας σκεφτούμε. Όρισε αξιοπιστία απλά και σωστά. Άρα απάντηση: αξιοπιστία σύντομα: Η αξιοπιστία κρατά υποσχέσεις. Καλά, προχωράω.",αξιοπιστία σύντομα: Η αξιοπιστία κρατά υποσχέσεις.
993,Τι είναι υγεία?,"Πρώτα ήρεμα. Όρισε υγεία απλά και σωστά. Συμπέρασμα: υγεία σύντομα: Η υγεία είναι σωματική και ψυχική ευεξία. Καλά, προχωράω.",υγεία σύντομα: Η υγεία είναι σωματική και ψυχική ευεξία.
994,Τι είναι ευτυχία?,"Καλή ερώτηση, σκέφτομαι γρήγορα. Όρισε ευτυχία απλά και σωστά. Άρα απάντηση: ευτυχία σύντομα: Η ευτυχία είναι ικανοποίηση και χαρούμενες στιγμές. Όλα καθαρά στο μυαλό.",ευτυχία σύντομα: Η ευτυχία είναι ικανοποίηση και χαρούμενες στιγμές.
995,Τι είναι επιτυχία?,"Οκ, βήμα-βήμα. Όρισε επιτυχία απλά και σωστά. Συμπέρασμα: επιτυχία σύντομα: Η επιτυχία φτάνει καθορισμένους στόχους. Ναι, βγαίνει.",επιτυχία σύντομα: Η επιτυχία φτάνει καθορισμένους στόχους.
996,Τι είναι μάθηση?,"Καλή ερώτηση, σκέφτομαι γρήγορα. Όρισε μάθηση απλά και σωστά. Επομένως: μάθηση σύντομα: Η μάθηση αποκτά γνώση και δεξιότητες. Βγάζει νόημα.",μάθηση σύντομα: Η μάθηση αποκτά γνώση και δεξιότητες.
997,Τι είναι γνώση?,Το περνάω από το μυαλό. Όρισε γνώση απλά και σωστά. Άρα απάντηση: γνώση σύντομα: Η γνώση είναι κατανοητή πληροφορία για τον κόσμο. Βγάζει νόημα.,γνώση σύντομα: Η γνώση είναι κατανοητή πληροφορία για τον κόσμο.
998,Τι είναι εμπειρία?,"Καλή ερώτηση, σκέφτομαι γρήγορα. Όρισε εμπειρία απλά και σωστά. Επομένως: εμπειρία σύντομα: Η εμπειρία είναι γνώση από βιωμένα. Οκ, αποφασίστηκε.",εμπειρία σύντομα: Η εμπειρία είναι γνώση από βιωμένα.
999,Τι είναι χιούμορ?,"Χμμ, τι ξέρω γι' αυτό? Όρισε χιούμορ απλά και σωστά. Επομένως: χιούμορ σύντομα: Το χιούμορ ξέρει να γελά με αστεία. Λογικό.",χιούμορ σύντομα: Το χιούμορ ξέρει να γελά με αστεία.
1000,Τι είναι αγάπη?,"Καλή ερώτηση, σκέφτομαι γρήγορα. Όρισε αγάπη απλά και σωστά. Άρα απάντηση: αγάπη σύντομα: Η αγάπη είναι βαθιά στοργή και φροντίδα. Καλά, προχωράω.",αγάπη σύντομα: Η αγάπη είναι βαθιά στοργή και φροντίδα.
