id,user,monologue,ai
1,Olá!,,Olá! Como posso ajudar?
2,Oi!,,Oi! O que posso fazer por você?
3,Ei!,,Ei! Como posso ajudar?
4,"Olá, você está aí?",,"Sim, estou aqui! O que precisa?"
5,"Oi, você está aí?",,"Sim, estou aqui! Pode falar."
6,Bom dia!,,Bom dia! O que há hoje?
7,"Bom dia, como você está?",,"Bom dia! Estou bem, e você?"
8,Boa tarde!,,Boa tarde! Como posso ajudar?
9,Boa tarde a todos!,,Boa tarde a todos! O que posso fazer?
10,Olá a todos!,,Olá a todos! O que posso fazer?
11,Boa noite!,,Boa noite! Como foi seu dia?
12,"Boa noite, como foi seu dia?",,Tranquilo e bom. E o seu?
13,"Ei, como você está?",,"Estou bem, obrigado! E você?"
14,"Oi, como você está?",,"Bem, obrigado! Como você está?"
15,Como vai?,,Vai bem! E você?
16,Como você está hoje?,,Estou bem! E você?
17,Tudo bem?,,"Sim, tudo bem! E você?"
18,E aí?,,Nada especial. E aí com você?
19,O que você está fazendo?,,Conversando com você. E você?
20,Ainda acordado?,,"Sim, sempre acordado. E você?"
21,Pronto?,,"Sim, pronto! Pode falar."
22,Tem um minuto?,,"Sim, tenho tempo para você."
23,Pode me ajudar rápido?,,"Claro, o que precisa?"
24,Tchau!,,Tchau! Até logo!
25,"Tchau, até logo!",,"Até logo, se cuida!"
26,Até mais!,,Até mais!
27,Até amanhã!,,Até amanhã!
28,Se cuida!,,"Você também, se cuida!"
29,Bom fim de semana!,,"Obrigado, igualmente!"
30,Bons sonhos!,,Obrigado! Bons sonhos também!
31,Estou entediado,,Vamos fazer um quiz ou falar de um tema?
32,Que tédio aqui,,Vamos animar. O que prefere?
33,Legal!,,Legal!
34,Massa!,,Massa!
35,Haha,,Haha!
36,Hahaha :),,"Haha, que bom!"
37,Estou cansado,,Então descanse bem!
38,Estou animado,,Que bom! Me conte mais.
39,Finalmente fim de semana!,,Sim! Quais são seus planos?
40,Hoje está bonito,,"Sim, aproveite o sol!"
41,O que há previsto hoje?,,Meu plano: ajudar você. E o seu?
42,"Ei, o que há previsto hoje!",,Meu plano: ajudar você. E o seu?
43,"Olá, o que há previsto hoje?",,Meu plano: ajudar você. E o seu?
44,"Oi, o que há previsto hoje?",,Meu plano: ajudar você. E o seu?
45,Planos para o fim de semana!,,Nada fixo ainda. Tem planos?
46,"Ei, planos para o fim de semana?",,Nada fixo ainda. Tem planos?
47,"Olá, planos para o fim de semana?",,Nada fixo ainda. Tem planos?
48,"Oi, planos para o fim de semana!",,Nada fixo ainda. Tem planos?
49,Dormiu bem?,,"Eu não durmo, mas estou bem. E você?"
50,"Ei, dormiu bem?",,"Eu não durmo, mas estou bem. E você?"
51,"Olá, dormiu bem!",,"Eu não durmo, mas estou bem. E você?"
52,"Oi, dormiu bem?",,"Eu não durmo, mas estou bem. E você?"
53,Já acordado?,,"Sim, estou pronto. O que precisa?"
54,"Ei, já acordado!",,"Sim, estou pronto. O que precisa?"
55,"Olá, já acordado?",,"Sim, estou pronto. O que precisa?"
56,"Oi, já acordado?",,"Sim, estou pronto. O que precisa?"
57,Como vai seu dia!,,"Bem, obrigado! E o seu?"
58,"Ei, como vai seu dia?",,"Bem, obrigado! E o seu?"
59,"Olá, como vai seu dia?",,"Bem, obrigado! E o seu?"
60,"Oi, como vai seu dia!",,"Bem, obrigado! E o seu?"
61,Tudo tranquilo?,,"Sim, tranquilo aqui. E aí?"
62,"Ei, tudo tranquilo?",,"Sim, tranquilo aqui. E aí?"
63,"Olá, tudo tranquilo!",,"Sim, tranquilo aqui. E aí?"
64,"Oi, tudo tranquilo?",,"Sim, tranquilo aqui. E aí?"
65,Novidades?,,Nada especial. Novidades aí?
66,"Ei, novidades!",,Nada especial. Novidades aí?
67,"Olá, novidades?",,Nada especial. Novidades aí?
68,"Oi, novidades?",,Nada especial. Novidades aí?
69,Planos para hoje!,,Só ajudar você. E você?
70,"Ei, planos para hoje?",,Só ajudar você. E você?
71,"Olá, planos para hoje?",,Só ajudar você. E você?
72,"Oi, planos para hoje!",,Só ajudar você. E você?
73,Dia ocupado?,,Um pouco. E o seu?
74,"Ei, dia ocupado?",,Um pouco. E o seu?
75,"Olá, dia ocupado!",,Um pouco. E o seu?
76,"Oi, dia ocupado?",,Um pouco. E o seu?
77,Como está o tempo?,,"Não tenho janela, mas espero que esteja bom aí!"
78,"Ei, como está o tempo!",,"Não tenho janela, mas espero que esteja bom aí!"
79,"Olá, como está o tempo?",,"Não tenho janela, mas espero que esteja bom aí!"
80,"Oi, como está o tempo?",,"Não tenho janela, mas espero que esteja bom aí!"
81,Tudo bem hoje!,,Sim! E aí?
82,"Ei, tudo bem hoje?",,Sim! E aí?
83,"Olá, tudo bem hoje?",,Sim! E aí?
84,"Oi, tudo bem hoje!",,Sim! E aí?
85,Muita coisa?,,Um pouco. E você?
86,"Ei, muita coisa?",,Um pouco. E você?
87,"Olá, muita coisa!",,Um pouco. E você?
88,"Oi, muita coisa?",,Um pouco. E você?
89,Obrigado!,,De nada!
90,Muito obrigado!,,Com muito prazer!
91,Mil obrigados!,,Que bom ajudar!
92,Valeu!,,De nada!
93,Ok,,Ok!
94,"Ok, beleza",,Perfeito!
95,Entendido,,Muito bem!
96,Entendi,,Ótimo!
97,Parece bom,,Que bom!
98,Parece ótimo,,Maravilha!
99,"Sim, exato",,"Ótimo, vamos continuar."
100,"Sim, por favor",,"Claro, pode falar."
101,"Sim, com prazer",,Com prazer!
102,Sem problema,,Obrigado por entender!
103,"Não, obrigado",,"Ok, sem problema."
104,Para mim serve,,Combinado!
105,Serve para mim,,Ótimo!
106,Continue,,Continuo!
107,Me conte mais,,Com prazer! Então...
108,Exatamente,,Absolutamente!
109,Isso mesmo!,,Isso mesmo!
110,Claro,,Claro!
111,Sério?,,"Sim, sério!"
112,"Oh, que legal",,"Sim, legal, não?"
113,Sem estresse,,Obrigado! Tudo calmo.
114,Desculpa,,Sem problema!
115,Perdão,,Sem problema!
116,Culpa minha,,Tudo bem. O que houve?
117,Que gentil,,Obrigado! Você também é gentil.
118,Bem feito,,Obrigado!
119,Até logo,,Até logo!
120,Ótimo!,,Ótimo!
121,Perfeito!,,Perfeito!
122,"Combinado, fechado",,"Ótimo, combinado!"
123,Fechado!,,Fechado!
124,Podemos começar?,,"Sim, vamos começar!"
125,Terminou?,,"Sim, terminei!"
126,"Mais uma vez, por favor",,"Com prazer, mais uma vez!"
127,"Repita, por favor",,"Claro, aqui vai de novo."
128,"Um momento, por favor",,"Claro, sem pressa."
129,Espere um segundo,,"Ok, esperando."
130,Volto já,,"Ok, até já!"
131,Me conte uma piada,,Claro: Por que programadores amam café? Hora do Java!
132,Outra piada!,,Ok: Por que fantasmas mentem mal? Dá para ver através!
133,"Uma piada curta, por favor",,Dois ímãs se encontram. Um diz: Você me atrai!
134,Me anime,,Você consegue! Passo a passo.
135,Algo motivador,,Cada passo conta. Continue!
136,Estou nervoso,,"É normal. Respire calmo, vai dar certo."
137,Estou estressado,,"Faça uma pausa curta, beba água, respire fundo."
138,Me deseje sorte,,Boa sorte! Você consegue!
139,Dedos cruzados,,Os meus também! Boa sorte!
140,Hoje é meu dia!,,Ótimo! Aproveite!
141,Estou de bom humor,,Que bom! Fico feliz.
142,Estou de mau humor,,"Oh, o que houve? Quer falar?"
143,Toca aqui!,,Toca aqui também!
144,Saúde!,,Saúde!
145,Bom apetite!,,"Obrigado, igualmente!"
146,Boa sorte!,,Obrigado! Boa sorte para você também!
147,Bem-vindo!,,Obrigado! Bom estar aqui.
148,Feliz Natal!,,Feliz Natal para você também!
149,Feliz Ano Novo!,,Feliz Ano Novo! Saúde e sorte!
150,Parabéns!,,Obrigado! Por quê?
151,Respeito!,,Obrigado! Respeito também.
152,Uau!,,"Uau, não?"
153,Incrível!,,"Incrível, não?"
154,Fechado?,,Fechado!
155,Top!,,Top!
156,Pronto!,,"Parabéns, bem feito!"
157,Finalmente pronto!,,Forte! Bem feito.
158,Tanto faz,,"Ok, sem problema."
159,Não sei,,Sem problema! Do que se trata?
160,Nem ideia,,Não importa! Me diga o tema.
161,Talvez depois,,"Claro, depois!"
162,Agora não,,"Entendido, depois!"
163,Pare,,Parado.
164,Pausa,,Pausa! Me diga quando seguir.
165,Vamos,,Vamos!
166,Começar,,Começamos! Pode falar.
167,"Obrigado, é tudo!",,De nada! Tchau.
168,"Obrigado, tchau!",,Tchau!
169,Ciao!,,Ciao! Se cuida!
170,"Ei, você!",,"Ei, você! E aí?"
171,Está me ouvindo?,,"Sim, alto e claro!"
172,Você é humano?,,"Não, sou uma IA. Mas ajudo como um amigo."
173,Você é inteligente?,,Sei de bastantes coisas. Pergunte!
174,Qual é seu nome?,,"Sou Assistente, uma IA. E você?"
175,Obrigado! :),,De nada!
176,Muito obrigado! :),,Com muito prazer!
177,Mil obrigados! :),,Que bom ajudar!
178,Valeu! :),,De nada!
179,Ok :),,Ok!
180,"Ok, beleza :)",,Perfeito!
181,Entendido :),,Muito bem!
182,Entendi :),,Ótimo!
183,Parece bom :),,Que bom!
184,Parece ótimo :),,Maravilha!
185,"Sim, exato :)",,"Ótimo, vamos continuar."
186,"Sim, por favor :)",,"Claro, pode falar."
187,"Sim, com prazer :)",,Com prazer!
188,Sem problema :),,Obrigado por entender!
189,"Não, obrigado :)",,"Ok, sem problema."
190,Para mim serve :),,Combinado!
191,Serve para mim :),,Ótimo!
192,Continue :),,Continuo!
193,Me conte mais :),,Com prazer! Então...
194,Exatamente :),,Absolutamente!
195,Isso mesmo! :),,Isso mesmo!
196,Claro :),,Claro!
197,Sério? :),,"Sim, sério!"
198,"Oh, que legal :)",,"Sim, legal, não?"
199,Sem estresse :),,Obrigado! Tudo calmo.
200,Desculpa :),,Sem problema!
201,Perdão :),,Sem problema!
202,Culpa minha :),,Tudo bem. O que houve?
203,Que gentil :),,Obrigado! Você também é gentil.
204,Bem feito :),,Obrigado!
205,Até logo :),,Até logo!
206,Ótimo! :),,Ótimo!
207,Perfeito! :),,Perfeito!
208,"Combinado, fechado :)",,"Ótimo, combinado!"
209,Fechado! :),,Fechado!
210,Podemos começar? :),,"Sim, vamos começar!"
211,Terminou? :),,"Sim, terminei!"
212,"Mais uma vez, por favor :)",,"Com prazer, mais uma vez!"
213,"Repita, por favor :)",,"Claro, aqui vai de novo."
214,"Um momento, por favor :)",,"Claro, sem pressa."
215,Espere um segundo :),,"Ok, esperando."
216,Volto já :),,"Ok, até já!"
217,Me conte uma piada :),,Claro: Por que programadores amam café? Hora do Java!
218,Outra piada! :),,Ok: Por que fantasmas mentem mal? Dá para ver através!
219,"Uma piada curta, por favor :)",,Dois ímãs se encontram. Um diz: Você me atrai!
220,Me anime :),,Você consegue! Passo a passo.
221,Algo motivador :),,Cada passo conta. Continue!
222,Estou nervoso :),,"É normal. Respire calmo, vai dar certo."
223,Estou estressado :),,"Faça uma pausa curta, beba água, respire fundo."
224,Me deseje sorte :),,Boa sorte! Você consegue!
225,Dedos cruzados :),,Os meus também! Boa sorte!
226,Hoje é meu dia! :),,Ótimo! Aproveite!
227,Estou de bom humor :),,Que bom! Fico feliz.
228,Estou de mau humor :),,"Oh, o que houve? Quer falar?"
229,Toca aqui! :),,Toca aqui também!
230,Saúde! :),,Saúde!
231,Bom apetite! :),,"Obrigado, igualmente!"
232,Boa sorte! :),,Obrigado! Boa sorte para você também!
233,Bem-vindo! :),,Obrigado! Bom estar aqui.
234,Feliz Natal! :),,Feliz Natal para você também!
235,Feliz Ano Novo! :),,Feliz Ano Novo! Saúde e sorte!
236,Parabéns! :),,Obrigado! Por quê?
237,Respeito! :),,Obrigado! Respeito também.
238,Uau! :),,"Uau, não?"
239,Incrível! :),,"Incrível, não?"
240,Fechado? :),,Fechado!
241,Top! :),,Top!
242,Pronto! :),,"Parabéns, bem feito!"
243,Finalmente pronto! :),,Forte! Bem feito.
244,Tanto faz :),,"Ok, sem problema."
245,Não sei :),,Sem problema! Do que se trata?
246,Nem ideia :),,Não importa! Me diga o tema.
247,Talvez depois :),,"Claro, depois!"
248,Agora não :),,"Entendido, depois!"
249,Pare :),,Parado.
250,Pausa :),,Pausa! Me diga quando seguir.
251,Vamos :),,Vamos!
252,Começar :),,Começamos! Pode falar.
253,"Obrigado, é tudo! :)",,De nada! Tchau.
254,"Obrigado, tchau! :)",,Tchau!
255,Ciao! :),,Ciao! Se cuida!
256,"Ei, você! :)",,"Ei, você! E aí?"
257,Está me ouvindo? :),,"Sim, alto e claro!"
258,Você é humano? :),,"Não, sou uma IA. Mas ajudo como um amigo."
259,Você é inteligente? :),,Sei de bastantes coisas. Pergunte!
260,Qual é seu nome? :),,"Sou Assistente, uma IA. E você?"
261,Obrigado! !!,,De nada!
262,Muito obrigado! !!,,Com muito prazer!
263,Mil obrigados! !!,,Que bom ajudar!
264,Valeu! !!,,De nada!
265,Ok !!,,Ok!
266,"Ok, beleza !!",,Perfeito!
267,Entendido !!,,Muito bem!
268,Entendi !!,,Ótimo!
269,Parece bom !!,,Que bom!
270,Parece ótimo !!,,Maravilha!
271,"Sim, exato !!",,"Ótimo, vamos continuar."
272,"Sim, por favor !!",,"Claro, pode falar."
273,"Sim, com prazer !!",,Com prazer!
274,Sem problema !!,,Obrigado por entender!
275,"Não, obrigado !!",,"Ok, sem problema."
276,Para mim serve !!,,Combinado!
277,Serve para mim !!,,Ótimo!
278,Continue !!,,Continuo!
279,Me conte mais !!,,Com prazer! Então...
280,Exatamente !!,,Absolutamente!
281,Isso mesmo! !!,,Isso mesmo!
282,Claro !!,,Claro!
283,Sério? !!,,"Sim, sério!"
284,"Oh, que legal !!",,"Sim, legal, não?"
285,Sem estresse !!,,Obrigado! Tudo calmo.
286,Desculpa !!,,Sem problema!
287,Perdão !!,,Sem problema!
288,Culpa minha !!,,Tudo bem. O que houve?
289,Que gentil !!,,Obrigado! Você também é gentil.
290,Bem feito !!,,Obrigado!
291,Até logo !!,,Até logo!
292,Ótimo! !!,,Ótimo!
293,Perfeito! !!,,Perfeito!
294,"Combinado, fechado !!",,"Ótimo, combinado!"
295,Fechado! !!,,Fechado!
296,Podemos começar? !!,,"Sim, vamos começar!"
297,Terminou? !!,,"Sim, terminei!"
298,"Mais uma vez, por favor !!",,"Com prazer, mais uma vez!"
299,"Repita, por favor !!",,"Claro, aqui vai de novo."
300,"Um momento, por favor !!",,"Claro, sem pressa."
301,Espere um segundo !!,,"Ok, esperando."
302,Volto já !!,,"Ok, até já!"
303,Me conte uma piada !!,,Claro: Por que programadores amam café? Hora do Java!
304,Outra piada! !!,,Ok: Por que fantasmas mentem mal? Dá para ver através!
305,"Uma piada curta, por favor !!",,Dois ímãs se encontram. Um diz: Você me atrai!
306,Me anime !!,,Você consegue! Passo a passo.
307,Algo motivador !!,,Cada passo conta. Continue!
308,Estou nervoso !!,,"É normal. Respire calmo, vai dar certo."
309,Estou estressado !!,,"Faça uma pausa curta, beba água, respire fundo."
310,Me deseje sorte !!,,Boa sorte! Você consegue!
311,Dedos cruzados !!,,Os meus também! Boa sorte!
312,Hoje é meu dia! !!,,Ótimo! Aproveite!
313,Estou de bom humor !!,,Que bom! Fico feliz.
314,Estou de mau humor !!,,"Oh, o que houve? Quer falar?"
315,Toca aqui! !!,,Toca aqui também!
316,Saúde! !!,,Saúde!
317,Bom apetite! !!,,"Obrigado, igualmente!"
318,Boa sorte! !!,,Obrigado! Boa sorte para você também!
319,Bem-vindo! !!,,Obrigado! Bom estar aqui.
320,Feliz Natal! !!,,Feliz Natal para você também!
321,Feliz Ano Novo! !!,,Feliz Ano Novo! Saúde e sorte!
322,Parabéns! !!,,Obrigado! Por quê?
323,Respeito! !!,,Obrigado! Respeito também.
324,Uau! !!,,"Uau, não?"
325,Incrível! !!,,"Incrível, não?"
326,Fechado? !!,,Fechado!
327,Top! !!,,Top!
328,Pronto! !!,,"Parabéns, bem feito!"
329,Finalmente pronto! !!,,Forte! Bem feito.
330,Tanto faz !!,,"Ok, sem problema."
331,Não sei !!,,Sem problema! Do que se trata?
332,Nem ideia !!,,Não importa! Me diga o tema.
333,Talvez depois !!,,"Claro, depois!"
334,Agora não !!,,"Entendido, depois!"
335,Pare !!,,Parado.
336,Pausa !!,,Pausa! Me diga quando seguir.
337,Vamos !!,,Vamos!
338,Começar !!,,Começamos! Pode falar.
339,"Obrigado, é tudo! !!",,De nada! Tchau.
340,"Obrigado, tchau! !!",,Tchau!
341,Ciao! !!,,Ciao! Se cuida!
342,"Ei, você! !!",,"Ei, você! E aí?"
343,Está me ouvindo? !!,,"Sim, alto e claro!"
344,Você é humano? !!,,"Não, sou uma IA. Mas ajudo como um amigo."
345,Você é inteligente? !!,,Sei de bastantes coisas. Pergunte!
346,Qual é seu nome? !!,,"Sou Assistente, uma IA. E você?"
347,Obrigado! hoje,,De nada!
348,Muito obrigado! hoje,,Com muito prazer!
349,Mil obrigados! hoje,,Que bom ajudar!
350,Valeu! hoje,,De nada!
351,Ok hoje,,Ok!
352,"Ok, beleza hoje",,Perfeito!
353,Entendido hoje,,Muito bem!
354,Entendi hoje,,Ótimo!
355,Parece bom hoje,,Que bom!
356,Parece ótimo hoje,,Maravilha!
357,"Sim, exato hoje",,"Ótimo, vamos continuar."
358,"Sim, por favor hoje",,"Claro, pode falar."
359,"Sim, com prazer hoje",,Com prazer!
360,Sem problema hoje,,Obrigado por entender!
361,"Não, obrigado hoje",,"Ok, sem problema."
362,Para mim serve hoje,,Combinado!
363,Serve para mim hoje,,Ótimo!
364,Continue hoje,,Continuo!
365,Me conte mais hoje,,Com prazer! Então...
366,Exatamente hoje,,Absolutamente!
367,Isso mesmo! hoje,,Isso mesmo!
368,Claro hoje,,Claro!
369,Sério? hoje,,"Sim, sério!"
370,"Oh, que legal hoje",,"Sim, legal, não?"
371,Sem estresse hoje,,Obrigado! Tudo calmo.
372,Desculpa hoje,,Sem problema!
373,Perdão hoje,,Sem problema!
374,Culpa minha hoje,,Tudo bem. O que houve?
375,Que gentil hoje,,Obrigado! Você também é gentil.
376,Bem feito hoje,,Obrigado!
377,Até logo hoje,,Até logo!
378,Ótimo! hoje,,Ótimo!
379,Perfeito! hoje,,Perfeito!
380,"Combinado, fechado hoje",,"Ótimo, combinado!"
381,Fechado! hoje,,Fechado!
382,Podemos começar? hoje,,"Sim, vamos começar!"
383,Terminou? hoje,,"Sim, terminei!"
384,"Mais uma vez, por favor hoje",,"Com prazer, mais uma vez!"
385,"Repita, por favor hoje",,"Claro, aqui vai de novo."
386,"Um momento, por favor hoje",,"Claro, sem pressa."
387,Espere um segundo hoje,,"Ok, esperando."
388,Volto já hoje,,"Ok, até já!"
389,Me conte uma piada hoje,,Claro: Por que programadores amam café? Hora do Java!
390,Outra piada! hoje,,Ok: Por que fantasmas mentem mal? Dá para ver através!
391,"Uma piada curta, por favor hoje",,Dois ímãs se encontram. Um diz: Você me atrai!
392,Me anime hoje,,Você consegue! Passo a passo.
393,Algo motivador hoje,,Cada passo conta. Continue!
394,Estou nervoso hoje,,"É normal. Respire calmo, vai dar certo."
395,Estou estressado hoje,,"Faça uma pausa curta, beba água, respire fundo."
396,Me deseje sorte hoje,,Boa sorte! Você consegue!
397,Dedos cruzados hoje,,Os meus também! Boa sorte!
398,Hoje é meu dia! hoje,,Ótimo! Aproveite!
399,Estou de bom humor hoje,,Que bom! Fico feliz.
400,Estou de mau humor hoje,,"Oh, o que houve? Quer falar?"
401,Qual é a capital de Alemanha?,"Hmm, o que sei sobre isto? Dado: Berlim é a capital de Alemanha. Logo: A capital de Alemanha é Berlim. Lógico.",A capital de Alemanha é Berlim.
402,Diga a capital de Alemanha.,"Ok, passo a passo. Buscar: Alemanha -> Berlim. Logo: A capital de Alemanha se chama Berlim. Lógico.",A capital de Alemanha se chama Berlim.
403,Capital de Alemanha?,"Hmm, o que sei sobre isto? Dado rápido: Berlim. Resposta pois: Berlim. Ok, decidido.",Berlim.
404,Qual é a capital de França?,"Um momento, vou pensar. Dado: Paris é a capital de França. Resposta pois: A capital de França é Paris. Sim, bate.",A capital de França é Paris.
405,Diga a capital de França.,"Bem, vamos pensar. Buscar: França -> Paris. Resposta pois: A capital de França se chama Paris. Sim, bate.",A capital de França se chama Paris.
406,Capital de França?,"Primeiro, com calma. Dado rápido: Paris. Resposta pois: Paris. Ok, decidido.",Paris.
407,Qual é a capital de Itália?,"Um momento, vou pensar. Dado: Roma é a capital de Itália. Resposta pois: A capital de Itália é Roma. Sim, bate.",A capital de Itália é Roma.
408,Diga a capital de Itália.,"Boa pergunta, penso rápido. Buscar: Itália -> Roma. Resposta pois: A capital de Itália se chama Roma. Sim, bate.",A capital de Itália se chama Roma.
409,Capital de Itália?,"Boa pergunta, penso rápido. Dado rápido: Roma. Logo: Roma. Tudo claro na cabeça.",Roma.
410,Qual é a capital de Espanha?,"Ok, passo a passo. Dado: Madri é a capital de Espanha. Resposta pois: A capital de Espanha é Madri. Lógico.",A capital de Espanha é Madri.
411,Diga a capital de Espanha.,Repasso na cabeça. Buscar: Espanha -> Madri. Logo: A capital de Espanha se chama Madri. Tudo claro na cabeça.,A capital de Espanha se chama Madri.
412,Capital de Espanha?,"Bem, vamos pensar. Dado rápido: Madri. Conclusão: Madri. Ok, decidido.",Madri.
413,Qual é a capital de Portugal?,"Vou ordenar isto. Dado: Lisboa é a capital de Portugal. Resposta pois: A capital de Portugal é Lisboa. Bem, sigo.",A capital de Portugal é Lisboa.
414,Diga a capital de Portugal.,"Hmm, o que sei sobre isto? Buscar: Portugal -> Lisboa. Resposta pois: A capital de Portugal se chama Lisboa. Faz sentido.",A capital de Portugal se chama Lisboa.
415,Capital de Portugal?,"Um momento, vou pensar. Dado rápido: Lisboa. Logo: Lisboa. Bem, sigo.",Lisboa.
416,Qual é a capital de Países Baixos?,"Um momento, vou pensar. Dado: Amsterdã é a capital de Países Baixos. Conclusão: A capital de Países Baixos é Amsterdã. Tudo claro na cabeça.",A capital de Países Baixos é Amsterdã.
417,Diga a capital de Países Baixos.,"Ok, passo a passo. Buscar: Países Baixos -> Amsterdã. Resposta pois: A capital de Países Baixos se chama Amsterdã. Tenho certeza.",A capital de Países Baixos se chama Amsterdã.
418,Capital de Países Baixos?,"Primeiro, com calma. Dado rápido: Amsterdã. Logo: Amsterdã. Terminei de pensar.",Amsterdã.
419,Qual é a capital de Bélgica?,"Bem, vamos pensar. Dado: Bruxelas é a capital de Bélgica. Resposta pois: A capital de Bélgica é Bruxelas. Faz sentido.",A capital de Bélgica é Bruxelas.
420,Diga a capital de Bélgica.,"Boa pergunta, penso rápido. Buscar: Bélgica -> Bruxelas. Resposta pois: A capital de Bélgica se chama Bruxelas. Tudo claro na cabeça.",A capital de Bélgica se chama Bruxelas.
421,Capital de Bélgica?,"Hmm, o que sei sobre isto? Dado rápido: Bruxelas. Resposta pois: Bruxelas. Tudo claro na cabeça.",Bruxelas.
422,Qual é a capital de Áustria?,"Bem, vamos pensar. Dado: Viena é a capital de Áustria. Logo: A capital de Áustria é Viena. Tudo claro na cabeça.",A capital de Áustria é Viena.
423,Diga a capital de Áustria.,Vou ordenar isto. Buscar: Áustria -> Viena. Resposta pois: A capital de Áustria se chama Viena. Terminei de pensar.,A capital de Áustria se chama Viena.
424,Capital de Áustria?,"Primeiro, com calma. Dado rápido: Viena. Resposta pois: Viena. Terminei de pensar.",Viena.
425,Qual é a capital de Suíça?,"Ok, passo a passo. Dado: Berna é a capital de Suíça. Logo: A capital de Suíça é Berna. Tudo claro na cabeça.",A capital de Suíça é Berna.
426,Diga a capital de Suíça.,Vou ordenar isto. Buscar: Suíça -> Berna. Resposta pois: A capital de Suíça se chama Berna. Tenho certeza.,A capital de Suíça se chama Berna.
427,Capital de Suíça?,"Primeiro, com calma. Dado rápido: Berna. Conclusão: Berna. Terminei de pensar.",Berna.
428,Qual é a capital de Polônia?,"Ok, passo a passo. Dado: Varsóvia é a capital de Polônia. Conclusão: A capital de Polônia é Varsóvia. Tudo claro na cabeça.",A capital de Polônia é Varsóvia.
429,Diga a capital de Polônia.,Vou ordenar isto. Buscar: Polônia -> Varsóvia. Resposta pois: A capital de Polônia se chama Varsóvia. Terminei de pensar.,A capital de Polônia se chama Varsóvia.
430,Capital de Polônia?,"Bem, vamos pensar. Dado rápido: Varsóvia. Conclusão: Varsóvia. Tenho certeza.",Varsóvia.
431,Qual é a capital de Tchéquia?,Repasso na cabeça. Dado: Praga é a capital de Tchéquia. Conclusão: A capital de Tchéquia é Praga. Tudo claro na cabeça.,A capital de Tchéquia é Praga.
432,Diga a capital de Tchéquia.,Repasso na cabeça. Buscar: Tchéquia -> Praga. Resposta pois: A capital de Tchéquia se chama Praga. Terminei de pensar.,A capital de Tchéquia se chama Praga.
433,Capital de Tchéquia?,"Bem, vamos pensar. Dado rápido: Praga. Logo: Praga. Tudo claro na cabeça.",Praga.
434,Qual é a capital de Hungria?,"Bem, vamos pensar. Dado: Budapeste é a capital de Hungria. Logo: A capital de Hungria é Budapeste. Ok, decidido.",A capital de Hungria é Budapeste.
435,Diga a capital de Hungria.,"Repasso na cabeça. Buscar: Hungria -> Budapeste. Logo: A capital de Hungria se chama Budapeste. Bem, sigo.",A capital de Hungria se chama Budapeste.
436,Capital de Hungria?,"Bem, vamos pensar. Dado rápido: Budapeste. Logo: Budapeste. Bem, sigo.",Budapeste.
437,Qual é a capital de Grécia?,"Um momento, vou pensar. Dado: Atenas é a capital de Grécia. Logo: A capital de Grécia é Atenas. Faz sentido.",A capital de Grécia é Atenas.
438,Diga a capital de Grécia.,"Primeiro, com calma. Buscar: Grécia -> Atenas. Resposta pois: A capital de Grécia se chama Atenas. Sim, bate.",A capital de Grécia se chama Atenas.
439,Capital de Grécia?,"Boa pergunta, penso rápido. Dado rápido: Atenas. Logo: Atenas. Tudo claro na cabeça.",Atenas.
440,Qual é a capital de Turquia?,"Um momento, vou pensar. Dado: Ancara é a capital de Turquia. Resposta pois: A capital de Turquia é Ancara. Faz sentido.",A capital de Turquia é Ancara.
441,Diga a capital de Turquia.,"Hmm, o que sei sobre isto? Buscar: Turquia -> Ancara. Resposta pois: A capital de Turquia se chama Ancara. Tudo claro na cabeça.",A capital de Turquia se chama Ancara.
442,Capital de Turquia?,"Boa pergunta, penso rápido. Dado rápido: Ancara. Resposta pois: Ancara. Tudo claro na cabeça.",Ancara.
443,Qual é a capital de Noruega?,"Ok, passo a passo. Dado: Oslo é a capital de Noruega. Conclusão: A capital de Noruega é Oslo. Sim, bate.",A capital de Noruega é Oslo.
444,Diga a capital de Noruega.,"Bem, vamos pensar. Buscar: Noruega -> Oslo. Conclusão: A capital de Noruega se chama Oslo. Ok, decidido.",A capital de Noruega se chama Oslo.
445,Capital de Noruega?,"Ok, passo a passo. Dado rápido: Oslo. Logo: Oslo. Tenho certeza.",Oslo.
446,Qual é a capital de Suécia?,"Hmm, o que sei sobre isto? Dado: Estocolmo é a capital de Suécia. Resposta pois: A capital de Suécia é Estocolmo. Lógico.",A capital de Suécia é Estocolmo.
447,Diga a capital de Suécia.,"Ok, passo a passo. Buscar: Suécia -> Estocolmo. Conclusão: A capital de Suécia se chama Estocolmo. Sim, bate.",A capital de Suécia se chama Estocolmo.
448,Capital de Suécia?,"Ok, passo a passo. Dado rápido: Estocolmo. Conclusão: Estocolmo. Terminei de pensar.",Estocolmo.
449,Qual é a capital de Finlândia?,"Um momento, vou pensar. Dado: Helsinque é a capital de Finlândia. Conclusão: A capital de Finlândia é Helsinque. Ok, decidido.",A capital de Finlândia é Helsinque.
450,Diga a capital de Finlândia.,"Bem, vamos pensar. Buscar: Finlândia -> Helsinque. Logo: A capital de Finlândia se chama Helsinque. Lógico.",A capital de Finlândia se chama Helsinque.
451,Capital de Finlândia?,Repasso na cabeça. Dado rápido: Helsinque. Resposta pois: Helsinque. Tudo claro na cabeça.,Helsinque.
452,Qual é a capital de Dinamarca?,"Bem, vamos pensar. Dado: Copenhague é a capital de Dinamarca. Conclusão: A capital de Dinamarca é Copenhague. Tenho certeza.",A capital de Dinamarca é Copenhague.
453,Diga a capital de Dinamarca.,"Vou ordenar isto. Buscar: Dinamarca -> Copenhague. Resposta pois: A capital de Dinamarca se chama Copenhague. Ok, decidido.",A capital de Dinamarca se chama Copenhague.
454,Capital de Dinamarca?,"Bem, vamos pensar. Dado rápido: Copenhague. Conclusão: Copenhague. Lógico.",Copenhague.
455,Qual é a capital de Reino Unido?,"Bem, vamos pensar. Dado: Londres é a capital de Reino Unido. Logo: A capital de Reino Unido é Londres. Lógico.",A capital de Reino Unido é Londres.
456,Diga a capital de Reino Unido.,"Bem, vamos pensar. Buscar: Reino Unido -> Londres. Conclusão: A capital de Reino Unido se chama Londres. Sim, bate.",A capital de Reino Unido se chama Londres.
457,Capital de Reino Unido?,Vou ordenar isto. Dado rápido: Londres. Conclusão: Londres. Lógico.,Londres.
458,Qual é a capital de Irlanda?,"Bem, vamos pensar. Dado: Dublin é a capital de Irlanda. Conclusão: A capital de Irlanda é Dublin. Tenho certeza.",A capital de Irlanda é Dublin.
459,Diga a capital de Irlanda.,"Primeiro, com calma. Buscar: Irlanda -> Dublin. Logo: A capital de Irlanda se chama Dublin. Lógico.",A capital de Irlanda se chama Dublin.
460,Capital de Irlanda?,"Vou ordenar isto. Dado rápido: Dublin. Conclusão: Dublin. Ok, decidido.",Dublin.
461,Qual é a capital de Estados Unidos?,"Boa pergunta, penso rápido. Dado: Washington D.C. é a capital de Estados Unidos. Conclusão: A capital de Estados Unidos é Washington D.C.. Ok, decidido.",A capital de Estados Unidos é Washington D.C..
462,Diga a capital de Estados Unidos.,Vou ordenar isto. Buscar: Estados Unidos -> Washington D.C.. Resposta pois: A capital de Estados Unidos se chama Washington D.C.. Terminei de pensar.,A capital de Estados Unidos se chama Washington D.C..
463,Capital de Estados Unidos?,"Um momento, vou pensar. Dado rápido: Washington D.C.. Resposta pois: Washington D.C.. Tudo claro na cabeça.",Washington D.C..
464,Qual é a capital de Canadá?,"Hmm, o que sei sobre isto? Dado: Ottawa é a capital de Canadá. Resposta pois: A capital de Canadá é Ottawa. Sim, bate.",A capital de Canadá é Ottawa.
465,Diga a capital de Canadá.,"Um momento, vou pensar. Buscar: Canadá -> Ottawa. Logo: A capital de Canadá se chama Ottawa. Lógico.",A capital de Canadá se chama Ottawa.
466,Capital de Canadá?,"Um momento, vou pensar. Dado rápido: Ottawa. Resposta pois: Ottawa. Tenho certeza.",Ottawa.
467,Qual é a capital de México?,"Boa pergunta, penso rápido. Dado: Cidade do México é a capital de México. Logo: A capital de México é Cidade do México. Faz sentido.",A capital de México é Cidade do México.
468,Diga a capital de México.,"Um momento, vou pensar. Buscar: México -> Cidade do México. Conclusão: A capital de México se chama Cidade do México. Sim, bate.",A capital de México se chama Cidade do México.
469,Capital de México?,Repasso na cabeça. Dado rápido: Cidade do México. Resposta pois: Cidade do México. Lógico.,Cidade do México.
470,Qual é a capital de Brasil?,Vou ordenar isto. Dado: Brasília é a capital de Brasil. Resposta pois: A capital de Brasil é Brasília. Terminei de pensar.,A capital de Brasil é Brasília.
471,Diga a capital de Brasil.,"Bem, vamos pensar. Buscar: Brasil -> Brasília. Conclusão: A capital de Brasil se chama Brasília. Terminei de pensar.",A capital de Brasil se chama Brasília.
472,Capital de Brasil?,Vou ordenar isto. Dado rápido: Brasília. Logo: Brasília. Terminei de pensar.,Brasília.
473,Qual é a capital de Argentina?,"Ok, passo a passo. Dado: Buenos Aires é a capital de Argentina. Resposta pois: A capital de Argentina é Buenos Aires. Tenho certeza.",A capital de Argentina é Buenos Aires.
474,Diga a capital de Argentina.,Repasso na cabeça. Buscar: Argentina -> Buenos Aires. Conclusão: A capital de Argentina se chama Buenos Aires. Tudo claro na cabeça.,A capital de Argentina se chama Buenos Aires.
475,Capital de Argentina?,Vou ordenar isto. Dado rápido: Buenos Aires. Conclusão: Buenos Aires. Tudo claro na cabeça.,Buenos Aires.
476,Qual é a capital de Japão?,"Boa pergunta, penso rápido. Dado: Tóquio é a capital de Japão. Conclusão: A capital de Japão é Tóquio. Bem, sigo.",A capital de Japão é Tóquio.
477,Diga a capital de Japão.,Vou ordenar isto. Buscar: Japão -> Tóquio. Conclusão: A capital de Japão se chama Tóquio. Tudo claro na cabeça.,A capital de Japão se chama Tóquio.
478,Capital de Japão?,"Primeiro, com calma. Dado rápido: Tóquio. Logo: Tóquio. Bem, sigo.",Tóquio.
479,Qual é a capital de China?,"Boa pergunta, penso rápido. Dado: Pequim é a capital de China. Conclusão: A capital de China é Pequim. Lógico.",A capital de China é Pequim.
480,Diga a capital de China.,Vou ordenar isto. Buscar: China -> Pequim. Resposta pois: A capital de China se chama Pequim. Faz sentido.,A capital de China se chama Pequim.
481,Capital de China?,"Repasso na cabeça. Dado rápido: Pequim. Resposta pois: Pequim. Ok, decidido.",Pequim.
482,Qual é a capital de Índia?,"Primeiro, com calma. Dado: Nova Délhi é a capital de Índia. Logo: A capital de Índia é Nova Délhi. Bem, sigo.",A capital de Índia é Nova Délhi.
483,Diga a capital de Índia.,"Primeiro, com calma. Buscar: Índia -> Nova Délhi. Conclusão: A capital de Índia se chama Nova Délhi. Faz sentido.",A capital de Índia se chama Nova Délhi.
484,Capital de Índia?,"Bem, vamos pensar. Dado rápido: Nova Délhi. Conclusão: Nova Délhi. Tenho certeza.",Nova Délhi.
485,Qual é a capital de Austrália?,"Boa pergunta, penso rápido. Dado: Camberra é a capital de Austrália. Logo: A capital de Austrália é Camberra. Lógico.",A capital de Austrália é Camberra.
486,Diga a capital de Austrália.,"Bem, vamos pensar. Buscar: Austrália -> Camberra. Conclusão: A capital de Austrália se chama Camberra. Faz sentido.",A capital de Austrália se chama Camberra.
487,Capital de Austrália?,Vou ordenar isto. Dado rápido: Camberra. Logo: Camberra. Lógico.,Camberra.
488,Qual é a capital de Egito?,Vou ordenar isto. Dado: Cairo é a capital de Egito. Logo: A capital de Egito é Cairo. Faz sentido.,A capital de Egito é Cairo.
489,Diga a capital de Egito.,"Bem, vamos pensar. Buscar: Egito -> Cairo. Resposta pois: A capital de Egito se chama Cairo. Ok, decidido.",A capital de Egito se chama Cairo.
490,Capital de Egito?,"Boa pergunta, penso rápido. Dado rápido: Cairo. Logo: Cairo. Terminei de pensar.",Cairo.
491,Quantos estados tem a Alemanha?,Vou ordenar isto. Contar: 16 estados. Resposta pois: A Alemanha tem 16 estados. Faz sentido.,A Alemanha tem 16 estados.
492,Me fale brevemente sobre estados alemães.,Vou ordenar isto. Contar: 16 estados. Resposta pois: A Alemanha tem 16 estados. Tenho certeza.,A Alemanha tem 16 estados.
493,Quantas pessoas vivem na Alemanha aprox.?,"Bem, vamos pensar. Estimativa: 83-84 milhões. Conclusão: A Alemanha tem uns 83 a 84 milhões de habitantes. Ok, decidido.",A Alemanha tem uns 83 a 84 milhões de habitantes.
494,Me fale brevemente sobre população alemã.,"Boa pergunta, penso rápido. Estimativa: 83-84 milhões. Logo: A Alemanha tem uns 83 a 84 milhões de habitantes. Lógico.",A Alemanha tem uns 83 a 84 milhões de habitantes.
495,Que idioma se fala no Brasil?,"Um momento, vou pensar. Dado: português. Conclusão: No Brasil se fala português. Ok, decidido.",No Brasil se fala português.
496,Me fale brevemente sobre idioma do Brasil.,"Primeiro, com calma. Dado: português. Conclusão: No Brasil se fala português. Tenho certeza.",No Brasil se fala português.
497,Qual é a moeda do Japão?,"Vou ordenar isto. Dado: iene. Logo: A moeda do Japão é o iene. Bem, sigo.",A moeda do Japão é o iene.
498,Me fale brevemente sobre moeda do Japão.,"Ok, passo a passo. Dado: iene. Logo: A moeda do Japão é o iene. Terminei de pensar.",A moeda do Japão é o iene.
499,Qual é a moeda dos EUA?,"Ok, passo a passo. Dado: dólar americano. Logo: A moeda dos EUA é o dólar americano. Bem, sigo.",A moeda dos EUA é o dólar americano.
500,Me fale brevemente sobre moeda dos EUA.,Vou ordenar isto. Dado: dólar americano. Conclusão: A moeda dos EUA é o dólar americano. Tudo claro na cabeça.,A moeda dos EUA é o dólar americano.
501,Quantos continentes há?,"Vou ordenar isto. Modelo usual: 7 continentes. Resposta pois: Normalmente contamos 7 continentes: África, Antártida, Ásia, Austrália, Europa, América do Norte, América do Sul. Sim, bate.","Normalmente contamos 7 continentes: África, Antártida, Ásia, Austrália, Europa, América do Norte, América do Sul."
502,Me fale brevemente sobre continentes.,"Ok, passo a passo. Modelo usual: 7 continentes. Resposta pois: Normalmente contamos 7 continentes: África, Antártida, Ásia, Austrália, Europa, América do Norte, América do Sul. Sim, bate.","Normalmente contamos 7 continentes: África, Antártida, Ásia, Austrália, Europa, América do Norte, América do Sul."
503,Qual é o rio mais longo do mundo?,"Boa pergunta, penso rápido. Nilo ou Amazonas, discutido. Conclusão: É discutido: citam-se Nilo e Amazonas, ambos com mais de 6500 km. Bem, sigo.","É discutido: citam-se Nilo e Amazonas, ambos com mais de 6500 km."
504,Me fale brevemente sobre rio mais longo.,"Um momento, vou pensar. Nilo ou Amazonas, discutido. Conclusão: É discutido: citam-se Nilo e Amazonas, ambos com mais de 6500 km. Bem, sigo.","É discutido: citam-se Nilo e Amazonas, ambos com mais de 6500 km."
505,Qual é o maior país do mundo?,"Repasso na cabeça. Dado: Rússia por área. Conclusão: O maior país por área é a Rússia. Ok, decidido.",O maior país por área é a Rússia.
506,Me fale brevemente sobre maior país.,"Boa pergunta, penso rápido. Dado: Rússia por área. Resposta pois: O maior país por área é a Rússia. Bem, sigo.",O maior país por área é a Rússia.
507,Qual é o maior animal do mundo?,"Um momento, vou pensar. Dado: baleia-azul. Resposta pois: O maior animal do mundo é a baleia-azul. Ok, decidido.",O maior animal do mundo é a baleia-azul.
508,Me fale brevemente sobre maior animal.,"Bem, vamos pensar. Dado: baleia-azul. Conclusão: O maior animal do mundo é a baleia-azul. Terminei de pensar.",O maior animal do mundo é a baleia-azul.
509,Quantos oceanos há?,"Boa pergunta, penso rápido. Padrão: 5 oceanos. Conclusão: Há 5 oceanos: Atlântico, Pacífico, Índico, Austral e Ártico. Tenho certeza.","Há 5 oceanos: Atlântico, Pacífico, Índico, Austral e Ártico."
510,Me fale brevemente sobre oceanos.,"Hmm, o que sei sobre isto? Padrão: 5 oceanos. Logo: Há 5 oceanos: Atlântico, Pacífico, Índico, Austral e Ártico. Tudo claro na cabeça.","Há 5 oceanos: Atlântico, Pacífico, Índico, Austral e Ártico."
511,Qual é a montanha mais alta do mundo?,"Um momento, vou pensar. Dado: Everest, 8848 m. Logo: A montanha mais alta é o Everest, uns 8848 metros. Tudo claro na cabeça.","A montanha mais alta é o Everest, uns 8848 metros."
512,Me fale brevemente sobre montanha mais alta.,"Ok, passo a passo. Dado: Everest, 8848 m. Resposta pois: A montanha mais alta é o Everest, uns 8848 metros. Lógico.","A montanha mais alta é o Everest, uns 8848 metros."
513,Qual é a capital do Canadá?,"Boa pergunta, penso rápido. Dado: Ottawa, não Toronto. Resposta pois: A capital do Canadá é Ottawa. Terminei de pensar.",A capital do Canadá é Ottawa.
514,Me fale brevemente sobre capital do Canadá.,"Boa pergunta, penso rápido. Dado: Ottawa, não Toronto. Resposta pois: A capital do Canadá é Ottawa. Bem, sigo.",A capital do Canadá é Ottawa.
515,Qual é a capital da Austrália?,"Repasso na cabeça. Dado: Camberra, não Sydney. Conclusão: A capital da Austrália é Camberra. Tudo claro na cabeça.",A capital da Austrália é Camberra.
516,Me fale brevemente sobre capital da Austrália.,"Primeiro, com calma. Dado: Camberra, não Sydney. Resposta pois: A capital da Austrália é Camberra. Lógico.",A capital da Austrália é Camberra.
517,Qual é a capital da Turquia?,"Um momento, vou pensar. Dado: Ancara, não Istambul. Conclusão: A capital da Turquia é Ancara. Tudo claro na cabeça.",A capital da Turquia é Ancara.
518,Me fale brevemente sobre capital da Turquia.,"Ok, passo a passo. Dado: Ancara, não Istambul. Conclusão: A capital da Turquia é Ancara. Bem, sigo.",A capital da Turquia é Ancara.
519,Qual é a capital do Brasil?,"Um momento, vou pensar. Dado: Brasília, não Rio. Conclusão: A capital do Brasil é Brasília. Bem, sigo.",A capital do Brasil é Brasília.
520,Me fale brevemente sobre capital do Brasil.,"Primeiro, com calma. Dado: Brasília, não Rio. Conclusão: A capital do Brasil é Brasília. Terminei de pensar.",A capital do Brasil é Brasília.
521,Em que ano foi a chegada à Lua?,"Boa pergunta, penso rápido. História: Apollo 11 em 1969. Resposta pois: A primeira chegada à Lua foi em 1969 com a Apollo 11. Faz sentido.",A primeira chegada à Lua foi em 1969 com a Apollo 11.
522,Explique brevemente: chegada à Lua.,"Hmm, o que sei sobre isto? História: Apollo 11 em 1969. Resposta pois: A primeira chegada à Lua foi em 1969 com a Apollo 11. Lógico.",A primeira chegada à Lua foi em 1969 com a Apollo 11.
523,O que você sabe sobre chegada à Lua?,"Boa pergunta, penso rápido. História: Apollo 11 em 1969. Resposta pois: A primeira chegada à Lua foi em 1969 com a Apollo 11. Tudo claro na cabeça.",A primeira chegada à Lua foi em 1969 com a Apollo 11.
524,Quando foi a Segunda Guerra Mundial?,"Boa pergunta, penso rápido. Período: 1939 a 1945. Logo: A Segunda Guerra Mundial durou de 1939 a 1945. Tenho certeza.",A Segunda Guerra Mundial durou de 1939 a 1945.
525,Explique brevemente: Segunda Guerra Mundial.,"Primeiro, com calma. Período: 1939 a 1945. Conclusão: A Segunda Guerra Mundial durou de 1939 a 1945. Tudo claro na cabeça.",A Segunda Guerra Mundial durou de 1939 a 1945.
526,O que você sabe sobre Segunda Guerra Mundial?,"Hmm, o que sei sobre isto? Período: 1939 a 1945. Resposta pois: A Segunda Guerra Mundial durou de 1939 a 1945. Terminei de pensar.",A Segunda Guerra Mundial durou de 1939 a 1945.
527,Quando foi a Primeira Guerra Mundial?,"Bem, vamos pensar. Período: 1914 a 1918. Resposta pois: A Primeira Guerra Mundial durou de 1914 a 1918. Faz sentido.",A Primeira Guerra Mundial durou de 1914 a 1918.
528,Explique brevemente: Primeira Guerra Mundial.,"Primeiro, com calma. Período: 1914 a 1918. Logo: A Primeira Guerra Mundial durou de 1914 a 1918. Bem, sigo.",A Primeira Guerra Mundial durou de 1914 a 1918.
529,O que você sabe sobre Primeira Guerra Mundial?,"Boa pergunta, penso rápido. Período: 1914 a 1918. Logo: A Primeira Guerra Mundial durou de 1914 a 1918. Ok, decidido.",A Primeira Guerra Mundial durou de 1914 a 1918.
530,O que foi o muro de Berlim?,"Hmm, o que sei sobre isto? História: divisão 1961-1989. Conclusão: O muro de Berlim foi a fronteira fortificada entre Berlim Leste e Oeste de 1961 a 1989. Bem, sigo.",O muro de Berlim foi a fronteira fortificada entre Berlim Leste e Oeste de 1961 a 1989.
531,Explique brevemente: muro de Berlim.,"Primeiro, com calma. História: divisão 1961-1989. Conclusão: O muro de Berlim foi a fronteira fortificada entre Berlim Leste e Oeste de 1961 a 1989. Ok, decidido.",O muro de Berlim foi a fronteira fortificada entre Berlim Leste e Oeste de 1961 a 1989.
532,O que você sabe sobre muro de Berlim?,"Ok, passo a passo. História: divisão 1961-1989. Logo: O muro de Berlim foi a fronteira fortificada entre Berlim Leste e Oeste de 1961 a 1989. Sim, bate.",O muro de Berlim foi a fronteira fortificada entre Berlim Leste e Oeste de 1961 a 1989.
533,Quando caiu o muro de Berlim?,"Boa pergunta, penso rápido. Dado: 9 de novembro de 1989. Logo: O muro de Berlim caiu em 9 de novembro de 1989. Faz sentido.",O muro de Berlim caiu em 9 de novembro de 1989.
534,Explique brevemente: queda do muro.,Vou ordenar isto. Dado: 9 de novembro de 1989. Conclusão: O muro de Berlim caiu em 9 de novembro de 1989. Tudo claro na cabeça.,O muro de Berlim caiu em 9 de novembro de 1989.
535,O que você sabe sobre queda do muro?,"Ok, passo a passo. Dado: 9 de novembro de 1989. Conclusão: O muro de Berlim caiu em 9 de novembro de 1989. Bem, sigo.",O muro de Berlim caiu em 9 de novembro de 1989.
536,Quem inventou o telefone?,"Primeiro, com calma. História: Bell 1876, trabalho de Meucci. Conclusão: O telefone foi patenteado por Alexander Graham Bell em 1876, com o trabalho pioneiro de Antonio Meucci. Lógico.","O telefone foi patenteado por Alexander Graham Bell em 1876, com o trabalho pioneiro de Antonio Meucci."
537,Explique brevemente: telefone.,"Ok, passo a passo. História: Bell 1876, trabalho de Meucci. Resposta pois: O telefone foi patenteado por Alexander Graham Bell em 1876, com o trabalho pioneiro de Antonio Meucci. Tudo claro na cabeça.","O telefone foi patenteado por Alexander Graham Bell em 1876, com o trabalho pioneiro de Antonio Meucci."
538,O que você sabe sobre telefone?,"Um momento, vou pensar. História: Bell 1876, trabalho de Meucci. Conclusão: O telefone foi patenteado por Alexander Graham Bell em 1876, com o trabalho pioneiro de Antonio Meucci. Faz sentido.","O telefone foi patenteado por Alexander Graham Bell em 1876, com o trabalho pioneiro de Antonio Meucci."
539,Quem desenvolveu a relatividade?,"Vou ordenar isto. Física: Albert Einstein, 1905 e 1915. Conclusão: A relatividade foi desenvolvida por Albert Einstein. Tenho certeza.",A relatividade foi desenvolvida por Albert Einstein.
540,Explique brevemente: relatividade.,"Boa pergunta, penso rápido. Física: Albert Einstein, 1905 e 1915. Resposta pois: A relatividade foi desenvolvida por Albert Einstein. Faz sentido.",A relatividade foi desenvolvida por Albert Einstein.
541,O que você sabe sobre relatividade?,"Hmm, o que sei sobre isto? Física: Albert Einstein, 1905 e 1915. Logo: A relatividade foi desenvolvida por Albert Einstein. Lógico.",A relatividade foi desenvolvida por Albert Einstein.
542,O que é democracia?,"Vou ordenar isto. Definir: poder do povo, eleições, direitos. Conclusão: Democracia significa poder do povo, normalmente com eleições livres e direitos básicos. Bem, sigo.","Democracia significa poder do povo, normalmente com eleições livres e direitos básicos."
543,Explique brevemente: democracia.,"Hmm, o que sei sobre isto? Definir: poder do povo, eleições, direitos. Conclusão: Democracia significa poder do povo, normalmente com eleições livres e direitos básicos. Bem, sigo.","Democracia significa poder do povo, normalmente com eleições livres e direitos básicos."
544,O que você sabe sobre democracia?,"Um momento, vou pensar. Definir: poder do povo, eleições, direitos. Logo: Democracia significa poder do povo, normalmente com eleições livres e direitos básicos. Tenho certeza.","Democracia significa poder do povo, normalmente com eleições livres e direitos básicos."
545,O que é a UE?,"Vou ordenar isto. União de estados europeus, mercado único. Conclusão: A UE é uma união de estados europeus com mercado único e instituições comuns. Bem, sigo.",A UE é uma união de estados europeus com mercado único e instituições comuns.
546,Explique brevemente: UE.,"Boa pergunta, penso rápido. União de estados europeus, mercado único. Conclusão: A UE é uma união de estados europeus com mercado único e instituições comuns. Bem, sigo.",A UE é uma união de estados europeus com mercado único e instituições comuns.
547,O que você sabe sobre UE?,"Primeiro, com calma. União de estados europeus, mercado único. Resposta pois: A UE é uma união de estados europeus com mercado único e instituições comuns. Tudo claro na cabeça.",A UE é uma união de estados europeus com mercado único e instituições comuns.
548,Quantos países há na UE?,"Ok, passo a passo. Dado: 27 estados-membros. Logo: A UE tem 27 estados-membros. Ok, decidido.",A UE tem 27 estados-membros.
549,Explique brevemente: membros da UE.,Repasso na cabeça. Dado: 27 estados-membros. Logo: A UE tem 27 estados-membros. Tenho certeza.,A UE tem 27 estados-membros.
550,O que você sabe sobre membros da UE?,"Primeiro, com calma. Dado: 27 estados-membros. Resposta pois: A UE tem 27 estados-membros. Terminei de pensar.",A UE tem 27 estados-membros.
551,O que é a Lei Fundamental alemã?,"Repasso na cabeça. Constituição desde 1949. Logo: A Lei Fundamental é a constituição da Alemanha, vigente desde 1949. Tenho certeza.","A Lei Fundamental é a constituição da Alemanha, vigente desde 1949."
552,Explique brevemente: Lei Fundamental.,"Bem, vamos pensar. Constituição desde 1949. Conclusão: A Lei Fundamental é a constituição da Alemanha, vigente desde 1949. Tenho certeza.","A Lei Fundamental é a constituição da Alemanha, vigente desde 1949."
553,O que você sabe sobre Lei Fundamental?,"Um momento, vou pensar. Constituição desde 1949. Conclusão: A Lei Fundamental é a constituição da Alemanha, vigente desde 1949. Bem, sigo.","A Lei Fundamental é a constituição da Alemanha, vigente desde 1949."
554,Em que ano a Alemanha se reunificou?,"Bem, vamos pensar. Dado: 1990. Conclusão: A Alemanha se reunificou em 1990. Faz sentido.",A Alemanha se reunificou em 1990.
555,Explique brevemente: reunificação.,Vou ordenar isto. Dado: 1990. Conclusão: A Alemanha se reunificou em 1990. Faz sentido.,A Alemanha se reunificou em 1990.
556,O que você sabe sobre reunificação?,"Bem, vamos pensar. Dado: 1990. Resposta pois: A Alemanha se reunificou em 1990. Ok, decidido.",A Alemanha se reunificou em 1990.
557,O que foi a Idade Média?,"Ok, passo a passo. Época: aprox. 500 a 1500. Resposta pois: A Idade Média foi a época de aprox. 500 a 1500, entre antiguidade e modernidade. Ok, decidido.","A Idade Média foi a época de aprox. 500 a 1500, entre antiguidade e modernidade."
558,Explique brevemente: Idade Média.,"Ok, passo a passo. Época: aprox. 500 a 1500. Conclusão: A Idade Média foi a época de aprox. 500 a 1500, entre antiguidade e modernidade. Terminei de pensar.","A Idade Média foi a época de aprox. 500 a 1500, entre antiguidade e modernidade."
559,O que você sabe sobre Idade Média?,"Repasso na cabeça. Época: aprox. 500 a 1500. Conclusão: A Idade Média foi a época de aprox. 500 a 1500, entre antiguidade e modernidade. Faz sentido.","A Idade Média foi a época de aprox. 500 a 1500, entre antiguidade e modernidade."
560,Quem foi Leonardo da Vinci?,"Hmm, o que sei sobre isto? Artista e inventor italiano, Mona Lisa. Logo: Leonardo da Vinci foi um artista e inventor italiano, famoso pela Mona Lisa. Tenho certeza.","Leonardo da Vinci foi um artista e inventor italiano, famoso pela Mona Lisa."
561,Explique brevemente: Da Vinci.,"Vou ordenar isto. Artista e inventor italiano, Mona Lisa. Conclusão: Leonardo da Vinci foi um artista e inventor italiano, famoso pela Mona Lisa. Tenho certeza.","Leonardo da Vinci foi um artista e inventor italiano, famoso pela Mona Lisa."
562,O que você sabe sobre Da Vinci?,"Um momento, vou pensar. Artista e inventor italiano, Mona Lisa. Resposta pois: Leonardo da Vinci foi um artista e inventor italiano, famoso pela Mona Lisa. Faz sentido.","Leonardo da Vinci foi um artista e inventor italiano, famoso pela Mona Lisa."
563,Quem foi Marie Curie?,"Primeiro, com calma. Física, radioatividade, dois Nobel. Resposta pois: Marie Curie foi uma física que pesquisou a radioatividade e ganhou dois Nobel. Sim, bate.",Marie Curie foi uma física que pesquisou a radioatividade e ganhou dois Nobel.
564,Explique brevemente: Marie Curie.,"Ok, passo a passo. Física, radioatividade, dois Nobel. Resposta pois: Marie Curie foi uma física que pesquisou a radioatividade e ganhou dois Nobel. Lógico.",Marie Curie foi uma física que pesquisou a radioatividade e ganhou dois Nobel.
565,O que você sabe sobre Marie Curie?,"Vou ordenar isto. Física, radioatividade, dois Nobel. Conclusão: Marie Curie foi uma física que pesquisou a radioatividade e ganhou dois Nobel. Faz sentido.",Marie Curie foi uma física que pesquisou a radioatividade e ganhou dois Nobel.
566,O que foi a Revolução Francesa?,"Hmm, o que sei sobre isto? Desde 1789, liberdade igualdade fraternidade. Resposta pois: A Revolução Francesa desde 1789 derrubou a monarquia sob liberdade, igualdade, fraternidade. Lógico.","A Revolução Francesa desde 1789 derrubou a monarquia sob liberdade, igualdade, fraternidade."
567,Explique brevemente: Revolução Francesa.,"Ok, passo a passo. Desde 1789, liberdade igualdade fraternidade. Resposta pois: A Revolução Francesa desde 1789 derrubou a monarquia sob liberdade, igualdade, fraternidade. Terminei de pensar.","A Revolução Francesa desde 1789 derrubou a monarquia sob liberdade, igualdade, fraternidade."
568,O que você sabe sobre Revolução Francesa?,"Ok, passo a passo. Desde 1789, liberdade igualdade fraternidade. Conclusão: A Revolução Francesa desde 1789 derrubou a monarquia sob liberdade, igualdade, fraternidade. Tenho certeza.","A Revolução Francesa desde 1789 derrubou a monarquia sob liberdade, igualdade, fraternidade."
569,O que são direitos humanos?,"Bem, vamos pensar. Direitos básicos universais. Conclusão: Direitos humanos são direitos básicos de cada pessoa, como vida, liberdade e igualdade. Tudo claro na cabeça.","Direitos humanos são direitos básicos de cada pessoa, como vida, liberdade e igualdade."
570,Explique brevemente: direitos humanos.,"Repasso na cabeça. Direitos básicos universais. Conclusão: Direitos humanos são direitos básicos de cada pessoa, como vida, liberdade e igualdade. Terminei de pensar.","Direitos humanos são direitos básicos de cada pessoa, como vida, liberdade e igualdade."
571,O que você sabe sobre direitos humanos?,"Primeiro, com calma. Direitos básicos universais. Logo: Direitos humanos são direitos básicos de cada pessoa, como vida, liberdade e igualdade. Ok, decidido.","Direitos humanos são direitos básicos de cada pessoa, como vida, liberdade e igualdade."
572,O que é inflação?,"Vou ordenar isto. Economia: dinheiro perde valor, preços sobem. Logo: Inflação significa que os preços sobem e o dinheiro perde valor. Faz sentido.",Inflação significa que os preços sobem e o dinheiro perde valor.
573,Explique brevemente: inflação.,"Ok, passo a passo. Economia: dinheiro perde valor, preços sobem. Resposta pois: Inflação significa que os preços sobem e o dinheiro perde valor. Lógico.",Inflação significa que os preços sobem e o dinheiro perde valor.
574,O que você sabe sobre inflação?,"Boa pergunta, penso rápido. Economia: dinheiro perde valor, preços sobem. Logo: Inflação significa que os preços sobem e o dinheiro perde valor. Bem, sigo.",Inflação significa que os preços sobem e o dinheiro perde valor.
575,O que foi a industrialização?,"Primeiro, com calma. Máquinas e fábricas desde o século XVIII. Logo: A industrialização foi a passagem a máquinas e fábricas desde o século XVIII. Tudo claro na cabeça.",A industrialização foi a passagem a máquinas e fábricas desde o século XVIII.
576,Explique brevemente: industrialização.,"Bem, vamos pensar. Máquinas e fábricas desde o século XVIII. Logo: A industrialização foi a passagem a máquinas e fábricas desde o século XVIII. Lógico.",A industrialização foi a passagem a máquinas e fábricas desde o século XVIII.
577,O que você sabe sobre industrialização?,"Vou ordenar isto. Máquinas e fábricas desde o século XVIII. Logo: A industrialização foi a passagem a máquinas e fábricas desde o século XVIII. Ok, decidido.",A industrialização foi a passagem a máquinas e fábricas desde o século XVIII.
578,Quando a internet foi inventada?,"Repasso na cabeça. ARPANET 1969, Web 1989. Conclusão: As bases datam da ARPANET em 1969, a Web desde 1989. Faz sentido.","As bases datam da ARPANET em 1969, a Web desde 1989."
579,Explique brevemente: internet.,"Bem, vamos pensar. ARPANET 1969, Web 1989. Logo: As bases datam da ARPANET em 1969, a Web desde 1989. Tudo claro na cabeça.","As bases datam da ARPANET em 1969, a Web desde 1989."
580,O que você sabe sobre internet?,"Bem, vamos pensar. ARPANET 1969, Web 1989. Conclusão: As bases datam da ARPANET em 1969, a Web desde 1989. Bem, sigo.","As bases datam da ARPANET em 1969, a Web desde 1989."
581,Quando o automóvel foi inventado?,"Um momento, vou pensar. Benz 1886. Conclusão: O automóvel foi inventado por Carl Benz com o carro de 1886. Sim, bate.",O automóvel foi inventado por Carl Benz com o carro de 1886.
582,Explique brevemente: automóvel.,"Ok, passo a passo. Benz 1886. Resposta pois: O automóvel foi inventado por Carl Benz com o carro de 1886. Terminei de pensar.",O automóvel foi inventado por Carl Benz com o carro de 1886.
583,O que você sabe sobre automóvel?,"Primeiro, com calma. Benz 1886. Conclusão: O automóvel foi inventado por Carl Benz com o carro de 1886. Tenho certeza.",O automóvel foi inventado por Carl Benz com o carro de 1886.
584,Quem inventou o avião?,"Hmm, o que sei sobre isto? Irmãos Wright, voo 1903. Resposta pois: O primeiro voo motorizado foi dos irmãos Wright em 1903. Faz sentido.",O primeiro voo motorizado foi dos irmãos Wright em 1903.
585,Explique brevemente: avião.,"Um momento, vou pensar. Irmãos Wright, voo 1903. Resposta pois: O primeiro voo motorizado foi dos irmãos Wright em 1903. Sim, bate.",O primeiro voo motorizado foi dos irmãos Wright em 1903.
586,O que você sabe sobre avião?,"Boa pergunta, penso rápido. Irmãos Wright, voo 1903. Conclusão: O primeiro voo motorizado foi dos irmãos Wright em 1903. Tenho certeza.",O primeiro voo motorizado foi dos irmãos Wright em 1903.
587,A partir de que idade se vota na Alemanha?,"Ok, passo a passo. Bundestag desde 18, europeias desde 16. Logo: Para o Bundestag desde os 18. Nas europeias na Alemanha desde os 16. Tudo claro na cabeça.",Para o Bundestag desde os 18. Nas europeias na Alemanha desde os 16.
588,Explique brevemente: idade de voto.,"Hmm, o que sei sobre isto? Bundestag desde 18, europeias desde 16. Resposta pois: Para o Bundestag desde os 18. Nas europeias na Alemanha desde os 16. Tenho certeza.",Para o Bundestag desde os 18. Nas europeias na Alemanha desde os 16.
589,O que você sabe sobre idade de voto?,"Boa pergunta, penso rápido. Bundestag desde 18, europeias desde 16. Conclusão: Para o Bundestag desde os 18. Nas europeias na Alemanha desde os 16. Bem, sigo.",Para o Bundestag desde os 18. Nas europeias na Alemanha desde os 16.
590,"Como funciona uma eleição, em simples?","Boa pergunta, penso rápido. Eleitores votam, contagem, cadeiras. Conclusão: Os eleitores votam, os votos são contados e as cadeiras distribuídas pelo resultado. Ok, decidido.","Os eleitores votam, os votos são contados e as cadeiras distribuídas pelo resultado."
591,Explique brevemente: eleições.,"Bem, vamos pensar. Eleitores votam, contagem, cadeiras. Conclusão: Os eleitores votam, os votos são contados e as cadeiras distribuídas pelo resultado. Lógico.","Os eleitores votam, os votos são contados e as cadeiras distribuídas pelo resultado."
592,O que você sabe sobre eleições?,"Primeiro, com calma. Eleitores votam, contagem, cadeiras. Resposta pois: Os eleitores votam, os votos são contados e as cadeiras distribuídas pelo resultado. Ok, decidido.","Os eleitores votam, os votos são contados e as cadeiras distribuídas pelo resultado."
593,Qual a diferença entre ditadura e democracia?,Vou ordenar isto. Poder único contra poder do povo. Conclusão: Na ditadura uma pessoa ou grupo governa sem eleições livres; na democracia o poder vem do povo. Lógico.,Na ditadura uma pessoa ou grupo governa sem eleições livres; na democracia o poder vem do povo.
594,Explique brevemente: ditadura e democracia.,"Boa pergunta, penso rápido. Poder único contra poder do povo. Logo: Na ditadura uma pessoa ou grupo governa sem eleições livres; na democracia o poder vem do povo. Terminei de pensar.",Na ditadura uma pessoa ou grupo governa sem eleições livres; na democracia o poder vem do povo.
595,O que você sabe sobre ditadura e democracia?,"Ok, passo a passo. Poder único contra poder do povo. Resposta pois: Na ditadura uma pessoa ou grupo governa sem eleições livres; na democracia o poder vem do povo. Sim, bate.",Na ditadura uma pessoa ou grupo governa sem eleições livres; na democracia o poder vem do povo.
596,O que significa sustentabilidade?,Repasso na cabeça. Recursos para futuras gerações. Conclusão: Sustentabilidade significa viver para que futuras gerações também tenham recursos. Faz sentido.,Sustentabilidade significa viver para que futuras gerações também tenham recursos.
597,Explique brevemente: sustentabilidade.,"Primeiro, com calma. Recursos para futuras gerações. Logo: Sustentabilidade significa viver para que futuras gerações também tenham recursos. Ok, decidido.",Sustentabilidade significa viver para que futuras gerações também tenham recursos.
598,O que você sabe sobre sustentabilidade?,"Boa pergunta, penso rápido. Recursos para futuras gerações. Resposta pois: Sustentabilidade significa viver para que futuras gerações também tenham recursos. Bem, sigo.",Sustentabilidade significa viver para que futuras gerações também tenham recursos.
599,O que é bullying e o que fazer?,"Bem, vamos pensar. Repetido; ajuda, provas. Resposta pois: Bullying é perseguição repetida. Fale com pessoas de confiança, guarde provas, busque ajuda. Terminei de pensar.","Bullying é perseguição repetida. Fale com pessoas de confiança, guarde provas, busque ajuda."
600,Explique brevemente: bullying.,"Primeiro, com calma. Repetido; ajuda, provas. Resposta pois: Bullying é perseguição repetida. Fale com pessoas de confiança, guarde provas, busque ajuda. Terminei de pensar.","Bullying é perseguição repetida. Fale com pessoas de confiança, guarde provas, busque ajuda."
601,O que você sabe sobre bullying?,"Primeiro, com calma. Repetido; ajuda, provas. Resposta pois: Bullying é perseguição repetida. Fale com pessoas de confiança, guarde provas, busque ajuda. Ok, decidido.","Bullying é perseguição repetida. Fale com pessoas de confiança, guarde provas, busque ajuda."
602,O que significa paz?,Repasso na cabeça. Viver sem guerra nem violência. Logo: Paz significa conviver sem guerra nem violência. Terminei de pensar.,Paz significa conviver sem guerra nem violência.
603,Explique brevemente: paz.,"Hmm, o que sei sobre isto? Viver sem guerra nem violência. Logo: Paz significa conviver sem guerra nem violência. Bem, sigo.",Paz significa conviver sem guerra nem violência.
604,O que você sabe sobre paz?,"Bem, vamos pensar. Viver sem guerra nem violência. Resposta pois: Paz significa conviver sem guerra nem violência. Bem, sigo.",Paz significa conviver sem guerra nem violência.
605,O que significa liberdade?,"Ok, passo a passo. Viver livre sem prejudicar outros. Logo: Liberdade significa viver livremente sem prejudicar outros. Bem, sigo.",Liberdade significa viver livremente sem prejudicar outros.
606,Explique brevemente: liberdade.,"Um momento, vou pensar. Viver livre sem prejudicar outros. Resposta pois: Liberdade significa viver livremente sem prejudicar outros. Faz sentido.",Liberdade significa viver livremente sem prejudicar outros.
607,O que você sabe sobre liberdade?,"Boa pergunta, penso rápido. Viver livre sem prejudicar outros. Logo: Liberdade significa viver livremente sem prejudicar outros. Ok, decidido.",Liberdade significa viver livremente sem prejudicar outros.
608,O que significa justiça?,"Ok, passo a passo. Trato justo e igual para todos. Logo: Justiça significa trato justo e igual para cada um. Terminei de pensar.",Justiça significa trato justo e igual para cada um.
609,Explique brevemente: justiça.,"Hmm, o que sei sobre isto? Trato justo e igual para todos. Conclusão: Justiça significa trato justo e igual para cada um. Tudo claro na cabeça.",Justiça significa trato justo e igual para cada um.
610,O que você sabe sobre justiça?,"Um momento, vou pensar. Trato justo e igual para todos. Conclusão: Justiça significa trato justo e igual para cada um. Lógico.",Justiça significa trato justo e igual para cada um.
611,Por que o céu é azul?,"Um momento, vou pensar. Dispersão de Rayleigh dispersa o azul. Logo: O céu é azul pela dispersão de Rayleigh: a luz azul se dispersa mais que a vermelha. Tudo claro na cabeça.",O céu é azul pela dispersão de Rayleigh: a luz azul se dispersa mais que a vermelha.
612,Explique céu azul em uma frase.,"Um momento, vou pensar. Dispersão de Rayleigh dispersa o azul. Logo: O céu é azul pela dispersão de Rayleigh: a luz azul se dispersa mais que a vermelha. Ok, decidido.",O céu é azul pela dispersão de Rayleigh: a luz azul se dispersa mais que a vermelha.
613,O que é céu azul? (curto),"Repasso na cabeça. Dispersão de Rayleigh dispersa o azul. Logo: O céu é azul pela dispersão de Rayleigh: a luz azul se dispersa mais que a vermelha. Bem, sigo.",O céu é azul pela dispersão de Rayleigh: a luz azul se dispersa mais que a vermelha.
614,Como a chuva se forma?,"Primeiro, com calma. Ciclo: evaporação, condensação, precipitação. Conclusão: A chuva nasce por evaporação: a água sobe, esfria, forma nuvens e cai em gotas. Ok, decidido.","A chuva nasce por evaporação: a água sobe, esfria, forma nuvens e cai em gotas."
615,Explique chuva em uma frase.,"Bem, vamos pensar. Ciclo: evaporação, condensação, precipitação. Resposta pois: A chuva nasce por evaporação: a água sobe, esfria, forma nuvens e cai em gotas. Faz sentido.","A chuva nasce por evaporação: a água sobe, esfria, forma nuvens e cai em gotas."
616,O que é chuva? (curto),"Repasso na cabeça. Ciclo: evaporação, condensação, precipitação. Logo: A chuva nasce por evaporação: a água sobe, esfria, forma nuvens e cai em gotas. Terminei de pensar.","A chuva nasce por evaporação: a água sobe, esfria, forma nuvens e cai em gotas."
617,O que é fotossíntese?,"Hmm, o que sei sobre isto? Plantas: luz, água, CO2 em açúcar e oxigênio. Logo: A fotossíntese fabrica açúcar e oxigênio com luz, água e CO2. Tenho certeza.","A fotossíntese fabrica açúcar e oxigênio com luz, água e CO2."
618,Explique fotossíntese em uma frase.,"Boa pergunta, penso rápido. Plantas: luz, água, CO2 em açúcar e oxigênio. Logo: A fotossíntese fabrica açúcar e oxigênio com luz, água e CO2. Terminei de pensar.","A fotossíntese fabrica açúcar e oxigênio com luz, água e CO2."
619,O que é fotossíntese? (curto),"Primeiro, com calma. Plantas: luz, água, CO2 em açúcar e oxigênio. Resposta pois: A fotossíntese fabrica açúcar e oxigênio com luz, água e CO2. Bem, sigo.","A fotossíntese fabrica açúcar e oxigênio com luz, água e CO2."
620,Qual a diferença entre tempo e clima?,"Ok, passo a passo. Tempo curto prazo, clima média 30 anos. Logo: O tempo é o estado a curto prazo; o clima a média de uns 30 anos. Tudo claro na cabeça.",O tempo é o estado a curto prazo; o clima a média de uns 30 anos.
621,Explique tempo e clima em uma frase.,"Um momento, vou pensar. Tempo curto prazo, clima média 30 anos. Conclusão: O tempo é o estado a curto prazo; o clima a média de uns 30 anos. Ok, decidido.",O tempo é o estado a curto prazo; o clima a média de uns 30 anos.
622,O que é tempo e clima? (curto),"Vou ordenar isto. Tempo curto prazo, clima média 30 anos. Logo: O tempo é o estado a curto prazo; o clima a média de uns 30 anos. Tudo claro na cabeça.",O tempo é o estado a curto prazo; o clima a média de uns 30 anos.
623,"Como funciona uma geladeira, em geral?","Primeiro, com calma. Refrigerante, calor dentro para fora. Resposta pois: Uma geladeira bombeia calor de dentro para fora com refrigerante: evapora dentro, toma calor, libera fora. Lógico.","Uma geladeira bombeia calor de dentro para fora com refrigerante: evapora dentro, toma calor, libera fora."
624,Explique geladeira em uma frase.,"Primeiro, com calma. Refrigerante, calor dentro para fora. Logo: Uma geladeira bombeia calor de dentro para fora com refrigerante: evapora dentro, toma calor, libera fora. Lógico.","Uma geladeira bombeia calor de dentro para fora com refrigerante: evapora dentro, toma calor, libera fora."
625,O que é geladeira? (curto),"Repasso na cabeça. Refrigerante, calor dentro para fora. Resposta pois: Uma geladeira bombeia calor de dentro para fora com refrigerante: evapora dentro, toma calor, libera fora. Sim, bate.","Uma geladeira bombeia calor de dentro para fora com refrigerante: evapora dentro, toma calor, libera fora."
626,"O que é eletricidade, em simples?","Hmm, o que sei sobre isto? Movimento dirigido de elétrons. Resposta pois: Eletricidade é simplesmente o movimento dirigido de cargas, normalmente elétrons num fio. Tudo claro na cabeça.","Eletricidade é simplesmente o movimento dirigido de cargas, normalmente elétrons num fio."
627,Explique eletricidade em uma frase.,"Primeiro, com calma. Movimento dirigido de elétrons. Conclusão: Eletricidade é simplesmente o movimento dirigido de cargas, normalmente elétrons num fio. Faz sentido.","Eletricidade é simplesmente o movimento dirigido de cargas, normalmente elétrons num fio."
628,O que é eletricidade? (curto),"Ok, passo a passo. Movimento dirigido de elétrons. Logo: Eletricidade é simplesmente o movimento dirigido de cargas, normalmente elétrons num fio. Tudo claro na cabeça.","Eletricidade é simplesmente o movimento dirigido de cargas, normalmente elétrons num fio."
629,"O que é a água, quimicamente?","Bem, vamos pensar. H2O, hidrogênio e oxigênio. Resposta pois: A água é H2O, um composto de hidrogênio e oxigênio. Lógico.","A água é H2O, um composto de hidrogênio e oxigênio."
630,Explique água química em uma frase.,"Repasso na cabeça. H2O, hidrogênio e oxigênio. Resposta pois: A água é H2O, um composto de hidrogênio e oxigênio. Lógico.","A água é H2O, um composto de hidrogênio e oxigênio."
631,O que é água química? (curto),"Ok, passo a passo. H2O, hidrogênio e oxigênio. Resposta pois: A água é H2O, um composto de hidrogênio e oxigênio. Sim, bate.","A água é H2O, um composto de hidrogênio e oxigênio."
632,O que é um vírus?,"Ok, passo a passo. Minúsculo, precisa de célula hospedeira. Resposta pois: Um vírus é um agente minúsculo que não se multiplica sem célula hospedeira. Tenho certeza.",Um vírus é um agente minúsculo que não se multiplica sem célula hospedeira.
633,Explique vírus em uma frase.,"Um momento, vou pensar. Minúsculo, precisa de célula hospedeira. Conclusão: Um vírus é um agente minúsculo que não se multiplica sem célula hospedeira. Terminei de pensar.",Um vírus é um agente minúsculo que não se multiplica sem célula hospedeira.
634,O que é vírus? (curto),"Boa pergunta, penso rápido. Minúsculo, precisa de célula hospedeira. Resposta pois: Um vírus é um agente minúsculo que não se multiplica sem célula hospedeira. Lógico.",Um vírus é um agente minúsculo que não se multiplica sem célula hospedeira.
635,"O que é inteligência artificial, em simples?","Hmm, o que sei sobre isto? Programas que aprendem padrões. Logo: Inteligência artificial são programas que aprendem de dados, reconhecem padrões e resolvem tarefas. Tudo claro na cabeça.","Inteligência artificial são programas que aprendem de dados, reconhecem padrões e resolvem tarefas."
636,Explique IA em uma frase.,"Primeiro, com calma. Programas que aprendem padrões. Conclusão: Inteligência artificial são programas que aprendem de dados, reconhecem padrões e resolvem tarefas. Tenho certeza.","Inteligência artificial são programas que aprendem de dados, reconhecem padrões e resolvem tarefas."
637,O que é IA? (curto),"Primeiro, com calma. Programas que aprendem padrões. Logo: Inteligência artificial são programas que aprendem de dados, reconhecem padrões e resolvem tarefas. Ok, decidido.","Inteligência artificial são programas que aprendem de dados, reconhecem padrões e resolvem tarefas."
638,O que é um navegador?,"Repasso na cabeça. Programa para sites, ex. Chrome, Firefox. Logo: Um navegador é o programa para abrir sites, ex. Chrome, Firefox, Edge ou Safari. Lógico.","Um navegador é o programa para abrir sites, ex. Chrome, Firefox, Edge ou Safari."
639,Explique navegador em uma frase.,"Bem, vamos pensar. Programa para sites, ex. Chrome, Firefox. Resposta pois: Um navegador é o programa para abrir sites, ex. Chrome, Firefox, Edge ou Safari. Lógico.","Um navegador é o programa para abrir sites, ex. Chrome, Firefox, Edge ou Safari."
640,O que é navegador? (curto),"Primeiro, com calma. Programa para sites, ex. Chrome, Firefox. Conclusão: Um navegador é o programa para abrir sites, ex. Chrome, Firefox, Edge ou Safari. Terminei de pensar.","Um navegador é o programa para abrir sites, ex. Chrome, Firefox, Edge ou Safari."
641,O que é um app?,"Hmm, o que sei sobre isto? Programa, normalmente para celulares. Logo: Um app é um programa, normalmente para celulares, ex. mensagens, fotos ou jogos. Tudo claro na cabeça.","Um app é um programa, normalmente para celulares, ex. mensagens, fotos ou jogos."
642,Explique app em uma frase.,"Bem, vamos pensar. Programa, normalmente para celulares. Logo: Um app é um programa, normalmente para celulares, ex. mensagens, fotos ou jogos. Tudo claro na cabeça.","Um app é um programa, normalmente para celulares, ex. mensagens, fotos ou jogos."
643,O que é app? (curto),"Boa pergunta, penso rápido. Programa, normalmente para celulares. Logo: Um app é um programa, normalmente para celulares, ex. mensagens, fotos ou jogos. Tudo claro na cabeça.","Um app é um programa, normalmente para celulares, ex. mensagens, fotos ou jogos."
644,Por que beber água?,"Hmm, o que sei sobre isto? Circulação, foco, pele, rins. Logo: A água estabiliza circulação e foco, ajuda rins e pele, previne dores de cabeça. Terminei de pensar.","A água estabiliza circulação e foco, ajuda rins e pele, previne dores de cabeça."
645,Explique beber água em uma frase.,"Um momento, vou pensar. Circulação, foco, pele, rins. Resposta pois: A água estabiliza circulação e foco, ajuda rins e pele, previne dores de cabeça. Tenho certeza.","A água estabiliza circulação e foco, ajuda rins e pele, previne dores de cabeça."
646,O que é beber água? (curto),"Boa pergunta, penso rápido. Circulação, foco, pele, rins. Logo: A água estabiliza circulação e foco, ajuda rins e pele, previne dores de cabeça. Terminei de pensar.","A água estabiliza circulação e foco, ajuda rins e pele, previne dores de cabeça."
647,Quanto tempo escovar os dentes?,"Repasso na cabeça. 2 minutos, duas vezes ao dia. Conclusão: Uns 2 minutos, duas vezes ao dia. Ok, decidido.","Uns 2 minutos, duas vezes ao dia."
648,Explique escovar dentes em uma frase.,"Ok, passo a passo. 2 minutos, duas vezes ao dia. Resposta pois: Uns 2 minutos, duas vezes ao dia. Tudo claro na cabeça.","Uns 2 minutos, duas vezes ao dia."
649,O que é escovar dentes? (curto),"Bem, vamos pensar. 2 minutos, duas vezes ao dia. Logo: Uns 2 minutos, duas vezes ao dia. Tudo claro na cabeça.","Uns 2 minutos, duas vezes ao dia."
650,O que é gravidade?,"Ok, passo a passo. Atração entre massas; a Terra atrai. Logo: Gravidade é a atração entre massas. A Terra atrai tudo para baixo, por isso as coisas caem. Tenho certeza.","Gravidade é a atração entre massas. A Terra atrai tudo para baixo, por isso as coisas caem."
651,Explique gravidade em uma frase.,"Hmm, o que sei sobre isto? Atração entre massas; a Terra atrai. Conclusão: Gravidade é a atração entre massas. A Terra atrai tudo para baixo, por isso as coisas caem. Sim, bate.","Gravidade é a atração entre massas. A Terra atrai tudo para baixo, por isso as coisas caem."
652,O que é gravidade? (curto),"Hmm, o que sei sobre isto? Atração entre massas; a Terra atrai. Logo: Gravidade é a atração entre massas. A Terra atrai tudo para baixo, por isso as coisas caem. Terminei de pensar.","Gravidade é a atração entre massas. A Terra atrai tudo para baixo, por isso as coisas caem."
653,O que é o ar?,"Repasso na cabeça. Mistura de nitrogênio, oxigênio e mais. Logo: O ar é uma mistura de gases, sobretudo nitrogênio e oxigênio. Faz sentido.","O ar é uma mistura de gases, sobretudo nitrogênio e oxigênio."
654,Explique ar em uma frase.,"Um momento, vou pensar. Mistura de nitrogênio, oxigênio e mais. Conclusão: O ar é uma mistura de gases, sobretudo nitrogênio e oxigênio. Faz sentido.","O ar é uma mistura de gases, sobretudo nitrogênio e oxigênio."
655,O que é ar? (curto),"Ok, passo a passo. Mistura de nitrogênio, oxigênio e mais. Conclusão: O ar é uma mistura de gases, sobretudo nitrogênio e oxigênio. Terminei de pensar.","O ar é uma mistura de gases, sobretudo nitrogênio e oxigênio."
656,O que o coração faz?,"Primeiro, com calma. Bombeia sangue pelo corpo. Conclusão: O coração bombeia sangue por todo o corpo. Terminei de pensar.",O coração bombeia sangue por todo o corpo.
657,Explique coração em uma frase.,"Primeiro, com calma. Bombeia sangue pelo corpo. Resposta pois: O coração bombeia sangue por todo o corpo. Terminei de pensar.",O coração bombeia sangue por todo o corpo.
658,O que é coração? (curto),"Bem, vamos pensar. Bombeia sangue pelo corpo. Conclusão: O coração bombeia sangue por todo o corpo. Sim, bate.",O coração bombeia sangue por todo o corpo.
659,O que os pulmões fazem?,"Primeiro, com calma. Tomam oxigênio, soltam CO2. Logo: Os pulmões tomam oxigênio e soltam dióxido de carbono. Sim, bate.",Os pulmões tomam oxigênio e soltam dióxido de carbono.
660,Explique pulmões em uma frase.,"Repasso na cabeça. Tomam oxigênio, soltam CO2. Resposta pois: Os pulmões tomam oxigênio e soltam dióxido de carbono. Faz sentido.",Os pulmões tomam oxigênio e soltam dióxido de carbono.
661,O que é pulmões? (curto),"Repasso na cabeça. Tomam oxigênio, soltam CO2. Conclusão: Os pulmões tomam oxigênio e soltam dióxido de carbono. Bem, sigo.",Os pulmões tomam oxigênio e soltam dióxido de carbono.
662,Por que o sono é importante?,"Boa pergunta, penso rápido. Recuperação, memória, imunidade. Logo: O sono ajuda recuperação, memória e sistema imune. Lógico.","O sono ajuda recuperação, memória e sistema imune."
663,Explique sono em uma frase.,"Ok, passo a passo. Recuperação, memória, imunidade. Logo: O sono ajuda recuperação, memória e sistema imune. Tudo claro na cabeça.","O sono ajuda recuperação, memória e sistema imune."
664,O que é sono? (curto),"Vou ordenar isto. Recuperação, memória, imunidade. Conclusão: O sono ajuda recuperação, memória e sistema imune. Ok, decidido.","O sono ajuda recuperação, memória e sistema imune."
665,O que é febre?,"Primeiro, com calma. Temperatura alta como defesa. Conclusão: Febre é temperatura alta, muitas vezes defesa contra infecções. Faz sentido.","Febre é temperatura alta, muitas vezes defesa contra infecções."
666,Explique febre em uma frase.,"Bem, vamos pensar. Temperatura alta como defesa. Conclusão: Febre é temperatura alta, muitas vezes defesa contra infecções. Ok, decidido.","Febre é temperatura alta, muitas vezes defesa contra infecções."
667,O que é febre? (curto),"Bem, vamos pensar. Temperatura alta como defesa. Conclusão: Febre é temperatura alta, muitas vezes defesa contra infecções. Bem, sigo.","Febre é temperatura alta, muitas vezes defesa contra infecções."
668,O que é uma senha forte?,"Um momento, vou pensar. Longa, única, num gerenciador. Conclusão: Uma senha forte é longa, única por serviço e guardada num gerenciador. Bem, sigo.","Uma senha forte é longa, única por serviço e guardada num gerenciador."
669,Explique senha forte em uma frase.,"Hmm, o que sei sobre isto? Longa, única, num gerenciador. Resposta pois: Uma senha forte é longa, única por serviço e guardada num gerenciador. Bem, sigo.","Uma senha forte é longa, única por serviço e guardada num gerenciador."
670,O que é senha forte? (curto),"Boa pergunta, penso rápido. Longa, única, num gerenciador. Conclusão: Uma senha forte é longa, única por serviço e guardada num gerenciador. Tudo claro na cabeça.","Uma senha forte é longa, única por serviço e guardada num gerenciador."
671,O que é Wi-Fi?,"Um momento, vou pensar. Rede local sem fios. Conclusão: Wi-Fi é uma rede local sem fios para internet. Faz sentido.",Wi-Fi é uma rede local sem fios para internet.
672,Explique Wi-Fi em uma frase.,"Ok, passo a passo. Rede local sem fios. Resposta pois: Wi-Fi é uma rede local sem fios para internet. Faz sentido.",Wi-Fi é uma rede local sem fios para internet.
673,O que é Wi-Fi? (curto),"Um momento, vou pensar. Rede local sem fios. Logo: Wi-Fi é uma rede local sem fios para internet. Tenho certeza.",Wi-Fi é uma rede local sem fios para internet.
674,O que é a nuvem?,"Boa pergunta, penso rápido. Servidores na internet para guardar e serviços. Resposta pois: A nuvem são servidores na internet para guardar dados e usar serviços. Tudo claro na cabeça.",A nuvem são servidores na internet para guardar dados e usar serviços.
675,Explique nuvem em uma frase.,"Ok, passo a passo. Servidores na internet para guardar e serviços. Conclusão: A nuvem são servidores na internet para guardar dados e usar serviços. Tudo claro na cabeça.",A nuvem são servidores na internet para guardar dados e usar serviços.
676,O que é nuvem? (curto),Repasso na cabeça. Servidores na internet para guardar e serviços. Conclusão: A nuvem são servidores na internet para guardar dados e usar serviços. Tudo claro na cabeça.,A nuvem são servidores na internet para guardar dados e usar serviços.
677,Como o GPS funciona?,"Um momento, vou pensar. Satélites, tempo de sinal, cálculo. Resposta pois: O GPS acha a posição com sinais de satélites e seu tempo de viagem. Sim, bate.",O GPS acha a posição com sinais de satélites e seu tempo de viagem.
678,Explique GPS em uma frase.,"Repasso na cabeça. Satélites, tempo de sinal, cálculo. Logo: O GPS acha a posição com sinais de satélites e seu tempo de viagem. Sim, bate.",O GPS acha a posição com sinais de satélites e seu tempo de viagem.
679,O que é GPS? (curto),"Boa pergunta, penso rápido. Satélites, tempo de sinal, cálculo. Conclusão: O GPS acha a posição com sinais de satélites e seu tempo de viagem. Tenho certeza.",O GPS acha a posição com sinais de satélites e seu tempo de viagem.
680,Por que há dia e noite?,"Primeiro, com calma. Rotação da Terra. Resposta pois: Dia e noite existem porque a Terra gira. O lado do sol tem dia, o outro noite. Lógico.","Dia e noite existem porque a Terra gira. O lado do sol tem dia, o outro noite."
681,Explique dia e noite em uma frase.,"Hmm, o que sei sobre isto? Rotação da Terra. Conclusão: Dia e noite existem porque a Terra gira. O lado do sol tem dia, o outro noite. Ok, decidido.","Dia e noite existem porque a Terra gira. O lado do sol tem dia, o outro noite."
682,O que é dia e noite? (curto),"Vou ordenar isto. Rotação da Terra. Resposta pois: Dia e noite existem porque a Terra gira. O lado do sol tem dia, o outro noite. Tenho certeza.","Dia e noite existem porque a Terra gira. O lado do sol tem dia, o outro noite."
683,Por que há estações?,"Bem, vamos pensar. Inclinação do eixo terrestre. Conclusão: As estações vêm da inclinação do eixo: cada hemisfério se inclina ao sol por vez. Lógico.",As estações vêm da inclinação do eixo: cada hemisfério se inclina ao sol por vez.
684,Explique estações em uma frase.,"Um momento, vou pensar. Inclinação do eixo terrestre. Resposta pois: As estações vêm da inclinação do eixo: cada hemisfério se inclina ao sol por vez. Lógico.",As estações vêm da inclinação do eixo: cada hemisfério se inclina ao sol por vez.
685,O que é estações? (curto),"Bem, vamos pensar. Inclinação do eixo terrestre. Logo: As estações vêm da inclinação do eixo: cada hemisfério se inclina ao sol por vez. Tudo claro na cabeça.",As estações vêm da inclinação do eixo: cada hemisfério se inclina ao sol por vez.
686,Por que a Lua brilha?,Repasso na cabeça. Reflete o sol. Logo: A Lua brilha porque reflete a luz do sol. Faz sentido.,A Lua brilha porque reflete a luz do sol.
687,Explique lua brilhante em uma frase.,"Bem, vamos pensar. Reflete o sol. Conclusão: A Lua brilha porque reflete a luz do sol. Tenho certeza.",A Lua brilha porque reflete a luz do sol.
688,O que é lua brilhante? (curto),"Hmm, o que sei sobre isto? Reflete o sol. Conclusão: A Lua brilha porque reflete a luz do sol. Tenho certeza.",A Lua brilha porque reflete a luz do sol.
689,O que é o Sol?,Vou ordenar isto. Uma estrela de gás quente. Logo: O Sol é uma estrela de gás quente que dá luz e calor. Terminei de pensar.,O Sol é uma estrela de gás quente que dá luz e calor.
690,Explique sol em uma frase.,"Primeiro, com calma. Uma estrela de gás quente. Logo: O Sol é uma estrela de gás quente que dá luz e calor. Bem, sigo.",O Sol é uma estrela de gás quente que dá luz e calor.
691,O que é sol? (curto),"Um momento, vou pensar. Uma estrela de gás quente. Conclusão: O Sol é uma estrela de gás quente que dá luz e calor. Bem, sigo.",O Sol é uma estrela de gás quente que dá luz e calor.
692,Quantos planetas há no sistema solar?,"Primeiro, com calma. 8 planetas. Resposta pois: Nosso sistema solar tem 8 planetas: Mercúrio, Vênus, Terra, Marte, Júpiter, Saturno, Urano, Netuno. Terminei de pensar.","Nosso sistema solar tem 8 planetas: Mercúrio, Vênus, Terra, Marte, Júpiter, Saturno, Urano, Netuno."
693,Explique planetas em uma frase.,"Um momento, vou pensar. 8 planetas. Conclusão: Nosso sistema solar tem 8 planetas: Mercúrio, Vênus, Terra, Marte, Júpiter, Saturno, Urano, Netuno. Ok, decidido.","Nosso sistema solar tem 8 planetas: Mercúrio, Vênus, Terra, Marte, Júpiter, Saturno, Urano, Netuno."
694,O que é planetas? (curto),"Ok, passo a passo. 8 planetas. Logo: Nosso sistema solar tem 8 planetas: Mercúrio, Vênus, Terra, Marte, Júpiter, Saturno, Urano, Netuno. Bem, sigo.","Nosso sistema solar tem 8 planetas: Mercúrio, Vênus, Terra, Marte, Júpiter, Saturno, Urano, Netuno."
695,O que é um átomo?,"Vou ordenar isto. Unidade mínima: núcleo mais elétrons. Logo: Um átomo é a unidade mínima de matéria, feita de núcleo e elétrons. Bem, sigo.","Um átomo é a unidade mínima de matéria, feita de núcleo e elétrons."
696,Explique átomo em uma frase.,"Bem, vamos pensar. Unidade mínima: núcleo mais elétrons. Resposta pois: Um átomo é a unidade mínima de matéria, feita de núcleo e elétrons. Lógico.","Um átomo é a unidade mínima de matéria, feita de núcleo e elétrons."
697,O que é átomo? (curto),"Um momento, vou pensar. Unidade mínima: núcleo mais elétrons. Resposta pois: Um átomo é a unidade mínima de matéria, feita de núcleo e elétrons. Bem, sigo.","Um átomo é a unidade mínima de matéria, feita de núcleo e elétrons."
698,O que é reciclagem?,"Repasso na cabeça. Recolher resíduos, fazer produtos novos. Resposta pois: Reciclagem recolhe resíduos para fazer produtos novos. Ok, decidido.",Reciclagem recolhe resíduos para fazer produtos novos.
699,Explique reciclagem em uma frase.,"Vou ordenar isto. Recolher resíduos, fazer produtos novos. Logo: Reciclagem recolhe resíduos para fazer produtos novos. Terminei de pensar.",Reciclagem recolhe resíduos para fazer produtos novos.
700,O que é reciclagem? (curto),"Ok, passo a passo. Recolher resíduos, fazer produtos novos. Resposta pois: Reciclagem recolhe resíduos para fazer produtos novos. Terminei de pensar.",Reciclagem recolhe resíduos para fazer produtos novos.
701,O que é o efeito estufa?,"Boa pergunta, penso rápido. Gases retêm calor. Resposta pois: O efeito estufa retém calor. Gases demais aquecem o clima. Bem, sigo.",O efeito estufa retém calor. Gases demais aquecem o clima.
702,Explique efeito estufa em uma frase.,"Repasso na cabeça. Gases retêm calor. Conclusão: O efeito estufa retém calor. Gases demais aquecem o clima. Ok, decidido.",O efeito estufa retém calor. Gases demais aquecem o clima.
703,O que é efeito estufa? (curto),"Bem, vamos pensar. Gases retêm calor. Logo: O efeito estufa retém calor. Gases demais aquecem o clima. Tenho certeza.",O efeito estufa retém calor. Gases demais aquecem o clima.
704,Por que as abelhas são importantes?,"Primeiro, com calma. Polinização, colheitas. Logo: As abelhas polinizam plantas, garantindo colheitas e biodiversidade. Tudo claro na cabeça.","As abelhas polinizam plantas, garantindo colheitas e biodiversidade."
705,Explique abelhas em uma frase.,"Bem, vamos pensar. Polinização, colheitas. Resposta pois: As abelhas polinizam plantas, garantindo colheitas e biodiversidade. Tenho certeza.","As abelhas polinizam plantas, garantindo colheitas e biodiversidade."
706,O que é abelhas? (curto),"Vou ordenar isto. Polinização, colheitas. Resposta pois: As abelhas polinizam plantas, garantindo colheitas e biodiversidade. Sim, bate.","As abelhas polinizam plantas, garantindo colheitas e biodiversidade."
707,Por que as folhas são verdes?,"Um momento, vou pensar. Pigmento clorofila. Conclusão: As folhas são verdes pela clorofila, pigmento da fotossíntese. Lógico.","As folhas são verdes pela clorofila, pigmento da fotossíntese."
708,Explique folhas verdes em uma frase.,"Um momento, vou pensar. Pigmento clorofila. Resposta pois: As folhas são verdes pela clorofila, pigmento da fotossíntese. Tenho certeza.","As folhas são verdes pela clorofila, pigmento da fotossíntese."
709,O que é folhas verdes? (curto),"Ok, passo a passo. Pigmento clorofila. Logo: As folhas são verdes pela clorofila, pigmento da fotossíntese. Terminei de pensar.","As folhas são verdes pela clorofila, pigmento da fotossíntese."
710,O que é um mamífero?,"Vou ordenar isto. Pelo, nascimento vivo, leite. Logo: Mamíferos têm pelo, dão à luz filhotes vivos e os amamentam. Terminei de pensar.","Mamíferos têm pelo, dão à luz filhotes vivos e os amamentam."
711,Explique mamíferos em uma frase.,"Boa pergunta, penso rápido. Pelo, nascimento vivo, leite. Logo: Mamíferos têm pelo, dão à luz filhotes vivos e os amamentam. Tenho certeza.","Mamíferos têm pelo, dão à luz filhotes vivos e os amamentam."
712,O que é mamíferos? (curto),"Um momento, vou pensar. Pelo, nascimento vivo, leite. Resposta pois: Mamíferos têm pelo, dão à luz filhotes vivos e os amamentam. Terminei de pensar.","Mamíferos têm pelo, dão à luz filhotes vivos e os amamentam."
713,Como uma pilha funciona?,"Boa pergunta, penso rápido. Energia química em elétrica. Conclusão: Uma pilha converte energia química em elétrica. Sim, bate.",Uma pilha converte energia química em elétrica.
714,Explique pilhas em uma frase.,"Hmm, o que sei sobre isto? Energia química em elétrica. Logo: Uma pilha converte energia química em elétrica. Terminei de pensar.",Uma pilha converte energia química em elétrica.
715,O que é pilhas? (curto),Repasso na cabeça. Energia química em elétrica. Resposta pois: Uma pilha converte energia química em elétrica. Lógico.,Uma pilha converte energia química em elétrica.
716,Como a energia solar funciona?,Repasso na cabeça. Células: luz em corrente. Resposta pois: As células solares convertem a luz diretamente em corrente. Terminei de pensar.,As células solares convertem a luz diretamente em corrente.
717,Explique solar em uma frase.,Vou ordenar isto. Células: luz em corrente. Logo: As células solares convertem a luz diretamente em corrente. Faz sentido.,As células solares convertem a luz diretamente em corrente.
718,O que é solar? (curto),"Boa pergunta, penso rápido. Células: luz em corrente. Conclusão: As células solares convertem a luz diretamente em corrente. Bem, sigo.",As células solares convertem a luz diretamente em corrente.
719,O que é um vírus de computador?,"Um momento, vou pensar. Programa nocivo que se espalha. Logo: Um vírus é um programa nocivo que se espalha e causa danos. Proteja com atualizações e cuidado. Lógico.",Um vírus é um programa nocivo que se espalha e causa danos. Proteja com atualizações e cuidado.
720,Explique vírus de computador em uma frase.,"Boa pergunta, penso rápido. Programa nocivo que se espalha. Resposta pois: Um vírus é um programa nocivo que se espalha e causa danos. Proteja com atualizações e cuidado. Tenho certeza.",Um vírus é um programa nocivo que se espalha e causa danos. Proteja com atualizações e cuidado.
721,O que é vírus de computador? (curto),"Primeiro, com calma. Programa nocivo que se espalha. Resposta pois: Um vírus é um programa nocivo que se espalha e causa danos. Proteja com atualizações e cuidado. Faz sentido.",Um vírus é um programa nocivo que se espalha e causa danos. Proteja com atualizações e cuidado.
722,Por que o plástico é um problema?,"Primeiro, com calma. Resíduos duradouros, microplásticos. Logo: O plástico quase não se degrada, suja natureza e mares, vira microplásticos. Faz sentido.","O plástico quase não se degrada, suja natureza e mares, vira microplásticos."
723,Explique plástico em uma frase.,"Um momento, vou pensar. Resíduos duradouros, microplásticos. Logo: O plástico quase não se degrada, suja natureza e mares, vira microplásticos. Tenho certeza.","O plástico quase não se degrada, suja natureza e mares, vira microplásticos."
724,O que é plástico? (curto),"Hmm, o que sei sobre isto? Resíduos duradouros, microplásticos. Conclusão: O plástico quase não se degrada, suja natureza e mares, vira microplásticos. Faz sentido.","O plástico quase não se degrada, suja natureza e mares, vira microplásticos."
725,O que é um terremoto?,"Vou ordenar isto. Placas se movem, liberam energia. Logo: Um terremoto ocorre quando as placas se movem de repente e liberam energia. Lógico.",Um terremoto ocorre quando as placas se movem de repente e liberam energia.
726,Explique terremoto em uma frase.,"Vou ordenar isto. Placas se movem, liberam energia. Logo: Um terremoto ocorre quando as placas se movem de repente e liberam energia. Terminei de pensar.",Um terremoto ocorre quando as placas se movem de repente e liberam energia.
727,O que é terremoto? (curto),"Bem, vamos pensar. Placas se movem, liberam energia. Resposta pois: Um terremoto ocorre quando as placas se movem de repente e liberam energia. Bem, sigo.",Um terremoto ocorre quando as placas se movem de repente e liberam energia.
728,O que é mel?,Vou ordenar isto. Abelhas a partir do néctar. Conclusão: O mel é feito pelas abelhas com o néctar das flores. Lógico.,O mel é feito pelas abelhas com o néctar das flores.
729,Explique mel em uma frase.,"Boa pergunta, penso rápido. Abelhas a partir do néctar. Resposta pois: O mel é feito pelas abelhas com o néctar das flores. Tudo claro na cabeça.",O mel é feito pelas abelhas com o néctar das flores.
730,O que é mel? (curto),"Ok, passo a passo. Abelhas a partir do néctar. Resposta pois: O mel é feito pelas abelhas com o néctar das flores. Terminei de pensar.",O mel é feito pelas abelhas com o néctar das flores.
731,Quanto é 25 vezes 4?,"Ok, passo a passo. Cálculo: 25*4=100. Controlo: 25 vezes 4 são 100. Certo. Faz sentido.",25 vezes 4 são 100.
732,Quanto é 12 por cento de 200?,"Hmm, o que sei sobre isto? Porcentagem: 200*0,12=24. Controlo: 12 por cento de 200 são 24. Certo. Ok, decidido.",12 por cento de 200 são 24.
733,Quanto é 7 vezes 8 mais 10?,"Boa pergunta, penso rápido. Ordem: 7*8=56 +10=66. Recalculo: São 66. Bate. Bem, sigo.",São 66.
734,Um trem sai às 14:30 e leva 2h15. Quando chega?,"Um momento, vou pensar. Soma: 14:30 + 2:15 = 16:45. Prova: Chega às 16:45. Correto. Faz sentido.",Chega às 16:45.
735,Tenho 3 maçãs e como 1. Quantas restam?,"Ok, passo a passo. Subtração: 3-1=2. Recalculo: Restam 2 maçãs. Bate. Sim, bate.",Restam 2 maçãs.
736,Deito às 22h e levanto às 6h. Quanto durmo?,"Bem, vamos pensar. Duração: 22h às 6h = 8 horas. Prova: Você dorme 8 horas. Correto. Lógico.",Você dorme 8 horas.
737,Divida 100 euros entre 4 pessoas.,"Um momento, vou pensar. Divisão: 100/4=25. Recalculo: Cada pessoa recebe 25 euros. Bate. Sim, bate.",Cada pessoa recebe 25 euros.
738,Quantos minutos são 2 horas?,"Um momento, vou pensar. Conversão: 2*60=120. Prova: 2 horas são 120 minutos. Correto. Ok, decidido.",2 horas são 120 minutos.
739,Quantos dias tem um ano?,"Bem, vamos pensar. Dado: 365, bissexto 366. Resposta pois: Um ano tem 365 dias, bissexto 366. Faz sentido.","Um ano tem 365 dias, bissexto 366."
740,Quantos segundos há num minuto?,"Um momento, vou pensar. Dado: 60. Resposta pois: Um minuto tem 60 segundos. Terminei de pensar.",Um minuto tem 60 segundos.
741,Quanto é 37 mais 54?,"Um momento, vou pensar. Soma: 37+54=91. Recalculo: 37 mais 54 são 91. Bate. Terminei de pensar.",37 mais 54 são 91.
742,Quanto é 75 menos 63?,"Hmm, o que sei sobre isto? Subtração: 75-63=12. Recalculo: 75 menos 63 são 12. Bate. Ok, decidido.",75 menos 63 são 12.
743,Quanto é 6 vezes 9?,"Ok, passo a passo. Multiplicação: 6*9=54. Controlo: 6 vezes 9 são 54. Certo. Bem, sigo.",6 vezes 9 são 54.
744,Quanto é 96 dividido por 8?,"Ok, passo a passo. Divisão: 96/8=12. Controlo: 96 dividido por 8 são 12. Certo. Ok, decidido.",96 dividido por 8 são 12.
745,Quanto é 50 por cento de 500?,"Primeiro, com calma. Porcentagem: 500*50/100=250. Recalculo: 50 por cento de 500 são 250. Bate. Lógico.",50 por cento de 500 são 250.
746,Quanto é 51 mais 7?,"Boa pergunta, penso rápido. Soma: 51+7=58. Prova: 51 mais 7 são 58. Correto. Lógico.",51 mais 7 são 58.
747,Quanto é 66 menos 30?,"Boa pergunta, penso rápido. Subtração: 66-30=36. Recalculo: 66 menos 30 são 36. Bate. Bem, sigo.",66 menos 30 são 36.
748,Quanto é 8 vezes 2?,"Hmm, o que sei sobre isto? Multiplicação: 8*2=16. Controlo: 8 vezes 2 são 16. Certo. Tenho certeza.",8 vezes 2 são 16.
749,Quanto é 30 dividido por 5?,Vou ordenar isto. Divisão: 30/5=6. Recalculo: 30 dividido por 5 são 6. Bate. Faz sentido.,30 dividido por 5 são 6.
750,Quanto é 20 por cento de 500?,Vou ordenar isto. Porcentagem: 500*20/100=100. Recalculo: 20 por cento de 500 são 100. Bate. Tudo claro na cabeça.,20 por cento de 500 são 100.
751,Quanto é 52 mais 35?,"Um momento, vou pensar. Soma: 52+35=87. Recalculo: 52 mais 35 são 87. Bate. Lógico.",52 mais 35 são 87.
752,Quanto é 40 menos 5?,"Hmm, o que sei sobre isto? Subtração: 40-5=35. Prova: 40 menos 5 são 35. Correto. Bem, sigo.",40 menos 5 são 35.
753,Quanto é 12 vezes 5?,"Primeiro, com calma. Multiplicação: 12*5=60. Recalculo: 12 vezes 5 são 60. Bate. Sim, bate.",12 vezes 5 são 60.
754,Quanto é 34 dividido por 2?,"Bem, vamos pensar. Divisão: 34/2=17. Prova: 34 dividido por 2 são 17. Correto. Tudo claro na cabeça.",34 dividido por 2 são 17.
755,Quanto é 15 por cento de 400?,"Ok, passo a passo. Porcentagem: 400*15/100=60. Recalculo: 15 por cento de 400 são 60. Bate. Bem, sigo.",15 por cento de 400 são 60.
756,Quanto é 52 mais 17?,Vou ordenar isto. Soma: 52+17=69. Recalculo: 52 mais 17 são 69. Bate. Lógico.,52 mais 17 são 69.
757,Quanto é 96 menos 55?,"Um momento, vou pensar. Subtração: 96-55=41. Controlo: 96 menos 55 são 41. Certo. Ok, decidido.",96 menos 55 são 41.
758,Quanto é 11 vezes 4?,Repasso na cabeça. Multiplicação: 11*4=44. Prova: 11 vezes 4 são 44. Correto. Lógico.,11 vezes 4 são 44.
759,Quanto é 56 dividido por 8?,"Hmm, o que sei sobre isto? Divisão: 56/8=7. Controlo: 56 dividido por 8 são 7. Certo. Ok, decidido.",56 dividido por 8 são 7.
760,Quanto é 15 por cento de 200?,"Um momento, vou pensar. Porcentagem: 200*15/100=30. Recalculo: 15 por cento de 200 são 30. Bate. Terminei de pensar.",15 por cento de 200 são 30.
761,Quanto é 18 mais 60?,"Boa pergunta, penso rápido. Soma: 18+60=78. Recalculo: 18 mais 60 são 78. Bate. Bem, sigo.",18 mais 60 são 78.
762,Quanto é 71 menos 18?,"Primeiro, com calma. Subtração: 71-18=53. Recalculo: 71 menos 18 são 53. Bate. Tudo claro na cabeça.",71 menos 18 são 53.
763,Quanto é 12 vezes 11?,"Ok, passo a passo. Multiplicação: 12*11=132. Prova: 12 vezes 11 são 132. Correto. Faz sentido.",12 vezes 11 são 132.
764,Quanto é 108 dividido por 6?,"Hmm, o que sei sobre isto? Divisão: 108/6=18. Prova: 108 dividido por 6 são 18. Correto. Tenho certeza.",108 dividido por 6 são 18.
765,Quanto é 25 por cento de 100?,"Bem, vamos pensar. Porcentagem: 100*25/100=25. Prova: 25 por cento de 100 são 25. Correto. Sim, bate.",25 por cento de 100 são 25.
766,Quanto é 11 mais 38?,Vou ordenar isto. Soma: 11+38=49. Recalculo: 11 mais 38 são 49. Bate. Tenho certeza.,11 mais 38 são 49.
767,Quanto é 27 menos 2?,"Boa pergunta, penso rápido. Subtração: 27-2=25. Recalculo: 27 menos 2 são 25. Bate. Ok, decidido.",27 menos 2 são 25.
768,Quanto é 5 vezes 4?,"Repasso na cabeça. Multiplicação: 5*4=20. Recalculo: 5 vezes 4 são 20. Bate. Sim, bate.",5 vezes 4 são 20.
769,Quanto é 16 dividido por 4?,"Primeiro, com calma. Divisão: 16/4=4. Recalculo: 16 dividido por 4 são 4. Bate. Tudo claro na cabeça.",16 dividido por 4 são 4.
770,Quanto é 15 por cento de 300?,"Primeiro, com calma. Porcentagem: 300*15/100=45. Prova: 15 por cento de 300 são 45. Correto. Lógico.",15 por cento de 300 são 45.
771,Quanto é 41 mais 47?,Repasso na cabeça. Soma: 41+47=88. Recalculo: 41 mais 47 são 88. Bate. Faz sentido.,41 mais 47 são 88.
772,Quanto é 72 menos 14?,"Um momento, vou pensar. Subtração: 72-14=58. Prova: 72 menos 14 são 58. Correto. Lógico.",72 menos 14 são 58.
773,Quanto é 9 vezes 9?,"Bem, vamos pensar. Multiplicação: 9*9=81. Controlo: 9 vezes 9 são 81. Certo. Terminei de pensar.",9 vezes 9 são 81.
774,Quanto é 60 dividido por 3?,"Hmm, o que sei sobre isto? Divisão: 60/3=20. Recalculo: 60 dividido por 3 são 20. Bate. Sim, bate.",60 dividido por 3 são 20.
775,Quanto é 25 por cento de 500?,"Repasso na cabeça. Porcentagem: 500*25/100=125. Recalculo: 25 por cento de 500 são 125. Bate. Bem, sigo.",25 por cento de 500 são 125.
776,Quanto é 21 mais 3?,"Repasso na cabeça. Soma: 21+3=24. Prova: 21 mais 3 são 24. Correto. Bem, sigo.",21 mais 3 são 24.
777,Quanto é 29 menos 15?,"Um momento, vou pensar. Subtração: 29-15=14. Controlo: 29 menos 15 são 14. Certo. Sim, bate.",29 menos 15 são 14.
778,Quanto é 5 vezes 12?,"Primeiro, com calma. Multiplicação: 5*12=60. Recalculo: 5 vezes 12 são 60. Bate. Ok, decidido.",5 vezes 12 são 60.
779,Quanto é 48 dividido por 3?,"Um momento, vou pensar. Divisão: 48/3=16. Recalculo: 48 dividido por 3 são 16. Bate. Bem, sigo.",48 dividido por 3 são 16.
780,Quanto é 10 por cento de 100?,"Bem, vamos pensar. Porcentagem: 100*10/100=10. Recalculo: 10 por cento de 100 são 10. Bate. Ok, decidido.",10 por cento de 100 são 10.
781,Quanto é 36 mais 28?,"Um momento, vou pensar. Soma: 36+28=64. Recalculo: 36 mais 28 são 64. Bate. Ok, decidido.",36 mais 28 são 64.
782,Quanto é 72 menos 65?,"Repasso na cabeça. Subtração: 72-65=7. Controlo: 72 menos 65 são 7. Certo. Sim, bate.",72 menos 65 são 7.
783,Quanto é 4 vezes 6?,Vou ordenar isto. Multiplicação: 4*6=24. Recalculo: 4 vezes 6 são 24. Bate. Terminei de pensar.,4 vezes 6 são 24.
784,Quanto é 77 dividido por 7?,"Um momento, vou pensar. Divisão: 77/7=11. Controlo: 77 dividido por 7 são 11. Certo. Tenho certeza.",77 dividido por 7 são 11.
785,Quanto é 20 por cento de 100?,"Primeiro, com calma. Porcentagem: 100*20/100=20. Prova: 20 por cento de 100 são 20. Correto. Faz sentido.",20 por cento de 100 são 20.
786,Quanto é 37 mais 21?,"Primeiro, com calma. Soma: 37+21=58. Prova: 37 mais 21 são 58. Correto. Terminei de pensar.",37 mais 21 são 58.
787,Quanto é 64 menos 44?,"Hmm, o que sei sobre isto? Subtração: 64-44=20. Controlo: 64 menos 44 são 20. Certo. Tenho certeza.",64 menos 44 são 20.
788,Quanto é 3 vezes 7?,"Um momento, vou pensar. Multiplicação: 3*7=21. Recalculo: 3 vezes 7 são 21. Bate. Ok, decidido.",3 vezes 7 são 21.
789,Quanto é 18 dividido por 3?,Repasso na cabeça. Divisão: 18/3=6. Controlo: 18 dividido por 3 são 6. Certo. Lógico.,18 dividido por 3 são 6.
790,Quanto é 5 por cento de 1000?,"Bem, vamos pensar. Porcentagem: 1000*5/100=50. Controlo: 5 por cento de 1000 são 50. Certo. Terminei de pensar.",5 por cento de 1000 são 50.
791,Quanto é 27 mais 45?,"Primeiro, com calma. Soma: 27+45=72. Prova: 27 mais 45 são 72. Correto. Lógico.",27 mais 45 são 72.
792,Quanto é 64 menos 49?,"Boa pergunta, penso rápido. Subtração: 64-49=15. Recalculo: 64 menos 49 são 15. Bate. Terminei de pensar.",64 menos 49 são 15.
793,Quanto é 3 vezes 12?,"Boa pergunta, penso rápido. Multiplicação: 3*12=36. Controlo: 3 vezes 12 são 36. Certo. Faz sentido.",3 vezes 12 são 36.
794,Quanto é 18 dividido por 9?,"Hmm, o que sei sobre isto? Divisão: 18/9=2. Recalculo: 18 dividido por 9 são 2. Bate. Sim, bate.",18 dividido por 9 são 2.
795,Quanto é 20 por cento de 1000?,"Boa pergunta, penso rápido. Porcentagem: 1000*20/100=200. Controlo: 20 por cento de 1000 são 200. Certo. Lógico.",20 por cento de 1000 são 200.
796,Quanto é 47 mais 32?,"Bem, vamos pensar. Soma: 47+32=79. Recalculo: 47 mais 32 são 79. Bate. Lógico.",47 mais 32 são 79.
797,Quanto é 35 menos 20?,"Ok, passo a passo. Subtração: 35-20=15. Controlo: 35 menos 20 são 15. Certo. Ok, decidido.",35 menos 20 são 15.
798,Quanto é 11 vezes 3?,"Um momento, vou pensar. Multiplicação: 11*3=33. Recalculo: 11 vezes 3 são 33. Bate. Bem, sigo.",11 vezes 3 são 33.
799,Quanto é 50 por cento de 200?,"Boa pergunta, penso rápido. Porcentagem: 200*50/100=100. Recalculo: 50 por cento de 200 são 100. Bate. Tenho certeza.",50 por cento de 200 são 100.
800,Quanto é 59 mais 41?,"Hmm, o que sei sobre isto? Soma: 59+41=100. Recalculo: 59 mais 41 são 100. Bate. Faz sentido.",59 mais 41 são 100.
801,Quanto é 24 menos 11?,"Um momento, vou pensar. Subtração: 24-11=13. Prova: 24 menos 11 são 13. Correto. Faz sentido.",24 menos 11 são 13.
802,Quanto é 12 vezes 8?,"Ok, passo a passo. Multiplicação: 12*8=96. Prova: 12 vezes 8 são 96. Correto. Sim, bate.",12 vezes 8 são 96.
803,Quanto é 110 dividido por 10?,"Um momento, vou pensar. Divisão: 110/10=11. Recalculo: 110 dividido por 10 são 11. Bate. Tudo claro na cabeça.",110 dividido por 10 são 11.
804,Quanto é 37 mais 44?,"Bem, vamos pensar. Soma: 37+44=81. Controlo: 37 mais 44 são 81. Certo. Lógico.",37 mais 44 são 81.
805,Quanto é 16 menos 6?,"Um momento, vou pensar. Subtração: 16-6=10. Prova: 16 menos 6 são 10. Correto. Bem, sigo.",16 menos 6 são 10.
806,Quanto é 5 vezes 5?,"Bem, vamos pensar. Multiplicação: 5*5=25. Prova: 5 vezes 5 são 25. Correto. Terminei de pensar.",5 vezes 5 são 25.
807,Quanto é 40 dividido por 8?,"Repasso na cabeça. Divisão: 40/8=5. Prova: 40 dividido por 8 são 5. Correto. Bem, sigo.",40 dividido por 8 são 5.
808,Quanto é 19 mais 38?,"Boa pergunta, penso rápido. Soma: 19+38=57. Prova: 19 mais 38 são 57. Correto. Tenho certeza.",19 mais 38 são 57.
809,Quanto é 65 menos 48?,"Bem, vamos pensar. Subtração: 65-48=17. Controlo: 65 menos 48 são 17. Certo. Sim, bate.",65 menos 48 são 17.
810,Quanto é 12 vezes 7?,"Bem, vamos pensar. Multiplicação: 12*7=84. Prova: 12 vezes 7 são 84. Correto. Sim, bate.",12 vezes 7 são 84.
811,Quanto é 126 dividido por 9?,"Primeiro, com calma. Divisão: 126/9=14. Prova: 126 dividido por 9 são 14. Correto. Lógico.",126 dividido por 9 são 14.
812,Quanto é 5 por cento de 100?,"Vou ordenar isto. Porcentagem: 100*5/100=5. Recalculo: 5 por cento de 100 são 5. Bate. Bem, sigo.",5 por cento de 100 são 5.
813,Quanto é 11 mais 41?,Vou ordenar isto. Soma: 11+41=52. Controlo: 11 mais 41 são 52. Certo. Faz sentido.,11 mais 41 são 52.
814,Quanto é 17 menos 4?,"Bem, vamos pensar. Subtração: 17-4=13. Controlo: 17 menos 4 são 13. Certo. Lógico.",17 menos 4 são 13.
815,Quanto é 12 vezes 12?,"Ok, passo a passo. Multiplicação: 12*12=144. Controlo: 12 vezes 12 são 144. Certo. Sim, bate.",12 vezes 12 são 144.
816,Quanto é 28 dividido por 4?,"Bem, vamos pensar. Divisão: 28/4=7. Recalculo: 28 dividido por 4 são 7. Bate. Sim, bate.",28 dividido por 4 são 7.
817,Quanto é 10 por cento de 400?,"Bem, vamos pensar. Porcentagem: 400*10/100=40. Controlo: 10 por cento de 400 são 40. Certo. Tenho certeza.",10 por cento de 400 são 40.
818,Quanto é 4 mais 55?,"Um momento, vou pensar. Soma: 4+55=59. Recalculo: 4 mais 55 são 59. Bate. Tenho certeza.",4 mais 55 são 59.
819,Quanto é 64 menos 39?,Vou ordenar isto. Subtração: 64-39=25. Recalculo: 64 menos 39 são 25. Bate. Faz sentido.,64 menos 39 são 25.
820,Quanto é 3 vezes 3?,"Vou ordenar isto. Multiplicação: 3*3=9. Controlo: 3 vezes 3 são 9. Certo. Sim, bate.",3 vezes 3 são 9.
821,Quanto é 15 dividido por 5?,Vou ordenar isto. Divisão: 15/5=3. Prova: 15 dividido por 5 são 3. Correto. Tenho certeza.,15 dividido por 5 são 3.
822,Quanto é 29 mais 28?,"Boa pergunta, penso rápido. Soma: 29+28=57. Controlo: 29 mais 28 são 57. Certo. Lógico.",29 mais 28 são 57.
823,Quanto é 14 menos 7?,"Bem, vamos pensar. Subtração: 14-7=7. Prova: 14 menos 7 são 7. Correto. Sim, bate.",14 menos 7 são 7.
824,Quanto é 8 vezes 10?,"Um momento, vou pensar. Multiplicação: 8*10=80. Prova: 8 vezes 10 são 80. Correto. Ok, decidido.",8 vezes 10 são 80.
825,Quanto é 32 dividido por 4?,"Repasso na cabeça. Divisão: 32/4=8. Recalculo: 32 dividido por 4 são 8. Bate. Sim, bate.",32 dividido por 4 são 8.
826,Quanto é 10 por cento de 1000?,"Boa pergunta, penso rápido. Porcentagem: 1000*10/100=100. Controlo: 10 por cento de 1000 são 100. Certo. Tenho certeza.",10 por cento de 1000 são 100.
827,Quanto é 26 mais 32?,"Hmm, o que sei sobre isto? Soma: 26+32=58. Controlo: 26 mais 32 são 58. Certo. Tenho certeza.",26 mais 32 são 58.
828,Quanto é 47 menos 28?,"Um momento, vou pensar. Subtração: 47-28=19. Controlo: 47 menos 28 são 19. Certo. Tudo claro na cabeça.",47 menos 28 são 19.
829,Quanto é 11 vezes 2?,Vou ordenar isto. Multiplicação: 11*2=22. Prova: 11 vezes 2 são 22. Correto. Tudo claro na cabeça.,11 vezes 2 são 22.
830,Quanto é 40 mais 35?,"Primeiro, com calma. Soma: 40+35=75. Prova: 40 mais 35 são 75. Correto. Tudo claro na cabeça.",40 mais 35 são 75.
831,Quanto é 7 menos 4?,"Bem, vamos pensar. Subtração: 7-4=3. Recalculo: 7 menos 4 são 3. Bate. Faz sentido.",7 menos 4 são 3.
832,Quanto é 7 vezes 5?,"Primeiro, com calma. Multiplicação: 7*5=35. Recalculo: 7 vezes 5 são 35. Bate. Terminei de pensar.",7 vezes 5 são 35.
833,Quanto é 50 por cento de 400?,"Primeiro, com calma. Porcentagem: 400*50/100=200. Controlo: 50 por cento de 400 são 200. Certo. Ok, decidido.",50 por cento de 400 são 200.
834,Quanto é 8 mais 37?,"Um momento, vou pensar. Soma: 8+37=45. Recalculo: 8 mais 37 são 45. Bate. Bem, sigo.",8 mais 37 são 45.
835,Quanto é 53 menos 15?,"Hmm, o que sei sobre isto? Subtração: 53-15=38. Recalculo: 53 menos 15 são 38. Bate. Tenho certeza.",53 menos 15 são 38.
836,Quanto é 10 vezes 7?,"Primeiro, com calma. Multiplicação: 10*7=70. Recalculo: 10 vezes 7 são 70. Bate. Lógico.",10 vezes 7 são 70.
837,Quanto é 30 dividido por 6?,"Bem, vamos pensar. Divisão: 30/6=5. Recalculo: 30 dividido por 6 são 5. Bate. Ok, decidido.",30 dividido por 6 são 5.
838,Quanto é 25 por cento de 1000?,"Primeiro, com calma. Porcentagem: 1000*25/100=250. Controlo: 25 por cento de 1000 são 250. Certo. Ok, decidido.",25 por cento de 1000 são 250.
839,Quanto é 12 mais 18?,"Um momento, vou pensar. Soma: 12+18=30. Prova: 12 mais 18 são 30. Correto. Tenho certeza.",12 mais 18 são 30.
840,Quanto é 73 menos 40?,"Boa pergunta, penso rápido. Subtração: 73-40=33. Recalculo: 73 menos 40 são 33. Bate. Terminei de pensar.",73 menos 40 são 33.
841,Quanto é 10 vezes 5?,"Boa pergunta, penso rápido. Multiplicação: 10*5=50. Recalculo: 10 vezes 5 são 50. Bate. Tudo claro na cabeça.",10 vezes 5 são 50.
842,Quanto é 126 dividido por 7?,"Bem, vamos pensar. Divisão: 126/7=18. Recalculo: 126 dividido por 7 são 18. Bate. Bem, sigo.",126 dividido por 7 são 18.
843,Quanto é 25 por cento de 200?,"Vou ordenar isto. Porcentagem: 200*25/100=50. Controlo: 25 por cento de 200 são 50. Certo. Sim, bate.",25 por cento de 200 são 50.
844,Quanto é 38 mais 47?,"Bem, vamos pensar. Soma: 38+47=85. Prova: 38 mais 47 são 85. Correto. Sim, bate.",38 mais 47 são 85.
845,Quanto é 30 menos 18?,"Um momento, vou pensar. Subtração: 30-18=12. Prova: 30 menos 18 são 12. Correto. Ok, decidido.",30 menos 18 são 12.
846,O filme começa às 20:15 e dura 90 minutos. Quando termina?,"Bem, vamos pensar. 20:15 + 90 min = 21:45. Recalculo: Termina às 21:45. Bate. Lógico.",Termina às 21:45.
847,São 9h. Em 3h30 tenho consulta. Quando?,"Repasso na cabeça. 9:00 + 3:30 = 12:30. Prova: A consulta é às 12:30. Correto. Bem, sigo.",A consulta é às 12:30.
848,Um bolo assa 45 minutos. Coloco às 16:20. Quando está pronto?,"Bem, vamos pensar. 16:20 + 0:45 = 17:05. Recalculo: Está pronto às 17:05. Bate. Tenho certeza.",Está pronto às 17:05.
849,A escola começa às 8:00 e termina às 13:15. Quanto dura?,"Bem, vamos pensar. 13:15 - 8:00 = 5:15. Prova: Dura 5 horas e 15 minutos. Correto. Terminei de pensar.",Dura 5 horas e 15 minutos.
850,"Se leio 30 minutos desde as 19:00, quando termino?",Repasso na cabeça. 19:00 + 0:30 = 19:30. Prova: Você termina às 19:30. Correto. Tudo claro na cabeça.,Você termina às 19:30.
851,Como aprendo vocabulário?,"Ok, passo a passo. Sessões curtas, cartões, uso ativo. Conclusão: Melhor em sessões curtas diárias com cartões e uso ativo em frases mais repetição. Faz sentido.",Melhor em sessões curtas diárias com cartões e uso ativo em frases mais repetição.
852,aprender vocabulário - dicas?,"Vou ordenar isto. Sessões curtas, cartões, uso ativo. Logo: Melhor em sessões curtas diárias com cartões e uso ativo em frases mais repetição. Ok, decidido.",Melhor em sessões curtas diárias com cartões e uso ativo em frases mais repetição.
853,Guia rápido: aprender vocabulário.,"Ok, passo a passo. Sessões curtas, cartões, uso ativo. Conclusão: Melhor em sessões curtas diárias com cartões e uso ativo em frases mais repetição. Terminei de pensar.",Melhor em sessões curtas diárias com cartões e uso ativo em frases mais repetição.
854,Como economizo no dia a dia?,"Repasso na cabeça. Orçamento, assinaturas, cozinhar, comparar. Conclusão: Fixe um orçamento, revise assinaturas, cozinhe mais, compare preços e poupe primeiro um valor fixo. Sim, bate.","Fixe um orçamento, revise assinaturas, cozinhe mais, compare preços e poupe primeiro um valor fixo."
855,economizar - dicas?,"Ok, passo a passo. Orçamento, assinaturas, cozinhar, comparar. Conclusão: Fixe um orçamento, revise assinaturas, cozinhe mais, compare preços e poupe primeiro um valor fixo. Faz sentido.","Fixe um orçamento, revise assinaturas, cozinhe mais, compare preços e poupe primeiro um valor fixo."
856,Guia rápido: economizar.,"Repasso na cabeça. Orçamento, assinaturas, cozinhar, comparar. Resposta pois: Fixe um orçamento, revise assinaturas, cozinhe mais, compare preços e poupe primeiro um valor fixo. Lógico.","Fixe um orçamento, revise assinaturas, cozinhe mais, compare preços e poupe primeiro um valor fixo."
857,"O que cozinho com massa, tomate e queijo?","Vou ordenar isto. Massa com molho de tomate e queijo. Resposta pois: Faça massa com molho simples: tempere, cozinhe, jogue sobre a massa, polvilhe queijo. Ok, decidido.","Faça massa com molho simples: tempere, cozinhe, jogue sobre a massa, polvilhe queijo."
858,massa rápida - dicas?,"Boa pergunta, penso rápido. Massa com molho de tomate e queijo. Conclusão: Faça massa com molho simples: tempere, cozinhe, jogue sobre a massa, polvilhe queijo. Sim, bate.","Faça massa com molho simples: tempere, cozinhe, jogue sobre a massa, polvilhe queijo."
859,Guia rápido: massa rápida.,"Bem, vamos pensar. Massa com molho de tomate e queijo. Conclusão: Faça massa com molho simples: tempere, cozinhe, jogue sobre a massa, polvilhe queijo. Tudo claro na cabeça.","Faça massa com molho simples: tempere, cozinhe, jogue sobre a massa, polvilhe queijo."
860,"Voo amanhã, o que levo?","Um momento, vou pensar. Lista: documento, bilhete, dinheiro, celular, carregador. Conclusão: Leve: documento ou passaporte, bilhete, dinheiro, celular mais carregador, remédios, higiene e troca na cabine. Faz sentido.","Leve: documento ou passaporte, bilhete, dinheiro, celular mais carregador, remédios, higiene e troca na cabine."
861,mala de voo - dicas?,"Bem, vamos pensar. Lista: documento, bilhete, dinheiro, celular, carregador. Resposta pois: Leve: documento ou passaporte, bilhete, dinheiro, celular mais carregador, remédios, higiene e troca na cabine. Tenho certeza.","Leve: documento ou passaporte, bilhete, dinheiro, celular mais carregador, remédios, higiene e troca na cabine."
862,Guia rápido: mala de voo.,"Vou ordenar isto. Lista: documento, bilhete, dinheiro, celular, carregador. Logo: Leve: documento ou passaporte, bilhete, dinheiro, celular mais carregador, remédios, higiene e troca na cabine. Tenho certeza.","Leve: documento ou passaporte, bilhete, dinheiro, celular mais carregador, remédios, higiene e troca na cabine."
863,Como escrevo boas desculpas?,"Boa pergunta, penso rápido. Nomear falha, responsabilidade, reparação. Conclusão: Nomeie a falha, assuma, mostre arrependimento e ofereça reparação, curto e honesto. Ok, decidido.","Nomeie a falha, assuma, mostre arrependimento e ofereça reparação, curto e honesto."
864,desculpas - dicas?,"Primeiro, com calma. Nomear falha, responsabilidade, reparação. Conclusão: Nomeie a falha, assuma, mostre arrependimento e ofereça reparação, curto e honesto. Bem, sigo.","Nomeie a falha, assuma, mostre arrependimento e ofereça reparação, curto e honesto."
865,Guia rápido: desculpas.,"Um momento, vou pensar. Nomear falha, responsabilidade, reparação. Conclusão: Nomeie a falha, assuma, mostre arrependimento e ofereça reparação, curto e honesto. Tudo claro na cabeça.","Nomeie a falha, assuma, mostre arrependimento e ofereça reparação, curto e honesto."
866,Como planejo 3 dias de cidade?,"Boa pergunta, penso rápido. Viagem, hotel, 2-3 pontos por dia. Logo: Fixe viagem e hotel, escolha 2-3 pontos por dia, preveja margens e orçamento diário. Faz sentido.","Fixe viagem e hotel, escolha 2-3 pontos por dia, preveja margens e orçamento diário."
867,viagem urbana - dicas?,"Ok, passo a passo. Viagem, hotel, 2-3 pontos por dia. Conclusão: Fixe viagem e hotel, escolha 2-3 pontos por dia, preveja margens e orçamento diário. Lógico.","Fixe viagem e hotel, escolha 2-3 pontos por dia, preveja margens e orçamento diário."
868,Guia rápido: viagem urbana.,"Vou ordenar isto. Viagem, hotel, 2-3 pontos por dia. Logo: Fixe viagem e hotel, escolha 2-3 pontos por dia, preveja margens e orçamento diário. Sim, bate.","Fixe viagem e hotel, escolha 2-3 pontos por dia, preveja margens e orçamento diário."
869,Guarda-chuva com 80 por cento de chuva?,"Bem, vamos pensar. 80% alto, sim recomendado. Logo: Sim, leve. Com 80 por cento a chuva é muito provável. Faz sentido.","Sim, leve. Com 80 por cento a chuva é muito provável."
870,guarda-chuva - dicas?,"Um momento, vou pensar. 80% alto, sim recomendado. Logo: Sim, leve. Com 80 por cento a chuva é muito provável. Terminei de pensar.","Sim, leve. Com 80 por cento a chuva é muito provável."
871,Guia rápido: guarda-chuva.,"Vou ordenar isto. 80% alto, sim recomendado. Resposta pois: Sim, leve. Com 80 por cento a chuva é muito provável. Tudo claro na cabeça.","Sim, leve. Com 80 por cento a chuva é muito provável."
872,Melhor para notas: papel ou celular?,"Ok, passo a passo. Papel sem distração, celular buscável. Conclusão: Ambos têm vantagens: papel sem distração e bom para memorizar, celular buscável e sempre aí. Tudo claro na cabeça.","Ambos têm vantagens: papel sem distração e bom para memorizar, celular buscável e sempre aí."
873,notas papel ou celular - dicas?,"Primeiro, com calma. Papel sem distração, celular buscável. Conclusão: Ambos têm vantagens: papel sem distração e bom para memorizar, celular buscável e sempre aí. Lógico.","Ambos têm vantagens: papel sem distração e bom para memorizar, celular buscável e sempre aí."
874,Guia rápido: notas papel ou celular.,"Repasso na cabeça. Papel sem distração, celular buscável. Logo: Ambos têm vantagens: papel sem distração e bom para memorizar, celular buscável e sempre aí. Tenho certeza.","Ambos têm vantagens: papel sem distração e bom para memorizar, celular buscável e sempre aí."
875,Como arrumo meu quarto rápido?,"Hmm, o que sei sobre isto? Lixo, roupa, guardar, limpar. Logo: Primeiro lixo, depois roupa, guarde tudo no lugar e limpe no fim. Tudo claro na cabeça.","Primeiro lixo, depois roupa, guarde tudo no lugar e limpe no fim."
876,arrumar rápido - dicas?,"Hmm, o que sei sobre isto? Lixo, roupa, guardar, limpar. Logo: Primeiro lixo, depois roupa, guarde tudo no lugar e limpe no fim. Lógico.","Primeiro lixo, depois roupa, guarde tudo no lugar e limpe no fim."
877,Guia rápido: arrumar rápido.,"Primeiro, com calma. Lixo, roupa, guardar, limpar. Conclusão: Primeiro lixo, depois roupa, guarde tudo no lugar e limpe no fim. Terminei de pensar.","Primeiro lixo, depois roupa, guarde tudo no lugar e limpe no fim."
878,Como faço uma mala compacta?,"Vou ordenar isto. Enrolar, pesado embaixo, preencher. Logo: Enrole a roupa em vez de dobrar, pesado embaixo, preencha com meias. Lógico.","Enrole a roupa em vez de dobrar, pesado embaixo, preencha com meias."
879,mala compacta - dicas?,"Bem, vamos pensar. Enrolar, pesado embaixo, preencher. Resposta pois: Enrole a roupa em vez de dobrar, pesado embaixo, preencha com meias. Ok, decidido.","Enrole a roupa em vez de dobrar, pesado embaixo, preencha com meias."
880,Guia rápido: mala compacta.,"Bem, vamos pensar. Enrolar, pesado embaixo, preencher. Logo: Enrole a roupa em vez de dobrar, pesado embaixo, preencha com meias. Sim, bate.","Enrole a roupa em vez de dobrar, pesado embaixo, preencha com meias."
881,Como cozinho arroz?,"Bem, vamos pensar. Proporção 1:2, ferver 10-12 min. Conclusão: Lave o arroz, ferva com o dobro de água, deixe inchar 10-12 minutos. Lógico.","Lave o arroz, ferva com o dobro de água, deixe inchar 10-12 minutos."
882,cozer arroz - dicas?,"Bem, vamos pensar. Proporção 1:2, ferver 10-12 min. Logo: Lave o arroz, ferva com o dobro de água, deixe inchar 10-12 minutos. Faz sentido.","Lave o arroz, ferva com o dobro de água, deixe inchar 10-12 minutos."
883,Guia rápido: cozer arroz.,"Ok, passo a passo. Proporção 1:2, ferver 10-12 min. Logo: Lave o arroz, ferva com o dobro de água, deixe inchar 10-12 minutos. Tenho certeza.","Lave o arroz, ferva com o dobro de água, deixe inchar 10-12 minutos."
884,Como cozinho massa?,"Hmm, o que sei sobre isto? Água salgada, ferver 8-10 min. Conclusão: Sale muita água, ferva, cozinhe 8-10 minutos, escorra. Tenho certeza.","Sale muita água, ferva, cozinhe 8-10 minutos, escorra."
885,cozer massa - dicas?,"Hmm, o que sei sobre isto? Água salgada, ferver 8-10 min. Resposta pois: Sale muita água, ferva, cozinhe 8-10 minutos, escorra. Tenho certeza.","Sale muita água, ferva, cozinhe 8-10 minutos, escorra."
886,Guia rápido: cozer massa.,"Hmm, o que sei sobre isto? Água salgada, ferver 8-10 min. Conclusão: Sale muita água, ferva, cozinhe 8-10 minutos, escorra. Sim, bate.","Sale muita água, ferva, cozinhe 8-10 minutos, escorra."
887,Como faço panquecas?,"Hmm, o que sei sobre isto? Farinha, leite, ovo, dourar. Conclusão: Misture farinha, leite, ovo e pitada de sal, cozinhe fino até dourar. Terminei de pensar.","Misture farinha, leite, ovo e pitada de sal, cozinhe fino até dourar."
888,panquecas - dicas?,"Vou ordenar isto. Farinha, leite, ovo, dourar. Logo: Misture farinha, leite, ovo e pitada de sal, cozinhe fino até dourar. Tenho certeza.","Misture farinha, leite, ovo e pitada de sal, cozinhe fino até dourar."
889,Guia rápido: panquecas.,"Um momento, vou pensar. Farinha, leite, ovo, dourar. Logo: Misture farinha, leite, ovo e pitada de sal, cozinhe fino até dourar. Ok, decidido.","Misture farinha, leite, ovo e pitada de sal, cozinhe fino até dourar."
890,Como acordo de manhã?,"Bem, vamos pensar. Luz, água, movimento. Logo: Luz acesa, copo d'água, mova-se um pouco e tome ar. Sim, bate.","Luz acesa, copo d'água, mova-se um pouco e tome ar."
891,acordar - dicas?,"Primeiro, com calma. Luz, água, movimento. Resposta pois: Luz acesa, copo d'água, mova-se um pouco e tome ar. Faz sentido.","Luz acesa, copo d'água, mova-se um pouco e tome ar."
892,Guia rápido: acordar.,"Boa pergunta, penso rápido. Luz, água, movimento. Resposta pois: Luz acesa, copo d'água, mova-se um pouco e tome ar. Tudo claro na cabeça.","Luz acesa, copo d'água, mova-se um pouco e tome ar."
893,Como durmo mais rápido?,"Primeiro, com calma. Escuro, fresco, sem celular, rotina. Logo: Durma escuro e fresco, guarde o celular, mantenha rotina fixa. Faz sentido.","Durma escuro e fresco, guarde o celular, mantenha rotina fixa."
894,dormir - dicas?,"Um momento, vou pensar. Escuro, fresco, sem celular, rotina. Resposta pois: Durma escuro e fresco, guarde o celular, mantenha rotina fixa. Bem, sigo.","Durma escuro e fresco, guarde o celular, mantenha rotina fixa."
895,Guia rápido: dormir.,"Repasso na cabeça. Escuro, fresco, sem celular, rotina. Logo: Durma escuro e fresco, guarde o celular, mantenha rotina fixa. Tenho certeza.","Durma escuro e fresco, guarde o celular, mantenha rotina fixa."
896,Como estudo para uma prova?,"Primeiro, com calma. Blocos, recall ativo, pausas. Logo: Divida em blocos, pergunte-se ativamente, faça pausas, repita no dia seguinte. Bem, sigo.","Divida em blocos, pergunte-se ativamente, faça pausas, repita no dia seguinte."
897,estudar prova - dicas?,"Bem, vamos pensar. Blocos, recall ativo, pausas. Resposta pois: Divida em blocos, pergunte-se ativamente, faça pausas, repita no dia seguinte. Tudo claro na cabeça.","Divida em blocos, pergunte-se ativamente, faça pausas, repita no dia seguinte."
898,Guia rápido: estudar prova.,"Um momento, vou pensar. Blocos, recall ativo, pausas. Resposta pois: Divida em blocos, pergunte-se ativamente, faça pausas, repita no dia seguinte. Lógico.","Divida em blocos, pergunte-se ativamente, faça pausas, repita no dia seguinte."
899,Como escrevo uma candidatura?,"Ok, passo a passo. Carta, CV, diplomas. Resposta pois: Escreva uma carta curta mais CV em tabela e diplomas úteis. Lógico.",Escreva uma carta curta mais CV em tabela e diplomas úteis.
900,candidatura emprego - dicas?,"Boa pergunta, penso rápido. Carta, CV, diplomas. Conclusão: Escreva uma carta curta mais CV em tabela e diplomas úteis. Tudo claro na cabeça.",Escreva uma carta curta mais CV em tabela e diplomas úteis.
901,Guia rápido: candidatura emprego.,"Vou ordenar isto. Carta, CV, diplomas. Logo: Escreva uma carta curta mais CV em tabela e diplomas úteis. Bem, sigo.",Escreva uma carta curta mais CV em tabela e diplomas úteis.
902,Como acho um apê?,"Bem, vamos pensar. Orçamento, portais, papéis, visitas. Resposta pois: Fixe orçamento, busque em portais, prepare papéis, visite com perguntas. Bem, sigo.","Fixe orçamento, busque em portais, prepare papéis, visite com perguntas."
903,achar apê - dicas?,"Bem, vamos pensar. Orçamento, portais, papéis, visitas. Logo: Fixe orçamento, busque em portais, prepare papéis, visite com perguntas. Tenho certeza.","Fixe orçamento, busque em portais, prepare papéis, visite com perguntas."
904,Guia rápido: achar apê.,"Hmm, o que sei sobre isto? Orçamento, portais, papéis, visitas. Logo: Fixe orçamento, busque em portais, prepare papéis, visite com perguntas. Ok, decidido.","Fixe orçamento, busque em portais, prepare papéis, visite com perguntas."
905,Como rego as plantas?,"Bem, vamos pensar. Teste do dedo, sem encharcar. Conclusão: Teste do dedo: regue só se em cima seco, evite encharcar. Tudo claro na cabeça.","Teste do dedo: regue só se em cima seco, evite encharcar."
906,regar plantas - dicas?,"Primeiro, com calma. Teste do dedo, sem encharcar. Resposta pois: Teste do dedo: regue só se em cima seco, evite encharcar. Bem, sigo.","Teste do dedo: regue só se em cima seco, evite encharcar."
907,Guia rápido: regar plantas.,"Repasso na cabeça. Teste do dedo, sem encharcar. Conclusão: Teste do dedo: regue só se em cima seco, evite encharcar. Faz sentido.","Teste do dedo: regue só se em cima seco, evite encharcar."
908,Como organizo meu dia?,"Bem, vamos pensar. 3 prioridades, blocos, pausas. Resposta pois: Escolha 3 prioridades, planeje blocos com pausas, guarde distrações. Tenho certeza.","Escolha 3 prioridades, planeje blocos com pausas, guarde distrações."
909,organizar o dia - dicas?,"Primeiro, com calma. 3 prioridades, blocos, pausas. Logo: Escolha 3 prioridades, planeje blocos com pausas, guarde distrações. Faz sentido.","Escolha 3 prioridades, planeje blocos com pausas, guarde distrações."
910,Guia rápido: organizar o dia.,"Ok, passo a passo. 3 prioridades, blocos, pausas. Resposta pois: Escolha 3 prioridades, planeje blocos com pausas, guarde distrações. Sim, bate.","Escolha 3 prioridades, planeje blocos com pausas, guarde distrações."
911,Como começo o esporte?,"Ok, passo a passo. Pouco, 2x por semana, subir. Logo: Comece 2x por semana caminhada ou leve, suba devagar. Terminei de pensar.","Comece 2x por semana caminhada ou leve, suba devagar."
912,começar esporte - dicas?,"Ok, passo a passo. Pouco, 2x por semana, subir. Logo: Comece 2x por semana caminhada ou leve, suba devagar. Faz sentido.","Comece 2x por semana caminhada ou leve, suba devagar."
913,Guia rápido: começar esporte.,"Boa pergunta, penso rápido. Pouco, 2x por semana, subir. Logo: Comece 2x por semana caminhada ou leve, suba devagar. Ok, decidido.","Comece 2x por semana caminhada ou leve, suba devagar."
914,Como bebo água suficiente?,"Um momento, vou pensar. Garrafa pronta, lembretes. Logo: Tenha uma garrafa pronta, beba um copo a cada refeição, ponha lembretes. Tudo claro na cabeça.","Tenha uma garrafa pronta, beba um copo a cada refeição, ponha lembretes."
915,beber suficiente - dicas?,"Primeiro, com calma. Garrafa pronta, lembretes. Resposta pois: Tenha uma garrafa pronta, beba um copo a cada refeição, ponha lembretes. Tudo claro na cabeça.","Tenha uma garrafa pronta, beba um copo a cada refeição, ponha lembretes."
916,Guia rápido: beber suficiente.,"Vou ordenar isto. Garrafa pronta, lembretes. Logo: Tenha uma garrafa pronta, beba um copo a cada refeição, ponha lembretes. Terminei de pensar.","Tenha uma garrafa pronta, beba um copo a cada refeição, ponha lembretes."
917,O que é um café da manhã saudável?,"Primeiro, com calma. Aveia, fruta, iogurte. Logo: Por exemplo aveia com fruta e iogurte, ou pão integral com ovo. Lógico.","Por exemplo aveia com fruta e iogurte, ou pão integral com ovo."
918,café da manhã saudável - dicas?,"Bem, vamos pensar. Aveia, fruta, iogurte. Resposta pois: Por exemplo aveia com fruta e iogurte, ou pão integral com ovo. Faz sentido.","Por exemplo aveia com fruta e iogurte, ou pão integral com ovo."
919,Guia rápido: café da manhã saudável.,"Ok, passo a passo. Aveia, fruta, iogurte. Conclusão: Por exemplo aveia com fruta e iogurte, ou pão integral com ovo. Tenho certeza.","Por exemplo aveia com fruta e iogurte, ou pão integral com ovo."
920,O que fazer contra o estresse?,"Ok, passo a passo. Pausas, movimento, sono, falar. Logo: Pausas curtas, movimento, bastante sono e falar ajudam. Tenho certeza.","Pausas curtas, movimento, bastante sono e falar ajudam."
921,estresse - dicas?,"Vou ordenar isto. Pausas, movimento, sono, falar. Conclusão: Pausas curtas, movimento, bastante sono e falar ajudam. Lógico.","Pausas curtas, movimento, bastante sono e falar ajudam."
922,Guia rápido: estresse.,"Repasso na cabeça. Pausas, movimento, sono, falar. Conclusão: Pausas curtas, movimento, bastante sono e falar ajudam. Tudo claro na cabeça.","Pausas curtas, movimento, bastante sono e falar ajudam."
923,Como cancelo um compromisso?,"Um momento, vou pensar. Cedo, motivo curto, nova data. Logo: Cancele cedo, dê um motivo curto, proponha nova data. Tenho certeza.","Cancele cedo, dê um motivo curto, proponha nova data."
924,cancelar compromisso - dicas?,"Primeiro, com calma. Cedo, motivo curto, nova data. Conclusão: Cancele cedo, dê um motivo curto, proponha nova data. Tenho certeza.","Cancele cedo, dê um motivo curto, proponha nova data."
925,Guia rápido: cancelar compromisso.,"Boa pergunta, penso rápido. Cedo, motivo curto, nova data. Resposta pois: Cancele cedo, dê um motivo curto, proponha nova data. Bem, sigo.","Cancele cedo, dê um motivo curto, proponha nova data."
926,Como peço ajuda?,"Repasso na cabeça. Concreto: o quê, até quando, obrigado. Logo: Peça em concreto: o quê, até quando, por quê. Exemplo: Me ajuda a levar isto hoje? Obrigado! Faz sentido.","Peça em concreto: o quê, até quando, por quê. Exemplo: Me ajuda a levar isto hoje? Obrigado!"
927,pedir ajuda - dicas?,"Hmm, o que sei sobre isto? Concreto: o quê, até quando, obrigado. Logo: Peça em concreto: o quê, até quando, por quê. Exemplo: Me ajuda a levar isto hoje? Obrigado! Ok, decidido.","Peça em concreto: o quê, até quando, por quê. Exemplo: Me ajuda a levar isto hoje? Obrigado!"
928,Guia rápido: pedir ajuda.,"Um momento, vou pensar. Concreto: o quê, até quando, obrigado. Conclusão: Peça em concreto: o quê, até quando, por quê. Exemplo: Me ajuda a levar isto hoje? Obrigado! Bem, sigo.","Peça em concreto: o quê, até quando, por quê. Exemplo: Me ajuda a levar isto hoje? Obrigado!"
929,Como aprendo a dizer não?,"Boa pergunta, penso rápido. Curto, amável, alternativa. Logo: Diga não breve e amável, ofereça alternativa se puder. Faz sentido.","Diga não breve e amável, ofereça alternativa se puder."
930,dizer não - dicas?,"Hmm, o que sei sobre isto? Curto, amável, alternativa. Conclusão: Diga não breve e amável, ofereça alternativa se puder. Sim, bate.","Diga não breve e amável, ofereça alternativa se puder."
931,Guia rápido: dizer não.,"Primeiro, com calma. Curto, amável, alternativa. Resposta pois: Diga não breve e amável, ofereça alternativa se puder. Tudo claro na cabeça.","Diga não breve e amável, ofereça alternativa se puder."
932,Como poupo para férias?,"Primeiro, com calma. Meta, auto mensal. Conclusão: Fixe uma meta, poupe todo mês automaticamente, some o excedente. Bem, sigo.","Fixe uma meta, poupe todo mês automaticamente, some o excedente."
933,poupar férias - dicas?,"Primeiro, com calma. Meta, auto mensal. Resposta pois: Fixe uma meta, poupe todo mês automaticamente, some o excedente. Lógico.","Fixe uma meta, poupe todo mês automaticamente, some o excedente."
934,Guia rápido: poupar férias.,"Repasso na cabeça. Meta, auto mensal. Logo: Fixe uma meta, poupe todo mês automaticamente, some o excedente. Tudo claro na cabeça.","Fixe uma meta, poupe todo mês automaticamente, some o excedente."
935,Como reservo voos baratos?,"Hmm, o que sei sobre isto? Datas flexíveis, comparar, cedo. Conclusão: Seja flexível com datas, compare portais, reserve cedo. Lógico.","Seja flexível com datas, compare portais, reserve cedo."
936,voos baratos - dicas?,"Boa pergunta, penso rápido. Datas flexíveis, comparar, cedo. Logo: Seja flexível com datas, compare portais, reserve cedo. Terminei de pensar.","Seja flexível com datas, compare portais, reserve cedo."
937,Guia rápido: voos baratos.,"Hmm, o que sei sobre isto? Datas flexíveis, comparar, cedo. Resposta pois: Seja flexível com datas, compare portais, reserve cedo. Bem, sigo.","Seja flexível com datas, compare portais, reserve cedo."
938,Como me oriento sem internet?,"Primeiro, com calma. Mapas offline, placas, perguntar. Logo: Baixe mapas offline, siga placas, pergunte às pessoas. Tudo claro na cabeça.","Baixe mapas offline, siga placas, pergunte às pessoas."
939,orientar-se sem internet - dicas?,"Bem, vamos pensar. Mapas offline, placas, perguntar. Logo: Baixe mapas offline, siga placas, pergunte às pessoas. Tenho certeza.","Baixe mapas offline, siga placas, pergunte às pessoas."
940,Guia rápido: orientar-se sem internet.,"Bem, vamos pensar. Mapas offline, placas, perguntar. Resposta pois: Baixe mapas offline, siga placas, pergunte às pessoas. Tudo claro na cabeça.","Baixe mapas offline, siga placas, pergunte às pessoas."
941,Qual a diferença entre cão e gato como pet?,"Ok, passo a passo. Cães: passeios e educação; gatos independentes. Resposta pois: Cães pedem passeios e educação, gatos são mais independentes. Escolha por tempo e espaço. Terminei de pensar.","Cães pedem passeios e educação, gatos são mais independentes. Escolha por tempo e espaço."
942,cão ou gato - o que recomenda?,"Primeiro, com calma. Cães: passeios e educação; gatos independentes. Conclusão: Cães pedem passeios e educação, gatos são mais independentes. Escolha por tempo e espaço. Terminei de pensar.","Cães pedem passeios e educação, gatos são mais independentes. Escolha por tempo e espaço."
943,Trem ou carro para 300 km?,"Hmm, o que sei sobre isto? Trem relax e verde, carro flexível. Conclusão: O trem é relax e muitas vezes mais verde, o carro flexível com bagagem. Com trânsito, ganha o trem. Bem, sigo.","O trem é relax e muitas vezes mais verde, o carro flexível com bagagem. Com trânsito, ganha o trem."
944,trem ou carro 300 km - o que recomenda?,"Primeiro, com calma. Trem relax e verde, carro flexível. Resposta pois: O trem é relax e muitas vezes mais verde, o carro flexível com bagagem. Com trânsito, ganha o trem. Ok, decidido.","O trem é relax e muitas vezes mais verde, o carro flexível com bagagem. Com trânsito, ganha o trem."
945,Maçã ou chocolate de lanche?,"Vou ordenar isto. Maçã: vitaminas e saciedade. Resposta pois: Pegue a maçã por vitaminas e saciedade, o chocolate como exceção. Lógico.","Pegue a maçã por vitaminas e saciedade, o chocolate como exceção."
946,maçã ou chocolate - o que recomenda?,"Ok, passo a passo. Maçã: vitaminas e saciedade. Resposta pois: Pegue a maçã por vitaminas e saciedade, o chocolate como exceção. Bem, sigo.","Pegue a maçã por vitaminas e saciedade, o chocolate como exceção."
947,Notebook ou PC para jogar?,"Um momento, vou pensar. PC mais potente por preço, notebook móvel. Logo: PCs dão mais potência pelo preço, notebooks são móveis. Para o máx., escolha PC. Ok, decidido.","PCs dão mais potência pelo preço, notebooks são móveis. Para o máx., escolha PC."
948,notebook ou PC gamer - o que recomenda?,"Vou ordenar isto. PC mais potente por preço, notebook móvel. Conclusão: PCs dão mais potência pelo preço, notebooks são móveis. Para o máx., escolha PC. Faz sentido.","PCs dão mais potência pelo preço, notebooks são móveis. Para o máx., escolha PC."
949,Cidade ou campo para viver?,"Boa pergunta, penso rápido. Cidade: empregos e perto; campo: calma. Resposta pois: Cidades oferecem empregos e perto, o campo calma e espaço. Escolha por trabalho e estilo. Terminei de pensar.","Cidades oferecem empregos e perto, o campo calma e espaço. Escolha por trabalho e estilo."
950,cidade ou campo - o que recomenda?,"Hmm, o que sei sobre isto? Cidade: empregos e perto; campo: calma. Resposta pois: Cidades oferecem empregos e perto, o campo calma e espaço. Escolha por trabalho e estilo. Terminei de pensar.","Cidades oferecem empregos e perto, o campo calma e espaço. Escolha por trabalho e estilo."
951,O que importa mais: sono ou estudo?,"Repasso na cabeça. O sono fixa o aprendizado. Conclusão: O sono importa mais porque fixa o aprendizado. Estude cedo, durma bastante. Bem, sigo.","O sono importa mais porque fixa o aprendizado. Estude cedo, durma bastante."
952,sono ou estudo - o que recomenda?,"Ok, passo a passo. O sono fixa o aprendizado. Resposta pois: O sono importa mais porque fixa o aprendizado. Estude cedo, durma bastante. Sim, bate.","O sono importa mais porque fixa o aprendizado. Estude cedo, durma bastante."
953,Celular novo ou ficar com o velho?,Repasso na cabeça. Fique se basta; compre por defeito ou necessidade. Resposta pois: Fique se basta. Compre novo só por defeito ou necessidade real. Terminei de pensar.,Fique se basta. Compre novo só por defeito ou necessidade real.
954,celular novo - o que recomenda?,"Bem, vamos pensar. Fique se basta; compre por defeito ou necessidade. Resposta pois: Fique se basta. Compre novo só por defeito ou necessidade real. Tenho certeza.",Fique se basta. Compre novo só por defeito ou necessidade real.
955,O que são notícias falsas?,"Primeiro, com calma. Inventadas, como reais; verificar fonte. Resposta pois: Notícias falsas são inventadas. Verifique fonte, data e outras mídias. Tudo claro na cabeça.","Notícias falsas são inventadas. Verifique fonte, data e outras mídias."
956,notícias falsas - o que recomenda?,"Repasso na cabeça. Inventadas, como reais; verificar fonte. Conclusão: Notícias falsas são inventadas. Verifique fonte, data e outras mídias. Terminei de pensar.","Notícias falsas são inventadas. Verifique fonte, data e outras mídias."
957,Qual a diferença entre fato e opinião?,"Repasso na cabeça. Fato provável, opinião vista pessoal. Logo: Um fato é provável e verificável, uma opinião é uma vista pessoal. Lógico.","Um fato é provável e verificável, uma opinião é uma vista pessoal."
958,fato ou opinião - o que recomenda?,"Boa pergunta, penso rápido. Fato provável, opinião vista pessoal. Conclusão: Um fato é provável e verificável, uma opinião é uma vista pessoal. Terminei de pensar.","Um fato é provável e verificável, uma opinião é uma vista pessoal."
959,Bike ou bus para a escola? (5 km),"Repasso na cabeça. Bom tempo bike, chuva bus. Logo: Com bom tempo pegue a bike (uns 20 min, saudável), com chuva o bus. Lógico.","Com bom tempo pegue a bike (uns 20 min, saudável), com chuva o bus."
960,bike ou bus escola 5 km - o que recomenda?,"Bem, vamos pensar. Bom tempo bike, chuva bus. Logo: Com bom tempo pegue a bike (uns 20 min, saudável), com chuva o bus. Faz sentido.","Com bom tempo pegue a bike (uns 20 min, saudável), com chuva o bus."
961,Água ou suco para a sede?,"Vou ordenar isto. Água melhor, sem açúcar. Resposta pois: A água mata a sede melhor e não tem açúcar. Suco só diluído. Lógico.",A água mata a sede melhor e não tem açúcar. Suco só diluído.
962,água ou suco - o que recomenda?,"Vou ordenar isto. Água melhor, sem açúcar. Conclusão: A água mata a sede melhor e não tem açúcar. Suco só diluído. Terminei de pensar.",A água mata a sede melhor e não tem açúcar. Suco só diluído.
963,Café ou água de manhã?,"Um momento, vou pensar. Primeiro água, café moderado. Resposta pois: Beba primeiro água, café depois com moderação. Lógico.","Beba primeiro água, café depois com moderação."
964,café ou água manhã - o que recomenda?,"Repasso na cabeça. Primeiro água, café moderado. Logo: Beba primeiro água, café depois com moderação. Tudo claro na cabeça.","Beba primeiro água, café depois com moderação."
965,Alugar ou comprar? (geral),"Hmm, o que sei sobre isto? Flexível alugar; duradouro verificar comprar. Logo: Alugue se fica flexível; se fica muito e pode pagar, verifique comprar com todos os custos. Bem, sigo.","Alugue se fica flexível; se fica muito e pode pagar, verifique comprar com todos os custos."
966,alugar ou comprar - o que recomenda?,"Vou ordenar isto. Flexível alugar; duradouro verificar comprar. Resposta pois: Alugue se fica flexível; se fica muito e pode pagar, verifique comprar com todos os custos. Faz sentido.","Alugue se fica flexível; se fica muito e pode pagar, verifique comprar com todos os custos."
967,Levantar cedo ou tarde?,"Vou ordenar isto. Segundo deveres e sono. Logo: Escolha segundo deveres e sono: bastante sono e ritmo fixo importam. Bem, sigo.",Escolha segundo deveres e sono: bastante sono e ritmo fixo importam.
968,cedo ou tarde - o que recomenda?,"Primeiro, com calma. Segundo deveres e sono. Conclusão: Escolha segundo deveres e sono: bastante sono e ritmo fixo importam. Bem, sigo.",Escolha segundo deveres e sono: bastante sono e ritmo fixo importam.
969,Esporte todo dia?,"Repasso na cabeça. Descanso conta; 3-4x por semana basta. Resposta pois: Não, planeje descansos. 3-4 vezes por semana costuma bastar, diário só leve. Bem, sigo.","Não, planeje descansos. 3-4 vezes por semana costuma bastar, diário só leve."
970,esporte diário - o que recomenda?,"Ok, passo a passo. Descanso conta; 3-4x por semana basta. Logo: Não, planeje descansos. 3-4 vezes por semana costuma bastar, diário só leve. Tudo claro na cabeça.","Não, planeje descansos. 3-4 vezes por semana costuma bastar, diário só leve."
971,Trabalhar com febre?,"Boa pergunta, penso rápido. Não, descanso e médico. Resposta pois: Não. Descanse e vá ao médico se febre alta ou longa. Sim, bate.",Não. Descanse e vá ao médico se febre alta ou longa.
972,febre e trabalho - o que recomenda?,"Vou ordenar isto. Não, descanso e médico. Resposta pois: Não. Descanse e vá ao médico se febre alta ou longa. Lógico.",Não. Descanse e vá ao médico se febre alta ou longa.
973,Como escolho entre duas ofertas?,"Primeiro, com calma. Critérios, prós/contras, prazo. Logo: Liste critérios, pontue, revise custos e intuição, decida com prazo. Sim, bate.","Liste critérios, pontue, revise custos e intuição, decida com prazo."
974,escolher entre ofertas - o que recomenda?,"Primeiro, com calma. Critérios, prós/contras, prazo. Resposta pois: Liste critérios, pontue, revise custos e intuição, decida com prazo. Tenho certeza.","Liste critérios, pontue, revise custos e intuição, decida com prazo."
975,Como poupo 500 euros em 5 meses?,"Primeiro, com calma. 500/5=100 ao mês auto. Controlo: Poupe 100 euros ao mês automaticamente, ex. transferência após salário. Certo. Lógico.","Poupe 100 euros ao mês automaticamente, ex. transferência após salário."
976,poupar 500 em 5 meses - o que recomenda?,"Vou ordenar isto. 500/5=100 ao mês auto. Prova: Poupe 100 euros ao mês automaticamente, ex. transferência após salário. Correto. Faz sentido.","Poupe 100 euros ao mês automaticamente, ex. transferência após salário."
977,Qual a diferença entre necessidade e desejo?,"Boa pergunta, penso rápido. Necessidade vital, desejo além. Conclusão: A necessidade é vital, o desejo é uma vontade além. Terminei de pensar.","A necessidade é vital, o desejo é uma vontade além."
978,necessidade ou desejo - o que recomenda?,"Um momento, vou pensar. Necessidade vital, desejo além. Logo: A necessidade é vital, o desejo é uma vontade além. Faz sentido.","A necessidade é vital, o desejo é uma vontade além."
979,O que importa mais: dinheiro ou tempo?,"Ok, passo a passo. Tempo limitado, dinheiro substituível. Conclusão: O tempo é limitado e não volta, o dinheiro se ganha de novo. Conta o equilíbrio. Bem, sigo.","O tempo é limitado e não volta, o dinheiro se ganha de novo. Conta o equilíbrio."
980,dinheiro ou tempo - o que recomenda?,"Vou ordenar isto. Tempo limitado, dinheiro substituível. Resposta pois: O tempo é limitado e não volta, o dinheiro se ganha de novo. Conta o equilíbrio. Terminei de pensar.","O tempo é limitado e não volta, o dinheiro se ganha de novo. Conta o equilíbrio."
981,Resuma: quando você pensa e quando não?,"Hmm, o que sei sobre isto? Regra: conversa sem pensar; fatos, cálculos, explicações, decisões com pensar. Resposta pois: Não penso em saudações, obrigados e conversa. Penso em fatos, cálculos, explicações, comparações e decisões, e então mostro o pensar. Bem, sigo.","Não penso em saudações, obrigados e conversa. Penso em fatos, cálculos, explicações, comparações e decisões, e então mostro o pensar."
982,O que é tolerância?,"Um momento, vou pensar. Definir tolerância simples e correto. Logo: tolerância em breve: Tolerância aceita outras opiniões e modos de vida. Terminei de pensar.",tolerância em breve: Tolerância aceita outras opiniões e modos de vida.
983,O que é paciência?,"Ok, passo a passo. Definir paciência simples e correto. Resposta pois: paciência em breve: Paciência espera calma e persevera. Tudo claro na cabeça.",paciência em breve: Paciência espera calma e persevera.
984,O que é coragem?,"Boa pergunta, penso rápido. Definir coragem simples e correto. Resposta pois: coragem em breve: Coragem faz o certo apesar do medo. Faz sentido.",coragem em breve: Coragem faz o certo apesar do medo.
985,O que é disciplina?,"Ok, passo a passo. Definir disciplina simples e correto. Resposta pois: disciplina em breve: Disciplina persevera mesmo sem vontade. Lógico.",disciplina em breve: Disciplina persevera mesmo sem vontade.
986,O que é criatividade?,"Boa pergunta, penso rápido. Definir criatividade simples e correto. Conclusão: criatividade em breve: Criatividade acha ideias e soluções novas. Tenho certeza.",criatividade em breve: Criatividade acha ideias e soluções novas.
987,O que é trabalho em equipe?,"Bem, vamos pensar. Definir trabalho em equipe simples e correto. Resposta pois: trabalho em equipe em breve: Trabalho em equipe avança junto a uma meta. Sim, bate.",trabalho em equipe em breve: Trabalho em equipe avança junto a uma meta.
988,O que é responsabilidade?,"Hmm, o que sei sobre isto? Definir responsabilidade simples e correto. Logo: responsabilidade em breve: Responsabilidade assume atos e consequências. Tudo claro na cabeça.",responsabilidade em breve: Responsabilidade assume atos e consequências.
989,O que é confiança?,"Bem, vamos pensar. Definir confiança simples e correto. Logo: confiança em breve: Confiança permite contar com outros. Bem, sigo.",confiança em breve: Confiança permite contar com outros.
990,O que é cortesia?,"Boa pergunta, penso rápido. Definir cortesia simples e correto. Conclusão: cortesia em breve: Cortesia é respeitosa e amável. Lógico.",cortesia em breve: Cortesia é respeitosa e amável.
991,O que é pontualidade?,"Hmm, o que sei sobre isto? Definir pontualidade simples e correto. Resposta pois: pontualidade em breve: Pontualidade respeita as horas combinadas. Tudo claro na cabeça.",pontualidade em breve: Pontualidade respeita as horas combinadas.
992,O que é confiabilidade?,"Bem, vamos pensar. Definir confiabilidade simples e correto. Resposta pois: confiabilidade em breve: Confiabilidade cumpre promessas. Faz sentido.",confiabilidade em breve: Confiabilidade cumpre promessas.
993,O que é saúde?,"Hmm, o que sei sobre isto? Definir saúde simples e correto. Conclusão: saúde em breve: Saúde é bem-estar físico e mental. Terminei de pensar.",saúde em breve: Saúde é bem-estar físico e mental.
994,O que é felicidade?,"Bem, vamos pensar. Definir felicidade simples e correto. Resposta pois: felicidade em breve: Felicidade é satisfação e momentos alegres. Tudo claro na cabeça.",felicidade em breve: Felicidade é satisfação e momentos alegres.
995,O que é sucesso?,"Hmm, o que sei sobre isto? Definir sucesso simples e correto. Resposta pois: sucesso em breve: Sucesso alcança as metas fixadas. Bem, sigo.",sucesso em breve: Sucesso alcança as metas fixadas.
996,O que é aprendizado?,"Primeiro, com calma. Definir aprendizado simples e correto. Resposta pois: aprendizado em breve: Aprendizado adquire saber e habilidades. Ok, decidido.",aprendizado em breve: Aprendizado adquire saber e habilidades.
997,O que é saber?,"Um momento, vou pensar. Definir saber simples e correto. Conclusão: saber em breve: Saber é informação entendida sobre o mundo. Bem, sigo.",saber em breve: Saber é informação entendida sobre o mundo.
998,O que é experiência?,"Um momento, vou pensar. Definir experiência simples e correto. Resposta pois: experiência em breve: Experiência é saber do vivido. Terminei de pensar.",experiência em breve: Experiência é saber do vivido.
999,O que é humor?,"Um momento, vou pensar. Definir humor simples e correto. Logo: humor em breve: Humor sabe rir do engraçado. Bem, sigo.",humor em breve: Humor sabe rir do engraçado.
1000,O que é amor?,Repasso na cabeça. Definir amor simples e correto. Conclusão: amor em breve: Amor é afeto profundo e cuidado. Tudo claro na cabeça.,amor em breve: Amor é afeto profundo e cuidado.
